[2026-08-19T13:52:47.138Z INFO  gresse::http_server] running CRDT HTTP server
[2026-08-19T13:52:47.138Z INFO  gresse::http_server] listening for HTTP on 0.0.0.0:18080
[2026-08-19T13:52:47.168Z INFO  gresse::replica] replica 178714744544926856 initiating runtime at bind_http=0.0.0.0:18080 bind_internal=0.0.0.0:19080 advertised_internal=13.193.126.237:19080
[2026-08-19T13:52:47.930Z INFO  gresse::object_storage] object storage connection established: backend=s3, bucket=gresse-geo-035351467464-20260819104151-566c04, region=eu-north-1, endpoint=AWS default endpoint resolution, first_operation=get, object_path=acm-sec-geo-churn-smoke-20260819T135045Z-25226496/persistent.json
[2026-08-19T13:52:48.245Z INFO  gresse::replica] replica 178714744544926856 discovered 26 membership descriptors during init
[2026-08-19T13:52:48.245Z INFO  gresse::network] replica 178714744544926856 discovered network member NetworkMember { pid: 178714744544926831, address: 16.170.40.83:19080, final_counter: None }
[2026-08-19T13:52:48.245Z INFO  gresse::network] replica 178714744544926856 discovered network member NetworkMember { pid: 178714744544926832, address: 16.170.40.83:19081, final_counter: None }
[2026-08-19T13:52:48.245Z INFO  gresse::network] replica 178714744544926856 discovered network member NetworkMember { pid: 178714744544926833, address: 16.170.40.83:19082, final_counter: None }
[2026-08-19T13:52:48.245Z INFO  gresse::network] replica 178714744544926856 discovered network member NetworkMember { pid: 178714744544926834, address: 16.170.40.83:19083, final_counter: None }
[2026-08-19T13:52:48.245Z INFO  gresse::network] replica 178714744544926856 discovered network member NetworkMember { pid: 178714744544926835, address: 16.170.40.83:19084, final_counter: None }
[2026-08-19T13:52:48.245Z INFO  gresse::network] replica 178714744544926856 discovered network member NetworkMember { pid: 178714744544926836, address: 63.186.69.1:19080, final_counter: None }
[2026-08-19T13:52:48.245Z INFO  gresse::network] replica 178714744544926856 discovered network member NetworkMember { pid: 178714744544926837, address: 63.186.69.1:19081, final_counter: None }
[2026-08-19T13:52:48.245Z INFO  gresse::network] replica 178714744544926856 discovered network member NetworkMember { pid: 178714744544926838, address: 63.186.69.1:19082, final_counter: None }
[2026-08-19T13:52:48.245Z INFO  gresse::network] replica 178714744544926856 discovered network member NetworkMember { pid: 178714744544926839, address: 63.186.69.1:19083, final_counter: None }
[2026-08-19T13:52:48.245Z INFO  gresse::network] replica 178714744544926856 discovered network member NetworkMember { pid: 178714744544926840, address: 63.186.69.1:19084, final_counter: None }
[2026-08-19T13:52:48.245Z INFO  gresse::network] replica 178714744544926856 discovered network member NetworkMember { pid: 178714744544926841, address: 13.219.225.164:19080, final_counter: None }
[2026-08-19T13:52:48.245Z INFO  gresse::network] replica 178714744544926856 discovered network member NetworkMember { pid: 178714744544926842, address: 13.219.225.164:19081, final_counter: None }
[2026-08-19T13:52:48.245Z INFO  gresse::network] replica 178714744544926856 discovered network member NetworkMember { pid: 178714744544926843, address: 13.219.225.164:19082, final_counter: None }
[2026-08-19T13:52:48.245Z INFO  gresse::network] replica 178714744544926856 discovered network member NetworkMember { pid: 178714744544926844, address: 13.219.225.164:19083, final_counter: None }
[2026-08-19T13:52:48.245Z INFO  gresse::network] replica 178714744544926856 discovered network member NetworkMember { pid: 178714744544926845, address: 13.219.225.164:19084, final_counter: None }
[2026-08-19T13:52:48.245Z INFO  gresse::network] replica 178714744544926856 discovered network member NetworkMember { pid: 178714744544926846, address: 54.184.138.82:19080, final_counter: None }
[2026-08-19T13:52:48.245Z INFO  gresse::network] replica 178714744544926856 discovered network member NetworkMember { pid: 178714744544926847, address: 54.184.138.82:19081, final_counter: None }
[2026-08-19T13:52:48.245Z INFO  gresse::network] replica 178714744544926856 discovered network member NetworkMember { pid: 178714744544926848, address: 54.184.138.82:19082, final_counter: None }
[2026-08-19T13:52:48.245Z INFO  gresse::network] replica 178714744544926856 discovered network member NetworkMember { pid: 178714744544926849, address: 54.184.138.82:19083, final_counter: None }
[2026-08-19T13:52:48.245Z INFO  gresse::network] replica 178714744544926856 discovered network member NetworkMember { pid: 178714744544926850, address: 54.184.138.82:19084, final_counter: None }
[2026-08-19T13:52:48.245Z INFO  gresse::network] replica 178714744544926856 discovered network member NetworkMember { pid: 178714744544926851, address: 47.129.167.193:19080, final_counter: None }
[2026-08-19T13:52:48.245Z INFO  gresse::network] replica 178714744544926856 discovered network member NetworkMember { pid: 178714744544926852, address: 47.129.167.193:19081, final_counter: None }
[2026-08-19T13:52:48.245Z INFO  gresse::network] replica 178714744544926856 discovered network member NetworkMember { pid: 178714744544926853, address: 47.129.167.193:19082, final_counter: None }
[2026-08-19T13:52:48.245Z INFO  gresse::network] replica 178714744544926856 discovered network member NetworkMember { pid: 178714744544926854, address: 47.129.167.193:19083, final_counter: None }
[2026-08-19T13:52:48.245Z INFO  gresse::network] replica 178714744544926856 discovered network member NetworkMember { pid: 178714744544926855, address: 47.129.167.193:19084, final_counter: None }
[2026-08-19T13:52:48.248Z INFO  gresse::replica] replica 178714744544926856 startup completed
[2026-08-19T13:52:48.264Z INFO  gresse::network] replica 178714744544926856 registered bidirectional network channel for replica 178714744544926832
[2026-08-19T13:52:48.264Z INFO  gresse::replica] replica 178714744544926856 established peer replication connection with replica 178714744544926832
[2026-08-19T13:52:48.367Z INFO  gresse::network] replica 178714744544926856 registered bidirectional network channel for replica 178714744544926843
[2026-08-19T13:52:48.367Z INFO  gresse::replica] replica 178714744544926856 established peer replication connection with replica 178714744544926843
[2026-08-19T13:52:48.380Z INFO  gresse::replica] replica 178714744544926856 established peer replication connection with replica 178714744544926854
[2026-08-19T13:52:48.380Z INFO  gresse::network] replica 178714744544926856 registered bidirectional network channel for replica 178714744544926854
[2026-08-19T13:52:48.381Z INFO  gresse::network] replica 178714744544926856 registered bidirectional network channel for replica 178714744544926855
[2026-08-19T13:52:48.381Z INFO  gresse::replica] replica 178714744544926856 established peer replication connection with replica 178714744544926855
[2026-08-19T13:52:48.382Z INFO  gresse::network] replica 178714744544926856 registered bidirectional network channel for replica 178714744544926852
[2026-08-19T13:52:48.382Z INFO  gresse::replica] replica 178714744544926856 established peer replication connection with replica 178714744544926852
[2026-08-19T13:52:48.382Z INFO  gresse::network] replica 178714744544926856 registered bidirectional network channel for replica 178714744544926851
[2026-08-19T13:52:48.382Z INFO  gresse::replica] replica 178714744544926856 established peer replication connection with replica 178714744544926851
[2026-08-19T13:52:48.385Z INFO  gresse::network] replica 178714744544926856 registered bidirectional network channel for replica 178714744544926853
[2026-08-19T13:52:48.385Z INFO  gresse::replica] replica 178714744544926856 established peer replication connection with replica 178714744544926853
[2026-08-19T13:52:48.439Z INFO  gresse::replica] replica 178714744544926856 established peer replication connection with replica 178714744544926847
[2026-08-19T13:52:48.439Z INFO  gresse::network] replica 178714744544926856 registered bidirectional network channel for replica 178714744544926847
[2026-08-19T13:52:48.439Z INFO  gresse::network] replica 178714744544926856 registered bidirectional network channel for replica 178714744544926849
[2026-08-19T13:52:48.440Z INFO  gresse::network] replica 178714744544926856 registered bidirectional network channel for replica 178714744544926848
[2026-08-19T13:52:48.440Z INFO  gresse::replica] replica 178714744544926856 established peer replication connection with replica 178714744544926849
[2026-08-19T13:52:48.440Z INFO  gresse::replica] replica 178714744544926856 established peer replication connection with replica 178714744544926848
[2026-08-19T13:52:48.440Z INFO  gresse::network] replica 178714744544926856 registered bidirectional network channel for replica 178714744544926850
[2026-08-19T13:52:48.440Z INFO  gresse::replica] replica 178714744544926856 established peer replication connection with replica 178714744544926850
[2026-08-19T13:52:48.440Z INFO  gresse::network] replica 178714744544926856 registered bidirectional network channel for replica 178714744544926846
[2026-08-19T13:52:48.440Z INFO  gresse::replica] replica 178714744544926856 established peer replication connection with replica 178714744544926846
[2026-08-19T13:52:48.537Z INFO  gresse::network] replica 178714744544926856 registered bidirectional network channel for replica 178714744544926841
[2026-08-19T13:52:48.537Z INFO  gresse::replica] replica 178714744544926856 established peer replication connection with replica 178714744544926841
[2026-08-19T13:52:48.539Z INFO  gresse::network] replica 178714744544926856 registered bidirectional network channel for replica 178714744544926842
[2026-08-19T13:52:48.539Z INFO  gresse::replica] replica 178714744544926856 established peer replication connection with replica 178714744544926842
[2026-08-19T13:52:48.541Z INFO  gresse::network] replica 178714744544926856 registered bidirectional network channel for replica 178714744544926844
[2026-08-19T13:52:48.541Z INFO  gresse::replica] replica 178714744544926856 established peer replication connection with replica 178714744544926844
[2026-08-19T13:52:48.542Z INFO  gresse::network] replica 178714744544926856 registered bidirectional network channel for replica 178714744544926845
[2026-08-19T13:52:48.542Z INFO  gresse::replica] replica 178714744544926856 established peer replication connection with replica 178714744544926845
[2026-08-19T13:52:48.693Z INFO  gresse::network] replica 178714744544926856 registered bidirectional network channel for replica 178714744544926836
[2026-08-19T13:52:48.693Z INFO  gresse::replica] replica 178714744544926856 established peer replication connection with replica 178714744544926836
[2026-08-19T13:52:48.694Z INFO  gresse::replica] replica 178714744544926856 established peer replication connection with replica 178714744544926839
[2026-08-19T13:52:48.694Z INFO  gresse::network] replica 178714744544926856 registered bidirectional network channel for replica 178714744544926839
[2026-08-19T13:52:48.714Z INFO  gresse::network] replica 178714744544926856 registered bidirectional network channel for replica 178714744544926837
[2026-08-19T13:52:48.714Z INFO  gresse::replica] replica 178714744544926856 established peer replication connection with replica 178714744544926837
[2026-08-19T13:52:48.719Z INFO  gresse::network] replica 178714744544926856 registered bidirectional network channel for replica 178714744544926840
[2026-08-19T13:52:48.719Z INFO  gresse::replica] replica 178714744544926856 established peer replication connection with replica 178714744544926840
[2026-08-19T13:52:48.719Z INFO  gresse::network] replica 178714744544926856 registered bidirectional network channel for replica 178714744544926838
[2026-08-19T13:52:48.719Z INFO  gresse::replica] replica 178714744544926856 established peer replication connection with replica 178714744544926838
[2026-08-19T13:52:48.729Z INFO  gresse::network] replica 178714744544926856 registered bidirectional network channel for replica 178714744544926834
[2026-08-19T13:52:48.729Z INFO  gresse::replica] replica 178714744544926856 established peer replication connection with replica 178714744544926834
[2026-08-19T13:52:48.732Z INFO  gresse::network] replica 178714744544926856 registered bidirectional network channel for replica 178714744544926831
[2026-08-19T13:52:48.732Z INFO  gresse::replica] replica 178714744544926856 established peer replication connection with replica 178714744544926831
[2026-08-19T13:52:48.732Z INFO  gresse::network] replica 178714744544926856 registered bidirectional network channel for replica 178714744544926835
[2026-08-19T13:52:48.732Z INFO  gresse::replica] replica 178714744544926856 established peer replication connection with replica 178714744544926835
[2026-08-19T13:52:48.733Z INFO  gresse::network] replica 178714744544926856 registered bidirectional network channel for replica 178714744544926833
[2026-08-19T13:52:48.733Z INFO  gresse::replica] replica 178714744544926856 established peer replication connection with replica 178714744544926833
[2026-08-19T13:52:56.320Z INFO  gresse::network] replica 178714744544926856 registered bidirectional network channel for replica 178714744544926857
[2026-08-19T13:52:56.320Z INFO  gresse::replica] replica 178714744544926856 established peer replication connection with replica 178714744544926857
[2026-08-19T13:53:04.752Z INFO  gresse::network] replica 178714744544926856 registered bidirectional network channel for replica 178714744544926858
[2026-08-19T13:53:04.752Z INFO  gresse::replica] replica 178714744544926856 established peer replication connection with replica 178714744544926858
[2026-08-19T13:53:13.013Z INFO  gresse::network] replica 178714744544926856 registered bidirectional network channel for replica 178714744544926859
[2026-08-19T13:53:13.013Z INFO  gresse::replica] replica 178714744544926856 established peer replication connection with replica 178714744544926859
[2026-08-19T13:53:21.294Z INFO  gresse::network] replica 178714744544926856 registered bidirectional network channel for replica 178714744544926860
[2026-08-19T13:53:21.294Z INFO  gresse::replica] replica 178714744544926856 established peer replication connection with replica 178714744544926860
[2026-08-19T13:55:25.813Z INFO  gresse::network] replica 178714744544926856 registered bidirectional network channel for replica 178714744544926861
[2026-08-19T13:55:25.813Z INFO  gresse::replica] replica 178714744544926856 established peer replication connection with replica 178714744544926861
[2026-08-19T13:55:27.428Z INFO  gresse::network] replica 178714744544926856 registered bidirectional network channel for replica 178714744544926862
[2026-08-19T13:55:27.428Z INFO  gresse::replica] replica 178714744544926856 established peer replication connection with replica 178714744544926862
[2026-08-19T13:56:12.431Z INFO  gresse::replica] replica 178714744544926856 observed shutdown descriptor for replica 178714744544926837 with final counter Some(2)
[2026-08-19T13:56:17.435Z INFO  gresse::replica] replica 178714744544926856 observed shutdown descriptor for replica 178714744544926837 with final counter Some(2)
[2026-08-19T13:56:17.697Z INFO  gresse::replica] replica 178714744544926856 observed shutdown descriptor for replica 178714744544926849 with final counter Some(1)
[2026-08-19T13:56:22.436Z INFO  gresse::replica] replica 178714744544926856 observed shutdown descriptor for replica 178714744544926837 with final counter Some(2)
[2026-08-19T13:56:22.700Z INFO  gresse::replica] replica 178714744544926856 observed shutdown descriptor for replica 178714744544926849 with final counter Some(1)
[2026-08-19T13:56:27.431Z INFO  gresse::replica] replica 178714744544926856 observed shutdown descriptor for replica 178714744544926837 with final counter Some(2)
[2026-08-19T13:56:27.696Z INFO  gresse::replica] replica 178714744544926856 observed shutdown descriptor for replica 178714744544926849 with final counter Some(1)
[2026-08-19T13:56:32.435Z INFO  gresse::replica] replica 178714744544926856 observed shutdown descriptor for replica 178714744544926837 with final counter Some(2)
[2026-08-19T13:56:32.701Z INFO  gresse::replica] replica 178714744544926856 observed shutdown descriptor for replica 178714744544926849 with final counter Some(1)
[2026-08-19T13:56:37.431Z INFO  gresse::replica] replica 178714744544926856 observed shutdown descriptor for replica 178714744544926837 with final counter Some(2)
[2026-08-19T13:56:37.699Z INFO  gresse::replica] replica 178714744544926856 observed shutdown descriptor for replica 178714744544926849 with final counter Some(1)
[2026-08-19T13:56:42.435Z INFO  gresse::replica] replica 178714744544926856 observed shutdown descriptor for replica 178714744544926837 with final counter Some(2)
[2026-08-19T13:56:42.704Z INFO  gresse::replica] replica 178714744544926856 observed shutdown descriptor for replica 178714744544926849 with final counter Some(1)
[2026-08-19T13:56:47.430Z INFO  gresse::replica] replica 178714744544926856 observed shutdown descriptor for replica 178714744544926837 with final counter Some(2)
[2026-08-19T13:56:47.698Z INFO  gresse::replica] replica 178714744544926856 observed shutdown descriptor for replica 178714744544926849 with final counter Some(1)
[2026-08-19T13:56:52.434Z INFO  gresse::replica] replica 178714744544926856 observed shutdown descriptor for replica 178714744544926837 with final counter Some(2)
[2026-08-19T13:56:52.699Z INFO  gresse::replica] replica 178714744544926856 observed shutdown descriptor for replica 178714744544926849 with final counter Some(1)
[2026-08-19T13:56:56.079Z INFO  gresse::network] replica 178714744544926856 registered bidirectional network channel for replica 178714744544926863
[2026-08-19T13:56:56.079Z INFO  gresse::replica] replica 178714744544926856 established peer replication connection with replica 178714744544926863
[2026-08-19T13:56:57.426Z INFO  gresse::replica] replica 178714744544926856 observed shutdown descriptor for replica 178714744544926837 with final counter Some(2)
[2026-08-19T13:56:57.694Z INFO  gresse::replica] replica 178714744544926856 observed shutdown descriptor for replica 178714744544926849 with final counter Some(1)
[2026-08-19T13:56:58.362Z INFO  gresse::network] replica 178714744544926856 registered bidirectional network channel for replica 178714744544926864
[2026-08-19T13:56:58.362Z INFO  gresse::replica] replica 178714744544926856 established peer replication connection with replica 178714744544926864
[2026-08-19T13:57:02.436Z INFO  gresse::replica] replica 178714744544926856 observed shutdown descriptor for replica 178714744544926837 with final counter Some(2)
[2026-08-19T13:57:02.713Z INFO  gresse::replica] replica 178714744544926856 observed shutdown descriptor for replica 178714744544926849 with final counter Some(1)
[2026-08-19T13:57:07.435Z INFO  gresse::replica] replica 178714744544926856 observed shutdown descriptor for replica 178714744544926837 with final counter Some(2)
[2026-08-19T13:57:07.701Z INFO  gresse::replica] replica 178714744544926856 observed shutdown descriptor for replica 178714744544926849 with final counter Some(1)
[2026-08-19T13:57:12.435Z INFO  gresse::replica] replica 178714744544926856 observed shutdown descriptor for replica 178714744544926837 with final counter Some(2)
[2026-08-19T13:57:12.699Z INFO  gresse::replica] replica 178714744544926856 observed shutdown descriptor for replica 178714744544926849 with final counter Some(1)
[2026-08-19T13:57:17.433Z INFO  gresse::replica] replica 178714744544926856 observed shutdown descriptor for replica 178714744544926837 with final counter Some(2)
[2026-08-19T13:57:17.703Z INFO  gresse::replica] replica 178714744544926856 observed shutdown descriptor for replica 178714744544926849 with final counter Some(1)
[2026-08-19T13:57:22.435Z INFO  gresse::replica] replica 178714744544926856 observed shutdown descriptor for replica 178714744544926837 with final counter Some(2)
[2026-08-19T13:57:22.702Z INFO  gresse::replica] replica 178714744544926856 observed shutdown descriptor for replica 178714744544926849 with final counter Some(1)
[2026-08-19T13:57:27.433Z INFO  gresse::replica] replica 178714744544926856 observed shutdown descriptor for replica 178714744544926837 with final counter Some(2)
[2026-08-19T13:57:27.698Z INFO  gresse::replica] replica 178714744544926856 observed shutdown descriptor for replica 178714744544926849 with final counter Some(1)
[2026-08-19T13:57:32.432Z INFO  gresse::replica] replica 178714744544926856 observed shutdown descriptor for replica 178714744544926837 with final counter Some(2)
[2026-08-19T13:57:32.698Z INFO  gresse::replica] replica 178714744544926856 observed shutdown descriptor for replica 178714744544926849 with final counter Some(1)
[2026-08-19T13:57:37.430Z INFO  gresse::replica] replica 178714744544926856 observed shutdown descriptor for replica 178714744544926837 with final counter Some(2)
[2026-08-19T13:57:37.698Z INFO  gresse::replica] replica 178714744544926856 observed shutdown descriptor for replica 178714744544926849 with final counter Some(1)
[2026-08-19T13:57:42.425Z INFO  gresse::replica] replica 178714744544926856 observed shutdown descriptor for replica 178714744544926837 with final counter Some(2)
[2026-08-19T13:57:42.692Z INFO  gresse::replica] replica 178714744544926856 observed shutdown descriptor for replica 178714744544926849 with final counter Some(1)
[2026-08-19T13:57:47.431Z INFO  gresse::replica] replica 178714744544926856 observed shutdown descriptor for replica 178714744544926837 with final counter Some(2)
[2026-08-19T13:57:47.696Z INFO  gresse::replica] replica 178714744544926856 observed shutdown descriptor for replica 178714744544926849 with final counter Some(1)
[2026-08-19T13:57:52.434Z INFO  gresse::replica] replica 178714744544926856 observed shutdown descriptor for replica 178714744544926837 with final counter Some(2)
[2026-08-19T13:57:52.701Z INFO  gresse::replica] replica 178714744544926856 observed shutdown descriptor for replica 178714744544926849 with final counter Some(1)
[2026-08-19T13:57:57.426Z INFO  gresse::replica] replica 178714744544926856 observed shutdown descriptor for replica 178714744544926837 with final counter Some(2)
[2026-08-19T13:57:57.691Z INFO  gresse::replica] replica 178714744544926856 observed shutdown descriptor for replica 178714744544926849 with final counter Some(1)
[2026-08-19T13:58:02.708Z INFO  gresse::replica] replica 178714744544926856 observed shutdown descriptor for replica 178714744544926837 with final counter Some(2)
[2026-08-19T13:58:02.991Z INFO  gresse::replica] replica 178714744544926856 observed shutdown descriptor for replica 178714744544926849 with final counter Some(1)
[2026-08-19T13:58:07.455Z INFO  gresse::replica] replica 178714744544926856 observed shutdown descriptor for replica 178714744544926837 with final counter Some(2)
[2026-08-19T13:58:07.733Z INFO  gresse::replica] replica 178714744544926856 observed shutdown descriptor for replica 178714744544926849 with final counter Some(1)
[2026-08-19T13:58:12.452Z INFO  gresse::replica] replica 178714744544926856 observed shutdown descriptor for replica 178714744544926837 with final counter Some(2)
[2026-08-19T13:58:12.732Z INFO  gresse::replica] replica 178714744544926856 observed shutdown descriptor for replica 178714744544926849 with final counter Some(1)
[2026-08-19T13:58:17.448Z INFO  gresse::replica] replica 178714744544926856 observed shutdown descriptor for replica 178714744544926837 with final counter Some(2)
[2026-08-19T13:58:17.724Z INFO  gresse::replica] replica 178714744544926856 observed shutdown descriptor for replica 178714744544926849 with final counter Some(1)
[2026-08-19T13:58:22.452Z INFO  gresse::replica] replica 178714744544926856 observed shutdown descriptor for replica 178714744544926837 with final counter Some(2)
[2026-08-19T13:58:22.731Z INFO  gresse::replica] replica 178714744544926856 observed shutdown descriptor for replica 178714744544926849 with final counter Some(1)
[2026-08-19T13:58:27.450Z INFO  gresse::replica] replica 178714744544926856 observed shutdown descriptor for replica 178714744544926837 with final counter Some(2)
[2026-08-19T13:58:27.729Z INFO  gresse::replica] replica 178714744544926856 observed shutdown descriptor for replica 178714744544926849 with final counter Some(1)
[2026-08-19T13:58:32.453Z INFO  gresse::replica] replica 178714744544926856 observed shutdown descriptor for replica 178714744544926837 with final counter Some(2)
[2026-08-19T13:58:32.731Z INFO  gresse::replica] replica 178714744544926856 observed shutdown descriptor for replica 178714744544926849 with final counter Some(1)
[2026-08-19T13:58:37.448Z INFO  gresse::replica] replica 178714744544926856 observed shutdown descriptor for replica 178714744544926837 with final counter Some(2)
[2026-08-19T13:58:37.727Z INFO  gresse::replica] replica 178714744544926856 observed shutdown descriptor for replica 178714744544926849 with final counter Some(1)
[2026-08-19T13:58:42.452Z INFO  gresse::replica] replica 178714744544926856 observed shutdown descriptor for replica 178714744544926837 with final counter Some(2)
[2026-08-19T13:58:42.728Z INFO  gresse::replica] replica 178714744544926856 observed shutdown descriptor for replica 178714744544926849 with final counter Some(1)
[2026-08-19T13:58:47.447Z INFO  gresse::replica] replica 178714744544926856 observed shutdown descriptor for replica 178714744544926837 with final counter Some(2)
[2026-08-19T13:58:47.729Z INFO  gresse::replica] replica 178714744544926856 observed shutdown descriptor for replica 178714744544926849 with final counter Some(1)
[2026-08-19T13:58:52.452Z INFO  gresse::replica] replica 178714744544926856 observed shutdown descriptor for replica 178714744544926837 with final counter Some(2)
[2026-08-19T13:58:52.729Z INFO  gresse::replica] replica 178714744544926856 observed shutdown descriptor for replica 178714744544926849 with final counter Some(1)
[2026-08-19T13:58:57.451Z INFO  gresse::replica] replica 178714744544926856 observed shutdown descriptor for replica 178714744544926837 with final counter Some(2)
[2026-08-19T13:58:57.733Z INFO  gresse::replica] replica 178714744544926856 observed shutdown descriptor for replica 178714744544926849 with final counter Some(1)
[2026-08-19T13:59:02.471Z INFO  gresse::replica] replica 178714744544926856 observed shutdown descriptor for replica 178714744544926837 with final counter Some(2)
[2026-08-19T13:59:02.756Z INFO  gresse::replica] replica 178714744544926856 observed shutdown descriptor for replica 178714744544926849 with final counter Some(1)
[2026-08-19T13:59:07.708Z INFO  gresse::replica] replica 178714744544926856 observed shutdown descriptor for replica 178714744544926837 with final counter Some(2)
[2026-08-19T13:59:07.987Z INFO  gresse::replica] replica 178714744544926856 observed shutdown descriptor for replica 178714744544926849 with final counter Some(1)
[2026-08-19T13:59:12.454Z INFO  gresse::replica] replica 178714744544926856 observed shutdown descriptor for replica 178714744544926837 with final counter Some(2)
[2026-08-19T13:59:12.732Z INFO  gresse::replica] replica 178714744544926856 observed shutdown descriptor for replica 178714744544926849 with final counter Some(1)
[2026-08-19T13:59:17.451Z INFO  gresse::replica] replica 178714744544926856 observed shutdown descriptor for replica 178714744544926837 with final counter Some(2)
[2026-08-19T13:59:17.727Z INFO  gresse::replica] replica 178714744544926856 observed shutdown descriptor for replica 178714744544926849 with final counter Some(1)
[2026-08-19T13:59:22.445Z INFO  gresse::replica] replica 178714744544926856 observed shutdown descriptor for replica 178714744544926837 with final counter Some(2)
[2026-08-19T13:59:22.726Z INFO  gresse::replica] replica 178714744544926856 observed shutdown descriptor for replica 178714744544926849 with final counter Some(1)
[2026-08-19T13:59:27.451Z INFO  gresse::replica] replica 178714744544926856 observed shutdown descriptor for replica 178714744544926837 with final counter Some(2)
[2026-08-19T13:59:27.732Z INFO  gresse::replica] replica 178714744544926856 observed shutdown descriptor for replica 178714744544926849 with final counter Some(1)
[2026-08-19T13:59:32.455Z INFO  gresse::replica] replica 178714744544926856 observed shutdown descriptor for replica 178714744544926837 with final counter Some(2)
[2026-08-19T13:59:32.735Z INFO  gresse::replica] replica 178714744544926856 observed shutdown descriptor for replica 178714744544926849 with final counter Some(1)
[2026-08-19T13:59:37.452Z INFO  gresse::replica] replica 178714744544926856 observed shutdown descriptor for replica 178714744544926837 with final counter Some(2)
[2026-08-19T13:59:37.731Z INFO  gresse::replica] replica 178714744544926856 observed shutdown descriptor for replica 178714744544926849 with final counter Some(1)
[2026-08-19T13:59:42.458Z INFO  gresse::replica] replica 178714744544926856 observed shutdown descriptor for replica 178714744544926837 with final counter Some(2)
[2026-08-19T13:59:42.741Z INFO  gresse::replica] replica 178714744544926856 observed shutdown descriptor for replica 178714744544926849 with final counter Some(1)
[2026-08-19T13:59:47.451Z INFO  gresse::replica] replica 178714744544926856 observed shutdown descriptor for replica 178714744544926837 with final counter Some(2)
[2026-08-19T13:59:47.727Z INFO  gresse::replica] replica 178714744544926856 observed shutdown descriptor for replica 178714744544926849 with final counter Some(1)
[2026-08-19T13:59:52.455Z INFO  gresse::replica] replica 178714744544926856 observed shutdown descriptor for replica 178714744544926837 with final counter Some(2)
[2026-08-19T13:59:52.735Z INFO  gresse::replica] replica 178714744544926856 observed shutdown descriptor for replica 178714744544926849 with final counter Some(1)
[2026-08-19T13:59:57.458Z INFO  gresse::replica] replica 178714744544926856 observed shutdown descriptor for replica 178714744544926837 with final counter Some(2)
[2026-08-19T13:59:57.736Z INFO  gresse::replica] replica 178714744544926856 observed shutdown descriptor for replica 178714744544926849 with final counter Some(1)
[2026-08-19T14:00:02.466Z INFO  gresse::replica] replica 178714744544926856 observed shutdown descriptor for replica 178714744544926837 with final counter Some(2)
[2026-08-19T14:00:02.755Z INFO  gresse::replica] replica 178714744544926856 observed shutdown descriptor for replica 178714744544926849 with final counter Some(1)
[2026-08-19T14:00:07.707Z INFO  gresse::replica] replica 178714744544926856 observed shutdown descriptor for replica 178714744544926832 with final counter Some(5)
[2026-08-19T14:00:07.977Z INFO  gresse::replica] replica 178714744544926856 observed shutdown descriptor for replica 178714744544926833 with final counter Some(4)
[2026-08-19T14:00:08.244Z INFO  gresse::replica] replica 178714744544926856 observed shutdown descriptor for replica 178714744544926837 with final counter Some(2)
[2026-08-19T14:00:08.513Z INFO  gresse::replica] replica 178714744544926856 observed shutdown descriptor for replica 178714744544926849 with final counter Some(1)
[2026-08-19T14:00:08.779Z INFO  gresse::replica] replica 178714744544926856 observed shutdown descriptor for replica 178714744544926861 with final counter Some(3)
[2026-08-19T14:00:12.443Z INFO  gresse::replica] replica 178714744544926856 observed shutdown descriptor for replica 178714744544926832 with final counter Some(5)
[2026-08-19T14:00:12.706Z INFO  gresse::replica] replica 178714744544926856 observed shutdown descriptor for replica 178714744544926833 with final counter Some(4)
[2026-08-19T14:00:12.974Z INFO  gresse::replica] replica 178714744544926856 observed shutdown descriptor for replica 178714744544926834 with final counter Some(4)
[2026-08-19T14:00:13.241Z INFO  gresse::replica] replica 178714744544926856 observed shutdown descriptor for replica 178714744544926835 with final counter Some(4)
[2026-08-19T14:00:13.508Z INFO  gresse::replica] replica 178714744544926856 observed shutdown descriptor for replica 178714744544926836 with final counter Some(4)
[2026-08-19T14:00:13.775Z INFO  gresse::replica] replica 178714744544926856 observed shutdown descriptor for replica 178714744544926837 with final counter Some(2)
[2026-08-19T14:00:14.041Z INFO  gresse::replica] replica 178714744544926856 observed shutdown descriptor for replica 178714744544926849 with final counter Some(1)
[2026-08-19T14:00:14.308Z INFO  gresse::replica] replica 178714744544926856 observed shutdown descriptor for replica 178714744544926861 with final counter Some(3)
[2026-08-19T14:00:14.576Z INFO  gresse::replica] replica 178714744544926856 observed shutdown descriptor for replica 178714744544926863 with final counter Some(1)
[2026-08-19T14:00:17.438Z INFO  gresse::replica] replica 178714744544926856 observed shutdown descriptor for replica 178714744544926832 with final counter Some(5)
[2026-08-19T14:00:17.705Z INFO  gresse::replica] replica 178714744544926856 observed shutdown descriptor for replica 178714744544926833 with final counter Some(4)
[2026-08-19T14:00:17.969Z INFO  gresse::replica] replica 178714744544926856 observed shutdown descriptor for replica 178714744544926834 with final counter Some(4)
[2026-08-19T14:00:18.237Z INFO  gresse::replica] replica 178714744544926856 observed shutdown descriptor for replica 178714744544926835 with final counter Some(4)
[2026-08-19T14:00:18.505Z INFO  gresse::replica] replica 178714744544926856 observed shutdown descriptor for replica 178714744544926836 with final counter Some(4)
[2026-08-19T14:00:18.769Z INFO  gresse::replica] replica 178714744544926856 observed shutdown descriptor for replica 178714744544926837 with final counter Some(2)
[2026-08-19T14:00:19.038Z INFO  gresse::replica] replica 178714744544926856 observed shutdown descriptor for replica 178714744544926838 with final counter Some(4)
[2026-08-19T14:00:19.305Z INFO  gresse::replica] replica 178714744544926856 observed shutdown descriptor for replica 178714744544926839 with final counter Some(4)
[2026-08-19T14:00:19.574Z INFO  gresse::replica] replica 178714744544926856 observed shutdown descriptor for replica 178714744544926840 with final counter Some(4)
[2026-08-19T14:00:19.841Z INFO  gresse::replica] replica 178714744544926856 observed shutdown descriptor for replica 178714744544926849 with final counter Some(1)
[2026-08-19T14:00:20.108Z INFO  gresse::replica] replica 178714744544926856 observed shutdown descriptor for replica 178714744544926861 with final counter Some(3)
[2026-08-19T14:00:20.377Z INFO  gresse::replica] replica 178714744544926856 observed shutdown descriptor for replica 178714744544926863 with final counter Some(1)
[2026-08-19T14:00:22.437Z INFO  gresse::replica] replica 178714744544926856 observed shutdown descriptor for replica 178714744544926832 with final counter Some(5)
[2026-08-19T14:00:22.706Z INFO  gresse::replica] replica 178714744544926856 observed shutdown descriptor for replica 178714744544926833 with final counter Some(4)
[2026-08-19T14:00:22.971Z INFO  gresse::replica] replica 178714744544926856 observed shutdown descriptor for replica 178714744544926834 with final counter Some(4)
[2026-08-19T14:00:23.238Z INFO  gresse::replica] replica 178714744544926856 observed shutdown descriptor for replica 178714744544926835 with final counter Some(4)
[2026-08-19T14:00:23.504Z INFO  gresse::replica] replica 178714744544926856 observed shutdown descriptor for replica 178714744544926836 with final counter Some(4)
[2026-08-19T14:00:23.773Z INFO  gresse::replica] replica 178714744544926856 observed shutdown descriptor for replica 178714744544926837 with final counter Some(2)
[2026-08-19T14:00:24.035Z INFO  gresse::replica] replica 178714744544926856 observed shutdown descriptor for replica 178714744544926838 with final counter Some(4)
[2026-08-19T14:00:24.297Z INFO  gresse::replica] replica 178714744544926856 observed shutdown descriptor for replica 178714744544926839 with final counter Some(4)
[2026-08-19T14:00:24.561Z INFO  gresse::replica] replica 178714744544926856 observed shutdown descriptor for replica 178714744544926840 with final counter Some(4)
[2026-08-19T14:00:24.826Z INFO  gresse::replica] replica 178714744544926856 observed shutdown descriptor for replica 178714744544926841 with final counter Some(4)
[2026-08-19T14:00:25.094Z INFO  gresse::replica] replica 178714744544926856 observed shutdown descriptor for replica 178714744544926849 with final counter Some(1)
[2026-08-19T14:00:25.361Z INFO  gresse::replica] replica 178714744544926856 observed shutdown descriptor for replica 178714744544926861 with final counter Some(3)
[2026-08-19T14:00:25.627Z INFO  gresse::replica] replica 178714744544926856 observed shutdown descriptor for replica 178714744544926863 with final counter Some(1)
[2026-08-19T14:00:27.441Z INFO  gresse::replica] replica 178714744544926856 observed shutdown descriptor for replica 178714744544926832 with final counter Some(5)
[2026-08-19T14:00:27.703Z INFO  gresse::replica] replica 178714744544926856 observed shutdown descriptor for replica 178714744544926833 with final counter Some(4)
[2026-08-19T14:00:27.969Z INFO  gresse::replica] replica 178714744544926856 observed shutdown descriptor for replica 178714744544926834 with final counter Some(4)
[2026-08-19T14:00:28.233Z INFO  gresse::replica] replica 178714744544926856 observed shutdown descriptor for replica 178714744544926835 with final counter Some(4)
[2026-08-19T14:00:28.501Z INFO  gresse::replica] replica 178714744544926856 observed shutdown descriptor for replica 178714744544926836 with final counter Some(4)
[2026-08-19T14:00:28.766Z INFO  gresse::replica] replica 178714744544926856 observed shutdown descriptor for replica 178714744544926837 with final counter Some(2)
[2026-08-19T14:00:29.030Z INFO  gresse::replica] replica 178714744544926856 observed shutdown descriptor for replica 178714744544926838 with final counter Some(4)
[2026-08-19T14:00:29.299Z INFO  gresse::replica] replica 178714744544926856 observed shutdown descriptor for replica 178714744544926839 with final counter Some(4)
[2026-08-19T14:00:29.569Z INFO  gresse::replica] replica 178714744544926856 observed shutdown descriptor for replica 178714744544926840 with final counter Some(4)
[2026-08-19T14:00:29.836Z INFO  gresse::replica] replica 178714744544926856 observed shutdown descriptor for replica 178714744544926841 with final counter Some(4)
[2026-08-19T14:00:30.105Z INFO  gresse::replica] replica 178714744544926856 observed shutdown descriptor for replica 178714744544926842 with final counter Some(4)
[2026-08-19T14:00:30.374Z INFO  gresse::replica] replica 178714744544926856 observed shutdown descriptor for replica 178714744544926849 with final counter Some(1)
[2026-08-19T14:00:30.641Z INFO  gresse::replica] replica 178714744544926856 observed shutdown descriptor for replica 178714744544926861 with final counter Some(3)
[2026-08-19T14:00:30.911Z INFO  gresse::replica] replica 178714744544926856 observed shutdown descriptor for replica 178714744544926863 with final counter Some(1)
[2026-08-19T14:00:32.437Z INFO  gresse::replica] replica 178714744544926856 observed shutdown descriptor for replica 178714744544926832 with final counter Some(5)
[2026-08-19T14:00:32.703Z INFO  gresse::replica] replica 178714744544926856 observed shutdown descriptor for replica 178714744544926833 with final counter Some(4)
[2026-08-19T14:00:32.969Z INFO  gresse::replica] replica 178714744544926856 observed shutdown descriptor for replica 178714744544926834 with final counter Some(4)
[2026-08-19T14:00:33.233Z INFO  gresse::replica] replica 178714744544926856 observed shutdown descriptor for replica 178714744544926835 with final counter Some(4)
[2026-08-19T14:00:33.501Z INFO  gresse::replica] replica 178714744544926856 observed shutdown descriptor for replica 178714744544926836 with final counter Some(4)
[2026-08-19T14:00:33.768Z INFO  gresse::replica] replica 178714744544926856 observed shutdown descriptor for replica 178714744544926837 with final counter Some(2)
[2026-08-19T14:00:34.034Z INFO  gresse::replica] replica 178714744544926856 observed shutdown descriptor for replica 178714744544926838 with final counter Some(4)
[2026-08-19T14:00:34.304Z INFO  gresse::replica] replica 178714744544926856 observed shutdown descriptor for replica 178714744544926839 with final counter Some(4)
[2026-08-19T14:00:34.574Z INFO  gresse::replica] replica 178714744544926856 observed shutdown descriptor for replica 178714744544926840 with final counter Some(4)
[2026-08-19T14:00:34.841Z INFO  gresse::replica] replica 178714744544926856 observed shutdown descriptor for replica 178714744544926841 with final counter Some(4)
[2026-08-19T14:00:35.106Z INFO  gresse::replica] replica 178714744544926856 observed shutdown descriptor for replica 178714744544926842 with final counter Some(4)
[2026-08-19T14:00:35.374Z INFO  gresse::replica] replica 178714744544926856 observed shutdown descriptor for replica 178714744544926849 with final counter Some(1)
[2026-08-19T14:00:35.639Z INFO  gresse::replica] replica 178714744544926856 observed shutdown descriptor for replica 178714744544926861 with final counter Some(3)
[2026-08-19T14:00:35.905Z INFO  gresse::replica] replica 178714744544926856 observed shutdown descriptor for replica 178714744544926862 with final counter Some(2)
[2026-08-19T14:00:36.172Z INFO  gresse::replica] replica 178714744544926856 observed shutdown descriptor for replica 178714744544926863 with final counter Some(1)
[2026-08-19T14:00:37.441Z INFO  gresse::replica] replica 178714744544926856 observed shutdown descriptor for replica 178714744544926832 with final counter Some(5)
[2026-08-19T14:00:37.706Z INFO  gresse::replica] replica 178714744544926856 observed shutdown descriptor for replica 178714744544926833 with final counter Some(4)
[2026-08-19T14:00:37.976Z INFO  gresse::replica] replica 178714744544926856 observed shutdown descriptor for replica 178714744544926834 with final counter Some(4)
[2026-08-19T14:00:38.243Z INFO  gresse::replica] replica 178714744544926856 observed shutdown descriptor for replica 178714744544926835 with final counter Some(4)
[2026-08-19T14:00:38.509Z INFO  gresse::replica] replica 178714744544926856 observed shutdown descriptor for replica 178714744544926836 with final counter Some(4)
[2026-08-19T14:00:38.777Z INFO  gresse::replica] replica 178714744544926856 observed shutdown descriptor for replica 178714744544926837 with final counter Some(2)
[2026-08-19T14:00:39.046Z INFO  gresse::replica] replica 178714744544926856 observed shutdown descriptor for replica 178714744544926838 with final counter Some(4)
[2026-08-19T14:00:39.312Z INFO  gresse::replica] replica 178714744544926856 observed shutdown descriptor for replica 178714744544926839 with final counter Some(4)
[2026-08-19T14:00:39.578Z INFO  gresse::replica] replica 178714744544926856 observed shutdown descriptor for replica 178714744544926840 with final counter Some(4)
[2026-08-19T14:00:39.846Z INFO  gresse::replica] replica 178714744544926856 observed shutdown descriptor for replica 178714744544926841 with final counter Some(4)
[2026-08-19T14:00:40.111Z INFO  gresse::replica] replica 178714744544926856 observed shutdown descriptor for replica 178714744544926842 with final counter Some(4)
[2026-08-19T14:00:40.381Z INFO  gresse::replica] replica 178714744544926856 observed shutdown descriptor for replica 178714744544926844 with final counter Some(4)
[2026-08-19T14:00:40.646Z INFO  gresse::replica] replica 178714744544926856 observed shutdown descriptor for replica 178714744544926849 with final counter Some(1)
[2026-08-19T14:00:40.916Z INFO  gresse::replica] replica 178714744544926856 observed shutdown descriptor for replica 178714744544926861 with final counter Some(3)
[2026-08-19T14:00:41.181Z INFO  gresse::replica] replica 178714744544926856 observed shutdown descriptor for replica 178714744544926862 with final counter Some(2)
[2026-08-19T14:00:41.443Z INFO  gresse::replica] replica 178714744544926856 observed shutdown descriptor for replica 178714744544926863 with final counter Some(1)
[2026-08-19T14:00:42.444Z INFO  gresse::replica] replica 178714744544926856 observed shutdown descriptor for replica 178714744544926832 with final counter Some(5)
[2026-08-19T14:00:42.712Z INFO  gresse::replica] replica 178714744544926856 observed shutdown descriptor for replica 178714744544926833 with final counter Some(4)
[2026-08-19T14:00:42.978Z INFO  gresse::replica] replica 178714744544926856 observed shutdown descriptor for replica 178714744544926834 with final counter Some(4)
[2026-08-19T14:00:43.246Z INFO  gresse::replica] replica 178714744544926856 observed shutdown descriptor for replica 178714744544926835 with final counter Some(4)
[2026-08-19T14:00:43.513Z INFO  gresse::replica] replica 178714744544926856 observed shutdown descriptor for replica 178714744544926836 with final counter Some(4)
[2026-08-19T14:00:43.780Z INFO  gresse::replica] replica 178714744544926856 observed shutdown descriptor for replica 178714744544926837 with final counter Some(2)
[2026-08-19T14:00:44.044Z INFO  gresse::replica] replica 178714744544926856 observed shutdown descriptor for replica 178714744544926838 with final counter Some(4)
[2026-08-19T14:00:44.802Z INFO  gresse::replica] replica 178714744544926856 observed shutdown descriptor for replica 178714744544926839 with final counter Some(4)
[2026-08-19T14:00:45.068Z INFO  gresse::replica] replica 178714744544926856 observed shutdown descriptor for replica 178714744544926840 with final counter Some(4)
[2026-08-19T14:00:45.333Z INFO  gresse::replica] replica 178714744544926856 observed shutdown descriptor for replica 178714744544926841 with final counter Some(4)
[2026-08-19T14:00:45.599Z INFO  gresse::replica] replica 178714744544926856 observed shutdown descriptor for replica 178714744544926842 with final counter Some(4)
[2026-08-19T14:00:45.869Z INFO  gresse::replica] replica 178714744544926856 observed shutdown descriptor for replica 178714744544926844 with final counter Some(4)
[2026-08-19T14:00:46.137Z INFO  gresse::replica] replica 178714744544926856 observed shutdown descriptor for replica 178714744544926845 with final counter Some(4)
[2026-08-19T14:00:46.402Z INFO  gresse::replica] replica 178714744544926856 observed shutdown descriptor for replica 178714744544926849 with final counter Some(1)
[2026-08-19T14:00:46.667Z INFO  gresse::replica] replica 178714744544926856 observed shutdown descriptor for replica 178714744544926861 with final counter Some(3)
[2026-08-19T14:00:46.936Z INFO  gresse::replica] replica 178714744544926856 observed shutdown descriptor for replica 178714744544926862 with final counter Some(2)
[2026-08-19T14:00:47.204Z INFO  gresse::replica] replica 178714744544926856 observed shutdown descriptor for replica 178714744544926863 with final counter Some(1)
[2026-08-19T14:00:47.997Z INFO  gresse::replica] replica 178714744544926856 observed shutdown descriptor for replica 178714744544926832 with final counter Some(5)
[2026-08-19T14:00:48.263Z INFO  gresse::replica] replica 178714744544926856 observed shutdown descriptor for replica 178714744544926833 with final counter Some(4)
[2026-08-19T14:00:48.534Z INFO  gresse::replica] replica 178714744544926856 observed shutdown descriptor for replica 178714744544926834 with final counter Some(4)
[2026-08-19T14:00:48.803Z INFO  gresse::replica] replica 178714744544926856 observed shutdown descriptor for replica 178714744544926835 with final counter Some(4)
[2026-08-19T14:00:49.073Z INFO  gresse::replica] replica 178714744544926856 observed shutdown descriptor for replica 178714744544926836 with final counter Some(4)
[2026-08-19T14:00:49.338Z INFO  gresse::replica] replica 178714744544926856 observed shutdown descriptor for replica 178714744544926837 with final counter Some(2)
[2026-08-19T14:00:49.603Z INFO  gresse::replica] replica 178714744544926856 observed shutdown descriptor for replica 178714744544926838 with final counter Some(4)
[2026-08-19T14:00:49.871Z INFO  gresse::replica] replica 178714744544926856 observed shutdown descriptor for replica 178714744544926839 with final counter Some(4)
[2026-08-19T14:00:50.139Z INFO  gresse::replica] replica 178714744544926856 observed shutdown descriptor for replica 178714744544926840 with final counter Some(4)
[2026-08-19T14:00:50.409Z INFO  gresse::replica] replica 178714744544926856 observed shutdown descriptor for replica 178714744544926841 with final counter Some(4)
[2026-08-19T14:00:50.678Z INFO  gresse::replica] replica 178714744544926856 observed shutdown descriptor for replica 178714744544926842 with final counter Some(4)
[2026-08-19T14:00:50.946Z INFO  gresse::replica] replica 178714744544926856 observed shutdown descriptor for replica 178714744544926844 with final counter Some(4)
[2026-08-19T14:00:51.210Z INFO  gresse::replica] replica 178714744544926856 observed shutdown descriptor for replica 178714744544926845 with final counter Some(4)
[2026-08-19T14:00:51.475Z INFO  gresse::replica] replica 178714744544926856 observed shutdown descriptor for replica 178714744544926846 with final counter Some(4)
[2026-08-19T14:00:51.744Z INFO  gresse::replica] replica 178714744544926856 observed shutdown descriptor for replica 178714744544926849 with final counter Some(1)
[2026-08-19T14:00:52.010Z INFO  gresse::replica] replica 178714744544926856 observed shutdown descriptor for replica 178714744544926861 with final counter Some(3)
[2026-08-19T14:00:52.280Z INFO  gresse::replica] replica 178714744544926856 observed shutdown descriptor for replica 178714744544926862 with final counter Some(2)
[2026-08-19T14:00:52.550Z INFO  gresse::replica] replica 178714744544926856 observed shutdown descriptor for replica 178714744544926863 with final counter Some(1)
[2026-08-19T14:00:53.090Z INFO  gresse::replica] replica 178714744544926856 observed shutdown descriptor for replica 178714744544926832 with final counter Some(5)
[2026-08-19T14:00:53.360Z INFO  gresse::replica] replica 178714744544926856 observed shutdown descriptor for replica 178714744544926833 with final counter Some(4)
[2026-08-19T14:00:53.625Z INFO  gresse::replica] replica 178714744544926856 observed shutdown descriptor for replica 178714744544926834 with final counter Some(4)
[2026-08-19T14:00:53.896Z INFO  gresse::replica] replica 178714744544926856 observed shutdown descriptor for replica 178714744544926835 with final counter Some(4)
[2026-08-19T14:00:54.168Z INFO  gresse::replica] replica 178714744544926856 observed shutdown descriptor for replica 178714744544926836 with final counter Some(4)
[2026-08-19T14:00:54.437Z INFO  gresse::replica] replica 178714744544926856 observed shutdown descriptor for replica 178714744544926837 with final counter Some(2)
[2026-08-19T14:00:54.703Z INFO  gresse::replica] replica 178714744544926856 observed shutdown descriptor for replica 178714744544926838 with final counter Some(4)
[2026-08-19T14:00:54.973Z INFO  gresse::replica] replica 178714744544926856 observed shutdown descriptor for replica 178714744544926839 with final counter Some(4)
[2026-08-19T14:00:55.241Z INFO  gresse::replica] replica 178714744544926856 observed shutdown descriptor for replica 178714744544926840 with final counter Some(4)
[2026-08-19T14:00:55.510Z INFO  gresse::replica] replica 178714744544926856 observed shutdown descriptor for replica 178714744544926841 with final counter Some(4)
[2026-08-19T14:00:55.781Z INFO  gresse::replica] replica 178714744544926856 observed shutdown descriptor for replica 178714744544926842 with final counter Some(4)
[2026-08-19T14:00:56.051Z INFO  gresse::replica] replica 178714744544926856 observed shutdown descriptor for replica 178714744544926844 with final counter Some(4)
[2026-08-19T14:00:56.317Z INFO  gresse::replica] replica 178714744544926856 observed shutdown descriptor for replica 178714744544926845 with final counter Some(4)
[2026-08-19T14:00:56.583Z INFO  gresse::replica] replica 178714744544926856 observed shutdown descriptor for replica 178714744544926846 with final counter Some(4)
[2026-08-19T14:00:56.849Z INFO  gresse::replica] replica 178714744544926856 observed shutdown descriptor for replica 178714744544926849 with final counter Some(1)
[2026-08-19T14:00:57.117Z INFO  gresse::replica] replica 178714744544926856 observed shutdown descriptor for replica 178714744544926861 with final counter Some(3)
[2026-08-19T14:00:57.387Z INFO  gresse::replica] replica 178714744544926856 observed shutdown descriptor for replica 178714744544926862 with final counter Some(2)
[2026-08-19T14:00:57.650Z INFO  gresse::replica] replica 178714744544926856 observed shutdown descriptor for replica 178714744544926863 with final counter Some(1)
[2026-08-19T14:00:58.190Z INFO  gresse::replica] replica 178714744544926856 observed shutdown descriptor for replica 178714744544926832 with final counter Some(5)
[2026-08-19T14:00:58.455Z INFO  gresse::replica] replica 178714744544926856 observed shutdown descriptor for replica 178714744544926833 with final counter Some(4)
[2026-08-19T14:00:58.723Z INFO  gresse::replica] replica 178714744544926856 observed shutdown descriptor for replica 178714744544926834 with final counter Some(4)
[2026-08-19T14:00:58.990Z INFO  gresse::replica] replica 178714744544926856 observed shutdown descriptor for replica 178714744544926835 with final counter Some(4)
[2026-08-19T14:00:59.259Z INFO  gresse::replica] replica 178714744544926856 observed shutdown descriptor for replica 178714744544926836 with final counter Some(4)
[2026-08-19T14:00:59.523Z INFO  gresse::replica] replica 178714744544926856 observed shutdown descriptor for replica 178714744544926837 with final counter Some(2)
[2026-08-19T14:00:59.789Z INFO  gresse::replica] replica 178714744544926856 observed shutdown descriptor for replica 178714744544926838 with final counter Some(4)
[2026-08-19T14:01:00.060Z INFO  gresse::replica] replica 178714744544926856 observed shutdown descriptor for replica 178714744544926839 with final counter Some(4)
[2026-08-19T14:01:00.330Z INFO  gresse::replica] replica 178714744544926856 observed shutdown descriptor for replica 178714744544926840 with final counter Some(4)
[2026-08-19T14:01:00.598Z INFO  gresse::replica] replica 178714744544926856 observed shutdown descriptor for replica 178714744544926841 with final counter Some(4)
[2026-08-19T14:01:00.865Z INFO  gresse::replica] replica 178714744544926856 observed shutdown descriptor for replica 178714744544926842 with final counter Some(4)
[2026-08-19T14:01:01.133Z INFO  gresse::replica] replica 178714744544926856 observed shutdown descriptor for replica 178714744544926844 with final counter Some(4)
[2026-08-19T14:01:01.416Z INFO  gresse::replica] replica 178714744544926856 observed shutdown descriptor for replica 178714744544926845 with final counter Some(4)
[2026-08-19T14:01:01.685Z INFO  gresse::replica] replica 178714744544926856 observed shutdown descriptor for replica 178714744544926846 with final counter Some(4)
[2026-08-19T14:01:01.956Z INFO  gresse::replica] replica 178714744544926856 observed shutdown descriptor for replica 178714744544926847 with final counter Some(4)
[2026-08-19T14:01:02.228Z INFO  gresse::replica] replica 178714744544926856 observed shutdown descriptor for replica 178714744544926849 with final counter Some(1)
[2026-08-19T14:01:02.493Z INFO  gresse::replica] replica 178714744544926856 observed shutdown descriptor for replica 178714744544926861 with final counter Some(3)
[2026-08-19T14:01:02.763Z INFO  gresse::replica] replica 178714744544926856 observed shutdown descriptor for replica 178714744544926862 with final counter Some(2)
[2026-08-19T14:01:03.033Z INFO  gresse::replica] replica 178714744544926856 observed shutdown descriptor for replica 178714744544926863 with final counter Some(1)
[2026-08-19T14:01:03.578Z INFO  gresse::replica] replica 178714744544926856 observed shutdown descriptor for replica 178714744544926832 with final counter Some(5)
[2026-08-19T14:01:03.846Z INFO  gresse::replica] replica 178714744544926856 observed shutdown descriptor for replica 178714744544926833 with final counter Some(4)
[2026-08-19T14:01:04.115Z INFO  gresse::replica] replica 178714744544926856 observed shutdown descriptor for replica 178714744544926834 with final counter Some(4)
[2026-08-19T14:01:04.385Z INFO  gresse::replica] replica 178714744544926856 observed shutdown descriptor for replica 178714744544926835 with final counter Some(4)
[2026-08-19T14:01:04.650Z INFO  gresse::replica] replica 178714744544926856 observed shutdown descriptor for replica 178714744544926836 with final counter Some(4)
[2026-08-19T14:01:04.915Z INFO  gresse::replica] replica 178714744544926856 observed shutdown descriptor for replica 178714744544926837 with final counter Some(2)
[2026-08-19T14:01:05.179Z INFO  gresse::replica] replica 178714744544926856 observed shutdown descriptor for replica 178714744544926838 with final counter Some(4)
[2026-08-19T14:01:05.448Z INFO  gresse::replica] replica 178714744544926856 observed shutdown descriptor for replica 178714744544926839 with final counter Some(4)
[2026-08-19T14:01:05.712Z INFO  gresse::replica] replica 178714744544926856 observed shutdown descriptor for replica 178714744544926840 with final counter Some(4)
[2026-08-19T14:01:05.979Z INFO  gresse::replica] replica 178714744544926856 observed shutdown descriptor for replica 178714744544926841 with final counter Some(4)
[2026-08-19T14:01:06.250Z INFO  gresse::replica] replica 178714744544926856 observed shutdown descriptor for replica 178714744544926842 with final counter Some(4)
[2026-08-19T14:01:06.516Z INFO  gresse::replica] replica 178714744544926856 observed shutdown descriptor for replica 178714744544926844 with final counter Some(4)
[2026-08-19T14:01:06.786Z INFO  gresse::replica] replica 178714744544926856 observed shutdown descriptor for replica 178714744544926845 with final counter Some(4)
[2026-08-19T14:01:07.051Z INFO  gresse::replica] replica 178714744544926856 observed shutdown descriptor for replica 178714744544926846 with final counter Some(4)
[2026-08-19T14:01:07.324Z INFO  gresse::replica] replica 178714744544926856 observed shutdown descriptor for replica 178714744544926847 with final counter Some(4)
[2026-08-19T14:01:07.589Z INFO  gresse::replica] replica 178714744544926856 observed shutdown descriptor for replica 178714744544926849 with final counter Some(1)
[2026-08-19T14:01:07.857Z INFO  gresse::replica] replica 178714744544926856 observed shutdown descriptor for replica 178714744544926861 with final counter Some(3)
[2026-08-19T14:01:08.123Z INFO  gresse::replica] replica 178714744544926856 observed shutdown descriptor for replica 178714744544926862 with final counter Some(2)
[2026-08-19T14:01:08.390Z INFO  gresse::replica] replica 178714744544926856 observed shutdown descriptor for replica 178714744544926863 with final counter Some(1)
[2026-08-19T14:01:08.937Z INFO  gresse::replica] replica 178714744544926856 observed shutdown descriptor for replica 178714744544926832 with final counter Some(5)
[2026-08-19T14:01:09.204Z INFO  gresse::replica] replica 178714744544926856 observed shutdown descriptor for replica 178714744544926833 with final counter Some(4)
[2026-08-19T14:01:09.468Z INFO  gresse::replica] replica 178714744544926856 observed shutdown descriptor for replica 178714744544926834 with final counter Some(4)
[2026-08-19T14:01:09.735Z INFO  gresse::replica] replica 178714744544926856 observed shutdown descriptor for replica 178714744544926835 with final counter Some(4)
[2026-08-19T14:01:10.000Z INFO  gresse::replica] replica 178714744544926856 observed shutdown descriptor for replica 178714744544926836 with final counter Some(4)
[2026-08-19T14:01:10.270Z INFO  gresse::replica] replica 178714744544926856 observed shutdown descriptor for replica 178714744544926837 with final counter Some(2)
[2026-08-19T14:01:10.539Z INFO  gresse::replica] replica 178714744544926856 observed shutdown descriptor for replica 178714744544926838 with final counter Some(4)
[2026-08-19T14:01:10.809Z INFO  gresse::replica] replica 178714744544926856 observed shutdown descriptor for replica 178714744544926839 with final counter Some(4)
[2026-08-19T14:01:11.075Z INFO  gresse::replica] replica 178714744544926856 observed shutdown descriptor for replica 178714744544926840 with final counter Some(4)
[2026-08-19T14:01:11.342Z INFO  gresse::replica] replica 178714744544926856 observed shutdown descriptor for replica 178714744544926841 with final counter Some(4)
[2026-08-19T14:01:11.611Z INFO  gresse::replica] replica 178714744544926856 observed shutdown descriptor for replica 178714744544926842 with final counter Some(4)
[2026-08-19T14:01:11.879Z INFO  gresse::replica] replica 178714744544926856 observed shutdown descriptor for replica 178714744544926844 with final counter Some(4)
[2026-08-19T14:01:12.149Z INFO  gresse::replica] replica 178714744544926856 observed shutdown descriptor for replica 178714744544926845 with final counter Some(4)
[2026-08-19T14:01:12.413Z INFO  gresse::replica] replica 178714744544926856 observed shutdown descriptor for replica 178714744544926846 with final counter Some(4)
[2026-08-19T14:01:12.681Z INFO  gresse::replica] replica 178714744544926856 observed shutdown descriptor for replica 178714744544926847 with final counter Some(4)
[2026-08-19T14:01:12.949Z INFO  gresse::replica] replica 178714744544926856 observed shutdown descriptor for replica 178714744544926848 with final counter Some(4)
[2026-08-19T14:01:13.238Z INFO  gresse::replica] replica 178714744544926856 observed shutdown descriptor for replica 178714744544926849 with final counter Some(1)
[2026-08-19T14:01:13.503Z INFO  gresse::replica] replica 178714744544926856 observed shutdown descriptor for replica 178714744544926861 with final counter Some(3)
[2026-08-19T14:01:13.770Z INFO  gresse::replica] replica 178714744544926856 observed shutdown descriptor for replica 178714744544926862 with final counter Some(2)
[2026-08-19T14:01:14.041Z INFO  gresse::replica] replica 178714744544926856 observed shutdown descriptor for replica 178714744544926863 with final counter Some(1)
[2026-08-19T14:01:14.823Z INFO  gresse::replica] replica 178714744544926856 observed shutdown descriptor for replica 178714744544926832 with final counter Some(5)
[2026-08-19T14:01:15.093Z INFO  gresse::replica] replica 178714744544926856 observed shutdown descriptor for replica 178714744544926833 with final counter Some(4)
[2026-08-19T14:01:15.358Z INFO  gresse::replica] replica 178714744544926856 observed shutdown descriptor for replica 178714744544926834 with final counter Some(4)
[2026-08-19T14:01:15.624Z INFO  gresse::replica] replica 178714744544926856 observed shutdown descriptor for replica 178714744544926835 with final counter Some(4)
[2026-08-19T14:01:15.895Z INFO  gresse::replica] replica 178714744544926856 observed shutdown descriptor for replica 178714744544926836 with final counter Some(4)
[2026-08-19T14:01:16.163Z INFO  gresse::replica] replica 178714744544926856 observed shutdown descriptor for replica 178714744544926837 with final counter Some(2)
[2026-08-19T14:01:16.430Z INFO  gresse::replica] replica 178714744544926856 observed shutdown descriptor for replica 178714744544926838 with final counter Some(4)
[2026-08-19T14:01:16.695Z INFO  gresse::replica] replica 178714744544926856 observed shutdown descriptor for replica 178714744544926839 with final counter Some(4)
[2026-08-19T14:01:16.962Z INFO  gresse::replica] replica 178714744544926856 observed shutdown descriptor for replica 178714744544926840 with final counter Some(4)
[2026-08-19T14:01:17.229Z INFO  gresse::replica] replica 178714744544926856 observed shutdown descriptor for replica 178714744544926841 with final counter Some(4)
[2026-08-19T14:01:17.493Z INFO  gresse::replica] replica 178714744544926856 observed shutdown descriptor for replica 178714744544926842 with final counter Some(4)
[2026-08-19T14:01:17.760Z INFO  gresse::replica] replica 178714744544926856 observed shutdown descriptor for replica 178714744544926844 with final counter Some(4)
[2026-08-19T14:01:18.027Z INFO  gresse::replica] replica 178714744544926856 observed shutdown descriptor for replica 178714744544926845 with final counter Some(4)
[2026-08-19T14:01:18.294Z INFO  gresse::replica] replica 178714744544926856 observed shutdown descriptor for replica 178714744544926846 with final counter Some(4)
[2026-08-19T14:01:18.562Z INFO  gresse::replica] replica 178714744544926856 observed shutdown descriptor for replica 178714744544926847 with final counter Some(4)
[2026-08-19T14:01:18.830Z INFO  gresse::replica] replica 178714744544926856 observed shutdown descriptor for replica 178714744544926848 with final counter Some(4)
[2026-08-19T14:01:19.098Z INFO  gresse::replica] replica 178714744544926856 observed shutdown descriptor for replica 178714744544926849 with final counter Some(1)
[2026-08-19T14:01:19.363Z INFO  gresse::replica] replica 178714744544926856 observed shutdown descriptor for replica 178714744544926861 with final counter Some(3)
[2026-08-19T14:01:19.628Z INFO  gresse::replica] replica 178714744544926856 observed shutdown descriptor for replica 178714744544926862 with final counter Some(2)
[2026-08-19T14:01:19.895Z INFO  gresse::replica] replica 178714744544926856 observed shutdown descriptor for replica 178714744544926863 with final counter Some(1)
[2026-08-19T14:01:20.442Z INFO  gresse::replica] replica 178714744544926856 observed shutdown descriptor for replica 178714744544926832 with final counter Some(5)
[2026-08-19T14:01:20.711Z INFO  gresse::replica] replica 178714744544926856 observed shutdown descriptor for replica 178714744544926833 with final counter Some(4)
[2026-08-19T14:01:20.979Z INFO  gresse::replica] replica 178714744544926856 observed shutdown descriptor for replica 178714744544926834 with final counter Some(4)
[2026-08-19T14:01:21.249Z INFO  gresse::replica] replica 178714744544926856 observed shutdown descriptor for replica 178714744544926835 with final counter Some(4)
[2026-08-19T14:01:21.515Z INFO  gresse::replica] replica 178714744544926856 observed shutdown descriptor for replica 178714744544926836 with final counter Some(4)
[2026-08-19T14:01:21.786Z INFO  gresse::replica] replica 178714744544926856 observed shutdown descriptor for replica 178714744544926837 with final counter Some(2)
[2026-08-19T14:01:22.054Z INFO  gresse::replica] replica 178714744544926856 observed shutdown descriptor for replica 178714744544926838 with final counter Some(4)
[2026-08-19T14:01:22.329Z INFO  gresse::replica] replica 178714744544926856 observed shutdown descriptor for replica 178714744544926839 with final counter Some(4)
[2026-08-19T14:01:22.598Z INFO  gresse::replica] replica 178714744544926856 observed shutdown descriptor for replica 178714744544926840 with final counter Some(4)
[2026-08-19T14:01:22.868Z INFO  gresse::replica] replica 178714744544926856 observed shutdown descriptor for replica 178714744544926841 with final counter Some(4)
[2026-08-19T14:01:23.136Z INFO  gresse::replica] replica 178714744544926856 observed shutdown descriptor for replica 178714744544926842 with final counter Some(4)
[2026-08-19T14:01:23.415Z INFO  gresse::replica] replica 178714744544926856 observed shutdown descriptor for replica 178714744544926844 with final counter Some(4)
[2026-08-19T14:01:23.681Z INFO  gresse::replica] replica 178714744544926856 observed shutdown descriptor for replica 178714744544926845 with final counter Some(4)
[2026-08-19T14:01:24.089Z INFO  gresse::replica] replica 178714744544926856 observed shutdown descriptor for replica 178714744544926846 with final counter Some(4)
[2026-08-19T14:01:24.356Z INFO  gresse::replica] replica 178714744544926856 observed shutdown descriptor for replica 178714744544926847 with final counter Some(4)
[2026-08-19T14:01:24.623Z INFO  gresse::replica] replica 178714744544926856 observed shutdown descriptor for replica 178714744544926848 with final counter Some(4)
[2026-08-19T14:01:24.889Z INFO  gresse::replica] replica 178714744544926856 observed shutdown descriptor for replica 178714744544926849 with final counter Some(1)
[2026-08-19T14:01:25.157Z INFO  gresse::replica] replica 178714744544926856 observed shutdown descriptor for replica 178714744544926861 with final counter Some(3)
[2026-08-19T14:01:25.422Z INFO  gresse::replica] replica 178714744544926856 observed shutdown descriptor for replica 178714744544926862 with final counter Some(2)
[2026-08-19T14:01:25.688Z INFO  gresse::replica] replica 178714744544926856 observed shutdown descriptor for replica 178714744544926863 with final counter Some(1)
[2026-08-19T14:01:25.954Z INFO  gresse::replica] replica 178714744544926856 observed shutdown descriptor for replica 178714744544926864 with final counter Some(1)
[2026-08-19T14:01:26.496Z INFO  gresse::replica] replica 178714744544926856 observed shutdown descriptor for replica 178714744544926832 with final counter Some(5)
[2026-08-19T14:01:26.761Z INFO  gresse::replica] replica 178714744544926856 observed shutdown descriptor for replica 178714744544926833 with final counter Some(4)
[2026-08-19T14:01:27.026Z INFO  gresse::replica] replica 178714744544926856 observed shutdown descriptor for replica 178714744544926834 with final counter Some(4)
[2026-08-19T14:01:27.293Z INFO  gresse::replica] replica 178714744544926856 observed shutdown descriptor for replica 178714744544926835 with final counter Some(4)
[2026-08-19T14:01:27.557Z INFO  gresse::replica] replica 178714744544926856 observed shutdown descriptor for replica 178714744544926836 with final counter Some(4)
[2026-08-19T14:01:27.826Z INFO  gresse::replica] replica 178714744544926856 observed shutdown descriptor for replica 178714744544926837 with final counter Some(2)
[2026-08-19T14:01:28.092Z INFO  gresse::replica] replica 178714744544926856 observed shutdown descriptor for replica 178714744544926838 with final counter Some(4)
[2026-08-19T14:01:28.359Z INFO  gresse::replica] replica 178714744544926856 observed shutdown descriptor for replica 178714744544926839 with final counter Some(4)
[2026-08-19T14:01:28.627Z INFO  gresse::replica] replica 178714744544926856 observed shutdown descriptor for replica 178714744544926840 with final counter Some(4)
[2026-08-19T14:01:28.896Z INFO  gresse::replica] replica 178714744544926856 observed shutdown descriptor for replica 178714744544926841 with final counter Some(4)
[2026-08-19T14:01:29.164Z INFO  gresse::replica] replica 178714744544926856 observed shutdown descriptor for replica 178714744544926842 with final counter Some(4)
[2026-08-19T14:01:29.433Z INFO  gresse::replica] replica 178714744544926856 observed shutdown descriptor for replica 178714744544926844 with final counter Some(4)
[2026-08-19T14:01:29.705Z INFO  gresse::replica] replica 178714744544926856 observed shutdown descriptor for replica 178714744544926845 with final counter Some(4)
[2026-08-19T14:01:29.974Z INFO  gresse::replica] replica 178714744544926856 observed shutdown descriptor for replica 178714744544926846 with final counter Some(4)
[2026-08-19T14:01:30.244Z INFO  gresse::replica] replica 178714744544926856 observed shutdown descriptor for replica 178714744544926847 with final counter Some(4)
[2026-08-19T14:01:30.513Z INFO  gresse::replica] replica 178714744544926856 observed shutdown descriptor for replica 178714744544926848 with final counter Some(4)
[2026-08-19T14:01:30.783Z INFO  gresse::replica] replica 178714744544926856 observed shutdown descriptor for replica 178714744544926849 with final counter Some(1)
[2026-08-19T14:01:31.048Z INFO  gresse::replica] replica 178714744544926856 observed shutdown descriptor for replica 178714744544926850 with final counter Some(4)
[2026-08-19T14:01:31.319Z INFO  gresse::replica] replica 178714744544926856 observed shutdown descriptor for replica 178714744544926861 with final counter Some(3)
[2026-08-19T14:01:31.588Z INFO  gresse::replica] replica 178714744544926856 observed shutdown descriptor for replica 178714744544926862 with final counter Some(2)
[2026-08-19T14:01:31.854Z INFO  gresse::replica] replica 178714744544926856 observed shutdown descriptor for replica 178714744544926863 with final counter Some(1)
[2026-08-19T14:01:32.120Z INFO  gresse::replica] replica 178714744544926856 observed shutdown descriptor for replica 178714744544926864 with final counter Some(1)
[2026-08-19T14:01:32.670Z INFO  gresse::replica] replica 178714744544926856 observed shutdown descriptor for replica 178714744544926832 with final counter Some(5)
[2026-08-19T14:01:32.941Z INFO  gresse::replica] replica 178714744544926856 observed shutdown descriptor for replica 178714744544926833 with final counter Some(4)
[2026-08-19T14:01:33.206Z INFO  gresse::replica] replica 178714744544926856 observed shutdown descriptor for replica 178714744544926834 with final counter Some(4)
[2026-08-19T14:01:33.476Z INFO  gresse::replica] replica 178714744544926856 observed shutdown descriptor for replica 178714744544926835 with final counter Some(4)
[2026-08-19T14:01:33.747Z INFO  gresse::replica] replica 178714744544926856 observed shutdown descriptor for replica 178714744544926836 with final counter Some(4)
[2026-08-19T14:01:34.016Z INFO  gresse::replica] replica 178714744544926856 observed shutdown descriptor for replica 178714744544926837 with final counter Some(2)
[2026-08-19T14:01:34.286Z INFO  gresse::replica] replica 178714744544926856 observed shutdown descriptor for replica 178714744544926838 with final counter Some(4)
[2026-08-19T14:01:34.556Z INFO  gresse::replica] replica 178714744544926856 observed shutdown descriptor for replica 178714744544926839 with final counter Some(4)
[2026-08-19T14:01:34.827Z INFO  gresse::replica] replica 178714744544926856 observed shutdown descriptor for replica 178714744544926840 with final counter Some(4)
[2026-08-19T14:01:35.096Z INFO  gresse::replica] replica 178714744544926856 observed shutdown descriptor for replica 178714744544926841 with final counter Some(4)
[2026-08-19T14:01:35.367Z INFO  gresse::replica] replica 178714744544926856 observed shutdown descriptor for replica 178714744544926842 with final counter Some(4)
[2026-08-19T14:01:35.630Z INFO  gresse::replica] replica 178714744544926856 observed shutdown descriptor for replica 178714744544926844 with final counter Some(4)
[2026-08-19T14:01:35.897Z INFO  gresse::replica] replica 178714744544926856 observed shutdown descriptor for replica 178714744544926845 with final counter Some(4)
[2026-08-19T14:01:36.164Z INFO  gresse::replica] replica 178714744544926856 observed shutdown descriptor for replica 178714744544926846 with final counter Some(4)
[2026-08-19T14:01:36.432Z INFO  gresse::replica] replica 178714744544926856 observed shutdown descriptor for replica 178714744544926847 with final counter Some(4)
[2026-08-19T14:01:36.697Z INFO  gresse::replica] replica 178714744544926856 observed shutdown descriptor for replica 178714744544926848 with final counter Some(4)
[2026-08-19T14:01:36.963Z INFO  gresse::replica] replica 178714744544926856 observed shutdown descriptor for replica 178714744544926849 with final counter Some(1)
[2026-08-19T14:01:37.229Z INFO  gresse::replica] replica 178714744544926856 observed shutdown descriptor for replica 178714744544926850 with final counter Some(4)
[2026-08-19T14:01:37.497Z INFO  gresse::replica] replica 178714744544926856 observed shutdown descriptor for replica 178714744544926861 with final counter Some(3)
[2026-08-19T14:01:37.764Z INFO  gresse::replica] replica 178714744544926856 observed shutdown descriptor for replica 178714744544926862 with final counter Some(2)
[2026-08-19T14:01:38.030Z INFO  gresse::replica] replica 178714744544926856 observed shutdown descriptor for replica 178714744544926863 with final counter Some(1)
[2026-08-19T14:01:38.296Z INFO  gresse::replica] replica 178714744544926856 observed shutdown descriptor for replica 178714744544926864 with final counter Some(1)
[2026-08-19T14:01:38.839Z INFO  gresse::replica] replica 178714744544926856 observed shutdown descriptor for replica 178714744544926832 with final counter Some(5)
[2026-08-19T14:01:39.837Z INFO  gresse::replica] replica 178714744544926856 observed shutdown descriptor for replica 178714744544926833 with final counter Some(4)
[2026-08-19T14:01:40.107Z INFO  gresse::replica] replica 178714744544926856 observed shutdown descriptor for replica 178714744544926834 with final counter Some(4)
[2026-08-19T14:01:40.373Z INFO  gresse::replica] replica 178714744544926856 observed shutdown descriptor for replica 178714744544926835 with final counter Some(4)
[2026-08-19T14:01:40.637Z INFO  gresse::replica] replica 178714744544926856 observed shutdown descriptor for replica 178714744544926836 with final counter Some(4)
[2026-08-19T14:01:40.902Z INFO  gresse::replica] replica 178714744544926856 observed shutdown descriptor for replica 178714744544926837 with final counter Some(2)
[2026-08-19T14:01:41.170Z INFO  gresse::replica] replica 178714744544926856 observed shutdown descriptor for replica 178714744544926838 with final counter Some(4)
[2026-08-19T14:01:41.438Z INFO  gresse::replica] replica 178714744544926856 observed shutdown descriptor for replica 178714744544926839 with final counter Some(4)
[2026-08-19T14:01:41.706Z INFO  gresse::replica] replica 178714744544926856 observed shutdown descriptor for replica 178714744544926840 with final counter Some(4)
[2026-08-19T14:01:41.974Z INFO  gresse::replica] replica 178714744544926856 observed shutdown descriptor for replica 178714744544926841 with final counter Some(4)
[2026-08-19T14:01:42.241Z INFO  gresse::replica] replica 178714744544926856 observed shutdown descriptor for replica 178714744544926842 with final counter Some(4)
[2026-08-19T14:01:42.504Z INFO  gresse::replica] replica 178714744544926856 observed shutdown descriptor for replica 178714744544926844 with final counter Some(4)
[2026-08-19T14:01:42.771Z INFO  gresse::replica] replica 178714744544926856 observed shutdown descriptor for replica 178714744544926845 with final counter Some(4)
[2026-08-19T14:01:43.041Z INFO  gresse::replica] replica 178714744544926856 observed shutdown descriptor for replica 178714744544926846 with final counter Some(4)
[2026-08-19T14:01:43.306Z INFO  gresse::replica] replica 178714744544926856 observed shutdown descriptor for replica 178714744544926847 with final counter Some(4)
[2026-08-19T14:01:43.573Z INFO  gresse::replica] replica 178714744544926856 observed shutdown descriptor for replica 178714744544926848 with final counter Some(4)
[2026-08-19T14:01:43.841Z INFO  gresse::replica] replica 178714744544926856 observed shutdown descriptor for replica 178714744544926849 with final counter Some(1)
[2026-08-19T14:01:44.107Z INFO  gresse::replica] replica 178714744544926856 observed shutdown descriptor for replica 178714744544926850 with final counter Some(4)
[2026-08-19T14:01:44.374Z INFO  gresse::replica] replica 178714744544926856 observed shutdown descriptor for replica 178714744544926851 with final counter Some(4)
[2026-08-19T14:01:44.643Z INFO  gresse::replica] replica 178714744544926856 observed shutdown descriptor for replica 178714744544926861 with final counter Some(3)
[2026-08-19T14:01:44.911Z INFO  gresse::replica] replica 178714744544926856 observed shutdown descriptor for replica 178714744544926862 with final counter Some(2)
[2026-08-19T14:01:45.178Z INFO  gresse::replica] replica 178714744544926856 observed shutdown descriptor for replica 178714744544926863 with final counter Some(1)
[2026-08-19T14:01:45.445Z INFO  gresse::replica] replica 178714744544926856 observed shutdown descriptor for replica 178714744544926864 with final counter Some(1)
[2026-08-19T14:01:46.238Z INFO  gresse::replica] replica 178714744544926856 observed shutdown descriptor for replica 178714744544926832 with final counter Some(5)
[2026-08-19T14:01:46.501Z INFO  gresse::replica] replica 178714744544926856 observed shutdown descriptor for replica 178714744544926833 with final counter Some(4)
[2026-08-19T14:01:46.768Z INFO  gresse::replica] replica 178714744544926856 observed shutdown descriptor for replica 178714744544926834 with final counter Some(4)
[2026-08-19T14:01:47.036Z INFO  gresse::replica] replica 178714744544926856 observed shutdown descriptor for replica 178714744544926835 with final counter Some(4)
[2026-08-19T14:01:47.303Z INFO  gresse::replica] replica 178714744544926856 observed shutdown descriptor for replica 178714744544926836 with final counter Some(4)
[2026-08-19T14:01:47.573Z INFO  gresse::replica] replica 178714744544926856 observed shutdown descriptor for replica 178714744544926837 with final counter Some(2)
[2026-08-19T14:01:47.842Z INFO  gresse::replica] replica 178714744544926856 observed shutdown descriptor for replica 178714744544926838 with final counter Some(4)
[2026-08-19T14:01:48.109Z INFO  gresse::replica] replica 178714744544926856 observed shutdown descriptor for replica 178714744544926839 with final counter Some(4)
[2026-08-19T14:01:48.375Z INFO  gresse::replica] replica 178714744544926856 observed shutdown descriptor for replica 178714744544926840 with final counter Some(4)
[2026-08-19T14:01:48.646Z INFO  gresse::replica] replica 178714744544926856 observed shutdown descriptor for replica 178714744544926841 with final counter Some(4)
[2026-08-19T14:01:48.910Z INFO  gresse::replica] replica 178714744544926856 observed shutdown descriptor for replica 178714744544926842 with final counter Some(4)
[2026-08-19T14:01:49.180Z INFO  gresse::replica] replica 178714744544926856 observed shutdown descriptor for replica 178714744544926844 with final counter Some(4)
[2026-08-19T14:01:49.446Z INFO  gresse::replica] replica 178714744544926856 observed shutdown descriptor for replica 178714744544926845 with final counter Some(4)
[2026-08-19T14:01:49.714Z INFO  gresse::replica] replica 178714744544926856 observed shutdown descriptor for replica 178714744544926846 with final counter Some(4)
[2026-08-19T14:01:49.984Z INFO  gresse::replica] replica 178714744544926856 observed shutdown descriptor for replica 178714744544926847 with final counter Some(4)
[2026-08-19T14:01:50.253Z INFO  gresse::replica] replica 178714744544926856 observed shutdown descriptor for replica 178714744544926848 with final counter Some(4)
[2026-08-19T14:01:50.519Z INFO  gresse::replica] replica 178714744544926856 observed shutdown descriptor for replica 178714744544926849 with final counter Some(1)
[2026-08-19T14:01:50.784Z INFO  gresse::replica] replica 178714744544926856 observed shutdown descriptor for replica 178714744544926850 with final counter Some(4)
[2026-08-19T14:01:51.051Z INFO  gresse::replica] replica 178714744544926856 observed shutdown descriptor for replica 178714744544926851 with final counter Some(4)
[2026-08-19T14:01:51.316Z INFO  gresse::replica] replica 178714744544926856 observed shutdown descriptor for replica 178714744544926861 with final counter Some(3)
[2026-08-19T14:01:51.582Z INFO  gresse::replica] replica 178714744544926856 observed shutdown descriptor for replica 178714744544926862 with final counter Some(2)
[2026-08-19T14:01:51.845Z INFO  gresse::replica] replica 178714744544926856 observed shutdown descriptor for replica 178714744544926863 with final counter Some(1)
[2026-08-19T14:01:52.111Z INFO  gresse::replica] replica 178714744544926856 observed shutdown descriptor for replica 178714744544926864 with final counter Some(1)
[2026-08-19T14:01:52.648Z INFO  gresse::replica] replica 178714744544926856 observed shutdown descriptor for replica 178714744544926832 with final counter Some(5)
[2026-08-19T14:01:52.913Z INFO  gresse::replica] replica 178714744544926856 observed shutdown descriptor for replica 178714744544926833 with final counter Some(4)
[2026-08-19T14:01:53.179Z INFO  gresse::replica] replica 178714744544926856 observed shutdown descriptor for replica 178714744544926834 with final counter Some(4)
[2026-08-19T14:01:53.446Z INFO  gresse::replica] replica 178714744544926856 observed shutdown descriptor for replica 178714744544926835 with final counter Some(4)
[2026-08-19T14:01:53.712Z INFO  gresse::replica] replica 178714744544926856 observed shutdown descriptor for replica 178714744544926836 with final counter Some(4)
[2026-08-19T14:01:53.979Z INFO  gresse::replica] replica 178714744544926856 observed shutdown descriptor for replica 178714744544926837 with final counter Some(2)
[2026-08-19T14:01:54.246Z INFO  gresse::replica] replica 178714744544926856 observed shutdown descriptor for replica 178714744544926838 with final counter Some(4)
[2026-08-19T14:01:54.512Z INFO  gresse::replica] replica 178714744544926856 observed shutdown descriptor for replica 178714744544926839 with final counter Some(4)
[2026-08-19T14:01:54.783Z INFO  gresse::replica] replica 178714744544926856 observed shutdown descriptor for replica 178714744544926840 with final counter Some(4)
[2026-08-19T14:01:55.050Z INFO  gresse::replica] replica 178714744544926856 observed shutdown descriptor for replica 178714744544926841 with final counter Some(4)
[2026-08-19T14:01:55.315Z INFO  gresse::replica] replica 178714744544926856 observed shutdown descriptor for replica 178714744544926842 with final counter Some(4)
[2026-08-19T14:01:55.585Z INFO  gresse::replica] replica 178714744544926856 observed shutdown descriptor for replica 178714744544926844 with final counter Some(4)
[2026-08-19T14:01:55.859Z INFO  gresse::replica] replica 178714744544926856 observed shutdown descriptor for replica 178714744544926845 with final counter Some(4)
[2026-08-19T14:01:56.127Z INFO  gresse::replica] replica 178714744544926856 observed shutdown descriptor for replica 178714744544926846 with final counter Some(4)
[2026-08-19T14:01:56.393Z INFO  gresse::replica] replica 178714744544926856 observed shutdown descriptor for replica 178714744544926847 with final counter Some(4)
[2026-08-19T14:01:56.663Z INFO  gresse::replica] replica 178714744544926856 observed shutdown descriptor for replica 178714744544926848 with final counter Some(4)
[2026-08-19T14:01:56.931Z INFO  gresse::replica] replica 178714744544926856 observed shutdown descriptor for replica 178714744544926849 with final counter Some(1)
[2026-08-19T14:01:57.198Z INFO  gresse::replica] replica 178714744544926856 observed shutdown descriptor for replica 178714744544926850 with final counter Some(4)
[2026-08-19T14:01:57.466Z INFO  gresse::replica] replica 178714744544926856 observed shutdown descriptor for replica 178714744544926851 with final counter Some(4)
[2026-08-19T14:01:57.729Z INFO  gresse::replica] replica 178714744544926856 observed shutdown descriptor for replica 178714744544926852 with final counter Some(4)
[2026-08-19T14:01:58.001Z INFO  gresse::replica] replica 178714744544926856 observed shutdown descriptor for replica 178714744544926861 with final counter Some(3)
[2026-08-19T14:01:58.270Z INFO  gresse::replica] replica 178714744544926856 observed shutdown descriptor for replica 178714744544926862 with final counter Some(2)
[2026-08-19T14:01:58.539Z INFO  gresse::replica] replica 178714744544926856 observed shutdown descriptor for replica 178714744544926863 with final counter Some(1)
[2026-08-19T14:01:58.803Z INFO  gresse::replica] replica 178714744544926856 observed shutdown descriptor for replica 178714744544926864 with final counter Some(1)
[2026-08-19T14:01:59.352Z INFO  gresse::replica] replica 178714744544926856 observed shutdown descriptor for replica 178714744544926832 with final counter Some(5)
[2026-08-19T14:01:59.619Z INFO  gresse::replica] replica 178714744544926856 observed shutdown descriptor for replica 178714744544926833 with final counter Some(4)
[2026-08-19T14:01:59.884Z INFO  gresse::replica] replica 178714744544926856 observed shutdown descriptor for replica 178714744544926834 with final counter Some(4)
[2026-08-19T14:02:00.150Z INFO  gresse::replica] replica 178714744544926856 observed shutdown descriptor for replica 178714744544926835 with final counter Some(4)
[2026-08-19T14:02:00.419Z INFO  gresse::replica] replica 178714744544926856 observed shutdown descriptor for replica 178714744544926836 with final counter Some(4)
[2026-08-19T14:02:00.686Z INFO  gresse::replica] replica 178714744544926856 observed shutdown descriptor for replica 178714744544926837 with final counter Some(2)
[2026-08-19T14:02:00.955Z INFO  gresse::replica] replica 178714744544926856 observed shutdown descriptor for replica 178714744544926838 with final counter Some(4)
[2026-08-19T14:02:01.225Z INFO  gresse::replica] replica 178714744544926856 observed shutdown descriptor for replica 178714744544926839 with final counter Some(4)
[2026-08-19T14:02:01.501Z INFO  gresse::replica] replica 178714744544926856 observed shutdown descriptor for replica 178714744544926840 with final counter Some(4)
[2026-08-19T14:02:01.782Z INFO  gresse::replica] replica 178714744544926856 observed shutdown descriptor for replica 178714744544926841 with final counter Some(4)
[2026-08-19T14:02:02.054Z INFO  gresse::replica] replica 178714744544926856 observed shutdown descriptor for replica 178714744544926842 with final counter Some(4)
[2026-08-19T14:02:02.320Z INFO  gresse::replica] replica 178714744544926856 observed shutdown descriptor for replica 178714744544926844 with final counter Some(4)
[2026-08-19T14:02:02.590Z INFO  gresse::replica] replica 178714744544926856 observed shutdown descriptor for replica 178714744544926845 with final counter Some(4)
[2026-08-19T14:02:02.861Z INFO  gresse::replica] replica 178714744544926856 observed shutdown descriptor for replica 178714744544926846 with final counter Some(4)
[2026-08-19T14:02:03.131Z INFO  gresse::replica] replica 178714744544926856 observed shutdown descriptor for replica 178714744544926847 with final counter Some(4)
[2026-08-19T14:02:03.401Z INFO  gresse::replica] replica 178714744544926856 observed shutdown descriptor for replica 178714744544926848 with final counter Some(4)
[2026-08-19T14:02:03.666Z INFO  gresse::replica] replica 178714744544926856 observed shutdown descriptor for replica 178714744544926849 with final counter Some(1)
[2026-08-19T14:02:03.930Z INFO  gresse::replica] replica 178714744544926856 observed shutdown descriptor for replica 178714744544926850 with final counter Some(4)
[2026-08-19T14:02:04.196Z INFO  gresse::replica] replica 178714744544926856 observed shutdown descriptor for replica 178714744544926851 with final counter Some(4)
[2026-08-19T14:02:04.462Z INFO  gresse::replica] replica 178714744544926856 observed shutdown descriptor for replica 178714744544926852 with final counter Some(4)
[2026-08-19T14:02:04.730Z INFO  gresse::replica] replica 178714744544926856 observed shutdown descriptor for replica 178714744544926861 with final counter Some(3)
[2026-08-19T14:02:04.995Z INFO  gresse::replica] replica 178714744544926856 observed shutdown descriptor for replica 178714744544926862 with final counter Some(2)
[2026-08-19T14:02:05.263Z INFO  gresse::replica] replica 178714744544926856 observed shutdown descriptor for replica 178714744544926863 with final counter Some(1)
[2026-08-19T14:02:05.530Z INFO  gresse::replica] replica 178714744544926856 observed shutdown descriptor for replica 178714744544926864 with final counter Some(1)
[2026-08-19T14:02:06.101Z INFO  gresse::replica] replica 178714744544926856 observed shutdown descriptor for replica 178714744544926832 with final counter Some(5)
[2026-08-19T14:02:06.370Z INFO  gresse::replica] replica 178714744544926856 observed shutdown descriptor for replica 178714744544926833 with final counter Some(4)
[2026-08-19T14:02:06.641Z INFO  gresse::replica] replica 178714744544926856 observed shutdown descriptor for replica 178714744544926834 with final counter Some(4)
[2026-08-19T14:02:07.439Z INFO  gresse::replica] replica 178714744544926856 observed shutdown descriptor for replica 178714744544926835 with final counter Some(4)
[2026-08-19T14:02:07.716Z INFO  gresse::replica] replica 178714744544926856 observed shutdown descriptor for replica 178714744544926836 with final counter Some(4)
[2026-08-19T14:02:07.996Z INFO  gresse::replica] replica 178714744544926856 observed shutdown descriptor for replica 178714744544926837 with final counter Some(2)
[2026-08-19T14:02:08.275Z INFO  gresse::replica] replica 178714744544926856 observed shutdown descriptor for replica 178714744544926838 with final counter Some(4)
[2026-08-19T14:02:08.558Z INFO  gresse::replica] replica 178714744544926856 observed shutdown descriptor for replica 178714744544926839 with final counter Some(4)
[2026-08-19T14:02:08.836Z INFO  gresse::replica] replica 178714744544926856 observed shutdown descriptor for replica 178714744544926840 with final counter Some(4)
[2026-08-19T14:02:09.112Z INFO  gresse::replica] replica 178714744544926856 observed shutdown descriptor for replica 178714744544926841 with final counter Some(4)
[2026-08-19T14:02:09.392Z INFO  gresse::replica] replica 178714744544926856 observed shutdown descriptor for replica 178714744544926842 with final counter Some(4)
[2026-08-19T14:02:09.675Z INFO  gresse::replica] replica 178714744544926856 observed shutdown descriptor for replica 178714744544926844 with final counter Some(4)
[2026-08-19T14:02:09.956Z INFO  gresse::replica] replica 178714744544926856 observed shutdown descriptor for replica 178714744544926845 with final counter Some(4)
[2026-08-19T14:02:10.233Z INFO  gresse::replica] replica 178714744544926856 observed shutdown descriptor for replica 178714744544926846 with final counter Some(4)
[2026-08-19T14:02:10.510Z INFO  gresse::replica] replica 178714744544926856 observed shutdown descriptor for replica 178714744544926847 with final counter Some(4)
[2026-08-19T14:02:10.789Z INFO  gresse::replica] replica 178714744544926856 observed shutdown descriptor for replica 178714744544926848 with final counter Some(4)
[2026-08-19T14:02:11.065Z INFO  gresse::replica] replica 178714744544926856 observed shutdown descriptor for replica 178714744544926849 with final counter Some(1)
[2026-08-19T14:02:11.347Z INFO  gresse::replica] replica 178714744544926856 observed shutdown descriptor for replica 178714744544926850 with final counter Some(4)
[2026-08-19T14:02:11.626Z INFO  gresse::replica] replica 178714744544926856 observed shutdown descriptor for replica 178714744544926851 with final counter Some(4)
[2026-08-19T14:02:11.907Z INFO  gresse::replica] replica 178714744544926856 observed shutdown descriptor for replica 178714744544926852 with final counter Some(4)
[2026-08-19T14:02:12.185Z INFO  gresse::replica] replica 178714744544926856 observed shutdown descriptor for replica 178714744544926853 with final counter Some(4)
[2026-08-19T14:02:12.467Z INFO  gresse::replica] replica 178714744544926856 observed shutdown descriptor for replica 178714744544926861 with final counter Some(3)
[2026-08-19T14:02:12.746Z INFO  gresse::replica] replica 178714744544926856 observed shutdown descriptor for replica 178714744544926862 with final counter Some(2)
[2026-08-19T14:02:13.027Z INFO  gresse::replica] replica 178714744544926856 observed shutdown descriptor for replica 178714744544926863 with final counter Some(1)
[2026-08-19T14:02:13.305Z INFO  gresse::replica] replica 178714744544926856 observed shutdown descriptor for replica 178714744544926864 with final counter Some(1)
[2026-08-19T14:02:14.132Z INFO  gresse::replica] replica 178714744544926856 observed shutdown descriptor for replica 178714744544926832 with final counter Some(5)
[2026-08-19T14:02:14.412Z INFO  gresse::replica] replica 178714744544926856 observed shutdown descriptor for replica 178714744544926833 with final counter Some(4)
[2026-08-19T14:02:14.692Z INFO  gresse::replica] replica 178714744544926856 observed shutdown descriptor for replica 178714744544926834 with final counter Some(4)
[2026-08-19T14:02:14.973Z INFO  gresse::replica] replica 178714744544926856 observed shutdown descriptor for replica 178714744544926835 with final counter Some(4)
[2026-08-19T14:02:15.252Z INFO  gresse::replica] replica 178714744544926856 observed shutdown descriptor for replica 178714744544926836 with final counter Some(4)
[2026-08-19T14:02:15.530Z INFO  gresse::replica] replica 178714744544926856 observed shutdown descriptor for replica 178714744544926837 with final counter Some(2)
[2026-08-19T14:02:15.811Z INFO  gresse::replica] replica 178714744544926856 observed shutdown descriptor for replica 178714744544926838 with final counter Some(4)
[2026-08-19T14:02:16.089Z INFO  gresse::replica] replica 178714744544926856 observed shutdown descriptor for replica 178714744544926839 with final counter Some(4)
[2026-08-19T14:02:16.369Z INFO  gresse::replica] replica 178714744544926856 observed shutdown descriptor for replica 178714744544926840 with final counter Some(4)
[2026-08-19T14:02:16.651Z INFO  gresse::replica] replica 178714744544926856 observed shutdown descriptor for replica 178714744544926841 with final counter Some(4)
[2026-08-19T14:02:16.935Z INFO  gresse::replica] replica 178714744544926856 observed shutdown descriptor for replica 178714744544926842 with final counter Some(4)
[2026-08-19T14:02:17.214Z INFO  gresse::replica] replica 178714744544926856 observed shutdown descriptor for replica 178714744544926844 with final counter Some(4)
[2026-08-19T14:02:17.493Z INFO  gresse::replica] replica 178714744544926856 observed shutdown descriptor for replica 178714744544926845 with final counter Some(4)
[2026-08-19T14:02:17.772Z INFO  gresse::replica] replica 178714744544926856 observed shutdown descriptor for replica 178714744544926846 with final counter Some(4)
[2026-08-19T14:02:18.047Z INFO  gresse::replica] replica 178714744544926856 observed shutdown descriptor for replica 178714744544926847 with final counter Some(4)
[2026-08-19T14:02:18.327Z INFO  gresse::replica] replica 178714744544926856 observed shutdown descriptor for replica 178714744544926848 with final counter Some(4)
[2026-08-19T14:02:18.605Z INFO  gresse::replica] replica 178714744544926856 observed shutdown descriptor for replica 178714744544926849 with final counter Some(1)
[2026-08-19T14:02:18.886Z INFO  gresse::replica] replica 178714744544926856 observed shutdown descriptor for replica 178714744544926850 with final counter Some(4)
[2026-08-19T14:02:19.163Z INFO  gresse::replica] replica 178714744544926856 observed shutdown descriptor for replica 178714744544926851 with final counter Some(4)
[2026-08-19T14:02:19.441Z INFO  gresse::replica] replica 178714744544926856 observed shutdown descriptor for replica 178714744544926852 with final counter Some(4)
[2026-08-19T14:02:19.721Z INFO  gresse::replica] replica 178714744544926856 observed shutdown descriptor for replica 178714744544926853 with final counter Some(4)
[2026-08-19T14:02:20.001Z INFO  gresse::replica] replica 178714744544926856 observed shutdown descriptor for replica 178714744544926861 with final counter Some(3)
[2026-08-19T14:02:20.284Z INFO  gresse::replica] replica 178714744544926856 observed shutdown descriptor for replica 178714744544926862 with final counter Some(2)
[2026-08-19T14:02:20.561Z INFO  gresse::replica] replica 178714744544926856 observed shutdown descriptor for replica 178714744544926863 with final counter Some(1)
[2026-08-19T14:02:20.839Z INFO  gresse::replica] replica 178714744544926856 observed shutdown descriptor for replica 178714744544926864 with final counter Some(1)
[2026-08-19T14:02:21.661Z INFO  gresse::replica] replica 178714744544926856 observed shutdown descriptor for replica 178714744544926832 with final counter Some(5)
[2026-08-19T14:02:21.942Z INFO  gresse::replica] replica 178714744544926856 observed shutdown descriptor for replica 178714744544926833 with final counter Some(4)
[2026-08-19T14:02:22.221Z INFO  gresse::replica] replica 178714744544926856 observed shutdown descriptor for replica 178714744544926834 with final counter Some(4)
[2026-08-19T14:02:22.500Z INFO  gresse::replica] replica 178714744544926856 observed shutdown descriptor for replica 178714744544926835 with final counter Some(4)
[2026-08-19T14:02:22.782Z INFO  gresse::replica] replica 178714744544926856 observed shutdown descriptor for replica 178714744544926836 with final counter Some(4)
[2026-08-19T14:02:23.058Z INFO  gresse::replica] replica 178714744544926856 observed shutdown descriptor for replica 178714744544926837 with final counter Some(2)
[2026-08-19T14:02:23.339Z INFO  gresse::replica] replica 178714744544926856 observed shutdown descriptor for replica 178714744544926838 with final counter Some(4)
[2026-08-19T14:02:23.643Z INFO  gresse::replica] replica 178714744544926856 observed shutdown descriptor for replica 178714744544926839 with final counter Some(4)
[2026-08-19T14:02:23.920Z INFO  gresse::replica] replica 178714744544926856 observed shutdown descriptor for replica 178714744544926840 with final counter Some(4)
[2026-08-19T14:02:24.202Z INFO  gresse::replica] replica 178714744544926856 observed shutdown descriptor for replica 178714744544926841 with final counter Some(4)
[2026-08-19T14:02:24.481Z INFO  gresse::replica] replica 178714744544926856 observed shutdown descriptor for replica 178714744544926842 with final counter Some(4)
[2026-08-19T14:02:24.762Z INFO  gresse::replica] replica 178714744544926856 observed shutdown descriptor for replica 178714744544926844 with final counter Some(4)
[2026-08-19T14:02:25.044Z INFO  gresse::replica] replica 178714744544926856 observed shutdown descriptor for replica 178714744544926845 with final counter Some(4)
[2026-08-19T14:02:25.321Z INFO  gresse::replica] replica 178714744544926856 observed shutdown descriptor for replica 178714744544926846 with final counter Some(4)
[2026-08-19T14:02:25.599Z INFO  gresse::replica] replica 178714744544926856 observed shutdown descriptor for replica 178714744544926847 with final counter Some(4)
[2026-08-19T14:02:25.881Z INFO  gresse::replica] replica 178714744544926856 observed shutdown descriptor for replica 178714744544926848 with final counter Some(4)
[2026-08-19T14:02:26.159Z INFO  gresse::replica] replica 178714744544926856 observed shutdown descriptor for replica 178714744544926849 with final counter Some(1)
[2026-08-19T14:02:26.437Z INFO  gresse::replica] replica 178714744544926856 observed shutdown descriptor for replica 178714744544926850 with final counter Some(4)
[2026-08-19T14:02:26.718Z INFO  gresse::replica] replica 178714744544926856 observed shutdown descriptor for replica 178714744544926851 with final counter Some(4)
[2026-08-19T14:02:26.999Z INFO  gresse::replica] replica 178714744544926856 observed shutdown descriptor for replica 178714744544926852 with final counter Some(4)
[2026-08-19T14:02:27.279Z INFO  gresse::replica] replica 178714744544926856 observed shutdown descriptor for replica 178714744544926853 with final counter Some(4)
[2026-08-19T14:02:27.559Z INFO  gresse::replica] replica 178714744544926856 observed shutdown descriptor for replica 178714744544926854 with final counter Some(4)
[2026-08-19T14:02:27.839Z INFO  gresse::replica] replica 178714744544926856 observed shutdown descriptor for replica 178714744544926861 with final counter Some(3)
[2026-08-19T14:02:28.117Z INFO  gresse::replica] replica 178714744544926856 observed shutdown descriptor for replica 178714744544926862 with final counter Some(2)
[2026-08-19T14:02:28.398Z INFO  gresse::replica] replica 178714744544926856 observed shutdown descriptor for replica 178714744544926863 with final counter Some(1)
[2026-08-19T14:02:28.674Z INFO  gresse::replica] replica 178714744544926856 observed shutdown descriptor for replica 178714744544926864 with final counter Some(1)
[2026-08-19T14:02:29.245Z INFO  gresse::replica] replica 178714744544926856 observed shutdown descriptor for replica 178714744544926832 with final counter Some(5)
[2026-08-19T14:02:29.522Z INFO  gresse::replica] replica 178714744544926856 observed shutdown descriptor for replica 178714744544926833 with final counter Some(4)
[2026-08-19T14:02:29.806Z INFO  gresse::replica] replica 178714744544926856 observed shutdown descriptor for replica 178714744544926834 with final counter Some(4)
[2026-08-19T14:02:30.085Z INFO  gresse::replica] replica 178714744544926856 observed shutdown descriptor for replica 178714744544926835 with final counter Some(4)
[2026-08-19T14:02:30.365Z INFO  gresse::replica] replica 178714744544926856 observed shutdown descriptor for replica 178714744544926836 with final counter Some(4)
[2026-08-19T14:02:30.642Z INFO  gresse::replica] replica 178714744544926856 observed shutdown descriptor for replica 178714744544926837 with final counter Some(2)
[2026-08-19T14:02:30.921Z INFO  gresse::replica] replica 178714744544926856 observed shutdown descriptor for replica 178714744544926838 with final counter Some(4)
[2026-08-19T14:02:31.221Z INFO  gresse::replica] replica 178714744544926856 observed shutdown descriptor for replica 178714744544926839 with final counter Some(4)
[2026-08-19T14:02:31.505Z INFO  gresse::replica] replica 178714744544926856 observed shutdown descriptor for replica 178714744544926840 with final counter Some(4)
[2026-08-19T14:02:31.788Z INFO  gresse::replica] replica 178714744544926856 observed shutdown descriptor for replica 178714744544926841 with final counter Some(4)
[2026-08-19T14:02:32.067Z INFO  gresse::replica] replica 178714744544926856 observed shutdown descriptor for replica 178714744544926842 with final counter Some(4)
[2026-08-19T14:02:32.346Z INFO  gresse::replica] replica 178714744544926856 observed shutdown descriptor for replica 178714744544926844 with final counter Some(4)
[2026-08-19T14:02:32.625Z INFO  gresse::replica] replica 178714744544926856 observed shutdown descriptor for replica 178714744544926845 with final counter Some(4)
[2026-08-19T14:02:32.905Z INFO  gresse::replica] replica 178714744544926856 observed shutdown descriptor for replica 178714744544926846 with final counter Some(4)
[2026-08-19T14:02:33.185Z INFO  gresse::replica] replica 178714744544926856 observed shutdown descriptor for replica 178714744544926847 with final counter Some(4)
[2026-08-19T14:02:33.467Z INFO  gresse::replica] replica 178714744544926856 observed shutdown descriptor for replica 178714744544926848 with final counter Some(4)
[2026-08-19T14:02:33.745Z INFO  gresse::replica] replica 178714744544926856 observed shutdown descriptor for replica 178714744544926849 with final counter Some(1)
[2026-08-19T14:02:34.026Z INFO  gresse::replica] replica 178714744544926856 observed shutdown descriptor for replica 178714744544926850 with final counter Some(4)
[2026-08-19T14:02:34.306Z INFO  gresse::replica] replica 178714744544926856 observed shutdown descriptor for replica 178714744544926851 with final counter Some(4)
[2026-08-19T14:02:34.587Z INFO  gresse::replica] replica 178714744544926856 observed shutdown descriptor for replica 178714744544926852 with final counter Some(4)
[2026-08-19T14:02:34.893Z INFO  gresse::replica] replica 178714744544926856 observed shutdown descriptor for replica 178714744544926853 with final counter Some(4)
[2026-08-19T14:02:35.180Z INFO  gresse::replica] replica 178714744544926856 observed shutdown descriptor for replica 178714744544926854 with final counter Some(4)
[2026-08-19T14:02:35.461Z INFO  gresse::replica] replica 178714744544926856 observed shutdown descriptor for replica 178714744544926861 with final counter Some(3)
[2026-08-19T14:02:35.741Z INFO  gresse::replica] replica 178714744544926856 observed shutdown descriptor for replica 178714744544926862 with final counter Some(2)
[2026-08-19T14:02:36.505Z INFO  gresse::replica] replica 178714744544926856 observed shutdown descriptor for replica 178714744544926863 with final counter Some(1)
[2026-08-19T14:02:36.770Z INFO  gresse::replica] replica 178714744544926856 observed shutdown descriptor for replica 178714744544926864 with final counter Some(1)
[2026-08-19T14:02:37.567Z INFO  gresse::replica] replica 178714744544926856 observed shutdown descriptor for replica 178714744544926832 with final counter Some(5)
[2026-08-19T14:02:37.831Z INFO  gresse::replica] replica 178714744544926856 observed shutdown descriptor for replica 178714744544926833 with final counter Some(4)
[2026-08-19T14:02:38.100Z INFO  gresse::replica] replica 178714744544926856 observed shutdown descriptor for replica 178714744544926834 with final counter Some(4)
[2026-08-19T14:02:38.364Z INFO  gresse::replica] replica 178714744544926856 observed shutdown descriptor for replica 178714744544926835 with final counter Some(4)
[2026-08-19T14:02:38.629Z INFO  gresse::replica] replica 178714744544926856 observed shutdown descriptor for replica 178714744544926836 with final counter Some(4)
[2026-08-19T14:02:38.898Z INFO  gresse::replica] replica 178714744544926856 observed shutdown descriptor for replica 178714744544926837 with final counter Some(2)
[2026-08-19T14:02:39.166Z INFO  gresse::replica] replica 178714744544926856 observed shutdown descriptor for replica 178714744544926838 with final counter Some(4)
[2026-08-19T14:02:39.429Z INFO  gresse::replica] replica 178714744544926856 observed shutdown descriptor for replica 178714744544926839 with final counter Some(4)
[2026-08-19T14:02:39.697Z INFO  gresse::replica] replica 178714744544926856 observed shutdown descriptor for replica 178714744544926840 with final counter Some(4)
[2026-08-19T14:02:39.963Z INFO  gresse::replica] replica 178714744544926856 observed shutdown descriptor for replica 178714744544926841 with final counter Some(4)
[2026-08-19T14:02:40.230Z INFO  gresse::replica] replica 178714744544926856 observed shutdown descriptor for replica 178714744544926842 with final counter Some(4)
[2026-08-19T14:02:40.500Z INFO  gresse::replica] replica 178714744544926856 observed shutdown descriptor for replica 178714744544926844 with final counter Some(4)
[2026-08-19T14:02:40.768Z INFO  gresse::replica] replica 178714744544926856 observed shutdown descriptor for replica 178714744544926845 with final counter Some(4)
[2026-08-19T14:02:41.033Z INFO  gresse::replica] replica 178714744544926856 observed shutdown descriptor for replica 178714744544926846 with final counter Some(4)
[2026-08-19T14:02:41.300Z INFO  gresse::replica] replica 178714744544926856 observed shutdown descriptor for replica 178714744544926847 with final counter Some(4)
[2026-08-19T14:02:41.565Z INFO  gresse::replica] replica 178714744544926856 observed shutdown descriptor for replica 178714744544926848 with final counter Some(4)
[2026-08-19T14:02:41.829Z INFO  gresse::replica] replica 178714744544926856 observed shutdown descriptor for replica 178714744544926849 with final counter Some(1)
[2026-08-19T14:02:42.094Z INFO  gresse::replica] replica 178714744544926856 observed shutdown descriptor for replica 178714744544926850 with final counter Some(4)
[2026-08-19T14:02:42.356Z INFO  gresse::replica] replica 178714744544926856 observed shutdown descriptor for replica 178714744544926851 with final counter Some(4)
[2026-08-19T14:02:42.623Z INFO  gresse::replica] replica 178714744544926856 observed shutdown descriptor for replica 178714744544926852 with final counter Some(4)
[2026-08-19T14:02:42.890Z INFO  gresse::replica] replica 178714744544926856 observed shutdown descriptor for replica 178714744544926853 with final counter Some(4)
[2026-08-19T14:02:43.152Z INFO  gresse::replica] replica 178714744544926856 observed shutdown descriptor for replica 178714744544926854 with final counter Some(4)
[2026-08-19T14:02:43.419Z INFO  gresse::replica] replica 178714744544926856 observed shutdown descriptor for replica 178714744544926855 with final counter Some(4)
[2026-08-19T14:02:43.687Z INFO  gresse::replica] replica 178714744544926856 observed shutdown descriptor for replica 178714744544926861 with final counter Some(3)
[2026-08-19T14:02:43.955Z INFO  gresse::replica] replica 178714744544926856 observed shutdown descriptor for replica 178714744544926862 with final counter Some(2)
[2026-08-19T14:02:44.220Z INFO  gresse::replica] replica 178714744544926856 observed shutdown descriptor for replica 178714744544926863 with final counter Some(1)
[2026-08-19T14:02:44.487Z INFO  gresse::replica] replica 178714744544926856 observed shutdown descriptor for replica 178714744544926864 with final counter Some(1)
[2026-08-19T14:02:44.772Z INFO  gresse::replica] shutdown signal received for replica 178714744544926856
[2026-08-19T14:02:44.772Z INFO  gresse::replica] replica 178714744544926856 shutting down with 6 connected writers
[2026-08-19T14:02:45.288Z INFO  gresse::http_server] http server received shutdown signal
[2026-08-19T14:02:45.288Z INFO  gresse::http_server] http server shutdown complete
[2026-08-19T14:02:45.288Z INFO  gresse::network] network manager for replica 178714744544926856 shutdown complete
