[2026-08-19T13:52:22.613Z INFO  gresse::http_server] running CRDT HTTP server
[2026-08-19T13:52:22.613Z INFO  gresse::http_server] listening for HTTP on 0.0.0.0:18082
[2026-08-19T13:52:22.640Z INFO  gresse::replica] replica 178714744544926853 initiating runtime at bind_http=0.0.0.0:18082 bind_internal=0.0.0.0:19082 advertised_internal=47.129.167.193:19082
[2026-08-19T13:52:23.201Z INFO  gresse::object_storage] object storage connection established: backend=s3, bucket=gresse-geo-035351467464-20260819104151-566c04, region=eu-north-1, endpoint=AWS default endpoint resolution, first_operation=get, object_path=acm-sec-geo-churn-smoke-20260819T135045Z-25226496/persistent.json
[2026-08-19T13:52:23.453Z INFO  gresse::replica] replica 178714744544926853 discovered 23 membership descriptors during init
[2026-08-19T13:52:23.453Z INFO  gresse::network] replica 178714744544926853 discovered network member NetworkMember { pid: 178714744544926831, address: 16.170.40.83:19080, final_counter: None }
[2026-08-19T13:52:23.453Z INFO  gresse::network] replica 178714744544926853 discovered network member NetworkMember { pid: 178714744544926832, address: 16.170.40.83:19081, final_counter: None }
[2026-08-19T13:52:23.453Z INFO  gresse::network] replica 178714744544926853 discovered network member NetworkMember { pid: 178714744544926833, address: 16.170.40.83:19082, final_counter: None }
[2026-08-19T13:52:23.453Z INFO  gresse::network] replica 178714744544926853 discovered network member NetworkMember { pid: 178714744544926834, address: 16.170.40.83:19083, final_counter: None }
[2026-08-19T13:52:23.453Z INFO  gresse::network] replica 178714744544926853 discovered network member NetworkMember { pid: 178714744544926835, address: 16.170.40.83:19084, final_counter: None }
[2026-08-19T13:52:23.453Z INFO  gresse::network] replica 178714744544926853 discovered network member NetworkMember { pid: 178714744544926836, address: 63.186.69.1:19080, final_counter: None }
[2026-08-19T13:52:23.453Z INFO  gresse::network] replica 178714744544926853 discovered network member NetworkMember { pid: 178714744544926837, address: 63.186.69.1:19081, final_counter: None }
[2026-08-19T13:52:23.453Z INFO  gresse::network] replica 178714744544926853 discovered network member NetworkMember { pid: 178714744544926838, address: 63.186.69.1:19082, final_counter: None }
[2026-08-19T13:52:23.453Z INFO  gresse::network] replica 178714744544926853 discovered network member NetworkMember { pid: 178714744544926839, address: 63.186.69.1:19083, final_counter: None }
[2026-08-19T13:52:23.453Z INFO  gresse::network] replica 178714744544926853 discovered network member NetworkMember { pid: 178714744544926840, address: 63.186.69.1:19084, final_counter: None }
[2026-08-19T13:52:23.453Z INFO  gresse::network] replica 178714744544926853 discovered network member NetworkMember { pid: 178714744544926841, address: 13.219.225.164:19080, final_counter: None }
[2026-08-19T13:52:23.453Z INFO  gresse::network] replica 178714744544926853 discovered network member NetworkMember { pid: 178714744544926842, address: 13.219.225.164:19081, final_counter: None }
[2026-08-19T13:52:23.453Z INFO  gresse::network] replica 178714744544926853 discovered network member NetworkMember { pid: 178714744544926843, address: 13.219.225.164:19082, final_counter: None }
[2026-08-19T13:52:23.453Z INFO  gresse::network] replica 178714744544926853 discovered network member NetworkMember { pid: 178714744544926844, address: 13.219.225.164:19083, final_counter: None }
[2026-08-19T13:52:23.453Z INFO  gresse::network] replica 178714744544926853 discovered network member NetworkMember { pid: 178714744544926845, address: 13.219.225.164:19084, final_counter: None }
[2026-08-19T13:52:23.453Z INFO  gresse::network] replica 178714744544926853 discovered network member NetworkMember { pid: 178714744544926846, address: 54.184.138.82:19080, final_counter: None }
[2026-08-19T13:52:23.453Z INFO  gresse::network] replica 178714744544926853 discovered network member NetworkMember { pid: 178714744544926847, address: 54.184.138.82:19081, final_counter: None }
[2026-08-19T13:52:23.453Z INFO  gresse::network] replica 178714744544926853 discovered network member NetworkMember { pid: 178714744544926848, address: 54.184.138.82:19082, final_counter: None }
[2026-08-19T13:52:23.453Z INFO  gresse::network] replica 178714744544926853 discovered network member NetworkMember { pid: 178714744544926849, address: 54.184.138.82:19083, final_counter: None }
[2026-08-19T13:52:23.453Z INFO  gresse::network] replica 178714744544926853 discovered network member NetworkMember { pid: 178714744544926850, address: 54.184.138.82:19084, final_counter: None }
[2026-08-19T13:52:23.453Z INFO  gresse::network] replica 178714744544926853 discovered network member NetworkMember { pid: 178714744544926851, address: 47.129.167.193:19080, final_counter: None }
[2026-08-19T13:52:23.453Z INFO  gresse::network] replica 178714744544926853 discovered network member NetworkMember { pid: 178714744544926852, address: 47.129.167.193:19081, final_counter: None }
[2026-08-19T13:52:23.454Z INFO  gresse::network] replica 178714744544926853 registered bidirectional network channel for replica 178714744544926852
[2026-08-19T13:52:23.454Z INFO  gresse::network] replica 178714744544926853 registered bidirectional network channel for replica 178714744544926851
[2026-08-19T13:52:23.455Z INFO  gresse::replica] replica 178714744544926853 startup completed
[2026-08-19T13:52:23.455Z INFO  gresse::replica] replica 178714744544926853 established peer replication connection with replica 178714744544926852
[2026-08-19T13:52:23.455Z INFO  gresse::replica] replica 178714744544926853 established peer replication connection with replica 178714744544926851
[2026-08-19T13:52:23.574Z INFO  gresse::network] replica 178714744544926853 registered bidirectional network channel for replica 178714744544926846
[2026-08-19T13:52:23.574Z INFO  gresse::replica] replica 178714744544926853 established peer replication connection with replica 178714744544926846
[2026-08-19T13:52:23.746Z INFO  gresse::network] replica 178714744544926853 registered bidirectional network channel for replica 178714744544926847
[2026-08-19T13:52:23.746Z INFO  gresse::replica] replica 178714744544926853 established peer replication connection with replica 178714744544926847
[2026-08-19T13:52:23.769Z INFO  gresse::network] replica 178714744544926853 registered bidirectional network channel for replica 178714744544926838
[2026-08-19T13:52:23.769Z INFO  gresse::replica] replica 178714744544926853 established peer replication connection with replica 178714744544926838
[2026-08-19T13:52:23.769Z INFO  gresse::network] replica 178714744544926853 registered bidirectional network channel for replica 178714744544926837
[2026-08-19T13:52:23.769Z INFO  gresse::replica] replica 178714744544926853 established peer replication connection with replica 178714744544926837
[2026-08-19T13:52:23.769Z INFO  gresse::network] replica 178714744544926853 registered bidirectional network channel for replica 178714744544926836
[2026-08-19T13:52:23.769Z INFO  gresse::replica] replica 178714744544926853 established peer replication connection with replica 178714744544926836
[2026-08-19T13:52:23.770Z INFO  gresse::network] replica 178714744544926853 registered bidirectional network channel for replica 178714744544926839
[2026-08-19T13:52:23.770Z INFO  gresse::replica] replica 178714744544926853 established peer replication connection with replica 178714744544926839
[2026-08-19T13:52:23.770Z INFO  gresse::network] replica 178714744544926853 registered bidirectional network channel for replica 178714744544926840
[2026-08-19T13:52:23.770Z INFO  gresse::replica] replica 178714744544926853 established peer replication connection with replica 178714744544926840
[2026-08-19T13:52:23.799Z INFO  gresse::network] replica 178714744544926853 registered bidirectional network channel for replica 178714744544926850
[2026-08-19T13:52:23.799Z INFO  gresse::replica] replica 178714744544926853 established peer replication connection with replica 178714744544926850
[2026-08-19T13:52:23.799Z INFO  gresse::network] replica 178714744544926853 registered bidirectional network channel for replica 178714744544926848
[2026-08-19T13:52:23.799Z INFO  gresse::replica] replica 178714744544926853 established peer replication connection with replica 178714744544926848
[2026-08-19T13:52:23.800Z INFO  gresse::network] replica 178714744544926853 registered bidirectional network channel for replica 178714744544926849
[2026-08-19T13:52:23.800Z INFO  gresse::replica] replica 178714744544926853 established peer replication connection with replica 178714744544926849
[2026-08-19T13:52:23.808Z INFO  gresse::network] replica 178714744544926853 registered bidirectional network channel for replica 178714744544926833
[2026-08-19T13:52:23.808Z INFO  gresse::network] replica 178714744544926853 registered bidirectional network channel for replica 178714744544926831
[2026-08-19T13:52:23.808Z INFO  gresse::replica] replica 178714744544926853 established peer replication connection with replica 178714744544926833
[2026-08-19T13:52:23.808Z INFO  gresse::replica] replica 178714744544926853 established peer replication connection with replica 178714744544926831
[2026-08-19T13:52:23.810Z INFO  gresse::network] replica 178714744544926853 registered bidirectional network channel for replica 178714744544926832
[2026-08-19T13:52:23.810Z INFO  gresse::replica] replica 178714744544926853 established peer replication connection with replica 178714744544926832
[2026-08-19T13:52:23.834Z INFO  gresse::network] replica 178714744544926853 registered bidirectional network channel for replica 178714744544926835
[2026-08-19T13:52:23.834Z INFO  gresse::replica] replica 178714744544926853 established peer replication connection with replica 178714744544926835
[2026-08-19T13:52:23.840Z INFO  gresse::network] replica 178714744544926853 registered bidirectional network channel for replica 178714744544926834
[2026-08-19T13:52:23.840Z INFO  gresse::replica] replica 178714744544926853 established peer replication connection with replica 178714744544926834
[2026-08-19T13:52:23.886Z INFO  gresse::network] replica 178714744544926853 registered bidirectional network channel for replica 178714744544926843
[2026-08-19T13:52:23.886Z INFO  gresse::replica] replica 178714744544926853 established peer replication connection with replica 178714744544926843
[2026-08-19T13:52:23.894Z INFO  gresse::network] replica 178714744544926853 registered bidirectional network channel for replica 178714744544926845
[2026-08-19T13:52:23.894Z INFO  gresse::replica] replica 178714744544926853 established peer replication connection with replica 178714744544926845
[2026-08-19T13:52:23.900Z INFO  gresse::network] replica 178714744544926853 registered bidirectional network channel for replica 178714744544926841
[2026-08-19T13:52:23.900Z INFO  gresse::replica] replica 178714744544926853 established peer replication connection with replica 178714744544926841
[2026-08-19T13:52:23.900Z INFO  gresse::network] replica 178714744544926853 registered bidirectional network channel for replica 178714744544926842
[2026-08-19T13:52:23.900Z INFO  gresse::replica] replica 178714744544926853 established peer replication connection with replica 178714744544926842
[2026-08-19T13:52:23.903Z INFO  gresse::network] replica 178714744544926853 registered bidirectional network channel for replica 178714744544926844
[2026-08-19T13:52:23.903Z INFO  gresse::replica] replica 178714744544926853 established peer replication connection with replica 178714744544926844
[2026-08-19T13:52:31.691Z INFO  gresse::network] replica 178714744544926853 registered bidirectional network channel for replica 178714744544926854
[2026-08-19T13:52:31.691Z INFO  gresse::replica] replica 178714744544926853 established peer replication connection with replica 178714744544926854
[2026-08-19T13:52:39.904Z INFO  gresse::network] replica 178714744544926853 registered bidirectional network channel for replica 178714744544926855
[2026-08-19T13:52:39.904Z INFO  gresse::replica] replica 178714744544926853 established peer replication connection with replica 178714744544926855
[2026-08-19T13:52:42.457Z WARN  gresse::network] peer connection write failed: Broken pipe (os error 32)
[2026-08-19T13:52:48.349Z INFO  gresse::network] replica 178714744544926853 registered bidirectional network channel for replica 178714744544926856
[2026-08-19T13:52:48.349Z INFO  gresse::replica] replica 178714744544926853 established peer replication connection with replica 178714744544926856
[2026-08-19T13:52:56.423Z INFO  gresse::network] replica 178714744544926853 registered bidirectional network channel for replica 178714744544926857
[2026-08-19T13:52:56.423Z INFO  gresse::replica] replica 178714744544926853 established peer replication connection with replica 178714744544926857
[2026-08-19T13:53:04.852Z INFO  gresse::network] replica 178714744544926853 registered bidirectional network channel for replica 178714744544926858
[2026-08-19T13:53:04.852Z INFO  gresse::replica] replica 178714744544926853 established peer replication connection with replica 178714744544926858
[2026-08-19T13:53:12.851Z INFO  gresse::network] replica 178714744544926853 discovered network member NetworkMember { pid: 178714744544926859, address: 13.193.126.237:19083, final_counter: None }
[2026-08-19T13:53:12.989Z INFO  gresse::network] replica 178714744544926853 registered bidirectional network channel for replica 178714744544926859
[2026-08-19T13:53:12.989Z INFO  gresse::replica] replica 178714744544926853 established peer replication connection with replica 178714744544926859
[2026-08-19T13:53:18.457Z WARN  gresse::replica] replica 178714744544926853 deferred pull request to peer 178714744544926847: channel closed
[2026-08-19T13:53:21.395Z INFO  gresse::network] replica 178714744544926853 registered bidirectional network channel for replica 178714744544926860
[2026-08-19T13:53:21.395Z INFO  gresse::replica] replica 178714744544926853 established peer replication connection with replica 178714744544926860
[2026-08-19T13:55:07.457Z WARN  gresse::network] peer connection write failed: Broken pipe (os error 32)
[2026-08-19T13:55:10.457Z WARN  gresse::network] peer connection write failed: Broken pipe (os error 32)
[2026-08-19T13:55:25.729Z INFO  gresse::network] replica 178714744544926853 registered bidirectional network channel for replica 178714744544926861
[2026-08-19T13:55:25.729Z INFO  gresse::replica] replica 178714744544926853 established peer replication connection with replica 178714744544926861
[2026-08-19T13:55:27.456Z WARN  gresse::replica] replica 178714744544926853 deferred pull request to peer 178714744544926843: channel closed
[2026-08-19T13:55:27.519Z INFO  gresse::network] replica 178714744544926853 registered bidirectional network channel for replica 178714744544926862
[2026-08-19T13:55:27.519Z INFO  gresse::replica] replica 178714744544926853 established peer replication connection with replica 178714744544926862
[2026-08-19T13:55:39.457Z WARN  gresse::replica] replica 178714744544926853 deferred pull request to peer 178714744544926831: channel closed
[2026-08-19T13:56:12.844Z INFO  gresse::replica] replica 178714744544926853 observed shutdown descriptor for replica 178714744544926837 with final counter Some(2)
[2026-08-19T13:56:13.043Z INFO  gresse::replica] replica 178714744544926853 observed shutdown descriptor for replica 178714744544926849 with final counter Some(1)
[2026-08-19T13:56:17.842Z INFO  gresse::replica] replica 178714744544926853 observed shutdown descriptor for replica 178714744544926837 with final counter Some(2)
[2026-08-19T13:56:18.044Z INFO  gresse::replica] replica 178714744544926853 observed shutdown descriptor for replica 178714744544926849 with final counter Some(1)
[2026-08-19T13:56:22.847Z INFO  gresse::replica] replica 178714744544926853 observed shutdown descriptor for replica 178714744544926837 with final counter Some(2)
[2026-08-19T13:56:23.047Z INFO  gresse::replica] replica 178714744544926853 observed shutdown descriptor for replica 178714744544926849 with final counter Some(1)
[2026-08-19T13:56:27.842Z INFO  gresse::replica] replica 178714744544926853 observed shutdown descriptor for replica 178714744544926837 with final counter Some(2)
[2026-08-19T13:56:28.039Z INFO  gresse::replica] replica 178714744544926853 observed shutdown descriptor for replica 178714744544926849 with final counter Some(1)
[2026-08-19T13:56:32.842Z INFO  gresse::replica] replica 178714744544926853 observed shutdown descriptor for replica 178714744544926837 with final counter Some(2)
[2026-08-19T13:56:33.040Z INFO  gresse::replica] replica 178714744544926853 observed shutdown descriptor for replica 178714744544926849 with final counter Some(1)
[2026-08-19T13:56:37.854Z INFO  gresse::replica] replica 178714744544926853 observed shutdown descriptor for replica 178714744544926837 with final counter Some(2)
[2026-08-19T13:56:38.054Z INFO  gresse::replica] replica 178714744544926853 observed shutdown descriptor for replica 178714744544926849 with final counter Some(1)
[2026-08-19T13:56:42.838Z INFO  gresse::replica] replica 178714744544926853 observed shutdown descriptor for replica 178714744544926837 with final counter Some(2)
[2026-08-19T13:56:43.042Z INFO  gresse::replica] replica 178714744544926853 observed shutdown descriptor for replica 178714744544926849 with final counter Some(1)
[2026-08-19T13:56:47.842Z INFO  gresse::replica] replica 178714744544926853 observed shutdown descriptor for replica 178714744544926837 with final counter Some(2)
[2026-08-19T13:56:48.046Z INFO  gresse::replica] replica 178714744544926853 observed shutdown descriptor for replica 178714744544926849 with final counter Some(1)
[2026-08-19T13:56:52.839Z INFO  gresse::replica] replica 178714744544926853 observed shutdown descriptor for replica 178714744544926837 with final counter Some(2)
[2026-08-19T13:56:53.042Z INFO  gresse::replica] replica 178714744544926853 observed shutdown descriptor for replica 178714744544926849 with final counter Some(1)
[2026-08-19T13:56:55.980Z INFO  gresse::network] replica 178714744544926853 registered bidirectional network channel for replica 178714744544926863
[2026-08-19T13:56:55.980Z INFO  gresse::replica] replica 178714744544926853 established peer replication connection with replica 178714744544926863
[2026-08-19T13:56:57.843Z INFO  gresse::replica] replica 178714744544926853 observed shutdown descriptor for replica 178714744544926837 with final counter Some(2)
[2026-08-19T13:56:58.043Z INFO  gresse::replica] replica 178714744544926853 observed shutdown descriptor for replica 178714744544926849 with final counter Some(1)
[2026-08-19T13:56:58.473Z INFO  gresse::network] replica 178714744544926853 registered bidirectional network channel for replica 178714744544926864
[2026-08-19T13:56:58.473Z INFO  gresse::replica] replica 178714744544926853 established peer replication connection with replica 178714744544926864
[2026-08-19T13:57:02.870Z INFO  gresse::replica] replica 178714744544926853 observed shutdown descriptor for replica 178714744544926837 with final counter Some(2)
[2026-08-19T13:57:03.071Z INFO  gresse::replica] replica 178714744544926853 observed shutdown descriptor for replica 178714744544926849 with final counter Some(1)
[2026-08-19T13:57:07.841Z INFO  gresse::replica] replica 178714744544926853 observed shutdown descriptor for replica 178714744544926837 with final counter Some(2)
[2026-08-19T13:57:08.045Z INFO  gresse::replica] replica 178714744544926853 observed shutdown descriptor for replica 178714744544926849 with final counter Some(1)
[2026-08-19T13:57:12.842Z INFO  gresse::replica] replica 178714744544926853 observed shutdown descriptor for replica 178714744544926837 with final counter Some(2)
[2026-08-19T13:57:13.046Z INFO  gresse::replica] replica 178714744544926853 observed shutdown descriptor for replica 178714744544926849 with final counter Some(1)
[2026-08-19T13:57:17.846Z INFO  gresse::replica] replica 178714744544926853 observed shutdown descriptor for replica 178714744544926837 with final counter Some(2)
[2026-08-19T13:57:18.047Z INFO  gresse::replica] replica 178714744544926853 observed shutdown descriptor for replica 178714744544926849 with final counter Some(1)
[2026-08-19T13:57:22.842Z INFO  gresse::replica] replica 178714744544926853 observed shutdown descriptor for replica 178714744544926837 with final counter Some(2)
[2026-08-19T13:57:23.041Z INFO  gresse::replica] replica 178714744544926853 observed shutdown descriptor for replica 178714744544926849 with final counter Some(1)
[2026-08-19T13:57:27.842Z INFO  gresse::replica] replica 178714744544926853 observed shutdown descriptor for replica 178714744544926837 with final counter Some(2)
[2026-08-19T13:57:28.039Z INFO  gresse::replica] replica 178714744544926853 observed shutdown descriptor for replica 178714744544926849 with final counter Some(1)
[2026-08-19T13:57:32.844Z INFO  gresse::replica] replica 178714744544926853 observed shutdown descriptor for replica 178714744544926837 with final counter Some(2)
[2026-08-19T13:57:33.044Z INFO  gresse::replica] replica 178714744544926853 observed shutdown descriptor for replica 178714744544926849 with final counter Some(1)
[2026-08-19T13:57:37.845Z INFO  gresse::replica] replica 178714744544926853 observed shutdown descriptor for replica 178714744544926837 with final counter Some(2)
[2026-08-19T13:57:38.044Z INFO  gresse::replica] replica 178714744544926853 observed shutdown descriptor for replica 178714744544926849 with final counter Some(1)
[2026-08-19T13:57:42.842Z INFO  gresse::replica] replica 178714744544926853 observed shutdown descriptor for replica 178714744544926837 with final counter Some(2)
[2026-08-19T13:57:43.044Z INFO  gresse::replica] replica 178714744544926853 observed shutdown descriptor for replica 178714744544926849 with final counter Some(1)
[2026-08-19T13:57:47.836Z INFO  gresse::replica] replica 178714744544926853 observed shutdown descriptor for replica 178714744544926837 with final counter Some(2)
[2026-08-19T13:57:48.036Z INFO  gresse::replica] replica 178714744544926853 observed shutdown descriptor for replica 178714744544926849 with final counter Some(1)
[2026-08-19T13:57:52.843Z INFO  gresse::replica] replica 178714744544926853 observed shutdown descriptor for replica 178714744544926837 with final counter Some(2)
[2026-08-19T13:57:53.041Z INFO  gresse::replica] replica 178714744544926853 observed shutdown descriptor for replica 178714744544926849 with final counter Some(1)
[2026-08-19T13:57:58.239Z INFO  gresse::replica] replica 178714744544926853 observed shutdown descriptor for replica 178714744544926837 with final counter Some(2)
[2026-08-19T13:57:58.440Z INFO  gresse::replica] replica 178714744544926853 observed shutdown descriptor for replica 178714744544926849 with final counter Some(1)
[2026-08-19T13:58:02.844Z INFO  gresse::replica] replica 178714744544926853 observed shutdown descriptor for replica 178714744544926837 with final counter Some(2)
[2026-08-19T13:58:03.044Z INFO  gresse::replica] replica 178714744544926853 observed shutdown descriptor for replica 178714744544926849 with final counter Some(1)
[2026-08-19T13:58:07.845Z INFO  gresse::replica] replica 178714744544926853 observed shutdown descriptor for replica 178714744544926837 with final counter Some(2)
[2026-08-19T13:58:08.045Z INFO  gresse::replica] replica 178714744544926853 observed shutdown descriptor for replica 178714744544926849 with final counter Some(1)
[2026-08-19T13:58:12.848Z INFO  gresse::replica] replica 178714744544926853 observed shutdown descriptor for replica 178714744544926837 with final counter Some(2)
[2026-08-19T13:58:13.047Z INFO  gresse::replica] replica 178714744544926853 observed shutdown descriptor for replica 178714744544926849 with final counter Some(1)
[2026-08-19T13:58:17.843Z INFO  gresse::replica] replica 178714744544926853 observed shutdown descriptor for replica 178714744544926837 with final counter Some(2)
[2026-08-19T13:58:18.041Z INFO  gresse::replica] replica 178714744544926853 observed shutdown descriptor for replica 178714744544926849 with final counter Some(1)
[2026-08-19T13:58:22.843Z INFO  gresse::replica] replica 178714744544926853 observed shutdown descriptor for replica 178714744544926837 with final counter Some(2)
[2026-08-19T13:58:23.041Z INFO  gresse::replica] replica 178714744544926853 observed shutdown descriptor for replica 178714744544926849 with final counter Some(1)
[2026-08-19T13:58:27.846Z INFO  gresse::replica] replica 178714744544926853 observed shutdown descriptor for replica 178714744544926837 with final counter Some(2)
[2026-08-19T13:58:28.064Z INFO  gresse::replica] replica 178714744544926853 observed shutdown descriptor for replica 178714744544926849 with final counter Some(1)
[2026-08-19T13:58:32.848Z INFO  gresse::replica] replica 178714744544926853 observed shutdown descriptor for replica 178714744544926837 with final counter Some(2)
[2026-08-19T13:58:33.049Z INFO  gresse::replica] replica 178714744544926853 observed shutdown descriptor for replica 178714744544926849 with final counter Some(1)
[2026-08-19T13:58:37.843Z INFO  gresse::replica] replica 178714744544926853 observed shutdown descriptor for replica 178714744544926837 with final counter Some(2)
[2026-08-19T13:58:38.041Z INFO  gresse::replica] replica 178714744544926853 observed shutdown descriptor for replica 178714744544926849 with final counter Some(1)
[2026-08-19T13:58:42.843Z INFO  gresse::replica] replica 178714744544926853 observed shutdown descriptor for replica 178714744544926837 with final counter Some(2)
[2026-08-19T13:58:43.045Z INFO  gresse::replica] replica 178714744544926853 observed shutdown descriptor for replica 178714744544926849 with final counter Some(1)
[2026-08-19T13:58:47.844Z INFO  gresse::replica] replica 178714744544926853 observed shutdown descriptor for replica 178714744544926837 with final counter Some(2)
[2026-08-19T13:58:48.040Z INFO  gresse::replica] replica 178714744544926853 observed shutdown descriptor for replica 178714744544926849 with final counter Some(1)
[2026-08-19T13:58:52.849Z INFO  gresse::replica] replica 178714744544926853 observed shutdown descriptor for replica 178714744544926837 with final counter Some(2)
[2026-08-19T13:58:53.052Z INFO  gresse::replica] replica 178714744544926853 observed shutdown descriptor for replica 178714744544926849 with final counter Some(1)
[2026-08-19T13:58:57.844Z INFO  gresse::replica] replica 178714744544926853 observed shutdown descriptor for replica 178714744544926837 with final counter Some(2)
[2026-08-19T13:58:58.043Z INFO  gresse::replica] replica 178714744544926853 observed shutdown descriptor for replica 178714744544926849 with final counter Some(1)
[2026-08-19T13:59:03.726Z INFO  gresse::replica] replica 178714744544926853 observed shutdown descriptor for replica 178714744544926837 with final counter Some(2)
[2026-08-19T13:59:03.924Z INFO  gresse::replica] replica 178714744544926853 observed shutdown descriptor for replica 178714744544926849 with final counter Some(1)
[2026-08-19T13:59:07.855Z INFO  gresse::replica] replica 178714744544926853 observed shutdown descriptor for replica 178714744544926837 with final counter Some(2)
[2026-08-19T13:59:08.054Z INFO  gresse::replica] replica 178714744544926853 observed shutdown descriptor for replica 178714744544926849 with final counter Some(1)
[2026-08-19T13:59:12.846Z INFO  gresse::replica] replica 178714744544926853 observed shutdown descriptor for replica 178714744544926837 with final counter Some(2)
[2026-08-19T13:59:13.048Z INFO  gresse::replica] replica 178714744544926853 observed shutdown descriptor for replica 178714744544926849 with final counter Some(1)
[2026-08-19T13:59:17.846Z INFO  gresse::replica] replica 178714744544926853 observed shutdown descriptor for replica 178714744544926837 with final counter Some(2)
[2026-08-19T13:59:18.044Z INFO  gresse::replica] replica 178714744544926853 observed shutdown descriptor for replica 178714744544926849 with final counter Some(1)
[2026-08-19T13:59:22.842Z INFO  gresse::replica] replica 178714744544926853 observed shutdown descriptor for replica 178714744544926837 with final counter Some(2)
[2026-08-19T13:59:23.042Z INFO  gresse::replica] replica 178714744544926853 observed shutdown descriptor for replica 178714744544926849 with final counter Some(1)
[2026-08-19T13:59:27.848Z INFO  gresse::replica] replica 178714744544926853 observed shutdown descriptor for replica 178714744544926837 with final counter Some(2)
[2026-08-19T13:59:28.049Z INFO  gresse::replica] replica 178714744544926853 observed shutdown descriptor for replica 178714744544926849 with final counter Some(1)
[2026-08-19T13:59:32.839Z INFO  gresse::replica] replica 178714744544926853 observed shutdown descriptor for replica 178714744544926837 with final counter Some(2)
[2026-08-19T13:59:33.043Z INFO  gresse::replica] replica 178714744544926853 observed shutdown descriptor for replica 178714744544926849 with final counter Some(1)
[2026-08-19T13:59:37.846Z INFO  gresse::replica] replica 178714744544926853 observed shutdown descriptor for replica 178714744544926837 with final counter Some(2)
[2026-08-19T13:59:38.049Z INFO  gresse::replica] replica 178714744544926853 observed shutdown descriptor for replica 178714744544926849 with final counter Some(1)
[2026-08-19T13:59:42.839Z INFO  gresse::replica] replica 178714744544926853 observed shutdown descriptor for replica 178714744544926837 with final counter Some(2)
[2026-08-19T13:59:43.042Z INFO  gresse::replica] replica 178714744544926853 observed shutdown descriptor for replica 178714744544926849 with final counter Some(1)
[2026-08-19T13:59:47.842Z INFO  gresse::replica] replica 178714744544926853 observed shutdown descriptor for replica 178714744544926837 with final counter Some(2)
[2026-08-19T13:59:48.045Z INFO  gresse::replica] replica 178714744544926853 observed shutdown descriptor for replica 178714744544926849 with final counter Some(1)
[2026-08-19T13:59:52.841Z INFO  gresse::replica] replica 178714744544926853 observed shutdown descriptor for replica 178714744544926837 with final counter Some(2)
[2026-08-19T13:59:53.043Z INFO  gresse::replica] replica 178714744544926853 observed shutdown descriptor for replica 178714744544926849 with final counter Some(1)
[2026-08-19T13:59:57.840Z INFO  gresse::replica] replica 178714744544926853 observed shutdown descriptor for replica 178714744544926837 with final counter Some(2)
[2026-08-19T13:59:58.044Z INFO  gresse::replica] replica 178714744544926853 observed shutdown descriptor for replica 178714744544926849 with final counter Some(1)
[2026-08-19T14:00:02.840Z INFO  gresse::replica] replica 178714744544926853 observed shutdown descriptor for replica 178714744544926837 with final counter Some(2)
[2026-08-19T14:00:03.041Z INFO  gresse::replica] replica 178714744544926853 observed shutdown descriptor for replica 178714744544926849 with final counter Some(1)
[2026-08-19T14:00:07.844Z INFO  gresse::replica] replica 178714744544926853 observed shutdown descriptor for replica 178714744544926832 with final counter Some(5)
[2026-08-19T14:00:08.041Z INFO  gresse::replica] replica 178714744544926853 observed shutdown descriptor for replica 178714744544926833 with final counter Some(4)
[2026-08-19T14:00:08.241Z INFO  gresse::replica] replica 178714744544926853 observed shutdown descriptor for replica 178714744544926837 with final counter Some(2)
[2026-08-19T14:00:08.447Z INFO  gresse::replica] replica 178714744544926853 observed shutdown descriptor for replica 178714744544926849 with final counter Some(1)
[2026-08-19T14:00:08.647Z INFO  gresse::replica] replica 178714744544926853 observed shutdown descriptor for replica 178714744544926861 with final counter Some(3)
[2026-08-19T14:00:12.843Z INFO  gresse::replica] replica 178714744544926853 observed shutdown descriptor for replica 178714744544926832 with final counter Some(5)
[2026-08-19T14:00:13.042Z INFO  gresse::replica] replica 178714744544926853 observed shutdown descriptor for replica 178714744544926833 with final counter Some(4)
[2026-08-19T14:00:13.244Z INFO  gresse::replica] replica 178714744544926853 observed shutdown descriptor for replica 178714744544926834 with final counter Some(4)
[2026-08-19T14:00:13.443Z INFO  gresse::replica] replica 178714744544926853 observed shutdown descriptor for replica 178714744544926835 with final counter Some(4)
[2026-08-19T14:00:13.645Z INFO  gresse::replica] replica 178714744544926853 observed shutdown descriptor for replica 178714744544926836 with final counter Some(4)
[2026-08-19T14:00:13.848Z INFO  gresse::replica] replica 178714744544926853 observed shutdown descriptor for replica 178714744544926837 with final counter Some(2)
[2026-08-19T14:00:14.051Z INFO  gresse::replica] replica 178714744544926853 observed shutdown descriptor for replica 178714744544926849 with final counter Some(1)
[2026-08-19T14:00:14.250Z INFO  gresse::replica] replica 178714744544926853 observed shutdown descriptor for replica 178714744544926861 with final counter Some(3)
[2026-08-19T14:00:14.450Z INFO  gresse::replica] replica 178714744544926853 observed shutdown descriptor for replica 178714744544926863 with final counter Some(1)
[2026-08-19T14:00:17.843Z INFO  gresse::replica] replica 178714744544926853 observed shutdown descriptor for replica 178714744544926832 with final counter Some(5)
[2026-08-19T14:00:18.042Z INFO  gresse::replica] replica 178714744544926853 observed shutdown descriptor for replica 178714744544926833 with final counter Some(4)
[2026-08-19T14:00:18.242Z INFO  gresse::replica] replica 178714744544926853 observed shutdown descriptor for replica 178714744544926834 with final counter Some(4)
[2026-08-19T14:00:18.442Z INFO  gresse::replica] replica 178714744544926853 observed shutdown descriptor for replica 178714744544926835 with final counter Some(4)
[2026-08-19T14:00:18.646Z INFO  gresse::replica] replica 178714744544926853 observed shutdown descriptor for replica 178714744544926836 with final counter Some(4)
[2026-08-19T14:00:18.847Z INFO  gresse::replica] replica 178714744544926853 observed shutdown descriptor for replica 178714744544926837 with final counter Some(2)
[2026-08-19T14:00:19.046Z INFO  gresse::replica] replica 178714744544926853 observed shutdown descriptor for replica 178714744544926838 with final counter Some(4)
[2026-08-19T14:00:19.247Z INFO  gresse::replica] replica 178714744544926853 observed shutdown descriptor for replica 178714744544926839 with final counter Some(4)
[2026-08-19T14:00:19.445Z INFO  gresse::replica] replica 178714744544926853 observed shutdown descriptor for replica 178714744544926840 with final counter Some(4)
[2026-08-19T14:00:19.646Z INFO  gresse::replica] replica 178714744544926853 observed shutdown descriptor for replica 178714744544926849 with final counter Some(1)
[2026-08-19T14:00:19.848Z INFO  gresse::replica] replica 178714744544926853 observed shutdown descriptor for replica 178714744544926861 with final counter Some(3)
[2026-08-19T14:00:20.046Z INFO  gresse::replica] replica 178714744544926853 observed shutdown descriptor for replica 178714744544926863 with final counter Some(1)
[2026-08-19T14:00:22.850Z INFO  gresse::replica] replica 178714744544926853 observed shutdown descriptor for replica 178714744544926832 with final counter Some(5)
[2026-08-19T14:00:23.052Z INFO  gresse::replica] replica 178714744544926853 observed shutdown descriptor for replica 178714744544926833 with final counter Some(4)
[2026-08-19T14:00:23.252Z INFO  gresse::replica] replica 178714744544926853 observed shutdown descriptor for replica 178714744544926834 with final counter Some(4)
[2026-08-19T14:00:23.451Z INFO  gresse::replica] replica 178714744544926853 observed shutdown descriptor for replica 178714744544926835 with final counter Some(4)
[2026-08-19T14:00:23.653Z INFO  gresse::replica] replica 178714744544926853 observed shutdown descriptor for replica 178714744544926836 with final counter Some(4)
[2026-08-19T14:00:23.853Z INFO  gresse::replica] replica 178714744544926853 observed shutdown descriptor for replica 178714744544926837 with final counter Some(2)
[2026-08-19T14:00:24.053Z INFO  gresse::replica] replica 178714744544926853 observed shutdown descriptor for replica 178714744544926838 with final counter Some(4)
[2026-08-19T14:00:24.257Z INFO  gresse::replica] replica 178714744544926853 observed shutdown descriptor for replica 178714744544926839 with final counter Some(4)
[2026-08-19T14:00:24.456Z INFO  gresse::replica] replica 178714744544926853 observed shutdown descriptor for replica 178714744544926840 with final counter Some(4)
[2026-08-19T14:00:24.658Z INFO  gresse::replica] replica 178714744544926853 observed shutdown descriptor for replica 178714744544926841 with final counter Some(4)
[2026-08-19T14:00:24.858Z INFO  gresse::replica] replica 178714744544926853 observed shutdown descriptor for replica 178714744544926849 with final counter Some(1)
[2026-08-19T14:00:25.055Z INFO  gresse::replica] replica 178714744544926853 observed shutdown descriptor for replica 178714744544926861 with final counter Some(3)
[2026-08-19T14:00:25.253Z INFO  gresse::replica] replica 178714744544926853 observed shutdown descriptor for replica 178714744544926863 with final counter Some(1)
[2026-08-19T14:00:27.848Z INFO  gresse::replica] replica 178714744544926853 observed shutdown descriptor for replica 178714744544926832 with final counter Some(5)
[2026-08-19T14:00:28.051Z INFO  gresse::replica] replica 178714744544926853 observed shutdown descriptor for replica 178714744544926833 with final counter Some(4)
[2026-08-19T14:00:28.251Z INFO  gresse::replica] replica 178714744544926853 observed shutdown descriptor for replica 178714744544926834 with final counter Some(4)
[2026-08-19T14:00:28.451Z INFO  gresse::replica] replica 178714744544926853 observed shutdown descriptor for replica 178714744544926835 with final counter Some(4)
[2026-08-19T14:00:28.650Z INFO  gresse::replica] replica 178714744544926853 observed shutdown descriptor for replica 178714744544926836 with final counter Some(4)
[2026-08-19T14:00:28.851Z INFO  gresse::replica] replica 178714744544926853 observed shutdown descriptor for replica 178714744544926837 with final counter Some(2)
[2026-08-19T14:00:29.055Z INFO  gresse::replica] replica 178714744544926853 observed shutdown descriptor for replica 178714744544926838 with final counter Some(4)
[2026-08-19T14:00:29.258Z INFO  gresse::replica] replica 178714744544926853 observed shutdown descriptor for replica 178714744544926839 with final counter Some(4)
[2026-08-19T14:00:29.457Z INFO  gresse::replica] replica 178714744544926853 observed shutdown descriptor for replica 178714744544926840 with final counter Some(4)
[2026-08-19T14:00:29.659Z INFO  gresse::replica] replica 178714744544926853 observed shutdown descriptor for replica 178714744544926841 with final counter Some(4)
[2026-08-19T14:00:29.858Z INFO  gresse::replica] replica 178714744544926853 observed shutdown descriptor for replica 178714744544926842 with final counter Some(4)
[2026-08-19T14:00:30.058Z INFO  gresse::replica] replica 178714744544926853 observed shutdown descriptor for replica 178714744544926849 with final counter Some(1)
[2026-08-19T14:00:30.259Z INFO  gresse::replica] replica 178714744544926853 observed shutdown descriptor for replica 178714744544926861 with final counter Some(3)
[2026-08-19T14:00:30.458Z INFO  gresse::replica] replica 178714744544926853 observed shutdown descriptor for replica 178714744544926863 with final counter Some(1)
[2026-08-19T14:00:33.387Z INFO  gresse::replica] replica 178714744544926853 observed shutdown descriptor for replica 178714744544926832 with final counter Some(5)
[2026-08-19T14:00:33.588Z INFO  gresse::replica] replica 178714744544926853 observed shutdown descriptor for replica 178714744544926833 with final counter Some(4)
[2026-08-19T14:00:33.790Z INFO  gresse::replica] replica 178714744544926853 observed shutdown descriptor for replica 178714744544926834 with final counter Some(4)
[2026-08-19T14:00:33.989Z INFO  gresse::replica] replica 178714744544926853 observed shutdown descriptor for replica 178714744544926835 with final counter Some(4)
[2026-08-19T14:00:34.190Z INFO  gresse::replica] replica 178714744544926853 observed shutdown descriptor for replica 178714744544926836 with final counter Some(4)
[2026-08-19T14:00:34.391Z INFO  gresse::replica] replica 178714744544926853 observed shutdown descriptor for replica 178714744544926837 with final counter Some(2)
[2026-08-19T14:00:34.593Z INFO  gresse::replica] replica 178714744544926853 observed shutdown descriptor for replica 178714744544926838 with final counter Some(4)
[2026-08-19T14:00:34.789Z INFO  gresse::replica] replica 178714744544926853 observed shutdown descriptor for replica 178714744544926839 with final counter Some(4)
[2026-08-19T14:00:34.990Z INFO  gresse::replica] replica 178714744544926853 observed shutdown descriptor for replica 178714744544926840 with final counter Some(4)
[2026-08-19T14:00:35.192Z INFO  gresse::replica] replica 178714744544926853 observed shutdown descriptor for replica 178714744544926841 with final counter Some(4)
[2026-08-19T14:00:35.391Z INFO  gresse::replica] replica 178714744544926853 observed shutdown descriptor for replica 178714744544926842 with final counter Some(4)
[2026-08-19T14:00:35.594Z INFO  gresse::replica] replica 178714744544926853 observed shutdown descriptor for replica 178714744544926849 with final counter Some(1)
[2026-08-19T14:00:35.792Z INFO  gresse::replica] replica 178714744544926853 observed shutdown descriptor for replica 178714744544926861 with final counter Some(3)
[2026-08-19T14:00:35.988Z INFO  gresse::replica] replica 178714744544926853 observed shutdown descriptor for replica 178714744544926862 with final counter Some(2)
[2026-08-19T14:00:36.184Z INFO  gresse::replica] replica 178714744544926853 observed shutdown descriptor for replica 178714744544926863 with final counter Some(1)
[2026-08-19T14:00:37.857Z INFO  gresse::replica] replica 178714744544926853 observed shutdown descriptor for replica 178714744544926832 with final counter Some(5)
[2026-08-19T14:00:38.056Z INFO  gresse::replica] replica 178714744544926853 observed shutdown descriptor for replica 178714744544926833 with final counter Some(4)
[2026-08-19T14:00:38.257Z INFO  gresse::replica] replica 178714744544926853 observed shutdown descriptor for replica 178714744544926834 with final counter Some(4)
[2026-08-19T14:00:38.455Z INFO  gresse::replica] replica 178714744544926853 observed shutdown descriptor for replica 178714744544926835 with final counter Some(4)
[2026-08-19T14:00:38.656Z INFO  gresse::replica] replica 178714744544926853 observed shutdown descriptor for replica 178714744544926836 with final counter Some(4)
[2026-08-19T14:00:38.857Z INFO  gresse::replica] replica 178714744544926853 observed shutdown descriptor for replica 178714744544926837 with final counter Some(2)
[2026-08-19T14:00:39.056Z INFO  gresse::replica] replica 178714744544926853 observed shutdown descriptor for replica 178714744544926838 with final counter Some(4)
[2026-08-19T14:00:39.253Z INFO  gresse::replica] replica 178714744544926853 observed shutdown descriptor for replica 178714744544926839 with final counter Some(4)
[2026-08-19T14:00:39.452Z INFO  gresse::replica] replica 178714744544926853 observed shutdown descriptor for replica 178714744544926840 with final counter Some(4)
[2026-08-19T14:00:39.655Z INFO  gresse::replica] replica 178714744544926853 observed shutdown descriptor for replica 178714744544926841 with final counter Some(4)
[2026-08-19T14:00:39.855Z INFO  gresse::replica] replica 178714744544926853 observed shutdown descriptor for replica 178714744544926842 with final counter Some(4)
[2026-08-19T14:00:40.053Z INFO  gresse::replica] replica 178714744544926853 observed shutdown descriptor for replica 178714744544926844 with final counter Some(4)
[2026-08-19T14:00:40.252Z INFO  gresse::replica] replica 178714744544926853 observed shutdown descriptor for replica 178714744544926849 with final counter Some(1)
[2026-08-19T14:00:40.450Z INFO  gresse::replica] replica 178714744544926853 observed shutdown descriptor for replica 178714744544926861 with final counter Some(3)
[2026-08-19T14:00:40.650Z INFO  gresse::replica] replica 178714744544926853 observed shutdown descriptor for replica 178714744544926862 with final counter Some(2)
[2026-08-19T14:00:40.849Z INFO  gresse::replica] replica 178714744544926853 observed shutdown descriptor for replica 178714744544926863 with final counter Some(1)
[2026-08-19T14:00:41.457Z WARN  gresse::network] peer connection write failed: Broken pipe (os error 32)
[2026-08-19T14:00:42.849Z INFO  gresse::replica] replica 178714744544926853 observed shutdown descriptor for replica 178714744544926832 with final counter Some(5)
[2026-08-19T14:00:43.052Z INFO  gresse::replica] replica 178714744544926853 observed shutdown descriptor for replica 178714744544926833 with final counter Some(4)
[2026-08-19T14:00:43.252Z INFO  gresse::replica] replica 178714744544926853 observed shutdown descriptor for replica 178714744544926834 with final counter Some(4)
[2026-08-19T14:00:43.454Z INFO  gresse::replica] replica 178714744544926853 observed shutdown descriptor for replica 178714744544926835 with final counter Some(4)
[2026-08-19T14:00:43.655Z INFO  gresse::replica] replica 178714744544926853 observed shutdown descriptor for replica 178714744544926836 with final counter Some(4)
[2026-08-19T14:00:43.855Z INFO  gresse::replica] replica 178714744544926853 observed shutdown descriptor for replica 178714744544926837 with final counter Some(2)
[2026-08-19T14:00:44.056Z INFO  gresse::replica] replica 178714744544926853 observed shutdown descriptor for replica 178714744544926838 with final counter Some(4)
[2026-08-19T14:00:44.256Z INFO  gresse::replica] replica 178714744544926853 observed shutdown descriptor for replica 178714744544926839 with final counter Some(4)
[2026-08-19T14:00:44.456Z INFO  gresse::replica] replica 178714744544926853 observed shutdown descriptor for replica 178714744544926840 with final counter Some(4)
[2026-08-19T14:00:44.658Z INFO  gresse::replica] replica 178714744544926853 observed shutdown descriptor for replica 178714744544926841 with final counter Some(4)
[2026-08-19T14:00:44.860Z INFO  gresse::replica] replica 178714744544926853 observed shutdown descriptor for replica 178714744544926842 with final counter Some(4)
[2026-08-19T14:00:45.057Z INFO  gresse::replica] replica 178714744544926853 observed shutdown descriptor for replica 178714744544926844 with final counter Some(4)
[2026-08-19T14:00:45.256Z INFO  gresse::replica] replica 178714744544926853 observed shutdown descriptor for replica 178714744544926845 with final counter Some(4)
[2026-08-19T14:00:45.458Z INFO  gresse::replica] replica 178714744544926853 observed shutdown descriptor for replica 178714744544926849 with final counter Some(1)
[2026-08-19T14:00:45.655Z INFO  gresse::replica] replica 178714744544926853 observed shutdown descriptor for replica 178714744544926861 with final counter Some(3)
[2026-08-19T14:00:45.859Z INFO  gresse::replica] replica 178714744544926853 observed shutdown descriptor for replica 178714744544926862 with final counter Some(2)
[2026-08-19T14:00:46.055Z INFO  gresse::replica] replica 178714744544926853 observed shutdown descriptor for replica 178714744544926863 with final counter Some(1)
[2026-08-19T14:00:47.846Z INFO  gresse::replica] replica 178714744544926853 observed shutdown descriptor for replica 178714744544926832 with final counter Some(5)
[2026-08-19T14:00:48.047Z INFO  gresse::replica] replica 178714744544926853 observed shutdown descriptor for replica 178714744544926833 with final counter Some(4)
[2026-08-19T14:00:48.248Z INFO  gresse::replica] replica 178714744544926853 observed shutdown descriptor for replica 178714744544926834 with final counter Some(4)
[2026-08-19T14:00:48.450Z INFO  gresse::replica] replica 178714744544926853 observed shutdown descriptor for replica 178714744544926835 with final counter Some(4)
[2026-08-19T14:00:48.651Z INFO  gresse::replica] replica 178714744544926853 observed shutdown descriptor for replica 178714744544926836 with final counter Some(4)
[2026-08-19T14:00:48.846Z INFO  gresse::replica] replica 178714744544926853 observed shutdown descriptor for replica 178714744544926837 with final counter Some(2)
[2026-08-19T14:00:49.044Z INFO  gresse::replica] replica 178714744544926853 observed shutdown descriptor for replica 178714744544926838 with final counter Some(4)
[2026-08-19T14:00:49.240Z INFO  gresse::replica] replica 178714744544926853 observed shutdown descriptor for replica 178714744544926839 with final counter Some(4)
[2026-08-19T14:00:49.438Z INFO  gresse::replica] replica 178714744544926853 observed shutdown descriptor for replica 178714744544926840 with final counter Some(4)
[2026-08-19T14:00:49.637Z INFO  gresse::replica] replica 178714744544926853 observed shutdown descriptor for replica 178714744544926841 with final counter Some(4)
[2026-08-19T14:00:49.839Z INFO  gresse::replica] replica 178714744544926853 observed shutdown descriptor for replica 178714744544926842 with final counter Some(4)
[2026-08-19T14:00:50.036Z INFO  gresse::replica] replica 178714744544926853 observed shutdown descriptor for replica 178714744544926844 with final counter Some(4)
[2026-08-19T14:00:50.233Z INFO  gresse::replica] replica 178714744544926853 observed shutdown descriptor for replica 178714744544926845 with final counter Some(4)
[2026-08-19T14:00:50.434Z INFO  gresse::replica] replica 178714744544926853 observed shutdown descriptor for replica 178714744544926846 with final counter Some(4)
[2026-08-19T14:00:50.634Z INFO  gresse::replica] replica 178714744544926853 observed shutdown descriptor for replica 178714744544926849 with final counter Some(1)
[2026-08-19T14:00:50.835Z INFO  gresse::replica] replica 178714744544926853 observed shutdown descriptor for replica 178714744544926861 with final counter Some(3)
[2026-08-19T14:00:51.034Z INFO  gresse::replica] replica 178714744544926853 observed shutdown descriptor for replica 178714744544926862 with final counter Some(2)
[2026-08-19T14:00:51.234Z INFO  gresse::replica] replica 178714744544926853 observed shutdown descriptor for replica 178714744544926863 with final counter Some(1)
[2026-08-19T14:00:52.847Z INFO  gresse::replica] replica 178714744544926853 observed shutdown descriptor for replica 178714744544926832 with final counter Some(5)
[2026-08-19T14:00:53.050Z INFO  gresse::replica] replica 178714744544926853 observed shutdown descriptor for replica 178714744544926833 with final counter Some(4)
[2026-08-19T14:00:53.246Z INFO  gresse::replica] replica 178714744544926853 observed shutdown descriptor for replica 178714744544926834 with final counter Some(4)
[2026-08-19T14:00:53.446Z INFO  gresse::replica] replica 178714744544926853 observed shutdown descriptor for replica 178714744544926835 with final counter Some(4)
[2026-08-19T14:00:53.647Z INFO  gresse::replica] replica 178714744544926853 observed shutdown descriptor for replica 178714744544926836 with final counter Some(4)
[2026-08-19T14:00:53.843Z INFO  gresse::replica] replica 178714744544926853 observed shutdown descriptor for replica 178714744544926837 with final counter Some(2)
[2026-08-19T14:00:54.041Z INFO  gresse::replica] replica 178714744544926853 observed shutdown descriptor for replica 178714744544926838 with final counter Some(4)
[2026-08-19T14:00:54.239Z INFO  gresse::replica] replica 178714744544926853 observed shutdown descriptor for replica 178714744544926839 with final counter Some(4)
[2026-08-19T14:00:54.438Z INFO  gresse::replica] replica 178714744544926853 observed shutdown descriptor for replica 178714744544926840 with final counter Some(4)
[2026-08-19T14:00:54.634Z INFO  gresse::replica] replica 178714744544926853 observed shutdown descriptor for replica 178714744544926841 with final counter Some(4)
[2026-08-19T14:00:54.835Z INFO  gresse::replica] replica 178714744544926853 observed shutdown descriptor for replica 178714744544926842 with final counter Some(4)
[2026-08-19T14:00:55.033Z INFO  gresse::replica] replica 178714744544926853 observed shutdown descriptor for replica 178714744544926844 with final counter Some(4)
[2026-08-19T14:00:55.231Z INFO  gresse::replica] replica 178714744544926853 observed shutdown descriptor for replica 178714744544926845 with final counter Some(4)
[2026-08-19T14:00:55.427Z INFO  gresse::replica] replica 178714744544926853 observed shutdown descriptor for replica 178714744544926846 with final counter Some(4)
[2026-08-19T14:00:55.625Z INFO  gresse::replica] replica 178714744544926853 observed shutdown descriptor for replica 178714744544926849 with final counter Some(1)
[2026-08-19T14:00:55.822Z INFO  gresse::replica] replica 178714744544926853 observed shutdown descriptor for replica 178714744544926861 with final counter Some(3)
[2026-08-19T14:00:56.017Z INFO  gresse::replica] replica 178714744544926853 observed shutdown descriptor for replica 178714744544926862 with final counter Some(2)
[2026-08-19T14:00:56.215Z INFO  gresse::replica] replica 178714744544926853 observed shutdown descriptor for replica 178714744544926863 with final counter Some(1)
[2026-08-19T14:00:57.843Z INFO  gresse::replica] replica 178714744544926853 observed shutdown descriptor for replica 178714744544926832 with final counter Some(5)
[2026-08-19T14:00:58.039Z INFO  gresse::replica] replica 178714744544926853 observed shutdown descriptor for replica 178714744544926833 with final counter Some(4)
[2026-08-19T14:00:58.234Z INFO  gresse::replica] replica 178714744544926853 observed shutdown descriptor for replica 178714744544926834 with final counter Some(4)
[2026-08-19T14:00:58.435Z INFO  gresse::replica] replica 178714744544926853 observed shutdown descriptor for replica 178714744544926835 with final counter Some(4)
[2026-08-19T14:00:58.637Z INFO  gresse::replica] replica 178714744544926853 observed shutdown descriptor for replica 178714744544926836 with final counter Some(4)
[2026-08-19T14:00:58.834Z INFO  gresse::replica] replica 178714744544926853 observed shutdown descriptor for replica 178714744544926837 with final counter Some(2)
[2026-08-19T14:00:59.030Z INFO  gresse::replica] replica 178714744544926853 observed shutdown descriptor for replica 178714744544926838 with final counter Some(4)
[2026-08-19T14:00:59.230Z INFO  gresse::replica] replica 178714744544926853 observed shutdown descriptor for replica 178714744544926839 with final counter Some(4)
[2026-08-19T14:00:59.432Z INFO  gresse::replica] replica 178714744544926853 observed shutdown descriptor for replica 178714744544926840 with final counter Some(4)
[2026-08-19T14:00:59.629Z INFO  gresse::replica] replica 178714744544926853 observed shutdown descriptor for replica 178714744544926841 with final counter Some(4)
[2026-08-19T14:00:59.826Z INFO  gresse::replica] replica 178714744544926853 observed shutdown descriptor for replica 178714744544926842 with final counter Some(4)
[2026-08-19T14:01:00.438Z INFO  gresse::replica] replica 178714744544926853 observed shutdown descriptor for replica 178714744544926844 with final counter Some(4)
[2026-08-19T14:01:00.651Z INFO  gresse::replica] replica 178714744544926853 observed shutdown descriptor for replica 178714744544926845 with final counter Some(4)
[2026-08-19T14:01:00.867Z INFO  gresse::replica] replica 178714744544926853 observed shutdown descriptor for replica 178714744544926846 with final counter Some(4)
[2026-08-19T14:01:01.082Z INFO  gresse::replica] replica 178714744544926853 observed shutdown descriptor for replica 178714744544926847 with final counter Some(4)
[2026-08-19T14:01:01.298Z INFO  gresse::replica] replica 178714744544926853 observed shutdown descriptor for replica 178714744544926849 with final counter Some(1)
[2026-08-19T14:01:01.513Z INFO  gresse::replica] replica 178714744544926853 observed shutdown descriptor for replica 178714744544926861 with final counter Some(3)
[2026-08-19T14:01:01.728Z INFO  gresse::replica] replica 178714744544926853 observed shutdown descriptor for replica 178714744544926862 with final counter Some(2)
[2026-08-19T14:01:01.942Z INFO  gresse::replica] replica 178714744544926853 observed shutdown descriptor for replica 178714744544926863 with final counter Some(1)
[2026-08-19T14:01:03.058Z INFO  gresse::replica] replica 178714744544926853 observed shutdown descriptor for replica 178714744544926832 with final counter Some(5)
[2026-08-19T14:01:03.274Z INFO  gresse::replica] replica 178714744544926853 observed shutdown descriptor for replica 178714744544926833 with final counter Some(4)
[2026-08-19T14:01:03.493Z INFO  gresse::replica] replica 178714744544926853 observed shutdown descriptor for replica 178714744544926834 with final counter Some(4)
[2026-08-19T14:01:03.710Z INFO  gresse::replica] replica 178714744544926853 observed shutdown descriptor for replica 178714744544926835 with final counter Some(4)
[2026-08-19T14:01:03.927Z INFO  gresse::replica] replica 178714744544926853 observed shutdown descriptor for replica 178714744544926836 with final counter Some(4)
[2026-08-19T14:01:04.144Z INFO  gresse::replica] replica 178714744544926853 observed shutdown descriptor for replica 178714744544926837 with final counter Some(2)
[2026-08-19T14:01:04.362Z INFO  gresse::replica] replica 178714744544926853 observed shutdown descriptor for replica 178714744544926838 with final counter Some(4)
[2026-08-19T14:01:04.576Z INFO  gresse::replica] replica 178714744544926853 observed shutdown descriptor for replica 178714744544926839 with final counter Some(4)
[2026-08-19T14:01:04.790Z INFO  gresse::replica] replica 178714744544926853 observed shutdown descriptor for replica 178714744544926840 with final counter Some(4)
[2026-08-19T14:01:05.006Z INFO  gresse::replica] replica 178714744544926853 observed shutdown descriptor for replica 178714744544926841 with final counter Some(4)
[2026-08-19T14:01:05.218Z INFO  gresse::replica] replica 178714744544926853 observed shutdown descriptor for replica 178714744544926842 with final counter Some(4)
[2026-08-19T14:01:05.434Z INFO  gresse::replica] replica 178714744544926853 observed shutdown descriptor for replica 178714744544926844 with final counter Some(4)
[2026-08-19T14:01:05.651Z INFO  gresse::replica] replica 178714744544926853 observed shutdown descriptor for replica 178714744544926845 with final counter Some(4)
[2026-08-19T14:01:05.870Z INFO  gresse::replica] replica 178714744544926853 observed shutdown descriptor for replica 178714744544926846 with final counter Some(4)
[2026-08-19T14:01:06.087Z INFO  gresse::replica] replica 178714744544926853 observed shutdown descriptor for replica 178714744544926847 with final counter Some(4)
[2026-08-19T14:01:06.301Z INFO  gresse::replica] replica 178714744544926853 observed shutdown descriptor for replica 178714744544926849 with final counter Some(1)
[2026-08-19T14:01:06.518Z INFO  gresse::replica] replica 178714744544926853 observed shutdown descriptor for replica 178714744544926861 with final counter Some(3)
[2026-08-19T14:01:06.737Z INFO  gresse::replica] replica 178714744544926853 observed shutdown descriptor for replica 178714744544926862 with final counter Some(2)
[2026-08-19T14:01:06.952Z INFO  gresse::replica] replica 178714744544926853 observed shutdown descriptor for replica 178714744544926863 with final counter Some(1)
[2026-08-19T14:01:08.059Z INFO  gresse::replica] replica 178714744544926853 observed shutdown descriptor for replica 178714744544926832 with final counter Some(5)
[2026-08-19T14:01:08.273Z INFO  gresse::replica] replica 178714744544926853 observed shutdown descriptor for replica 178714744544926833 with final counter Some(4)
[2026-08-19T14:01:08.492Z INFO  gresse::replica] replica 178714744544926853 observed shutdown descriptor for replica 178714744544926834 with final counter Some(4)
[2026-08-19T14:01:08.708Z INFO  gresse::replica] replica 178714744544926853 observed shutdown descriptor for replica 178714744544926835 with final counter Some(4)
[2026-08-19T14:01:08.922Z INFO  gresse::replica] replica 178714744544926853 observed shutdown descriptor for replica 178714744544926836 with final counter Some(4)
[2026-08-19T14:01:09.136Z INFO  gresse::replica] replica 178714744544926853 observed shutdown descriptor for replica 178714744544926837 with final counter Some(2)
[2026-08-19T14:01:09.352Z INFO  gresse::replica] replica 178714744544926853 observed shutdown descriptor for replica 178714744544926838 with final counter Some(4)
[2026-08-19T14:01:09.570Z INFO  gresse::replica] replica 178714744544926853 observed shutdown descriptor for replica 178714744544926839 with final counter Some(4)
[2026-08-19T14:01:09.787Z INFO  gresse::replica] replica 178714744544926853 observed shutdown descriptor for replica 178714744544926840 with final counter Some(4)
[2026-08-19T14:01:10.002Z INFO  gresse::replica] replica 178714744544926853 observed shutdown descriptor for replica 178714744544926841 with final counter Some(4)
[2026-08-19T14:01:10.220Z INFO  gresse::replica] replica 178714744544926853 observed shutdown descriptor for replica 178714744544926842 with final counter Some(4)
[2026-08-19T14:01:10.438Z INFO  gresse::replica] replica 178714744544926853 observed shutdown descriptor for replica 178714744544926844 with final counter Some(4)
[2026-08-19T14:01:10.672Z INFO  gresse::replica] replica 178714744544926853 observed shutdown descriptor for replica 178714744544926845 with final counter Some(4)
[2026-08-19T14:01:10.888Z INFO  gresse::replica] replica 178714744544926853 observed shutdown descriptor for replica 178714744544926846 with final counter Some(4)
[2026-08-19T14:01:11.107Z INFO  gresse::replica] replica 178714744544926853 observed shutdown descriptor for replica 178714744544926847 with final counter Some(4)
[2026-08-19T14:01:11.323Z INFO  gresse::replica] replica 178714744544926853 observed shutdown descriptor for replica 178714744544926848 with final counter Some(4)
[2026-08-19T14:01:11.542Z INFO  gresse::replica] replica 178714744544926853 observed shutdown descriptor for replica 178714744544926849 with final counter Some(1)
[2026-08-19T14:01:11.761Z INFO  gresse::replica] replica 178714744544926853 observed shutdown descriptor for replica 178714744544926861 with final counter Some(3)
[2026-08-19T14:01:11.979Z INFO  gresse::replica] replica 178714744544926853 observed shutdown descriptor for replica 178714744544926862 with final counter Some(2)
[2026-08-19T14:01:12.195Z INFO  gresse::replica] replica 178714744544926853 observed shutdown descriptor for replica 178714744544926863 with final counter Some(1)
[2026-08-19T14:01:12.872Z INFO  gresse::replica] replica 178714744544926853 observed shutdown descriptor for replica 178714744544926832 with final counter Some(5)
[2026-08-19T14:01:13.088Z INFO  gresse::replica] replica 178714744544926853 observed shutdown descriptor for replica 178714744544926833 with final counter Some(4)
[2026-08-19T14:01:13.301Z INFO  gresse::replica] replica 178714744544926853 observed shutdown descriptor for replica 178714744544926834 with final counter Some(4)
[2026-08-19T14:01:13.518Z INFO  gresse::replica] replica 178714744544926853 observed shutdown descriptor for replica 178714744544926835 with final counter Some(4)
[2026-08-19T14:01:13.733Z INFO  gresse::replica] replica 178714744544926853 observed shutdown descriptor for replica 178714744544926836 with final counter Some(4)
[2026-08-19T14:01:13.950Z INFO  gresse::replica] replica 178714744544926853 observed shutdown descriptor for replica 178714744544926837 with final counter Some(2)
[2026-08-19T14:01:14.163Z INFO  gresse::replica] replica 178714744544926853 observed shutdown descriptor for replica 178714744544926838 with final counter Some(4)
[2026-08-19T14:01:14.379Z INFO  gresse::replica] replica 178714744544926853 observed shutdown descriptor for replica 178714744544926839 with final counter Some(4)
[2026-08-19T14:01:14.616Z INFO  gresse::replica] replica 178714744544926853 observed shutdown descriptor for replica 178714744544926840 with final counter Some(4)
[2026-08-19T14:01:14.832Z INFO  gresse::replica] replica 178714744544926853 observed shutdown descriptor for replica 178714744544926841 with final counter Some(4)
[2026-08-19T14:01:15.049Z INFO  gresse::replica] replica 178714744544926853 observed shutdown descriptor for replica 178714744544926842 with final counter Some(4)
[2026-08-19T14:01:15.263Z INFO  gresse::replica] replica 178714744544926853 observed shutdown descriptor for replica 178714744544926844 with final counter Some(4)
[2026-08-19T14:01:15.479Z INFO  gresse::replica] replica 178714744544926853 observed shutdown descriptor for replica 178714744544926845 with final counter Some(4)
[2026-08-19T14:01:15.697Z INFO  gresse::replica] replica 178714744544926853 observed shutdown descriptor for replica 178714744544926846 with final counter Some(4)
[2026-08-19T14:01:15.910Z INFO  gresse::replica] replica 178714744544926853 observed shutdown descriptor for replica 178714744544926847 with final counter Some(4)
[2026-08-19T14:01:16.128Z INFO  gresse::replica] replica 178714744544926853 observed shutdown descriptor for replica 178714744544926848 with final counter Some(4)
[2026-08-19T14:01:16.343Z INFO  gresse::replica] replica 178714744544926853 observed shutdown descriptor for replica 178714744544926849 with final counter Some(1)
[2026-08-19T14:01:16.558Z INFO  gresse::replica] replica 178714744544926853 observed shutdown descriptor for replica 178714744544926861 with final counter Some(3)
[2026-08-19T14:01:16.778Z INFO  gresse::replica] replica 178714744544926853 observed shutdown descriptor for replica 178714744544926862 with final counter Some(2)
[2026-08-19T14:01:16.994Z INFO  gresse::replica] replica 178714744544926853 observed shutdown descriptor for replica 178714744544926863 with final counter Some(1)
[2026-08-19T14:01:17.859Z INFO  gresse::replica] replica 178714744544926853 observed shutdown descriptor for replica 178714744544926832 with final counter Some(5)
[2026-08-19T14:01:18.074Z INFO  gresse::replica] replica 178714744544926853 observed shutdown descriptor for replica 178714744544926833 with final counter Some(4)
[2026-08-19T14:01:18.288Z INFO  gresse::replica] replica 178714744544926853 observed shutdown descriptor for replica 178714744544926834 with final counter Some(4)
[2026-08-19T14:01:18.499Z INFO  gresse::replica] replica 178714744544926853 observed shutdown descriptor for replica 178714744544926835 with final counter Some(4)
[2026-08-19T14:01:18.716Z INFO  gresse::replica] replica 178714744544926853 observed shutdown descriptor for replica 178714744544926836 with final counter Some(4)
[2026-08-19T14:01:18.931Z INFO  gresse::replica] replica 178714744544926853 observed shutdown descriptor for replica 178714744544926837 with final counter Some(2)
[2026-08-19T14:01:19.148Z INFO  gresse::replica] replica 178714744544926853 observed shutdown descriptor for replica 178714744544926838 with final counter Some(4)
[2026-08-19T14:01:19.368Z INFO  gresse::replica] replica 178714744544926853 observed shutdown descriptor for replica 178714744544926839 with final counter Some(4)
[2026-08-19T14:01:19.581Z INFO  gresse::replica] replica 178714744544926853 observed shutdown descriptor for replica 178714744544926840 with final counter Some(4)
[2026-08-19T14:01:19.794Z INFO  gresse::replica] replica 178714744544926853 observed shutdown descriptor for replica 178714744544926841 with final counter Some(4)
[2026-08-19T14:01:20.009Z INFO  gresse::replica] replica 178714744544926853 observed shutdown descriptor for replica 178714744544926842 with final counter Some(4)
[2026-08-19T14:01:20.224Z INFO  gresse::replica] replica 178714744544926853 observed shutdown descriptor for replica 178714744544926844 with final counter Some(4)
[2026-08-19T14:01:20.439Z INFO  gresse::replica] replica 178714744544926853 observed shutdown descriptor for replica 178714744544926845 with final counter Some(4)
[2026-08-19T14:01:20.656Z INFO  gresse::replica] replica 178714744544926853 observed shutdown descriptor for replica 178714744544926846 with final counter Some(4)
[2026-08-19T14:01:20.868Z INFO  gresse::replica] replica 178714744544926853 observed shutdown descriptor for replica 178714744544926847 with final counter Some(4)
[2026-08-19T14:01:21.088Z INFO  gresse::replica] replica 178714744544926853 observed shutdown descriptor for replica 178714744544926848 with final counter Some(4)
[2026-08-19T14:01:21.307Z INFO  gresse::replica] replica 178714744544926853 observed shutdown descriptor for replica 178714744544926849 with final counter Some(1)
[2026-08-19T14:01:21.524Z INFO  gresse::replica] replica 178714744544926853 observed shutdown descriptor for replica 178714744544926861 with final counter Some(3)
[2026-08-19T14:01:21.741Z INFO  gresse::replica] replica 178714744544926853 observed shutdown descriptor for replica 178714744544926862 with final counter Some(2)
[2026-08-19T14:01:21.955Z INFO  gresse::replica] replica 178714744544926853 observed shutdown descriptor for replica 178714744544926863 with final counter Some(1)
[2026-08-19T14:01:22.171Z INFO  gresse::replica] replica 178714744544926853 observed shutdown descriptor for replica 178714744544926864 with final counter Some(1)
[2026-08-19T14:01:22.858Z INFO  gresse::replica] replica 178714744544926853 observed shutdown descriptor for replica 178714744544926832 with final counter Some(5)
[2026-08-19T14:01:23.073Z INFO  gresse::replica] replica 178714744544926853 observed shutdown descriptor for replica 178714744544926833 with final counter Some(4)
[2026-08-19T14:01:23.290Z INFO  gresse::replica] replica 178714744544926853 observed shutdown descriptor for replica 178714744544926834 with final counter Some(4)
[2026-08-19T14:01:23.508Z INFO  gresse::replica] replica 178714744544926853 observed shutdown descriptor for replica 178714744544926835 with final counter Some(4)
[2026-08-19T14:01:23.726Z INFO  gresse::replica] replica 178714744544926853 observed shutdown descriptor for replica 178714744544926836 with final counter Some(4)
[2026-08-19T14:01:23.942Z INFO  gresse::replica] replica 178714744544926853 observed shutdown descriptor for replica 178714744544926837 with final counter Some(2)
[2026-08-19T14:01:24.160Z INFO  gresse::replica] replica 178714744544926853 observed shutdown descriptor for replica 178714744544926838 with final counter Some(4)
[2026-08-19T14:01:24.774Z INFO  gresse::replica] replica 178714744544926853 observed shutdown descriptor for replica 178714744544926839 with final counter Some(4)
[2026-08-19T14:01:24.992Z INFO  gresse::replica] replica 178714744544926853 observed shutdown descriptor for replica 178714744544926840 with final counter Some(4)
[2026-08-19T14:01:25.209Z INFO  gresse::replica] replica 178714744544926853 observed shutdown descriptor for replica 178714744544926841 with final counter Some(4)
[2026-08-19T14:01:25.423Z INFO  gresse::replica] replica 178714744544926853 observed shutdown descriptor for replica 178714744544926842 with final counter Some(4)
[2026-08-19T14:01:25.639Z INFO  gresse::replica] replica 178714744544926853 observed shutdown descriptor for replica 178714744544926844 with final counter Some(4)
[2026-08-19T14:01:25.857Z INFO  gresse::replica] replica 178714744544926853 observed shutdown descriptor for replica 178714744544926845 with final counter Some(4)
[2026-08-19T14:01:26.070Z INFO  gresse::replica] replica 178714744544926853 observed shutdown descriptor for replica 178714744544926846 with final counter Some(4)
[2026-08-19T14:01:26.290Z INFO  gresse::replica] replica 178714744544926853 observed shutdown descriptor for replica 178714744544926847 with final counter Some(4)
[2026-08-19T14:01:26.509Z INFO  gresse::replica] replica 178714744544926853 observed shutdown descriptor for replica 178714744544926848 with final counter Some(4)
[2026-08-19T14:01:26.722Z INFO  gresse::replica] replica 178714744544926853 observed shutdown descriptor for replica 178714744544926849 with final counter Some(1)
[2026-08-19T14:01:26.939Z INFO  gresse::replica] replica 178714744544926853 observed shutdown descriptor for replica 178714744544926861 with final counter Some(3)
[2026-08-19T14:01:27.159Z INFO  gresse::replica] replica 178714744544926853 observed shutdown descriptor for replica 178714744544926862 with final counter Some(2)
[2026-08-19T14:01:27.375Z INFO  gresse::replica] replica 178714744544926853 observed shutdown descriptor for replica 178714744544926863 with final counter Some(1)
[2026-08-19T14:01:27.589Z INFO  gresse::replica] replica 178714744544926853 observed shutdown descriptor for replica 178714744544926864 with final counter Some(1)
[2026-08-19T14:01:28.226Z INFO  gresse::replica] replica 178714744544926853 observed shutdown descriptor for replica 178714744544926832 with final counter Some(5)
[2026-08-19T14:01:28.445Z INFO  gresse::replica] replica 178714744544926853 observed shutdown descriptor for replica 178714744544926833 with final counter Some(4)
[2026-08-19T14:01:28.665Z INFO  gresse::replica] replica 178714744544926853 observed shutdown descriptor for replica 178714744544926834 with final counter Some(4)
[2026-08-19T14:01:28.879Z INFO  gresse::replica] replica 178714744544926853 observed shutdown descriptor for replica 178714744544926835 with final counter Some(4)
[2026-08-19T14:01:29.099Z INFO  gresse::replica] replica 178714744544926853 observed shutdown descriptor for replica 178714744544926836 with final counter Some(4)
[2026-08-19T14:01:29.320Z INFO  gresse::replica] replica 178714744544926853 observed shutdown descriptor for replica 178714744544926837 with final counter Some(2)
[2026-08-19T14:01:29.539Z INFO  gresse::replica] replica 178714744544926853 observed shutdown descriptor for replica 178714744544926838 with final counter Some(4)
[2026-08-19T14:01:29.760Z INFO  gresse::replica] replica 178714744544926853 observed shutdown descriptor for replica 178714744544926839 with final counter Some(4)
[2026-08-19T14:01:29.978Z INFO  gresse::replica] replica 178714744544926853 observed shutdown descriptor for replica 178714744544926840 with final counter Some(4)
[2026-08-19T14:01:30.194Z INFO  gresse::replica] replica 178714744544926853 observed shutdown descriptor for replica 178714744544926841 with final counter Some(4)
[2026-08-19T14:01:30.412Z INFO  gresse::replica] replica 178714744544926853 observed shutdown descriptor for replica 178714744544926842 with final counter Some(4)
[2026-08-19T14:01:30.631Z INFO  gresse::replica] replica 178714744544926853 observed shutdown descriptor for replica 178714744544926844 with final counter Some(4)
[2026-08-19T14:01:30.849Z INFO  gresse::replica] replica 178714744544926853 observed shutdown descriptor for replica 178714744544926845 with final counter Some(4)
[2026-08-19T14:01:31.069Z INFO  gresse::replica] replica 178714744544926853 observed shutdown descriptor for replica 178714744544926846 with final counter Some(4)
[2026-08-19T14:01:31.289Z INFO  gresse::replica] replica 178714744544926853 observed shutdown descriptor for replica 178714744544926847 with final counter Some(4)
[2026-08-19T14:01:31.505Z INFO  gresse::replica] replica 178714744544926853 observed shutdown descriptor for replica 178714744544926848 with final counter Some(4)
[2026-08-19T14:01:31.719Z INFO  gresse::replica] replica 178714744544926853 observed shutdown descriptor for replica 178714744544926849 with final counter Some(1)
[2026-08-19T14:01:31.934Z INFO  gresse::replica] replica 178714744544926853 observed shutdown descriptor for replica 178714744544926850 with final counter Some(4)
[2026-08-19T14:01:32.154Z INFO  gresse::replica] replica 178714744544926853 observed shutdown descriptor for replica 178714744544926861 with final counter Some(3)
[2026-08-19T14:01:32.372Z INFO  gresse::replica] replica 178714744544926853 observed shutdown descriptor for replica 178714744544926862 with final counter Some(2)
[2026-08-19T14:01:32.590Z INFO  gresse::replica] replica 178714744544926853 observed shutdown descriptor for replica 178714744544926863 with final counter Some(1)
[2026-08-19T14:01:32.807Z INFO  gresse::replica] replica 178714744544926853 observed shutdown descriptor for replica 178714744544926864 with final counter Some(1)
[2026-08-19T14:01:33.446Z INFO  gresse::replica] replica 178714744544926853 observed shutdown descriptor for replica 178714744544926832 with final counter Some(5)
[2026-08-19T14:01:33.665Z INFO  gresse::replica] replica 178714744544926853 observed shutdown descriptor for replica 178714744544926833 with final counter Some(4)
[2026-08-19T14:01:33.877Z INFO  gresse::replica] replica 178714744544926853 observed shutdown descriptor for replica 178714744544926834 with final counter Some(4)
[2026-08-19T14:01:34.097Z INFO  gresse::replica] replica 178714744544926853 observed shutdown descriptor for replica 178714744544926835 with final counter Some(4)
[2026-08-19T14:01:34.318Z INFO  gresse::replica] replica 178714744544926853 observed shutdown descriptor for replica 178714744544926836 with final counter Some(4)
[2026-08-19T14:01:34.534Z INFO  gresse::replica] replica 178714744544926853 observed shutdown descriptor for replica 178714744544926837 with final counter Some(2)
[2026-08-19T14:01:34.752Z INFO  gresse::replica] replica 178714744544926853 observed shutdown descriptor for replica 178714744544926838 with final counter Some(4)
[2026-08-19T14:01:34.954Z INFO  gresse::replica] replica 178714744544926853 observed shutdown descriptor for replica 178714744544926839 with final counter Some(4)
[2026-08-19T14:01:35.156Z INFO  gresse::replica] replica 178714744544926853 observed shutdown descriptor for replica 178714744544926840 with final counter Some(4)
[2026-08-19T14:01:35.358Z INFO  gresse::replica] replica 178714744544926853 observed shutdown descriptor for replica 178714744544926841 with final counter Some(4)
[2026-08-19T14:01:35.555Z INFO  gresse::replica] replica 178714744544926853 observed shutdown descriptor for replica 178714744544926842 with final counter Some(4)
[2026-08-19T14:01:35.755Z INFO  gresse::replica] replica 178714744544926853 observed shutdown descriptor for replica 178714744544926844 with final counter Some(4)
[2026-08-19T14:01:35.954Z INFO  gresse::replica] replica 178714744544926853 observed shutdown descriptor for replica 178714744544926845 with final counter Some(4)
[2026-08-19T14:01:36.151Z INFO  gresse::replica] replica 178714744544926853 observed shutdown descriptor for replica 178714744544926846 with final counter Some(4)
[2026-08-19T14:01:36.353Z INFO  gresse::replica] replica 178714744544926853 observed shutdown descriptor for replica 178714744544926847 with final counter Some(4)
[2026-08-19T14:01:36.554Z INFO  gresse::replica] replica 178714744544926853 observed shutdown descriptor for replica 178714744544926848 with final counter Some(4)
[2026-08-19T14:01:36.755Z INFO  gresse::replica] replica 178714744544926853 observed shutdown descriptor for replica 178714744544926849 with final counter Some(1)
[2026-08-19T14:01:36.958Z INFO  gresse::replica] replica 178714744544926853 observed shutdown descriptor for replica 178714744544926850 with final counter Some(4)
[2026-08-19T14:01:37.161Z INFO  gresse::replica] replica 178714744544926853 observed shutdown descriptor for replica 178714744544926861 with final counter Some(3)
[2026-08-19T14:01:37.364Z INFO  gresse::replica] replica 178714744544926853 observed shutdown descriptor for replica 178714744544926862 with final counter Some(2)
[2026-08-19T14:01:37.568Z INFO  gresse::replica] replica 178714744544926853 observed shutdown descriptor for replica 178714744544926863 with final counter Some(1)
[2026-08-19T14:01:37.768Z INFO  gresse::replica] replica 178714744544926853 observed shutdown descriptor for replica 178714744544926864 with final counter Some(1)
[2026-08-19T14:01:38.351Z INFO  gresse::replica] replica 178714744544926853 observed shutdown descriptor for replica 178714744544926832 with final counter Some(5)
[2026-08-19T14:01:38.551Z INFO  gresse::replica] replica 178714744544926853 observed shutdown descriptor for replica 178714744544926833 with final counter Some(4)
[2026-08-19T14:01:38.752Z INFO  gresse::replica] replica 178714744544926853 observed shutdown descriptor for replica 178714744544926834 with final counter Some(4)
[2026-08-19T14:01:38.955Z INFO  gresse::replica] replica 178714744544926853 observed shutdown descriptor for replica 178714744544926835 with final counter Some(4)
[2026-08-19T14:01:39.153Z INFO  gresse::replica] replica 178714744544926853 observed shutdown descriptor for replica 178714744544926836 with final counter Some(4)
[2026-08-19T14:01:39.356Z INFO  gresse::replica] replica 178714744544926853 observed shutdown descriptor for replica 178714744544926837 with final counter Some(2)
[2026-08-19T14:01:39.556Z INFO  gresse::replica] replica 178714744544926853 observed shutdown descriptor for replica 178714744544926838 with final counter Some(4)
[2026-08-19T14:01:39.758Z INFO  gresse::replica] replica 178714744544926853 observed shutdown descriptor for replica 178714744544926839 with final counter Some(4)
[2026-08-19T14:01:39.958Z INFO  gresse::replica] replica 178714744544926853 observed shutdown descriptor for replica 178714744544926840 with final counter Some(4)
[2026-08-19T14:01:40.162Z INFO  gresse::replica] replica 178714744544926853 observed shutdown descriptor for replica 178714744544926841 with final counter Some(4)
[2026-08-19T14:01:40.360Z INFO  gresse::replica] replica 178714744544926853 observed shutdown descriptor for replica 178714744544926842 with final counter Some(4)
[2026-08-19T14:01:40.559Z INFO  gresse::replica] replica 178714744544926853 observed shutdown descriptor for replica 178714744544926844 with final counter Some(4)
[2026-08-19T14:01:40.760Z INFO  gresse::replica] replica 178714744544926853 observed shutdown descriptor for replica 178714744544926845 with final counter Some(4)
[2026-08-19T14:01:40.961Z INFO  gresse::replica] replica 178714744544926853 observed shutdown descriptor for replica 178714744544926846 with final counter Some(4)
[2026-08-19T14:01:41.162Z INFO  gresse::replica] replica 178714744544926853 observed shutdown descriptor for replica 178714744544926847 with final counter Some(4)
[2026-08-19T14:01:41.362Z INFO  gresse::replica] replica 178714744544926853 observed shutdown descriptor for replica 178714744544926848 with final counter Some(4)
[2026-08-19T14:01:41.564Z INFO  gresse::replica] replica 178714744544926853 observed shutdown descriptor for replica 178714744544926849 with final counter Some(1)
[2026-08-19T14:01:41.763Z INFO  gresse::replica] replica 178714744544926853 observed shutdown descriptor for replica 178714744544926850 with final counter Some(4)
[2026-08-19T14:01:41.964Z INFO  gresse::replica] replica 178714744544926853 observed shutdown descriptor for replica 178714744544926851 with final counter Some(4)
[2026-08-19T14:01:42.164Z INFO  gresse::replica] replica 178714744544926853 observed shutdown descriptor for replica 178714744544926861 with final counter Some(3)
[2026-08-19T14:01:42.368Z INFO  gresse::replica] replica 178714744544926853 observed shutdown descriptor for replica 178714744544926862 with final counter Some(2)
[2026-08-19T14:01:42.573Z INFO  gresse::replica] replica 178714744544926853 observed shutdown descriptor for replica 178714744544926863 with final counter Some(1)
[2026-08-19T14:01:42.776Z INFO  gresse::replica] replica 178714744544926853 observed shutdown descriptor for replica 178714744544926864 with final counter Some(1)
[2026-08-19T14:01:43.188Z INFO  gresse::replica] replica 178714744544926853 observed shutdown descriptor for replica 178714744544926832 with final counter Some(5)
[2026-08-19T14:01:43.387Z INFO  gresse::replica] replica 178714744544926853 observed shutdown descriptor for replica 178714744544926833 with final counter Some(4)
[2026-08-19T14:01:43.587Z INFO  gresse::replica] replica 178714744544926853 observed shutdown descriptor for replica 178714744544926834 with final counter Some(4)
[2026-08-19T14:01:43.791Z INFO  gresse::replica] replica 178714744544926853 observed shutdown descriptor for replica 178714744544926835 with final counter Some(4)
[2026-08-19T14:01:43.995Z INFO  gresse::replica] replica 178714744544926853 observed shutdown descriptor for replica 178714744544926836 with final counter Some(4)
[2026-08-19T14:01:44.199Z INFO  gresse::replica] replica 178714744544926853 observed shutdown descriptor for replica 178714744544926837 with final counter Some(2)
[2026-08-19T14:01:44.401Z INFO  gresse::replica] replica 178714744544926853 observed shutdown descriptor for replica 178714744544926838 with final counter Some(4)
[2026-08-19T14:01:44.599Z INFO  gresse::replica] replica 178714744544926853 observed shutdown descriptor for replica 178714744544926839 with final counter Some(4)
[2026-08-19T14:01:44.798Z INFO  gresse::replica] replica 178714744544926853 observed shutdown descriptor for replica 178714744544926840 with final counter Some(4)
[2026-08-19T14:01:44.998Z INFO  gresse::replica] replica 178714744544926853 observed shutdown descriptor for replica 178714744544926841 with final counter Some(4)
[2026-08-19T14:01:45.198Z INFO  gresse::replica] replica 178714744544926853 observed shutdown descriptor for replica 178714744544926842 with final counter Some(4)
[2026-08-19T14:01:45.397Z INFO  gresse::replica] replica 178714744544926853 observed shutdown descriptor for replica 178714744544926844 with final counter Some(4)
[2026-08-19T14:01:45.599Z INFO  gresse::replica] replica 178714744544926853 observed shutdown descriptor for replica 178714744544926845 with final counter Some(4)
[2026-08-19T14:01:45.800Z INFO  gresse::replica] replica 178714744544926853 observed shutdown descriptor for replica 178714744544926846 with final counter Some(4)
[2026-08-19T14:01:46.003Z INFO  gresse::replica] replica 178714744544926853 observed shutdown descriptor for replica 178714744544926847 with final counter Some(4)
[2026-08-19T14:01:46.207Z INFO  gresse::replica] replica 178714744544926853 observed shutdown descriptor for replica 178714744544926848 with final counter Some(4)
[2026-08-19T14:01:46.406Z INFO  gresse::replica] replica 178714744544926853 observed shutdown descriptor for replica 178714744544926849 with final counter Some(1)
[2026-08-19T14:01:46.607Z INFO  gresse::replica] replica 178714744544926853 observed shutdown descriptor for replica 178714744544926850 with final counter Some(4)
[2026-08-19T14:01:46.807Z INFO  gresse::replica] replica 178714744544926853 observed shutdown descriptor for replica 178714744544926851 with final counter Some(4)
[2026-08-19T14:01:47.010Z INFO  gresse::replica] replica 178714744544926853 observed shutdown descriptor for replica 178714744544926861 with final counter Some(3)
[2026-08-19T14:01:47.209Z INFO  gresse::replica] replica 178714744544926853 observed shutdown descriptor for replica 178714744544926862 with final counter Some(2)
[2026-08-19T14:01:47.411Z INFO  gresse::replica] replica 178714744544926853 observed shutdown descriptor for replica 178714744544926863 with final counter Some(1)
[2026-08-19T14:01:47.610Z INFO  gresse::replica] replica 178714744544926853 observed shutdown descriptor for replica 178714744544926864 with final counter Some(1)
[2026-08-19T14:01:48.030Z INFO  gresse::replica] replica 178714744544926853 observed shutdown descriptor for replica 178714744544926832 with final counter Some(5)
[2026-08-19T14:01:48.228Z INFO  gresse::replica] replica 178714744544926853 observed shutdown descriptor for replica 178714744544926833 with final counter Some(4)
[2026-08-19T14:01:48.431Z INFO  gresse::replica] replica 178714744544926853 observed shutdown descriptor for replica 178714744544926834 with final counter Some(4)
[2026-08-19T14:01:48.636Z INFO  gresse::replica] replica 178714744544926853 observed shutdown descriptor for replica 178714744544926835 with final counter Some(4)
[2026-08-19T14:01:48.838Z INFO  gresse::replica] replica 178714744544926853 observed shutdown descriptor for replica 178714744544926836 with final counter Some(4)
[2026-08-19T14:01:49.041Z INFO  gresse::replica] replica 178714744544926853 observed shutdown descriptor for replica 178714744544926837 with final counter Some(2)
[2026-08-19T14:01:49.243Z INFO  gresse::replica] replica 178714744544926853 observed shutdown descriptor for replica 178714744544926838 with final counter Some(4)
[2026-08-19T14:01:49.443Z INFO  gresse::replica] replica 178714744544926853 observed shutdown descriptor for replica 178714744544926839 with final counter Some(4)
[2026-08-19T14:01:49.645Z INFO  gresse::replica] replica 178714744544926853 observed shutdown descriptor for replica 178714744544926840 with final counter Some(4)
[2026-08-19T14:01:49.847Z INFO  gresse::replica] replica 178714744544926853 observed shutdown descriptor for replica 178714744544926841 with final counter Some(4)
[2026-08-19T14:01:50.047Z INFO  gresse::replica] replica 178714744544926853 observed shutdown descriptor for replica 178714744544926842 with final counter Some(4)
[2026-08-19T14:01:50.247Z INFO  gresse::replica] replica 178714744544926853 observed shutdown descriptor for replica 178714744544926844 with final counter Some(4)
[2026-08-19T14:01:50.448Z INFO  gresse::replica] replica 178714744544926853 observed shutdown descriptor for replica 178714744544926845 with final counter Some(4)
[2026-08-19T14:01:50.652Z INFO  gresse::replica] replica 178714744544926853 observed shutdown descriptor for replica 178714744544926846 with final counter Some(4)
[2026-08-19T14:01:50.876Z INFO  gresse::replica] replica 178714744544926853 observed shutdown descriptor for replica 178714744544926847 with final counter Some(4)
[2026-08-19T14:01:51.081Z INFO  gresse::replica] replica 178714744544926853 observed shutdown descriptor for replica 178714744544926848 with final counter Some(4)
[2026-08-19T14:01:51.282Z INFO  gresse::replica] replica 178714744544926853 observed shutdown descriptor for replica 178714744544926849 with final counter Some(1)
[2026-08-19T14:01:51.485Z INFO  gresse::replica] replica 178714744544926853 observed shutdown descriptor for replica 178714744544926850 with final counter Some(4)
[2026-08-19T14:01:51.687Z INFO  gresse::replica] replica 178714744544926853 observed shutdown descriptor for replica 178714744544926851 with final counter Some(4)
[2026-08-19T14:01:51.889Z INFO  gresse::replica] replica 178714744544926853 observed shutdown descriptor for replica 178714744544926861 with final counter Some(3)
[2026-08-19T14:01:52.088Z INFO  gresse::replica] replica 178714744544926853 observed shutdown descriptor for replica 178714744544926862 with final counter Some(2)
[2026-08-19T14:01:52.293Z INFO  gresse::replica] replica 178714744544926853 observed shutdown descriptor for replica 178714744544926863 with final counter Some(1)
[2026-08-19T14:01:52.490Z INFO  gresse::replica] replica 178714744544926853 observed shutdown descriptor for replica 178714744544926864 with final counter Some(1)
[2026-08-19T14:01:52.701Z WARN  gresse::network] peer connection write failed: Broken pipe (os error 32)
[2026-08-19T14:01:52.899Z INFO  gresse::replica] replica 178714744544926853 observed shutdown descriptor for replica 178714744544926832 with final counter Some(5)
[2026-08-19T14:01:53.101Z INFO  gresse::replica] replica 178714744544926853 observed shutdown descriptor for replica 178714744544926833 with final counter Some(4)
[2026-08-19T14:01:53.303Z INFO  gresse::replica] replica 178714744544926853 observed shutdown descriptor for replica 178714744544926834 with final counter Some(4)
[2026-08-19T14:01:53.502Z INFO  gresse::replica] replica 178714744544926853 observed shutdown descriptor for replica 178714744544926835 with final counter Some(4)
[2026-08-19T14:01:53.703Z INFO  gresse::replica] replica 178714744544926853 observed shutdown descriptor for replica 178714744544926836 with final counter Some(4)
[2026-08-19T14:01:53.907Z INFO  gresse::replica] replica 178714744544926853 observed shutdown descriptor for replica 178714744544926837 with final counter Some(2)
[2026-08-19T14:01:54.109Z INFO  gresse::replica] replica 178714744544926853 observed shutdown descriptor for replica 178714744544926838 with final counter Some(4)
[2026-08-19T14:01:54.312Z INFO  gresse::replica] replica 178714744544926853 observed shutdown descriptor for replica 178714744544926839 with final counter Some(4)
[2026-08-19T14:01:54.515Z INFO  gresse::replica] replica 178714744544926853 observed shutdown descriptor for replica 178714744544926840 with final counter Some(4)
[2026-08-19T14:01:54.715Z INFO  gresse::replica] replica 178714744544926853 observed shutdown descriptor for replica 178714744544926841 with final counter Some(4)
[2026-08-19T14:01:54.914Z INFO  gresse::replica] replica 178714744544926853 observed shutdown descriptor for replica 178714744544926842 with final counter Some(4)
[2026-08-19T14:01:55.114Z INFO  gresse::replica] replica 178714744544926853 observed shutdown descriptor for replica 178714744544926844 with final counter Some(4)
[2026-08-19T14:01:55.330Z INFO  gresse::replica] replica 178714744544926853 observed shutdown descriptor for replica 178714744544926845 with final counter Some(4)
[2026-08-19T14:01:55.546Z INFO  gresse::replica] replica 178714744544926853 observed shutdown descriptor for replica 178714744544926846 with final counter Some(4)
[2026-08-19T14:01:55.761Z INFO  gresse::replica] replica 178714744544926853 observed shutdown descriptor for replica 178714744544926847 with final counter Some(4)
[2026-08-19T14:01:55.980Z INFO  gresse::replica] replica 178714744544926853 observed shutdown descriptor for replica 178714744544926848 with final counter Some(4)
[2026-08-19T14:01:56.195Z INFO  gresse::replica] replica 178714744544926853 observed shutdown descriptor for replica 178714744544926849 with final counter Some(1)
[2026-08-19T14:01:56.408Z INFO  gresse::replica] replica 178714744544926853 observed shutdown descriptor for replica 178714744544926850 with final counter Some(4)
[2026-08-19T14:01:56.623Z INFO  gresse::replica] replica 178714744544926853 observed shutdown descriptor for replica 178714744544926851 with final counter Some(4)
[2026-08-19T14:01:56.843Z INFO  gresse::replica] replica 178714744544926853 observed shutdown descriptor for replica 178714744544926852 with final counter Some(4)
[2026-08-19T14:01:57.060Z INFO  gresse::replica] replica 178714744544926853 observed shutdown descriptor for replica 178714744544926861 with final counter Some(3)
[2026-08-19T14:01:57.274Z INFO  gresse::replica] replica 178714744544926853 observed shutdown descriptor for replica 178714744544926862 with final counter Some(2)
[2026-08-19T14:01:57.494Z INFO  gresse::replica] replica 178714744544926853 observed shutdown descriptor for replica 178714744544926863 with final counter Some(1)
[2026-08-19T14:01:57.709Z INFO  gresse::replica] replica 178714744544926853 observed shutdown descriptor for replica 178714744544926864 with final counter Some(1)
[2026-08-19T14:01:58.332Z INFO  gresse::replica] replica 178714744544926853 observed shutdown descriptor for replica 178714744544926832 with final counter Some(5)
[2026-08-19T14:01:58.545Z INFO  gresse::replica] replica 178714744544926853 observed shutdown descriptor for replica 178714744544926833 with final counter Some(4)
[2026-08-19T14:01:58.761Z INFO  gresse::replica] replica 178714744544926853 observed shutdown descriptor for replica 178714744544926834 with final counter Some(4)
[2026-08-19T14:01:58.979Z INFO  gresse::replica] replica 178714744544926853 observed shutdown descriptor for replica 178714744544926835 with final counter Some(4)
[2026-08-19T14:01:59.195Z INFO  gresse::replica] replica 178714744544926853 observed shutdown descriptor for replica 178714744544926836 with final counter Some(4)
[2026-08-19T14:01:59.410Z INFO  gresse::replica] replica 178714744544926853 observed shutdown descriptor for replica 178714744544926837 with final counter Some(2)
[2026-08-19T14:01:59.622Z INFO  gresse::replica] replica 178714744544926853 observed shutdown descriptor for replica 178714744544926838 with final counter Some(4)
[2026-08-19T14:01:59.836Z INFO  gresse::replica] replica 178714744544926853 observed shutdown descriptor for replica 178714744544926839 with final counter Some(4)
[2026-08-19T14:02:00.053Z INFO  gresse::replica] replica 178714744544926853 observed shutdown descriptor for replica 178714744544926840 with final counter Some(4)
[2026-08-19T14:02:00.269Z INFO  gresse::replica] replica 178714744544926853 observed shutdown descriptor for replica 178714744544926841 with final counter Some(4)
[2026-08-19T14:02:00.484Z INFO  gresse::replica] replica 178714744544926853 observed shutdown descriptor for replica 178714744544926842 with final counter Some(4)
[2026-08-19T14:02:00.695Z INFO  gresse::replica] replica 178714744544926853 observed shutdown descriptor for replica 178714744544926844 with final counter Some(4)
[2026-08-19T14:02:00.911Z INFO  gresse::replica] replica 178714744544926853 observed shutdown descriptor for replica 178714744544926845 with final counter Some(4)
[2026-08-19T14:02:01.127Z INFO  gresse::replica] replica 178714744544926853 observed shutdown descriptor for replica 178714744544926846 with final counter Some(4)
[2026-08-19T14:02:01.343Z INFO  gresse::replica] replica 178714744544926853 observed shutdown descriptor for replica 178714744544926847 with final counter Some(4)
[2026-08-19T14:02:01.560Z INFO  gresse::replica] replica 178714744544926853 observed shutdown descriptor for replica 178714744544926848 with final counter Some(4)
[2026-08-19T14:02:01.780Z INFO  gresse::replica] replica 178714744544926853 observed shutdown descriptor for replica 178714744544926849 with final counter Some(1)
[2026-08-19T14:02:01.999Z INFO  gresse::replica] replica 178714744544926853 observed shutdown descriptor for replica 178714744544926850 with final counter Some(4)
[2026-08-19T14:02:02.216Z INFO  gresse::replica] replica 178714744544926853 observed shutdown descriptor for replica 178714744544926851 with final counter Some(4)
[2026-08-19T14:02:02.436Z INFO  gresse::replica] replica 178714744544926853 observed shutdown descriptor for replica 178714744544926852 with final counter Some(4)
[2026-08-19T14:02:02.651Z INFO  gresse::replica] replica 178714744544926853 observed shutdown descriptor for replica 178714744544926861 with final counter Some(3)
[2026-08-19T14:02:02.867Z INFO  gresse::replica] replica 178714744544926853 observed shutdown descriptor for replica 178714744544926862 with final counter Some(2)
[2026-08-19T14:02:03.084Z INFO  gresse::replica] replica 178714744544926853 observed shutdown descriptor for replica 178714744544926863 with final counter Some(1)
[2026-08-19T14:02:03.299Z INFO  gresse::replica] replica 178714744544926853 observed shutdown descriptor for replica 178714744544926864 with final counter Some(1)
[2026-08-19T14:02:03.511Z INFO  gresse::replica] shutdown signal received for replica 178714744544926853
[2026-08-19T14:02:03.511Z INFO  gresse::replica] replica 178714744544926853 shutting down with 7 connected writers
[2026-08-19T14:02:03.932Z INFO  gresse::http_server] http server received shutdown signal
[2026-08-19T14:02:03.932Z INFO  gresse::http_server] http server shutdown complete
[2026-08-19T14:02:03.933Z INFO  gresse::network] network manager for replica 178714744544926853 shutdown complete
