[2026-08-19T13:52:39.111Z INFO  gresse::http_server] running CRDT HTTP server
[2026-08-19T13:52:39.111Z INFO  gresse::http_server] listening for HTTP on 0.0.0.0:18084
[2026-08-19T13:52:39.138Z INFO  gresse::replica] replica 178714744544926855 initiating runtime at bind_http=0.0.0.0:18084 bind_internal=0.0.0.0:19084 advertised_internal=47.129.167.193:19084
[2026-08-19T13:52:39.708Z INFO  gresse::object_storage] object storage connection established: backend=s3, bucket=gresse-geo-035351467464-20260819104151-566c04, region=eu-north-1, endpoint=AWS default endpoint resolution, first_operation=put-create, object_path=acm-sec-geo-churn-smoke-20260819T135045Z-25226496/membership/178714744544926855,47.129.167.193:19084,0
[2026-08-19T13:52:39.903Z INFO  gresse::replica] replica 178714744544926855 discovered 25 membership descriptors during init
[2026-08-19T13:52:39.903Z INFO  gresse::network] replica 178714744544926855 discovered network member NetworkMember { pid: 178714744544926831, address: 16.170.40.83:19080, final_counter: None }
[2026-08-19T13:52:39.903Z INFO  gresse::network] replica 178714744544926855 discovered network member NetworkMember { pid: 178714744544926832, address: 16.170.40.83:19081, final_counter: None }
[2026-08-19T13:52:39.903Z INFO  gresse::network] replica 178714744544926855 discovered network member NetworkMember { pid: 178714744544926833, address: 16.170.40.83:19082, final_counter: None }
[2026-08-19T13:52:39.903Z INFO  gresse::network] replica 178714744544926855 discovered network member NetworkMember { pid: 178714744544926834, address: 16.170.40.83:19083, final_counter: None }
[2026-08-19T13:52:39.903Z INFO  gresse::network] replica 178714744544926855 discovered network member NetworkMember { pid: 178714744544926835, address: 16.170.40.83:19084, final_counter: None }
[2026-08-19T13:52:39.903Z INFO  gresse::network] replica 178714744544926855 discovered network member NetworkMember { pid: 178714744544926836, address: 63.186.69.1:19080, final_counter: None }
[2026-08-19T13:52:39.903Z INFO  gresse::network] replica 178714744544926855 discovered network member NetworkMember { pid: 178714744544926837, address: 63.186.69.1:19081, final_counter: None }
[2026-08-19T13:52:39.903Z INFO  gresse::network] replica 178714744544926855 discovered network member NetworkMember { pid: 178714744544926838, address: 63.186.69.1:19082, final_counter: None }
[2026-08-19T13:52:39.903Z INFO  gresse::network] replica 178714744544926855 discovered network member NetworkMember { pid: 178714744544926839, address: 63.186.69.1:19083, final_counter: None }
[2026-08-19T13:52:39.903Z INFO  gresse::network] replica 178714744544926855 discovered network member NetworkMember { pid: 178714744544926840, address: 63.186.69.1:19084, final_counter: None }
[2026-08-19T13:52:39.903Z INFO  gresse::network] replica 178714744544926855 discovered network member NetworkMember { pid: 178714744544926841, address: 13.219.225.164:19080, final_counter: None }
[2026-08-19T13:52:39.903Z INFO  gresse::network] replica 178714744544926855 discovered network member NetworkMember { pid: 178714744544926842, address: 13.219.225.164:19081, final_counter: None }
[2026-08-19T13:52:39.903Z INFO  gresse::network] replica 178714744544926855 discovered network member NetworkMember { pid: 178714744544926843, address: 13.219.225.164:19082, final_counter: None }
[2026-08-19T13:52:39.903Z INFO  gresse::network] replica 178714744544926855 discovered network member NetworkMember { pid: 178714744544926844, address: 13.219.225.164:19083, final_counter: None }
[2026-08-19T13:52:39.903Z INFO  gresse::network] replica 178714744544926855 discovered network member NetworkMember { pid: 178714744544926845, address: 13.219.225.164:19084, final_counter: None }
[2026-08-19T13:52:39.903Z INFO  gresse::network] replica 178714744544926855 discovered network member NetworkMember { pid: 178714744544926846, address: 54.184.138.82:19080, final_counter: None }
[2026-08-19T13:52:39.903Z INFO  gresse::network] replica 178714744544926855 discovered network member NetworkMember { pid: 178714744544926847, address: 54.184.138.82:19081, final_counter: None }
[2026-08-19T13:52:39.903Z INFO  gresse::network] replica 178714744544926855 discovered network member NetworkMember { pid: 178714744544926848, address: 54.184.138.82:19082, final_counter: None }
[2026-08-19T13:52:39.903Z INFO  gresse::network] replica 178714744544926855 discovered network member NetworkMember { pid: 178714744544926849, address: 54.184.138.82:19083, final_counter: None }
[2026-08-19T13:52:39.903Z INFO  gresse::network] replica 178714744544926855 discovered network member NetworkMember { pid: 178714744544926850, address: 54.184.138.82:19084, final_counter: None }
[2026-08-19T13:52:39.903Z INFO  gresse::network] replica 178714744544926855 discovered network member NetworkMember { pid: 178714744544926851, address: 47.129.167.193:19080, final_counter: None }
[2026-08-19T13:52:39.903Z INFO  gresse::network] replica 178714744544926855 discovered network member NetworkMember { pid: 178714744544926852, address: 47.129.167.193:19081, final_counter: None }
[2026-08-19T13:52:39.903Z INFO  gresse::network] replica 178714744544926855 discovered network member NetworkMember { pid: 178714744544926853, address: 47.129.167.193:19082, final_counter: None }
[2026-08-19T13:52:39.903Z INFO  gresse::network] replica 178714744544926855 discovered network member NetworkMember { pid: 178714744544926854, address: 47.129.167.193:19083, final_counter: None }
[2026-08-19T13:52:39.903Z INFO  gresse::network] replica 178714744544926855 registered bidirectional network channel for replica 178714744544926854
[2026-08-19T13:52:39.904Z INFO  gresse::network] replica 178714744544926855 registered bidirectional network channel for replica 178714744544926852
[2026-08-19T13:52:39.904Z INFO  gresse::network] replica 178714744544926855 registered bidirectional network channel for replica 178714744544926853
[2026-08-19T13:52:39.904Z INFO  gresse::network] replica 178714744544926855 registered bidirectional network channel for replica 178714744544926851
[2026-08-19T13:52:39.905Z INFO  gresse::replica] replica 178714744544926855 startup completed
[2026-08-19T13:52:39.905Z INFO  gresse::replica] replica 178714744544926855 established peer replication connection with replica 178714744544926854
[2026-08-19T13:52:39.905Z INFO  gresse::replica] replica 178714744544926855 established peer replication connection with replica 178714744544926852
[2026-08-19T13:52:39.905Z INFO  gresse::replica] replica 178714744544926855 established peer replication connection with replica 178714744544926853
[2026-08-19T13:52:39.905Z INFO  gresse::replica] replica 178714744544926855 established peer replication connection with replica 178714744544926851
[2026-08-19T13:52:40.050Z INFO  gresse::network] replica 178714744544926855 registered bidirectional network channel for replica 178714744544926840
[2026-08-19T13:52:40.050Z INFO  gresse::replica] replica 178714744544926855 established peer replication connection with replica 178714744544926840
[2026-08-19T13:52:40.066Z INFO  gresse::network] replica 178714744544926855 registered bidirectional network channel for replica 178714744544926850
[2026-08-19T13:52:40.066Z INFO  gresse::replica] replica 178714744544926855 established peer replication connection with replica 178714744544926850
[2026-08-19T13:52:40.077Z INFO  gresse::replica] replica 178714744544926855 established peer replication connection with replica 178714744544926835
[2026-08-19T13:52:40.077Z INFO  gresse::network] replica 178714744544926855 registered bidirectional network channel for replica 178714744544926835
[2026-08-19T13:52:40.219Z INFO  gresse::network] replica 178714744544926855 registered bidirectional network channel for replica 178714744544926839
[2026-08-19T13:52:40.219Z INFO  gresse::replica] replica 178714744544926855 established peer replication connection with replica 178714744544926839
[2026-08-19T13:52:40.219Z INFO  gresse::network] replica 178714744544926855 registered bidirectional network channel for replica 178714744544926838
[2026-08-19T13:52:40.219Z INFO  gresse::replica] replica 178714744544926855 established peer replication connection with replica 178714744544926838
[2026-08-19T13:52:40.219Z INFO  gresse::network] replica 178714744544926855 registered bidirectional network channel for replica 178714744544926836
[2026-08-19T13:52:40.219Z INFO  gresse::replica] replica 178714744544926855 established peer replication connection with replica 178714744544926836
[2026-08-19T13:52:40.244Z INFO  gresse::network] replica 178714744544926855 registered bidirectional network channel for replica 178714744544926837
[2026-08-19T13:52:40.244Z INFO  gresse::replica] replica 178714744544926855 established peer replication connection with replica 178714744544926837
[2026-08-19T13:52:40.248Z INFO  gresse::network] replica 178714744544926855 registered bidirectional network channel for replica 178714744544926848
[2026-08-19T13:52:40.248Z INFO  gresse::replica] replica 178714744544926855 established peer replication connection with replica 178714744544926848
[2026-08-19T13:52:40.249Z INFO  gresse::network] replica 178714744544926855 registered bidirectional network channel for replica 178714744544926849
[2026-08-19T13:52:40.249Z INFO  gresse::replica] replica 178714744544926855 established peer replication connection with replica 178714744544926849
[2026-08-19T13:52:40.249Z INFO  gresse::network] replica 178714744544926855 registered bidirectional network channel for replica 178714744544926846
[2026-08-19T13:52:40.249Z INFO  gresse::replica] replica 178714744544926855 established peer replication connection with replica 178714744544926846
[2026-08-19T13:52:40.250Z INFO  gresse::network] replica 178714744544926855 registered bidirectional network channel for replica 178714744544926847
[2026-08-19T13:52:40.250Z INFO  gresse::replica] replica 178714744544926855 established peer replication connection with replica 178714744544926847
[2026-08-19T13:52:40.257Z INFO  gresse::network] replica 178714744544926855 registered bidirectional network channel for replica 178714744544926832
[2026-08-19T13:52:40.257Z INFO  gresse::replica] replica 178714744544926855 established peer replication connection with replica 178714744544926832
[2026-08-19T13:52:40.257Z INFO  gresse::network] replica 178714744544926855 registered bidirectional network channel for replica 178714744544926834
[2026-08-19T13:52:40.257Z INFO  gresse::replica] replica 178714744544926855 established peer replication connection with replica 178714744544926834
[2026-08-19T13:52:40.269Z INFO  gresse::network] replica 178714744544926855 registered bidirectional network channel for replica 178714744544926842
[2026-08-19T13:52:40.269Z INFO  gresse::replica] replica 178714744544926855 established peer replication connection with replica 178714744544926842
[2026-08-19T13:52:40.283Z INFO  gresse::network] replica 178714744544926855 registered bidirectional network channel for replica 178714744544926833
[2026-08-19T13:52:40.283Z INFO  gresse::replica] replica 178714744544926855 established peer replication connection with replica 178714744544926833
[2026-08-19T13:52:40.287Z INFO  gresse::network] replica 178714744544926855 registered bidirectional network channel for replica 178714744544926831
[2026-08-19T13:52:40.287Z INFO  gresse::replica] replica 178714744544926855 established peer replication connection with replica 178714744544926831
[2026-08-19T13:52:40.332Z INFO  gresse::network] replica 178714744544926855 registered bidirectional network channel for replica 178714744544926844
[2026-08-19T13:52:40.332Z INFO  gresse::replica] replica 178714744544926855 established peer replication connection with replica 178714744544926844
[2026-08-19T13:52:40.334Z INFO  gresse::network] replica 178714744544926855 registered bidirectional network channel for replica 178714744544926841
[2026-08-19T13:52:40.334Z INFO  gresse::replica] replica 178714744544926855 established peer replication connection with replica 178714744544926841
[2026-08-19T13:52:40.345Z INFO  gresse::network] replica 178714744544926855 registered bidirectional network channel for replica 178714744544926845
[2026-08-19T13:52:40.345Z INFO  gresse::replica] replica 178714744544926855 established peer replication connection with replica 178714744544926845
[2026-08-19T13:52:40.346Z INFO  gresse::network] replica 178714744544926855 registered bidirectional network channel for replica 178714744544926843
[2026-08-19T13:52:40.346Z INFO  gresse::replica] replica 178714744544926855 established peer replication connection with replica 178714744544926843
[2026-08-19T13:52:48.347Z INFO  gresse::network] replica 178714744544926855 registered bidirectional network channel for replica 178714744544926856
[2026-08-19T13:52:48.347Z INFO  gresse::replica] replica 178714744544926855 established peer replication connection with replica 178714744544926856
[2026-08-19T13:52:56.423Z INFO  gresse::network] replica 178714744544926855 registered bidirectional network channel for replica 178714744544926857
[2026-08-19T13:52:56.423Z INFO  gresse::replica] replica 178714744544926855 established peer replication connection with replica 178714744544926857
[2026-08-19T13:53:04.853Z INFO  gresse::network] replica 178714744544926855 registered bidirectional network channel for replica 178714744544926858
[2026-08-19T13:53:04.853Z INFO  gresse::replica] replica 178714744544926855 established peer replication connection with replica 178714744544926858
[2026-08-19T13:53:08.906Z WARN  gresse::network] peer connection write failed: Broken pipe (os error 32)
[2026-08-19T13:53:13.116Z INFO  gresse::network] replica 178714744544926855 registered bidirectional network channel for replica 178714744544926859
[2026-08-19T13:53:13.116Z INFO  gresse::replica] replica 178714744544926855 established peer replication connection with replica 178714744544926859
[2026-08-19T13:53:21.395Z INFO  gresse::network] replica 178714744544926855 registered bidirectional network channel for replica 178714744544926860
[2026-08-19T13:53:21.395Z INFO  gresse::replica] replica 178714744544926855 established peer replication connection with replica 178714744544926860
[2026-08-19T13:54:32.906Z WARN  gresse::replica] replica 178714744544926855 deferred pull request to peer 178714744544926840: channel closed
[2026-08-19T13:55:11.906Z WARN  gresse::network] peer connection write failed: Broken pipe (os error 32)
[2026-08-19T13:55:25.715Z INFO  gresse::network] replica 178714744544926855 registered bidirectional network channel for replica 178714744544926861
[2026-08-19T13:55:25.715Z INFO  gresse::replica] replica 178714744544926855 established peer replication connection with replica 178714744544926861
[2026-08-19T13:55:27.545Z INFO  gresse::network] replica 178714744544926855 registered bidirectional network channel for replica 178714744544926862
[2026-08-19T13:55:27.545Z INFO  gresse::replica] replica 178714744544926855 established peer replication connection with replica 178714744544926862
[2026-08-19T13:55:49.906Z WARN  gresse::replica] replica 178714744544926855 deferred pull request to peer 178714744544926831: channel closed
[2026-08-19T13:56:14.339Z INFO  gresse::replica] replica 178714744544926855 observed shutdown descriptor for replica 178714744544926837 with final counter Some(2)
[2026-08-19T13:56:14.538Z INFO  gresse::replica] replica 178714744544926855 observed shutdown descriptor for replica 178714744544926849 with final counter Some(1)
[2026-08-19T13:56:19.334Z INFO  gresse::replica] replica 178714744544926855 observed shutdown descriptor for replica 178714744544926837 with final counter Some(2)
[2026-08-19T13:56:19.534Z INFO  gresse::replica] replica 178714744544926855 observed shutdown descriptor for replica 178714744544926849 with final counter Some(1)
[2026-08-19T13:56:24.337Z INFO  gresse::replica] replica 178714744544926855 observed shutdown descriptor for replica 178714744544926837 with final counter Some(2)
[2026-08-19T13:56:24.539Z INFO  gresse::replica] replica 178714744544926855 observed shutdown descriptor for replica 178714744544926849 with final counter Some(1)
[2026-08-19T13:56:29.340Z INFO  gresse::replica] replica 178714744544926855 observed shutdown descriptor for replica 178714744544926837 with final counter Some(2)
[2026-08-19T13:56:29.543Z INFO  gresse::replica] replica 178714744544926855 observed shutdown descriptor for replica 178714744544926849 with final counter Some(1)
[2026-08-19T13:56:34.532Z INFO  gresse::replica] replica 178714744544926855 observed shutdown descriptor for replica 178714744544926837 with final counter Some(2)
[2026-08-19T13:56:34.746Z INFO  gresse::replica] replica 178714744544926855 observed shutdown descriptor for replica 178714744544926849 with final counter Some(1)
[2026-08-19T13:56:39.346Z INFO  gresse::replica] replica 178714744544926855 observed shutdown descriptor for replica 178714744544926837 with final counter Some(2)
[2026-08-19T13:56:39.554Z INFO  gresse::replica] replica 178714744544926855 observed shutdown descriptor for replica 178714744544926849 with final counter Some(1)
[2026-08-19T13:56:44.348Z INFO  gresse::replica] replica 178714744544926855 observed shutdown descriptor for replica 178714744544926837 with final counter Some(2)
[2026-08-19T13:56:44.563Z INFO  gresse::replica] replica 178714744544926855 observed shutdown descriptor for replica 178714744544926849 with final counter Some(1)
[2026-08-19T13:56:49.351Z INFO  gresse::replica] replica 178714744544926855 observed shutdown descriptor for replica 178714744544926837 with final counter Some(2)
[2026-08-19T13:56:49.559Z INFO  gresse::replica] replica 178714744544926855 observed shutdown descriptor for replica 178714744544926849 with final counter Some(1)
[2026-08-19T13:56:54.355Z INFO  gresse::replica] replica 178714744544926855 observed shutdown descriptor for replica 178714744544926837 with final counter Some(2)
[2026-08-19T13:56:54.567Z INFO  gresse::replica] replica 178714744544926855 observed shutdown descriptor for replica 178714744544926849 with final counter Some(1)
[2026-08-19T13:56:55.980Z INFO  gresse::network] replica 178714744544926855 registered bidirectional network channel for replica 178714744544926863
[2026-08-19T13:56:55.980Z INFO  gresse::replica] replica 178714744544926855 established peer replication connection with replica 178714744544926863
[2026-08-19T13:56:58.472Z INFO  gresse::network] replica 178714744544926855 registered bidirectional network channel for replica 178714744544926864
[2026-08-19T13:56:58.472Z INFO  gresse::replica] replica 178714744544926855 established peer replication connection with replica 178714744544926864
[2026-08-19T13:56:59.346Z INFO  gresse::replica] replica 178714744544926855 observed shutdown descriptor for replica 178714744544926837 with final counter Some(2)
[2026-08-19T13:56:59.554Z INFO  gresse::replica] replica 178714744544926855 observed shutdown descriptor for replica 178714744544926849 with final counter Some(1)
[2026-08-19T13:57:04.351Z INFO  gresse::replica] replica 178714744544926855 observed shutdown descriptor for replica 178714744544926837 with final counter Some(2)
[2026-08-19T13:57:04.559Z INFO  gresse::replica] replica 178714744544926855 observed shutdown descriptor for replica 178714744544926849 with final counter Some(1)
[2026-08-19T13:57:09.352Z INFO  gresse::replica] replica 178714744544926855 observed shutdown descriptor for replica 178714744544926837 with final counter Some(2)
[2026-08-19T13:57:09.561Z INFO  gresse::replica] replica 178714744544926855 observed shutdown descriptor for replica 178714744544926849 with final counter Some(1)
[2026-08-19T13:57:14.348Z INFO  gresse::replica] replica 178714744544926855 observed shutdown descriptor for replica 178714744544926837 with final counter Some(2)
[2026-08-19T13:57:14.559Z INFO  gresse::replica] replica 178714744544926855 observed shutdown descriptor for replica 178714744544926849 with final counter Some(1)
[2026-08-19T13:57:19.346Z INFO  gresse::replica] replica 178714744544926855 observed shutdown descriptor for replica 178714744544926837 with final counter Some(2)
[2026-08-19T13:57:19.555Z INFO  gresse::replica] replica 178714744544926855 observed shutdown descriptor for replica 178714744544926849 with final counter Some(1)
[2026-08-19T13:57:24.347Z INFO  gresse::replica] replica 178714744544926855 observed shutdown descriptor for replica 178714744544926837 with final counter Some(2)
[2026-08-19T13:57:24.556Z INFO  gresse::replica] replica 178714744544926855 observed shutdown descriptor for replica 178714744544926849 with final counter Some(1)
[2026-08-19T13:57:29.349Z INFO  gresse::replica] replica 178714744544926855 observed shutdown descriptor for replica 178714744544926837 with final counter Some(2)
[2026-08-19T13:57:29.564Z INFO  gresse::replica] replica 178714744544926855 observed shutdown descriptor for replica 178714744544926849 with final counter Some(1)
[2026-08-19T13:57:34.345Z INFO  gresse::replica] replica 178714744544926855 observed shutdown descriptor for replica 178714744544926837 with final counter Some(2)
[2026-08-19T13:57:34.555Z INFO  gresse::replica] replica 178714744544926855 observed shutdown descriptor for replica 178714744544926849 with final counter Some(1)
[2026-08-19T13:57:39.346Z INFO  gresse::replica] replica 178714744544926855 observed shutdown descriptor for replica 178714744544926837 with final counter Some(2)
[2026-08-19T13:57:39.553Z INFO  gresse::replica] replica 178714744544926855 observed shutdown descriptor for replica 178714744544926849 with final counter Some(1)
[2026-08-19T13:57:44.353Z INFO  gresse::replica] replica 178714744544926855 observed shutdown descriptor for replica 178714744544926837 with final counter Some(2)
[2026-08-19T13:57:44.566Z INFO  gresse::replica] replica 178714744544926855 observed shutdown descriptor for replica 178714744544926849 with final counter Some(1)
[2026-08-19T13:57:49.348Z INFO  gresse::replica] replica 178714744544926855 observed shutdown descriptor for replica 178714744544926837 with final counter Some(2)
[2026-08-19T13:57:49.558Z INFO  gresse::replica] replica 178714744544926855 observed shutdown descriptor for replica 178714744544926849 with final counter Some(1)
[2026-08-19T13:57:54.348Z INFO  gresse::replica] replica 178714744544926855 observed shutdown descriptor for replica 178714744544926837 with final counter Some(2)
[2026-08-19T13:57:54.562Z INFO  gresse::replica] replica 178714744544926855 observed shutdown descriptor for replica 178714744544926849 with final counter Some(1)
[2026-08-19T13:57:59.553Z INFO  gresse::replica] replica 178714744544926855 observed shutdown descriptor for replica 178714744544926837 with final counter Some(2)
[2026-08-19T13:57:59.751Z INFO  gresse::replica] replica 178714744544926855 observed shutdown descriptor for replica 178714744544926849 with final counter Some(1)
[2026-08-19T13:58:04.343Z INFO  gresse::replica] replica 178714744544926855 observed shutdown descriptor for replica 178714744544926837 with final counter Some(2)
[2026-08-19T13:58:04.545Z INFO  gresse::replica] replica 178714744544926855 observed shutdown descriptor for replica 178714744544926849 with final counter Some(1)
[2026-08-19T13:58:09.341Z INFO  gresse::replica] replica 178714744544926855 observed shutdown descriptor for replica 178714744544926837 with final counter Some(2)
[2026-08-19T13:58:09.536Z INFO  gresse::replica] replica 178714744544926855 observed shutdown descriptor for replica 178714744544926849 with final counter Some(1)
[2026-08-19T13:58:14.342Z INFO  gresse::replica] replica 178714744544926855 observed shutdown descriptor for replica 178714744544926837 with final counter Some(2)
[2026-08-19T13:58:14.544Z INFO  gresse::replica] replica 178714744544926855 observed shutdown descriptor for replica 178714744544926849 with final counter Some(1)
[2026-08-19T13:58:19.340Z INFO  gresse::replica] replica 178714744544926855 observed shutdown descriptor for replica 178714744544926837 with final counter Some(2)
[2026-08-19T13:58:19.539Z INFO  gresse::replica] replica 178714744544926855 observed shutdown descriptor for replica 178714744544926849 with final counter Some(1)
[2026-08-19T13:58:24.338Z INFO  gresse::replica] replica 178714744544926855 observed shutdown descriptor for replica 178714744544926837 with final counter Some(2)
[2026-08-19T13:58:24.539Z INFO  gresse::replica] replica 178714744544926855 observed shutdown descriptor for replica 178714744544926849 with final counter Some(1)
[2026-08-19T13:58:29.340Z INFO  gresse::replica] replica 178714744544926855 observed shutdown descriptor for replica 178714744544926837 with final counter Some(2)
[2026-08-19T13:58:29.541Z INFO  gresse::replica] replica 178714744544926855 observed shutdown descriptor for replica 178714744544926849 with final counter Some(1)
[2026-08-19T13:58:34.340Z INFO  gresse::replica] replica 178714744544926855 observed shutdown descriptor for replica 178714744544926837 with final counter Some(2)
[2026-08-19T13:58:34.541Z INFO  gresse::replica] replica 178714744544926855 observed shutdown descriptor for replica 178714744544926849 with final counter Some(1)
[2026-08-19T13:58:39.345Z INFO  gresse::replica] replica 178714744544926855 observed shutdown descriptor for replica 178714744544926837 with final counter Some(2)
[2026-08-19T13:58:39.545Z INFO  gresse::replica] replica 178714744544926855 observed shutdown descriptor for replica 178714744544926849 with final counter Some(1)
[2026-08-19T13:58:44.339Z INFO  gresse::replica] replica 178714744544926855 observed shutdown descriptor for replica 178714744544926837 with final counter Some(2)
[2026-08-19T13:58:44.540Z INFO  gresse::replica] replica 178714744544926855 observed shutdown descriptor for replica 178714744544926849 with final counter Some(1)
[2026-08-19T13:58:49.342Z INFO  gresse::replica] replica 178714744544926855 observed shutdown descriptor for replica 178714744544926837 with final counter Some(2)
[2026-08-19T13:58:49.544Z INFO  gresse::replica] replica 178714744544926855 observed shutdown descriptor for replica 178714744544926849 with final counter Some(1)
[2026-08-19T13:58:54.344Z INFO  gresse::replica] replica 178714744544926855 observed shutdown descriptor for replica 178714744544926837 with final counter Some(2)
[2026-08-19T13:58:54.543Z INFO  gresse::replica] replica 178714744544926855 observed shutdown descriptor for replica 178714744544926849 with final counter Some(1)
[2026-08-19T13:58:59.341Z INFO  gresse::replica] replica 178714744544926855 observed shutdown descriptor for replica 178714744544926837 with final counter Some(2)
[2026-08-19T13:58:59.540Z INFO  gresse::replica] replica 178714744544926855 observed shutdown descriptor for replica 178714744544926849 with final counter Some(1)
[2026-08-19T13:59:04.587Z INFO  gresse::replica] replica 178714744544926855 observed shutdown descriptor for replica 178714744544926837 with final counter Some(2)
[2026-08-19T13:59:04.807Z INFO  gresse::replica] replica 178714744544926855 observed shutdown descriptor for replica 178714744544926849 with final counter Some(1)
[2026-08-19T13:59:09.361Z INFO  gresse::replica] replica 178714744544926855 observed shutdown descriptor for replica 178714744544926837 with final counter Some(2)
[2026-08-19T13:59:09.579Z INFO  gresse::replica] replica 178714744544926855 observed shutdown descriptor for replica 178714744544926849 with final counter Some(1)
[2026-08-19T13:59:14.363Z INFO  gresse::replica] replica 178714744544926855 observed shutdown descriptor for replica 178714744544926837 with final counter Some(2)
[2026-08-19T13:59:14.581Z INFO  gresse::replica] replica 178714744544926855 observed shutdown descriptor for replica 178714744544926849 with final counter Some(1)
[2026-08-19T13:59:19.361Z INFO  gresse::replica] replica 178714744544926855 observed shutdown descriptor for replica 178714744544926837 with final counter Some(2)
[2026-08-19T13:59:19.579Z INFO  gresse::replica] replica 178714744544926855 observed shutdown descriptor for replica 178714744544926849 with final counter Some(1)
[2026-08-19T13:59:24.364Z INFO  gresse::replica] replica 178714744544926855 observed shutdown descriptor for replica 178714744544926837 with final counter Some(2)
[2026-08-19T13:59:24.584Z INFO  gresse::replica] replica 178714744544926855 observed shutdown descriptor for replica 178714744544926849 with final counter Some(1)
[2026-08-19T13:59:29.366Z INFO  gresse::replica] replica 178714744544926855 observed shutdown descriptor for replica 178714744544926837 with final counter Some(2)
[2026-08-19T13:59:29.585Z INFO  gresse::replica] replica 178714744544926855 observed shutdown descriptor for replica 178714744544926849 with final counter Some(1)
[2026-08-19T13:59:34.357Z INFO  gresse::replica] replica 178714744544926855 observed shutdown descriptor for replica 178714744544926837 with final counter Some(2)
[2026-08-19T13:59:34.573Z INFO  gresse::replica] replica 178714744544926855 observed shutdown descriptor for replica 178714744544926849 with final counter Some(1)
[2026-08-19T13:59:39.361Z INFO  gresse::replica] replica 178714744544926855 observed shutdown descriptor for replica 178714744544926837 with final counter Some(2)
[2026-08-19T13:59:39.578Z INFO  gresse::replica] replica 178714744544926855 observed shutdown descriptor for replica 178714744544926849 with final counter Some(1)
[2026-08-19T13:59:44.359Z INFO  gresse::replica] replica 178714744544926855 observed shutdown descriptor for replica 178714744544926837 with final counter Some(2)
[2026-08-19T13:59:44.577Z INFO  gresse::replica] replica 178714744544926855 observed shutdown descriptor for replica 178714744544926849 with final counter Some(1)
[2026-08-19T13:59:49.359Z INFO  gresse::replica] replica 178714744544926855 observed shutdown descriptor for replica 178714744544926837 with final counter Some(2)
[2026-08-19T13:59:49.574Z INFO  gresse::replica] replica 178714744544926855 observed shutdown descriptor for replica 178714744544926849 with final counter Some(1)
[2026-08-19T13:59:54.360Z INFO  gresse::replica] replica 178714744544926855 observed shutdown descriptor for replica 178714744544926837 with final counter Some(2)
[2026-08-19T13:59:54.580Z INFO  gresse::replica] replica 178714744544926855 observed shutdown descriptor for replica 178714744544926849 with final counter Some(1)
[2026-08-19T13:59:59.361Z INFO  gresse::replica] replica 178714744544926855 observed shutdown descriptor for replica 178714744544926837 with final counter Some(2)
[2026-08-19T13:59:59.580Z INFO  gresse::replica] replica 178714744544926855 observed shutdown descriptor for replica 178714744544926849 with final counter Some(1)
[2026-08-19T14:00:05.453Z INFO  gresse::replica] replica 178714744544926855 observed shutdown descriptor for replica 178714744544926837 with final counter Some(2)
[2026-08-19T14:00:05.669Z INFO  gresse::replica] replica 178714744544926855 observed shutdown descriptor for replica 178714744544926849 with final counter Some(1)
[2026-08-19T14:00:09.352Z INFO  gresse::replica] replica 178714744544926855 observed shutdown descriptor for replica 178714744544926832 with final counter Some(5)
[2026-08-19T14:00:09.568Z INFO  gresse::replica] replica 178714744544926855 observed shutdown descriptor for replica 178714744544926833 with final counter Some(4)
[2026-08-19T14:00:09.785Z INFO  gresse::replica] replica 178714744544926855 observed shutdown descriptor for replica 178714744544926834 with final counter Some(4)
[2026-08-19T14:00:10.003Z INFO  gresse::replica] replica 178714744544926855 observed shutdown descriptor for replica 178714744544926837 with final counter Some(2)
[2026-08-19T14:00:10.217Z INFO  gresse::replica] replica 178714744544926855 observed shutdown descriptor for replica 178714744544926849 with final counter Some(1)
[2026-08-19T14:00:10.429Z INFO  gresse::replica] replica 178714744544926855 observed shutdown descriptor for replica 178714744544926861 with final counter Some(3)
[2026-08-19T14:00:14.357Z INFO  gresse::replica] replica 178714744544926855 observed shutdown descriptor for replica 178714744544926832 with final counter Some(5)
[2026-08-19T14:00:14.575Z INFO  gresse::replica] replica 178714744544926855 observed shutdown descriptor for replica 178714744544926833 with final counter Some(4)
[2026-08-19T14:00:14.790Z INFO  gresse::replica] replica 178714744544926855 observed shutdown descriptor for replica 178714744544926834 with final counter Some(4)
[2026-08-19T14:00:15.004Z INFO  gresse::replica] replica 178714744544926855 observed shutdown descriptor for replica 178714744544926835 with final counter Some(4)
[2026-08-19T14:00:15.216Z INFO  gresse::replica] replica 178714744544926855 observed shutdown descriptor for replica 178714744544926836 with final counter Some(4)
[2026-08-19T14:00:15.433Z INFO  gresse::replica] replica 178714744544926855 observed shutdown descriptor for replica 178714744544926837 with final counter Some(2)
[2026-08-19T14:00:15.647Z INFO  gresse::replica] replica 178714744544926855 observed shutdown descriptor for replica 178714744544926838 with final counter Some(4)
[2026-08-19T14:00:15.864Z INFO  gresse::replica] replica 178714744544926855 observed shutdown descriptor for replica 178714744544926849 with final counter Some(1)
[2026-08-19T14:00:16.080Z INFO  gresse::replica] replica 178714744544926855 observed shutdown descriptor for replica 178714744544926861 with final counter Some(3)
[2026-08-19T14:00:16.296Z INFO  gresse::replica] replica 178714744544926855 observed shutdown descriptor for replica 178714744544926863 with final counter Some(1)
[2026-08-19T14:00:19.362Z INFO  gresse::replica] replica 178714744544926855 observed shutdown descriptor for replica 178714744544926832 with final counter Some(5)
[2026-08-19T14:00:19.582Z INFO  gresse::replica] replica 178714744544926855 observed shutdown descriptor for replica 178714744544926833 with final counter Some(4)
[2026-08-19T14:00:19.798Z INFO  gresse::replica] replica 178714744544926855 observed shutdown descriptor for replica 178714744544926834 with final counter Some(4)
[2026-08-19T14:00:20.011Z INFO  gresse::replica] replica 178714744544926855 observed shutdown descriptor for replica 178714744544926835 with final counter Some(4)
[2026-08-19T14:00:20.224Z INFO  gresse::replica] replica 178714744544926855 observed shutdown descriptor for replica 178714744544926836 with final counter Some(4)
[2026-08-19T14:00:20.441Z INFO  gresse::replica] replica 178714744544926855 observed shutdown descriptor for replica 178714744544926837 with final counter Some(2)
[2026-08-19T14:00:20.656Z INFO  gresse::replica] replica 178714744544926855 observed shutdown descriptor for replica 178714744544926838 with final counter Some(4)
[2026-08-19T14:00:20.873Z INFO  gresse::replica] replica 178714744544926855 observed shutdown descriptor for replica 178714744544926839 with final counter Some(4)
[2026-08-19T14:00:21.091Z INFO  gresse::replica] replica 178714744544926855 observed shutdown descriptor for replica 178714744544926840 with final counter Some(4)
[2026-08-19T14:00:21.308Z INFO  gresse::replica] replica 178714744544926855 observed shutdown descriptor for replica 178714744544926841 with final counter Some(4)
[2026-08-19T14:00:21.522Z INFO  gresse::replica] replica 178714744544926855 observed shutdown descriptor for replica 178714744544926849 with final counter Some(1)
[2026-08-19T14:00:21.733Z INFO  gresse::replica] replica 178714744544926855 observed shutdown descriptor for replica 178714744544926861 with final counter Some(3)
[2026-08-19T14:00:21.948Z INFO  gresse::replica] replica 178714744544926855 observed shutdown descriptor for replica 178714744544926863 with final counter Some(1)
[2026-08-19T14:00:24.356Z INFO  gresse::replica] replica 178714744544926855 observed shutdown descriptor for replica 178714744544926832 with final counter Some(5)
[2026-08-19T14:00:24.573Z INFO  gresse::replica] replica 178714744544926855 observed shutdown descriptor for replica 178714744544926833 with final counter Some(4)
[2026-08-19T14:00:24.787Z INFO  gresse::replica] replica 178714744544926855 observed shutdown descriptor for replica 178714744544926834 with final counter Some(4)
[2026-08-19T14:00:25.002Z INFO  gresse::replica] replica 178714744544926855 observed shutdown descriptor for replica 178714744544926835 with final counter Some(4)
[2026-08-19T14:00:25.219Z INFO  gresse::replica] replica 178714744544926855 observed shutdown descriptor for replica 178714744544926836 with final counter Some(4)
[2026-08-19T14:00:25.433Z INFO  gresse::replica] replica 178714744544926855 observed shutdown descriptor for replica 178714744544926837 with final counter Some(2)
[2026-08-19T14:00:25.654Z INFO  gresse::replica] replica 178714744544926855 observed shutdown descriptor for replica 178714744544926838 with final counter Some(4)
[2026-08-19T14:00:25.871Z INFO  gresse::replica] replica 178714744544926855 observed shutdown descriptor for replica 178714744544926839 with final counter Some(4)
[2026-08-19T14:00:26.086Z INFO  gresse::replica] replica 178714744544926855 observed shutdown descriptor for replica 178714744544926840 with final counter Some(4)
[2026-08-19T14:00:26.303Z INFO  gresse::replica] replica 178714744544926855 observed shutdown descriptor for replica 178714744544926841 with final counter Some(4)
[2026-08-19T14:00:26.523Z INFO  gresse::replica] replica 178714744544926855 observed shutdown descriptor for replica 178714744544926842 with final counter Some(4)
[2026-08-19T14:00:26.741Z INFO  gresse::replica] replica 178714744544926855 observed shutdown descriptor for replica 178714744544926849 with final counter Some(1)
[2026-08-19T14:00:26.956Z INFO  gresse::replica] replica 178714744544926855 observed shutdown descriptor for replica 178714744544926861 with final counter Some(3)
[2026-08-19T14:00:27.175Z INFO  gresse::replica] replica 178714744544926855 observed shutdown descriptor for replica 178714744544926863 with final counter Some(1)
[2026-08-19T14:00:29.354Z INFO  gresse::replica] replica 178714744544926855 observed shutdown descriptor for replica 178714744544926832 with final counter Some(5)
[2026-08-19T14:00:29.565Z INFO  gresse::replica] replica 178714744544926855 observed shutdown descriptor for replica 178714744544926833 with final counter Some(4)
[2026-08-19T14:00:29.779Z INFO  gresse::replica] replica 178714744544926855 observed shutdown descriptor for replica 178714744544926834 with final counter Some(4)
[2026-08-19T14:00:29.993Z INFO  gresse::replica] replica 178714744544926855 observed shutdown descriptor for replica 178714744544926835 with final counter Some(4)
[2026-08-19T14:00:30.209Z INFO  gresse::replica] replica 178714744544926855 observed shutdown descriptor for replica 178714744544926836 with final counter Some(4)
[2026-08-19T14:00:30.428Z INFO  gresse::replica] replica 178714744544926855 observed shutdown descriptor for replica 178714744544926837 with final counter Some(2)
[2026-08-19T14:00:30.642Z INFO  gresse::replica] replica 178714744544926855 observed shutdown descriptor for replica 178714744544926838 with final counter Some(4)
[2026-08-19T14:00:30.858Z INFO  gresse::replica] replica 178714744544926855 observed shutdown descriptor for replica 178714744544926839 with final counter Some(4)
[2026-08-19T14:00:31.071Z INFO  gresse::replica] replica 178714744544926855 observed shutdown descriptor for replica 178714744544926840 with final counter Some(4)
[2026-08-19T14:00:31.287Z INFO  gresse::replica] replica 178714744544926855 observed shutdown descriptor for replica 178714744544926841 with final counter Some(4)
[2026-08-19T14:00:31.499Z INFO  gresse::replica] replica 178714744544926855 observed shutdown descriptor for replica 178714744544926842 with final counter Some(4)
[2026-08-19T14:00:31.716Z INFO  gresse::replica] replica 178714744544926855 observed shutdown descriptor for replica 178714744544926849 with final counter Some(1)
[2026-08-19T14:00:31.932Z INFO  gresse::replica] replica 178714744544926855 observed shutdown descriptor for replica 178714744544926861 with final counter Some(3)
[2026-08-19T14:00:32.149Z INFO  gresse::replica] replica 178714744544926855 observed shutdown descriptor for replica 178714744544926862 with final counter Some(2)
[2026-08-19T14:00:32.365Z INFO  gresse::replica] replica 178714744544926855 observed shutdown descriptor for replica 178714744544926863 with final counter Some(1)
[2026-08-19T14:00:34.357Z INFO  gresse::replica] replica 178714744544926855 observed shutdown descriptor for replica 178714744544926832 with final counter Some(5)
[2026-08-19T14:00:34.574Z INFO  gresse::replica] replica 178714744544926855 observed shutdown descriptor for replica 178714744544926833 with final counter Some(4)
[2026-08-19T14:00:34.788Z INFO  gresse::replica] replica 178714744544926855 observed shutdown descriptor for replica 178714744544926834 with final counter Some(4)
[2026-08-19T14:00:35.004Z INFO  gresse::replica] replica 178714744544926855 observed shutdown descriptor for replica 178714744544926835 with final counter Some(4)
[2026-08-19T14:00:35.217Z INFO  gresse::replica] replica 178714744544926855 observed shutdown descriptor for replica 178714744544926836 with final counter Some(4)
[2026-08-19T14:00:35.434Z INFO  gresse::replica] replica 178714744544926855 observed shutdown descriptor for replica 178714744544926837 with final counter Some(2)
[2026-08-19T14:00:35.652Z INFO  gresse::replica] replica 178714744544926855 observed shutdown descriptor for replica 178714744544926838 with final counter Some(4)
[2026-08-19T14:00:35.868Z INFO  gresse::replica] replica 178714744544926855 observed shutdown descriptor for replica 178714744544926839 with final counter Some(4)
[2026-08-19T14:00:36.087Z INFO  gresse::replica] replica 178714744544926855 observed shutdown descriptor for replica 178714744544926840 with final counter Some(4)
[2026-08-19T14:00:36.301Z INFO  gresse::replica] replica 178714744544926855 observed shutdown descriptor for replica 178714744544926841 with final counter Some(4)
[2026-08-19T14:00:36.515Z INFO  gresse::replica] replica 178714744544926855 observed shutdown descriptor for replica 178714744544926842 with final counter Some(4)
[2026-08-19T14:00:36.726Z INFO  gresse::replica] replica 178714744544926855 observed shutdown descriptor for replica 178714744544926844 with final counter Some(4)
[2026-08-19T14:00:36.944Z INFO  gresse::replica] replica 178714744544926855 observed shutdown descriptor for replica 178714744544926849 with final counter Some(1)
[2026-08-19T14:00:37.161Z INFO  gresse::replica] replica 178714744544926855 observed shutdown descriptor for replica 178714744544926861 with final counter Some(3)
[2026-08-19T14:00:37.376Z INFO  gresse::replica] replica 178714744544926855 observed shutdown descriptor for replica 178714744544926862 with final counter Some(2)
[2026-08-19T14:00:37.591Z INFO  gresse::replica] replica 178714744544926855 observed shutdown descriptor for replica 178714744544926863 with final counter Some(1)
[2026-08-19T14:00:39.360Z INFO  gresse::replica] replica 178714744544926855 observed shutdown descriptor for replica 178714744544926832 with final counter Some(5)
[2026-08-19T14:00:39.574Z INFO  gresse::replica] replica 178714744544926855 observed shutdown descriptor for replica 178714744544926833 with final counter Some(4)
[2026-08-19T14:00:39.790Z INFO  gresse::replica] replica 178714744544926855 observed shutdown descriptor for replica 178714744544926834 with final counter Some(4)
[2026-08-19T14:00:40.004Z INFO  gresse::replica] replica 178714744544926855 observed shutdown descriptor for replica 178714744544926835 with final counter Some(4)
[2026-08-19T14:00:40.222Z INFO  gresse::replica] replica 178714744544926855 observed shutdown descriptor for replica 178714744544926836 with final counter Some(4)
[2026-08-19T14:00:40.437Z INFO  gresse::replica] replica 178714744544926855 observed shutdown descriptor for replica 178714744544926837 with final counter Some(2)
[2026-08-19T14:00:40.656Z INFO  gresse::replica] replica 178714744544926855 observed shutdown descriptor for replica 178714744544926838 with final counter Some(4)
[2026-08-19T14:00:40.875Z INFO  gresse::replica] replica 178714744544926855 observed shutdown descriptor for replica 178714744544926839 with final counter Some(4)
[2026-08-19T14:00:41.090Z INFO  gresse::replica] replica 178714744544926855 observed shutdown descriptor for replica 178714744544926840 with final counter Some(4)
[2026-08-19T14:00:41.305Z INFO  gresse::replica] replica 178714744544926855 observed shutdown descriptor for replica 178714744544926841 with final counter Some(4)
[2026-08-19T14:00:41.523Z INFO  gresse::replica] replica 178714744544926855 observed shutdown descriptor for replica 178714744544926842 with final counter Some(4)
[2026-08-19T14:00:41.740Z INFO  gresse::replica] replica 178714744544926855 observed shutdown descriptor for replica 178714744544926844 with final counter Some(4)
[2026-08-19T14:00:41.952Z INFO  gresse::replica] replica 178714744544926855 observed shutdown descriptor for replica 178714744544926845 with final counter Some(4)
[2026-08-19T14:00:42.168Z INFO  gresse::replica] replica 178714744544926855 observed shutdown descriptor for replica 178714744544926849 with final counter Some(1)
[2026-08-19T14:00:42.386Z INFO  gresse::replica] replica 178714744544926855 observed shutdown descriptor for replica 178714744544926861 with final counter Some(3)
[2026-08-19T14:00:42.599Z INFO  gresse::replica] replica 178714744544926855 observed shutdown descriptor for replica 178714744544926862 with final counter Some(2)
[2026-08-19T14:00:43.160Z INFO  gresse::replica] replica 178714744544926855 observed shutdown descriptor for replica 178714744544926863 with final counter Some(1)
[2026-08-19T14:00:44.527Z INFO  gresse::replica] replica 178714744544926855 observed shutdown descriptor for replica 178714744544926832 with final counter Some(5)
[2026-08-19T14:00:44.730Z INFO  gresse::replica] replica 178714744544926855 observed shutdown descriptor for replica 178714744544926833 with final counter Some(4)
[2026-08-19T14:00:44.935Z INFO  gresse::replica] replica 178714744544926855 observed shutdown descriptor for replica 178714744544926834 with final counter Some(4)
[2026-08-19T14:00:45.138Z INFO  gresse::replica] replica 178714744544926855 observed shutdown descriptor for replica 178714744544926835 with final counter Some(4)
[2026-08-19T14:00:45.336Z INFO  gresse::replica] replica 178714744544926855 observed shutdown descriptor for replica 178714744544926836 with final counter Some(4)
[2026-08-19T14:00:45.536Z INFO  gresse::replica] replica 178714744544926855 observed shutdown descriptor for replica 178714744544926837 with final counter Some(2)
[2026-08-19T14:00:45.735Z INFO  gresse::replica] replica 178714744544926855 observed shutdown descriptor for replica 178714744544926838 with final counter Some(4)
[2026-08-19T14:00:45.939Z INFO  gresse::replica] replica 178714744544926855 observed shutdown descriptor for replica 178714744544926839 with final counter Some(4)
[2026-08-19T14:00:46.144Z INFO  gresse::replica] replica 178714744544926855 observed shutdown descriptor for replica 178714744544926840 with final counter Some(4)
[2026-08-19T14:00:46.346Z INFO  gresse::replica] replica 178714744544926855 observed shutdown descriptor for replica 178714744544926841 with final counter Some(4)
[2026-08-19T14:00:46.548Z INFO  gresse::replica] replica 178714744544926855 observed shutdown descriptor for replica 178714744544926842 with final counter Some(4)
[2026-08-19T14:00:46.748Z INFO  gresse::replica] replica 178714744544926855 observed shutdown descriptor for replica 178714744544926844 with final counter Some(4)
[2026-08-19T14:00:46.948Z INFO  gresse::replica] replica 178714744544926855 observed shutdown descriptor for replica 178714744544926845 with final counter Some(4)
[2026-08-19T14:00:47.150Z INFO  gresse::replica] replica 178714744544926855 observed shutdown descriptor for replica 178714744544926849 with final counter Some(1)
[2026-08-19T14:00:47.351Z INFO  gresse::replica] replica 178714744544926855 observed shutdown descriptor for replica 178714744544926861 with final counter Some(3)
[2026-08-19T14:00:47.553Z INFO  gresse::replica] replica 178714744544926855 observed shutdown descriptor for replica 178714744544926862 with final counter Some(2)
[2026-08-19T14:00:47.753Z INFO  gresse::replica] replica 178714744544926855 observed shutdown descriptor for replica 178714744544926863 with final counter Some(1)
[2026-08-19T14:00:49.348Z INFO  gresse::replica] replica 178714744544926855 observed shutdown descriptor for replica 178714744544926832 with final counter Some(5)
[2026-08-19T14:00:49.552Z INFO  gresse::replica] replica 178714744544926855 observed shutdown descriptor for replica 178714744544926833 with final counter Some(4)
[2026-08-19T14:00:49.751Z INFO  gresse::replica] replica 178714744544926855 observed shutdown descriptor for replica 178714744544926834 with final counter Some(4)
[2026-08-19T14:00:49.955Z INFO  gresse::replica] replica 178714744544926855 observed shutdown descriptor for replica 178714744544926835 with final counter Some(4)
[2026-08-19T14:00:50.154Z INFO  gresse::replica] replica 178714744544926855 observed shutdown descriptor for replica 178714744544926836 with final counter Some(4)
[2026-08-19T14:00:50.351Z INFO  gresse::replica] replica 178714744544926855 observed shutdown descriptor for replica 178714744544926837 with final counter Some(2)
[2026-08-19T14:00:50.553Z INFO  gresse::replica] replica 178714744544926855 observed shutdown descriptor for replica 178714744544926838 with final counter Some(4)
[2026-08-19T14:00:50.756Z INFO  gresse::replica] replica 178714744544926855 observed shutdown descriptor for replica 178714744544926839 with final counter Some(4)
[2026-08-19T14:00:50.955Z INFO  gresse::replica] replica 178714744544926855 observed shutdown descriptor for replica 178714744544926840 with final counter Some(4)
[2026-08-19T14:00:51.158Z INFO  gresse::replica] replica 178714744544926855 observed shutdown descriptor for replica 178714744544926841 with final counter Some(4)
[2026-08-19T14:00:51.361Z INFO  gresse::replica] replica 178714744544926855 observed shutdown descriptor for replica 178714744544926842 with final counter Some(4)
[2026-08-19T14:00:51.567Z INFO  gresse::replica] replica 178714744544926855 observed shutdown descriptor for replica 178714744544926844 with final counter Some(4)
[2026-08-19T14:00:51.769Z INFO  gresse::replica] replica 178714744544926855 observed shutdown descriptor for replica 178714744544926845 with final counter Some(4)
[2026-08-19T14:00:51.972Z INFO  gresse::replica] replica 178714744544926855 observed shutdown descriptor for replica 178714744544926846 with final counter Some(4)
[2026-08-19T14:00:52.170Z INFO  gresse::replica] replica 178714744544926855 observed shutdown descriptor for replica 178714744544926849 with final counter Some(1)
[2026-08-19T14:00:52.372Z INFO  gresse::replica] replica 178714744544926855 observed shutdown descriptor for replica 178714744544926861 with final counter Some(3)
[2026-08-19T14:00:52.575Z INFO  gresse::replica] replica 178714744544926855 observed shutdown descriptor for replica 178714744544926862 with final counter Some(2)
[2026-08-19T14:00:52.779Z INFO  gresse::replica] replica 178714744544926855 observed shutdown descriptor for replica 178714744544926863 with final counter Some(1)
[2026-08-19T14:00:54.344Z INFO  gresse::replica] replica 178714744544926855 observed shutdown descriptor for replica 178714744544926832 with final counter Some(5)
[2026-08-19T14:00:54.545Z INFO  gresse::replica] replica 178714744544926855 observed shutdown descriptor for replica 178714744544926833 with final counter Some(4)
[2026-08-19T14:00:54.748Z INFO  gresse::replica] replica 178714744544926855 observed shutdown descriptor for replica 178714744544926834 with final counter Some(4)
[2026-08-19T14:00:54.950Z INFO  gresse::replica] replica 178714744544926855 observed shutdown descriptor for replica 178714744544926835 with final counter Some(4)
[2026-08-19T14:00:55.147Z INFO  gresse::replica] replica 178714744544926855 observed shutdown descriptor for replica 178714744544926836 with final counter Some(4)
[2026-08-19T14:00:55.348Z INFO  gresse::replica] replica 178714744544926855 observed shutdown descriptor for replica 178714744544926837 with final counter Some(2)
[2026-08-19T14:00:55.549Z INFO  gresse::replica] replica 178714744544926855 observed shutdown descriptor for replica 178714744544926838 with final counter Some(4)
[2026-08-19T14:00:55.749Z INFO  gresse::replica] replica 178714744544926855 observed shutdown descriptor for replica 178714744544926839 with final counter Some(4)
[2026-08-19T14:00:55.947Z INFO  gresse::replica] replica 178714744544926855 observed shutdown descriptor for replica 178714744544926840 with final counter Some(4)
[2026-08-19T14:00:56.149Z INFO  gresse::replica] replica 178714744544926855 observed shutdown descriptor for replica 178714744544926841 with final counter Some(4)
[2026-08-19T14:00:56.350Z INFO  gresse::replica] replica 178714744544926855 observed shutdown descriptor for replica 178714744544926842 with final counter Some(4)
[2026-08-19T14:00:56.551Z INFO  gresse::replica] replica 178714744544926855 observed shutdown descriptor for replica 178714744544926844 with final counter Some(4)
[2026-08-19T14:00:56.751Z INFO  gresse::replica] replica 178714744544926855 observed shutdown descriptor for replica 178714744544926845 with final counter Some(4)
[2026-08-19T14:00:56.952Z INFO  gresse::replica] replica 178714744544926855 observed shutdown descriptor for replica 178714744544926846 with final counter Some(4)
[2026-08-19T14:00:57.152Z INFO  gresse::replica] replica 178714744544926855 observed shutdown descriptor for replica 178714744544926849 with final counter Some(1)
[2026-08-19T14:00:57.356Z INFO  gresse::replica] replica 178714744544926855 observed shutdown descriptor for replica 178714744544926861 with final counter Some(3)
[2026-08-19T14:00:57.558Z INFO  gresse::replica] replica 178714744544926855 observed shutdown descriptor for replica 178714744544926862 with final counter Some(2)
[2026-08-19T14:00:57.757Z INFO  gresse::replica] replica 178714744544926855 observed shutdown descriptor for replica 178714744544926863 with final counter Some(1)
[2026-08-19T14:00:59.345Z INFO  gresse::replica] replica 178714744544926855 observed shutdown descriptor for replica 178714744544926832 with final counter Some(5)
[2026-08-19T14:00:59.550Z INFO  gresse::replica] replica 178714744544926855 observed shutdown descriptor for replica 178714744544926833 with final counter Some(4)
[2026-08-19T14:00:59.753Z INFO  gresse::replica] replica 178714744544926855 observed shutdown descriptor for replica 178714744544926834 with final counter Some(4)
[2026-08-19T14:00:59.952Z INFO  gresse::replica] replica 178714744544926855 observed shutdown descriptor for replica 178714744544926835 with final counter Some(4)
[2026-08-19T14:01:00.152Z INFO  gresse::replica] replica 178714744544926855 observed shutdown descriptor for replica 178714744544926836 with final counter Some(4)
[2026-08-19T14:01:00.353Z INFO  gresse::replica] replica 178714744544926855 observed shutdown descriptor for replica 178714744544926837 with final counter Some(2)
[2026-08-19T14:01:00.552Z INFO  gresse::replica] replica 178714744544926855 observed shutdown descriptor for replica 178714744544926838 with final counter Some(4)
[2026-08-19T14:01:00.751Z INFO  gresse::replica] replica 178714744544926855 observed shutdown descriptor for replica 178714744544926839 with final counter Some(4)
[2026-08-19T14:01:00.954Z INFO  gresse::replica] replica 178714744544926855 observed shutdown descriptor for replica 178714744544926840 with final counter Some(4)
[2026-08-19T14:01:01.152Z INFO  gresse::replica] replica 178714744544926855 observed shutdown descriptor for replica 178714744544926841 with final counter Some(4)
[2026-08-19T14:01:01.352Z INFO  gresse::replica] replica 178714744544926855 observed shutdown descriptor for replica 178714744544926842 with final counter Some(4)
[2026-08-19T14:01:01.553Z INFO  gresse::replica] replica 178714744544926855 observed shutdown descriptor for replica 178714744544926844 with final counter Some(4)
[2026-08-19T14:01:01.755Z INFO  gresse::replica] replica 178714744544926855 observed shutdown descriptor for replica 178714744544926845 with final counter Some(4)
[2026-08-19T14:01:01.955Z INFO  gresse::replica] replica 178714744544926855 observed shutdown descriptor for replica 178714744544926846 with final counter Some(4)
[2026-08-19T14:01:02.156Z INFO  gresse::replica] replica 178714744544926855 observed shutdown descriptor for replica 178714744544926847 with final counter Some(4)
[2026-08-19T14:01:02.359Z INFO  gresse::replica] replica 178714744544926855 observed shutdown descriptor for replica 178714744544926849 with final counter Some(1)
[2026-08-19T14:01:02.558Z INFO  gresse::replica] replica 178714744544926855 observed shutdown descriptor for replica 178714744544926861 with final counter Some(3)
[2026-08-19T14:01:02.760Z INFO  gresse::replica] replica 178714744544926855 observed shutdown descriptor for replica 178714744544926862 with final counter Some(2)
[2026-08-19T14:01:02.959Z INFO  gresse::replica] replica 178714744544926855 observed shutdown descriptor for replica 178714744544926863 with final counter Some(1)
[2026-08-19T14:01:04.355Z INFO  gresse::replica] replica 178714744544926855 observed shutdown descriptor for replica 178714744544926832 with final counter Some(5)
[2026-08-19T14:01:04.558Z INFO  gresse::replica] replica 178714744544926855 observed shutdown descriptor for replica 178714744544926833 with final counter Some(4)
[2026-08-19T14:01:04.762Z INFO  gresse::replica] replica 178714744544926855 observed shutdown descriptor for replica 178714744544926834 with final counter Some(4)
[2026-08-19T14:01:04.965Z INFO  gresse::replica] replica 178714744544926855 observed shutdown descriptor for replica 178714744544926835 with final counter Some(4)
[2026-08-19T14:01:05.164Z INFO  gresse::replica] replica 178714744544926855 observed shutdown descriptor for replica 178714744544926836 with final counter Some(4)
[2026-08-19T14:01:05.366Z INFO  gresse::replica] replica 178714744544926855 observed shutdown descriptor for replica 178714744544926837 with final counter Some(2)
[2026-08-19T14:01:05.571Z INFO  gresse::replica] replica 178714744544926855 observed shutdown descriptor for replica 178714744544926838 with final counter Some(4)
[2026-08-19T14:01:05.772Z INFO  gresse::replica] replica 178714744544926855 observed shutdown descriptor for replica 178714744544926839 with final counter Some(4)
[2026-08-19T14:01:05.971Z INFO  gresse::replica] replica 178714744544926855 observed shutdown descriptor for replica 178714744544926840 with final counter Some(4)
[2026-08-19T14:01:06.172Z INFO  gresse::replica] replica 178714744544926855 observed shutdown descriptor for replica 178714744544926841 with final counter Some(4)
[2026-08-19T14:01:06.372Z INFO  gresse::replica] replica 178714744544926855 observed shutdown descriptor for replica 178714744544926842 with final counter Some(4)
[2026-08-19T14:01:06.572Z INFO  gresse::replica] replica 178714744544926855 observed shutdown descriptor for replica 178714744544926844 with final counter Some(4)
[2026-08-19T14:01:06.773Z INFO  gresse::replica] replica 178714744544926855 observed shutdown descriptor for replica 178714744544926845 with final counter Some(4)
[2026-08-19T14:01:06.975Z INFO  gresse::replica] replica 178714744544926855 observed shutdown descriptor for replica 178714744544926846 with final counter Some(4)
[2026-08-19T14:01:07.174Z INFO  gresse::replica] replica 178714744544926855 observed shutdown descriptor for replica 178714744544926847 with final counter Some(4)
[2026-08-19T14:01:07.376Z INFO  gresse::replica] replica 178714744544926855 observed shutdown descriptor for replica 178714744544926849 with final counter Some(1)
[2026-08-19T14:01:07.576Z INFO  gresse::replica] replica 178714744544926855 observed shutdown descriptor for replica 178714744544926861 with final counter Some(3)
[2026-08-19T14:01:07.778Z INFO  gresse::replica] replica 178714744544926855 observed shutdown descriptor for replica 178714744544926862 with final counter Some(2)
[2026-08-19T14:01:07.979Z INFO  gresse::replica] replica 178714744544926855 observed shutdown descriptor for replica 178714744544926863 with final counter Some(1)
[2026-08-19T14:01:09.350Z INFO  gresse::replica] replica 178714744544926855 observed shutdown descriptor for replica 178714744544926832 with final counter Some(5)
[2026-08-19T14:01:09.547Z INFO  gresse::replica] replica 178714744544926855 observed shutdown descriptor for replica 178714744544926833 with final counter Some(4)
[2026-08-19T14:01:10.108Z INFO  gresse::replica] replica 178714744544926855 observed shutdown descriptor for replica 178714744544926834 with final counter Some(4)
[2026-08-19T14:01:10.308Z INFO  gresse::replica] replica 178714744544926855 observed shutdown descriptor for replica 178714744544926835 with final counter Some(4)
[2026-08-19T14:01:10.509Z INFO  gresse::replica] replica 178714744544926855 observed shutdown descriptor for replica 178714744544926836 with final counter Some(4)
[2026-08-19T14:01:10.708Z INFO  gresse::replica] replica 178714744544926855 observed shutdown descriptor for replica 178714744544926837 with final counter Some(2)
[2026-08-19T14:01:10.911Z INFO  gresse::replica] replica 178714744544926855 observed shutdown descriptor for replica 178714744544926838 with final counter Some(4)
[2026-08-19T14:01:11.113Z INFO  gresse::replica] replica 178714744544926855 observed shutdown descriptor for replica 178714744544926839 with final counter Some(4)
[2026-08-19T14:01:11.315Z INFO  gresse::replica] replica 178714744544926855 observed shutdown descriptor for replica 178714744544926840 with final counter Some(4)
[2026-08-19T14:01:11.518Z INFO  gresse::replica] replica 178714744544926855 observed shutdown descriptor for replica 178714744544926841 with final counter Some(4)
[2026-08-19T14:01:11.715Z INFO  gresse::replica] replica 178714744544926855 observed shutdown descriptor for replica 178714744544926842 with final counter Some(4)
[2026-08-19T14:01:11.916Z INFO  gresse::replica] replica 178714744544926855 observed shutdown descriptor for replica 178714744544926844 with final counter Some(4)
[2026-08-19T14:01:12.117Z INFO  gresse::replica] replica 178714744544926855 observed shutdown descriptor for replica 178714744544926845 with final counter Some(4)
[2026-08-19T14:01:12.317Z INFO  gresse::replica] replica 178714744544926855 observed shutdown descriptor for replica 178714744544926846 with final counter Some(4)
[2026-08-19T14:01:12.520Z INFO  gresse::replica] replica 178714744544926855 observed shutdown descriptor for replica 178714744544926847 with final counter Some(4)
[2026-08-19T14:01:12.720Z INFO  gresse::replica] replica 178714744544926855 observed shutdown descriptor for replica 178714744544926848 with final counter Some(4)
[2026-08-19T14:01:12.920Z INFO  gresse::replica] replica 178714744544926855 observed shutdown descriptor for replica 178714744544926849 with final counter Some(1)
[2026-08-19T14:01:13.122Z INFO  gresse::replica] replica 178714744544926855 observed shutdown descriptor for replica 178714744544926861 with final counter Some(3)
[2026-08-19T14:01:13.323Z INFO  gresse::replica] replica 178714744544926855 observed shutdown descriptor for replica 178714744544926862 with final counter Some(2)
[2026-08-19T14:01:13.523Z INFO  gresse::replica] replica 178714744544926855 observed shutdown descriptor for replica 178714744544926863 with final counter Some(1)
[2026-08-19T14:01:14.523Z INFO  gresse::replica] replica 178714744544926855 observed shutdown descriptor for replica 178714744544926832 with final counter Some(5)
[2026-08-19T14:01:14.726Z INFO  gresse::replica] replica 178714744544926855 observed shutdown descriptor for replica 178714744544926833 with final counter Some(4)
[2026-08-19T14:01:14.927Z INFO  gresse::replica] replica 178714744544926855 observed shutdown descriptor for replica 178714744544926834 with final counter Some(4)
[2026-08-19T14:01:15.128Z INFO  gresse::replica] replica 178714744544926855 observed shutdown descriptor for replica 178714744544926835 with final counter Some(4)
[2026-08-19T14:01:15.330Z INFO  gresse::replica] replica 178714744544926855 observed shutdown descriptor for replica 178714744544926836 with final counter Some(4)
[2026-08-19T14:01:15.533Z INFO  gresse::replica] replica 178714744544926855 observed shutdown descriptor for replica 178714744544926837 with final counter Some(2)
[2026-08-19T14:01:15.736Z INFO  gresse::replica] replica 178714744544926855 observed shutdown descriptor for replica 178714744544926838 with final counter Some(4)
[2026-08-19T14:01:15.939Z INFO  gresse::replica] replica 178714744544926855 observed shutdown descriptor for replica 178714744544926839 with final counter Some(4)
[2026-08-19T14:01:16.139Z INFO  gresse::replica] replica 178714744544926855 observed shutdown descriptor for replica 178714744544926840 with final counter Some(4)
[2026-08-19T14:01:16.337Z INFO  gresse::replica] replica 178714744544926855 observed shutdown descriptor for replica 178714744544926841 with final counter Some(4)
[2026-08-19T14:01:16.534Z INFO  gresse::replica] replica 178714744544926855 observed shutdown descriptor for replica 178714744544926842 with final counter Some(4)
[2026-08-19T14:01:16.735Z INFO  gresse::replica] replica 178714744544926855 observed shutdown descriptor for replica 178714744544926844 with final counter Some(4)
[2026-08-19T14:01:16.932Z INFO  gresse::replica] replica 178714744544926855 observed shutdown descriptor for replica 178714744544926845 with final counter Some(4)
[2026-08-19T14:01:17.130Z INFO  gresse::replica] replica 178714744544926855 observed shutdown descriptor for replica 178714744544926846 with final counter Some(4)
[2026-08-19T14:01:17.330Z INFO  gresse::replica] replica 178714744544926855 observed shutdown descriptor for replica 178714744544926847 with final counter Some(4)
[2026-08-19T14:01:17.530Z INFO  gresse::replica] replica 178714744544926855 observed shutdown descriptor for replica 178714744544926848 with final counter Some(4)
[2026-08-19T14:01:17.732Z INFO  gresse::replica] replica 178714744544926855 observed shutdown descriptor for replica 178714744544926849 with final counter Some(1)
[2026-08-19T14:01:17.937Z INFO  gresse::replica] replica 178714744544926855 observed shutdown descriptor for replica 178714744544926861 with final counter Some(3)
[2026-08-19T14:01:18.137Z INFO  gresse::replica] replica 178714744544926855 observed shutdown descriptor for replica 178714744544926862 with final counter Some(2)
[2026-08-19T14:01:18.334Z INFO  gresse::replica] replica 178714744544926855 observed shutdown descriptor for replica 178714744544926863 with final counter Some(1)
[2026-08-19T14:01:19.347Z INFO  gresse::replica] replica 178714744544926855 observed shutdown descriptor for replica 178714744544926832 with final counter Some(5)
[2026-08-19T14:01:19.548Z INFO  gresse::replica] replica 178714744544926855 observed shutdown descriptor for replica 178714744544926833 with final counter Some(4)
[2026-08-19T14:01:19.746Z INFO  gresse::replica] replica 178714744544926855 observed shutdown descriptor for replica 178714744544926834 with final counter Some(4)
[2026-08-19T14:01:19.949Z INFO  gresse::replica] replica 178714744544926855 observed shutdown descriptor for replica 178714744544926835 with final counter Some(4)
[2026-08-19T14:01:20.150Z INFO  gresse::replica] replica 178714744544926855 observed shutdown descriptor for replica 178714744544926836 with final counter Some(4)
[2026-08-19T14:01:20.352Z INFO  gresse::replica] replica 178714744544926855 observed shutdown descriptor for replica 178714744544926837 with final counter Some(2)
[2026-08-19T14:01:20.551Z INFO  gresse::replica] replica 178714744544926855 observed shutdown descriptor for replica 178714744544926838 with final counter Some(4)
[2026-08-19T14:01:20.750Z INFO  gresse::replica] replica 178714744544926855 observed shutdown descriptor for replica 178714744544926839 with final counter Some(4)
[2026-08-19T14:01:20.952Z INFO  gresse::replica] replica 178714744544926855 observed shutdown descriptor for replica 178714744544926840 with final counter Some(4)
[2026-08-19T14:01:21.151Z INFO  gresse::replica] replica 178714744544926855 observed shutdown descriptor for replica 178714744544926841 with final counter Some(4)
[2026-08-19T14:01:21.349Z INFO  gresse::replica] replica 178714744544926855 observed shutdown descriptor for replica 178714744544926842 with final counter Some(4)
[2026-08-19T14:01:21.550Z INFO  gresse::replica] replica 178714744544926855 observed shutdown descriptor for replica 178714744544926844 with final counter Some(4)
[2026-08-19T14:01:21.752Z INFO  gresse::replica] replica 178714744544926855 observed shutdown descriptor for replica 178714744544926845 with final counter Some(4)
[2026-08-19T14:01:21.952Z INFO  gresse::replica] replica 178714744544926855 observed shutdown descriptor for replica 178714744544926846 with final counter Some(4)
[2026-08-19T14:01:22.155Z INFO  gresse::replica] replica 178714744544926855 observed shutdown descriptor for replica 178714744544926847 with final counter Some(4)
[2026-08-19T14:01:22.355Z INFO  gresse::replica] replica 178714744544926855 observed shutdown descriptor for replica 178714744544926848 with final counter Some(4)
[2026-08-19T14:01:22.555Z INFO  gresse::replica] replica 178714744544926855 observed shutdown descriptor for replica 178714744544926849 with final counter Some(1)
[2026-08-19T14:01:22.756Z INFO  gresse::replica] replica 178714744544926855 observed shutdown descriptor for replica 178714744544926861 with final counter Some(3)
[2026-08-19T14:01:22.954Z INFO  gresse::replica] replica 178714744544926855 observed shutdown descriptor for replica 178714744544926862 with final counter Some(2)
[2026-08-19T14:01:23.158Z INFO  gresse::replica] replica 178714744544926855 observed shutdown descriptor for replica 178714744544926863 with final counter Some(1)
[2026-08-19T14:01:23.358Z INFO  gresse::replica] replica 178714744544926855 observed shutdown descriptor for replica 178714744544926864 with final counter Some(1)
[2026-08-19T14:01:24.336Z INFO  gresse::replica] replica 178714744544926855 observed shutdown descriptor for replica 178714744544926832 with final counter Some(5)
[2026-08-19T14:01:24.538Z INFO  gresse::replica] replica 178714744544926855 observed shutdown descriptor for replica 178714744544926833 with final counter Some(4)
[2026-08-19T14:01:24.739Z INFO  gresse::replica] replica 178714744544926855 observed shutdown descriptor for replica 178714744544926834 with final counter Some(4)
[2026-08-19T14:01:24.937Z INFO  gresse::replica] replica 178714744544926855 observed shutdown descriptor for replica 178714744544926835 with final counter Some(4)
[2026-08-19T14:01:25.139Z INFO  gresse::replica] replica 178714744544926855 observed shutdown descriptor for replica 178714744544926836 with final counter Some(4)
[2026-08-19T14:01:25.339Z INFO  gresse::replica] replica 178714744544926855 observed shutdown descriptor for replica 178714744544926837 with final counter Some(2)
[2026-08-19T14:01:25.574Z INFO  gresse::replica] replica 178714744544926855 observed shutdown descriptor for replica 178714744544926838 with final counter Some(4)
[2026-08-19T14:01:25.777Z INFO  gresse::replica] replica 178714744544926855 observed shutdown descriptor for replica 178714744544926839 with final counter Some(4)
[2026-08-19T14:01:25.974Z INFO  gresse::replica] replica 178714744544926855 observed shutdown descriptor for replica 178714744544926840 with final counter Some(4)
[2026-08-19T14:01:26.176Z INFO  gresse::replica] replica 178714744544926855 observed shutdown descriptor for replica 178714744544926841 with final counter Some(4)
[2026-08-19T14:01:26.373Z INFO  gresse::replica] replica 178714744544926855 observed shutdown descriptor for replica 178714744544926842 with final counter Some(4)
[2026-08-19T14:01:26.577Z INFO  gresse::replica] replica 178714744544926855 observed shutdown descriptor for replica 178714744544926844 with final counter Some(4)
[2026-08-19T14:01:26.780Z INFO  gresse::replica] replica 178714744544926855 observed shutdown descriptor for replica 178714744544926845 with final counter Some(4)
[2026-08-19T14:01:26.977Z INFO  gresse::replica] replica 178714744544926855 observed shutdown descriptor for replica 178714744544926846 with final counter Some(4)
[2026-08-19T14:01:27.176Z INFO  gresse::replica] replica 178714744544926855 observed shutdown descriptor for replica 178714744544926847 with final counter Some(4)
[2026-08-19T14:01:27.376Z INFO  gresse::replica] replica 178714744544926855 observed shutdown descriptor for replica 178714744544926848 with final counter Some(4)
[2026-08-19T14:01:27.578Z INFO  gresse::replica] replica 178714744544926855 observed shutdown descriptor for replica 178714744544926849 with final counter Some(1)
[2026-08-19T14:01:27.776Z INFO  gresse::replica] replica 178714744544926855 observed shutdown descriptor for replica 178714744544926850 with final counter Some(4)
[2026-08-19T14:01:27.974Z INFO  gresse::replica] replica 178714744544926855 observed shutdown descriptor for replica 178714744544926861 with final counter Some(3)
[2026-08-19T14:01:28.173Z INFO  gresse::replica] replica 178714744544926855 observed shutdown descriptor for replica 178714744544926862 with final counter Some(2)
[2026-08-19T14:01:28.375Z INFO  gresse::replica] replica 178714744544926855 observed shutdown descriptor for replica 178714744544926863 with final counter Some(1)
[2026-08-19T14:01:28.575Z INFO  gresse::replica] replica 178714744544926855 observed shutdown descriptor for replica 178714744544926864 with final counter Some(1)
[2026-08-19T14:01:29.343Z INFO  gresse::replica] replica 178714744544926855 observed shutdown descriptor for replica 178714744544926832 with final counter Some(5)
[2026-08-19T14:01:29.543Z INFO  gresse::replica] replica 178714744544926855 observed shutdown descriptor for replica 178714744544926833 with final counter Some(4)
[2026-08-19T14:01:29.745Z INFO  gresse::replica] replica 178714744544926855 observed shutdown descriptor for replica 178714744544926834 with final counter Some(4)
[2026-08-19T14:01:29.944Z INFO  gresse::replica] replica 178714744544926855 observed shutdown descriptor for replica 178714744544926835 with final counter Some(4)
[2026-08-19T14:01:30.145Z INFO  gresse::replica] replica 178714744544926855 observed shutdown descriptor for replica 178714744544926836 with final counter Some(4)
[2026-08-19T14:01:30.349Z INFO  gresse::replica] replica 178714744544926855 observed shutdown descriptor for replica 178714744544926837 with final counter Some(2)
[2026-08-19T14:01:30.548Z INFO  gresse::replica] replica 178714744544926855 observed shutdown descriptor for replica 178714744544926838 with final counter Some(4)
[2026-08-19T14:01:30.751Z INFO  gresse::replica] replica 178714744544926855 observed shutdown descriptor for replica 178714744544926839 with final counter Some(4)
[2026-08-19T14:01:30.948Z INFO  gresse::replica] replica 178714744544926855 observed shutdown descriptor for replica 178714744544926840 with final counter Some(4)
[2026-08-19T14:01:31.152Z INFO  gresse::replica] replica 178714744544926855 observed shutdown descriptor for replica 178714744544926841 with final counter Some(4)
[2026-08-19T14:01:31.355Z INFO  gresse::replica] replica 178714744544926855 observed shutdown descriptor for replica 178714744544926842 with final counter Some(4)
[2026-08-19T14:01:31.555Z INFO  gresse::replica] replica 178714744544926855 observed shutdown descriptor for replica 178714744544926844 with final counter Some(4)
[2026-08-19T14:01:31.757Z INFO  gresse::replica] replica 178714744544926855 observed shutdown descriptor for replica 178714744544926845 with final counter Some(4)
[2026-08-19T14:01:31.960Z INFO  gresse::replica] replica 178714744544926855 observed shutdown descriptor for replica 178714744544926846 with final counter Some(4)
[2026-08-19T14:01:32.161Z INFO  gresse::replica] replica 178714744544926855 observed shutdown descriptor for replica 178714744544926847 with final counter Some(4)
[2026-08-19T14:01:32.359Z INFO  gresse::replica] replica 178714744544926855 observed shutdown descriptor for replica 178714744544926848 with final counter Some(4)
[2026-08-19T14:01:32.562Z INFO  gresse::replica] replica 178714744544926855 observed shutdown descriptor for replica 178714744544926849 with final counter Some(1)
[2026-08-19T14:01:32.765Z INFO  gresse::replica] replica 178714744544926855 observed shutdown descriptor for replica 178714744544926850 with final counter Some(4)
[2026-08-19T14:01:32.967Z INFO  gresse::replica] replica 178714744544926855 observed shutdown descriptor for replica 178714744544926861 with final counter Some(3)
[2026-08-19T14:01:33.164Z INFO  gresse::replica] replica 178714744544926855 observed shutdown descriptor for replica 178714744544926862 with final counter Some(2)
[2026-08-19T14:01:33.367Z INFO  gresse::replica] replica 178714744544926855 observed shutdown descriptor for replica 178714744544926863 with final counter Some(1)
[2026-08-19T14:01:33.568Z INFO  gresse::replica] replica 178714744544926855 observed shutdown descriptor for replica 178714744544926864 with final counter Some(1)
[2026-08-19T14:01:34.514Z INFO  gresse::replica] replica 178714744544926855 observed shutdown descriptor for replica 178714744544926832 with final counter Some(5)
[2026-08-19T14:01:34.716Z INFO  gresse::replica] replica 178714744544926855 observed shutdown descriptor for replica 178714744544926833 with final counter Some(4)
[2026-08-19T14:01:34.914Z INFO  gresse::replica] replica 178714744544926855 observed shutdown descriptor for replica 178714744544926834 with final counter Some(4)
[2026-08-19T14:01:35.111Z INFO  gresse::replica] replica 178714744544926855 observed shutdown descriptor for replica 178714744544926835 with final counter Some(4)
[2026-08-19T14:01:35.314Z INFO  gresse::replica] replica 178714744544926855 observed shutdown descriptor for replica 178714744544926836 with final counter Some(4)
[2026-08-19T14:01:35.516Z INFO  gresse::replica] replica 178714744544926855 observed shutdown descriptor for replica 178714744544926837 with final counter Some(2)
[2026-08-19T14:01:35.718Z INFO  gresse::replica] replica 178714744544926855 observed shutdown descriptor for replica 178714744544926838 with final counter Some(4)
[2026-08-19T14:01:35.922Z INFO  gresse::replica] replica 178714744544926855 observed shutdown descriptor for replica 178714744544926839 with final counter Some(4)
[2026-08-19T14:01:36.122Z INFO  gresse::replica] replica 178714744544926855 observed shutdown descriptor for replica 178714744544926840 with final counter Some(4)
[2026-08-19T14:01:36.323Z INFO  gresse::replica] replica 178714744544926855 observed shutdown descriptor for replica 178714744544926841 with final counter Some(4)
[2026-08-19T14:01:36.521Z INFO  gresse::replica] replica 178714744544926855 observed shutdown descriptor for replica 178714744544926842 with final counter Some(4)
[2026-08-19T14:01:36.722Z INFO  gresse::replica] replica 178714744544926855 observed shutdown descriptor for replica 178714744544926844 with final counter Some(4)
[2026-08-19T14:01:36.921Z INFO  gresse::replica] replica 178714744544926855 observed shutdown descriptor for replica 178714744544926845 with final counter Some(4)
[2026-08-19T14:01:37.125Z INFO  gresse::replica] replica 178714744544926855 observed shutdown descriptor for replica 178714744544926846 with final counter Some(4)
[2026-08-19T14:01:37.324Z INFO  gresse::replica] replica 178714744544926855 observed shutdown descriptor for replica 178714744544926847 with final counter Some(4)
[2026-08-19T14:01:37.524Z INFO  gresse::replica] replica 178714744544926855 observed shutdown descriptor for replica 178714744544926848 with final counter Some(4)
[2026-08-19T14:01:37.726Z INFO  gresse::replica] replica 178714744544926855 observed shutdown descriptor for replica 178714744544926849 with final counter Some(1)
[2026-08-19T14:01:37.929Z INFO  gresse::replica] replica 178714744544926855 observed shutdown descriptor for replica 178714744544926850 with final counter Some(4)
[2026-08-19T14:01:38.132Z INFO  gresse::replica] replica 178714744544926855 observed shutdown descriptor for replica 178714744544926861 with final counter Some(3)
[2026-08-19T14:01:38.331Z INFO  gresse::replica] replica 178714744544926855 observed shutdown descriptor for replica 178714744544926862 with final counter Some(2)
[2026-08-19T14:01:38.533Z INFO  gresse::replica] replica 178714744544926855 observed shutdown descriptor for replica 178714744544926863 with final counter Some(1)
[2026-08-19T14:01:38.731Z INFO  gresse::replica] replica 178714744544926855 observed shutdown descriptor for replica 178714744544926864 with final counter Some(1)
[2026-08-19T14:01:39.345Z INFO  gresse::replica] replica 178714744544926855 observed shutdown descriptor for replica 178714744544926832 with final counter Some(5)
[2026-08-19T14:01:39.548Z INFO  gresse::replica] replica 178714744544926855 observed shutdown descriptor for replica 178714744544926833 with final counter Some(4)
[2026-08-19T14:01:39.747Z INFO  gresse::replica] replica 178714744544926855 observed shutdown descriptor for replica 178714744544926834 with final counter Some(4)
[2026-08-19T14:01:39.949Z INFO  gresse::replica] replica 178714744544926855 observed shutdown descriptor for replica 178714744544926835 with final counter Some(4)
[2026-08-19T14:01:40.151Z INFO  gresse::replica] replica 178714744544926855 observed shutdown descriptor for replica 178714744544926836 with final counter Some(4)
[2026-08-19T14:01:40.352Z INFO  gresse::replica] replica 178714744544926855 observed shutdown descriptor for replica 178714744544926837 with final counter Some(2)
[2026-08-19T14:01:40.556Z INFO  gresse::replica] replica 178714744544926855 observed shutdown descriptor for replica 178714744544926838 with final counter Some(4)
[2026-08-19T14:01:40.755Z INFO  gresse::replica] replica 178714744544926855 observed shutdown descriptor for replica 178714744544926839 with final counter Some(4)
[2026-08-19T14:01:40.953Z INFO  gresse::replica] replica 178714744544926855 observed shutdown descriptor for replica 178714744544926840 with final counter Some(4)
[2026-08-19T14:01:41.157Z INFO  gresse::replica] replica 178714744544926855 observed shutdown descriptor for replica 178714744544926841 with final counter Some(4)
[2026-08-19T14:01:41.358Z INFO  gresse::replica] replica 178714744544926855 observed shutdown descriptor for replica 178714744544926842 with final counter Some(4)
[2026-08-19T14:01:41.557Z INFO  gresse::replica] replica 178714744544926855 observed shutdown descriptor for replica 178714744544926844 with final counter Some(4)
[2026-08-19T14:01:41.758Z INFO  gresse::replica] replica 178714744544926855 observed shutdown descriptor for replica 178714744544926845 with final counter Some(4)
[2026-08-19T14:01:41.963Z INFO  gresse::replica] replica 178714744544926855 observed shutdown descriptor for replica 178714744544926846 with final counter Some(4)
[2026-08-19T14:01:42.163Z INFO  gresse::replica] replica 178714744544926855 observed shutdown descriptor for replica 178714744544926847 with final counter Some(4)
[2026-08-19T14:01:42.365Z INFO  gresse::replica] replica 178714744544926855 observed shutdown descriptor for replica 178714744544926848 with final counter Some(4)
[2026-08-19T14:01:42.567Z INFO  gresse::replica] replica 178714744544926855 observed shutdown descriptor for replica 178714744544926849 with final counter Some(1)
[2026-08-19T14:01:42.764Z INFO  gresse::replica] replica 178714744544926855 observed shutdown descriptor for replica 178714744544926850 with final counter Some(4)
[2026-08-19T14:01:42.968Z INFO  gresse::replica] replica 178714744544926855 observed shutdown descriptor for replica 178714744544926851 with final counter Some(4)
[2026-08-19T14:01:43.167Z INFO  gresse::replica] replica 178714744544926855 observed shutdown descriptor for replica 178714744544926861 with final counter Some(3)
[2026-08-19T14:01:43.367Z INFO  gresse::replica] replica 178714744544926855 observed shutdown descriptor for replica 178714744544926862 with final counter Some(2)
[2026-08-19T14:01:43.570Z INFO  gresse::replica] replica 178714744544926855 observed shutdown descriptor for replica 178714744544926863 with final counter Some(1)
[2026-08-19T14:01:43.769Z INFO  gresse::replica] replica 178714744544926855 observed shutdown descriptor for replica 178714744544926864 with final counter Some(1)
[2026-08-19T14:01:44.347Z INFO  gresse::replica] replica 178714744544926855 observed shutdown descriptor for replica 178714744544926832 with final counter Some(5)
[2026-08-19T14:01:44.546Z INFO  gresse::replica] replica 178714744544926855 observed shutdown descriptor for replica 178714744544926833 with final counter Some(4)
[2026-08-19T14:01:44.745Z INFO  gresse::replica] replica 178714744544926855 observed shutdown descriptor for replica 178714744544926834 with final counter Some(4)
[2026-08-19T14:01:44.948Z INFO  gresse::replica] replica 178714744544926855 observed shutdown descriptor for replica 178714744544926835 with final counter Some(4)
[2026-08-19T14:01:45.151Z INFO  gresse::replica] replica 178714744544926855 observed shutdown descriptor for replica 178714744544926836 with final counter Some(4)
[2026-08-19T14:01:45.351Z INFO  gresse::replica] replica 178714744544926855 observed shutdown descriptor for replica 178714744544926837 with final counter Some(2)
[2026-08-19T14:01:45.550Z INFO  gresse::replica] replica 178714744544926855 observed shutdown descriptor for replica 178714744544926838 with final counter Some(4)
[2026-08-19T14:01:45.753Z INFO  gresse::replica] replica 178714744544926855 observed shutdown descriptor for replica 178714744544926839 with final counter Some(4)
[2026-08-19T14:01:45.954Z INFO  gresse::replica] replica 178714744544926855 observed shutdown descriptor for replica 178714744544926840 with final counter Some(4)
[2026-08-19T14:01:46.152Z INFO  gresse::replica] replica 178714744544926855 observed shutdown descriptor for replica 178714744544926841 with final counter Some(4)
[2026-08-19T14:01:46.353Z INFO  gresse::replica] replica 178714744544926855 observed shutdown descriptor for replica 178714744544926842 with final counter Some(4)
[2026-08-19T14:01:46.552Z INFO  gresse::replica] replica 178714744544926855 observed shutdown descriptor for replica 178714744544926844 with final counter Some(4)
[2026-08-19T14:01:46.753Z INFO  gresse::replica] replica 178714744544926855 observed shutdown descriptor for replica 178714744544926845 with final counter Some(4)
[2026-08-19T14:01:46.951Z INFO  gresse::replica] replica 178714744544926855 observed shutdown descriptor for replica 178714744544926846 with final counter Some(4)
[2026-08-19T14:01:47.148Z INFO  gresse::replica] replica 178714744544926855 observed shutdown descriptor for replica 178714744544926847 with final counter Some(4)
[2026-08-19T14:01:47.346Z INFO  gresse::replica] replica 178714744544926855 observed shutdown descriptor for replica 178714744544926848 with final counter Some(4)
[2026-08-19T14:01:47.543Z INFO  gresse::replica] replica 178714744544926855 observed shutdown descriptor for replica 178714744544926849 with final counter Some(1)
[2026-08-19T14:01:47.746Z INFO  gresse::replica] replica 178714744544926855 observed shutdown descriptor for replica 178714744544926850 with final counter Some(4)
[2026-08-19T14:01:47.947Z INFO  gresse::replica] replica 178714744544926855 observed shutdown descriptor for replica 178714744544926851 with final counter Some(4)
[2026-08-19T14:01:48.147Z INFO  gresse::replica] replica 178714744544926855 observed shutdown descriptor for replica 178714744544926861 with final counter Some(3)
[2026-08-19T14:01:48.348Z INFO  gresse::replica] replica 178714744544926855 observed shutdown descriptor for replica 178714744544926862 with final counter Some(2)
[2026-08-19T14:01:48.553Z INFO  gresse::replica] replica 178714744544926855 observed shutdown descriptor for replica 178714744544926863 with final counter Some(1)
[2026-08-19T14:01:48.754Z INFO  gresse::replica] replica 178714744544926855 observed shutdown descriptor for replica 178714744544926864 with final counter Some(1)
[2026-08-19T14:01:49.345Z INFO  gresse::replica] replica 178714744544926855 observed shutdown descriptor for replica 178714744544926832 with final counter Some(5)
[2026-08-19T14:01:49.546Z INFO  gresse::replica] replica 178714744544926855 observed shutdown descriptor for replica 178714744544926833 with final counter Some(4)
[2026-08-19T14:01:49.747Z INFO  gresse::replica] replica 178714744544926855 observed shutdown descriptor for replica 178714744544926834 with final counter Some(4)
[2026-08-19T14:01:49.947Z INFO  gresse::replica] replica 178714744544926855 observed shutdown descriptor for replica 178714744544926835 with final counter Some(4)
[2026-08-19T14:01:50.149Z INFO  gresse::replica] replica 178714744544926855 observed shutdown descriptor for replica 178714744544926836 with final counter Some(4)
[2026-08-19T14:01:50.352Z INFO  gresse::replica] replica 178714744544926855 observed shutdown descriptor for replica 178714744544926837 with final counter Some(2)
[2026-08-19T14:01:50.555Z INFO  gresse::replica] replica 178714744544926855 observed shutdown descriptor for replica 178714744544926838 with final counter Some(4)
[2026-08-19T14:01:50.752Z INFO  gresse::replica] replica 178714744544926855 observed shutdown descriptor for replica 178714744544926839 with final counter Some(4)
[2026-08-19T14:01:50.955Z INFO  gresse::replica] replica 178714744544926855 observed shutdown descriptor for replica 178714744544926840 with final counter Some(4)
[2026-08-19T14:01:51.159Z INFO  gresse::replica] replica 178714744544926855 observed shutdown descriptor for replica 178714744544926841 with final counter Some(4)
[2026-08-19T14:01:51.360Z INFO  gresse::replica] replica 178714744544926855 observed shutdown descriptor for replica 178714744544926842 with final counter Some(4)
[2026-08-19T14:01:51.563Z INFO  gresse::replica] replica 178714744544926855 observed shutdown descriptor for replica 178714744544926844 with final counter Some(4)
[2026-08-19T14:01:51.768Z INFO  gresse::replica] replica 178714744544926855 observed shutdown descriptor for replica 178714744544926845 with final counter Some(4)
[2026-08-19T14:01:51.970Z INFO  gresse::replica] replica 178714744544926855 observed shutdown descriptor for replica 178714744544926846 with final counter Some(4)
[2026-08-19T14:01:52.172Z INFO  gresse::replica] replica 178714744544926855 observed shutdown descriptor for replica 178714744544926847 with final counter Some(4)
[2026-08-19T14:01:52.371Z INFO  gresse::replica] replica 178714744544926855 observed shutdown descriptor for replica 178714744544926848 with final counter Some(4)
[2026-08-19T14:01:52.568Z INFO  gresse::replica] replica 178714744544926855 observed shutdown descriptor for replica 178714744544926849 with final counter Some(1)
[2026-08-19T14:01:52.767Z INFO  gresse::replica] replica 178714744544926855 observed shutdown descriptor for replica 178714744544926850 with final counter Some(4)
[2026-08-19T14:01:52.971Z INFO  gresse::replica] replica 178714744544926855 observed shutdown descriptor for replica 178714744544926851 with final counter Some(4)
[2026-08-19T14:01:53.175Z INFO  gresse::replica] replica 178714744544926855 observed shutdown descriptor for replica 178714744544926861 with final counter Some(3)
[2026-08-19T14:01:53.376Z INFO  gresse::replica] replica 178714744544926855 observed shutdown descriptor for replica 178714744544926862 with final counter Some(2)
[2026-08-19T14:01:53.980Z INFO  gresse::replica] replica 178714744544926855 observed shutdown descriptor for replica 178714744544926863 with final counter Some(1)
[2026-08-19T14:01:54.191Z INFO  gresse::replica] replica 178714744544926855 observed shutdown descriptor for replica 178714744544926864 with final counter Some(1)
[2026-08-19T14:01:54.416Z WARN  gresse::network] peer connection write failed: Broken pipe (os error 32)
[2026-08-19T14:01:54.812Z INFO  gresse::replica] replica 178714744544926855 observed shutdown descriptor for replica 178714744544926832 with final counter Some(5)
[2026-08-19T14:01:55.028Z INFO  gresse::replica] replica 178714744544926855 observed shutdown descriptor for replica 178714744544926833 with final counter Some(4)
[2026-08-19T14:01:55.243Z INFO  gresse::replica] replica 178714744544926855 observed shutdown descriptor for replica 178714744544926834 with final counter Some(4)
[2026-08-19T14:01:55.458Z INFO  gresse::replica] replica 178714744544926855 observed shutdown descriptor for replica 178714744544926835 with final counter Some(4)
[2026-08-19T14:01:55.673Z INFO  gresse::replica] replica 178714744544926855 observed shutdown descriptor for replica 178714744544926836 with final counter Some(4)
[2026-08-19T14:01:55.884Z INFO  gresse::replica] replica 178714744544926855 observed shutdown descriptor for replica 178714744544926837 with final counter Some(2)
[2026-08-19T14:01:56.098Z INFO  gresse::replica] replica 178714744544926855 observed shutdown descriptor for replica 178714744544926838 with final counter Some(4)
[2026-08-19T14:01:56.311Z INFO  gresse::replica] replica 178714744544926855 observed shutdown descriptor for replica 178714744544926839 with final counter Some(4)
[2026-08-19T14:01:56.525Z INFO  gresse::replica] replica 178714744544926855 observed shutdown descriptor for replica 178714744544926840 with final counter Some(4)
[2026-08-19T14:01:56.739Z INFO  gresse::replica] replica 178714744544926855 observed shutdown descriptor for replica 178714744544926841 with final counter Some(4)
[2026-08-19T14:01:56.953Z INFO  gresse::replica] replica 178714744544926855 observed shutdown descriptor for replica 178714744544926842 with final counter Some(4)
[2026-08-19T14:01:57.168Z INFO  gresse::replica] replica 178714744544926855 observed shutdown descriptor for replica 178714744544926844 with final counter Some(4)
[2026-08-19T14:01:57.380Z INFO  gresse::replica] replica 178714744544926855 observed shutdown descriptor for replica 178714744544926845 with final counter Some(4)
[2026-08-19T14:01:57.598Z INFO  gresse::replica] replica 178714744544926855 observed shutdown descriptor for replica 178714744544926846 with final counter Some(4)
[2026-08-19T14:01:57.807Z INFO  gresse::replica] replica 178714744544926855 observed shutdown descriptor for replica 178714744544926847 with final counter Some(4)
[2026-08-19T14:01:58.022Z INFO  gresse::replica] replica 178714744544926855 observed shutdown descriptor for replica 178714744544926848 with final counter Some(4)
[2026-08-19T14:01:58.239Z INFO  gresse::replica] replica 178714744544926855 observed shutdown descriptor for replica 178714744544926849 with final counter Some(1)
[2026-08-19T14:01:58.453Z INFO  gresse::replica] replica 178714744544926855 observed shutdown descriptor for replica 178714744544926850 with final counter Some(4)
[2026-08-19T14:01:58.670Z INFO  gresse::replica] replica 178714744544926855 observed shutdown descriptor for replica 178714744544926851 with final counter Some(4)
[2026-08-19T14:01:58.884Z INFO  gresse::replica] replica 178714744544926855 observed shutdown descriptor for replica 178714744544926852 with final counter Some(4)
[2026-08-19T14:01:59.099Z INFO  gresse::replica] replica 178714744544926855 observed shutdown descriptor for replica 178714744544926861 with final counter Some(3)
[2026-08-19T14:01:59.315Z INFO  gresse::replica] replica 178714744544926855 observed shutdown descriptor for replica 178714744544926862 with final counter Some(2)
[2026-08-19T14:01:59.529Z INFO  gresse::replica] replica 178714744544926855 observed shutdown descriptor for replica 178714744544926863 with final counter Some(1)
[2026-08-19T14:01:59.743Z INFO  gresse::replica] replica 178714744544926855 observed shutdown descriptor for replica 178714744544926864 with final counter Some(1)
[2026-08-19T14:02:00.184Z INFO  gresse::replica] replica 178714744544926855 observed shutdown descriptor for replica 178714744544926832 with final counter Some(5)
[2026-08-19T14:02:00.401Z INFO  gresse::replica] replica 178714744544926855 observed shutdown descriptor for replica 178714744544926833 with final counter Some(4)
[2026-08-19T14:02:00.612Z INFO  gresse::replica] replica 178714744544926855 observed shutdown descriptor for replica 178714744544926834 with final counter Some(4)
[2026-08-19T14:02:00.821Z INFO  gresse::replica] replica 178714744544926855 observed shutdown descriptor for replica 178714744544926835 with final counter Some(4)
[2026-08-19T14:02:01.039Z INFO  gresse::replica] replica 178714744544926855 observed shutdown descriptor for replica 178714744544926836 with final counter Some(4)
[2026-08-19T14:02:01.251Z INFO  gresse::replica] replica 178714744544926855 observed shutdown descriptor for replica 178714744544926837 with final counter Some(2)
[2026-08-19T14:02:01.466Z INFO  gresse::replica] replica 178714744544926855 observed shutdown descriptor for replica 178714744544926838 with final counter Some(4)
[2026-08-19T14:02:01.679Z INFO  gresse::replica] replica 178714744544926855 observed shutdown descriptor for replica 178714744544926839 with final counter Some(4)
[2026-08-19T14:02:01.891Z INFO  gresse::replica] replica 178714744544926855 observed shutdown descriptor for replica 178714744544926840 with final counter Some(4)
[2026-08-19T14:02:02.106Z INFO  gresse::replica] replica 178714744544926855 observed shutdown descriptor for replica 178714744544926841 with final counter Some(4)
[2026-08-19T14:02:02.320Z INFO  gresse::replica] replica 178714744544926855 observed shutdown descriptor for replica 178714744544926842 with final counter Some(4)
[2026-08-19T14:02:02.530Z INFO  gresse::replica] replica 178714744544926855 observed shutdown descriptor for replica 178714744544926844 with final counter Some(4)
[2026-08-19T14:02:02.745Z INFO  gresse::replica] replica 178714744544926855 observed shutdown descriptor for replica 178714744544926845 with final counter Some(4)
[2026-08-19T14:02:02.961Z INFO  gresse::replica] replica 178714744544926855 observed shutdown descriptor for replica 178714744544926846 with final counter Some(4)
[2026-08-19T14:02:03.172Z INFO  gresse::replica] replica 178714744544926855 observed shutdown descriptor for replica 178714744544926847 with final counter Some(4)
[2026-08-19T14:02:03.384Z INFO  gresse::replica] replica 178714744544926855 observed shutdown descriptor for replica 178714744544926848 with final counter Some(4)
[2026-08-19T14:02:03.601Z INFO  gresse::replica] replica 178714744544926855 observed shutdown descriptor for replica 178714744544926849 with final counter Some(1)
[2026-08-19T14:02:03.810Z INFO  gresse::replica] replica 178714744544926855 observed shutdown descriptor for replica 178714744544926850 with final counter Some(4)
[2026-08-19T14:02:04.022Z INFO  gresse::replica] replica 178714744544926855 observed shutdown descriptor for replica 178714744544926851 with final counter Some(4)
[2026-08-19T14:02:04.237Z INFO  gresse::replica] replica 178714744544926855 observed shutdown descriptor for replica 178714744544926852 with final counter Some(4)
[2026-08-19T14:02:04.448Z INFO  gresse::replica] replica 178714744544926855 observed shutdown descriptor for replica 178714744544926861 with final counter Some(3)
[2026-08-19T14:02:04.658Z INFO  gresse::replica] replica 178714744544926855 observed shutdown descriptor for replica 178714744544926862 with final counter Some(2)
[2026-08-19T14:02:04.874Z INFO  gresse::replica] replica 178714744544926855 observed shutdown descriptor for replica 178714744544926863 with final counter Some(1)
[2026-08-19T14:02:05.087Z INFO  gresse::replica] replica 178714744544926855 observed shutdown descriptor for replica 178714744544926864 with final counter Some(1)
[2026-08-19T14:02:05.532Z INFO  gresse::replica] replica 178714744544926855 observed shutdown descriptor for replica 178714744544926832 with final counter Some(5)
[2026-08-19T14:02:05.747Z INFO  gresse::replica] replica 178714744544926855 observed shutdown descriptor for replica 178714744544926833 with final counter Some(4)
[2026-08-19T14:02:05.950Z INFO  gresse::replica] replica 178714744544926855 observed shutdown descriptor for replica 178714744544926834 with final counter Some(4)
[2026-08-19T14:02:06.152Z INFO  gresse::replica] replica 178714744544926855 observed shutdown descriptor for replica 178714744544926835 with final counter Some(4)
[2026-08-19T14:02:06.354Z INFO  gresse::replica] replica 178714744544926855 observed shutdown descriptor for replica 178714744544926836 with final counter Some(4)
[2026-08-19T14:02:06.557Z INFO  gresse::replica] replica 178714744544926855 observed shutdown descriptor for replica 178714744544926837 with final counter Some(2)
[2026-08-19T14:02:06.760Z INFO  gresse::replica] replica 178714744544926855 observed shutdown descriptor for replica 178714744544926838 with final counter Some(4)
[2026-08-19T14:02:06.964Z INFO  gresse::replica] replica 178714744544926855 observed shutdown descriptor for replica 178714744544926839 with final counter Some(4)
[2026-08-19T14:02:07.167Z INFO  gresse::replica] replica 178714744544926855 observed shutdown descriptor for replica 178714744544926840 with final counter Some(4)
[2026-08-19T14:02:07.367Z INFO  gresse::replica] replica 178714744544926855 observed shutdown descriptor for replica 178714744544926841 with final counter Some(4)
[2026-08-19T14:02:07.570Z INFO  gresse::replica] replica 178714744544926855 observed shutdown descriptor for replica 178714744544926842 with final counter Some(4)
[2026-08-19T14:02:07.773Z INFO  gresse::replica] replica 178714744544926855 observed shutdown descriptor for replica 178714744544926844 with final counter Some(4)
[2026-08-19T14:02:07.972Z INFO  gresse::replica] replica 178714744544926855 observed shutdown descriptor for replica 178714744544926845 with final counter Some(4)
[2026-08-19T14:02:08.174Z INFO  gresse::replica] replica 178714744544926855 observed shutdown descriptor for replica 178714744544926846 with final counter Some(4)
[2026-08-19T14:02:08.376Z INFO  gresse::replica] replica 178714744544926855 observed shutdown descriptor for replica 178714744544926847 with final counter Some(4)
[2026-08-19T14:02:08.580Z INFO  gresse::replica] replica 178714744544926855 observed shutdown descriptor for replica 178714744544926848 with final counter Some(4)
[2026-08-19T14:02:08.777Z INFO  gresse::replica] replica 178714744544926855 observed shutdown descriptor for replica 178714744544926849 with final counter Some(1)
[2026-08-19T14:02:08.980Z INFO  gresse::replica] replica 178714744544926855 observed shutdown descriptor for replica 178714744544926850 with final counter Some(4)
[2026-08-19T14:02:09.185Z INFO  gresse::replica] replica 178714744544926855 observed shutdown descriptor for replica 178714744544926851 with final counter Some(4)
[2026-08-19T14:02:09.386Z INFO  gresse::replica] replica 178714744544926855 observed shutdown descriptor for replica 178714744544926852 with final counter Some(4)
[2026-08-19T14:02:09.588Z INFO  gresse::replica] replica 178714744544926855 observed shutdown descriptor for replica 178714744544926853 with final counter Some(4)
[2026-08-19T14:02:09.792Z INFO  gresse::replica] replica 178714744544926855 observed shutdown descriptor for replica 178714744544926861 with final counter Some(3)
[2026-08-19T14:02:09.997Z INFO  gresse::replica] replica 178714744544926855 observed shutdown descriptor for replica 178714744544926862 with final counter Some(2)
[2026-08-19T14:02:10.198Z INFO  gresse::replica] replica 178714744544926855 observed shutdown descriptor for replica 178714744544926863 with final counter Some(1)
[2026-08-19T14:02:10.401Z INFO  gresse::replica] replica 178714744544926855 observed shutdown descriptor for replica 178714744544926864 with final counter Some(1)
[2026-08-19T14:02:10.991Z INFO  gresse::replica] replica 178714744544926855 observed shutdown descriptor for replica 178714744544926832 with final counter Some(5)
[2026-08-19T14:02:11.191Z INFO  gresse::replica] replica 178714744544926855 observed shutdown descriptor for replica 178714744544926833 with final counter Some(4)
[2026-08-19T14:02:11.392Z INFO  gresse::replica] replica 178714744544926855 observed shutdown descriptor for replica 178714744544926834 with final counter Some(4)
[2026-08-19T14:02:11.594Z INFO  gresse::replica] replica 178714744544926855 observed shutdown descriptor for replica 178714744544926835 with final counter Some(4)
[2026-08-19T14:02:11.797Z INFO  gresse::replica] replica 178714744544926855 observed shutdown descriptor for replica 178714744544926836 with final counter Some(4)
[2026-08-19T14:02:12.000Z INFO  gresse::replica] replica 178714744544926855 observed shutdown descriptor for replica 178714744544926837 with final counter Some(2)
[2026-08-19T14:02:12.199Z INFO  gresse::replica] replica 178714744544926855 observed shutdown descriptor for replica 178714744544926838 with final counter Some(4)
[2026-08-19T14:02:12.401Z INFO  gresse::replica] replica 178714744544926855 observed shutdown descriptor for replica 178714744544926839 with final counter Some(4)
[2026-08-19T14:02:12.600Z INFO  gresse::replica] replica 178714744544926855 observed shutdown descriptor for replica 178714744544926840 with final counter Some(4)
[2026-08-19T14:02:12.805Z INFO  gresse::replica] replica 178714744544926855 observed shutdown descriptor for replica 178714744544926841 with final counter Some(4)
[2026-08-19T14:02:13.004Z INFO  gresse::replica] replica 178714744544926855 observed shutdown descriptor for replica 178714744544926842 with final counter Some(4)
[2026-08-19T14:02:13.200Z INFO  gresse::replica] replica 178714744544926855 observed shutdown descriptor for replica 178714744544926844 with final counter Some(4)
[2026-08-19T14:02:13.400Z INFO  gresse::replica] replica 178714744544926855 observed shutdown descriptor for replica 178714744544926845 with final counter Some(4)
[2026-08-19T14:02:13.603Z INFO  gresse::replica] replica 178714744544926855 observed shutdown descriptor for replica 178714744544926846 with final counter Some(4)
[2026-08-19T14:02:13.803Z INFO  gresse::replica] replica 178714744544926855 observed shutdown descriptor for replica 178714744544926847 with final counter Some(4)
[2026-08-19T14:02:14.006Z INFO  gresse::replica] replica 178714744544926855 observed shutdown descriptor for replica 178714744544926848 with final counter Some(4)
[2026-08-19T14:02:14.209Z INFO  gresse::replica] replica 178714744544926855 observed shutdown descriptor for replica 178714744544926849 with final counter Some(1)
[2026-08-19T14:02:14.407Z INFO  gresse::replica] replica 178714744544926855 observed shutdown descriptor for replica 178714744544926850 with final counter Some(4)
[2026-08-19T14:02:14.608Z INFO  gresse::replica] replica 178714744544926855 observed shutdown descriptor for replica 178714744544926851 with final counter Some(4)
[2026-08-19T14:02:14.812Z INFO  gresse::replica] replica 178714744544926855 observed shutdown descriptor for replica 178714744544926852 with final counter Some(4)
[2026-08-19T14:02:15.013Z INFO  gresse::replica] replica 178714744544926855 observed shutdown descriptor for replica 178714744544926853 with final counter Some(4)
[2026-08-19T14:02:15.212Z INFO  gresse::replica] replica 178714744544926855 observed shutdown descriptor for replica 178714744544926861 with final counter Some(3)
[2026-08-19T14:02:15.411Z INFO  gresse::replica] replica 178714744544926855 observed shutdown descriptor for replica 178714744544926862 with final counter Some(2)
[2026-08-19T14:02:15.611Z INFO  gresse::replica] replica 178714744544926855 observed shutdown descriptor for replica 178714744544926863 with final counter Some(1)
[2026-08-19T14:02:15.812Z INFO  gresse::replica] replica 178714744544926855 observed shutdown descriptor for replica 178714744544926864 with final counter Some(1)
[2026-08-19T14:02:16.235Z INFO  gresse::replica] replica 178714744544926855 observed shutdown descriptor for replica 178714744544926832 with final counter Some(5)
[2026-08-19T14:02:16.434Z INFO  gresse::replica] replica 178714744544926855 observed shutdown descriptor for replica 178714744544926833 with final counter Some(4)
[2026-08-19T14:02:16.633Z INFO  gresse::replica] replica 178714744544926855 observed shutdown descriptor for replica 178714744544926834 with final counter Some(4)
[2026-08-19T14:02:16.834Z INFO  gresse::replica] replica 178714744544926855 observed shutdown descriptor for replica 178714744544926835 with final counter Some(4)
[2026-08-19T14:02:17.035Z INFO  gresse::replica] replica 178714744544926855 observed shutdown descriptor for replica 178714744544926836 with final counter Some(4)
[2026-08-19T14:02:17.239Z INFO  gresse::replica] replica 178714744544926855 observed shutdown descriptor for replica 178714744544926837 with final counter Some(2)
[2026-08-19T14:02:17.440Z INFO  gresse::replica] replica 178714744544926855 observed shutdown descriptor for replica 178714744544926838 with final counter Some(4)
[2026-08-19T14:02:17.638Z INFO  gresse::replica] replica 178714744544926855 observed shutdown descriptor for replica 178714744544926839 with final counter Some(4)
[2026-08-19T14:02:17.838Z INFO  gresse::replica] replica 178714744544926855 observed shutdown descriptor for replica 178714744544926840 with final counter Some(4)
[2026-08-19T14:02:18.038Z INFO  gresse::replica] replica 178714744544926855 observed shutdown descriptor for replica 178714744544926841 with final counter Some(4)
[2026-08-19T14:02:18.241Z INFO  gresse::replica] replica 178714744544926855 observed shutdown descriptor for replica 178714744544926842 with final counter Some(4)
[2026-08-19T14:02:18.444Z INFO  gresse::replica] replica 178714744544926855 observed shutdown descriptor for replica 178714744544926844 with final counter Some(4)
[2026-08-19T14:02:18.646Z INFO  gresse::replica] replica 178714744544926855 observed shutdown descriptor for replica 178714744544926845 with final counter Some(4)
[2026-08-19T14:02:18.846Z INFO  gresse::replica] replica 178714744544926855 observed shutdown descriptor for replica 178714744544926846 with final counter Some(4)
[2026-08-19T14:02:19.045Z INFO  gresse::replica] replica 178714744544926855 observed shutdown descriptor for replica 178714744544926847 with final counter Some(4)
[2026-08-19T14:02:19.249Z INFO  gresse::replica] replica 178714744544926855 observed shutdown descriptor for replica 178714744544926848 with final counter Some(4)
[2026-08-19T14:02:19.452Z INFO  gresse::replica] replica 178714744544926855 observed shutdown descriptor for replica 178714744544926849 with final counter Some(1)
[2026-08-19T14:02:19.652Z INFO  gresse::replica] replica 178714744544926855 observed shutdown descriptor for replica 178714744544926850 with final counter Some(4)
[2026-08-19T14:02:19.853Z INFO  gresse::replica] replica 178714744544926855 observed shutdown descriptor for replica 178714744544926851 with final counter Some(4)
[2026-08-19T14:02:20.053Z INFO  gresse::replica] replica 178714744544926855 observed shutdown descriptor for replica 178714744544926852 with final counter Some(4)
[2026-08-19T14:02:20.255Z INFO  gresse::replica] replica 178714744544926855 observed shutdown descriptor for replica 178714744544926853 with final counter Some(4)
[2026-08-19T14:02:20.457Z INFO  gresse::replica] replica 178714744544926855 observed shutdown descriptor for replica 178714744544926861 with final counter Some(3)
[2026-08-19T14:02:20.660Z INFO  gresse::replica] replica 178714744544926855 observed shutdown descriptor for replica 178714744544926862 with final counter Some(2)
[2026-08-19T14:02:20.863Z INFO  gresse::replica] replica 178714744544926855 observed shutdown descriptor for replica 178714744544926863 with final counter Some(1)
[2026-08-19T14:02:21.062Z INFO  gresse::replica] replica 178714744544926855 observed shutdown descriptor for replica 178714744544926864 with final counter Some(1)
[2026-08-19T14:02:21.472Z INFO  gresse::replica] replica 178714744544926855 observed shutdown descriptor for replica 178714744544926832 with final counter Some(5)
[2026-08-19T14:02:21.675Z INFO  gresse::replica] replica 178714744544926855 observed shutdown descriptor for replica 178714744544926833 with final counter Some(4)
[2026-08-19T14:02:21.880Z INFO  gresse::replica] replica 178714744544926855 observed shutdown descriptor for replica 178714744544926834 with final counter Some(4)
[2026-08-19T14:02:22.082Z INFO  gresse::replica] replica 178714744544926855 observed shutdown descriptor for replica 178714744544926835 with final counter Some(4)
[2026-08-19T14:02:22.280Z INFO  gresse::replica] replica 178714744544926855 observed shutdown descriptor for replica 178714744544926836 with final counter Some(4)
[2026-08-19T14:02:22.483Z INFO  gresse::replica] replica 178714744544926855 observed shutdown descriptor for replica 178714744544926837 with final counter Some(2)
[2026-08-19T14:02:22.685Z INFO  gresse::replica] replica 178714744544926855 observed shutdown descriptor for replica 178714744544926838 with final counter Some(4)
[2026-08-19T14:02:22.888Z INFO  gresse::replica] replica 178714744544926855 observed shutdown descriptor for replica 178714744544926839 with final counter Some(4)
[2026-08-19T14:02:23.089Z INFO  gresse::replica] replica 178714744544926855 observed shutdown descriptor for replica 178714744544926840 with final counter Some(4)
[2026-08-19T14:02:23.290Z INFO  gresse::replica] replica 178714744544926855 observed shutdown descriptor for replica 178714744544926841 with final counter Some(4)
[2026-08-19T14:02:23.492Z INFO  gresse::replica] replica 178714744544926855 observed shutdown descriptor for replica 178714744544926842 with final counter Some(4)
[2026-08-19T14:02:23.692Z INFO  gresse::replica] replica 178714744544926855 observed shutdown descriptor for replica 178714744544926844 with final counter Some(4)
[2026-08-19T14:02:23.894Z INFO  gresse::replica] replica 178714744544926855 observed shutdown descriptor for replica 178714744544926845 with final counter Some(4)
[2026-08-19T14:02:24.099Z INFO  gresse::replica] replica 178714744544926855 observed shutdown descriptor for replica 178714744544926846 with final counter Some(4)
[2026-08-19T14:02:24.300Z INFO  gresse::replica] replica 178714744544926855 observed shutdown descriptor for replica 178714744544926847 with final counter Some(4)
[2026-08-19T14:02:24.505Z INFO  gresse::replica] replica 178714744544926855 observed shutdown descriptor for replica 178714744544926848 with final counter Some(4)
[2026-08-19T14:02:24.706Z INFO  gresse::replica] replica 178714744544926855 observed shutdown descriptor for replica 178714744544926849 with final counter Some(1)
[2026-08-19T14:02:24.909Z INFO  gresse::replica] replica 178714744544926855 observed shutdown descriptor for replica 178714744544926850 with final counter Some(4)
[2026-08-19T14:02:25.111Z INFO  gresse::replica] replica 178714744544926855 observed shutdown descriptor for replica 178714744544926851 with final counter Some(4)
[2026-08-19T14:02:25.315Z INFO  gresse::replica] replica 178714744544926855 observed shutdown descriptor for replica 178714744544926852 with final counter Some(4)
[2026-08-19T14:02:25.519Z INFO  gresse::replica] replica 178714744544926855 observed shutdown descriptor for replica 178714744544926853 with final counter Some(4)
[2026-08-19T14:02:25.723Z INFO  gresse::replica] replica 178714744544926855 observed shutdown descriptor for replica 178714744544926854 with final counter Some(4)
[2026-08-19T14:02:25.924Z INFO  gresse::replica] replica 178714744544926855 observed shutdown descriptor for replica 178714744544926861 with final counter Some(3)
[2026-08-19T14:02:26.126Z INFO  gresse::replica] replica 178714744544926855 observed shutdown descriptor for replica 178714744544926862 with final counter Some(2)
[2026-08-19T14:02:26.686Z INFO  gresse::replica] replica 178714744544926855 observed shutdown descriptor for replica 178714744544926863 with final counter Some(1)
[2026-08-19T14:02:26.889Z INFO  gresse::replica] replica 178714744544926855 observed shutdown descriptor for replica 178714744544926864 with final counter Some(1)
[2026-08-19T14:02:27.475Z INFO  gresse::replica] replica 178714744544926855 observed shutdown descriptor for replica 178714744544926832 with final counter Some(5)
[2026-08-19T14:02:27.673Z INFO  gresse::replica] replica 178714744544926855 observed shutdown descriptor for replica 178714744544926833 with final counter Some(4)
[2026-08-19T14:02:27.872Z INFO  gresse::replica] replica 178714744544926855 observed shutdown descriptor for replica 178714744544926834 with final counter Some(4)
[2026-08-19T14:02:28.078Z INFO  gresse::replica] replica 178714744544926855 observed shutdown descriptor for replica 178714744544926835 with final counter Some(4)
[2026-08-19T14:02:28.281Z INFO  gresse::replica] replica 178714744544926855 observed shutdown descriptor for replica 178714744544926836 with final counter Some(4)
[2026-08-19T14:02:28.481Z INFO  gresse::replica] replica 178714744544926855 observed shutdown descriptor for replica 178714744544926837 with final counter Some(2)
[2026-08-19T14:02:28.683Z INFO  gresse::replica] replica 178714744544926855 observed shutdown descriptor for replica 178714744544926838 with final counter Some(4)
[2026-08-19T14:02:28.884Z INFO  gresse::replica] replica 178714744544926855 observed shutdown descriptor for replica 178714744544926839 with final counter Some(4)
[2026-08-19T14:02:29.083Z INFO  gresse::replica] replica 178714744544926855 observed shutdown descriptor for replica 178714744544926840 with final counter Some(4)
[2026-08-19T14:02:29.287Z INFO  gresse::replica] replica 178714744544926855 observed shutdown descriptor for replica 178714744544926841 with final counter Some(4)
[2026-08-19T14:02:29.485Z INFO  gresse::replica] replica 178714744544926855 observed shutdown descriptor for replica 178714744544926842 with final counter Some(4)
[2026-08-19T14:02:29.682Z INFO  gresse::replica] replica 178714744544926855 observed shutdown descriptor for replica 178714744544926844 with final counter Some(4)
[2026-08-19T14:02:29.883Z INFO  gresse::replica] replica 178714744544926855 observed shutdown descriptor for replica 178714744544926845 with final counter Some(4)
[2026-08-19T14:02:30.083Z INFO  gresse::replica] replica 178714744544926855 observed shutdown descriptor for replica 178714744544926846 with final counter Some(4)
[2026-08-19T14:02:30.283Z INFO  gresse::replica] replica 178714744544926855 observed shutdown descriptor for replica 178714744544926847 with final counter Some(4)
[2026-08-19T14:02:30.482Z INFO  gresse::replica] replica 178714744544926855 observed shutdown descriptor for replica 178714744544926848 with final counter Some(4)
[2026-08-19T14:02:30.685Z INFO  gresse::replica] replica 178714744544926855 observed shutdown descriptor for replica 178714744544926849 with final counter Some(1)
[2026-08-19T14:02:30.885Z INFO  gresse::replica] replica 178714744544926855 observed shutdown descriptor for replica 178714744544926850 with final counter Some(4)
[2026-08-19T14:02:31.086Z INFO  gresse::replica] replica 178714744544926855 observed shutdown descriptor for replica 178714744544926851 with final counter Some(4)
[2026-08-19T14:02:31.287Z INFO  gresse::replica] replica 178714744544926855 observed shutdown descriptor for replica 178714744544926852 with final counter Some(4)
[2026-08-19T14:02:31.488Z INFO  gresse::replica] replica 178714744544926855 observed shutdown descriptor for replica 178714744544926853 with final counter Some(4)
[2026-08-19T14:02:31.687Z INFO  gresse::replica] replica 178714744544926855 observed shutdown descriptor for replica 178714744544926854 with final counter Some(4)
[2026-08-19T14:02:31.889Z INFO  gresse::replica] replica 178714744544926855 observed shutdown descriptor for replica 178714744544926861 with final counter Some(3)
[2026-08-19T14:02:32.092Z INFO  gresse::replica] replica 178714744544926855 observed shutdown descriptor for replica 178714744544926862 with final counter Some(2)
[2026-08-19T14:02:32.290Z INFO  gresse::replica] replica 178714744544926855 observed shutdown descriptor for replica 178714744544926863 with final counter Some(1)
[2026-08-19T14:02:32.492Z INFO  gresse::replica] replica 178714744544926855 observed shutdown descriptor for replica 178714744544926864 with final counter Some(1)
[2026-08-19T14:02:32.696Z INFO  gresse::replica] shutdown signal received for replica 178714744544926855
[2026-08-19T14:02:32.696Z INFO  gresse::replica] replica 178714744544926855 shutting down with 6 connected writers
[2026-08-19T14:02:33.089Z INFO  gresse::http_server] http server received shutdown signal
[2026-08-19T14:02:33.089Z INFO  gresse::http_server] http server shutdown complete
[2026-08-19T14:02:33.089Z INFO  gresse::network] network manager for replica 178714744544926855 shutdown complete
