[2026-08-19T13:52:30.907Z INFO  gresse::http_server] running CRDT HTTP server
[2026-08-19T13:52:30.907Z INFO  gresse::http_server] listening for HTTP on 0.0.0.0:18083
[2026-08-19T13:52:30.934Z INFO  gresse::replica] replica 178714744544926854 initiating runtime at bind_http=0.0.0.0:18083 bind_internal=0.0.0.0:19083 advertised_internal=47.129.167.193:19083
[2026-08-19T13:52:31.500Z INFO  gresse::object_storage] object storage connection established: backend=s3, bucket=gresse-geo-035351467464-20260819104151-566c04, region=eu-north-1, endpoint=AWS default endpoint resolution, first_operation=put-create, object_path=acm-sec-geo-churn-smoke-20260819T135045Z-25226496/membership/178714744544926854,47.129.167.193:19083,0
[2026-08-19T13:52:31.584Z INFO  gresse::network] replica 178714744544926854 registered bidirectional network channel for replica 178714744544926851
[2026-08-19T13:52:31.690Z INFO  gresse::replica] replica 178714744544926854 discovered 24 membership descriptors during init
[2026-08-19T13:52:31.690Z INFO  gresse::network] replica 178714744544926854 discovered network member NetworkMember { pid: 178714744544926831, address: 16.170.40.83:19080, final_counter: None }
[2026-08-19T13:52:31.690Z INFO  gresse::network] replica 178714744544926854 discovered network member NetworkMember { pid: 178714744544926832, address: 16.170.40.83:19081, final_counter: None }
[2026-08-19T13:52:31.690Z INFO  gresse::network] replica 178714744544926854 discovered network member NetworkMember { pid: 178714744544926833, address: 16.170.40.83:19082, final_counter: None }
[2026-08-19T13:52:31.690Z INFO  gresse::network] replica 178714744544926854 discovered network member NetworkMember { pid: 178714744544926834, address: 16.170.40.83:19083, final_counter: None }
[2026-08-19T13:52:31.690Z INFO  gresse::network] replica 178714744544926854 discovered network member NetworkMember { pid: 178714744544926835, address: 16.170.40.83:19084, final_counter: None }
[2026-08-19T13:52:31.690Z INFO  gresse::network] replica 178714744544926854 discovered network member NetworkMember { pid: 178714744544926836, address: 63.186.69.1:19080, final_counter: None }
[2026-08-19T13:52:31.690Z INFO  gresse::network] replica 178714744544926854 discovered network member NetworkMember { pid: 178714744544926837, address: 63.186.69.1:19081, final_counter: None }
[2026-08-19T13:52:31.690Z INFO  gresse::network] replica 178714744544926854 discovered network member NetworkMember { pid: 178714744544926838, address: 63.186.69.1:19082, final_counter: None }
[2026-08-19T13:52:31.690Z INFO  gresse::network] replica 178714744544926854 discovered network member NetworkMember { pid: 178714744544926839, address: 63.186.69.1:19083, final_counter: None }
[2026-08-19T13:52:31.690Z INFO  gresse::network] replica 178714744544926854 discovered network member NetworkMember { pid: 178714744544926840, address: 63.186.69.1:19084, final_counter: None }
[2026-08-19T13:52:31.690Z INFO  gresse::network] replica 178714744544926854 discovered network member NetworkMember { pid: 178714744544926841, address: 13.219.225.164:19080, final_counter: None }
[2026-08-19T13:52:31.690Z INFO  gresse::network] replica 178714744544926854 discovered network member NetworkMember { pid: 178714744544926842, address: 13.219.225.164:19081, final_counter: None }
[2026-08-19T13:52:31.690Z INFO  gresse::network] replica 178714744544926854 discovered network member NetworkMember { pid: 178714744544926843, address: 13.219.225.164:19082, final_counter: None }
[2026-08-19T13:52:31.690Z INFO  gresse::network] replica 178714744544926854 discovered network member NetworkMember { pid: 178714744544926844, address: 13.219.225.164:19083, final_counter: None }
[2026-08-19T13:52:31.690Z INFO  gresse::network] replica 178714744544926854 discovered network member NetworkMember { pid: 178714744544926845, address: 13.219.225.164:19084, final_counter: None }
[2026-08-19T13:52:31.690Z INFO  gresse::network] replica 178714744544926854 discovered network member NetworkMember { pid: 178714744544926846, address: 54.184.138.82:19080, final_counter: None }
[2026-08-19T13:52:31.690Z INFO  gresse::network] replica 178714744544926854 discovered network member NetworkMember { pid: 178714744544926847, address: 54.184.138.82:19081, final_counter: None }
[2026-08-19T13:52:31.690Z INFO  gresse::network] replica 178714744544926854 discovered network member NetworkMember { pid: 178714744544926848, address: 54.184.138.82:19082, final_counter: None }
[2026-08-19T13:52:31.690Z INFO  gresse::network] replica 178714744544926854 discovered network member NetworkMember { pid: 178714744544926849, address: 54.184.138.82:19083, final_counter: None }
[2026-08-19T13:52:31.690Z INFO  gresse::network] replica 178714744544926854 discovered network member NetworkMember { pid: 178714744544926850, address: 54.184.138.82:19084, final_counter: None }
[2026-08-19T13:52:31.690Z INFO  gresse::network] replica 178714744544926854 discovered network member NetworkMember { pid: 178714744544926852, address: 47.129.167.193:19081, final_counter: None }
[2026-08-19T13:52:31.690Z INFO  gresse::network] replica 178714744544926854 discovered network member NetworkMember { pid: 178714744544926853, address: 47.129.167.193:19082, final_counter: None }
[2026-08-19T13:52:31.691Z INFO  gresse::network] replica 178714744544926854 registered bidirectional network channel for replica 178714744544926853
[2026-08-19T13:52:31.691Z INFO  gresse::network] replica 178714744544926854 registered bidirectional network channel for replica 178714744544926852
[2026-08-19T13:52:31.692Z INFO  gresse::replica] replica 178714744544926854 startup completed
[2026-08-19T13:52:31.692Z INFO  gresse::replica] replica 178714744544926854 established peer replication connection with replica 178714744544926851
[2026-08-19T13:52:31.693Z INFO  gresse::replica] replica 178714744544926854 established peer replication connection with replica 178714744544926853
[2026-08-19T13:52:31.693Z INFO  gresse::replica] replica 178714744544926854 established peer replication connection with replica 178714744544926852
[2026-08-19T13:52:32.006Z INFO  gresse::network] replica 178714744544926854 registered bidirectional network channel for replica 178714744544926840
[2026-08-19T13:52:32.006Z INFO  gresse::replica] replica 178714744544926854 established peer replication connection with replica 178714744544926840
[2026-08-19T13:52:32.007Z INFO  gresse::network] replica 178714744544926854 registered bidirectional network channel for replica 178714744544926836
[2026-08-19T13:52:32.007Z INFO  gresse::replica] replica 178714744544926854 established peer replication connection with replica 178714744544926836
[2026-08-19T13:52:32.007Z INFO  gresse::network] replica 178714744544926854 registered bidirectional network channel for replica 178714744544926837
[2026-08-19T13:52:32.007Z INFO  gresse::network] replica 178714744544926854 registered bidirectional network channel for replica 178714744544926839
[2026-08-19T13:52:32.007Z INFO  gresse::replica] replica 178714744544926854 established peer replication connection with replica 178714744544926837
[2026-08-19T13:52:32.007Z INFO  gresse::replica] replica 178714744544926854 established peer replication connection with replica 178714744544926839
[2026-08-19T13:52:32.034Z INFO  gresse::network] replica 178714744544926854 registered bidirectional network channel for replica 178714744544926838
[2026-08-19T13:52:32.034Z INFO  gresse::replica] replica 178714744544926854 established peer replication connection with replica 178714744544926838
[2026-08-19T13:52:32.036Z INFO  gresse::network] replica 178714744544926854 registered bidirectional network channel for replica 178714744544926850
[2026-08-19T13:52:32.036Z INFO  gresse::replica] replica 178714744544926854 established peer replication connection with replica 178714744544926850
[2026-08-19T13:52:32.036Z INFO  gresse::network] replica 178714744544926854 registered bidirectional network channel for replica 178714744544926848
[2026-08-19T13:52:32.036Z INFO  gresse::replica] replica 178714744544926854 established peer replication connection with replica 178714744544926848
[2026-08-19T13:52:32.036Z INFO  gresse::network] replica 178714744544926854 registered bidirectional network channel for replica 178714744544926847
[2026-08-19T13:52:32.036Z INFO  gresse::replica] replica 178714744544926854 established peer replication connection with replica 178714744544926847
[2026-08-19T13:52:32.037Z INFO  gresse::network] replica 178714744544926854 registered bidirectional network channel for replica 178714744544926849
[2026-08-19T13:52:32.037Z INFO  gresse::replica] replica 178714744544926854 established peer replication connection with replica 178714744544926849
[2026-08-19T13:52:32.038Z INFO  gresse::network] replica 178714744544926854 registered bidirectional network channel for replica 178714744544926846
[2026-08-19T13:52:32.038Z INFO  gresse::replica] replica 178714744544926854 established peer replication connection with replica 178714744544926846
[2026-08-19T13:52:32.043Z INFO  gresse::network] replica 178714744544926854 registered bidirectional network channel for replica 178714744544926833
[2026-08-19T13:52:32.043Z INFO  gresse::replica] replica 178714744544926854 established peer replication connection with replica 178714744544926833
[2026-08-19T13:52:32.071Z INFO  gresse::network] replica 178714744544926854 registered bidirectional network channel for replica 178714744544926832
[2026-08-19T13:52:32.071Z INFO  gresse::replica] replica 178714744544926854 established peer replication connection with replica 178714744544926832
[2026-08-19T13:52:32.075Z INFO  gresse::network] replica 178714744544926854 registered bidirectional network channel for replica 178714744544926834
[2026-08-19T13:52:32.075Z INFO  gresse::replica] replica 178714744544926854 established peer replication connection with replica 178714744544926834
[2026-08-19T13:52:32.076Z INFO  gresse::network] replica 178714744544926854 registered bidirectional network channel for replica 178714744544926831
[2026-08-19T13:52:32.076Z INFO  gresse::replica] replica 178714744544926854 established peer replication connection with replica 178714744544926831
[2026-08-19T13:52:32.076Z INFO  gresse::network] replica 178714744544926854 registered bidirectional network channel for replica 178714744544926835
[2026-08-19T13:52:32.076Z INFO  gresse::replica] replica 178714744544926854 established peer replication connection with replica 178714744544926835
[2026-08-19T13:52:32.109Z INFO  gresse::network] replica 178714744544926854 registered bidirectional network channel for replica 178714744544926842
[2026-08-19T13:52:32.109Z INFO  gresse::replica] replica 178714744544926854 established peer replication connection with replica 178714744544926842
[2026-08-19T13:52:32.116Z INFO  gresse::network] replica 178714744544926854 registered bidirectional network channel for replica 178714744544926845
[2026-08-19T13:52:32.116Z INFO  gresse::replica] replica 178714744544926854 established peer replication connection with replica 178714744544926845
[2026-08-19T13:52:32.127Z INFO  gresse::network] replica 178714744544926854 registered bidirectional network channel for replica 178714744544926843
[2026-08-19T13:52:32.127Z INFO  gresse::replica] replica 178714744544926854 established peer replication connection with replica 178714744544926843
[2026-08-19T13:52:32.148Z INFO  gresse::network] replica 178714744544926854 registered bidirectional network channel for replica 178714744544926841
[2026-08-19T13:52:32.148Z INFO  gresse::replica] replica 178714744544926854 established peer replication connection with replica 178714744544926841
[2026-08-19T13:52:32.153Z INFO  gresse::network] replica 178714744544926854 registered bidirectional network channel for replica 178714744544926844
[2026-08-19T13:52:32.153Z INFO  gresse::replica] replica 178714744544926854 established peer replication connection with replica 178714744544926844
[2026-08-19T13:52:39.903Z INFO  gresse::network] replica 178714744544926854 registered bidirectional network channel for replica 178714744544926855
[2026-08-19T13:52:39.903Z INFO  gresse::replica] replica 178714744544926854 established peer replication connection with replica 178714744544926855
[2026-08-19T13:52:48.346Z INFO  gresse::network] replica 178714744544926854 registered bidirectional network channel for replica 178714744544926856
[2026-08-19T13:52:48.346Z INFO  gresse::replica] replica 178714744544926854 established peer replication connection with replica 178714744544926856
[2026-08-19T13:52:56.129Z INFO  gresse::network] replica 178714744544926854 discovered network member NetworkMember { pid: 178714744544926857, address: 13.193.126.237:19081, final_counter: None }
[2026-08-19T13:52:56.269Z INFO  gresse::network] replica 178714744544926854 registered bidirectional network channel for replica 178714744544926857
[2026-08-19T13:52:56.269Z INFO  gresse::replica] replica 178714744544926854 established peer replication connection with replica 178714744544926857
[2026-08-19T13:53:04.853Z INFO  gresse::network] replica 178714744544926854 registered bidirectional network channel for replica 178714744544926858
[2026-08-19T13:53:04.853Z INFO  gresse::replica] replica 178714744544926854 established peer replication connection with replica 178714744544926858
[2026-08-19T13:53:13.114Z INFO  gresse::network] replica 178714744544926854 registered bidirectional network channel for replica 178714744544926859
[2026-08-19T13:53:13.114Z INFO  gresse::replica] replica 178714744544926854 established peer replication connection with replica 178714744544926859
[2026-08-19T13:53:21.128Z INFO  gresse::network] replica 178714744544926854 discovered network member NetworkMember { pid: 178714744544926860, address: 13.193.126.237:19084, final_counter: None }
[2026-08-19T13:53:21.266Z INFO  gresse::network] replica 178714744544926854 registered bidirectional network channel for replica 178714744544926860
[2026-08-19T13:53:21.266Z INFO  gresse::replica] replica 178714744544926854 established peer replication connection with replica 178714744544926860
[2026-08-19T13:55:15.693Z WARN  gresse::network] peer connection write failed: Broken pipe (os error 32)
[2026-08-19T13:55:24.268Z INFO  gresse::replica] replica 178714744544926854 gc departed_pids=None updated_stable=DotSet { set: {178714744544926845: -1, 178714744544926851: -1, 178714744544926844: -1, 178714744544926847: -1, 178714744544926842: -1, 178714744544926859: -1, 178714744544926835: -1, 178714744544926853: -1, 178714744544926852: -1, 178714744544926841: -1, 178714744544926839: -1, 178714744544926831: 0, 178714744544926836: -1, 178714744544926838: -1, 178714744544926833: 0, 178714744544926849: -1, 178714744544926855: -1, 178714744544926848: -1, 178714744544926854: -1, 178714744544926860: -1, 178714744544926850: -1, 178714744544926840: -1, 178714744544926843: -1, 178714744544926856: -1, 178714744544926857: -1, 178714744544926837: -1, 178714744544926834: 0, 178714744544926832: 0, 178714744544926846: -1, 178714744544926858: -1} }
[2026-08-19T13:55:24.666Z INFO  gresse::replica] replica 178714744544926854 completed gc round
[2026-08-19T13:55:25.734Z INFO  gresse::network] replica 178714744544926854 registered bidirectional network channel for replica 178714744544926861
[2026-08-19T13:55:25.734Z INFO  gresse::replica] replica 178714744544926854 established peer replication connection with replica 178714744544926861
[2026-08-19T13:55:27.518Z INFO  gresse::network] replica 178714744544926854 registered bidirectional network channel for replica 178714744544926862
[2026-08-19T13:55:27.518Z INFO  gresse::replica] replica 178714744544926854 established peer replication connection with replica 178714744544926862
[2026-08-19T13:56:03.693Z WARN  gresse::replica] replica 178714744544926854 deferred pull request to peer 178714744544926843: channel closed
[2026-08-19T13:56:11.131Z INFO  gresse::replica] replica 178714744544926854 observed shutdown descriptor for replica 178714744544926837 with final counter Some(2)
[2026-08-19T13:56:16.130Z INFO  gresse::replica] replica 178714744544926854 observed shutdown descriptor for replica 178714744544926837 with final counter Some(2)
[2026-08-19T13:56:16.330Z INFO  gresse::replica] replica 178714744544926854 observed shutdown descriptor for replica 178714744544926849 with final counter Some(1)
[2026-08-19T13:56:21.134Z INFO  gresse::replica] replica 178714744544926854 observed shutdown descriptor for replica 178714744544926837 with final counter Some(2)
[2026-08-19T13:56:21.334Z INFO  gresse::replica] replica 178714744544926854 observed shutdown descriptor for replica 178714744544926849 with final counter Some(1)
[2026-08-19T13:56:26.138Z INFO  gresse::replica] replica 178714744544926854 observed shutdown descriptor for replica 178714744544926837 with final counter Some(2)
[2026-08-19T13:56:26.339Z INFO  gresse::replica] replica 178714744544926854 observed shutdown descriptor for replica 178714744544926849 with final counter Some(1)
[2026-08-19T13:56:31.132Z INFO  gresse::replica] replica 178714744544926854 observed shutdown descriptor for replica 178714744544926837 with final counter Some(2)
[2026-08-19T13:56:31.332Z INFO  gresse::replica] replica 178714744544926854 observed shutdown descriptor for replica 178714744544926849 with final counter Some(1)
[2026-08-19T13:56:36.138Z INFO  gresse::replica] replica 178714744544926854 observed shutdown descriptor for replica 178714744544926837 with final counter Some(2)
[2026-08-19T13:56:36.337Z INFO  gresse::replica] replica 178714744544926854 observed shutdown descriptor for replica 178714744544926849 with final counter Some(1)
[2026-08-19T13:56:41.136Z INFO  gresse::replica] replica 178714744544926854 observed shutdown descriptor for replica 178714744544926837 with final counter Some(2)
[2026-08-19T13:56:41.334Z INFO  gresse::replica] replica 178714744544926854 observed shutdown descriptor for replica 178714744544926849 with final counter Some(1)
[2026-08-19T13:56:46.127Z INFO  gresse::replica] replica 178714744544926854 observed shutdown descriptor for replica 178714744544926837 with final counter Some(2)
[2026-08-19T13:56:46.324Z INFO  gresse::replica] replica 178714744544926854 observed shutdown descriptor for replica 178714744544926849 with final counter Some(1)
[2026-08-19T13:56:51.131Z INFO  gresse::replica] replica 178714744544926854 observed shutdown descriptor for replica 178714744544926837 with final counter Some(2)
[2026-08-19T13:56:51.329Z INFO  gresse::replica] replica 178714744544926854 observed shutdown descriptor for replica 178714744544926849 with final counter Some(1)
[2026-08-19T13:56:55.980Z INFO  gresse::network] replica 178714744544926854 registered bidirectional network channel for replica 178714744544926863
[2026-08-19T13:56:55.980Z INFO  gresse::replica] replica 178714744544926854 established peer replication connection with replica 178714744544926863
[2026-08-19T13:56:56.140Z INFO  gresse::replica] replica 178714744544926854 observed shutdown descriptor for replica 178714744544926837 with final counter Some(2)
[2026-08-19T13:56:56.341Z INFO  gresse::replica] replica 178714744544926854 observed shutdown descriptor for replica 178714744544926849 with final counter Some(1)
[2026-08-19T13:56:58.472Z INFO  gresse::network] replica 178714744544926854 registered bidirectional network channel for replica 178714744544926864
[2026-08-19T13:56:58.472Z INFO  gresse::replica] replica 178714744544926854 established peer replication connection with replica 178714744544926864
[2026-08-19T13:57:01.133Z INFO  gresse::replica] replica 178714744544926854 observed shutdown descriptor for replica 178714744544926837 with final counter Some(2)
[2026-08-19T13:57:01.332Z INFO  gresse::replica] replica 178714744544926854 observed shutdown descriptor for replica 178714744544926849 with final counter Some(1)
[2026-08-19T13:57:03.694Z WARN  gresse::network] peer connection write failed: Broken pipe (os error 32)
[2026-08-19T13:57:06.139Z INFO  gresse::replica] replica 178714744544926854 observed shutdown descriptor for replica 178714744544926837 with final counter Some(2)
[2026-08-19T13:57:06.339Z INFO  gresse::replica] replica 178714744544926854 observed shutdown descriptor for replica 178714744544926849 with final counter Some(1)
[2026-08-19T13:57:11.137Z INFO  gresse::replica] replica 178714744544926854 observed shutdown descriptor for replica 178714744544926837 with final counter Some(2)
[2026-08-19T13:57:11.337Z INFO  gresse::replica] replica 178714744544926854 observed shutdown descriptor for replica 178714744544926849 with final counter Some(1)
[2026-08-19T13:57:16.136Z INFO  gresse::replica] replica 178714744544926854 observed shutdown descriptor for replica 178714744544926837 with final counter Some(2)
[2026-08-19T13:57:16.335Z INFO  gresse::replica] replica 178714744544926854 observed shutdown descriptor for replica 178714744544926849 with final counter Some(1)
[2026-08-19T13:57:21.134Z INFO  gresse::replica] replica 178714744544926854 observed shutdown descriptor for replica 178714744544926837 with final counter Some(2)
[2026-08-19T13:57:21.333Z INFO  gresse::replica] replica 178714744544926854 observed shutdown descriptor for replica 178714744544926849 with final counter Some(1)
[2026-08-19T13:57:26.133Z INFO  gresse::replica] replica 178714744544926854 observed shutdown descriptor for replica 178714744544926837 with final counter Some(2)
[2026-08-19T13:57:26.331Z INFO  gresse::replica] replica 178714744544926854 observed shutdown descriptor for replica 178714744544926849 with final counter Some(1)
[2026-08-19T13:57:31.135Z INFO  gresse::replica] replica 178714744544926854 observed shutdown descriptor for replica 178714744544926837 with final counter Some(2)
[2026-08-19T13:57:31.331Z INFO  gresse::replica] replica 178714744544926854 observed shutdown descriptor for replica 178714744544926849 with final counter Some(1)
[2026-08-19T13:57:36.135Z INFO  gresse::replica] replica 178714744544926854 observed shutdown descriptor for replica 178714744544926837 with final counter Some(2)
[2026-08-19T13:57:36.335Z INFO  gresse::replica] replica 178714744544926854 observed shutdown descriptor for replica 178714744544926849 with final counter Some(1)
[2026-08-19T13:57:41.138Z INFO  gresse::replica] replica 178714744544926854 observed shutdown descriptor for replica 178714744544926837 with final counter Some(2)
[2026-08-19T13:57:41.338Z INFO  gresse::replica] replica 178714744544926854 observed shutdown descriptor for replica 178714744544926849 with final counter Some(1)
[2026-08-19T13:57:46.133Z INFO  gresse::replica] replica 178714744544926854 observed shutdown descriptor for replica 178714744544926837 with final counter Some(2)
[2026-08-19T13:57:46.334Z INFO  gresse::replica] replica 178714744544926854 observed shutdown descriptor for replica 178714744544926849 with final counter Some(1)
[2026-08-19T13:57:51.131Z INFO  gresse::replica] replica 178714744544926854 observed shutdown descriptor for replica 178714744544926837 with final counter Some(2)
[2026-08-19T13:57:51.333Z INFO  gresse::replica] replica 178714744544926854 observed shutdown descriptor for replica 178714744544926849 with final counter Some(1)
[2026-08-19T13:57:56.135Z INFO  gresse::replica] replica 178714744544926854 observed shutdown descriptor for replica 178714744544926837 with final counter Some(2)
[2026-08-19T13:57:56.334Z INFO  gresse::replica] replica 178714744544926854 observed shutdown descriptor for replica 178714744544926849 with final counter Some(1)
[2026-08-19T13:57:57.347Z INFO  gresse::replica] replica 178714744544926854 gc departed_pids=None updated_stable=DotSet { set: {178714744544926850: -1, 178714744544926861: -1, 178714744544926860: -1, 178714744544926847: -1, 178714744544926839: -1, 178714744544926852: -1, 178714744544926833: 0, 178714744544926842: -1, 178714744544926845: -1, 178714744544926838: -1, 178714744544926832: 0, 178714744544926864: -1, 178714744544926857: -1, 178714744544926836: -1, 178714744544926863: -1, 178714744544926841: -1, 178714744544926862: -1, 178714744544926848: -1, 178714744544926844: -1, 178714744544926840: -1, 178714744544926837: -1, 178714744544926859: -1, 178714744544926835: -1, 178714744544926853: -1, 178714744544926856: -1, 178714744544926843: -1, 178714744544926834: 0, 178714744544926831: 0, 178714744544926849: -1, 178714744544926854: -1, 178714744544926855: -1, 178714744544926858: -1, 178714744544926851: -1, 178714744544926846: -1} }
[2026-08-19T13:57:57.934Z INFO  gresse::replica] replica 178714744544926854 completed gc round
[2026-08-19T13:58:01.679Z INFO  gresse::replica] replica 178714744544926854 observed shutdown descriptor for replica 178714744544926837 with final counter Some(2)
[2026-08-19T13:58:01.879Z INFO  gresse::replica] replica 178714744544926854 observed shutdown descriptor for replica 178714744544926849 with final counter Some(1)
[2026-08-19T13:58:06.137Z INFO  gresse::replica] replica 178714744544926854 observed shutdown descriptor for replica 178714744544926837 with final counter Some(2)
[2026-08-19T13:58:06.339Z INFO  gresse::replica] replica 178714744544926854 observed shutdown descriptor for replica 178714744544926849 with final counter Some(1)
[2026-08-19T13:58:11.132Z INFO  gresse::replica] replica 178714744544926854 observed shutdown descriptor for replica 178714744544926837 with final counter Some(2)
[2026-08-19T13:58:11.335Z INFO  gresse::replica] replica 178714744544926854 observed shutdown descriptor for replica 178714744544926849 with final counter Some(1)
[2026-08-19T13:58:16.131Z INFO  gresse::replica] replica 178714744544926854 observed shutdown descriptor for replica 178714744544926837 with final counter Some(2)
[2026-08-19T13:58:16.330Z INFO  gresse::replica] replica 178714744544926854 observed shutdown descriptor for replica 178714744544926849 with final counter Some(1)
[2026-08-19T13:58:21.133Z INFO  gresse::replica] replica 178714744544926854 observed shutdown descriptor for replica 178714744544926837 with final counter Some(2)
[2026-08-19T13:58:21.329Z INFO  gresse::replica] replica 178714744544926854 observed shutdown descriptor for replica 178714744544926849 with final counter Some(1)
[2026-08-19T13:58:26.137Z INFO  gresse::replica] replica 178714744544926854 observed shutdown descriptor for replica 178714744544926837 with final counter Some(2)
[2026-08-19T13:58:26.339Z INFO  gresse::replica] replica 178714744544926854 observed shutdown descriptor for replica 178714744544926849 with final counter Some(1)
[2026-08-19T13:58:31.137Z INFO  gresse::replica] replica 178714744544926854 observed shutdown descriptor for replica 178714744544926837 with final counter Some(2)
[2026-08-19T13:58:31.340Z INFO  gresse::replica] replica 178714744544926854 observed shutdown descriptor for replica 178714744544926849 with final counter Some(1)
[2026-08-19T13:58:31.694Z WARN  gresse::replica] replica 178714744544926854 deferred pull request to peer 178714744544926831: channel closed
[2026-08-19T13:58:36.133Z INFO  gresse::replica] replica 178714744544926854 observed shutdown descriptor for replica 178714744544926837 with final counter Some(2)
[2026-08-19T13:58:36.335Z INFO  gresse::replica] replica 178714744544926854 observed shutdown descriptor for replica 178714744544926849 with final counter Some(1)
[2026-08-19T13:58:41.135Z INFO  gresse::replica] replica 178714744544926854 observed shutdown descriptor for replica 178714744544926837 with final counter Some(2)
[2026-08-19T13:58:41.337Z INFO  gresse::replica] replica 178714744544926854 observed shutdown descriptor for replica 178714744544926849 with final counter Some(1)
[2026-08-19T13:58:46.139Z INFO  gresse::replica] replica 178714744544926854 observed shutdown descriptor for replica 178714744544926837 with final counter Some(2)
[2026-08-19T13:58:46.341Z INFO  gresse::replica] replica 178714744544926854 observed shutdown descriptor for replica 178714744544926849 with final counter Some(1)
[2026-08-19T13:58:51.134Z INFO  gresse::replica] replica 178714744544926854 observed shutdown descriptor for replica 178714744544926837 with final counter Some(2)
[2026-08-19T13:58:51.335Z INFO  gresse::replica] replica 178714744544926854 observed shutdown descriptor for replica 178714744544926849 with final counter Some(1)
[2026-08-19T13:58:56.135Z INFO  gresse::replica] replica 178714744544926854 observed shutdown descriptor for replica 178714744544926837 with final counter Some(2)
[2026-08-19T13:58:56.335Z INFO  gresse::replica] replica 178714744544926854 observed shutdown descriptor for replica 178714744544926849 with final counter Some(1)
[2026-08-19T13:59:01.137Z INFO  gresse::replica] replica 178714744544926854 observed shutdown descriptor for replica 178714744544926837 with final counter Some(2)
[2026-08-19T13:59:01.337Z INFO  gresse::replica] replica 178714744544926854 observed shutdown descriptor for replica 178714744544926849 with final counter Some(1)
[2026-08-19T13:59:06.137Z INFO  gresse::replica] replica 178714744544926854 observed shutdown descriptor for replica 178714744544926837 with final counter Some(2)
[2026-08-19T13:59:06.342Z INFO  gresse::replica] replica 178714744544926854 observed shutdown descriptor for replica 178714744544926849 with final counter Some(1)
[2026-08-19T13:59:11.140Z INFO  gresse::replica] replica 178714744544926854 observed shutdown descriptor for replica 178714744544926837 with final counter Some(2)
[2026-08-19T13:59:11.339Z INFO  gresse::replica] replica 178714744544926854 observed shutdown descriptor for replica 178714744544926849 with final counter Some(1)
[2026-08-19T13:59:16.142Z INFO  gresse::replica] replica 178714744544926854 observed shutdown descriptor for replica 178714744544926837 with final counter Some(2)
[2026-08-19T13:59:16.339Z INFO  gresse::replica] replica 178714744544926854 observed shutdown descriptor for replica 178714744544926849 with final counter Some(1)
[2026-08-19T13:59:21.135Z INFO  gresse::replica] replica 178714744544926854 observed shutdown descriptor for replica 178714744544926837 with final counter Some(2)
[2026-08-19T13:59:21.337Z INFO  gresse::replica] replica 178714744544926854 observed shutdown descriptor for replica 178714744544926849 with final counter Some(1)
[2026-08-19T13:59:26.137Z INFO  gresse::replica] replica 178714744544926854 observed shutdown descriptor for replica 178714744544926837 with final counter Some(2)
[2026-08-19T13:59:26.337Z INFO  gresse::replica] replica 178714744544926854 observed shutdown descriptor for replica 178714744544926849 with final counter Some(1)
[2026-08-19T13:59:31.134Z INFO  gresse::replica] replica 178714744544926854 observed shutdown descriptor for replica 178714744544926837 with final counter Some(2)
[2026-08-19T13:59:31.337Z INFO  gresse::replica] replica 178714744544926854 observed shutdown descriptor for replica 178714744544926849 with final counter Some(1)
[2026-08-19T13:59:36.139Z INFO  gresse::replica] replica 178714744544926854 observed shutdown descriptor for replica 178714744544926837 with final counter Some(2)
[2026-08-19T13:59:36.338Z INFO  gresse::replica] replica 178714744544926854 observed shutdown descriptor for replica 178714744544926849 with final counter Some(1)
[2026-08-19T13:59:41.137Z INFO  gresse::replica] replica 178714744544926854 observed shutdown descriptor for replica 178714744544926837 with final counter Some(2)
[2026-08-19T13:59:41.337Z INFO  gresse::replica] replica 178714744544926854 observed shutdown descriptor for replica 178714744544926849 with final counter Some(1)
[2026-08-19T13:59:46.137Z INFO  gresse::replica] replica 178714744544926854 observed shutdown descriptor for replica 178714744544926837 with final counter Some(2)
[2026-08-19T13:59:46.341Z INFO  gresse::replica] replica 178714744544926854 observed shutdown descriptor for replica 178714744544926849 with final counter Some(1)
[2026-08-19T13:59:51.139Z INFO  gresse::replica] replica 178714744544926854 observed shutdown descriptor for replica 178714744544926837 with final counter Some(2)
[2026-08-19T13:59:51.339Z INFO  gresse::replica] replica 178714744544926854 observed shutdown descriptor for replica 178714744544926849 with final counter Some(1)
[2026-08-19T13:59:56.134Z INFO  gresse::replica] replica 178714744544926854 observed shutdown descriptor for replica 178714744544926837 with final counter Some(2)
[2026-08-19T13:59:56.337Z INFO  gresse::replica] replica 178714744544926854 observed shutdown descriptor for replica 178714744544926849 with final counter Some(1)
[2026-08-19T14:00:01.140Z INFO  gresse::replica] replica 178714744544926854 observed shutdown descriptor for replica 178714744544926837 with final counter Some(2)
[2026-08-19T14:00:01.340Z INFO  gresse::replica] replica 178714744544926854 observed shutdown descriptor for replica 178714744544926849 with final counter Some(1)
[2026-08-19T14:00:06.323Z INFO  gresse::replica] replica 178714744544926854 observed shutdown descriptor for replica 178714744544926837 with final counter Some(2)
[2026-08-19T14:00:06.522Z INFO  gresse::replica] replica 178714744544926854 observed shutdown descriptor for replica 178714744544926849 with final counter Some(1)
[2026-08-19T14:00:06.725Z INFO  gresse::replica] replica 178714744544926854 observed shutdown descriptor for replica 178714744544926861 with final counter Some(3)
[2026-08-19T14:00:11.140Z INFO  gresse::replica] replica 178714744544926854 observed shutdown descriptor for replica 178714744544926832 with final counter Some(5)
[2026-08-19T14:00:11.343Z INFO  gresse::replica] replica 178714744544926854 observed shutdown descriptor for replica 178714744544926833 with final counter Some(4)
[2026-08-19T14:00:11.542Z INFO  gresse::replica] replica 178714744544926854 observed shutdown descriptor for replica 178714744544926834 with final counter Some(4)
[2026-08-19T14:00:11.745Z INFO  gresse::replica] replica 178714744544926854 observed shutdown descriptor for replica 178714744544926835 with final counter Some(4)
[2026-08-19T14:00:11.947Z INFO  gresse::replica] replica 178714744544926854 observed shutdown descriptor for replica 178714744544926836 with final counter Some(4)
[2026-08-19T14:00:12.146Z INFO  gresse::replica] replica 178714744544926854 observed shutdown descriptor for replica 178714744544926837 with final counter Some(2)
[2026-08-19T14:00:12.350Z INFO  gresse::replica] replica 178714744544926854 observed shutdown descriptor for replica 178714744544926849 with final counter Some(1)
[2026-08-19T14:00:12.552Z INFO  gresse::replica] replica 178714744544926854 observed shutdown descriptor for replica 178714744544926861 with final counter Some(3)
[2026-08-19T14:00:16.136Z INFO  gresse::replica] replica 178714744544926854 observed shutdown descriptor for replica 178714744544926832 with final counter Some(5)
[2026-08-19T14:00:16.336Z INFO  gresse::replica] replica 178714744544926854 observed shutdown descriptor for replica 178714744544926833 with final counter Some(4)
[2026-08-19T14:00:16.538Z INFO  gresse::replica] replica 178714744544926854 observed shutdown descriptor for replica 178714744544926834 with final counter Some(4)
[2026-08-19T14:00:16.739Z INFO  gresse::replica] replica 178714744544926854 observed shutdown descriptor for replica 178714744544926835 with final counter Some(4)
[2026-08-19T14:00:16.938Z INFO  gresse::replica] replica 178714744544926854 observed shutdown descriptor for replica 178714744544926836 with final counter Some(4)
[2026-08-19T14:00:17.144Z INFO  gresse::replica] replica 178714744544926854 observed shutdown descriptor for replica 178714744544926837 with final counter Some(2)
[2026-08-19T14:00:17.343Z INFO  gresse::replica] replica 178714744544926854 observed shutdown descriptor for replica 178714744544926838 with final counter Some(4)
[2026-08-19T14:00:17.546Z INFO  gresse::replica] replica 178714744544926854 observed shutdown descriptor for replica 178714744544926839 with final counter Some(4)
[2026-08-19T14:00:17.772Z INFO  gresse::replica] replica 178714744544926854 observed shutdown descriptor for replica 178714744544926849 with final counter Some(1)
[2026-08-19T14:00:17.977Z INFO  gresse::replica] replica 178714744544926854 observed shutdown descriptor for replica 178714744544926861 with final counter Some(3)
[2026-08-19T14:00:18.178Z INFO  gresse::replica] replica 178714744544926854 observed shutdown descriptor for replica 178714744544926863 with final counter Some(1)
[2026-08-19T14:00:21.146Z INFO  gresse::replica] replica 178714744544926854 observed shutdown descriptor for replica 178714744544926832 with final counter Some(5)
[2026-08-19T14:00:21.344Z INFO  gresse::replica] replica 178714744544926854 observed shutdown descriptor for replica 178714744544926833 with final counter Some(4)
[2026-08-19T14:00:21.545Z INFO  gresse::replica] replica 178714744544926854 observed shutdown descriptor for replica 178714744544926834 with final counter Some(4)
[2026-08-19T14:00:21.743Z INFO  gresse::replica] replica 178714744544926854 observed shutdown descriptor for replica 178714744544926835 with final counter Some(4)
[2026-08-19T14:00:21.947Z INFO  gresse::replica] replica 178714744544926854 observed shutdown descriptor for replica 178714744544926836 with final counter Some(4)
[2026-08-19T14:00:22.149Z INFO  gresse::replica] replica 178714744544926854 observed shutdown descriptor for replica 178714744544926837 with final counter Some(2)
[2026-08-19T14:00:22.353Z INFO  gresse::replica] replica 178714744544926854 observed shutdown descriptor for replica 178714744544926838 with final counter Some(4)
[2026-08-19T14:00:22.556Z INFO  gresse::replica] replica 178714744544926854 observed shutdown descriptor for replica 178714744544926839 with final counter Some(4)
[2026-08-19T14:00:22.760Z INFO  gresse::replica] replica 178714744544926854 observed shutdown descriptor for replica 178714744544926840 with final counter Some(4)
[2026-08-19T14:00:22.959Z INFO  gresse::replica] replica 178714744544926854 observed shutdown descriptor for replica 178714744544926841 with final counter Some(4)
[2026-08-19T14:00:23.159Z INFO  gresse::replica] replica 178714744544926854 observed shutdown descriptor for replica 178714744544926849 with final counter Some(1)
[2026-08-19T14:00:23.360Z INFO  gresse::replica] replica 178714744544926854 observed shutdown descriptor for replica 178714744544926861 with final counter Some(3)
[2026-08-19T14:00:23.562Z INFO  gresse::replica] replica 178714744544926854 observed shutdown descriptor for replica 178714744544926863 with final counter Some(1)
[2026-08-19T14:00:26.140Z INFO  gresse::replica] replica 178714744544926854 observed shutdown descriptor for replica 178714744544926832 with final counter Some(5)
[2026-08-19T14:00:26.343Z INFO  gresse::replica] replica 178714744544926854 observed shutdown descriptor for replica 178714744544926833 with final counter Some(4)
[2026-08-19T14:00:26.541Z INFO  gresse::replica] replica 178714744544926854 observed shutdown descriptor for replica 178714744544926834 with final counter Some(4)
[2026-08-19T14:00:26.741Z INFO  gresse::replica] replica 178714744544926854 observed shutdown descriptor for replica 178714744544926835 with final counter Some(4)
[2026-08-19T14:00:26.940Z INFO  gresse::replica] replica 178714744544926854 observed shutdown descriptor for replica 178714744544926836 with final counter Some(4)
[2026-08-19T14:00:27.141Z INFO  gresse::replica] replica 178714744544926854 observed shutdown descriptor for replica 178714744544926837 with final counter Some(2)
[2026-08-19T14:00:27.344Z INFO  gresse::replica] replica 178714744544926854 observed shutdown descriptor for replica 178714744544926838 with final counter Some(4)
[2026-08-19T14:00:27.544Z INFO  gresse::replica] replica 178714744544926854 observed shutdown descriptor for replica 178714744544926839 with final counter Some(4)
[2026-08-19T14:00:27.744Z INFO  gresse::replica] replica 178714744544926854 observed shutdown descriptor for replica 178714744544926840 with final counter Some(4)
[2026-08-19T14:00:27.945Z INFO  gresse::replica] replica 178714744544926854 observed shutdown descriptor for replica 178714744544926841 with final counter Some(4)
[2026-08-19T14:00:28.143Z INFO  gresse::replica] replica 178714744544926854 observed shutdown descriptor for replica 178714744544926842 with final counter Some(4)
[2026-08-19T14:00:28.343Z INFO  gresse::replica] replica 178714744544926854 observed shutdown descriptor for replica 178714744544926849 with final counter Some(1)
[2026-08-19T14:00:28.547Z INFO  gresse::replica] replica 178714744544926854 observed shutdown descriptor for replica 178714744544926861 with final counter Some(3)
[2026-08-19T14:00:28.750Z INFO  gresse::replica] replica 178714744544926854 observed shutdown descriptor for replica 178714744544926863 with final counter Some(1)
[2026-08-19T14:00:31.139Z INFO  gresse::replica] replica 178714744544926854 observed shutdown descriptor for replica 178714744544926832 with final counter Some(5)
[2026-08-19T14:00:31.341Z INFO  gresse::replica] replica 178714744544926854 observed shutdown descriptor for replica 178714744544926833 with final counter Some(4)
[2026-08-19T14:00:31.539Z INFO  gresse::replica] replica 178714744544926854 observed shutdown descriptor for replica 178714744544926834 with final counter Some(4)
[2026-08-19T14:00:31.736Z INFO  gresse::replica] replica 178714744544926854 observed shutdown descriptor for replica 178714744544926835 with final counter Some(4)
[2026-08-19T14:00:31.939Z INFO  gresse::replica] replica 178714744544926854 observed shutdown descriptor for replica 178714744544926836 with final counter Some(4)
[2026-08-19T14:00:32.138Z INFO  gresse::replica] replica 178714744544926854 observed shutdown descriptor for replica 178714744544926837 with final counter Some(2)
[2026-08-19T14:00:32.337Z INFO  gresse::replica] replica 178714744544926854 observed shutdown descriptor for replica 178714744544926838 with final counter Some(4)
[2026-08-19T14:00:32.537Z INFO  gresse::replica] replica 178714744544926854 observed shutdown descriptor for replica 178714744544926839 with final counter Some(4)
[2026-08-19T14:00:32.738Z INFO  gresse::replica] replica 178714744544926854 observed shutdown descriptor for replica 178714744544926840 with final counter Some(4)
[2026-08-19T14:00:32.942Z INFO  gresse::replica] replica 178714744544926854 observed shutdown descriptor for replica 178714744544926841 with final counter Some(4)
[2026-08-19T14:00:33.146Z INFO  gresse::replica] replica 178714744544926854 observed shutdown descriptor for replica 178714744544926842 with final counter Some(4)
[2026-08-19T14:00:33.343Z INFO  gresse::replica] replica 178714744544926854 observed shutdown descriptor for replica 178714744544926849 with final counter Some(1)
[2026-08-19T14:00:33.547Z INFO  gresse::replica] replica 178714744544926854 observed shutdown descriptor for replica 178714744544926861 with final counter Some(3)
[2026-08-19T14:00:33.745Z INFO  gresse::replica] replica 178714744544926854 observed shutdown descriptor for replica 178714744544926862 with final counter Some(2)
[2026-08-19T14:00:33.948Z INFO  gresse::replica] replica 178714744544926854 observed shutdown descriptor for replica 178714744544926863 with final counter Some(1)
[2026-08-19T14:00:36.135Z INFO  gresse::replica] replica 178714744544926854 observed shutdown descriptor for replica 178714744544926832 with final counter Some(5)
[2026-08-19T14:00:36.333Z INFO  gresse::replica] replica 178714744544926854 observed shutdown descriptor for replica 178714744544926833 with final counter Some(4)
[2026-08-19T14:00:36.534Z INFO  gresse::replica] replica 178714744544926854 observed shutdown descriptor for replica 178714744544926834 with final counter Some(4)
[2026-08-19T14:00:36.736Z INFO  gresse::replica] replica 178714744544926854 observed shutdown descriptor for replica 178714744544926835 with final counter Some(4)
[2026-08-19T14:00:36.933Z INFO  gresse::replica] replica 178714744544926854 observed shutdown descriptor for replica 178714744544926836 with final counter Some(4)
[2026-08-19T14:00:37.133Z INFO  gresse::replica] replica 178714744544926854 observed shutdown descriptor for replica 178714744544926837 with final counter Some(2)
[2026-08-19T14:00:37.334Z INFO  gresse::replica] replica 178714744544926854 observed shutdown descriptor for replica 178714744544926838 with final counter Some(4)
[2026-08-19T14:00:37.533Z INFO  gresse::replica] replica 178714744544926854 observed shutdown descriptor for replica 178714744544926839 with final counter Some(4)
[2026-08-19T14:00:37.734Z INFO  gresse::replica] replica 178714744544926854 observed shutdown descriptor for replica 178714744544926840 with final counter Some(4)
[2026-08-19T14:00:37.938Z INFO  gresse::replica] replica 178714744544926854 observed shutdown descriptor for replica 178714744544926841 with final counter Some(4)
[2026-08-19T14:00:38.138Z INFO  gresse::replica] replica 178714744544926854 observed shutdown descriptor for replica 178714744544926842 with final counter Some(4)
[2026-08-19T14:00:38.340Z INFO  gresse::replica] replica 178714744544926854 observed shutdown descriptor for replica 178714744544926844 with final counter Some(4)
[2026-08-19T14:00:38.542Z INFO  gresse::replica] replica 178714744544926854 observed shutdown descriptor for replica 178714744544926849 with final counter Some(1)
[2026-08-19T14:00:38.746Z INFO  gresse::replica] replica 178714744544926854 observed shutdown descriptor for replica 178714744544926861 with final counter Some(3)
[2026-08-19T14:00:38.945Z INFO  gresse::replica] replica 178714744544926854 observed shutdown descriptor for replica 178714744544926862 with final counter Some(2)
[2026-08-19T14:00:39.143Z INFO  gresse::replica] replica 178714744544926854 observed shutdown descriptor for replica 178714744544926863 with final counter Some(1)
[2026-08-19T14:00:41.146Z INFO  gresse::replica] replica 178714744544926854 observed shutdown descriptor for replica 178714744544926832 with final counter Some(5)
[2026-08-19T14:00:41.349Z INFO  gresse::replica] replica 178714744544926854 observed shutdown descriptor for replica 178714744544926833 with final counter Some(4)
[2026-08-19T14:00:41.551Z INFO  gresse::replica] replica 178714744544926854 observed shutdown descriptor for replica 178714744544926834 with final counter Some(4)
[2026-08-19T14:00:41.752Z INFO  gresse::replica] replica 178714744544926854 observed shutdown descriptor for replica 178714744544926835 with final counter Some(4)
[2026-08-19T14:00:41.953Z INFO  gresse::replica] replica 178714744544926854 observed shutdown descriptor for replica 178714744544926836 with final counter Some(4)
[2026-08-19T14:00:42.152Z INFO  gresse::replica] replica 178714744544926854 observed shutdown descriptor for replica 178714744544926837 with final counter Some(2)
[2026-08-19T14:00:42.350Z INFO  gresse::replica] replica 178714744544926854 observed shutdown descriptor for replica 178714744544926838 with final counter Some(4)
[2026-08-19T14:00:42.551Z INFO  gresse::replica] replica 178714744544926854 observed shutdown descriptor for replica 178714744544926839 with final counter Some(4)
[2026-08-19T14:00:42.752Z INFO  gresse::replica] replica 178714744544926854 observed shutdown descriptor for replica 178714744544926840 with final counter Some(4)
[2026-08-19T14:00:42.955Z INFO  gresse::replica] replica 178714744544926854 observed shutdown descriptor for replica 178714744544926841 with final counter Some(4)
[2026-08-19T14:00:43.159Z INFO  gresse::replica] replica 178714744544926854 observed shutdown descriptor for replica 178714744544926842 with final counter Some(4)
[2026-08-19T14:00:43.719Z INFO  gresse::replica] replica 178714744544926854 observed shutdown descriptor for replica 178714744544926844 with final counter Some(4)
[2026-08-19T14:00:43.918Z INFO  gresse::replica] replica 178714744544926854 observed shutdown descriptor for replica 178714744544926845 with final counter Some(4)
[2026-08-19T14:00:44.117Z INFO  gresse::replica] replica 178714744544926854 observed shutdown descriptor for replica 178714744544926849 with final counter Some(1)
[2026-08-19T14:00:44.319Z INFO  gresse::replica] replica 178714744544926854 observed shutdown descriptor for replica 178714744544926861 with final counter Some(3)
[2026-08-19T14:00:44.517Z INFO  gresse::replica] replica 178714744544926854 observed shutdown descriptor for replica 178714744544926862 with final counter Some(2)
[2026-08-19T14:00:44.716Z INFO  gresse::replica] replica 178714744544926854 observed shutdown descriptor for replica 178714744544926863 with final counter Some(1)
[2026-08-19T14:00:46.314Z INFO  gresse::replica] replica 178714744544926854 observed shutdown descriptor for replica 178714744544926832 with final counter Some(5)
[2026-08-19T14:00:46.513Z INFO  gresse::replica] replica 178714744544926854 observed shutdown descriptor for replica 178714744544926833 with final counter Some(4)
[2026-08-19T14:00:46.713Z INFO  gresse::replica] replica 178714744544926854 observed shutdown descriptor for replica 178714744544926834 with final counter Some(4)
[2026-08-19T14:00:46.909Z INFO  gresse::replica] replica 178714744544926854 observed shutdown descriptor for replica 178714744544926835 with final counter Some(4)
[2026-08-19T14:00:47.105Z INFO  gresse::replica] replica 178714744544926854 observed shutdown descriptor for replica 178714744544926836 with final counter Some(4)
[2026-08-19T14:00:47.305Z INFO  gresse::replica] replica 178714744544926854 observed shutdown descriptor for replica 178714744544926837 with final counter Some(2)
[2026-08-19T14:00:47.502Z INFO  gresse::replica] replica 178714744544926854 observed shutdown descriptor for replica 178714744544926838 with final counter Some(4)
[2026-08-19T14:00:47.705Z INFO  gresse::replica] replica 178714744544926854 observed shutdown descriptor for replica 178714744544926839 with final counter Some(4)
[2026-08-19T14:00:47.903Z INFO  gresse::replica] replica 178714744544926854 observed shutdown descriptor for replica 178714744544926840 with final counter Some(4)
[2026-08-19T14:00:48.102Z INFO  gresse::replica] replica 178714744544926854 observed shutdown descriptor for replica 178714744544926841 with final counter Some(4)
[2026-08-19T14:00:48.305Z INFO  gresse::replica] replica 178714744544926854 observed shutdown descriptor for replica 178714744544926842 with final counter Some(4)
[2026-08-19T14:00:48.505Z INFO  gresse::replica] replica 178714744544926854 observed shutdown descriptor for replica 178714744544926844 with final counter Some(4)
[2026-08-19T14:00:48.703Z INFO  gresse::replica] replica 178714744544926854 observed shutdown descriptor for replica 178714744544926845 with final counter Some(4)
[2026-08-19T14:00:48.905Z INFO  gresse::replica] replica 178714744544926854 observed shutdown descriptor for replica 178714744544926849 with final counter Some(1)
[2026-08-19T14:00:49.102Z INFO  gresse::replica] replica 178714744544926854 observed shutdown descriptor for replica 178714744544926861 with final counter Some(3)
[2026-08-19T14:00:49.303Z INFO  gresse::replica] replica 178714744544926854 observed shutdown descriptor for replica 178714744544926862 with final counter Some(2)
[2026-08-19T14:00:49.507Z INFO  gresse::replica] replica 178714744544926854 observed shutdown descriptor for replica 178714744544926863 with final counter Some(1)
[2026-08-19T14:00:51.311Z INFO  gresse::replica] replica 178714744544926854 observed shutdown descriptor for replica 178714744544926832 with final counter Some(5)
[2026-08-19T14:00:51.513Z INFO  gresse::replica] replica 178714744544926854 observed shutdown descriptor for replica 178714744544926833 with final counter Some(4)
[2026-08-19T14:00:51.710Z INFO  gresse::replica] replica 178714744544926854 observed shutdown descriptor for replica 178714744544926834 with final counter Some(4)
[2026-08-19T14:00:51.912Z INFO  gresse::replica] replica 178714744544926854 observed shutdown descriptor for replica 178714744544926835 with final counter Some(4)
[2026-08-19T14:00:52.114Z INFO  gresse::replica] replica 178714744544926854 observed shutdown descriptor for replica 178714744544926836 with final counter Some(4)
[2026-08-19T14:00:52.317Z INFO  gresse::replica] replica 178714744544926854 observed shutdown descriptor for replica 178714744544926837 with final counter Some(2)
[2026-08-19T14:00:52.518Z INFO  gresse::replica] replica 178714744544926854 observed shutdown descriptor for replica 178714744544926838 with final counter Some(4)
[2026-08-19T14:00:52.719Z INFO  gresse::replica] replica 178714744544926854 observed shutdown descriptor for replica 178714744544926839 with final counter Some(4)
[2026-08-19T14:00:52.916Z INFO  gresse::replica] replica 178714744544926854 observed shutdown descriptor for replica 178714744544926840 with final counter Some(4)
[2026-08-19T14:00:53.113Z INFO  gresse::replica] replica 178714744544926854 observed shutdown descriptor for replica 178714744544926841 with final counter Some(4)
[2026-08-19T14:00:53.313Z INFO  gresse::replica] replica 178714744544926854 observed shutdown descriptor for replica 178714744544926842 with final counter Some(4)
[2026-08-19T14:00:53.510Z INFO  gresse::replica] replica 178714744544926854 observed shutdown descriptor for replica 178714744544926844 with final counter Some(4)
[2026-08-19T14:00:53.707Z INFO  gresse::replica] replica 178714744544926854 observed shutdown descriptor for replica 178714744544926845 with final counter Some(4)
[2026-08-19T14:00:53.908Z INFO  gresse::replica] replica 178714744544926854 observed shutdown descriptor for replica 178714744544926846 with final counter Some(4)
[2026-08-19T14:00:54.107Z INFO  gresse::replica] replica 178714744544926854 observed shutdown descriptor for replica 178714744544926849 with final counter Some(1)
[2026-08-19T14:00:54.303Z INFO  gresse::replica] replica 178714744544926854 observed shutdown descriptor for replica 178714744544926861 with final counter Some(3)
[2026-08-19T14:00:54.504Z INFO  gresse::replica] replica 178714744544926854 observed shutdown descriptor for replica 178714744544926862 with final counter Some(2)
[2026-08-19T14:00:54.700Z INFO  gresse::replica] replica 178714744544926854 observed shutdown descriptor for replica 178714744544926863 with final counter Some(1)
[2026-08-19T14:00:56.144Z INFO  gresse::replica] replica 178714744544926854 observed shutdown descriptor for replica 178714744544926832 with final counter Some(5)
[2026-08-19T14:00:56.344Z INFO  gresse::replica] replica 178714744544926854 observed shutdown descriptor for replica 178714744544926833 with final counter Some(4)
[2026-08-19T14:00:56.542Z INFO  gresse::replica] replica 178714744544926854 observed shutdown descriptor for replica 178714744544926834 with final counter Some(4)
[2026-08-19T14:00:56.742Z INFO  gresse::replica] replica 178714744544926854 observed shutdown descriptor for replica 178714744544926835 with final counter Some(4)
[2026-08-19T14:00:56.940Z INFO  gresse::replica] replica 178714744544926854 observed shutdown descriptor for replica 178714744544926836 with final counter Some(4)
[2026-08-19T14:00:57.140Z INFO  gresse::replica] replica 178714744544926854 observed shutdown descriptor for replica 178714744544926837 with final counter Some(2)
[2026-08-19T14:00:57.336Z INFO  gresse::replica] replica 178714744544926854 observed shutdown descriptor for replica 178714744544926838 with final counter Some(4)
[2026-08-19T14:00:57.536Z INFO  gresse::replica] replica 178714744544926854 observed shutdown descriptor for replica 178714744544926839 with final counter Some(4)
[2026-08-19T14:00:57.739Z INFO  gresse::replica] replica 178714744544926854 observed shutdown descriptor for replica 178714744544926840 with final counter Some(4)
[2026-08-19T14:00:57.936Z INFO  gresse::replica] replica 178714744544926854 observed shutdown descriptor for replica 178714744544926841 with final counter Some(4)
[2026-08-19T14:00:58.135Z INFO  gresse::replica] replica 178714744544926854 observed shutdown descriptor for replica 178714744544926842 with final counter Some(4)
[2026-08-19T14:00:58.335Z INFO  gresse::replica] replica 178714744544926854 observed shutdown descriptor for replica 178714744544926844 with final counter Some(4)
[2026-08-19T14:00:58.535Z INFO  gresse::replica] replica 178714744544926854 observed shutdown descriptor for replica 178714744544926845 with final counter Some(4)
[2026-08-19T14:00:58.734Z INFO  gresse::replica] replica 178714744544926854 observed shutdown descriptor for replica 178714744544926846 with final counter Some(4)
[2026-08-19T14:00:58.934Z INFO  gresse::replica] replica 178714744544926854 observed shutdown descriptor for replica 178714744544926849 with final counter Some(1)
[2026-08-19T14:00:59.135Z INFO  gresse::replica] replica 178714744544926854 observed shutdown descriptor for replica 178714744544926861 with final counter Some(3)
[2026-08-19T14:00:59.334Z INFO  gresse::replica] replica 178714744544926854 observed shutdown descriptor for replica 178714744544926862 with final counter Some(2)
[2026-08-19T14:00:59.533Z INFO  gresse::replica] replica 178714744544926854 observed shutdown descriptor for replica 178714744544926863 with final counter Some(1)
[2026-08-19T14:01:01.139Z INFO  gresse::replica] replica 178714744544926854 observed shutdown descriptor for replica 178714744544926832 with final counter Some(5)
[2026-08-19T14:01:01.341Z INFO  gresse::replica] replica 178714744544926854 observed shutdown descriptor for replica 178714744544926833 with final counter Some(4)
[2026-08-19T14:01:01.544Z INFO  gresse::replica] replica 178714744544926854 observed shutdown descriptor for replica 178714744544926834 with final counter Some(4)
[2026-08-19T14:01:01.745Z INFO  gresse::replica] replica 178714744544926854 observed shutdown descriptor for replica 178714744544926835 with final counter Some(4)
[2026-08-19T14:01:01.948Z INFO  gresse::replica] replica 178714744544926854 observed shutdown descriptor for replica 178714744544926836 with final counter Some(4)
[2026-08-19T14:01:02.148Z INFO  gresse::replica] replica 178714744544926854 observed shutdown descriptor for replica 178714744544926837 with final counter Some(2)
[2026-08-19T14:01:02.346Z INFO  gresse::replica] replica 178714744544926854 observed shutdown descriptor for replica 178714744544926838 with final counter Some(4)
[2026-08-19T14:01:02.545Z INFO  gresse::replica] replica 178714744544926854 observed shutdown descriptor for replica 178714744544926839 with final counter Some(4)
[2026-08-19T14:01:02.745Z INFO  gresse::replica] replica 178714744544926854 observed shutdown descriptor for replica 178714744544926840 with final counter Some(4)
[2026-08-19T14:01:02.946Z INFO  gresse::replica] replica 178714744544926854 observed shutdown descriptor for replica 178714744544926841 with final counter Some(4)
[2026-08-19T14:01:03.147Z INFO  gresse::replica] replica 178714744544926854 observed shutdown descriptor for replica 178714744544926842 with final counter Some(4)
[2026-08-19T14:01:03.344Z INFO  gresse::replica] replica 178714744544926854 observed shutdown descriptor for replica 178714744544926844 with final counter Some(4)
[2026-08-19T14:01:03.545Z INFO  gresse::replica] replica 178714744544926854 observed shutdown descriptor for replica 178714744544926845 with final counter Some(4)
[2026-08-19T14:01:03.743Z INFO  gresse::replica] replica 178714744544926854 observed shutdown descriptor for replica 178714744544926846 with final counter Some(4)
[2026-08-19T14:01:03.943Z INFO  gresse::replica] replica 178714744544926854 observed shutdown descriptor for replica 178714744544926847 with final counter Some(4)
[2026-08-19T14:01:04.142Z INFO  gresse::replica] replica 178714744544926854 observed shutdown descriptor for replica 178714744544926849 with final counter Some(1)
[2026-08-19T14:01:04.342Z INFO  gresse::replica] replica 178714744544926854 observed shutdown descriptor for replica 178714744544926861 with final counter Some(3)
[2026-08-19T14:01:04.538Z INFO  gresse::replica] replica 178714744544926854 observed shutdown descriptor for replica 178714744544926862 with final counter Some(2)
[2026-08-19T14:01:04.738Z INFO  gresse::replica] replica 178714744544926854 observed shutdown descriptor for replica 178714744544926863 with final counter Some(1)
[2026-08-19T14:01:06.142Z INFO  gresse::replica] replica 178714744544926854 observed shutdown descriptor for replica 178714744544926832 with final counter Some(5)
[2026-08-19T14:01:06.339Z INFO  gresse::replica] replica 178714744544926854 observed shutdown descriptor for replica 178714744544926833 with final counter Some(4)
[2026-08-19T14:01:06.539Z INFO  gresse::replica] replica 178714744544926854 observed shutdown descriptor for replica 178714744544926834 with final counter Some(4)
[2026-08-19T14:01:06.742Z INFO  gresse::replica] replica 178714744544926854 observed shutdown descriptor for replica 178714744544926835 with final counter Some(4)
[2026-08-19T14:01:06.942Z INFO  gresse::replica] replica 178714744544926854 observed shutdown descriptor for replica 178714744544926836 with final counter Some(4)
[2026-08-19T14:01:07.141Z INFO  gresse::replica] replica 178714744544926854 observed shutdown descriptor for replica 178714744544926837 with final counter Some(2)
[2026-08-19T14:01:07.343Z INFO  gresse::replica] replica 178714744544926854 observed shutdown descriptor for replica 178714744544926838 with final counter Some(4)
[2026-08-19T14:01:07.539Z INFO  gresse::replica] replica 178714744544926854 observed shutdown descriptor for replica 178714744544926839 with final counter Some(4)
[2026-08-19T14:01:07.736Z INFO  gresse::replica] replica 178714744544926854 observed shutdown descriptor for replica 178714744544926840 with final counter Some(4)
[2026-08-19T14:01:07.934Z INFO  gresse::replica] replica 178714744544926854 observed shutdown descriptor for replica 178714744544926841 with final counter Some(4)
[2026-08-19T14:01:08.133Z INFO  gresse::replica] replica 178714744544926854 observed shutdown descriptor for replica 178714744544926842 with final counter Some(4)
[2026-08-19T14:01:08.334Z INFO  gresse::replica] replica 178714744544926854 observed shutdown descriptor for replica 178714744544926844 with final counter Some(4)
[2026-08-19T14:01:08.533Z INFO  gresse::replica] replica 178714744544926854 observed shutdown descriptor for replica 178714744544926845 with final counter Some(4)
[2026-08-19T14:01:08.731Z INFO  gresse::replica] replica 178714744544926854 observed shutdown descriptor for replica 178714744544926846 with final counter Some(4)
[2026-08-19T14:01:08.929Z INFO  gresse::replica] replica 178714744544926854 observed shutdown descriptor for replica 178714744544926847 with final counter Some(4)
[2026-08-19T14:01:09.126Z INFO  gresse::replica] replica 178714744544926854 observed shutdown descriptor for replica 178714744544926849 with final counter Some(1)
[2026-08-19T14:01:09.324Z INFO  gresse::replica] replica 178714744544926854 observed shutdown descriptor for replica 178714744544926861 with final counter Some(3)
[2026-08-19T14:01:09.911Z INFO  gresse::replica] replica 178714744544926854 observed shutdown descriptor for replica 178714744544926862 with final counter Some(2)
[2026-08-19T14:01:10.120Z INFO  gresse::replica] replica 178714744544926854 observed shutdown descriptor for replica 178714744544926863 with final counter Some(1)
[2026-08-19T14:01:11.335Z INFO  gresse::replica] replica 178714744544926854 observed shutdown descriptor for replica 178714744544926832 with final counter Some(5)
[2026-08-19T14:01:11.545Z INFO  gresse::replica] replica 178714744544926854 observed shutdown descriptor for replica 178714744544926833 with final counter Some(4)
[2026-08-19T14:01:11.755Z INFO  gresse::replica] replica 178714744544926854 observed shutdown descriptor for replica 178714744544926834 with final counter Some(4)
[2026-08-19T14:01:11.961Z INFO  gresse::replica] replica 178714744544926854 observed shutdown descriptor for replica 178714744544926835 with final counter Some(4)
[2026-08-19T14:01:12.172Z INFO  gresse::replica] replica 178714744544926854 observed shutdown descriptor for replica 178714744544926836 with final counter Some(4)
[2026-08-19T14:01:12.380Z INFO  gresse::replica] replica 178714744544926854 observed shutdown descriptor for replica 178714744544926837 with final counter Some(2)
[2026-08-19T14:01:12.590Z INFO  gresse::replica] replica 178714744544926854 observed shutdown descriptor for replica 178714744544926838 with final counter Some(4)
[2026-08-19T14:01:12.801Z INFO  gresse::replica] replica 178714744544926854 observed shutdown descriptor for replica 178714744544926839 with final counter Some(4)
[2026-08-19T14:01:13.016Z INFO  gresse::replica] replica 178714744544926854 observed shutdown descriptor for replica 178714744544926840 with final counter Some(4)
[2026-08-19T14:01:13.227Z INFO  gresse::replica] replica 178714744544926854 observed shutdown descriptor for replica 178714744544926841 with final counter Some(4)
[2026-08-19T14:01:13.436Z INFO  gresse::replica] replica 178714744544926854 observed shutdown descriptor for replica 178714744544926842 with final counter Some(4)
[2026-08-19T14:01:13.650Z INFO  gresse::replica] replica 178714744544926854 observed shutdown descriptor for replica 178714744544926844 with final counter Some(4)
[2026-08-19T14:01:13.863Z INFO  gresse::replica] replica 178714744544926854 observed shutdown descriptor for replica 178714744544926845 with final counter Some(4)
[2026-08-19T14:01:14.075Z INFO  gresse::replica] replica 178714744544926854 observed shutdown descriptor for replica 178714744544926846 with final counter Some(4)
[2026-08-19T14:01:14.288Z INFO  gresse::replica] replica 178714744544926854 observed shutdown descriptor for replica 178714744544926847 with final counter Some(4)
[2026-08-19T14:01:14.496Z INFO  gresse::replica] replica 178714744544926854 observed shutdown descriptor for replica 178714744544926848 with final counter Some(4)
[2026-08-19T14:01:14.709Z INFO  gresse::replica] replica 178714744544926854 observed shutdown descriptor for replica 178714744544926849 with final counter Some(1)
[2026-08-19T14:01:14.921Z INFO  gresse::replica] replica 178714744544926854 observed shutdown descriptor for replica 178714744544926861 with final counter Some(3)
[2026-08-19T14:01:15.133Z INFO  gresse::replica] replica 178714744544926854 observed shutdown descriptor for replica 178714744544926862 with final counter Some(2)
[2026-08-19T14:01:15.343Z INFO  gresse::replica] replica 178714744544926854 observed shutdown descriptor for replica 178714744544926863 with final counter Some(1)
[2026-08-19T14:01:16.148Z INFO  gresse::replica] replica 178714744544926854 observed shutdown descriptor for replica 178714744544926832 with final counter Some(5)
[2026-08-19T14:01:16.361Z INFO  gresse::replica] replica 178714744544926854 observed shutdown descriptor for replica 178714744544926833 with final counter Some(4)
[2026-08-19T14:01:16.573Z INFO  gresse::replica] replica 178714744544926854 observed shutdown descriptor for replica 178714744544926834 with final counter Some(4)
[2026-08-19T14:01:16.785Z INFO  gresse::replica] replica 178714744544926854 observed shutdown descriptor for replica 178714744544926835 with final counter Some(4)
[2026-08-19T14:01:16.990Z INFO  gresse::replica] replica 178714744544926854 observed shutdown descriptor for replica 178714744544926836 with final counter Some(4)
[2026-08-19T14:01:17.201Z INFO  gresse::replica] replica 178714744544926854 observed shutdown descriptor for replica 178714744544926837 with final counter Some(2)
[2026-08-19T14:01:17.410Z INFO  gresse::replica] replica 178714744544926854 observed shutdown descriptor for replica 178714744544926838 with final counter Some(4)
[2026-08-19T14:01:17.618Z INFO  gresse::replica] replica 178714744544926854 observed shutdown descriptor for replica 178714744544926839 with final counter Some(4)
[2026-08-19T14:01:17.831Z INFO  gresse::replica] replica 178714744544926854 observed shutdown descriptor for replica 178714744544926840 with final counter Some(4)
[2026-08-19T14:01:18.039Z INFO  gresse::replica] replica 178714744544926854 observed shutdown descriptor for replica 178714744544926841 with final counter Some(4)
[2026-08-19T14:01:18.251Z INFO  gresse::replica] replica 178714744544926854 observed shutdown descriptor for replica 178714744544926842 with final counter Some(4)
[2026-08-19T14:01:18.461Z INFO  gresse::replica] replica 178714744544926854 observed shutdown descriptor for replica 178714744544926844 with final counter Some(4)
[2026-08-19T14:01:18.674Z INFO  gresse::replica] replica 178714744544926854 observed shutdown descriptor for replica 178714744544926845 with final counter Some(4)
[2026-08-19T14:01:18.883Z INFO  gresse::replica] replica 178714744544926854 observed shutdown descriptor for replica 178714744544926846 with final counter Some(4)
[2026-08-19T14:01:19.092Z INFO  gresse::replica] replica 178714744544926854 observed shutdown descriptor for replica 178714744544926847 with final counter Some(4)
[2026-08-19T14:01:19.299Z INFO  gresse::replica] replica 178714744544926854 observed shutdown descriptor for replica 178714744544926848 with final counter Some(4)
[2026-08-19T14:01:19.511Z INFO  gresse::replica] replica 178714744544926854 observed shutdown descriptor for replica 178714744544926849 with final counter Some(1)
[2026-08-19T14:01:19.722Z INFO  gresse::replica] replica 178714744544926854 observed shutdown descriptor for replica 178714744544926861 with final counter Some(3)
[2026-08-19T14:01:19.932Z INFO  gresse::replica] replica 178714744544926854 observed shutdown descriptor for replica 178714744544926862 with final counter Some(2)
[2026-08-19T14:01:20.146Z INFO  gresse::replica] replica 178714744544926854 observed shutdown descriptor for replica 178714744544926863 with final counter Some(1)
[2026-08-19T14:01:21.147Z INFO  gresse::replica] replica 178714744544926854 observed shutdown descriptor for replica 178714744544926832 with final counter Some(5)
[2026-08-19T14:01:21.360Z INFO  gresse::replica] replica 178714744544926854 observed shutdown descriptor for replica 178714744544926833 with final counter Some(4)
[2026-08-19T14:01:21.572Z INFO  gresse::replica] replica 178714744544926854 observed shutdown descriptor for replica 178714744544926834 with final counter Some(4)
[2026-08-19T14:01:21.784Z INFO  gresse::replica] replica 178714744544926854 observed shutdown descriptor for replica 178714744544926835 with final counter Some(4)
[2026-08-19T14:01:21.999Z INFO  gresse::replica] replica 178714744544926854 observed shutdown descriptor for replica 178714744544926836 with final counter Some(4)
[2026-08-19T14:01:22.208Z INFO  gresse::replica] replica 178714744544926854 observed shutdown descriptor for replica 178714744544926837 with final counter Some(2)
[2026-08-19T14:01:22.420Z INFO  gresse::replica] replica 178714744544926854 observed shutdown descriptor for replica 178714744544926838 with final counter Some(4)
[2026-08-19T14:01:22.632Z INFO  gresse::replica] replica 178714744544926854 observed shutdown descriptor for replica 178714744544926839 with final counter Some(4)
[2026-08-19T14:01:22.845Z INFO  gresse::replica] replica 178714744544926854 observed shutdown descriptor for replica 178714744544926840 with final counter Some(4)
[2026-08-19T14:01:23.054Z INFO  gresse::replica] replica 178714744544926854 observed shutdown descriptor for replica 178714744544926841 with final counter Some(4)
[2026-08-19T14:01:23.263Z INFO  gresse::replica] replica 178714744544926854 observed shutdown descriptor for replica 178714744544926842 with final counter Some(4)
[2026-08-19T14:01:23.472Z INFO  gresse::replica] replica 178714744544926854 observed shutdown descriptor for replica 178714744544926844 with final counter Some(4)
[2026-08-19T14:01:23.685Z INFO  gresse::replica] replica 178714744544926854 observed shutdown descriptor for replica 178714744544926845 with final counter Some(4)
[2026-08-19T14:01:23.895Z INFO  gresse::replica] replica 178714744544926854 observed shutdown descriptor for replica 178714744544926846 with final counter Some(4)
[2026-08-19T14:01:24.106Z INFO  gresse::replica] replica 178714744544926854 observed shutdown descriptor for replica 178714744544926847 with final counter Some(4)
[2026-08-19T14:01:24.313Z INFO  gresse::replica] replica 178714744544926854 observed shutdown descriptor for replica 178714744544926848 with final counter Some(4)
[2026-08-19T14:01:24.520Z INFO  gresse::replica] replica 178714744544926854 observed shutdown descriptor for replica 178714744544926849 with final counter Some(1)
[2026-08-19T14:01:24.730Z INFO  gresse::replica] replica 178714744544926854 observed shutdown descriptor for replica 178714744544926861 with final counter Some(3)
[2026-08-19T14:01:24.942Z INFO  gresse::replica] replica 178714744544926854 observed shutdown descriptor for replica 178714744544926862 with final counter Some(2)
[2026-08-19T14:01:25.152Z INFO  gresse::replica] replica 178714744544926854 observed shutdown descriptor for replica 178714744544926863 with final counter Some(1)
[2026-08-19T14:01:25.364Z INFO  gresse::replica] replica 178714744544926854 observed shutdown descriptor for replica 178714744544926864 with final counter Some(1)
[2026-08-19T14:01:26.153Z INFO  gresse::replica] replica 178714744544926854 observed shutdown descriptor for replica 178714744544926832 with final counter Some(5)
[2026-08-19T14:01:26.365Z INFO  gresse::replica] replica 178714744544926854 observed shutdown descriptor for replica 178714744544926833 with final counter Some(4)
[2026-08-19T14:01:26.576Z INFO  gresse::replica] replica 178714744544926854 observed shutdown descriptor for replica 178714744544926834 with final counter Some(4)
[2026-08-19T14:01:26.785Z INFO  gresse::replica] replica 178714744544926854 observed shutdown descriptor for replica 178714744544926835 with final counter Some(4)
[2026-08-19T14:01:26.994Z INFO  gresse::replica] replica 178714744544926854 observed shutdown descriptor for replica 178714744544926836 with final counter Some(4)
[2026-08-19T14:01:27.206Z INFO  gresse::replica] replica 178714744544926854 observed shutdown descriptor for replica 178714744544926837 with final counter Some(2)
[2026-08-19T14:01:27.416Z INFO  gresse::replica] replica 178714744544926854 observed shutdown descriptor for replica 178714744544926838 with final counter Some(4)
[2026-08-19T14:01:27.628Z INFO  gresse::replica] replica 178714744544926854 observed shutdown descriptor for replica 178714744544926839 with final counter Some(4)
[2026-08-19T14:01:27.838Z INFO  gresse::replica] replica 178714744544926854 observed shutdown descriptor for replica 178714744544926840 with final counter Some(4)
[2026-08-19T14:01:28.050Z INFO  gresse::replica] replica 178714744544926854 observed shutdown descriptor for replica 178714744544926841 with final counter Some(4)
[2026-08-19T14:01:28.261Z INFO  gresse::replica] replica 178714744544926854 observed shutdown descriptor for replica 178714744544926842 with final counter Some(4)
[2026-08-19T14:01:28.473Z INFO  gresse::replica] replica 178714744544926854 observed shutdown descriptor for replica 178714744544926844 with final counter Some(4)
[2026-08-19T14:01:28.683Z INFO  gresse::replica] replica 178714744544926854 observed shutdown descriptor for replica 178714744544926845 with final counter Some(4)
[2026-08-19T14:01:28.894Z INFO  gresse::replica] replica 178714744544926854 observed shutdown descriptor for replica 178714744544926846 with final counter Some(4)
[2026-08-19T14:01:29.101Z INFO  gresse::replica] replica 178714744544926854 observed shutdown descriptor for replica 178714744544926847 with final counter Some(4)
[2026-08-19T14:01:29.311Z INFO  gresse::replica] replica 178714744544926854 observed shutdown descriptor for replica 178714744544926848 with final counter Some(4)
[2026-08-19T14:01:29.519Z INFO  gresse::replica] replica 178714744544926854 observed shutdown descriptor for replica 178714744544926849 with final counter Some(1)
[2026-08-19T14:01:29.732Z INFO  gresse::replica] replica 178714744544926854 observed shutdown descriptor for replica 178714744544926850 with final counter Some(4)
[2026-08-19T14:01:29.940Z INFO  gresse::replica] replica 178714744544926854 observed shutdown descriptor for replica 178714744544926861 with final counter Some(3)
[2026-08-19T14:01:30.154Z INFO  gresse::replica] replica 178714744544926854 observed shutdown descriptor for replica 178714744544926862 with final counter Some(2)
[2026-08-19T14:01:30.363Z INFO  gresse::replica] replica 178714744544926854 observed shutdown descriptor for replica 178714744544926863 with final counter Some(1)
[2026-08-19T14:01:30.574Z INFO  gresse::replica] replica 178714744544926854 observed shutdown descriptor for replica 178714744544926864 with final counter Some(1)
[2026-08-19T14:01:31.150Z INFO  gresse::replica] replica 178714744544926854 observed shutdown descriptor for replica 178714744544926832 with final counter Some(5)
[2026-08-19T14:01:31.363Z INFO  gresse::replica] replica 178714744544926854 observed shutdown descriptor for replica 178714744544926833 with final counter Some(4)
[2026-08-19T14:01:31.571Z INFO  gresse::replica] replica 178714744544926854 observed shutdown descriptor for replica 178714744544926834 with final counter Some(4)
[2026-08-19T14:01:31.779Z INFO  gresse::replica] replica 178714744544926854 observed shutdown descriptor for replica 178714744544926835 with final counter Some(4)
[2026-08-19T14:01:31.990Z INFO  gresse::replica] replica 178714744544926854 observed shutdown descriptor for replica 178714744544926836 with final counter Some(4)
[2026-08-19T14:01:32.198Z INFO  gresse::replica] replica 178714744544926854 observed shutdown descriptor for replica 178714744544926837 with final counter Some(2)
[2026-08-19T14:01:32.410Z INFO  gresse::replica] replica 178714744544926854 observed shutdown descriptor for replica 178714744544926838 with final counter Some(4)
[2026-08-19T14:01:32.617Z INFO  gresse::replica] replica 178714744544926854 observed shutdown descriptor for replica 178714744544926839 with final counter Some(4)
[2026-08-19T14:01:32.827Z INFO  gresse::replica] replica 178714744544926854 observed shutdown descriptor for replica 178714744544926840 with final counter Some(4)
[2026-08-19T14:01:33.036Z INFO  gresse::replica] replica 178714744544926854 observed shutdown descriptor for replica 178714744544926841 with final counter Some(4)
[2026-08-19T14:01:33.641Z INFO  gresse::replica] replica 178714744544926854 observed shutdown descriptor for replica 178714744544926842 with final counter Some(4)
[2026-08-19T14:01:33.856Z INFO  gresse::replica] replica 178714744544926854 observed shutdown descriptor for replica 178714744544926844 with final counter Some(4)
[2026-08-19T14:01:34.072Z INFO  gresse::replica] replica 178714744544926854 observed shutdown descriptor for replica 178714744544926845 with final counter Some(4)
[2026-08-19T14:01:34.290Z INFO  gresse::replica] replica 178714744544926854 observed shutdown descriptor for replica 178714744544926846 with final counter Some(4)
[2026-08-19T14:01:34.505Z INFO  gresse::replica] replica 178714744544926854 observed shutdown descriptor for replica 178714744544926847 with final counter Some(4)
[2026-08-19T14:01:34.722Z INFO  gresse::replica] replica 178714744544926854 observed shutdown descriptor for replica 178714744544926848 with final counter Some(4)
[2026-08-19T14:01:34.939Z INFO  gresse::replica] replica 178714744544926854 observed shutdown descriptor for replica 178714744544926849 with final counter Some(1)
[2026-08-19T14:01:35.157Z INFO  gresse::replica] replica 178714744544926854 observed shutdown descriptor for replica 178714744544926850 with final counter Some(4)
[2026-08-19T14:01:35.375Z INFO  gresse::replica] replica 178714744544926854 observed shutdown descriptor for replica 178714744544926861 with final counter Some(3)
[2026-08-19T14:01:35.589Z INFO  gresse::replica] replica 178714744544926854 observed shutdown descriptor for replica 178714744544926862 with final counter Some(2)
[2026-08-19T14:01:35.809Z INFO  gresse::replica] replica 178714744544926854 observed shutdown descriptor for replica 178714744544926863 with final counter Some(1)
[2026-08-19T14:01:36.024Z INFO  gresse::replica] replica 178714744544926854 observed shutdown descriptor for replica 178714744544926864 with final counter Some(1)
[2026-08-19T14:01:36.662Z INFO  gresse::replica] replica 178714744544926854 observed shutdown descriptor for replica 178714744544926832 with final counter Some(5)
[2026-08-19T14:01:36.879Z INFO  gresse::replica] replica 178714744544926854 observed shutdown descriptor for replica 178714744544926833 with final counter Some(4)
[2026-08-19T14:01:37.097Z INFO  gresse::replica] replica 178714744544926854 observed shutdown descriptor for replica 178714744544926834 with final counter Some(4)
[2026-08-19T14:01:37.310Z INFO  gresse::replica] replica 178714744544926854 observed shutdown descriptor for replica 178714744544926835 with final counter Some(4)
[2026-08-19T14:01:37.524Z INFO  gresse::replica] replica 178714744544926854 observed shutdown descriptor for replica 178714744544926836 with final counter Some(4)
[2026-08-19T14:01:37.742Z INFO  gresse::replica] replica 178714744544926854 observed shutdown descriptor for replica 178714744544926837 with final counter Some(2)
[2026-08-19T14:01:37.961Z INFO  gresse::replica] replica 178714744544926854 observed shutdown descriptor for replica 178714744544926838 with final counter Some(4)
[2026-08-19T14:01:38.176Z INFO  gresse::replica] replica 178714744544926854 observed shutdown descriptor for replica 178714744544926839 with final counter Some(4)
[2026-08-19T14:01:38.392Z INFO  gresse::replica] replica 178714744544926854 observed shutdown descriptor for replica 178714744544926840 with final counter Some(4)
[2026-08-19T14:01:38.609Z INFO  gresse::replica] replica 178714744544926854 observed shutdown descriptor for replica 178714744544926841 with final counter Some(4)
[2026-08-19T14:01:38.827Z INFO  gresse::replica] replica 178714744544926854 observed shutdown descriptor for replica 178714744544926842 with final counter Some(4)
[2026-08-19T14:01:39.044Z INFO  gresse::replica] replica 178714744544926854 observed shutdown descriptor for replica 178714744544926844 with final counter Some(4)
[2026-08-19T14:01:39.259Z INFO  gresse::replica] replica 178714744544926854 observed shutdown descriptor for replica 178714744544926845 with final counter Some(4)
[2026-08-19T14:01:39.472Z INFO  gresse::replica] replica 178714744544926854 observed shutdown descriptor for replica 178714744544926846 with final counter Some(4)
[2026-08-19T14:01:39.691Z INFO  gresse::replica] replica 178714744544926854 observed shutdown descriptor for replica 178714744544926847 with final counter Some(4)
[2026-08-19T14:01:39.906Z INFO  gresse::replica] replica 178714744544926854 observed shutdown descriptor for replica 178714744544926848 with final counter Some(4)
[2026-08-19T14:01:40.123Z INFO  gresse::replica] replica 178714744544926854 observed shutdown descriptor for replica 178714744544926849 with final counter Some(1)
[2026-08-19T14:01:40.340Z INFO  gresse::replica] replica 178714744544926854 observed shutdown descriptor for replica 178714744544926850 with final counter Some(4)
[2026-08-19T14:01:40.555Z INFO  gresse::replica] replica 178714744544926854 observed shutdown descriptor for replica 178714744544926861 with final counter Some(3)
[2026-08-19T14:01:40.775Z INFO  gresse::replica] replica 178714744544926854 observed shutdown descriptor for replica 178714744544926862 with final counter Some(2)
[2026-08-19T14:01:40.990Z INFO  gresse::replica] replica 178714744544926854 observed shutdown descriptor for replica 178714744544926863 with final counter Some(1)
[2026-08-19T14:01:41.206Z INFO  gresse::replica] replica 178714744544926854 observed shutdown descriptor for replica 178714744544926864 with final counter Some(1)
[2026-08-19T14:01:41.647Z INFO  gresse::replica] replica 178714744544926854 observed shutdown descriptor for replica 178714744544926832 with final counter Some(5)
[2026-08-19T14:01:41.863Z INFO  gresse::replica] replica 178714744544926854 observed shutdown descriptor for replica 178714744544926833 with final counter Some(4)
[2026-08-19T14:01:42.084Z INFO  gresse::replica] replica 178714744544926854 observed shutdown descriptor for replica 178714744544926834 with final counter Some(4)
[2026-08-19T14:01:42.300Z INFO  gresse::replica] replica 178714744544926854 observed shutdown descriptor for replica 178714744544926835 with final counter Some(4)
[2026-08-19T14:01:42.516Z INFO  gresse::replica] replica 178714744544926854 observed shutdown descriptor for replica 178714744544926836 with final counter Some(4)
[2026-08-19T14:01:42.734Z INFO  gresse::replica] replica 178714744544926854 observed shutdown descriptor for replica 178714744544926837 with final counter Some(2)
[2026-08-19T14:01:42.954Z INFO  gresse::replica] replica 178714744544926854 observed shutdown descriptor for replica 178714744544926838 with final counter Some(4)
[2026-08-19T14:01:43.173Z INFO  gresse::replica] replica 178714744544926854 observed shutdown descriptor for replica 178714744544926839 with final counter Some(4)
[2026-08-19T14:01:43.391Z INFO  gresse::replica] replica 178714744544926854 observed shutdown descriptor for replica 178714744544926840 with final counter Some(4)
[2026-08-19T14:01:43.607Z INFO  gresse::replica] replica 178714744544926854 observed shutdown descriptor for replica 178714744544926841 with final counter Some(4)
[2026-08-19T14:01:43.823Z INFO  gresse::replica] replica 178714744544926854 observed shutdown descriptor for replica 178714744544926842 with final counter Some(4)
[2026-08-19T14:01:44.042Z INFO  gresse::replica] replica 178714744544926854 observed shutdown descriptor for replica 178714744544926844 with final counter Some(4)
[2026-08-19T14:01:44.258Z INFO  gresse::replica] replica 178714744544926854 observed shutdown descriptor for replica 178714744544926845 with final counter Some(4)
[2026-08-19T14:01:44.477Z INFO  gresse::replica] replica 178714744544926854 observed shutdown descriptor for replica 178714744544926846 with final counter Some(4)
[2026-08-19T14:01:44.694Z INFO  gresse::replica] replica 178714744544926854 observed shutdown descriptor for replica 178714744544926847 with final counter Some(4)
[2026-08-19T14:01:44.913Z INFO  gresse::replica] replica 178714744544926854 observed shutdown descriptor for replica 178714744544926848 with final counter Some(4)
[2026-08-19T14:01:45.131Z INFO  gresse::replica] replica 178714744544926854 observed shutdown descriptor for replica 178714744544926849 with final counter Some(1)
[2026-08-19T14:01:45.346Z INFO  gresse::replica] replica 178714744544926854 observed shutdown descriptor for replica 178714744544926850 with final counter Some(4)
[2026-08-19T14:01:45.562Z INFO  gresse::replica] replica 178714744544926854 observed shutdown descriptor for replica 178714744544926851 with final counter Some(4)
[2026-08-19T14:01:45.778Z INFO  gresse::replica] replica 178714744544926854 observed shutdown descriptor for replica 178714744544926861 with final counter Some(3)
[2026-08-19T14:01:45.998Z INFO  gresse::replica] replica 178714744544926854 observed shutdown descriptor for replica 178714744544926862 with final counter Some(2)
[2026-08-19T14:01:46.213Z INFO  gresse::replica] replica 178714744544926854 observed shutdown descriptor for replica 178714744544926863 with final counter Some(1)
[2026-08-19T14:01:46.430Z INFO  gresse::replica] replica 178714744544926854 observed shutdown descriptor for replica 178714744544926864 with final counter Some(1)
[2026-08-19T14:01:46.880Z INFO  gresse::replica] replica 178714744544926854 observed shutdown descriptor for replica 178714744544926832 with final counter Some(5)
[2026-08-19T14:01:47.099Z INFO  gresse::replica] replica 178714744544926854 observed shutdown descriptor for replica 178714744544926833 with final counter Some(4)
[2026-08-19T14:01:47.313Z INFO  gresse::replica] replica 178714744544926854 observed shutdown descriptor for replica 178714744544926834 with final counter Some(4)
[2026-08-19T14:01:47.530Z INFO  gresse::replica] replica 178714744544926854 observed shutdown descriptor for replica 178714744544926835 with final counter Some(4)
[2026-08-19T14:01:47.749Z INFO  gresse::replica] replica 178714744544926854 observed shutdown descriptor for replica 178714744544926836 with final counter Some(4)
[2026-08-19T14:01:47.966Z INFO  gresse::replica] replica 178714744544926854 observed shutdown descriptor for replica 178714744544926837 with final counter Some(2)
[2026-08-19T14:01:48.187Z INFO  gresse::replica] replica 178714744544926854 observed shutdown descriptor for replica 178714744544926838 with final counter Some(4)
[2026-08-19T14:01:48.406Z INFO  gresse::replica] replica 178714744544926854 observed shutdown descriptor for replica 178714744544926839 with final counter Some(4)
[2026-08-19T14:01:48.621Z INFO  gresse::replica] replica 178714744544926854 observed shutdown descriptor for replica 178714744544926840 with final counter Some(4)
[2026-08-19T14:01:48.837Z INFO  gresse::replica] replica 178714744544926854 observed shutdown descriptor for replica 178714744544926841 with final counter Some(4)
[2026-08-19T14:01:49.056Z INFO  gresse::replica] replica 178714744544926854 observed shutdown descriptor for replica 178714744544926842 with final counter Some(4)
[2026-08-19T14:01:49.268Z INFO  gresse::replica] replica 178714744544926854 observed shutdown descriptor for replica 178714744544926844 with final counter Some(4)
[2026-08-19T14:01:49.484Z INFO  gresse::replica] replica 178714744544926854 observed shutdown descriptor for replica 178714744544926845 with final counter Some(4)
[2026-08-19T14:01:49.700Z INFO  gresse::replica] replica 178714744544926854 observed shutdown descriptor for replica 178714744544926846 with final counter Some(4)
[2026-08-19T14:01:49.916Z INFO  gresse::replica] replica 178714744544926854 observed shutdown descriptor for replica 178714744544926847 with final counter Some(4)
[2026-08-19T14:01:50.136Z INFO  gresse::replica] replica 178714744544926854 observed shutdown descriptor for replica 178714744544926848 with final counter Some(4)
[2026-08-19T14:01:50.354Z INFO  gresse::replica] replica 178714744544926854 observed shutdown descriptor for replica 178714744544926849 with final counter Some(1)
[2026-08-19T14:01:50.569Z INFO  gresse::replica] replica 178714744544926854 observed shutdown descriptor for replica 178714744544926850 with final counter Some(4)
[2026-08-19T14:01:50.783Z INFO  gresse::replica] replica 178714744544926854 observed shutdown descriptor for replica 178714744544926851 with final counter Some(4)
[2026-08-19T14:01:50.998Z INFO  gresse::replica] replica 178714744544926854 observed shutdown descriptor for replica 178714744544926861 with final counter Some(3)
[2026-08-19T14:01:51.214Z INFO  gresse::replica] replica 178714744544926854 observed shutdown descriptor for replica 178714744544926862 with final counter Some(2)
[2026-08-19T14:01:51.433Z INFO  gresse::replica] replica 178714744544926854 observed shutdown descriptor for replica 178714744544926863 with final counter Some(1)
[2026-08-19T14:01:51.650Z INFO  gresse::replica] replica 178714744544926854 observed shutdown descriptor for replica 178714744544926864 with final counter Some(1)
[2026-08-19T14:01:51.873Z WARN  gresse::network] peer connection write failed: Broken pipe (os error 32)
[2026-08-19T14:01:52.087Z INFO  gresse::replica] replica 178714744544926854 observed shutdown descriptor for replica 178714744544926832 with final counter Some(5)
[2026-08-19T14:01:52.305Z INFO  gresse::replica] replica 178714744544926854 observed shutdown descriptor for replica 178714744544926833 with final counter Some(4)
[2026-08-19T14:01:52.520Z INFO  gresse::replica] replica 178714744544926854 observed shutdown descriptor for replica 178714744544926834 with final counter Some(4)
[2026-08-19T14:01:52.736Z INFO  gresse::replica] replica 178714744544926854 observed shutdown descriptor for replica 178714744544926835 with final counter Some(4)
[2026-08-19T14:01:52.955Z INFO  gresse::replica] replica 178714744544926854 observed shutdown descriptor for replica 178714744544926836 with final counter Some(4)
[2026-08-19T14:01:53.171Z INFO  gresse::replica] replica 178714744544926854 observed shutdown descriptor for replica 178714744544926837 with final counter Some(2)
[2026-08-19T14:01:53.387Z INFO  gresse::replica] replica 178714744544926854 observed shutdown descriptor for replica 178714744544926838 with final counter Some(4)
[2026-08-19T14:01:53.606Z INFO  gresse::replica] replica 178714744544926854 observed shutdown descriptor for replica 178714744544926839 with final counter Some(4)
[2026-08-19T14:01:53.821Z INFO  gresse::replica] replica 178714744544926854 observed shutdown descriptor for replica 178714744544926840 with final counter Some(4)
[2026-08-19T14:01:54.040Z INFO  gresse::replica] replica 178714744544926854 observed shutdown descriptor for replica 178714744544926841 with final counter Some(4)
[2026-08-19T14:01:54.258Z INFO  gresse::replica] replica 178714744544926854 observed shutdown descriptor for replica 178714744544926842 with final counter Some(4)
[2026-08-19T14:01:54.475Z INFO  gresse::replica] replica 178714744544926854 observed shutdown descriptor for replica 178714744544926844 with final counter Some(4)
[2026-08-19T14:01:54.692Z INFO  gresse::replica] replica 178714744544926854 observed shutdown descriptor for replica 178714744544926845 with final counter Some(4)
[2026-08-19T14:01:54.908Z INFO  gresse::replica] replica 178714744544926854 observed shutdown descriptor for replica 178714744544926846 with final counter Some(4)
[2026-08-19T14:01:55.126Z INFO  gresse::replica] replica 178714744544926854 observed shutdown descriptor for replica 178714744544926847 with final counter Some(4)
[2026-08-19T14:01:55.346Z INFO  gresse::replica] replica 178714744544926854 observed shutdown descriptor for replica 178714744544926848 with final counter Some(4)
[2026-08-19T14:01:56.133Z INFO  gresse::replica] replica 178714744544926854 observed shutdown descriptor for replica 178714744544926849 with final counter Some(1)
[2026-08-19T14:01:56.346Z INFO  gresse::replica] replica 178714744544926854 observed shutdown descriptor for replica 178714744544926850 with final counter Some(4)
[2026-08-19T14:01:56.557Z INFO  gresse::replica] replica 178714744544926854 observed shutdown descriptor for replica 178714744544926851 with final counter Some(4)
[2026-08-19T14:01:56.771Z INFO  gresse::replica] replica 178714744544926854 observed shutdown descriptor for replica 178714744544926852 with final counter Some(4)
[2026-08-19T14:01:56.981Z INFO  gresse::replica] replica 178714744544926854 observed shutdown descriptor for replica 178714744544926861 with final counter Some(3)
[2026-08-19T14:01:57.194Z INFO  gresse::replica] replica 178714744544926854 observed shutdown descriptor for replica 178714744544926862 with final counter Some(2)
[2026-08-19T14:01:57.404Z INFO  gresse::replica] replica 178714744544926854 observed shutdown descriptor for replica 178714744544926863 with final counter Some(1)
[2026-08-19T14:01:57.618Z INFO  gresse::replica] replica 178714744544926854 observed shutdown descriptor for replica 178714744544926864 with final counter Some(1)
[2026-08-19T14:01:58.232Z INFO  gresse::replica] replica 178714744544926854 observed shutdown descriptor for replica 178714744544926832 with final counter Some(5)
[2026-08-19T14:01:58.442Z INFO  gresse::replica] replica 178714744544926854 observed shutdown descriptor for replica 178714744544926833 with final counter Some(4)
[2026-08-19T14:01:58.653Z INFO  gresse::replica] replica 178714744544926854 observed shutdown descriptor for replica 178714744544926834 with final counter Some(4)
[2026-08-19T14:01:58.867Z INFO  gresse::replica] replica 178714744544926854 observed shutdown descriptor for replica 178714744544926835 with final counter Some(4)
[2026-08-19T14:01:59.076Z INFO  gresse::replica] replica 178714744544926854 observed shutdown descriptor for replica 178714744544926836 with final counter Some(4)
[2026-08-19T14:01:59.288Z INFO  gresse::replica] replica 178714744544926854 observed shutdown descriptor for replica 178714744544926837 with final counter Some(2)
[2026-08-19T14:01:59.499Z INFO  gresse::replica] replica 178714744544926854 observed shutdown descriptor for replica 178714744544926838 with final counter Some(4)
[2026-08-19T14:01:59.712Z INFO  gresse::replica] replica 178714744544926854 observed shutdown descriptor for replica 178714744544926839 with final counter Some(4)
[2026-08-19T14:01:59.924Z INFO  gresse::replica] replica 178714744544926854 observed shutdown descriptor for replica 178714744544926840 with final counter Some(4)
[2026-08-19T14:02:00.136Z INFO  gresse::replica] replica 178714744544926854 observed shutdown descriptor for replica 178714744544926841 with final counter Some(4)
[2026-08-19T14:02:00.350Z INFO  gresse::replica] replica 178714744544926854 observed shutdown descriptor for replica 178714744544926842 with final counter Some(4)
[2026-08-19T14:02:00.562Z INFO  gresse::replica] replica 178714744544926854 observed shutdown descriptor for replica 178714744544926844 with final counter Some(4)
[2026-08-19T14:02:00.775Z INFO  gresse::replica] replica 178714744544926854 observed shutdown descriptor for replica 178714744544926845 with final counter Some(4)
[2026-08-19T14:02:00.984Z INFO  gresse::replica] replica 178714744544926854 observed shutdown descriptor for replica 178714744544926846 with final counter Some(4)
[2026-08-19T14:02:01.195Z INFO  gresse::replica] replica 178714744544926854 observed shutdown descriptor for replica 178714744544926847 with final counter Some(4)
[2026-08-19T14:02:01.407Z INFO  gresse::replica] replica 178714744544926854 observed shutdown descriptor for replica 178714744544926848 with final counter Some(4)
[2026-08-19T14:02:01.618Z INFO  gresse::replica] replica 178714744544926854 observed shutdown descriptor for replica 178714744544926849 with final counter Some(1)
[2026-08-19T14:02:01.831Z INFO  gresse::replica] replica 178714744544926854 observed shutdown descriptor for replica 178714744544926850 with final counter Some(4)
[2026-08-19T14:02:02.046Z INFO  gresse::replica] replica 178714744544926854 observed shutdown descriptor for replica 178714744544926851 with final counter Some(4)
[2026-08-19T14:02:02.260Z INFO  gresse::replica] replica 178714744544926854 observed shutdown descriptor for replica 178714744544926852 with final counter Some(4)
[2026-08-19T14:02:02.473Z INFO  gresse::replica] replica 178714744544926854 observed shutdown descriptor for replica 178714744544926861 with final counter Some(3)
[2026-08-19T14:02:02.686Z INFO  gresse::replica] replica 178714744544926854 observed shutdown descriptor for replica 178714744544926862 with final counter Some(2)
[2026-08-19T14:02:02.898Z INFO  gresse::replica] replica 178714744544926854 observed shutdown descriptor for replica 178714744544926863 with final counter Some(1)
[2026-08-19T14:02:03.108Z INFO  gresse::replica] replica 178714744544926854 observed shutdown descriptor for replica 178714744544926864 with final counter Some(1)
[2026-08-19T14:02:03.532Z INFO  gresse::replica] replica 178714744544926854 observed shutdown descriptor for replica 178714744544926832 with final counter Some(5)
[2026-08-19T14:02:03.746Z INFO  gresse::replica] replica 178714744544926854 observed shutdown descriptor for replica 178714744544926833 with final counter Some(4)
[2026-08-19T14:02:03.960Z INFO  gresse::replica] replica 178714744544926854 observed shutdown descriptor for replica 178714744544926834 with final counter Some(4)
[2026-08-19T14:02:04.173Z INFO  gresse::replica] replica 178714744544926854 observed shutdown descriptor for replica 178714744544926835 with final counter Some(4)
[2026-08-19T14:02:04.384Z INFO  gresse::replica] replica 178714744544926854 observed shutdown descriptor for replica 178714744544926836 with final counter Some(4)
[2026-08-19T14:02:04.599Z INFO  gresse::replica] replica 178714744544926854 observed shutdown descriptor for replica 178714744544926837 with final counter Some(2)
[2026-08-19T14:02:04.813Z INFO  gresse::replica] replica 178714744544926854 observed shutdown descriptor for replica 178714744544926838 with final counter Some(4)
[2026-08-19T14:02:05.023Z INFO  gresse::replica] replica 178714744544926854 observed shutdown descriptor for replica 178714744544926839 with final counter Some(4)
[2026-08-19T14:02:05.236Z INFO  gresse::replica] replica 178714744544926854 observed shutdown descriptor for replica 178714744544926840 with final counter Some(4)
[2026-08-19T14:02:05.450Z INFO  gresse::replica] replica 178714744544926854 observed shutdown descriptor for replica 178714744544926841 with final counter Some(4)
[2026-08-19T14:02:05.660Z INFO  gresse::replica] replica 178714744544926854 observed shutdown descriptor for replica 178714744544926842 with final counter Some(4)
[2026-08-19T14:02:05.871Z INFO  gresse::replica] replica 178714744544926854 observed shutdown descriptor for replica 178714744544926844 with final counter Some(4)
[2026-08-19T14:02:06.082Z INFO  gresse::replica] replica 178714744544926854 observed shutdown descriptor for replica 178714744544926845 with final counter Some(4)
[2026-08-19T14:02:06.290Z INFO  gresse::replica] replica 178714744544926854 observed shutdown descriptor for replica 178714744544926846 with final counter Some(4)
[2026-08-19T14:02:06.502Z INFO  gresse::replica] replica 178714744544926854 observed shutdown descriptor for replica 178714744544926847 with final counter Some(4)
[2026-08-19T14:02:06.715Z INFO  gresse::replica] replica 178714744544926854 observed shutdown descriptor for replica 178714744544926848 with final counter Some(4)
[2026-08-19T14:02:06.927Z INFO  gresse::replica] replica 178714744544926854 observed shutdown descriptor for replica 178714744544926849 with final counter Some(1)
[2026-08-19T14:02:07.141Z INFO  gresse::replica] replica 178714744544926854 observed shutdown descriptor for replica 178714744544926850 with final counter Some(4)
[2026-08-19T14:02:07.353Z INFO  gresse::replica] replica 178714744544926854 observed shutdown descriptor for replica 178714744544926851 with final counter Some(4)
[2026-08-19T14:02:07.565Z INFO  gresse::replica] replica 178714744544926854 observed shutdown descriptor for replica 178714744544926852 with final counter Some(4)
[2026-08-19T14:02:07.777Z INFO  gresse::replica] replica 178714744544926854 observed shutdown descriptor for replica 178714744544926861 with final counter Some(3)
[2026-08-19T14:02:07.990Z INFO  gresse::replica] replica 178714744544926854 observed shutdown descriptor for replica 178714744544926862 with final counter Some(2)
[2026-08-19T14:02:08.201Z INFO  gresse::replica] replica 178714744544926854 observed shutdown descriptor for replica 178714744544926863 with final counter Some(1)
[2026-08-19T14:02:08.413Z INFO  gresse::replica] replica 178714744544926854 observed shutdown descriptor for replica 178714744544926864 with final counter Some(1)
[2026-08-19T14:02:08.838Z INFO  gresse::replica] replica 178714744544926854 observed shutdown descriptor for replica 178714744544926832 with final counter Some(5)
[2026-08-19T14:02:09.055Z INFO  gresse::replica] replica 178714744544926854 observed shutdown descriptor for replica 178714744544926833 with final counter Some(4)
[2026-08-19T14:02:09.266Z INFO  gresse::replica] replica 178714744544926854 observed shutdown descriptor for replica 178714744544926834 with final counter Some(4)
[2026-08-19T14:02:09.481Z INFO  gresse::replica] replica 178714744544926854 observed shutdown descriptor for replica 178714744544926835 with final counter Some(4)
[2026-08-19T14:02:09.694Z INFO  gresse::replica] replica 178714744544926854 observed shutdown descriptor for replica 178714744544926836 with final counter Some(4)
[2026-08-19T14:02:09.908Z INFO  gresse::replica] replica 178714744544926854 observed shutdown descriptor for replica 178714744544926837 with final counter Some(2)
[2026-08-19T14:02:10.124Z INFO  gresse::replica] replica 178714744544926854 observed shutdown descriptor for replica 178714744544926838 with final counter Some(4)
[2026-08-19T14:02:10.332Z INFO  gresse::replica] replica 178714744544926854 observed shutdown descriptor for replica 178714744544926839 with final counter Some(4)
[2026-08-19T14:02:10.545Z INFO  gresse::replica] replica 178714744544926854 observed shutdown descriptor for replica 178714744544926840 with final counter Some(4)
[2026-08-19T14:02:10.759Z INFO  gresse::replica] replica 178714744544926854 observed shutdown descriptor for replica 178714744544926841 with final counter Some(4)
[2026-08-19T14:02:10.967Z INFO  gresse::replica] replica 178714744544926854 observed shutdown descriptor for replica 178714744544926842 with final counter Some(4)
[2026-08-19T14:02:11.179Z INFO  gresse::replica] replica 178714744544926854 observed shutdown descriptor for replica 178714744544926844 with final counter Some(4)
[2026-08-19T14:02:11.392Z INFO  gresse::replica] replica 178714744544926854 observed shutdown descriptor for replica 178714744544926845 with final counter Some(4)
[2026-08-19T14:02:11.604Z INFO  gresse::replica] replica 178714744544926854 observed shutdown descriptor for replica 178714744544926846 with final counter Some(4)
[2026-08-19T14:02:11.818Z INFO  gresse::replica] replica 178714744544926854 observed shutdown descriptor for replica 178714744544926847 with final counter Some(4)
[2026-08-19T14:02:12.029Z INFO  gresse::replica] replica 178714744544926854 observed shutdown descriptor for replica 178714744544926848 with final counter Some(4)
[2026-08-19T14:02:12.241Z INFO  gresse::replica] replica 178714744544926854 observed shutdown descriptor for replica 178714744544926849 with final counter Some(1)
[2026-08-19T14:02:12.454Z INFO  gresse::replica] replica 178714744544926854 observed shutdown descriptor for replica 178714744544926850 with final counter Some(4)
[2026-08-19T14:02:12.665Z INFO  gresse::replica] replica 178714744544926854 observed shutdown descriptor for replica 178714744544926851 with final counter Some(4)
[2026-08-19T14:02:12.879Z INFO  gresse::replica] replica 178714744544926854 observed shutdown descriptor for replica 178714744544926852 with final counter Some(4)
[2026-08-19T14:02:13.093Z INFO  gresse::replica] replica 178714744544926854 observed shutdown descriptor for replica 178714744544926853 with final counter Some(4)
[2026-08-19T14:02:13.308Z INFO  gresse::replica] replica 178714744544926854 observed shutdown descriptor for replica 178714744544926861 with final counter Some(3)
[2026-08-19T14:02:13.521Z INFO  gresse::replica] replica 178714744544926854 observed shutdown descriptor for replica 178714744544926862 with final counter Some(2)
[2026-08-19T14:02:13.735Z INFO  gresse::replica] replica 178714744544926854 observed shutdown descriptor for replica 178714744544926863 with final counter Some(1)
[2026-08-19T14:02:13.947Z INFO  gresse::replica] replica 178714744544926854 observed shutdown descriptor for replica 178714744544926864 with final counter Some(1)
[2026-08-19T14:02:14.377Z INFO  gresse::replica] replica 178714744544926854 observed shutdown descriptor for replica 178714744544926832 with final counter Some(5)
[2026-08-19T14:02:14.591Z INFO  gresse::replica] replica 178714744544926854 observed shutdown descriptor for replica 178714744544926833 with final counter Some(4)
[2026-08-19T14:02:14.801Z INFO  gresse::replica] replica 178714744544926854 observed shutdown descriptor for replica 178714744544926834 with final counter Some(4)
[2026-08-19T14:02:15.014Z INFO  gresse::replica] replica 178714744544926854 observed shutdown descriptor for replica 178714744544926835 with final counter Some(4)
[2026-08-19T14:02:15.227Z INFO  gresse::replica] replica 178714744544926854 observed shutdown descriptor for replica 178714744544926836 with final counter Some(4)
[2026-08-19T14:02:15.439Z INFO  gresse::replica] replica 178714744544926854 observed shutdown descriptor for replica 178714744544926837 with final counter Some(2)
[2026-08-19T14:02:15.652Z INFO  gresse::replica] replica 178714744544926854 observed shutdown descriptor for replica 178714744544926838 with final counter Some(4)
[2026-08-19T14:02:15.866Z INFO  gresse::replica] replica 178714744544926854 observed shutdown descriptor for replica 178714744544926839 with final counter Some(4)
[2026-08-19T14:02:16.078Z INFO  gresse::replica] replica 178714744544926854 observed shutdown descriptor for replica 178714744544926840 with final counter Some(4)
[2026-08-19T14:02:16.290Z INFO  gresse::replica] replica 178714744544926854 observed shutdown descriptor for replica 178714744544926841 with final counter Some(4)
[2026-08-19T14:02:16.501Z INFO  gresse::replica] replica 178714744544926854 observed shutdown descriptor for replica 178714744544926842 with final counter Some(4)
[2026-08-19T14:02:16.715Z INFO  gresse::replica] replica 178714744544926854 observed shutdown descriptor for replica 178714744544926844 with final counter Some(4)
[2026-08-19T14:02:16.930Z INFO  gresse::replica] replica 178714744544926854 observed shutdown descriptor for replica 178714744544926845 with final counter Some(4)
[2026-08-19T14:02:17.142Z INFO  gresse::replica] replica 178714744544926854 observed shutdown descriptor for replica 178714744544926846 with final counter Some(4)
[2026-08-19T14:02:17.354Z INFO  gresse::replica] replica 178714744544926854 observed shutdown descriptor for replica 178714744544926847 with final counter Some(4)
[2026-08-19T14:02:17.958Z INFO  gresse::replica] replica 178714744544926854 observed shutdown descriptor for replica 178714744544926848 with final counter Some(4)
[2026-08-19T14:02:18.172Z INFO  gresse::replica] replica 178714744544926854 observed shutdown descriptor for replica 178714744544926849 with final counter Some(1)
[2026-08-19T14:02:18.385Z INFO  gresse::replica] replica 178714744544926854 observed shutdown descriptor for replica 178714744544926850 with final counter Some(4)
[2026-08-19T14:02:18.598Z INFO  gresse::replica] replica 178714744544926854 observed shutdown descriptor for replica 178714744544926851 with final counter Some(4)
[2026-08-19T14:02:18.813Z INFO  gresse::replica] replica 178714744544926854 observed shutdown descriptor for replica 178714744544926852 with final counter Some(4)
[2026-08-19T14:02:19.033Z INFO  gresse::replica] replica 178714744544926854 observed shutdown descriptor for replica 178714744544926853 with final counter Some(4)
[2026-08-19T14:02:19.247Z INFO  gresse::replica] replica 178714744544926854 observed shutdown descriptor for replica 178714744544926861 with final counter Some(3)
[2026-08-19T14:02:19.457Z INFO  gresse::replica] replica 178714744544926854 observed shutdown descriptor for replica 178714744544926862 with final counter Some(2)
[2026-08-19T14:02:19.673Z INFO  gresse::replica] replica 178714744544926854 observed shutdown descriptor for replica 178714744544926863 with final counter Some(1)
[2026-08-19T14:02:19.889Z INFO  gresse::replica] replica 178714744544926854 observed shutdown descriptor for replica 178714744544926864 with final counter Some(1)
[2026-08-19T14:02:20.102Z INFO  gresse::replica] shutdown signal received for replica 178714744544926854
[2026-08-19T14:02:20.102Z INFO  gresse::replica] replica 178714744544926854 shutting down with 6 connected writers
[2026-08-19T14:02:20.859Z INFO  gresse::http_server] http server received shutdown signal
[2026-08-19T14:02:20.859Z INFO  gresse::http_server] http server shutdown complete
[2026-08-19T14:02:20.859Z INFO  gresse::network] network manager for replica 178714744544926854 shutdown complete
