[2026-08-19T13:53:11.947Z INFO  gresse::http_server] running CRDT HTTP server
[2026-08-19T13:53:11.947Z INFO  gresse::http_server] listening for HTTP on 0.0.0.0:18083
[2026-08-19T13:53:11.978Z INFO  gresse::replica] replica 178714744544926859 initiating runtime at bind_http=0.0.0.0:18083 bind_internal=0.0.0.0:19083 advertised_internal=13.193.126.237:19083
[2026-08-19T13:53:12.744Z INFO  gresse::object_storage] object storage connection established: backend=s3, bucket=gresse-geo-035351467464-20260819104151-566c04, region=eu-north-1, endpoint=AWS default endpoint resolution, first_operation=get, object_path=acm-sec-geo-churn-smoke-20260819T135045Z-25226496/persistent.json
[2026-08-19T13:53:12.956Z INFO  gresse::network] replica 178714744544926859 registered bidirectional network channel for replica 178714744544926853
[2026-08-19T13:53:13.011Z INFO  gresse::replica] replica 178714744544926859 discovered 29 membership descriptors during init
[2026-08-19T13:53:13.011Z INFO  gresse::network] replica 178714744544926859 discovered network member NetworkMember { pid: 178714744544926831, address: 16.170.40.83:19080, final_counter: None }
[2026-08-19T13:53:13.011Z INFO  gresse::network] replica 178714744544926859 discovered network member NetworkMember { pid: 178714744544926832, address: 16.170.40.83:19081, final_counter: None }
[2026-08-19T13:53:13.011Z INFO  gresse::network] replica 178714744544926859 discovered network member NetworkMember { pid: 178714744544926833, address: 16.170.40.83:19082, final_counter: None }
[2026-08-19T13:53:13.011Z INFO  gresse::network] replica 178714744544926859 discovered network member NetworkMember { pid: 178714744544926834, address: 16.170.40.83:19083, final_counter: None }
[2026-08-19T13:53:13.011Z INFO  gresse::network] replica 178714744544926859 discovered network member NetworkMember { pid: 178714744544926835, address: 16.170.40.83:19084, final_counter: None }
[2026-08-19T13:53:13.011Z INFO  gresse::network] replica 178714744544926859 discovered network member NetworkMember { pid: 178714744544926836, address: 63.186.69.1:19080, final_counter: None }
[2026-08-19T13:53:13.011Z INFO  gresse::network] replica 178714744544926859 discovered network member NetworkMember { pid: 178714744544926837, address: 63.186.69.1:19081, final_counter: None }
[2026-08-19T13:53:13.011Z INFO  gresse::network] replica 178714744544926859 discovered network member NetworkMember { pid: 178714744544926838, address: 63.186.69.1:19082, final_counter: None }
[2026-08-19T13:53:13.011Z INFO  gresse::network] replica 178714744544926859 discovered network member NetworkMember { pid: 178714744544926839, address: 63.186.69.1:19083, final_counter: None }
[2026-08-19T13:53:13.011Z INFO  gresse::network] replica 178714744544926859 discovered network member NetworkMember { pid: 178714744544926840, address: 63.186.69.1:19084, final_counter: None }
[2026-08-19T13:53:13.011Z INFO  gresse::network] replica 178714744544926859 discovered network member NetworkMember { pid: 178714744544926841, address: 13.219.225.164:19080, final_counter: None }
[2026-08-19T13:53:13.011Z INFO  gresse::network] replica 178714744544926859 discovered network member NetworkMember { pid: 178714744544926842, address: 13.219.225.164:19081, final_counter: None }
[2026-08-19T13:53:13.011Z INFO  gresse::network] replica 178714744544926859 discovered network member NetworkMember { pid: 178714744544926843, address: 13.219.225.164:19082, final_counter: None }
[2026-08-19T13:53:13.011Z INFO  gresse::network] replica 178714744544926859 discovered network member NetworkMember { pid: 178714744544926844, address: 13.219.225.164:19083, final_counter: None }
[2026-08-19T13:53:13.011Z INFO  gresse::network] replica 178714744544926859 discovered network member NetworkMember { pid: 178714744544926845, address: 13.219.225.164:19084, final_counter: None }
[2026-08-19T13:53:13.011Z INFO  gresse::network] replica 178714744544926859 discovered network member NetworkMember { pid: 178714744544926846, address: 54.184.138.82:19080, final_counter: None }
[2026-08-19T13:53:13.011Z INFO  gresse::network] replica 178714744544926859 discovered network member NetworkMember { pid: 178714744544926847, address: 54.184.138.82:19081, final_counter: None }
[2026-08-19T13:53:13.011Z INFO  gresse::network] replica 178714744544926859 discovered network member NetworkMember { pid: 178714744544926848, address: 54.184.138.82:19082, final_counter: None }
[2026-08-19T13:53:13.011Z INFO  gresse::network] replica 178714744544926859 discovered network member NetworkMember { pid: 178714744544926849, address: 54.184.138.82:19083, final_counter: None }
[2026-08-19T13:53:13.011Z INFO  gresse::network] replica 178714744544926859 discovered network member NetworkMember { pid: 178714744544926850, address: 54.184.138.82:19084, final_counter: None }
[2026-08-19T13:53:13.011Z INFO  gresse::network] replica 178714744544926859 discovered network member NetworkMember { pid: 178714744544926851, address: 47.129.167.193:19080, final_counter: None }
[2026-08-19T13:53:13.011Z INFO  gresse::network] replica 178714744544926859 discovered network member NetworkMember { pid: 178714744544926852, address: 47.129.167.193:19081, final_counter: None }
[2026-08-19T13:53:13.011Z INFO  gresse::network] replica 178714744544926859 discovered network member NetworkMember { pid: 178714744544926854, address: 47.129.167.193:19083, final_counter: None }
[2026-08-19T13:53:13.011Z INFO  gresse::network] replica 178714744544926859 discovered network member NetworkMember { pid: 178714744544926855, address: 47.129.167.193:19084, final_counter: None }
[2026-08-19T13:53:13.011Z INFO  gresse::network] replica 178714744544926859 discovered network member NetworkMember { pid: 178714744544926856, address: 13.193.126.237:19080, final_counter: None }
[2026-08-19T13:53:13.011Z INFO  gresse::network] replica 178714744544926859 discovered network member NetworkMember { pid: 178714744544926857, address: 13.193.126.237:19081, final_counter: None }
[2026-08-19T13:53:13.011Z INFO  gresse::network] replica 178714744544926859 discovered network member NetworkMember { pid: 178714744544926858, address: 13.193.126.237:19082, final_counter: None }
[2026-08-19T13:53:13.012Z INFO  gresse::network] replica 178714744544926859 registered bidirectional network channel for replica 178714744544926858
[2026-08-19T13:53:13.013Z INFO  gresse::network] replica 178714744544926859 registered bidirectional network channel for replica 178714744544926857
[2026-08-19T13:53:13.014Z INFO  gresse::network] replica 178714744544926859 registered bidirectional network channel for replica 178714744544926856
[2026-08-19T13:53:13.014Z INFO  gresse::replica] replica 178714744544926859 startup completed
[2026-08-19T13:53:13.014Z INFO  gresse::replica] replica 178714744544926859 established peer replication connection with replica 178714744544926853
[2026-08-19T13:53:13.014Z INFO  gresse::replica] replica 178714744544926859 established peer replication connection with replica 178714744544926858
[2026-08-19T13:53:13.014Z INFO  gresse::replica] replica 178714744544926859 established peer replication connection with replica 178714744544926857
[2026-08-19T13:53:13.014Z INFO  gresse::replica] replica 178714744544926859 established peer replication connection with replica 178714744544926856
[2026-08-19T13:53:13.147Z INFO  gresse::network] replica 178714744544926859 registered bidirectional network channel for replica 178714744544926851
[2026-08-19T13:53:13.147Z INFO  gresse::replica] replica 178714744544926859 established peer replication connection with replica 178714744544926851
[2026-08-19T13:53:13.148Z INFO  gresse::replica] replica 178714744544926859 established peer replication connection with replica 178714744544926838
[2026-08-19T13:53:13.148Z INFO  gresse::network] replica 178714744544926859 registered bidirectional network channel for replica 178714744544926838
[2026-08-19T13:53:13.148Z INFO  gresse::network] replica 178714744544926859 registered bidirectional network channel for replica 178714744544926854
[2026-08-19T13:53:13.149Z INFO  gresse::replica] replica 178714744544926859 established peer replication connection with replica 178714744544926854
[2026-08-19T13:53:13.151Z INFO  gresse::network] replica 178714744544926859 registered bidirectional network channel for replica 178714744544926855
[2026-08-19T13:53:13.151Z INFO  gresse::replica] replica 178714744544926859 established peer replication connection with replica 178714744544926855
[2026-08-19T13:53:13.152Z INFO  gresse::network] replica 178714744544926859 registered bidirectional network channel for replica 178714744544926852
[2026-08-19T13:53:13.152Z INFO  gresse::replica] replica 178714744544926859 established peer replication connection with replica 178714744544926852
[2026-08-19T13:53:13.207Z INFO  gresse::network] replica 178714744544926859 registered bidirectional network channel for replica 178714744544926847
[2026-08-19T13:53:13.207Z INFO  gresse::replica] replica 178714744544926859 established peer replication connection with replica 178714744544926847
[2026-08-19T13:53:13.207Z INFO  gresse::network] replica 178714744544926859 registered bidirectional network channel for replica 178714744544926849
[2026-08-19T13:53:13.207Z INFO  gresse::replica] replica 178714744544926859 established peer replication connection with replica 178714744544926849
[2026-08-19T13:53:13.207Z INFO  gresse::network] replica 178714744544926859 registered bidirectional network channel for replica 178714744544926848
[2026-08-19T13:53:13.208Z INFO  gresse::replica] replica 178714744544926859 established peer replication connection with replica 178714744544926848
[2026-08-19T13:53:13.208Z INFO  gresse::network] replica 178714744544926859 registered bidirectional network channel for replica 178714744544926846
[2026-08-19T13:53:13.208Z INFO  gresse::replica] replica 178714744544926859 established peer replication connection with replica 178714744544926846
[2026-08-19T13:53:13.208Z INFO  gresse::network] replica 178714744544926859 registered bidirectional network channel for replica 178714744544926850
[2026-08-19T13:53:13.208Z INFO  gresse::replica] replica 178714744544926859 established peer replication connection with replica 178714744544926850
[2026-08-19T13:53:13.266Z INFO  gresse::network] replica 178714744544926859 registered bidirectional network channel for replica 178714744544926832
[2026-08-19T13:53:13.266Z INFO  gresse::replica] replica 178714744544926859 established peer replication connection with replica 178714744544926832
[2026-08-19T13:53:13.304Z INFO  gresse::network] replica 178714744544926859 registered bidirectional network channel for replica 178714744544926844
[2026-08-19T13:53:13.304Z INFO  gresse::replica] replica 178714744544926859 established peer replication connection with replica 178714744544926844
[2026-08-19T13:53:13.310Z INFO  gresse::network] replica 178714744544926859 registered bidirectional network channel for replica 178714744544926842
[2026-08-19T13:53:13.310Z INFO  gresse::replica] replica 178714744544926859 established peer replication connection with replica 178714744544926842
[2026-08-19T13:53:13.311Z INFO  gresse::network] replica 178714744544926859 registered bidirectional network channel for replica 178714744544926845
[2026-08-19T13:53:13.311Z INFO  gresse::replica] replica 178714744544926859 established peer replication connection with replica 178714744544926845
[2026-08-19T13:53:13.311Z INFO  gresse::network] replica 178714744544926859 registered bidirectional network channel for replica 178714744544926843
[2026-08-19T13:53:13.311Z INFO  gresse::replica] replica 178714744544926859 established peer replication connection with replica 178714744544926843
[2026-08-19T13:53:13.318Z INFO  gresse::network] replica 178714744544926859 registered bidirectional network channel for replica 178714744544926841
[2026-08-19T13:53:13.318Z INFO  gresse::replica] replica 178714744544926859 established peer replication connection with replica 178714744544926841
[2026-08-19T13:53:13.459Z INFO  gresse::network] replica 178714744544926859 registered bidirectional network channel for replica 178714744544926840
[2026-08-19T13:53:13.459Z INFO  gresse::replica] replica 178714744544926859 established peer replication connection with replica 178714744544926840
[2026-08-19T13:53:13.459Z INFO  gresse::network] replica 178714744544926859 registered bidirectional network channel for replica 178714744544926839
[2026-08-19T13:53:13.459Z INFO  gresse::replica] replica 178714744544926859 established peer replication connection with replica 178714744544926839
[2026-08-19T13:53:13.460Z INFO  gresse::network] replica 178714744544926859 registered bidirectional network channel for replica 178714744544926836
[2026-08-19T13:53:13.460Z INFO  gresse::replica] replica 178714744544926859 established peer replication connection with replica 178714744544926836
[2026-08-19T13:53:13.490Z INFO  gresse::network] replica 178714744544926859 registered bidirectional network channel for replica 178714744544926837
[2026-08-19T13:53:13.490Z INFO  gresse::replica] replica 178714744544926859 established peer replication connection with replica 178714744544926837
[2026-08-19T13:53:13.495Z INFO  gresse::network] replica 178714744544926859 registered bidirectional network channel for replica 178714744544926834
[2026-08-19T13:53:13.495Z INFO  gresse::replica] replica 178714744544926859 established peer replication connection with replica 178714744544926834
[2026-08-19T13:53:13.496Z INFO  gresse::network] replica 178714744544926859 registered bidirectional network channel for replica 178714744544926831
[2026-08-19T13:53:13.496Z INFO  gresse::replica] replica 178714744544926859 established peer replication connection with replica 178714744544926831
[2026-08-19T13:53:13.499Z INFO  gresse::network] replica 178714744544926859 registered bidirectional network channel for replica 178714744544926835
[2026-08-19T13:53:13.499Z INFO  gresse::replica] replica 178714744544926859 established peer replication connection with replica 178714744544926835
[2026-08-19T13:53:13.501Z INFO  gresse::network] replica 178714744544926859 registered bidirectional network channel for replica 178714744544926833
[2026-08-19T13:53:13.501Z INFO  gresse::replica] replica 178714744544926859 established peer replication connection with replica 178714744544926833
[2026-08-19T13:53:21.294Z INFO  gresse::network] replica 178714744544926859 registered bidirectional network channel for replica 178714744544926860
[2026-08-19T13:53:21.294Z INFO  gresse::replica] replica 178714744544926859 established peer replication connection with replica 178714744544926860
[2026-08-19T13:54:56.015Z WARN  gresse::network] peer connection write failed: Broken pipe (os error 32)
[2026-08-19T13:55:07.016Z WARN  gresse::replica] replica 178714744544926859 deferred pull request to peer 178714744544926843: channel closed
[2026-08-19T13:55:25.815Z INFO  gresse::network] replica 178714744544926859 registered bidirectional network channel for replica 178714744544926861
[2026-08-19T13:55:25.815Z INFO  gresse::replica] replica 178714744544926859 established peer replication connection with replica 178714744544926861
[2026-08-19T13:55:27.241Z INFO  gresse::network] replica 178714744544926859 discovered network member NetworkMember { pid: 178714744544926862, address: 13.219.225.164:19082, final_counter: None }
[2026-08-19T13:55:27.427Z INFO  gresse::network] replica 178714744544926859 registered bidirectional network channel for replica 178714744544926862
[2026-08-19T13:55:27.427Z INFO  gresse::replica] replica 178714744544926859 established peer replication connection with replica 178714744544926862
[2026-08-19T13:56:12.243Z INFO  gresse::replica] replica 178714744544926859 observed shutdown descriptor for replica 178714744544926837 with final counter Some(2)
[2026-08-19T13:56:17.242Z INFO  gresse::replica] replica 178714744544926859 observed shutdown descriptor for replica 178714744544926837 with final counter Some(2)
[2026-08-19T13:56:17.508Z INFO  gresse::replica] replica 178714744544926859 observed shutdown descriptor for replica 178714744544926849 with final counter Some(1)
[2026-08-19T13:56:22.242Z INFO  gresse::replica] replica 178714744544926859 observed shutdown descriptor for replica 178714744544926837 with final counter Some(2)
[2026-08-19T13:56:22.505Z INFO  gresse::replica] replica 178714744544926859 observed shutdown descriptor for replica 178714744544926849 with final counter Some(1)
[2026-08-19T13:56:26.015Z WARN  gresse::network] peer connection write failed: Broken pipe (os error 32)
[2026-08-19T13:56:27.243Z INFO  gresse::replica] replica 178714744544926859 observed shutdown descriptor for replica 178714744544926837 with final counter Some(2)
[2026-08-19T13:56:27.509Z INFO  gresse::replica] replica 178714744544926859 observed shutdown descriptor for replica 178714744544926849 with final counter Some(1)
[2026-08-19T13:56:32.243Z INFO  gresse::replica] replica 178714744544926859 observed shutdown descriptor for replica 178714744544926837 with final counter Some(2)
[2026-08-19T13:56:32.506Z INFO  gresse::replica] replica 178714744544926859 observed shutdown descriptor for replica 178714744544926849 with final counter Some(1)
[2026-08-19T13:56:37.248Z INFO  gresse::replica] replica 178714744544926859 observed shutdown descriptor for replica 178714744544926837 with final counter Some(2)
[2026-08-19T13:56:37.518Z INFO  gresse::replica] replica 178714744544926859 observed shutdown descriptor for replica 178714744544926849 with final counter Some(1)
[2026-08-19T13:56:42.243Z INFO  gresse::replica] replica 178714744544926859 observed shutdown descriptor for replica 178714744544926837 with final counter Some(2)
[2026-08-19T13:56:42.507Z INFO  gresse::replica] replica 178714744544926859 observed shutdown descriptor for replica 178714744544926849 with final counter Some(1)
[2026-08-19T13:56:45.015Z WARN  gresse::replica] replica 178714744544926859 deferred pull request to peer 178714744544926862: channel closed
[2026-08-19T13:56:47.246Z INFO  gresse::replica] replica 178714744544926859 observed shutdown descriptor for replica 178714744544926837 with final counter Some(2)
[2026-08-19T13:56:47.511Z INFO  gresse::replica] replica 178714744544926859 observed shutdown descriptor for replica 178714744544926849 with final counter Some(1)
[2026-08-19T13:56:52.243Z INFO  gresse::replica] replica 178714744544926859 observed shutdown descriptor for replica 178714744544926837 with final counter Some(2)
[2026-08-19T13:56:52.512Z INFO  gresse::replica] replica 178714744544926859 observed shutdown descriptor for replica 178714744544926849 with final counter Some(1)
[2026-08-19T13:56:56.091Z INFO  gresse::network] replica 178714744544926859 registered bidirectional network channel for replica 178714744544926863
[2026-08-19T13:56:56.091Z INFO  gresse::replica] replica 178714744544926859 established peer replication connection with replica 178714744544926863
[2026-08-19T13:56:57.242Z INFO  gresse::replica] replica 178714744544926859 observed shutdown descriptor for replica 178714744544926837 with final counter Some(2)
[2026-08-19T13:56:57.507Z INFO  gresse::replica] replica 178714744544926859 observed shutdown descriptor for replica 178714744544926849 with final counter Some(1)
[2026-08-19T13:56:58.360Z INFO  gresse::network] replica 178714744544926859 registered bidirectional network channel for replica 178714744544926864
[2026-08-19T13:56:58.360Z INFO  gresse::replica] replica 178714744544926859 established peer replication connection with replica 178714744544926864
[2026-08-19T13:57:02.239Z INFO  gresse::replica] replica 178714744544926859 observed shutdown descriptor for replica 178714744544926837 with final counter Some(2)
[2026-08-19T13:57:02.515Z INFO  gresse::replica] replica 178714744544926859 observed shutdown descriptor for replica 178714744544926849 with final counter Some(1)
[2026-08-19T13:57:07.243Z INFO  gresse::replica] replica 178714744544926859 observed shutdown descriptor for replica 178714744544926837 with final counter Some(2)
[2026-08-19T13:57:07.510Z INFO  gresse::replica] replica 178714744544926859 observed shutdown descriptor for replica 178714744544926849 with final counter Some(1)
[2026-08-19T13:57:12.242Z INFO  gresse::replica] replica 178714744544926859 observed shutdown descriptor for replica 178714744544926837 with final counter Some(2)
[2026-08-19T13:57:12.511Z INFO  gresse::replica] replica 178714744544926859 observed shutdown descriptor for replica 178714744544926849 with final counter Some(1)
[2026-08-19T13:57:17.245Z INFO  gresse::replica] replica 178714744544926859 observed shutdown descriptor for replica 178714744544926837 with final counter Some(2)
[2026-08-19T13:57:17.509Z INFO  gresse::replica] replica 178714744544926859 observed shutdown descriptor for replica 178714744544926849 with final counter Some(1)
[2026-08-19T13:57:22.243Z INFO  gresse::replica] replica 178714744544926859 observed shutdown descriptor for replica 178714744544926837 with final counter Some(2)
[2026-08-19T13:57:22.512Z INFO  gresse::replica] replica 178714744544926859 observed shutdown descriptor for replica 178714744544926849 with final counter Some(1)
[2026-08-19T13:57:27.241Z INFO  gresse::replica] replica 178714744544926859 observed shutdown descriptor for replica 178714744544926837 with final counter Some(2)
[2026-08-19T13:57:27.505Z INFO  gresse::replica] replica 178714744544926859 observed shutdown descriptor for replica 178714744544926849 with final counter Some(1)
[2026-08-19T13:57:32.244Z INFO  gresse::replica] replica 178714744544926859 observed shutdown descriptor for replica 178714744544926837 with final counter Some(2)
[2026-08-19T13:57:32.508Z INFO  gresse::replica] replica 178714744544926859 observed shutdown descriptor for replica 178714744544926849 with final counter Some(1)
[2026-08-19T13:57:37.245Z INFO  gresse::replica] replica 178714744544926859 observed shutdown descriptor for replica 178714744544926837 with final counter Some(2)
[2026-08-19T13:57:37.508Z INFO  gresse::replica] replica 178714744544926859 observed shutdown descriptor for replica 178714744544926849 with final counter Some(1)
[2026-08-19T13:57:42.246Z INFO  gresse::replica] replica 178714744544926859 observed shutdown descriptor for replica 178714744544926837 with final counter Some(2)
[2026-08-19T13:57:42.512Z INFO  gresse::replica] replica 178714744544926859 observed shutdown descriptor for replica 178714744544926849 with final counter Some(1)
[2026-08-19T13:57:47.245Z INFO  gresse::replica] replica 178714744544926859 observed shutdown descriptor for replica 178714744544926837 with final counter Some(2)
[2026-08-19T13:57:47.512Z INFO  gresse::replica] replica 178714744544926859 observed shutdown descriptor for replica 178714744544926849 with final counter Some(1)
[2026-08-19T13:57:52.238Z INFO  gresse::replica] replica 178714744544926859 observed shutdown descriptor for replica 178714744544926837 with final counter Some(2)
[2026-08-19T13:57:52.506Z INFO  gresse::replica] replica 178714744544926859 observed shutdown descriptor for replica 178714744544926849 with final counter Some(1)
[2026-08-19T13:57:57.243Z INFO  gresse::replica] replica 178714744544926859 observed shutdown descriptor for replica 178714744544926837 with final counter Some(2)
[2026-08-19T13:57:57.504Z INFO  gresse::replica] replica 178714744544926859 observed shutdown descriptor for replica 178714744544926849 with final counter Some(1)
[2026-08-19T13:58:02.244Z INFO  gresse::replica] replica 178714744544926859 observed shutdown descriptor for replica 178714744544926837 with final counter Some(2)
[2026-08-19T13:58:02.515Z INFO  gresse::replica] replica 178714744544926859 observed shutdown descriptor for replica 178714744544926849 with final counter Some(1)
[2026-08-19T13:58:07.266Z INFO  gresse::replica] replica 178714744544926859 observed shutdown descriptor for replica 178714744544926837 with final counter Some(2)
[2026-08-19T13:58:07.528Z INFO  gresse::replica] replica 178714744544926859 observed shutdown descriptor for replica 178714744544926849 with final counter Some(1)
[2026-08-19T13:58:12.250Z INFO  gresse::replica] replica 178714744544926859 observed shutdown descriptor for replica 178714744544926837 with final counter Some(2)
[2026-08-19T13:58:12.520Z INFO  gresse::replica] replica 178714744544926859 observed shutdown descriptor for replica 178714744544926849 with final counter Some(1)
[2026-08-19T13:58:17.250Z INFO  gresse::replica] replica 178714744544926859 observed shutdown descriptor for replica 178714744544926837 with final counter Some(2)
[2026-08-19T13:58:17.518Z INFO  gresse::replica] replica 178714744544926859 observed shutdown descriptor for replica 178714744544926849 with final counter Some(1)
[2026-08-19T13:58:22.247Z INFO  gresse::replica] replica 178714744544926859 observed shutdown descriptor for replica 178714744544926837 with final counter Some(2)
[2026-08-19T13:58:22.518Z INFO  gresse::replica] replica 178714744544926859 observed shutdown descriptor for replica 178714744544926849 with final counter Some(1)
[2026-08-19T13:58:27.250Z INFO  gresse::replica] replica 178714744544926859 observed shutdown descriptor for replica 178714744544926837 with final counter Some(2)
[2026-08-19T13:58:27.517Z INFO  gresse::replica] replica 178714744544926859 observed shutdown descriptor for replica 178714744544926849 with final counter Some(1)
[2026-08-19T13:58:32.251Z INFO  gresse::replica] replica 178714744544926859 observed shutdown descriptor for replica 178714744544926837 with final counter Some(2)
[2026-08-19T13:58:32.519Z INFO  gresse::replica] replica 178714744544926859 observed shutdown descriptor for replica 178714744544926849 with final counter Some(1)
[2026-08-19T13:58:37.247Z INFO  gresse::replica] replica 178714744544926859 observed shutdown descriptor for replica 178714744544926837 with final counter Some(2)
[2026-08-19T13:58:37.511Z INFO  gresse::replica] replica 178714744544926859 observed shutdown descriptor for replica 178714744544926849 with final counter Some(1)
[2026-08-19T13:58:42.245Z INFO  gresse::replica] replica 178714744544926859 observed shutdown descriptor for replica 178714744544926837 with final counter Some(2)
[2026-08-19T13:58:42.512Z INFO  gresse::replica] replica 178714744544926859 observed shutdown descriptor for replica 178714744544926849 with final counter Some(1)
[2026-08-19T13:58:47.246Z INFO  gresse::replica] replica 178714744544926859 observed shutdown descriptor for replica 178714744544926837 with final counter Some(2)
[2026-08-19T13:58:47.511Z INFO  gresse::replica] replica 178714744544926859 observed shutdown descriptor for replica 178714744544926849 with final counter Some(1)
[2026-08-19T13:58:52.245Z INFO  gresse::replica] replica 178714744544926859 observed shutdown descriptor for replica 178714744544926837 with final counter Some(2)
[2026-08-19T13:58:52.512Z INFO  gresse::replica] replica 178714744544926859 observed shutdown descriptor for replica 178714744544926849 with final counter Some(1)
[2026-08-19T13:58:57.244Z INFO  gresse::replica] replica 178714744544926859 observed shutdown descriptor for replica 178714744544926837 with final counter Some(2)
[2026-08-19T13:58:57.513Z INFO  gresse::replica] replica 178714744544926859 observed shutdown descriptor for replica 178714744544926849 with final counter Some(1)
[2026-08-19T13:59:02.270Z INFO  gresse::replica] replica 178714744544926859 observed shutdown descriptor for replica 178714744544926837 with final counter Some(2)
[2026-08-19T13:59:02.534Z INFO  gresse::replica] replica 178714744544926859 observed shutdown descriptor for replica 178714744544926849 with final counter Some(1)
[2026-08-19T13:59:07.495Z INFO  gresse::replica] replica 178714744544926859 observed shutdown descriptor for replica 178714744544926837 with final counter Some(2)
[2026-08-19T13:59:07.762Z INFO  gresse::replica] replica 178714744544926859 observed shutdown descriptor for replica 178714744544926849 with final counter Some(1)
[2026-08-19T13:59:12.252Z INFO  gresse::replica] replica 178714744544926859 observed shutdown descriptor for replica 178714744544926837 with final counter Some(2)
[2026-08-19T13:59:12.521Z INFO  gresse::replica] replica 178714744544926859 observed shutdown descriptor for replica 178714744544926849 with final counter Some(1)
[2026-08-19T13:59:17.252Z INFO  gresse::replica] replica 178714744544926859 observed shutdown descriptor for replica 178714744544926837 with final counter Some(2)
[2026-08-19T13:59:17.521Z INFO  gresse::replica] replica 178714744544926859 observed shutdown descriptor for replica 178714744544926849 with final counter Some(1)
[2026-08-19T13:59:22.255Z INFO  gresse::replica] replica 178714744544926859 observed shutdown descriptor for replica 178714744544926837 with final counter Some(2)
[2026-08-19T13:59:22.521Z INFO  gresse::replica] replica 178714744544926859 observed shutdown descriptor for replica 178714744544926849 with final counter Some(1)
[2026-08-19T13:59:27.252Z INFO  gresse::replica] replica 178714744544926859 observed shutdown descriptor for replica 178714744544926837 with final counter Some(2)
[2026-08-19T13:59:27.518Z INFO  gresse::replica] replica 178714744544926859 observed shutdown descriptor for replica 178714744544926849 with final counter Some(1)
[2026-08-19T13:59:32.253Z INFO  gresse::replica] replica 178714744544926859 observed shutdown descriptor for replica 178714744544926837 with final counter Some(2)
[2026-08-19T13:59:32.519Z INFO  gresse::replica] replica 178714744544926859 observed shutdown descriptor for replica 178714744544926849 with final counter Some(1)
[2026-08-19T13:59:37.244Z INFO  gresse::replica] replica 178714744544926859 observed shutdown descriptor for replica 178714744544926837 with final counter Some(2)
[2026-08-19T13:59:37.510Z INFO  gresse::replica] replica 178714744544926859 observed shutdown descriptor for replica 178714744544926849 with final counter Some(1)
[2026-08-19T13:59:42.253Z INFO  gresse::replica] replica 178714744544926859 observed shutdown descriptor for replica 178714744544926837 with final counter Some(2)
[2026-08-19T13:59:42.521Z INFO  gresse::replica] replica 178714744544926859 observed shutdown descriptor for replica 178714744544926849 with final counter Some(1)
[2026-08-19T13:59:47.258Z INFO  gresse::replica] replica 178714744544926859 observed shutdown descriptor for replica 178714744544926837 with final counter Some(2)
[2026-08-19T13:59:47.522Z INFO  gresse::replica] replica 178714744544926859 observed shutdown descriptor for replica 178714744544926849 with final counter Some(1)
[2026-08-19T13:59:52.261Z INFO  gresse::replica] replica 178714744544926859 observed shutdown descriptor for replica 178714744544926837 with final counter Some(2)
[2026-08-19T13:59:52.530Z INFO  gresse::replica] replica 178714744544926859 observed shutdown descriptor for replica 178714744544926849 with final counter Some(1)
[2026-08-19T13:59:57.256Z INFO  gresse::replica] replica 178714744544926859 observed shutdown descriptor for replica 178714744544926837 with final counter Some(2)
[2026-08-19T13:59:57.525Z INFO  gresse::replica] replica 178714744544926859 observed shutdown descriptor for replica 178714744544926849 with final counter Some(1)
[2026-08-19T14:00:02.251Z INFO  gresse::replica] replica 178714744544926859 observed shutdown descriptor for replica 178714744544926837 with final counter Some(2)
[2026-08-19T14:00:02.521Z INFO  gresse::replica] replica 178714744544926859 observed shutdown descriptor for replica 178714744544926849 with final counter Some(1)
[2026-08-19T14:00:07.501Z INFO  gresse::replica] replica 178714744544926859 observed shutdown descriptor for replica 178714744544926832 with final counter Some(5)
[2026-08-19T14:00:07.767Z INFO  gresse::replica] replica 178714744544926859 observed shutdown descriptor for replica 178714744544926837 with final counter Some(2)
[2026-08-19T14:00:08.038Z INFO  gresse::replica] replica 178714744544926859 observed shutdown descriptor for replica 178714744544926849 with final counter Some(1)
[2026-08-19T14:00:08.303Z INFO  gresse::replica] replica 178714744544926859 observed shutdown descriptor for replica 178714744544926861 with final counter Some(3)
[2026-08-19T14:00:12.258Z INFO  gresse::replica] replica 178714744544926859 observed shutdown descriptor for replica 178714744544926832 with final counter Some(5)
[2026-08-19T14:00:12.525Z INFO  gresse::replica] replica 178714744544926859 observed shutdown descriptor for replica 178714744544926833 with final counter Some(4)
[2026-08-19T14:00:12.791Z INFO  gresse::replica] replica 178714744544926859 observed shutdown descriptor for replica 178714744544926834 with final counter Some(4)
[2026-08-19T14:00:13.057Z INFO  gresse::replica] replica 178714744544926859 observed shutdown descriptor for replica 178714744544926835 with final counter Some(4)
[2026-08-19T14:00:13.321Z INFO  gresse::replica] replica 178714744544926859 observed shutdown descriptor for replica 178714744544926836 with final counter Some(4)
[2026-08-19T14:00:13.589Z INFO  gresse::replica] replica 178714744544926859 observed shutdown descriptor for replica 178714744544926837 with final counter Some(2)
[2026-08-19T14:00:13.853Z INFO  gresse::replica] replica 178714744544926859 observed shutdown descriptor for replica 178714744544926849 with final counter Some(1)
[2026-08-19T14:00:14.123Z INFO  gresse::replica] replica 178714744544926859 observed shutdown descriptor for replica 178714744544926861 with final counter Some(3)
[2026-08-19T14:00:14.388Z INFO  gresse::replica] replica 178714744544926859 observed shutdown descriptor for replica 178714744544926863 with final counter Some(1)
[2026-08-19T14:00:17.254Z INFO  gresse::replica] replica 178714744544926859 observed shutdown descriptor for replica 178714744544926832 with final counter Some(5)
[2026-08-19T14:00:17.521Z INFO  gresse::replica] replica 178714744544926859 observed shutdown descriptor for replica 178714744544926833 with final counter Some(4)
[2026-08-19T14:00:17.786Z INFO  gresse::replica] replica 178714744544926859 observed shutdown descriptor for replica 178714744544926834 with final counter Some(4)
[2026-08-19T14:00:18.053Z INFO  gresse::replica] replica 178714744544926859 observed shutdown descriptor for replica 178714744544926835 with final counter Some(4)
[2026-08-19T14:00:18.321Z INFO  gresse::replica] replica 178714744544926859 observed shutdown descriptor for replica 178714744544926836 with final counter Some(4)
[2026-08-19T14:00:18.590Z INFO  gresse::replica] replica 178714744544926859 observed shutdown descriptor for replica 178714744544926837 with final counter Some(2)
[2026-08-19T14:00:18.856Z INFO  gresse::replica] replica 178714744544926859 observed shutdown descriptor for replica 178714744544926838 with final counter Some(4)
[2026-08-19T14:00:19.124Z INFO  gresse::replica] replica 178714744544926859 observed shutdown descriptor for replica 178714744544926839 with final counter Some(4)
[2026-08-19T14:00:19.393Z INFO  gresse::replica] replica 178714744544926859 observed shutdown descriptor for replica 178714744544926840 with final counter Some(4)
[2026-08-19T14:00:19.659Z INFO  gresse::replica] replica 178714744544926859 observed shutdown descriptor for replica 178714744544926849 with final counter Some(1)
[2026-08-19T14:00:19.927Z INFO  gresse::replica] replica 178714744544926859 observed shutdown descriptor for replica 178714744544926861 with final counter Some(3)
[2026-08-19T14:00:20.197Z INFO  gresse::replica] replica 178714744544926859 observed shutdown descriptor for replica 178714744544926863 with final counter Some(1)
[2026-08-19T14:00:22.266Z INFO  gresse::replica] replica 178714744544926859 observed shutdown descriptor for replica 178714744544926832 with final counter Some(5)
[2026-08-19T14:00:22.533Z INFO  gresse::replica] replica 178714744544926859 observed shutdown descriptor for replica 178714744544926833 with final counter Some(4)
[2026-08-19T14:00:22.798Z INFO  gresse::replica] replica 178714744544926859 observed shutdown descriptor for replica 178714744544926834 with final counter Some(4)
[2026-08-19T14:00:23.061Z INFO  gresse::replica] replica 178714744544926859 observed shutdown descriptor for replica 178714744544926835 with final counter Some(4)
[2026-08-19T14:00:23.327Z INFO  gresse::replica] replica 178714744544926859 observed shutdown descriptor for replica 178714744544926836 with final counter Some(4)
[2026-08-19T14:00:23.595Z INFO  gresse::replica] replica 178714744544926859 observed shutdown descriptor for replica 178714744544926837 with final counter Some(2)
[2026-08-19T14:00:23.861Z INFO  gresse::replica] replica 178714744544926859 observed shutdown descriptor for replica 178714744544926838 with final counter Some(4)
[2026-08-19T14:00:24.131Z INFO  gresse::replica] replica 178714744544926859 observed shutdown descriptor for replica 178714744544926839 with final counter Some(4)
[2026-08-19T14:00:24.394Z INFO  gresse::replica] replica 178714744544926859 observed shutdown descriptor for replica 178714744544926840 with final counter Some(4)
[2026-08-19T14:00:24.664Z INFO  gresse::replica] replica 178714744544926859 observed shutdown descriptor for replica 178714744544926841 with final counter Some(4)
[2026-08-19T14:00:24.933Z INFO  gresse::replica] replica 178714744544926859 observed shutdown descriptor for replica 178714744544926849 with final counter Some(1)
[2026-08-19T14:00:25.197Z INFO  gresse::replica] replica 178714744544926859 observed shutdown descriptor for replica 178714744544926861 with final counter Some(3)
[2026-08-19T14:00:25.461Z INFO  gresse::replica] replica 178714744544926859 observed shutdown descriptor for replica 178714744544926863 with final counter Some(1)
[2026-08-19T14:00:27.256Z INFO  gresse::replica] replica 178714744544926859 observed shutdown descriptor for replica 178714744544926832 with final counter Some(5)
[2026-08-19T14:00:27.523Z INFO  gresse::replica] replica 178714744544926859 observed shutdown descriptor for replica 178714744544926833 with final counter Some(4)
[2026-08-19T14:00:27.790Z INFO  gresse::replica] replica 178714744544926859 observed shutdown descriptor for replica 178714744544926834 with final counter Some(4)
[2026-08-19T14:00:28.058Z INFO  gresse::replica] replica 178714744544926859 observed shutdown descriptor for replica 178714744544926835 with final counter Some(4)
[2026-08-19T14:00:28.327Z INFO  gresse::replica] replica 178714744544926859 observed shutdown descriptor for replica 178714744544926836 with final counter Some(4)
[2026-08-19T14:00:28.592Z INFO  gresse::replica] replica 178714744544926859 observed shutdown descriptor for replica 178714744544926837 with final counter Some(2)
[2026-08-19T14:00:28.860Z INFO  gresse::replica] replica 178714744544926859 observed shutdown descriptor for replica 178714744544926838 with final counter Some(4)
[2026-08-19T14:00:29.127Z INFO  gresse::replica] replica 178714744544926859 observed shutdown descriptor for replica 178714744544926839 with final counter Some(4)
[2026-08-19T14:00:29.391Z INFO  gresse::replica] replica 178714744544926859 observed shutdown descriptor for replica 178714744544926840 with final counter Some(4)
[2026-08-19T14:00:29.659Z INFO  gresse::replica] replica 178714744544926859 observed shutdown descriptor for replica 178714744544926841 with final counter Some(4)
[2026-08-19T14:00:29.924Z INFO  gresse::replica] replica 178714744544926859 observed shutdown descriptor for replica 178714744544926842 with final counter Some(4)
[2026-08-19T14:00:30.191Z INFO  gresse::replica] replica 178714744544926859 observed shutdown descriptor for replica 178714744544926849 with final counter Some(1)
[2026-08-19T14:00:30.459Z INFO  gresse::replica] replica 178714744544926859 observed shutdown descriptor for replica 178714744544926861 with final counter Some(3)
[2026-08-19T14:00:30.742Z INFO  gresse::replica] replica 178714744544926859 observed shutdown descriptor for replica 178714744544926863 with final counter Some(1)
[2026-08-19T14:00:32.254Z INFO  gresse::replica] replica 178714744544926859 observed shutdown descriptor for replica 178714744544926832 with final counter Some(5)
[2026-08-19T14:00:32.522Z INFO  gresse::replica] replica 178714744544926859 observed shutdown descriptor for replica 178714744544926833 with final counter Some(4)
[2026-08-19T14:00:32.792Z INFO  gresse::replica] replica 178714744544926859 observed shutdown descriptor for replica 178714744544926834 with final counter Some(4)
[2026-08-19T14:00:33.059Z INFO  gresse::replica] replica 178714744544926859 observed shutdown descriptor for replica 178714744544926835 with final counter Some(4)
[2026-08-19T14:00:33.818Z INFO  gresse::replica] replica 178714744544926859 observed shutdown descriptor for replica 178714744544926836 with final counter Some(4)
[2026-08-19T14:00:34.084Z INFO  gresse::replica] replica 178714744544926859 observed shutdown descriptor for replica 178714744544926837 with final counter Some(2)
[2026-08-19T14:00:34.349Z INFO  gresse::replica] replica 178714744544926859 observed shutdown descriptor for replica 178714744544926838 with final counter Some(4)
[2026-08-19T14:00:34.613Z INFO  gresse::replica] replica 178714744544926859 observed shutdown descriptor for replica 178714744544926839 with final counter Some(4)
[2026-08-19T14:00:34.876Z INFO  gresse::replica] replica 178714744544926859 observed shutdown descriptor for replica 178714744544926840 with final counter Some(4)
[2026-08-19T14:00:35.143Z INFO  gresse::replica] replica 178714744544926859 observed shutdown descriptor for replica 178714744544926841 with final counter Some(4)
[2026-08-19T14:00:35.407Z INFO  gresse::replica] replica 178714744544926859 observed shutdown descriptor for replica 178714744544926842 with final counter Some(4)
[2026-08-19T14:00:35.669Z INFO  gresse::replica] replica 178714744544926859 observed shutdown descriptor for replica 178714744544926849 with final counter Some(1)
[2026-08-19T14:00:35.938Z INFO  gresse::replica] replica 178714744544926859 observed shutdown descriptor for replica 178714744544926861 with final counter Some(3)
[2026-08-19T14:00:36.207Z INFO  gresse::replica] replica 178714744544926859 observed shutdown descriptor for replica 178714744544926862 with final counter Some(2)
[2026-08-19T14:00:36.470Z INFO  gresse::replica] replica 178714744544926859 observed shutdown descriptor for replica 178714744544926863 with final counter Some(1)
[2026-08-19T14:00:37.494Z INFO  gresse::replica] replica 178714744544926859 observed shutdown descriptor for replica 178714744544926832 with final counter Some(5)
[2026-08-19T14:00:37.761Z INFO  gresse::replica] replica 178714744544926859 observed shutdown descriptor for replica 178714744544926833 with final counter Some(4)
[2026-08-19T14:00:38.030Z INFO  gresse::replica] replica 178714744544926859 observed shutdown descriptor for replica 178714744544926834 with final counter Some(4)
[2026-08-19T14:00:38.298Z INFO  gresse::replica] replica 178714744544926859 observed shutdown descriptor for replica 178714744544926835 with final counter Some(4)
[2026-08-19T14:00:38.563Z INFO  gresse::replica] replica 178714744544926859 observed shutdown descriptor for replica 178714744544926836 with final counter Some(4)
[2026-08-19T14:00:38.830Z INFO  gresse::replica] replica 178714744544926859 observed shutdown descriptor for replica 178714744544926837 with final counter Some(2)
[2026-08-19T14:00:39.098Z INFO  gresse::replica] replica 178714744544926859 observed shutdown descriptor for replica 178714744544926838 with final counter Some(4)
[2026-08-19T14:00:39.361Z INFO  gresse::replica] replica 178714744544926859 observed shutdown descriptor for replica 178714744544926839 with final counter Some(4)
[2026-08-19T14:00:39.626Z INFO  gresse::replica] replica 178714744544926859 observed shutdown descriptor for replica 178714744544926840 with final counter Some(4)
[2026-08-19T14:00:39.893Z INFO  gresse::replica] replica 178714744544926859 observed shutdown descriptor for replica 178714744544926841 with final counter Some(4)
[2026-08-19T14:00:40.161Z INFO  gresse::replica] replica 178714744544926859 observed shutdown descriptor for replica 178714744544926842 with final counter Some(4)
[2026-08-19T14:00:40.424Z INFO  gresse::replica] replica 178714744544926859 observed shutdown descriptor for replica 178714744544926844 with final counter Some(4)
[2026-08-19T14:00:40.686Z INFO  gresse::replica] replica 178714744544926859 observed shutdown descriptor for replica 178714744544926849 with final counter Some(1)
[2026-08-19T14:00:40.951Z INFO  gresse::replica] replica 178714744544926859 observed shutdown descriptor for replica 178714744544926861 with final counter Some(3)
[2026-08-19T14:00:41.215Z INFO  gresse::replica] replica 178714744544926859 observed shutdown descriptor for replica 178714744544926862 with final counter Some(2)
[2026-08-19T14:00:41.482Z INFO  gresse::replica] replica 178714744544926859 observed shutdown descriptor for replica 178714744544926863 with final counter Some(1)
[2026-08-19T14:00:42.498Z INFO  gresse::replica] replica 178714744544926859 observed shutdown descriptor for replica 178714744544926832 with final counter Some(5)
[2026-08-19T14:00:42.766Z INFO  gresse::replica] replica 178714744544926859 observed shutdown descriptor for replica 178714744544926833 with final counter Some(4)
[2026-08-19T14:00:43.029Z INFO  gresse::replica] replica 178714744544926859 observed shutdown descriptor for replica 178714744544926834 with final counter Some(4)
[2026-08-19T14:00:43.295Z INFO  gresse::replica] replica 178714744544926859 observed shutdown descriptor for replica 178714744544926835 with final counter Some(4)
[2026-08-19T14:00:43.562Z INFO  gresse::replica] replica 178714744544926859 observed shutdown descriptor for replica 178714744544926836 with final counter Some(4)
[2026-08-19T14:00:43.829Z INFO  gresse::replica] replica 178714744544926859 observed shutdown descriptor for replica 178714744544926837 with final counter Some(2)
[2026-08-19T14:00:44.095Z INFO  gresse::replica] replica 178714744544926859 observed shutdown descriptor for replica 178714744544926838 with final counter Some(4)
[2026-08-19T14:00:44.360Z INFO  gresse::replica] replica 178714744544926859 observed shutdown descriptor for replica 178714744544926839 with final counter Some(4)
[2026-08-19T14:00:44.629Z INFO  gresse::replica] replica 178714744544926859 observed shutdown descriptor for replica 178714744544926840 with final counter Some(4)
[2026-08-19T14:00:44.891Z INFO  gresse::replica] replica 178714744544926859 observed shutdown descriptor for replica 178714744544926841 with final counter Some(4)
[2026-08-19T14:00:45.157Z INFO  gresse::replica] replica 178714744544926859 observed shutdown descriptor for replica 178714744544926842 with final counter Some(4)
[2026-08-19T14:00:45.424Z INFO  gresse::replica] replica 178714744544926859 observed shutdown descriptor for replica 178714744544926844 with final counter Some(4)
[2026-08-19T14:00:45.693Z INFO  gresse::replica] replica 178714744544926859 observed shutdown descriptor for replica 178714744544926845 with final counter Some(4)
[2026-08-19T14:00:45.959Z INFO  gresse::replica] replica 178714744544926859 observed shutdown descriptor for replica 178714744544926849 with final counter Some(1)
[2026-08-19T14:00:46.220Z INFO  gresse::replica] replica 178714744544926859 observed shutdown descriptor for replica 178714744544926861 with final counter Some(3)
[2026-08-19T14:00:46.490Z INFO  gresse::replica] replica 178714744544926859 observed shutdown descriptor for replica 178714744544926862 with final counter Some(2)
[2026-08-19T14:00:46.755Z INFO  gresse::replica] replica 178714744544926859 observed shutdown descriptor for replica 178714744544926863 with final counter Some(1)
[2026-08-19T14:00:47.293Z INFO  gresse::replica] replica 178714744544926859 observed shutdown descriptor for replica 178714744544926832 with final counter Some(5)
[2026-08-19T14:00:47.561Z INFO  gresse::replica] replica 178714744544926859 observed shutdown descriptor for replica 178714744544926833 with final counter Some(4)
[2026-08-19T14:00:47.831Z INFO  gresse::replica] replica 178714744544926859 observed shutdown descriptor for replica 178714744544926834 with final counter Some(4)
[2026-08-19T14:00:48.096Z INFO  gresse::replica] replica 178714744544926859 observed shutdown descriptor for replica 178714744544926835 with final counter Some(4)
[2026-08-19T14:00:48.363Z INFO  gresse::replica] replica 178714744544926859 observed shutdown descriptor for replica 178714744544926836 with final counter Some(4)
[2026-08-19T14:00:48.629Z INFO  gresse::replica] replica 178714744544926859 observed shutdown descriptor for replica 178714744544926837 with final counter Some(2)
[2026-08-19T14:00:48.893Z INFO  gresse::replica] replica 178714744544926859 observed shutdown descriptor for replica 178714744544926838 with final counter Some(4)
[2026-08-19T14:00:49.160Z INFO  gresse::replica] replica 178714744544926859 observed shutdown descriptor for replica 178714744544926839 with final counter Some(4)
[2026-08-19T14:00:49.428Z INFO  gresse::replica] replica 178714744544926859 observed shutdown descriptor for replica 178714744544926840 with final counter Some(4)
[2026-08-19T14:00:49.695Z INFO  gresse::replica] replica 178714744544926859 observed shutdown descriptor for replica 178714744544926841 with final counter Some(4)
[2026-08-19T14:00:49.962Z INFO  gresse::replica] replica 178714744544926859 observed shutdown descriptor for replica 178714744544926842 with final counter Some(4)
[2026-08-19T14:00:50.228Z INFO  gresse::replica] replica 178714744544926859 observed shutdown descriptor for replica 178714744544926844 with final counter Some(4)
[2026-08-19T14:00:50.497Z INFO  gresse::replica] replica 178714744544926859 observed shutdown descriptor for replica 178714744544926845 with final counter Some(4)
[2026-08-19T14:00:50.764Z INFO  gresse::replica] replica 178714744544926859 observed shutdown descriptor for replica 178714744544926846 with final counter Some(4)
[2026-08-19T14:00:51.027Z INFO  gresse::replica] replica 178714744544926859 observed shutdown descriptor for replica 178714744544926849 with final counter Some(1)
[2026-08-19T14:00:51.290Z INFO  gresse::replica] replica 178714744544926859 observed shutdown descriptor for replica 178714744544926861 with final counter Some(3)
[2026-08-19T14:00:51.555Z INFO  gresse::replica] replica 178714744544926859 observed shutdown descriptor for replica 178714744544926862 with final counter Some(2)
[2026-08-19T14:00:51.821Z INFO  gresse::replica] replica 178714744544926859 observed shutdown descriptor for replica 178714744544926863 with final counter Some(1)
[2026-08-19T14:00:52.351Z INFO  gresse::replica] replica 178714744544926859 observed shutdown descriptor for replica 178714744544926832 with final counter Some(5)
[2026-08-19T14:00:52.614Z INFO  gresse::replica] replica 178714744544926859 observed shutdown descriptor for replica 178714744544926833 with final counter Some(4)
[2026-08-19T14:00:52.880Z INFO  gresse::replica] replica 178714744544926859 observed shutdown descriptor for replica 178714744544926834 with final counter Some(4)
[2026-08-19T14:00:53.148Z INFO  gresse::replica] replica 178714744544926859 observed shutdown descriptor for replica 178714744544926835 with final counter Some(4)
[2026-08-19T14:00:53.412Z INFO  gresse::replica] replica 178714744544926859 observed shutdown descriptor for replica 178714744544926836 with final counter Some(4)
[2026-08-19T14:00:53.677Z INFO  gresse::replica] replica 178714744544926859 observed shutdown descriptor for replica 178714744544926837 with final counter Some(2)
[2026-08-19T14:00:53.947Z INFO  gresse::replica] replica 178714744544926859 observed shutdown descriptor for replica 178714744544926838 with final counter Some(4)
[2026-08-19T14:00:54.209Z INFO  gresse::replica] replica 178714744544926859 observed shutdown descriptor for replica 178714744544926839 with final counter Some(4)
[2026-08-19T14:00:54.475Z INFO  gresse::replica] replica 178714744544926859 observed shutdown descriptor for replica 178714744544926840 with final counter Some(4)
[2026-08-19T14:00:54.742Z INFO  gresse::replica] replica 178714744544926859 observed shutdown descriptor for replica 178714744544926841 with final counter Some(4)
[2026-08-19T14:00:55.008Z INFO  gresse::replica] replica 178714744544926859 observed shutdown descriptor for replica 178714744544926842 with final counter Some(4)
[2026-08-19T14:00:55.274Z INFO  gresse::replica] replica 178714744544926859 observed shutdown descriptor for replica 178714744544926844 with final counter Some(4)
[2026-08-19T14:00:55.541Z INFO  gresse::replica] replica 178714744544926859 observed shutdown descriptor for replica 178714744544926845 with final counter Some(4)
[2026-08-19T14:00:55.804Z INFO  gresse::replica] replica 178714744544926859 observed shutdown descriptor for replica 178714744544926846 with final counter Some(4)
[2026-08-19T14:00:56.069Z INFO  gresse::replica] replica 178714744544926859 observed shutdown descriptor for replica 178714744544926849 with final counter Some(1)
[2026-08-19T14:00:56.332Z INFO  gresse::replica] replica 178714744544926859 observed shutdown descriptor for replica 178714744544926861 with final counter Some(3)
[2026-08-19T14:00:56.602Z INFO  gresse::replica] replica 178714744544926859 observed shutdown descriptor for replica 178714744544926862 with final counter Some(2)
[2026-08-19T14:00:56.871Z INFO  gresse::replica] replica 178714744544926859 observed shutdown descriptor for replica 178714744544926863 with final counter Some(1)
[2026-08-19T14:00:57.415Z INFO  gresse::replica] replica 178714744544926859 observed shutdown descriptor for replica 178714744544926832 with final counter Some(5)
[2026-08-19T14:00:57.683Z INFO  gresse::replica] replica 178714744544926859 observed shutdown descriptor for replica 178714744544926833 with final counter Some(4)
[2026-08-19T14:00:57.949Z INFO  gresse::replica] replica 178714744544926859 observed shutdown descriptor for replica 178714744544926834 with final counter Some(4)
[2026-08-19T14:00:58.215Z INFO  gresse::replica] replica 178714744544926859 observed shutdown descriptor for replica 178714744544926835 with final counter Some(4)
[2026-08-19T14:00:58.482Z INFO  gresse::replica] replica 178714744544926859 observed shutdown descriptor for replica 178714744544926836 with final counter Some(4)
[2026-08-19T14:00:58.759Z INFO  gresse::replica] replica 178714744544926859 observed shutdown descriptor for replica 178714744544926837 with final counter Some(2)
[2026-08-19T14:00:59.025Z INFO  gresse::replica] replica 178714744544926859 observed shutdown descriptor for replica 178714744544926838 with final counter Some(4)
[2026-08-19T14:00:59.294Z INFO  gresse::replica] replica 178714744544926859 observed shutdown descriptor for replica 178714744544926839 with final counter Some(4)
[2026-08-19T14:00:59.563Z INFO  gresse::replica] replica 178714744544926859 observed shutdown descriptor for replica 178714744544926840 with final counter Some(4)
[2026-08-19T14:00:59.828Z INFO  gresse::replica] replica 178714744544926859 observed shutdown descriptor for replica 178714744544926841 with final counter Some(4)
[2026-08-19T14:01:00.093Z INFO  gresse::replica] replica 178714744544926859 observed shutdown descriptor for replica 178714744544926842 with final counter Some(4)
[2026-08-19T14:01:00.358Z INFO  gresse::replica] replica 178714744544926859 observed shutdown descriptor for replica 178714744544926844 with final counter Some(4)
[2026-08-19T14:01:00.624Z INFO  gresse::replica] replica 178714744544926859 observed shutdown descriptor for replica 178714744544926845 with final counter Some(4)
[2026-08-19T14:01:00.890Z INFO  gresse::replica] replica 178714744544926859 observed shutdown descriptor for replica 178714744544926846 with final counter Some(4)
[2026-08-19T14:01:01.152Z INFO  gresse::replica] replica 178714744544926859 observed shutdown descriptor for replica 178714744544926847 with final counter Some(4)
[2026-08-19T14:01:01.903Z INFO  gresse::replica] replica 178714744544926859 observed shutdown descriptor for replica 178714744544926849 with final counter Some(1)
[2026-08-19T14:01:02.169Z INFO  gresse::replica] replica 178714744544926859 observed shutdown descriptor for replica 178714744544926861 with final counter Some(3)
[2026-08-19T14:01:02.454Z INFO  gresse::replica] replica 178714744544926859 observed shutdown descriptor for replica 178714744544926862 with final counter Some(2)
[2026-08-19T14:01:02.729Z INFO  gresse::replica] replica 178714744544926859 observed shutdown descriptor for replica 178714744544926863 with final counter Some(1)
[2026-08-19T14:01:03.514Z INFO  gresse::replica] replica 178714744544926859 observed shutdown descriptor for replica 178714744544926832 with final counter Some(5)
[2026-08-19T14:01:03.777Z INFO  gresse::replica] replica 178714744544926859 observed shutdown descriptor for replica 178714744544926833 with final counter Some(4)
[2026-08-19T14:01:04.045Z INFO  gresse::replica] replica 178714744544926859 observed shutdown descriptor for replica 178714744544926834 with final counter Some(4)
[2026-08-19T14:01:04.313Z INFO  gresse::replica] replica 178714744544926859 observed shutdown descriptor for replica 178714744544926835 with final counter Some(4)
[2026-08-19T14:01:04.576Z INFO  gresse::replica] replica 178714744544926859 observed shutdown descriptor for replica 178714744544926836 with final counter Some(4)
[2026-08-19T14:01:04.838Z INFO  gresse::replica] replica 178714744544926859 observed shutdown descriptor for replica 178714744544926837 with final counter Some(2)
[2026-08-19T14:01:05.103Z INFO  gresse::replica] replica 178714744544926859 observed shutdown descriptor for replica 178714744544926838 with final counter Some(4)
[2026-08-19T14:01:05.367Z INFO  gresse::replica] replica 178714744544926859 observed shutdown descriptor for replica 178714744544926839 with final counter Some(4)
[2026-08-19T14:01:05.629Z INFO  gresse::replica] replica 178714744544926859 observed shutdown descriptor for replica 178714744544926840 with final counter Some(4)
[2026-08-19T14:01:05.893Z INFO  gresse::replica] replica 178714744544926859 observed shutdown descriptor for replica 178714744544926841 with final counter Some(4)
[2026-08-19T14:01:06.157Z INFO  gresse::replica] replica 178714744544926859 observed shutdown descriptor for replica 178714744544926842 with final counter Some(4)
[2026-08-19T14:01:06.426Z INFO  gresse::replica] replica 178714744544926859 observed shutdown descriptor for replica 178714744544926844 with final counter Some(4)
[2026-08-19T14:01:06.693Z INFO  gresse::replica] replica 178714744544926859 observed shutdown descriptor for replica 178714744544926845 with final counter Some(4)
[2026-08-19T14:01:06.957Z INFO  gresse::replica] replica 178714744544926859 observed shutdown descriptor for replica 178714744544926846 with final counter Some(4)
[2026-08-19T14:01:07.220Z INFO  gresse::replica] replica 178714744544926859 observed shutdown descriptor for replica 178714744544926847 with final counter Some(4)
[2026-08-19T14:01:07.481Z INFO  gresse::replica] replica 178714744544926859 observed shutdown descriptor for replica 178714744544926849 with final counter Some(1)
[2026-08-19T14:01:07.750Z INFO  gresse::replica] replica 178714744544926859 observed shutdown descriptor for replica 178714744544926861 with final counter Some(3)
[2026-08-19T14:01:08.018Z INFO  gresse::replica] replica 178714744544926859 observed shutdown descriptor for replica 178714744544926862 with final counter Some(2)
[2026-08-19T14:01:08.286Z INFO  gresse::replica] replica 178714744544926859 observed shutdown descriptor for replica 178714744544926863 with final counter Some(1)
[2026-08-19T14:01:08.829Z INFO  gresse::replica] replica 178714744544926859 observed shutdown descriptor for replica 178714744544926832 with final counter Some(5)
[2026-08-19T14:01:09.091Z INFO  gresse::replica] replica 178714744544926859 observed shutdown descriptor for replica 178714744544926833 with final counter Some(4)
[2026-08-19T14:01:09.356Z INFO  gresse::replica] replica 178714744544926859 observed shutdown descriptor for replica 178714744544926834 with final counter Some(4)
[2026-08-19T14:01:09.618Z INFO  gresse::replica] replica 178714744544926859 observed shutdown descriptor for replica 178714744544926835 with final counter Some(4)
[2026-08-19T14:01:09.883Z INFO  gresse::replica] replica 178714744544926859 observed shutdown descriptor for replica 178714744544926836 with final counter Some(4)
[2026-08-19T14:01:10.149Z INFO  gresse::replica] replica 178714744544926859 observed shutdown descriptor for replica 178714744544926837 with final counter Some(2)
[2026-08-19T14:01:10.413Z INFO  gresse::replica] replica 178714744544926859 observed shutdown descriptor for replica 178714744544926838 with final counter Some(4)
[2026-08-19T14:01:10.676Z INFO  gresse::replica] replica 178714744544926859 observed shutdown descriptor for replica 178714744544926839 with final counter Some(4)
[2026-08-19T14:01:10.944Z INFO  gresse::replica] replica 178714744544926859 observed shutdown descriptor for replica 178714744544926840 with final counter Some(4)
[2026-08-19T14:01:11.208Z INFO  gresse::replica] replica 178714744544926859 observed shutdown descriptor for replica 178714744544926841 with final counter Some(4)
[2026-08-19T14:01:11.472Z INFO  gresse::replica] replica 178714744544926859 observed shutdown descriptor for replica 178714744544926842 with final counter Some(4)
[2026-08-19T14:01:11.736Z INFO  gresse::replica] replica 178714744544926859 observed shutdown descriptor for replica 178714744544926844 with final counter Some(4)
[2026-08-19T14:01:12.005Z INFO  gresse::replica] replica 178714744544926859 observed shutdown descriptor for replica 178714744544926845 with final counter Some(4)
[2026-08-19T14:01:12.270Z INFO  gresse::replica] replica 178714744544926859 observed shutdown descriptor for replica 178714744544926846 with final counter Some(4)
[2026-08-19T14:01:12.533Z INFO  gresse::replica] replica 178714744544926859 observed shutdown descriptor for replica 178714744544926847 with final counter Some(4)
[2026-08-19T14:01:12.797Z INFO  gresse::replica] replica 178714744544926859 observed shutdown descriptor for replica 178714744544926848 with final counter Some(4)
[2026-08-19T14:01:13.065Z INFO  gresse::replica] replica 178714744544926859 observed shutdown descriptor for replica 178714744544926849 with final counter Some(1)
[2026-08-19T14:01:13.327Z INFO  gresse::replica] replica 178714744544926859 observed shutdown descriptor for replica 178714744544926861 with final counter Some(3)
[2026-08-19T14:01:13.589Z INFO  gresse::replica] replica 178714744544926859 observed shutdown descriptor for replica 178714744544926862 with final counter Some(2)
[2026-08-19T14:01:13.854Z INFO  gresse::replica] replica 178714744544926859 observed shutdown descriptor for replica 178714744544926863 with final counter Some(1)
[2026-08-19T14:01:14.393Z INFO  gresse::replica] replica 178714744544926859 observed shutdown descriptor for replica 178714744544926832 with final counter Some(5)
[2026-08-19T14:01:14.661Z INFO  gresse::replica] replica 178714744544926859 observed shutdown descriptor for replica 178714744544926833 with final counter Some(4)
[2026-08-19T14:01:14.926Z INFO  gresse::replica] replica 178714744544926859 observed shutdown descriptor for replica 178714744544926834 with final counter Some(4)
[2026-08-19T14:01:15.195Z INFO  gresse::replica] replica 178714744544926859 observed shutdown descriptor for replica 178714744544926835 with final counter Some(4)
[2026-08-19T14:01:15.457Z INFO  gresse::replica] replica 178714744544926859 observed shutdown descriptor for replica 178714744544926836 with final counter Some(4)
[2026-08-19T14:01:15.721Z INFO  gresse::replica] replica 178714744544926859 observed shutdown descriptor for replica 178714744544926837 with final counter Some(2)
[2026-08-19T14:01:15.988Z INFO  gresse::replica] replica 178714744544926859 observed shutdown descriptor for replica 178714744544926838 with final counter Some(4)
[2026-08-19T14:01:16.255Z INFO  gresse::replica] replica 178714744544926859 observed shutdown descriptor for replica 178714744544926839 with final counter Some(4)
[2026-08-19T14:01:16.526Z INFO  gresse::replica] replica 178714744544926859 observed shutdown descriptor for replica 178714744544926840 with final counter Some(4)
[2026-08-19T14:01:16.792Z INFO  gresse::replica] replica 178714744544926859 observed shutdown descriptor for replica 178714744544926841 with final counter Some(4)
[2026-08-19T14:01:17.059Z INFO  gresse::replica] replica 178714744544926859 observed shutdown descriptor for replica 178714744544926842 with final counter Some(4)
[2026-08-19T14:01:17.326Z INFO  gresse::replica] replica 178714744544926859 observed shutdown descriptor for replica 178714744544926844 with final counter Some(4)
[2026-08-19T14:01:17.589Z INFO  gresse::replica] replica 178714744544926859 observed shutdown descriptor for replica 178714744544926845 with final counter Some(4)
[2026-08-19T14:01:17.854Z INFO  gresse::replica] replica 178714744544926859 observed shutdown descriptor for replica 178714744544926846 with final counter Some(4)
[2026-08-19T14:01:18.121Z INFO  gresse::replica] replica 178714744544926859 observed shutdown descriptor for replica 178714744544926847 with final counter Some(4)
[2026-08-19T14:01:18.387Z INFO  gresse::replica] replica 178714744544926859 observed shutdown descriptor for replica 178714744544926848 with final counter Some(4)
[2026-08-19T14:01:18.653Z INFO  gresse::replica] replica 178714744544926859 observed shutdown descriptor for replica 178714744544926849 with final counter Some(1)
[2026-08-19T14:01:18.921Z INFO  gresse::replica] replica 178714744544926859 observed shutdown descriptor for replica 178714744544926861 with final counter Some(3)
[2026-08-19T14:01:19.183Z INFO  gresse::replica] replica 178714744544926859 observed shutdown descriptor for replica 178714744544926862 with final counter Some(2)
[2026-08-19T14:01:19.448Z INFO  gresse::replica] replica 178714744544926859 observed shutdown descriptor for replica 178714744544926863 with final counter Some(1)
[2026-08-19T14:01:19.987Z INFO  gresse::replica] replica 178714744544926859 observed shutdown descriptor for replica 178714744544926832 with final counter Some(5)
[2026-08-19T14:01:20.250Z INFO  gresse::replica] replica 178714744544926859 observed shutdown descriptor for replica 178714744544926833 with final counter Some(4)
[2026-08-19T14:01:20.518Z INFO  gresse::replica] replica 178714744544926859 observed shutdown descriptor for replica 178714744544926834 with final counter Some(4)
[2026-08-19T14:01:20.785Z INFO  gresse::replica] replica 178714744544926859 observed shutdown descriptor for replica 178714744544926835 with final counter Some(4)
[2026-08-19T14:01:21.052Z INFO  gresse::replica] replica 178714744544926859 observed shutdown descriptor for replica 178714744544926836 with final counter Some(4)
[2026-08-19T14:01:21.322Z INFO  gresse::replica] replica 178714744544926859 observed shutdown descriptor for replica 178714744544926837 with final counter Some(2)
[2026-08-19T14:01:21.592Z INFO  gresse::replica] replica 178714744544926859 observed shutdown descriptor for replica 178714744544926838 with final counter Some(4)
[2026-08-19T14:01:21.858Z INFO  gresse::replica] replica 178714744544926859 observed shutdown descriptor for replica 178714744544926839 with final counter Some(4)
[2026-08-19T14:01:22.120Z INFO  gresse::replica] replica 178714744544926859 observed shutdown descriptor for replica 178714744544926840 with final counter Some(4)
[2026-08-19T14:01:22.385Z INFO  gresse::replica] replica 178714744544926859 observed shutdown descriptor for replica 178714744544926841 with final counter Some(4)
[2026-08-19T14:01:22.652Z INFO  gresse::replica] replica 178714744544926859 observed shutdown descriptor for replica 178714744544926842 with final counter Some(4)
[2026-08-19T14:01:22.944Z INFO  gresse::replica] replica 178714744544926859 observed shutdown descriptor for replica 178714744544926844 with final counter Some(4)
[2026-08-19T14:01:23.209Z INFO  gresse::replica] replica 178714744544926859 observed shutdown descriptor for replica 178714744544926845 with final counter Some(4)
[2026-08-19T14:01:23.473Z INFO  gresse::replica] replica 178714744544926859 observed shutdown descriptor for replica 178714744544926846 with final counter Some(4)
[2026-08-19T14:01:23.733Z INFO  gresse::replica] replica 178714744544926859 observed shutdown descriptor for replica 178714744544926847 with final counter Some(4)
[2026-08-19T14:01:24.003Z INFO  gresse::replica] replica 178714744544926859 observed shutdown descriptor for replica 178714744544926848 with final counter Some(4)
[2026-08-19T14:01:24.266Z INFO  gresse::replica] replica 178714744544926859 observed shutdown descriptor for replica 178714744544926849 with final counter Some(1)
[2026-08-19T14:01:24.533Z INFO  gresse::replica] replica 178714744544926859 observed shutdown descriptor for replica 178714744544926861 with final counter Some(3)
[2026-08-19T14:01:24.801Z INFO  gresse::replica] replica 178714744544926859 observed shutdown descriptor for replica 178714744544926862 with final counter Some(2)
[2026-08-19T14:01:25.062Z INFO  gresse::replica] replica 178714744544926859 observed shutdown descriptor for replica 178714744544926863 with final counter Some(1)
[2026-08-19T14:01:25.328Z INFO  gresse::replica] replica 178714744544926859 observed shutdown descriptor for replica 178714744544926864 with final counter Some(1)
[2026-08-19T14:01:25.865Z INFO  gresse::replica] replica 178714744544926859 observed shutdown descriptor for replica 178714744544926832 with final counter Some(5)
[2026-08-19T14:01:26.130Z INFO  gresse::replica] replica 178714744544926859 observed shutdown descriptor for replica 178714744544926833 with final counter Some(4)
[2026-08-19T14:01:26.393Z INFO  gresse::replica] replica 178714744544926859 observed shutdown descriptor for replica 178714744544926834 with final counter Some(4)
[2026-08-19T14:01:26.657Z INFO  gresse::replica] replica 178714744544926859 observed shutdown descriptor for replica 178714744544926835 with final counter Some(4)
[2026-08-19T14:01:26.921Z INFO  gresse::replica] replica 178714744544926859 observed shutdown descriptor for replica 178714744544926836 with final counter Some(4)
[2026-08-19T14:01:27.184Z INFO  gresse::replica] replica 178714744544926859 observed shutdown descriptor for replica 178714744544926837 with final counter Some(2)
[2026-08-19T14:01:27.446Z INFO  gresse::replica] replica 178714744544926859 observed shutdown descriptor for replica 178714744544926838 with final counter Some(4)
[2026-08-19T14:01:27.709Z INFO  gresse::replica] replica 178714744544926859 observed shutdown descriptor for replica 178714744544926839 with final counter Some(4)
[2026-08-19T14:01:27.972Z INFO  gresse::replica] replica 178714744544926859 observed shutdown descriptor for replica 178714744544926840 with final counter Some(4)
[2026-08-19T14:01:28.239Z INFO  gresse::replica] replica 178714744544926859 observed shutdown descriptor for replica 178714744544926841 with final counter Some(4)
[2026-08-19T14:01:28.501Z INFO  gresse::replica] replica 178714744544926859 observed shutdown descriptor for replica 178714744544926842 with final counter Some(4)
[2026-08-19T14:01:29.278Z INFO  gresse::replica] replica 178714744544926859 observed shutdown descriptor for replica 178714744544926844 with final counter Some(4)
[2026-08-19T14:01:29.549Z INFO  gresse::replica] replica 178714744544926859 observed shutdown descriptor for replica 178714744544926845 with final counter Some(4)
[2026-08-19T14:01:29.818Z INFO  gresse::replica] replica 178714744544926859 observed shutdown descriptor for replica 178714744544926846 with final counter Some(4)
[2026-08-19T14:01:30.092Z INFO  gresse::replica] replica 178714744544926859 observed shutdown descriptor for replica 178714744544926847 with final counter Some(4)
[2026-08-19T14:01:30.368Z INFO  gresse::replica] replica 178714744544926859 observed shutdown descriptor for replica 178714744544926848 with final counter Some(4)
[2026-08-19T14:01:30.640Z INFO  gresse::replica] replica 178714744544926859 observed shutdown descriptor for replica 178714744544926849 with final counter Some(1)
[2026-08-19T14:01:30.905Z INFO  gresse::replica] replica 178714744544926859 observed shutdown descriptor for replica 178714744544926850 with final counter Some(4)
[2026-08-19T14:01:31.173Z INFO  gresse::replica] replica 178714744544926859 observed shutdown descriptor for replica 178714744544926861 with final counter Some(3)
[2026-08-19T14:01:31.441Z INFO  gresse::replica] replica 178714744544926859 observed shutdown descriptor for replica 178714744544926862 with final counter Some(2)
[2026-08-19T14:01:31.707Z INFO  gresse::replica] replica 178714744544926859 observed shutdown descriptor for replica 178714744544926863 with final counter Some(1)
[2026-08-19T14:01:31.974Z INFO  gresse::replica] replica 178714744544926859 observed shutdown descriptor for replica 178714744544926864 with final counter Some(1)
[2026-08-19T14:01:32.771Z INFO  gresse::replica] replica 178714744544926859 observed shutdown descriptor for replica 178714744544926832 with final counter Some(5)
[2026-08-19T14:01:33.041Z INFO  gresse::replica] replica 178714744544926859 observed shutdown descriptor for replica 178714744544926833 with final counter Some(4)
[2026-08-19T14:01:33.309Z INFO  gresse::replica] replica 178714744544926859 observed shutdown descriptor for replica 178714744544926834 with final counter Some(4)
[2026-08-19T14:01:33.575Z INFO  gresse::replica] replica 178714744544926859 observed shutdown descriptor for replica 178714744544926835 with final counter Some(4)
[2026-08-19T14:01:33.843Z INFO  gresse::replica] replica 178714744544926859 observed shutdown descriptor for replica 178714744544926836 with final counter Some(4)
[2026-08-19T14:01:34.111Z INFO  gresse::replica] replica 178714744544926859 observed shutdown descriptor for replica 178714744544926837 with final counter Some(2)
[2026-08-19T14:01:34.376Z INFO  gresse::replica] replica 178714744544926859 observed shutdown descriptor for replica 178714744544926838 with final counter Some(4)
[2026-08-19T14:01:34.646Z INFO  gresse::replica] replica 178714744544926859 observed shutdown descriptor for replica 178714744544926839 with final counter Some(4)
[2026-08-19T14:01:34.911Z INFO  gresse::replica] replica 178714744544926859 observed shutdown descriptor for replica 178714744544926840 with final counter Some(4)
[2026-08-19T14:01:35.181Z INFO  gresse::replica] replica 178714744544926859 observed shutdown descriptor for replica 178714744544926841 with final counter Some(4)
[2026-08-19T14:01:35.449Z INFO  gresse::replica] replica 178714744544926859 observed shutdown descriptor for replica 178714744544926842 with final counter Some(4)
[2026-08-19T14:01:35.719Z INFO  gresse::replica] replica 178714744544926859 observed shutdown descriptor for replica 178714744544926844 with final counter Some(4)
[2026-08-19T14:01:35.989Z INFO  gresse::replica] replica 178714744544926859 observed shutdown descriptor for replica 178714744544926845 with final counter Some(4)
[2026-08-19T14:01:36.255Z INFO  gresse::replica] replica 178714744544926859 observed shutdown descriptor for replica 178714744544926846 with final counter Some(4)
[2026-08-19T14:01:36.526Z INFO  gresse::replica] replica 178714744544926859 observed shutdown descriptor for replica 178714744544926847 with final counter Some(4)
[2026-08-19T14:01:36.793Z INFO  gresse::replica] replica 178714744544926859 observed shutdown descriptor for replica 178714744544926848 with final counter Some(4)
[2026-08-19T14:01:37.059Z INFO  gresse::replica] replica 178714744544926859 observed shutdown descriptor for replica 178714744544926849 with final counter Some(1)
[2026-08-19T14:01:37.330Z INFO  gresse::replica] replica 178714744544926859 observed shutdown descriptor for replica 178714744544926850 with final counter Some(4)
[2026-08-19T14:01:37.597Z INFO  gresse::replica] replica 178714744544926859 observed shutdown descriptor for replica 178714744544926861 with final counter Some(3)
[2026-08-19T14:01:37.861Z INFO  gresse::replica] replica 178714744544926859 observed shutdown descriptor for replica 178714744544926862 with final counter Some(2)
[2026-08-19T14:01:38.130Z INFO  gresse::replica] replica 178714744544926859 observed shutdown descriptor for replica 178714744544926863 with final counter Some(1)
[2026-08-19T14:01:38.398Z INFO  gresse::replica] replica 178714744544926859 observed shutdown descriptor for replica 178714744544926864 with final counter Some(1)
[2026-08-19T14:01:39.185Z INFO  gresse::replica] replica 178714744544926859 observed shutdown descriptor for replica 178714744544926832 with final counter Some(5)
[2026-08-19T14:01:39.454Z INFO  gresse::replica] replica 178714744544926859 observed shutdown descriptor for replica 178714744544926833 with final counter Some(4)
[2026-08-19T14:01:39.719Z INFO  gresse::replica] replica 178714744544926859 observed shutdown descriptor for replica 178714744544926834 with final counter Some(4)
[2026-08-19T14:01:39.984Z INFO  gresse::replica] replica 178714744544926859 observed shutdown descriptor for replica 178714744544926835 with final counter Some(4)
[2026-08-19T14:01:40.250Z INFO  gresse::replica] replica 178714744544926859 observed shutdown descriptor for replica 178714744544926836 with final counter Some(4)
[2026-08-19T14:01:40.516Z INFO  gresse::replica] replica 178714744544926859 observed shutdown descriptor for replica 178714744544926837 with final counter Some(2)
[2026-08-19T14:01:40.785Z INFO  gresse::replica] replica 178714744544926859 observed shutdown descriptor for replica 178714744544926838 with final counter Some(4)
[2026-08-19T14:01:41.057Z INFO  gresse::replica] replica 178714744544926859 observed shutdown descriptor for replica 178714744544926839 with final counter Some(4)
[2026-08-19T14:01:41.321Z INFO  gresse::replica] replica 178714744544926859 observed shutdown descriptor for replica 178714744544926840 with final counter Some(4)
[2026-08-19T14:01:41.593Z INFO  gresse::replica] replica 178714744544926859 observed shutdown descriptor for replica 178714744544926841 with final counter Some(4)
[2026-08-19T14:01:41.863Z INFO  gresse::replica] replica 178714744544926859 observed shutdown descriptor for replica 178714744544926842 with final counter Some(4)
[2026-08-19T14:01:42.128Z INFO  gresse::replica] replica 178714744544926859 observed shutdown descriptor for replica 178714744544926844 with final counter Some(4)
[2026-08-19T14:01:42.397Z INFO  gresse::replica] replica 178714744544926859 observed shutdown descriptor for replica 178714744544926845 with final counter Some(4)
[2026-08-19T14:01:42.662Z INFO  gresse::replica] replica 178714744544926859 observed shutdown descriptor for replica 178714744544926846 with final counter Some(4)
[2026-08-19T14:01:42.934Z INFO  gresse::replica] replica 178714744544926859 observed shutdown descriptor for replica 178714744544926847 with final counter Some(4)
[2026-08-19T14:01:43.205Z INFO  gresse::replica] replica 178714744544926859 observed shutdown descriptor for replica 178714744544926848 with final counter Some(4)
[2026-08-19T14:01:43.475Z INFO  gresse::replica] replica 178714744544926859 observed shutdown descriptor for replica 178714744544926849 with final counter Some(1)
[2026-08-19T14:01:43.743Z INFO  gresse::replica] replica 178714744544926859 observed shutdown descriptor for replica 178714744544926850 with final counter Some(4)
[2026-08-19T14:01:44.011Z INFO  gresse::replica] replica 178714744544926859 observed shutdown descriptor for replica 178714744544926851 with final counter Some(4)
[2026-08-19T14:01:44.281Z INFO  gresse::replica] replica 178714744544926859 observed shutdown descriptor for replica 178714744544926861 with final counter Some(3)
[2026-08-19T14:01:44.550Z INFO  gresse::replica] replica 178714744544926859 observed shutdown descriptor for replica 178714744544926862 with final counter Some(2)
[2026-08-19T14:01:44.815Z INFO  gresse::replica] replica 178714744544926859 observed shutdown descriptor for replica 178714744544926863 with final counter Some(1)
[2026-08-19T14:01:45.086Z INFO  gresse::replica] replica 178714744544926859 observed shutdown descriptor for replica 178714744544926864 with final counter Some(1)
[2026-08-19T14:01:45.626Z INFO  gresse::replica] replica 178714744544926859 observed shutdown descriptor for replica 178714744544926832 with final counter Some(5)
[2026-08-19T14:01:45.894Z INFO  gresse::replica] replica 178714744544926859 observed shutdown descriptor for replica 178714744544926833 with final counter Some(4)
[2026-08-19T14:01:46.160Z INFO  gresse::replica] replica 178714744544926859 observed shutdown descriptor for replica 178714744544926834 with final counter Some(4)
[2026-08-19T14:01:46.430Z INFO  gresse::replica] replica 178714744544926859 observed shutdown descriptor for replica 178714744544926835 with final counter Some(4)
[2026-08-19T14:01:46.701Z INFO  gresse::replica] replica 178714744544926859 observed shutdown descriptor for replica 178714744544926836 with final counter Some(4)
[2026-08-19T14:01:46.972Z INFO  gresse::replica] replica 178714744544926859 observed shutdown descriptor for replica 178714744544926837 with final counter Some(2)
[2026-08-19T14:01:47.241Z INFO  gresse::replica] replica 178714744544926859 observed shutdown descriptor for replica 178714744544926838 with final counter Some(4)
[2026-08-19T14:01:47.513Z INFO  gresse::replica] replica 178714744544926859 observed shutdown descriptor for replica 178714744544926839 with final counter Some(4)
[2026-08-19T14:01:47.780Z INFO  gresse::replica] replica 178714744544926859 observed shutdown descriptor for replica 178714744544926840 with final counter Some(4)
[2026-08-19T14:01:48.048Z INFO  gresse::replica] replica 178714744544926859 observed shutdown descriptor for replica 178714744544926841 with final counter Some(4)
[2026-08-19T14:01:48.320Z INFO  gresse::replica] replica 178714744544926859 observed shutdown descriptor for replica 178714744544926842 with final counter Some(4)
[2026-08-19T14:01:48.590Z INFO  gresse::replica] replica 178714744544926859 observed shutdown descriptor for replica 178714744544926844 with final counter Some(4)
[2026-08-19T14:01:48.860Z INFO  gresse::replica] replica 178714744544926859 observed shutdown descriptor for replica 178714744544926845 with final counter Some(4)
[2026-08-19T14:01:49.130Z INFO  gresse::replica] replica 178714744544926859 observed shutdown descriptor for replica 178714744544926846 with final counter Some(4)
[2026-08-19T14:01:49.399Z INFO  gresse::replica] replica 178714744544926859 observed shutdown descriptor for replica 178714744544926847 with final counter Some(4)
[2026-08-19T14:01:49.667Z INFO  gresse::replica] replica 178714744544926859 observed shutdown descriptor for replica 178714744544926848 with final counter Some(4)
[2026-08-19T14:01:49.934Z INFO  gresse::replica] replica 178714744544926859 observed shutdown descriptor for replica 178714744544926849 with final counter Some(1)
[2026-08-19T14:01:50.200Z INFO  gresse::replica] replica 178714744544926859 observed shutdown descriptor for replica 178714744544926850 with final counter Some(4)
[2026-08-19T14:01:50.470Z INFO  gresse::replica] replica 178714744544926859 observed shutdown descriptor for replica 178714744544926851 with final counter Some(4)
[2026-08-19T14:01:50.737Z INFO  gresse::replica] replica 178714744544926859 observed shutdown descriptor for replica 178714744544926861 with final counter Some(3)
[2026-08-19T14:01:51.000Z INFO  gresse::replica] replica 178714744544926859 observed shutdown descriptor for replica 178714744544926862 with final counter Some(2)
[2026-08-19T14:01:51.265Z INFO  gresse::replica] replica 178714744544926859 observed shutdown descriptor for replica 178714744544926863 with final counter Some(1)
[2026-08-19T14:01:51.532Z INFO  gresse::replica] replica 178714744544926859 observed shutdown descriptor for replica 178714744544926864 with final counter Some(1)
[2026-08-19T14:01:52.078Z INFO  gresse::replica] replica 178714744544926859 observed shutdown descriptor for replica 178714744544926832 with final counter Some(5)
[2026-08-19T14:01:52.346Z INFO  gresse::replica] replica 178714744544926859 observed shutdown descriptor for replica 178714744544926833 with final counter Some(4)
[2026-08-19T14:01:52.614Z INFO  gresse::replica] replica 178714744544926859 observed shutdown descriptor for replica 178714744544926834 with final counter Some(4)
[2026-08-19T14:01:52.880Z INFO  gresse::replica] replica 178714744544926859 observed shutdown descriptor for replica 178714744544926835 with final counter Some(4)
[2026-08-19T14:01:53.146Z INFO  gresse::replica] replica 178714744544926859 observed shutdown descriptor for replica 178714744544926836 with final counter Some(4)
[2026-08-19T14:01:53.415Z INFO  gresse::replica] replica 178714744544926859 observed shutdown descriptor for replica 178714744544926837 with final counter Some(2)
[2026-08-19T14:01:53.684Z INFO  gresse::replica] replica 178714744544926859 observed shutdown descriptor for replica 178714744544926838 with final counter Some(4)
[2026-08-19T14:01:53.950Z INFO  gresse::replica] replica 178714744544926859 observed shutdown descriptor for replica 178714744544926839 with final counter Some(4)
[2026-08-19T14:01:54.218Z INFO  gresse::replica] replica 178714744544926859 observed shutdown descriptor for replica 178714744544926840 with final counter Some(4)
[2026-08-19T14:01:54.483Z INFO  gresse::replica] replica 178714744544926859 observed shutdown descriptor for replica 178714744544926841 with final counter Some(4)
[2026-08-19T14:01:54.752Z INFO  gresse::replica] replica 178714744544926859 observed shutdown descriptor for replica 178714744544926842 with final counter Some(4)
[2026-08-19T14:01:55.021Z INFO  gresse::replica] replica 178714744544926859 observed shutdown descriptor for replica 178714744544926844 with final counter Some(4)
[2026-08-19T14:01:55.289Z INFO  gresse::replica] replica 178714744544926859 observed shutdown descriptor for replica 178714744544926845 with final counter Some(4)
[2026-08-19T14:01:55.555Z INFO  gresse::replica] replica 178714744544926859 observed shutdown descriptor for replica 178714744544926846 with final counter Some(4)
[2026-08-19T14:01:55.826Z INFO  gresse::replica] replica 178714744544926859 observed shutdown descriptor for replica 178714744544926847 with final counter Some(4)
[2026-08-19T14:01:56.091Z INFO  gresse::replica] replica 178714744544926859 observed shutdown descriptor for replica 178714744544926848 with final counter Some(4)
[2026-08-19T14:01:56.358Z INFO  gresse::replica] replica 178714744544926859 observed shutdown descriptor for replica 178714744544926849 with final counter Some(1)
[2026-08-19T14:01:57.114Z INFO  gresse::replica] replica 178714744544926859 observed shutdown descriptor for replica 178714744544926850 with final counter Some(4)
[2026-08-19T14:01:57.380Z INFO  gresse::replica] replica 178714744544926859 observed shutdown descriptor for replica 178714744544926851 with final counter Some(4)
[2026-08-19T14:01:57.649Z INFO  gresse::replica] replica 178714744544926859 observed shutdown descriptor for replica 178714744544926852 with final counter Some(4)
[2026-08-19T14:01:57.917Z INFO  gresse::replica] replica 178714744544926859 observed shutdown descriptor for replica 178714744544926861 with final counter Some(3)
[2026-08-19T14:01:58.183Z INFO  gresse::replica] replica 178714744544926859 observed shutdown descriptor for replica 178714744544926862 with final counter Some(2)
[2026-08-19T14:01:58.448Z INFO  gresse::replica] replica 178714744544926859 observed shutdown descriptor for replica 178714744544926863 with final counter Some(1)
[2026-08-19T14:01:58.716Z INFO  gresse::replica] replica 178714744544926859 observed shutdown descriptor for replica 178714744544926864 with final counter Some(1)
[2026-08-19T14:01:59.504Z INFO  gresse::replica] replica 178714744544926859 observed shutdown descriptor for replica 178714744544926832 with final counter Some(5)
[2026-08-19T14:01:59.783Z INFO  gresse::replica] replica 178714744544926859 observed shutdown descriptor for replica 178714744544926833 with final counter Some(4)
[2026-08-19T14:02:00.051Z INFO  gresse::replica] replica 178714744544926859 observed shutdown descriptor for replica 178714744544926834 with final counter Some(4)
[2026-08-19T14:02:00.320Z INFO  gresse::replica] replica 178714744544926859 observed shutdown descriptor for replica 178714744544926835 with final counter Some(4)
[2026-08-19T14:02:00.584Z INFO  gresse::replica] replica 178714744544926859 observed shutdown descriptor for replica 178714744544926836 with final counter Some(4)
[2026-08-19T14:02:00.853Z INFO  gresse::replica] replica 178714744544926859 observed shutdown descriptor for replica 178714744544926837 with final counter Some(2)
[2026-08-19T14:02:01.121Z INFO  gresse::replica] replica 178714744544926859 observed shutdown descriptor for replica 178714744544926838 with final counter Some(4)
[2026-08-19T14:02:01.392Z INFO  gresse::replica] replica 178714744544926859 observed shutdown descriptor for replica 178714744544926839 with final counter Some(4)
[2026-08-19T14:02:01.660Z INFO  gresse::replica] replica 178714744544926859 observed shutdown descriptor for replica 178714744544926840 with final counter Some(4)
[2026-08-19T14:02:01.932Z INFO  gresse::replica] replica 178714744544926859 observed shutdown descriptor for replica 178714744544926841 with final counter Some(4)
[2026-08-19T14:02:02.200Z INFO  gresse::replica] replica 178714744544926859 observed shutdown descriptor for replica 178714744544926842 with final counter Some(4)
[2026-08-19T14:02:02.483Z INFO  gresse::replica] replica 178714744544926859 observed shutdown descriptor for replica 178714744544926844 with final counter Some(4)
[2026-08-19T14:02:02.751Z INFO  gresse::replica] replica 178714744544926859 observed shutdown descriptor for replica 178714744544926845 with final counter Some(4)
[2026-08-19T14:02:03.023Z INFO  gresse::replica] replica 178714744544926859 observed shutdown descriptor for replica 178714744544926846 with final counter Some(4)
[2026-08-19T14:02:03.290Z INFO  gresse::replica] replica 178714744544926859 observed shutdown descriptor for replica 178714744544926847 with final counter Some(4)
[2026-08-19T14:02:03.559Z INFO  gresse::replica] replica 178714744544926859 observed shutdown descriptor for replica 178714744544926848 with final counter Some(4)
[2026-08-19T14:02:03.827Z INFO  gresse::replica] replica 178714744544926859 observed shutdown descriptor for replica 178714744544926849 with final counter Some(1)
[2026-08-19T14:02:04.097Z INFO  gresse::replica] replica 178714744544926859 observed shutdown descriptor for replica 178714744544926850 with final counter Some(4)
[2026-08-19T14:02:04.365Z INFO  gresse::replica] replica 178714744544926859 observed shutdown descriptor for replica 178714744544926851 with final counter Some(4)
[2026-08-19T14:02:04.643Z INFO  gresse::replica] replica 178714744544926859 observed shutdown descriptor for replica 178714744544926852 with final counter Some(4)
[2026-08-19T14:02:04.908Z INFO  gresse::replica] replica 178714744544926859 observed shutdown descriptor for replica 178714744544926861 with final counter Some(3)
[2026-08-19T14:02:05.176Z INFO  gresse::replica] replica 178714744544926859 observed shutdown descriptor for replica 178714744544926862 with final counter Some(2)
[2026-08-19T14:02:05.443Z INFO  gresse::replica] replica 178714744544926859 observed shutdown descriptor for replica 178714744544926863 with final counter Some(1)
[2026-08-19T14:02:05.710Z INFO  gresse::replica] replica 178714744544926859 observed shutdown descriptor for replica 178714744544926864 with final counter Some(1)
[2026-08-19T14:02:06.506Z INFO  gresse::replica] replica 178714744544926859 observed shutdown descriptor for replica 178714744544926832 with final counter Some(5)
[2026-08-19T14:02:06.775Z INFO  gresse::replica] replica 178714744544926859 observed shutdown descriptor for replica 178714744544926833 with final counter Some(4)
[2026-08-19T14:02:07.038Z INFO  gresse::replica] replica 178714744544926859 observed shutdown descriptor for replica 178714744544926834 with final counter Some(4)
[2026-08-19T14:02:07.308Z INFO  gresse::replica] replica 178714744544926859 observed shutdown descriptor for replica 178714744544926835 with final counter Some(4)
[2026-08-19T14:02:07.575Z INFO  gresse::replica] replica 178714744544926859 observed shutdown descriptor for replica 178714744544926836 with final counter Some(4)
[2026-08-19T14:02:07.843Z INFO  gresse::replica] replica 178714744544926859 observed shutdown descriptor for replica 178714744544926837 with final counter Some(2)
[2026-08-19T14:02:08.110Z INFO  gresse::replica] replica 178714744544926859 observed shutdown descriptor for replica 178714744544926838 with final counter Some(4)
[2026-08-19T14:02:08.379Z INFO  gresse::replica] replica 178714744544926859 observed shutdown descriptor for replica 178714744544926839 with final counter Some(4)
[2026-08-19T14:02:08.642Z INFO  gresse::replica] replica 178714744544926859 observed shutdown descriptor for replica 178714744544926840 with final counter Some(4)
[2026-08-19T14:02:08.911Z INFO  gresse::replica] replica 178714744544926859 observed shutdown descriptor for replica 178714744544926841 with final counter Some(4)
[2026-08-19T14:02:09.176Z INFO  gresse::replica] replica 178714744544926859 observed shutdown descriptor for replica 178714744544926842 with final counter Some(4)
[2026-08-19T14:02:09.443Z INFO  gresse::replica] replica 178714744544926859 observed shutdown descriptor for replica 178714744544926844 with final counter Some(4)
[2026-08-19T14:02:09.713Z INFO  gresse::replica] replica 178714744544926859 observed shutdown descriptor for replica 178714744544926845 with final counter Some(4)
[2026-08-19T14:02:09.980Z INFO  gresse::replica] replica 178714744544926859 observed shutdown descriptor for replica 178714744544926846 with final counter Some(4)
[2026-08-19T14:02:10.250Z INFO  gresse::replica] replica 178714744544926859 observed shutdown descriptor for replica 178714744544926847 with final counter Some(4)
[2026-08-19T14:02:10.516Z INFO  gresse::replica] replica 178714744544926859 observed shutdown descriptor for replica 178714744544926848 with final counter Some(4)
[2026-08-19T14:02:10.783Z INFO  gresse::replica] replica 178714744544926859 observed shutdown descriptor for replica 178714744544926849 with final counter Some(1)
[2026-08-19T14:02:11.049Z INFO  gresse::replica] replica 178714744544926859 observed shutdown descriptor for replica 178714744544926850 with final counter Some(4)
[2026-08-19T14:02:11.320Z INFO  gresse::replica] replica 178714744544926859 observed shutdown descriptor for replica 178714744544926851 with final counter Some(4)
[2026-08-19T14:02:11.588Z INFO  gresse::replica] replica 178714744544926859 observed shutdown descriptor for replica 178714744544926852 with final counter Some(4)
[2026-08-19T14:02:11.864Z INFO  gresse::replica] replica 178714744544926859 observed shutdown descriptor for replica 178714744544926853 with final counter Some(4)
[2026-08-19T14:02:12.137Z INFO  gresse::replica] replica 178714744544926859 observed shutdown descriptor for replica 178714744544926861 with final counter Some(3)
[2026-08-19T14:02:12.406Z INFO  gresse::replica] replica 178714744544926859 observed shutdown descriptor for replica 178714744544926862 with final counter Some(2)
[2026-08-19T14:02:12.673Z INFO  gresse::replica] replica 178714744544926859 observed shutdown descriptor for replica 178714744544926863 with final counter Some(1)
[2026-08-19T14:02:12.940Z INFO  gresse::replica] replica 178714744544926859 observed shutdown descriptor for replica 178714744544926864 with final counter Some(1)
[2026-08-19T14:02:13.478Z INFO  gresse::replica] replica 178714744544926859 observed shutdown descriptor for replica 178714744544926832 with final counter Some(5)
[2026-08-19T14:02:13.747Z INFO  gresse::replica] replica 178714744544926859 observed shutdown descriptor for replica 178714744544926833 with final counter Some(4)
[2026-08-19T14:02:14.013Z INFO  gresse::replica] replica 178714744544926859 observed shutdown descriptor for replica 178714744544926834 with final counter Some(4)
[2026-08-19T14:02:14.280Z INFO  gresse::replica] replica 178714744544926859 observed shutdown descriptor for replica 178714744544926835 with final counter Some(4)
[2026-08-19T14:02:14.546Z INFO  gresse::replica] replica 178714744544926859 observed shutdown descriptor for replica 178714744544926836 with final counter Some(4)
[2026-08-19T14:02:14.813Z INFO  gresse::replica] replica 178714744544926859 observed shutdown descriptor for replica 178714744544926837 with final counter Some(2)
[2026-08-19T14:02:15.079Z INFO  gresse::replica] replica 178714744544926859 observed shutdown descriptor for replica 178714744544926838 with final counter Some(4)
[2026-08-19T14:02:15.342Z INFO  gresse::replica] replica 178714744544926859 observed shutdown descriptor for replica 178714744544926839 with final counter Some(4)
[2026-08-19T14:02:15.609Z INFO  gresse::replica] replica 178714744544926859 observed shutdown descriptor for replica 178714744544926840 with final counter Some(4)
[2026-08-19T14:02:15.876Z INFO  gresse::replica] replica 178714744544926859 observed shutdown descriptor for replica 178714744544926841 with final counter Some(4)
[2026-08-19T14:02:16.142Z INFO  gresse::replica] replica 178714744544926859 observed shutdown descriptor for replica 178714744544926842 with final counter Some(4)
[2026-08-19T14:02:16.407Z INFO  gresse::replica] replica 178714744544926859 observed shutdown descriptor for replica 178714744544926844 with final counter Some(4)
[2026-08-19T14:02:16.671Z INFO  gresse::replica] replica 178714744544926859 observed shutdown descriptor for replica 178714744544926845 with final counter Some(4)
[2026-08-19T14:02:16.937Z INFO  gresse::replica] replica 178714744544926859 observed shutdown descriptor for replica 178714744544926846 with final counter Some(4)
[2026-08-19T14:02:17.201Z INFO  gresse::replica] replica 178714744544926859 observed shutdown descriptor for replica 178714744544926847 with final counter Some(4)
[2026-08-19T14:02:17.471Z INFO  gresse::replica] replica 178714744544926859 observed shutdown descriptor for replica 178714744544926848 with final counter Some(4)
[2026-08-19T14:02:17.740Z INFO  gresse::replica] replica 178714744544926859 observed shutdown descriptor for replica 178714744544926849 with final counter Some(1)
[2026-08-19T14:02:18.009Z INFO  gresse::replica] replica 178714744544926859 observed shutdown descriptor for replica 178714744544926850 with final counter Some(4)
[2026-08-19T14:02:18.275Z INFO  gresse::replica] replica 178714744544926859 observed shutdown descriptor for replica 178714744544926851 with final counter Some(4)
[2026-08-19T14:02:18.541Z INFO  gresse::replica] replica 178714744544926859 observed shutdown descriptor for replica 178714744544926852 with final counter Some(4)
[2026-08-19T14:02:18.807Z INFO  gresse::replica] replica 178714744544926859 observed shutdown descriptor for replica 178714744544926853 with final counter Some(4)
[2026-08-19T14:02:19.074Z INFO  gresse::replica] replica 178714744544926859 observed shutdown descriptor for replica 178714744544926861 with final counter Some(3)
[2026-08-19T14:02:19.339Z INFO  gresse::replica] replica 178714744544926859 observed shutdown descriptor for replica 178714744544926862 with final counter Some(2)
[2026-08-19T14:02:19.604Z INFO  gresse::replica] replica 178714744544926859 observed shutdown descriptor for replica 178714744544926863 with final counter Some(1)
[2026-08-19T14:02:19.872Z INFO  gresse::replica] replica 178714744544926859 observed shutdown descriptor for replica 178714744544926864 with final counter Some(1)
[2026-08-19T14:02:20.414Z INFO  gresse::replica] replica 178714744544926859 observed shutdown descriptor for replica 178714744544926832 with final counter Some(5)
[2026-08-19T14:02:20.681Z INFO  gresse::replica] replica 178714744544926859 observed shutdown descriptor for replica 178714744544926833 with final counter Some(4)
[2026-08-19T14:02:20.950Z INFO  gresse::replica] replica 178714744544926859 observed shutdown descriptor for replica 178714744544926834 with final counter Some(4)
[2026-08-19T14:02:21.218Z INFO  gresse::replica] replica 178714744544926859 observed shutdown descriptor for replica 178714744544926835 with final counter Some(4)
[2026-08-19T14:02:21.487Z INFO  gresse::replica] replica 178714744544926859 observed shutdown descriptor for replica 178714744544926836 with final counter Some(4)
[2026-08-19T14:02:21.755Z INFO  gresse::replica] replica 178714744544926859 observed shutdown descriptor for replica 178714744544926837 with final counter Some(2)
[2026-08-19T14:02:22.020Z INFO  gresse::replica] replica 178714744544926859 observed shutdown descriptor for replica 178714744544926838 with final counter Some(4)
[2026-08-19T14:02:22.289Z INFO  gresse::replica] replica 178714744544926859 observed shutdown descriptor for replica 178714744544926839 with final counter Some(4)
[2026-08-19T14:02:22.554Z INFO  gresse::replica] replica 178714744544926859 observed shutdown descriptor for replica 178714744544926840 with final counter Some(4)
[2026-08-19T14:02:22.818Z INFO  gresse::replica] replica 178714744544926859 observed shutdown descriptor for replica 178714744544926841 with final counter Some(4)
[2026-08-19T14:02:23.081Z INFO  gresse::replica] replica 178714744544926859 observed shutdown descriptor for replica 178714744544926842 with final counter Some(4)
[2026-08-19T14:02:23.345Z INFO  gresse::replica] replica 178714744544926859 observed shutdown descriptor for replica 178714744544926844 with final counter Some(4)
[2026-08-19T14:02:23.610Z INFO  gresse::replica] replica 178714744544926859 observed shutdown descriptor for replica 178714744544926845 with final counter Some(4)
[2026-08-19T14:02:23.879Z INFO  gresse::replica] replica 178714744544926859 observed shutdown descriptor for replica 178714744544926846 with final counter Some(4)
[2026-08-19T14:02:24.146Z INFO  gresse::replica] replica 178714744544926859 observed shutdown descriptor for replica 178714744544926847 with final counter Some(4)
[2026-08-19T14:02:24.910Z INFO  gresse::replica] replica 178714744544926859 observed shutdown descriptor for replica 178714744544926848 with final counter Some(4)
[2026-08-19T14:02:25.178Z INFO  gresse::replica] replica 178714744544926859 observed shutdown descriptor for replica 178714744544926849 with final counter Some(1)
[2026-08-19T14:02:25.447Z INFO  gresse::replica] replica 178714744544926859 observed shutdown descriptor for replica 178714744544926850 with final counter Some(4)
[2026-08-19T14:02:25.717Z INFO  gresse::replica] replica 178714744544926859 observed shutdown descriptor for replica 178714744544926851 with final counter Some(4)
[2026-08-19T14:02:25.988Z INFO  gresse::replica] replica 178714744544926859 observed shutdown descriptor for replica 178714744544926852 with final counter Some(4)
[2026-08-19T14:02:26.256Z INFO  gresse::replica] replica 178714744544926859 observed shutdown descriptor for replica 178714744544926853 with final counter Some(4)
[2026-08-19T14:02:26.520Z INFO  gresse::replica] replica 178714744544926859 observed shutdown descriptor for replica 178714744544926861 with final counter Some(3)
[2026-08-19T14:02:26.789Z INFO  gresse::replica] replica 178714744544926859 observed shutdown descriptor for replica 178714744544926862 with final counter Some(2)
[2026-08-19T14:02:27.059Z INFO  gresse::replica] replica 178714744544926859 observed shutdown descriptor for replica 178714744544926863 with final counter Some(1)
[2026-08-19T14:02:27.326Z INFO  gresse::replica] replica 178714744544926859 observed shutdown descriptor for replica 178714744544926864 with final counter Some(1)
[2026-08-19T14:02:28.119Z INFO  gresse::replica] replica 178714744544926859 observed shutdown descriptor for replica 178714744544926832 with final counter Some(5)
[2026-08-19T14:02:28.391Z INFO  gresse::replica] replica 178714744544926859 observed shutdown descriptor for replica 178714744544926833 with final counter Some(4)
[2026-08-19T14:02:28.659Z INFO  gresse::replica] replica 178714744544926859 observed shutdown descriptor for replica 178714744544926834 with final counter Some(4)
[2026-08-19T14:02:28.929Z INFO  gresse::replica] replica 178714744544926859 observed shutdown descriptor for replica 178714744544926835 with final counter Some(4)
[2026-08-19T14:02:29.197Z INFO  gresse::replica] replica 178714744544926859 observed shutdown descriptor for replica 178714744544926836 with final counter Some(4)
[2026-08-19T14:02:29.466Z INFO  gresse::replica] replica 178714744544926859 observed shutdown descriptor for replica 178714744544926837 with final counter Some(2)
[2026-08-19T14:02:29.729Z INFO  gresse::replica] replica 178714744544926859 observed shutdown descriptor for replica 178714744544926838 with final counter Some(4)
[2026-08-19T14:02:29.999Z INFO  gresse::replica] replica 178714744544926859 observed shutdown descriptor for replica 178714744544926839 with final counter Some(4)
[2026-08-19T14:02:30.270Z INFO  gresse::replica] replica 178714744544926859 observed shutdown descriptor for replica 178714744544926840 with final counter Some(4)
[2026-08-19T14:02:30.538Z INFO  gresse::replica] replica 178714744544926859 observed shutdown descriptor for replica 178714744544926841 with final counter Some(4)
[2026-08-19T14:02:30.808Z INFO  gresse::replica] replica 178714744544926859 observed shutdown descriptor for replica 178714744544926842 with final counter Some(4)
[2026-08-19T14:02:31.074Z INFO  gresse::replica] replica 178714744544926859 observed shutdown descriptor for replica 178714744544926844 with final counter Some(4)
[2026-08-19T14:02:31.346Z INFO  gresse::replica] replica 178714744544926859 observed shutdown descriptor for replica 178714744544926845 with final counter Some(4)
[2026-08-19T14:02:31.615Z INFO  gresse::replica] replica 178714744544926859 observed shutdown descriptor for replica 178714744544926846 with final counter Some(4)
[2026-08-19T14:02:31.883Z INFO  gresse::replica] replica 178714744544926859 observed shutdown descriptor for replica 178714744544926847 with final counter Some(4)
[2026-08-19T14:02:32.152Z INFO  gresse::replica] replica 178714744544926859 observed shutdown descriptor for replica 178714744544926848 with final counter Some(4)
[2026-08-19T14:02:32.423Z INFO  gresse::replica] replica 178714744544926859 observed shutdown descriptor for replica 178714744544926849 with final counter Some(1)
[2026-08-19T14:02:32.692Z INFO  gresse::replica] replica 178714744544926859 observed shutdown descriptor for replica 178714744544926850 with final counter Some(4)
[2026-08-19T14:02:32.963Z INFO  gresse::replica] replica 178714744544926859 observed shutdown descriptor for replica 178714744544926851 with final counter Some(4)
[2026-08-19T14:02:33.228Z INFO  gresse::replica] replica 178714744544926859 observed shutdown descriptor for replica 178714744544926852 with final counter Some(4)
[2026-08-19T14:02:33.497Z INFO  gresse::replica] replica 178714744544926859 observed shutdown descriptor for replica 178714744544926853 with final counter Some(4)
[2026-08-19T14:02:33.763Z INFO  gresse::replica] replica 178714744544926859 observed shutdown descriptor for replica 178714744544926854 with final counter Some(4)
[2026-08-19T14:02:34.032Z INFO  gresse::replica] replica 178714744544926859 observed shutdown descriptor for replica 178714744544926861 with final counter Some(3)
[2026-08-19T14:02:34.298Z INFO  gresse::replica] replica 178714744544926859 observed shutdown descriptor for replica 178714744544926862 with final counter Some(2)
[2026-08-19T14:02:34.567Z INFO  gresse::replica] replica 178714744544926859 observed shutdown descriptor for replica 178714744544926863 with final counter Some(1)
[2026-08-19T14:02:34.835Z INFO  gresse::replica] replica 178714744544926859 observed shutdown descriptor for replica 178714744544926864 with final counter Some(1)
[2026-08-19T14:02:35.634Z INFO  gresse::replica] replica 178714744544926859 observed shutdown descriptor for replica 178714744544926832 with final counter Some(5)
[2026-08-19T14:02:35.906Z INFO  gresse::replica] replica 178714744544926859 observed shutdown descriptor for replica 178714744544926833 with final counter Some(4)
[2026-08-19T14:02:36.171Z INFO  gresse::replica] replica 178714744544926859 observed shutdown descriptor for replica 178714744544926834 with final counter Some(4)
[2026-08-19T14:02:36.437Z INFO  gresse::replica] replica 178714744544926859 observed shutdown descriptor for replica 178714744544926835 with final counter Some(4)
[2026-08-19T14:02:36.703Z INFO  gresse::replica] replica 178714744544926859 observed shutdown descriptor for replica 178714744544926836 with final counter Some(4)
[2026-08-19T14:02:36.969Z INFO  gresse::replica] replica 178714744544926859 observed shutdown descriptor for replica 178714744544926837 with final counter Some(2)
[2026-08-19T14:02:37.238Z INFO  gresse::replica] replica 178714744544926859 observed shutdown descriptor for replica 178714744544926838 with final counter Some(4)
[2026-08-19T14:02:37.503Z INFO  gresse::replica] replica 178714744544926859 observed shutdown descriptor for replica 178714744544926839 with final counter Some(4)
[2026-08-19T14:02:37.769Z INFO  gresse::replica] replica 178714744544926859 observed shutdown descriptor for replica 178714744544926840 with final counter Some(4)
[2026-08-19T14:02:38.036Z INFO  gresse::replica] replica 178714744544926859 observed shutdown descriptor for replica 178714744544926841 with final counter Some(4)
[2026-08-19T14:02:38.306Z INFO  gresse::replica] replica 178714744544926859 observed shutdown descriptor for replica 178714744544926842 with final counter Some(4)
[2026-08-19T14:02:38.573Z INFO  gresse::replica] replica 178714744544926859 observed shutdown descriptor for replica 178714744544926844 with final counter Some(4)
[2026-08-19T14:02:38.841Z INFO  gresse::replica] replica 178714744544926859 observed shutdown descriptor for replica 178714744544926845 with final counter Some(4)
[2026-08-19T14:02:39.111Z INFO  gresse::replica] replica 178714744544926859 observed shutdown descriptor for replica 178714744544926846 with final counter Some(4)
[2026-08-19T14:02:39.382Z INFO  gresse::replica] replica 178714744544926859 observed shutdown descriptor for replica 178714744544926847 with final counter Some(4)
[2026-08-19T14:02:39.647Z INFO  gresse::replica] replica 178714744544926859 observed shutdown descriptor for replica 178714744544926848 with final counter Some(4)
[2026-08-19T14:02:39.912Z INFO  gresse::replica] replica 178714744544926859 observed shutdown descriptor for replica 178714744544926849 with final counter Some(1)
[2026-08-19T14:02:40.179Z INFO  gresse::replica] replica 178714744544926859 observed shutdown descriptor for replica 178714744544926850 with final counter Some(4)
[2026-08-19T14:02:40.450Z INFO  gresse::replica] replica 178714744544926859 observed shutdown descriptor for replica 178714744544926851 with final counter Some(4)
[2026-08-19T14:02:40.721Z INFO  gresse::replica] replica 178714744544926859 observed shutdown descriptor for replica 178714744544926852 with final counter Some(4)
[2026-08-19T14:02:40.986Z INFO  gresse::replica] replica 178714744544926859 observed shutdown descriptor for replica 178714744544926853 with final counter Some(4)
[2026-08-19T14:02:41.253Z INFO  gresse::replica] replica 178714744544926859 observed shutdown descriptor for replica 178714744544926854 with final counter Some(4)
[2026-08-19T14:02:41.525Z INFO  gresse::replica] replica 178714744544926859 observed shutdown descriptor for replica 178714744544926855 with final counter Some(4)
[2026-08-19T14:02:41.797Z INFO  gresse::replica] replica 178714744544926859 observed shutdown descriptor for replica 178714744544926861 with final counter Some(3)
[2026-08-19T14:02:42.067Z INFO  gresse::replica] replica 178714744544926859 observed shutdown descriptor for replica 178714744544926862 with final counter Some(2)
[2026-08-19T14:02:42.337Z INFO  gresse::replica] replica 178714744544926859 observed shutdown descriptor for replica 178714744544926863 with final counter Some(1)
[2026-08-19T14:02:42.605Z INFO  gresse::replica] replica 178714744544926859 observed shutdown descriptor for replica 178714744544926864 with final counter Some(1)
[2026-08-19T14:02:43.162Z INFO  gresse::replica] replica 178714744544926859 observed shutdown descriptor for replica 178714744544926832 with final counter Some(5)
[2026-08-19T14:02:43.433Z INFO  gresse::replica] replica 178714744544926859 observed shutdown descriptor for replica 178714744544926833 with final counter Some(4)
[2026-08-19T14:02:43.699Z INFO  gresse::replica] replica 178714744544926859 observed shutdown descriptor for replica 178714744544926834 with final counter Some(4)
[2026-08-19T14:02:43.965Z INFO  gresse::replica] replica 178714744544926859 observed shutdown descriptor for replica 178714744544926835 with final counter Some(4)
[2026-08-19T14:02:44.235Z INFO  gresse::replica] replica 178714744544926859 observed shutdown descriptor for replica 178714744544926836 with final counter Some(4)
[2026-08-19T14:02:44.501Z INFO  gresse::replica] replica 178714744544926859 observed shutdown descriptor for replica 178714744544926837 with final counter Some(2)
[2026-08-19T14:02:44.771Z INFO  gresse::replica] replica 178714744544926859 observed shutdown descriptor for replica 178714744544926838 with final counter Some(4)
[2026-08-19T14:02:45.040Z INFO  gresse::replica] replica 178714744544926859 observed shutdown descriptor for replica 178714744544926839 with final counter Some(4)
[2026-08-19T14:02:45.311Z INFO  gresse::replica] replica 178714744544926859 observed shutdown descriptor for replica 178714744544926840 with final counter Some(4)
[2026-08-19T14:02:45.578Z INFO  gresse::replica] replica 178714744544926859 observed shutdown descriptor for replica 178714744544926841 with final counter Some(4)
[2026-08-19T14:02:45.849Z INFO  gresse::replica] replica 178714744544926859 observed shutdown descriptor for replica 178714744544926842 with final counter Some(4)
[2026-08-19T14:02:46.116Z INFO  gresse::replica] replica 178714744544926859 observed shutdown descriptor for replica 178714744544926844 with final counter Some(4)
[2026-08-19T14:02:46.387Z INFO  gresse::replica] replica 178714744544926859 observed shutdown descriptor for replica 178714744544926845 with final counter Some(4)
[2026-08-19T14:02:46.657Z INFO  gresse::replica] replica 178714744544926859 observed shutdown descriptor for replica 178714744544926846 with final counter Some(4)
[2026-08-19T14:02:46.927Z INFO  gresse::replica] replica 178714744544926859 observed shutdown descriptor for replica 178714744544926847 with final counter Some(4)
[2026-08-19T14:02:47.194Z INFO  gresse::replica] replica 178714744544926859 observed shutdown descriptor for replica 178714744544926848 with final counter Some(4)
[2026-08-19T14:02:47.463Z INFO  gresse::replica] replica 178714744544926859 observed shutdown descriptor for replica 178714744544926849 with final counter Some(1)
[2026-08-19T14:02:47.726Z INFO  gresse::replica] replica 178714744544926859 observed shutdown descriptor for replica 178714744544926850 with final counter Some(4)
[2026-08-19T14:02:47.992Z INFO  gresse::replica] replica 178714744544926859 observed shutdown descriptor for replica 178714744544926851 with final counter Some(4)
[2026-08-19T14:02:48.261Z INFO  gresse::replica] replica 178714744544926859 observed shutdown descriptor for replica 178714744544926852 with final counter Some(4)
[2026-08-19T14:02:48.531Z INFO  gresse::replica] replica 178714744544926859 observed shutdown descriptor for replica 178714744544926853 with final counter Some(4)
[2026-08-19T14:02:48.801Z INFO  gresse::replica] replica 178714744544926859 observed shutdown descriptor for replica 178714744544926854 with final counter Some(4)
[2026-08-19T14:02:49.069Z INFO  gresse::replica] replica 178714744544926859 observed shutdown descriptor for replica 178714744544926855 with final counter Some(4)
[2026-08-19T14:02:49.340Z INFO  gresse::replica] replica 178714744544926859 observed shutdown descriptor for replica 178714744544926861 with final counter Some(3)
[2026-08-19T14:02:49.610Z INFO  gresse::replica] replica 178714744544926859 observed shutdown descriptor for replica 178714744544926862 with final counter Some(2)
[2026-08-19T14:02:49.881Z INFO  gresse::replica] replica 178714744544926859 observed shutdown descriptor for replica 178714744544926863 with final counter Some(1)
[2026-08-19T14:02:50.145Z INFO  gresse::replica] replica 178714744544926859 observed shutdown descriptor for replica 178714744544926864 with final counter Some(1)
[2026-08-19T14:02:50.967Z INFO  gresse::replica] replica 178714744544926859 observed shutdown descriptor for replica 178714744544926832 with final counter Some(5)
[2026-08-19T14:02:51.233Z INFO  gresse::replica] replica 178714744544926859 observed shutdown descriptor for replica 178714744544926833 with final counter Some(4)
[2026-08-19T14:02:51.511Z INFO  gresse::replica] replica 178714744544926859 observed shutdown descriptor for replica 178714744544926834 with final counter Some(4)
[2026-08-19T14:02:51.779Z INFO  gresse::replica] replica 178714744544926859 observed shutdown descriptor for replica 178714744544926835 with final counter Some(4)
[2026-08-19T14:02:52.048Z INFO  gresse::replica] replica 178714744544926859 observed shutdown descriptor for replica 178714744544926836 with final counter Some(4)
[2026-08-19T14:02:52.329Z INFO  gresse::replica] replica 178714744544926859 observed shutdown descriptor for replica 178714744544926837 with final counter Some(2)
[2026-08-19T14:02:52.597Z INFO  gresse::replica] replica 178714744544926859 observed shutdown descriptor for replica 178714744544926838 with final counter Some(4)
[2026-08-19T14:02:52.863Z INFO  gresse::replica] replica 178714744544926859 observed shutdown descriptor for replica 178714744544926839 with final counter Some(4)
[2026-08-19T14:02:53.131Z INFO  gresse::replica] replica 178714744544926859 observed shutdown descriptor for replica 178714744544926840 with final counter Some(4)
[2026-08-19T14:02:53.426Z INFO  gresse::replica] replica 178714744544926859 observed shutdown descriptor for replica 178714744544926841 with final counter Some(4)
[2026-08-19T14:02:53.704Z INFO  gresse::replica] replica 178714744544926859 observed shutdown descriptor for replica 178714744544926842 with final counter Some(4)
[2026-08-19T14:02:53.982Z INFO  gresse::replica] replica 178714744544926859 observed shutdown descriptor for replica 178714744544926844 with final counter Some(4)
[2026-08-19T14:02:54.253Z INFO  gresse::replica] replica 178714744544926859 observed shutdown descriptor for replica 178714744544926845 with final counter Some(4)
[2026-08-19T14:02:54.519Z INFO  gresse::replica] replica 178714744544926859 observed shutdown descriptor for replica 178714744544926846 with final counter Some(4)
[2026-08-19T14:02:54.788Z INFO  gresse::replica] replica 178714744544926859 observed shutdown descriptor for replica 178714744544926847 with final counter Some(4)
[2026-08-19T14:02:55.055Z INFO  gresse::replica] replica 178714744544926859 observed shutdown descriptor for replica 178714744544926848 with final counter Some(4)
[2026-08-19T14:02:55.329Z INFO  gresse::replica] replica 178714744544926859 observed shutdown descriptor for replica 178714744544926849 with final counter Some(1)
[2026-08-19T14:02:55.621Z INFO  gresse::replica] replica 178714744544926859 observed shutdown descriptor for replica 178714744544926850 with final counter Some(4)
[2026-08-19T14:02:55.891Z INFO  gresse::replica] replica 178714744544926859 observed shutdown descriptor for replica 178714744544926851 with final counter Some(4)
[2026-08-19T14:02:56.159Z INFO  gresse::replica] replica 178714744544926859 observed shutdown descriptor for replica 178714744544926852 with final counter Some(4)
[2026-08-19T14:02:56.428Z INFO  gresse::replica] replica 178714744544926859 observed shutdown descriptor for replica 178714744544926853 with final counter Some(4)
[2026-08-19T14:02:56.693Z INFO  gresse::replica] replica 178714744544926859 observed shutdown descriptor for replica 178714744544926854 with final counter Some(4)
[2026-08-19T14:02:56.965Z INFO  gresse::replica] replica 178714744544926859 observed shutdown descriptor for replica 178714744544926855 with final counter Some(4)
[2026-08-19T14:02:57.252Z INFO  gresse::replica] replica 178714744544926859 observed shutdown descriptor for replica 178714744544926856 with final counter Some(4)
[2026-08-19T14:02:57.521Z INFO  gresse::replica] replica 178714744544926859 observed shutdown descriptor for replica 178714744544926861 with final counter Some(3)
[2026-08-19T14:02:57.785Z INFO  gresse::replica] replica 178714744544926859 observed shutdown descriptor for replica 178714744544926862 with final counter Some(2)
[2026-08-19T14:02:58.053Z INFO  gresse::replica] replica 178714744544926859 observed shutdown descriptor for replica 178714744544926863 with final counter Some(1)
[2026-08-19T14:02:58.323Z INFO  gresse::replica] replica 178714744544926859 observed shutdown descriptor for replica 178714744544926864 with final counter Some(1)
[2026-08-19T14:02:59.015Z WARN  gresse::network] peer connection write failed: Broken pipe (os error 32)
[2026-08-19T14:02:59.120Z INFO  gresse::replica] replica 178714744544926859 observed shutdown descriptor for replica 178714744544926832 with final counter Some(5)
[2026-08-19T14:02:59.390Z INFO  gresse::replica] replica 178714744544926859 observed shutdown descriptor for replica 178714744544926833 with final counter Some(4)
[2026-08-19T14:02:59.659Z INFO  gresse::replica] replica 178714744544926859 observed shutdown descriptor for replica 178714744544926834 with final counter Some(4)
[2026-08-19T14:02:59.924Z INFO  gresse::replica] replica 178714744544926859 observed shutdown descriptor for replica 178714744544926835 with final counter Some(4)
[2026-08-19T14:03:00.197Z INFO  gresse::replica] replica 178714744544926859 observed shutdown descriptor for replica 178714744544926836 with final counter Some(4)
[2026-08-19T14:03:00.466Z INFO  gresse::replica] replica 178714744544926859 observed shutdown descriptor for replica 178714744544926837 with final counter Some(2)
[2026-08-19T14:03:00.740Z INFO  gresse::replica] replica 178714744544926859 observed shutdown descriptor for replica 178714744544926838 with final counter Some(4)
[2026-08-19T14:03:01.008Z INFO  gresse::replica] replica 178714744544926859 observed shutdown descriptor for replica 178714744544926839 with final counter Some(4)
[2026-08-19T14:03:01.273Z INFO  gresse::replica] replica 178714744544926859 observed shutdown descriptor for replica 178714744544926840 with final counter Some(4)
[2026-08-19T14:03:01.549Z INFO  gresse::replica] replica 178714744544926859 observed shutdown descriptor for replica 178714744544926841 with final counter Some(4)
[2026-08-19T14:03:01.834Z INFO  gresse::replica] replica 178714744544926859 observed shutdown descriptor for replica 178714744544926842 with final counter Some(4)
[2026-08-19T14:03:02.103Z INFO  gresse::replica] replica 178714744544926859 observed shutdown descriptor for replica 178714744544926844 with final counter Some(4)
[2026-08-19T14:03:02.382Z INFO  gresse::replica] replica 178714744544926859 observed shutdown descriptor for replica 178714744544926845 with final counter Some(4)
[2026-08-19T14:03:02.661Z INFO  gresse::replica] replica 178714744544926859 observed shutdown descriptor for replica 178714744544926846 with final counter Some(4)
[2026-08-19T14:03:02.933Z INFO  gresse::replica] replica 178714744544926859 observed shutdown descriptor for replica 178714744544926847 with final counter Some(4)
[2026-08-19T14:03:03.200Z INFO  gresse::replica] replica 178714744544926859 observed shutdown descriptor for replica 178714744544926848 with final counter Some(4)
[2026-08-19T14:03:03.470Z INFO  gresse::replica] replica 178714744544926859 observed shutdown descriptor for replica 178714744544926849 with final counter Some(1)
[2026-08-19T14:03:03.738Z INFO  gresse::replica] replica 178714744544926859 observed shutdown descriptor for replica 178714744544926850 with final counter Some(4)
[2026-08-19T14:03:04.009Z INFO  gresse::replica] replica 178714744544926859 observed shutdown descriptor for replica 178714744544926851 with final counter Some(4)
[2026-08-19T14:03:04.279Z INFO  gresse::replica] replica 178714744544926859 observed shutdown descriptor for replica 178714744544926852 with final counter Some(4)
[2026-08-19T14:03:04.549Z INFO  gresse::replica] replica 178714744544926859 observed shutdown descriptor for replica 178714744544926853 with final counter Some(4)
[2026-08-19T14:03:04.819Z INFO  gresse::replica] replica 178714744544926859 observed shutdown descriptor for replica 178714744544926854 with final counter Some(4)
[2026-08-19T14:03:05.086Z INFO  gresse::replica] replica 178714744544926859 observed shutdown descriptor for replica 178714744544926855 with final counter Some(4)
[2026-08-19T14:03:05.354Z INFO  gresse::replica] replica 178714744544926859 observed shutdown descriptor for replica 178714744544926856 with final counter Some(4)
[2026-08-19T14:03:05.626Z INFO  gresse::replica] replica 178714744544926859 observed shutdown descriptor for replica 178714744544926857 with final counter Some(4)
[2026-08-19T14:03:05.894Z INFO  gresse::replica] replica 178714744544926859 observed shutdown descriptor for replica 178714744544926861 with final counter Some(3)
[2026-08-19T14:03:06.167Z INFO  gresse::replica] replica 178714744544926859 observed shutdown descriptor for replica 178714744544926862 with final counter Some(2)
[2026-08-19T14:03:06.437Z INFO  gresse::replica] replica 178714744544926859 observed shutdown descriptor for replica 178714744544926863 with final counter Some(1)
[2026-08-19T14:03:06.708Z INFO  gresse::replica] replica 178714744544926859 observed shutdown descriptor for replica 178714744544926864 with final counter Some(1)
[2026-08-19T14:03:07.261Z INFO  gresse::replica] replica 178714744544926859 observed shutdown descriptor for replica 178714744544926832 with final counter Some(5)
[2026-08-19T14:03:07.530Z INFO  gresse::replica] replica 178714744544926859 observed shutdown descriptor for replica 178714744544926833 with final counter Some(4)
[2026-08-19T14:03:07.805Z INFO  gresse::replica] replica 178714744544926859 observed shutdown descriptor for replica 178714744544926834 with final counter Some(4)
[2026-08-19T14:03:08.069Z INFO  gresse::replica] replica 178714744544926859 observed shutdown descriptor for replica 178714744544926835 with final counter Some(4)
[2026-08-19T14:03:08.361Z INFO  gresse::replica] replica 178714744544926859 observed shutdown descriptor for replica 178714744544926836 with final counter Some(4)
[2026-08-19T14:03:08.632Z INFO  gresse::replica] replica 178714744544926859 observed shutdown descriptor for replica 178714744544926837 with final counter Some(2)
[2026-08-19T14:03:08.901Z INFO  gresse::replica] replica 178714744544926859 observed shutdown descriptor for replica 178714744544926838 with final counter Some(4)
[2026-08-19T14:03:09.170Z INFO  gresse::replica] replica 178714744544926859 observed shutdown descriptor for replica 178714744544926839 with final counter Some(4)
[2026-08-19T14:03:09.436Z INFO  gresse::replica] replica 178714744544926859 observed shutdown descriptor for replica 178714744544926840 with final counter Some(4)
[2026-08-19T14:03:09.702Z INFO  gresse::replica] replica 178714744544926859 observed shutdown descriptor for replica 178714744544926841 with final counter Some(4)
[2026-08-19T14:03:09.975Z INFO  gresse::replica] replica 178714744544926859 observed shutdown descriptor for replica 178714744544926842 with final counter Some(4)
[2026-08-19T14:03:10.254Z INFO  gresse::replica] replica 178714744544926859 observed shutdown descriptor for replica 178714744544926844 with final counter Some(4)
[2026-08-19T14:03:10.520Z INFO  gresse::replica] replica 178714744544926859 observed shutdown descriptor for replica 178714744544926845 with final counter Some(4)
[2026-08-19T14:03:10.791Z INFO  gresse::replica] replica 178714744544926859 observed shutdown descriptor for replica 178714744544926846 with final counter Some(4)
[2026-08-19T14:03:11.060Z INFO  gresse::replica] replica 178714744544926859 observed shutdown descriptor for replica 178714744544926847 with final counter Some(4)
[2026-08-19T14:03:11.326Z INFO  gresse::replica] replica 178714744544926859 observed shutdown descriptor for replica 178714744544926848 with final counter Some(4)
[2026-08-19T14:03:11.592Z INFO  gresse::replica] replica 178714744544926859 observed shutdown descriptor for replica 178714744544926849 with final counter Some(1)
[2026-08-19T14:03:11.858Z INFO  gresse::replica] replica 178714744544926859 observed shutdown descriptor for replica 178714744544926850 with final counter Some(4)
[2026-08-19T14:03:12.126Z INFO  gresse::replica] replica 178714744544926859 observed shutdown descriptor for replica 178714744544926851 with final counter Some(4)
[2026-08-19T14:03:12.394Z INFO  gresse::replica] replica 178714744544926859 observed shutdown descriptor for replica 178714744544926852 with final counter Some(4)
[2026-08-19T14:03:12.666Z INFO  gresse::replica] replica 178714744544926859 observed shutdown descriptor for replica 178714744544926853 with final counter Some(4)
[2026-08-19T14:03:12.938Z INFO  gresse::replica] replica 178714744544926859 observed shutdown descriptor for replica 178714744544926854 with final counter Some(4)
[2026-08-19T14:03:13.206Z INFO  gresse::replica] replica 178714744544926859 observed shutdown descriptor for replica 178714744544926855 with final counter Some(4)
[2026-08-19T14:03:13.472Z INFO  gresse::replica] replica 178714744544926859 observed shutdown descriptor for replica 178714744544926856 with final counter Some(4)
[2026-08-19T14:03:13.743Z INFO  gresse::replica] replica 178714744544926859 observed shutdown descriptor for replica 178714744544926857 with final counter Some(4)
[2026-08-19T14:03:14.013Z INFO  gresse::replica] replica 178714744544926859 observed shutdown descriptor for replica 178714744544926861 with final counter Some(3)
[2026-08-19T14:03:14.282Z INFO  gresse::replica] replica 178714744544926859 observed shutdown descriptor for replica 178714744544926862 with final counter Some(2)
[2026-08-19T14:03:14.551Z INFO  gresse::replica] replica 178714744544926859 observed shutdown descriptor for replica 178714744544926863 with final counter Some(1)
[2026-08-19T14:03:14.822Z INFO  gresse::replica] replica 178714744544926859 observed shutdown descriptor for replica 178714744544926864 with final counter Some(1)
[2026-08-19T14:03:15.094Z WARN  gresse::network] peer connection write failed: Broken pipe (os error 32)
[2026-08-19T14:03:15.395Z INFO  gresse::replica] replica 178714744544926859 observed shutdown descriptor for replica 178714744544926832 with final counter Some(5)
[2026-08-19T14:03:15.666Z INFO  gresse::replica] replica 178714744544926859 observed shutdown descriptor for replica 178714744544926833 with final counter Some(4)
[2026-08-19T14:03:15.932Z INFO  gresse::replica] replica 178714744544926859 observed shutdown descriptor for replica 178714744544926834 with final counter Some(4)
[2026-08-19T14:03:16.214Z INFO  gresse::replica] replica 178714744544926859 observed shutdown descriptor for replica 178714744544926835 with final counter Some(4)
[2026-08-19T14:03:16.482Z INFO  gresse::replica] replica 178714744544926859 observed shutdown descriptor for replica 178714744544926836 with final counter Some(4)
[2026-08-19T14:03:16.748Z INFO  gresse::replica] replica 178714744544926859 observed shutdown descriptor for replica 178714744544926837 with final counter Some(2)
[2026-08-19T14:03:17.014Z INFO  gresse::replica] replica 178714744544926859 observed shutdown descriptor for replica 178714744544926838 with final counter Some(4)
[2026-08-19T14:03:17.279Z INFO  gresse::replica] replica 178714744544926859 observed shutdown descriptor for replica 178714744544926839 with final counter Some(4)
[2026-08-19T14:03:17.547Z INFO  gresse::replica] replica 178714744544926859 observed shutdown descriptor for replica 178714744544926840 with final counter Some(4)
[2026-08-19T14:03:17.813Z INFO  gresse::replica] replica 178714744544926859 observed shutdown descriptor for replica 178714744544926841 with final counter Some(4)
[2026-08-19T14:03:18.079Z INFO  gresse::replica] replica 178714744544926859 observed shutdown descriptor for replica 178714744544926842 with final counter Some(4)
[2026-08-19T14:03:18.345Z INFO  gresse::replica] replica 178714744544926859 observed shutdown descriptor for replica 178714744544926844 with final counter Some(4)
[2026-08-19T14:03:18.618Z INFO  gresse::replica] replica 178714744544926859 observed shutdown descriptor for replica 178714744544926845 with final counter Some(4)
[2026-08-19T14:03:18.884Z INFO  gresse::replica] replica 178714744544926859 observed shutdown descriptor for replica 178714744544926846 with final counter Some(4)
[2026-08-19T14:03:19.153Z INFO  gresse::replica] replica 178714744544926859 observed shutdown descriptor for replica 178714744544926847 with final counter Some(4)
[2026-08-19T14:03:19.421Z INFO  gresse::replica] replica 178714744544926859 observed shutdown descriptor for replica 178714744544926848 with final counter Some(4)
[2026-08-19T14:03:19.685Z INFO  gresse::replica] replica 178714744544926859 observed shutdown descriptor for replica 178714744544926849 with final counter Some(1)
[2026-08-19T14:03:19.953Z INFO  gresse::replica] replica 178714744544926859 observed shutdown descriptor for replica 178714744544926850 with final counter Some(4)
[2026-08-19T14:03:20.222Z INFO  gresse::replica] replica 178714744544926859 observed shutdown descriptor for replica 178714744544926851 with final counter Some(4)
[2026-08-19T14:03:20.489Z INFO  gresse::replica] replica 178714744544926859 observed shutdown descriptor for replica 178714744544926852 with final counter Some(4)
[2026-08-19T14:03:20.754Z INFO  gresse::replica] replica 178714744544926859 observed shutdown descriptor for replica 178714744544926853 with final counter Some(4)
[2026-08-19T14:03:21.021Z INFO  gresse::replica] replica 178714744544926859 observed shutdown descriptor for replica 178714744544926854 with final counter Some(4)
[2026-08-19T14:03:21.283Z INFO  gresse::replica] replica 178714744544926859 observed shutdown descriptor for replica 178714744544926855 with final counter Some(4)
[2026-08-19T14:03:21.549Z INFO  gresse::replica] replica 178714744544926859 observed shutdown descriptor for replica 178714744544926856 with final counter Some(4)
[2026-08-19T14:03:21.818Z INFO  gresse::replica] replica 178714744544926859 observed shutdown descriptor for replica 178714744544926857 with final counter Some(4)
[2026-08-19T14:03:22.087Z INFO  gresse::replica] replica 178714744544926859 observed shutdown descriptor for replica 178714744544926858 with final counter Some(4)
[2026-08-19T14:03:22.352Z INFO  gresse::replica] replica 178714744544926859 observed shutdown descriptor for replica 178714744544926861 with final counter Some(3)
[2026-08-19T14:03:22.617Z INFO  gresse::replica] replica 178714744544926859 observed shutdown descriptor for replica 178714744544926862 with final counter Some(2)
[2026-08-19T14:03:22.888Z INFO  gresse::replica] replica 178714744544926859 observed shutdown descriptor for replica 178714744544926863 with final counter Some(1)
[2026-08-19T14:03:23.155Z INFO  gresse::replica] replica 178714744544926859 observed shutdown descriptor for replica 178714744544926864 with final counter Some(1)
[2026-08-19T14:03:23.423Z INFO  gresse::replica] shutdown signal received for replica 178714744544926859
[2026-08-19T14:03:23.423Z INFO  gresse::replica] replica 178714744544926859 shutting down with 2 connected writers
[2026-08-19T14:03:24.441Z INFO  gresse::network] network manager for replica 178714744544926859 shutdown complete
[2026-08-19T14:03:24.441Z INFO  gresse::http_server] http server received shutdown signal
[2026-08-19T14:03:24.441Z INFO  gresse::http_server] http server shutdown complete
