[2026-08-19T13:53:03.664Z INFO  gresse::http_server] running CRDT HTTP server
[2026-08-19T13:53:03.664Z INFO  gresse::http_server] listening for HTTP on 0.0.0.0:18082
[2026-08-19T13:53:03.712Z INFO  gresse::replica] replica 178714744544926858 initiating runtime at bind_http=0.0.0.0:18082 bind_internal=0.0.0.0:19082 advertised_internal=13.193.126.237:19082
[2026-08-19T13:53:04.473Z INFO  gresse::object_storage] object storage connection established: backend=s3, bucket=gresse-geo-035351467464-20260819104151-566c04, region=eu-north-1, endpoint=AWS default endpoint resolution, first_operation=get, object_path=acm-sec-geo-churn-smoke-20260819T135045Z-25226496/persistent.json
[2026-08-19T13:53:04.706Z INFO  gresse::network] replica 178714744544926858 registered bidirectional network channel for replica 178714744544926852
[2026-08-19T13:53:04.750Z INFO  gresse::replica] replica 178714744544926858 discovered 28 membership descriptors during init
[2026-08-19T13:53:04.750Z INFO  gresse::network] replica 178714744544926858 discovered network member NetworkMember { pid: 178714744544926831, address: 16.170.40.83:19080, final_counter: None }
[2026-08-19T13:53:04.750Z INFO  gresse::network] replica 178714744544926858 discovered network member NetworkMember { pid: 178714744544926832, address: 16.170.40.83:19081, final_counter: None }
[2026-08-19T13:53:04.750Z INFO  gresse::network] replica 178714744544926858 discovered network member NetworkMember { pid: 178714744544926833, address: 16.170.40.83:19082, final_counter: None }
[2026-08-19T13:53:04.750Z INFO  gresse::network] replica 178714744544926858 discovered network member NetworkMember { pid: 178714744544926834, address: 16.170.40.83:19083, final_counter: None }
[2026-08-19T13:53:04.750Z INFO  gresse::network] replica 178714744544926858 discovered network member NetworkMember { pid: 178714744544926835, address: 16.170.40.83:19084, final_counter: None }
[2026-08-19T13:53:04.750Z INFO  gresse::network] replica 178714744544926858 discovered network member NetworkMember { pid: 178714744544926836, address: 63.186.69.1:19080, final_counter: None }
[2026-08-19T13:53:04.750Z INFO  gresse::network] replica 178714744544926858 discovered network member NetworkMember { pid: 178714744544926837, address: 63.186.69.1:19081, final_counter: None }
[2026-08-19T13:53:04.750Z INFO  gresse::network] replica 178714744544926858 discovered network member NetworkMember { pid: 178714744544926838, address: 63.186.69.1:19082, final_counter: None }
[2026-08-19T13:53:04.750Z INFO  gresse::network] replica 178714744544926858 discovered network member NetworkMember { pid: 178714744544926839, address: 63.186.69.1:19083, final_counter: None }
[2026-08-19T13:53:04.750Z INFO  gresse::network] replica 178714744544926858 discovered network member NetworkMember { pid: 178714744544926840, address: 63.186.69.1:19084, final_counter: None }
[2026-08-19T13:53:04.750Z INFO  gresse::network] replica 178714744544926858 discovered network member NetworkMember { pid: 178714744544926841, address: 13.219.225.164:19080, final_counter: None }
[2026-08-19T13:53:04.750Z INFO  gresse::network] replica 178714744544926858 discovered network member NetworkMember { pid: 178714744544926842, address: 13.219.225.164:19081, final_counter: None }
[2026-08-19T13:53:04.750Z INFO  gresse::network] replica 178714744544926858 discovered network member NetworkMember { pid: 178714744544926843, address: 13.219.225.164:19082, final_counter: None }
[2026-08-19T13:53:04.750Z INFO  gresse::network] replica 178714744544926858 discovered network member NetworkMember { pid: 178714744544926844, address: 13.219.225.164:19083, final_counter: None }
[2026-08-19T13:53:04.750Z INFO  gresse::network] replica 178714744544926858 discovered network member NetworkMember { pid: 178714744544926845, address: 13.219.225.164:19084, final_counter: None }
[2026-08-19T13:53:04.750Z INFO  gresse::network] replica 178714744544926858 discovered network member NetworkMember { pid: 178714744544926846, address: 54.184.138.82:19080, final_counter: None }
[2026-08-19T13:53:04.750Z INFO  gresse::network] replica 178714744544926858 discovered network member NetworkMember { pid: 178714744544926847, address: 54.184.138.82:19081, final_counter: None }
[2026-08-19T13:53:04.750Z INFO  gresse::network] replica 178714744544926858 discovered network member NetworkMember { pid: 178714744544926848, address: 54.184.138.82:19082, final_counter: None }
[2026-08-19T13:53:04.750Z INFO  gresse::network] replica 178714744544926858 discovered network member NetworkMember { pid: 178714744544926849, address: 54.184.138.82:19083, final_counter: None }
[2026-08-19T13:53:04.750Z INFO  gresse::network] replica 178714744544926858 discovered network member NetworkMember { pid: 178714744544926850, address: 54.184.138.82:19084, final_counter: None }
[2026-08-19T13:53:04.750Z INFO  gresse::network] replica 178714744544926858 discovered network member NetworkMember { pid: 178714744544926851, address: 47.129.167.193:19080, final_counter: None }
[2026-08-19T13:53:04.750Z INFO  gresse::network] replica 178714744544926858 discovered network member NetworkMember { pid: 178714744544926853, address: 47.129.167.193:19082, final_counter: None }
[2026-08-19T13:53:04.750Z INFO  gresse::network] replica 178714744544926858 discovered network member NetworkMember { pid: 178714744544926854, address: 47.129.167.193:19083, final_counter: None }
[2026-08-19T13:53:04.750Z INFO  gresse::network] replica 178714744544926858 discovered network member NetworkMember { pid: 178714744544926855, address: 47.129.167.193:19084, final_counter: None }
[2026-08-19T13:53:04.750Z INFO  gresse::network] replica 178714744544926858 discovered network member NetworkMember { pid: 178714744544926856, address: 13.193.126.237:19080, final_counter: None }
[2026-08-19T13:53:04.750Z INFO  gresse::network] replica 178714744544926858 discovered network member NetworkMember { pid: 178714744544926857, address: 13.193.126.237:19081, final_counter: None }
[2026-08-19T13:53:04.752Z INFO  gresse::network] replica 178714744544926858 registered bidirectional network channel for replica 178714744544926857
[2026-08-19T13:53:04.752Z INFO  gresse::network] replica 178714744544926858 registered bidirectional network channel for replica 178714744544926856
[2026-08-19T13:53:04.753Z INFO  gresse::replica] replica 178714744544926858 startup completed
[2026-08-19T13:53:04.753Z INFO  gresse::replica] replica 178714744544926858 established peer replication connection with replica 178714744544926852
[2026-08-19T13:53:04.753Z INFO  gresse::replica] replica 178714744544926858 established peer replication connection with replica 178714744544926857
[2026-08-19T13:53:04.753Z INFO  gresse::replica] replica 178714744544926858 established peer replication connection with replica 178714744544926856
[2026-08-19T13:53:04.887Z INFO  gresse::network] replica 178714744544926858 registered bidirectional network channel for replica 178714744544926853
[2026-08-19T13:53:04.887Z INFO  gresse::replica] replica 178714744544926858 established peer replication connection with replica 178714744544926853
[2026-08-19T13:53:04.889Z INFO  gresse::network] replica 178714744544926858 registered bidirectional network channel for replica 178714744544926854
[2026-08-19T13:53:04.889Z INFO  gresse::replica] replica 178714744544926858 established peer replication connection with replica 178714744544926854
[2026-08-19T13:53:04.890Z INFO  gresse::network] replica 178714744544926858 registered bidirectional network channel for replica 178714744544926851
[2026-08-19T13:53:04.890Z INFO  gresse::network] replica 178714744544926858 registered bidirectional network channel for replica 178714744544926855
[2026-08-19T13:53:04.890Z INFO  gresse::replica] replica 178714744544926858 established peer replication connection with replica 178714744544926851
[2026-08-19T13:53:04.890Z INFO  gresse::replica] replica 178714744544926858 established peer replication connection with replica 178714744544926855
[2026-08-19T13:53:04.944Z INFO  gresse::network] replica 178714744544926858 registered bidirectional network channel for replica 178714744544926850
[2026-08-19T13:53:04.944Z INFO  gresse::replica] replica 178714744544926858 established peer replication connection with replica 178714744544926850
[2026-08-19T13:53:04.945Z INFO  gresse::network] replica 178714744544926858 registered bidirectional network channel for replica 178714744544926849
[2026-08-19T13:53:04.945Z INFO  gresse::replica] replica 178714744544926858 established peer replication connection with replica 178714744544926849
[2026-08-19T13:53:04.946Z INFO  gresse::network] replica 178714744544926858 registered bidirectional network channel for replica 178714744544926847
[2026-08-19T13:53:04.946Z INFO  gresse::replica] replica 178714744544926858 established peer replication connection with replica 178714744544926847
[2026-08-19T13:53:04.946Z INFO  gresse::network] replica 178714744544926858 registered bidirectional network channel for replica 178714744544926846
[2026-08-19T13:53:04.947Z INFO  gresse::replica] replica 178714744544926858 established peer replication connection with replica 178714744544926846
[2026-08-19T13:53:04.948Z INFO  gresse::network] replica 178714744544926858 registered bidirectional network channel for replica 178714744544926848
[2026-08-19T13:53:04.948Z INFO  gresse::replica] replica 178714744544926858 established peer replication connection with replica 178714744544926848
[2026-08-19T13:53:05.041Z INFO  gresse::network] replica 178714744544926858 registered bidirectional network channel for replica 178714744544926843
[2026-08-19T13:53:05.041Z INFO  gresse::replica] replica 178714744544926858 established peer replication connection with replica 178714744544926843
[2026-08-19T13:53:05.043Z INFO  gresse::network] replica 178714744544926858 registered bidirectional network channel for replica 178714744544926842
[2026-08-19T13:53:05.043Z INFO  gresse::replica] replica 178714744544926858 established peer replication connection with replica 178714744544926842
[2026-08-19T13:53:05.044Z INFO  gresse::network] replica 178714744544926858 registered bidirectional network channel for replica 178714744544926841
[2026-08-19T13:53:05.044Z INFO  gresse::replica] replica 178714744544926858 established peer replication connection with replica 178714744544926841
[2026-08-19T13:53:05.049Z INFO  gresse::network] replica 178714744544926858 registered bidirectional network channel for replica 178714744544926845
[2026-08-19T13:53:05.049Z INFO  gresse::replica] replica 178714744544926858 established peer replication connection with replica 178714744544926845
[2026-08-19T13:53:05.050Z INFO  gresse::network] replica 178714744544926858 registered bidirectional network channel for replica 178714744544926844
[2026-08-19T13:53:05.050Z INFO  gresse::replica] replica 178714744544926858 established peer replication connection with replica 178714744544926844
[2026-08-19T13:53:05.137Z INFO  gresse::network] replica 178714744544926858 registered bidirectional network channel for replica 178714744544926840
[2026-08-19T13:53:05.137Z INFO  gresse::replica] replica 178714744544926858 established peer replication connection with replica 178714744544926840
[2026-08-19T13:53:05.173Z INFO  gresse::network] replica 178714744544926858 registered bidirectional network channel for replica 178714744544926835
[2026-08-19T13:53:05.173Z INFO  gresse::replica] replica 178714744544926858 established peer replication connection with replica 178714744544926835
[2026-08-19T13:53:05.198Z INFO  gresse::network] replica 178714744544926858 registered bidirectional network channel for replica 178714744544926839
[2026-08-19T13:53:05.198Z INFO  gresse::replica] replica 178714744544926858 established peer replication connection with replica 178714744544926839
[2026-08-19T13:53:05.202Z INFO  gresse::network] replica 178714744544926858 registered bidirectional network channel for replica 178714744544926836
[2026-08-19T13:53:05.202Z INFO  gresse::replica] replica 178714744544926858 established peer replication connection with replica 178714744544926836
[2026-08-19T13:53:05.221Z INFO  gresse::network] replica 178714744544926858 registered bidirectional network channel for replica 178714744544926838
[2026-08-19T13:53:05.221Z INFO  gresse::replica] replica 178714744544926858 established peer replication connection with replica 178714744544926838
[2026-08-19T13:53:05.221Z INFO  gresse::network] replica 178714744544926858 registered bidirectional network channel for replica 178714744544926837
[2026-08-19T13:53:05.221Z INFO  gresse::replica] replica 178714744544926858 established peer replication connection with replica 178714744544926837
[2026-08-19T13:53:05.238Z INFO  gresse::network] replica 178714744544926858 registered bidirectional network channel for replica 178714744544926833
[2026-08-19T13:53:05.238Z INFO  gresse::replica] replica 178714744544926858 established peer replication connection with replica 178714744544926833
[2026-08-19T13:53:05.240Z INFO  gresse::network] replica 178714744544926858 registered bidirectional network channel for replica 178714744544926834
[2026-08-19T13:53:05.241Z INFO  gresse::replica] replica 178714744544926858 established peer replication connection with replica 178714744544926834
[2026-08-19T13:53:05.258Z INFO  gresse::network] replica 178714744544926858 registered bidirectional network channel for replica 178714744544926832
[2026-08-19T13:53:05.258Z INFO  gresse::replica] replica 178714744544926858 established peer replication connection with replica 178714744544926832
[2026-08-19T13:53:05.263Z INFO  gresse::network] replica 178714744544926858 registered bidirectional network channel for replica 178714744544926831
[2026-08-19T13:53:05.263Z INFO  gresse::replica] replica 178714744544926858 established peer replication connection with replica 178714744544926831
[2026-08-19T13:53:13.012Z INFO  gresse::network] replica 178714744544926858 registered bidirectional network channel for replica 178714744544926859
[2026-08-19T13:53:13.012Z INFO  gresse::replica] replica 178714744544926858 established peer replication connection with replica 178714744544926859
[2026-08-19T13:53:21.294Z INFO  gresse::network] replica 178714744544926858 registered bidirectional network channel for replica 178714744544926860
[2026-08-19T13:53:21.294Z INFO  gresse::replica] replica 178714744544926858 established peer replication connection with replica 178714744544926860
[2026-08-19T13:53:40.754Z WARN  gresse::network] peer connection write failed: Broken pipe (os error 32)
[2026-08-19T13:54:00.754Z WARN  gresse::replica] replica 178714744544926858 deferred pull request to peer 178714744544926840: channel closed
[2026-08-19T13:54:15.754Z WARN  gresse::network] peer connection write failed: Broken pipe (os error 32)
[2026-08-19T13:54:39.754Z WARN  gresse::replica] replica 178714744544926858 deferred pull request to peer 178714744544926835: channel closed
[2026-08-19T13:55:21.755Z WARN  gresse::network] peer connection write failed: Broken pipe (os error 32)
[2026-08-19T13:55:25.814Z INFO  gresse::network] replica 178714744544926858 registered bidirectional network channel for replica 178714744544926861
[2026-08-19T13:55:25.814Z INFO  gresse::replica] replica 178714744544926858 established peer replication connection with replica 178714744544926861
[2026-08-19T13:55:27.429Z INFO  gresse::network] replica 178714744544926858 registered bidirectional network channel for replica 178714744544926862
[2026-08-19T13:55:27.429Z INFO  gresse::replica] replica 178714744544926858 established peer replication connection with replica 178714744544926862
[2026-08-19T13:55:46.755Z WARN  gresse::replica] replica 178714744544926858 deferred pull request to peer 178714744544926843: channel closed
[2026-08-19T13:56:08.754Z WARN  gresse::network] peer connection write failed: Broken pipe (os error 32)
[2026-08-19T13:56:13.974Z INFO  gresse::replica] replica 178714744544926858 observed shutdown descriptor for replica 178714744544926837 with final counter Some(2)
[2026-08-19T13:56:14.241Z INFO  gresse::replica] replica 178714744544926858 observed shutdown descriptor for replica 178714744544926849 with final counter Some(1)
[2026-08-19T13:56:18.975Z INFO  gresse::replica] replica 178714744544926858 observed shutdown descriptor for replica 178714744544926837 with final counter Some(2)
[2026-08-19T13:56:19.240Z INFO  gresse::replica] replica 178714744544926858 observed shutdown descriptor for replica 178714744544926849 with final counter Some(1)
[2026-08-19T13:56:23.980Z INFO  gresse::replica] replica 178714744544926858 observed shutdown descriptor for replica 178714744544926837 with final counter Some(2)
[2026-08-19T13:56:24.251Z INFO  gresse::replica] replica 178714744544926858 observed shutdown descriptor for replica 178714744544926849 with final counter Some(1)
[2026-08-19T13:56:28.975Z INFO  gresse::replica] replica 178714744544926858 observed shutdown descriptor for replica 178714744544926837 with final counter Some(2)
[2026-08-19T13:56:29.239Z INFO  gresse::replica] replica 178714744544926858 observed shutdown descriptor for replica 178714744544926849 with final counter Some(1)
[2026-08-19T13:56:33.976Z INFO  gresse::replica] replica 178714744544926858 observed shutdown descriptor for replica 178714744544926837 with final counter Some(2)
[2026-08-19T13:56:34.245Z INFO  gresse::replica] replica 178714744544926858 observed shutdown descriptor for replica 178714744544926849 with final counter Some(1)
[2026-08-19T13:56:35.754Z WARN  gresse::replica] replica 178714744544926858 deferred pull request to peer 178714744544926831: channel closed
[2026-08-19T13:56:38.979Z INFO  gresse::replica] replica 178714744544926858 observed shutdown descriptor for replica 178714744544926837 with final counter Some(2)
[2026-08-19T13:56:39.244Z INFO  gresse::replica] replica 178714744544926858 observed shutdown descriptor for replica 178714744544926849 with final counter Some(1)
[2026-08-19T13:56:43.976Z INFO  gresse::replica] replica 178714744544926858 observed shutdown descriptor for replica 178714744544926837 with final counter Some(2)
[2026-08-19T13:56:44.243Z INFO  gresse::replica] replica 178714744544926858 observed shutdown descriptor for replica 178714744544926849 with final counter Some(1)
[2026-08-19T13:56:48.981Z INFO  gresse::replica] replica 178714744544926858 observed shutdown descriptor for replica 178714744544926837 with final counter Some(2)
[2026-08-19T13:56:49.249Z INFO  gresse::replica] replica 178714744544926858 observed shutdown descriptor for replica 178714744544926849 with final counter Some(1)
[2026-08-19T13:56:53.980Z INFO  gresse::replica] replica 178714744544926858 observed shutdown descriptor for replica 178714744544926837 with final counter Some(2)
[2026-08-19T13:56:54.249Z INFO  gresse::replica] replica 178714744544926858 observed shutdown descriptor for replica 178714744544926849 with final counter Some(1)
[2026-08-19T13:56:56.081Z INFO  gresse::network] replica 178714744544926858 registered bidirectional network channel for replica 178714744544926863
[2026-08-19T13:56:56.081Z INFO  gresse::replica] replica 178714744544926858 established peer replication connection with replica 178714744544926863
[2026-08-19T13:56:58.360Z INFO  gresse::network] replica 178714744544926858 registered bidirectional network channel for replica 178714744544926864
[2026-08-19T13:56:58.360Z INFO  gresse::replica] replica 178714744544926858 established peer replication connection with replica 178714744544926864
[2026-08-19T13:56:58.976Z INFO  gresse::replica] replica 178714744544926858 observed shutdown descriptor for replica 178714744544926837 with final counter Some(2)
[2026-08-19T13:56:59.246Z INFO  gresse::replica] replica 178714744544926858 observed shutdown descriptor for replica 178714744544926849 with final counter Some(1)
[2026-08-19T13:57:03.980Z INFO  gresse::replica] replica 178714744544926858 observed shutdown descriptor for replica 178714744544926837 with final counter Some(2)
[2026-08-19T13:57:04.249Z INFO  gresse::replica] replica 178714744544926858 observed shutdown descriptor for replica 178714744544926849 with final counter Some(1)
[2026-08-19T13:57:08.976Z INFO  gresse::replica] replica 178714744544926858 observed shutdown descriptor for replica 178714744544926837 with final counter Some(2)
[2026-08-19T13:57:09.244Z INFO  gresse::replica] replica 178714744544926858 observed shutdown descriptor for replica 178714744544926849 with final counter Some(1)
[2026-08-19T13:57:13.975Z INFO  gresse::replica] replica 178714744544926858 observed shutdown descriptor for replica 178714744544926837 with final counter Some(2)
[2026-08-19T13:57:14.244Z INFO  gresse::replica] replica 178714744544926858 observed shutdown descriptor for replica 178714744544926849 with final counter Some(1)
[2026-08-19T13:57:18.981Z INFO  gresse::replica] replica 178714744544926858 observed shutdown descriptor for replica 178714744544926837 with final counter Some(2)
[2026-08-19T13:57:19.246Z INFO  gresse::replica] replica 178714744544926858 observed shutdown descriptor for replica 178714744544926849 with final counter Some(1)
[2026-08-19T13:57:23.979Z INFO  gresse::replica] replica 178714744544926858 observed shutdown descriptor for replica 178714744544926837 with final counter Some(2)
[2026-08-19T13:57:24.247Z INFO  gresse::replica] replica 178714744544926858 observed shutdown descriptor for replica 178714744544926849 with final counter Some(1)
[2026-08-19T13:57:28.980Z INFO  gresse::replica] replica 178714744544926858 observed shutdown descriptor for replica 178714744544926837 with final counter Some(2)
[2026-08-19T13:57:29.244Z INFO  gresse::replica] replica 178714744544926858 observed shutdown descriptor for replica 178714744544926849 with final counter Some(1)
[2026-08-19T13:57:33.973Z INFO  gresse::replica] replica 178714744544926858 observed shutdown descriptor for replica 178714744544926837 with final counter Some(2)
[2026-08-19T13:57:34.245Z INFO  gresse::replica] replica 178714744544926858 observed shutdown descriptor for replica 178714744544926849 with final counter Some(1)
[2026-08-19T13:57:38.972Z INFO  gresse::replica] replica 178714744544926858 observed shutdown descriptor for replica 178714744544926837 with final counter Some(2)
[2026-08-19T13:57:39.241Z INFO  gresse::replica] replica 178714744544926858 observed shutdown descriptor for replica 178714744544926849 with final counter Some(1)
[2026-08-19T13:57:43.974Z INFO  gresse::replica] replica 178714744544926858 observed shutdown descriptor for replica 178714744544926837 with final counter Some(2)
[2026-08-19T13:57:44.238Z INFO  gresse::replica] replica 178714744544926858 observed shutdown descriptor for replica 178714744544926849 with final counter Some(1)
[2026-08-19T13:57:48.975Z INFO  gresse::replica] replica 178714744544926858 observed shutdown descriptor for replica 178714744544926837 with final counter Some(2)
[2026-08-19T13:57:49.244Z INFO  gresse::replica] replica 178714744544926858 observed shutdown descriptor for replica 178714744544926849 with final counter Some(1)
[2026-08-19T13:57:53.976Z INFO  gresse::replica] replica 178714744544926858 observed shutdown descriptor for replica 178714744544926837 with final counter Some(2)
[2026-08-19T13:57:54.242Z INFO  gresse::replica] replica 178714744544926858 observed shutdown descriptor for replica 178714744544926849 with final counter Some(1)
[2026-08-19T13:57:58.988Z INFO  gresse::replica] replica 178714744544926858 observed shutdown descriptor for replica 178714744544926837 with final counter Some(2)
[2026-08-19T13:57:59.257Z INFO  gresse::replica] replica 178714744544926858 observed shutdown descriptor for replica 178714744544926849 with final counter Some(1)
[2026-08-19T13:58:04.330Z INFO  gresse::replica] replica 178714744544926858 observed shutdown descriptor for replica 178714744544926837 with final counter Some(2)
[2026-08-19T13:58:04.599Z INFO  gresse::replica] replica 178714744544926858 observed shutdown descriptor for replica 178714744544926849 with final counter Some(1)
[2026-08-19T13:58:08.978Z INFO  gresse::replica] replica 178714744544926858 observed shutdown descriptor for replica 178714744544926837 with final counter Some(2)
[2026-08-19T13:58:09.247Z INFO  gresse::replica] replica 178714744544926858 observed shutdown descriptor for replica 178714744544926849 with final counter Some(1)
[2026-08-19T13:58:13.979Z INFO  gresse::replica] replica 178714744544926858 observed shutdown descriptor for replica 178714744544926837 with final counter Some(2)
[2026-08-19T13:58:14.246Z INFO  gresse::replica] replica 178714744544926858 observed shutdown descriptor for replica 178714744544926849 with final counter Some(1)
[2026-08-19T13:58:18.979Z INFO  gresse::replica] replica 178714744544926858 observed shutdown descriptor for replica 178714744544926837 with final counter Some(2)
[2026-08-19T13:58:19.245Z INFO  gresse::replica] replica 178714744544926858 observed shutdown descriptor for replica 178714744544926849 with final counter Some(1)
[2026-08-19T13:58:23.983Z INFO  gresse::replica] replica 178714744544926858 observed shutdown descriptor for replica 178714744544926837 with final counter Some(2)
[2026-08-19T13:58:24.251Z INFO  gresse::replica] replica 178714744544926858 observed shutdown descriptor for replica 178714744544926849 with final counter Some(1)
[2026-08-19T13:58:28.980Z INFO  gresse::replica] replica 178714744544926858 observed shutdown descriptor for replica 178714744544926837 with final counter Some(2)
[2026-08-19T13:58:29.248Z INFO  gresse::replica] replica 178714744544926858 observed shutdown descriptor for replica 178714744544926849 with final counter Some(1)
[2026-08-19T13:58:33.979Z INFO  gresse::replica] replica 178714744544926858 observed shutdown descriptor for replica 178714744544926837 with final counter Some(2)
[2026-08-19T13:58:34.244Z INFO  gresse::replica] replica 178714744544926858 observed shutdown descriptor for replica 178714744544926849 with final counter Some(1)
[2026-08-19T13:58:38.975Z INFO  gresse::replica] replica 178714744544926858 observed shutdown descriptor for replica 178714744544926837 with final counter Some(2)
[2026-08-19T13:58:39.245Z INFO  gresse::replica] replica 178714744544926858 observed shutdown descriptor for replica 178714744544926849 with final counter Some(1)
[2026-08-19T13:58:43.979Z INFO  gresse::replica] replica 178714744544926858 observed shutdown descriptor for replica 178714744544926837 with final counter Some(2)
[2026-08-19T13:58:44.243Z INFO  gresse::replica] replica 178714744544926858 observed shutdown descriptor for replica 178714744544926849 with final counter Some(1)
[2026-08-19T13:58:48.977Z INFO  gresse::replica] replica 178714744544926858 observed shutdown descriptor for replica 178714744544926837 with final counter Some(2)
[2026-08-19T13:58:49.242Z INFO  gresse::replica] replica 178714744544926858 observed shutdown descriptor for replica 178714744544926849 with final counter Some(1)
[2026-08-19T13:58:53.978Z INFO  gresse::replica] replica 178714744544926858 observed shutdown descriptor for replica 178714744544926837 with final counter Some(2)
[2026-08-19T13:58:54.242Z INFO  gresse::replica] replica 178714744544926858 observed shutdown descriptor for replica 178714744544926849 with final counter Some(1)
[2026-08-19T13:58:58.978Z INFO  gresse::replica] replica 178714744544926858 observed shutdown descriptor for replica 178714744544926837 with final counter Some(2)
[2026-08-19T13:58:59.247Z INFO  gresse::replica] replica 178714744544926858 observed shutdown descriptor for replica 178714744544926849 with final counter Some(1)
[2026-08-19T13:59:04.033Z INFO  gresse::replica] replica 178714744544926858 observed shutdown descriptor for replica 178714744544926837 with final counter Some(2)
[2026-08-19T13:59:04.301Z INFO  gresse::replica] replica 178714744544926858 observed shutdown descriptor for replica 178714744544926849 with final counter Some(1)
[2026-08-19T13:59:08.981Z INFO  gresse::replica] replica 178714744544926858 observed shutdown descriptor for replica 178714744544926837 with final counter Some(2)
[2026-08-19T13:59:09.247Z INFO  gresse::replica] replica 178714744544926858 observed shutdown descriptor for replica 178714744544926849 with final counter Some(1)
[2026-08-19T13:59:13.981Z INFO  gresse::replica] replica 178714744544926858 observed shutdown descriptor for replica 178714744544926837 with final counter Some(2)
[2026-08-19T13:59:14.246Z INFO  gresse::replica] replica 178714744544926858 observed shutdown descriptor for replica 178714744544926849 with final counter Some(1)
[2026-08-19T13:59:18.986Z INFO  gresse::replica] replica 178714744544926858 observed shutdown descriptor for replica 178714744544926837 with final counter Some(2)
[2026-08-19T13:59:19.254Z INFO  gresse::replica] replica 178714744544926858 observed shutdown descriptor for replica 178714744544926849 with final counter Some(1)
[2026-08-19T13:59:23.980Z INFO  gresse::replica] replica 178714744544926858 observed shutdown descriptor for replica 178714744544926837 with final counter Some(2)
[2026-08-19T13:59:24.249Z INFO  gresse::replica] replica 178714744544926858 observed shutdown descriptor for replica 178714744544926849 with final counter Some(1)
[2026-08-19T13:59:29.004Z INFO  gresse::replica] replica 178714744544926858 observed shutdown descriptor for replica 178714744544926837 with final counter Some(2)
[2026-08-19T13:59:29.271Z INFO  gresse::replica] replica 178714744544926858 observed shutdown descriptor for replica 178714744544926849 with final counter Some(1)
[2026-08-19T13:59:33.981Z INFO  gresse::replica] replica 178714744544926858 observed shutdown descriptor for replica 178714744544926837 with final counter Some(2)
[2026-08-19T13:59:34.247Z INFO  gresse::replica] replica 178714744544926858 observed shutdown descriptor for replica 178714744544926849 with final counter Some(1)
[2026-08-19T13:59:38.980Z INFO  gresse::replica] replica 178714744544926858 observed shutdown descriptor for replica 178714744544926837 with final counter Some(2)
[2026-08-19T13:59:39.246Z INFO  gresse::replica] replica 178714744544926858 observed shutdown descriptor for replica 178714744544926849 with final counter Some(1)
[2026-08-19T13:59:43.985Z INFO  gresse::replica] replica 178714744544926858 observed shutdown descriptor for replica 178714744544926837 with final counter Some(2)
[2026-08-19T13:59:44.253Z INFO  gresse::replica] replica 178714744544926858 observed shutdown descriptor for replica 178714744544926849 with final counter Some(1)
[2026-08-19T13:59:48.985Z INFO  gresse::replica] replica 178714744544926858 observed shutdown descriptor for replica 178714744544926837 with final counter Some(2)
[2026-08-19T13:59:49.254Z INFO  gresse::replica] replica 178714744544926858 observed shutdown descriptor for replica 178714744544926849 with final counter Some(1)
[2026-08-19T13:59:53.982Z INFO  gresse::replica] replica 178714744544926858 observed shutdown descriptor for replica 178714744544926837 with final counter Some(2)
[2026-08-19T13:59:54.249Z INFO  gresse::replica] replica 178714744544926858 observed shutdown descriptor for replica 178714744544926849 with final counter Some(1)
[2026-08-19T13:59:58.985Z INFO  gresse::replica] replica 178714744544926858 observed shutdown descriptor for replica 178714744544926837 with final counter Some(2)
[2026-08-19T13:59:59.253Z INFO  gresse::replica] replica 178714744544926858 observed shutdown descriptor for replica 178714744544926849 with final counter Some(1)
[2026-08-19T14:00:03.998Z INFO  gresse::replica] replica 178714744544926858 observed shutdown descriptor for replica 178714744544926837 with final counter Some(2)
[2026-08-19T14:00:04.263Z INFO  gresse::replica] replica 178714744544926858 observed shutdown descriptor for replica 178714744544926849 with final counter Some(1)
[2026-08-19T14:00:08.982Z INFO  gresse::replica] replica 178714744544926858 observed shutdown descriptor for replica 178714744544926832 with final counter Some(5)
[2026-08-19T14:00:09.252Z INFO  gresse::replica] replica 178714744544926858 observed shutdown descriptor for replica 178714744544926833 with final counter Some(4)
[2026-08-19T14:00:09.519Z INFO  gresse::replica] replica 178714744544926858 observed shutdown descriptor for replica 178714744544926834 with final counter Some(4)
[2026-08-19T14:00:09.786Z INFO  gresse::replica] replica 178714744544926858 observed shutdown descriptor for replica 178714744544926837 with final counter Some(2)
[2026-08-19T14:00:10.053Z INFO  gresse::replica] replica 178714744544926858 observed shutdown descriptor for replica 178714744544926849 with final counter Some(1)
[2026-08-19T14:00:10.320Z INFO  gresse::replica] replica 178714744544926858 observed shutdown descriptor for replica 178714744544926861 with final counter Some(3)
[2026-08-19T14:00:13.988Z INFO  gresse::replica] replica 178714744544926858 observed shutdown descriptor for replica 178714744544926832 with final counter Some(5)
[2026-08-19T14:00:14.256Z INFO  gresse::replica] replica 178714744544926858 observed shutdown descriptor for replica 178714744544926833 with final counter Some(4)
[2026-08-19T14:00:14.522Z INFO  gresse::replica] replica 178714744544926858 observed shutdown descriptor for replica 178714744544926834 with final counter Some(4)
[2026-08-19T14:00:14.787Z INFO  gresse::replica] replica 178714744544926858 observed shutdown descriptor for replica 178714744544926835 with final counter Some(4)
[2026-08-19T14:00:15.057Z INFO  gresse::replica] replica 178714744544926858 observed shutdown descriptor for replica 178714744544926836 with final counter Some(4)
[2026-08-19T14:00:15.324Z INFO  gresse::replica] replica 178714744544926858 observed shutdown descriptor for replica 178714744544926837 with final counter Some(2)
[2026-08-19T14:00:15.594Z INFO  gresse::replica] replica 178714744544926858 observed shutdown descriptor for replica 178714744544926838 with final counter Some(4)
[2026-08-19T14:00:15.858Z INFO  gresse::replica] replica 178714744544926858 observed shutdown descriptor for replica 178714744544926849 with final counter Some(1)
[2026-08-19T14:00:16.122Z INFO  gresse::replica] replica 178714744544926858 observed shutdown descriptor for replica 178714744544926861 with final counter Some(3)
[2026-08-19T14:00:16.389Z INFO  gresse::replica] replica 178714744544926858 observed shutdown descriptor for replica 178714744544926863 with final counter Some(1)
[2026-08-19T14:00:18.988Z INFO  gresse::replica] replica 178714744544926858 observed shutdown descriptor for replica 178714744544926832 with final counter Some(5)
[2026-08-19T14:00:19.253Z INFO  gresse::replica] replica 178714744544926858 observed shutdown descriptor for replica 178714744544926833 with final counter Some(4)
[2026-08-19T14:00:19.522Z INFO  gresse::replica] replica 178714744544926858 observed shutdown descriptor for replica 178714744544926834 with final counter Some(4)
[2026-08-19T14:00:20.281Z INFO  gresse::replica] replica 178714744544926858 observed shutdown descriptor for replica 178714744544926835 with final counter Some(4)
[2026-08-19T14:00:20.544Z INFO  gresse::replica] replica 178714744544926858 observed shutdown descriptor for replica 178714744544926836 with final counter Some(4)
[2026-08-19T14:00:20.814Z INFO  gresse::replica] replica 178714744544926858 observed shutdown descriptor for replica 178714744544926837 with final counter Some(2)
[2026-08-19T14:00:21.078Z INFO  gresse::replica] replica 178714744544926858 observed shutdown descriptor for replica 178714744544926838 with final counter Some(4)
[2026-08-19T14:00:21.347Z INFO  gresse::replica] replica 178714744544926858 observed shutdown descriptor for replica 178714744544926839 with final counter Some(4)
[2026-08-19T14:00:21.618Z INFO  gresse::replica] replica 178714744544926858 observed shutdown descriptor for replica 178714744544926840 with final counter Some(4)
[2026-08-19T14:00:21.882Z INFO  gresse::replica] replica 178714744544926858 observed shutdown descriptor for replica 178714744544926841 with final counter Some(4)
[2026-08-19T14:00:22.150Z INFO  gresse::replica] replica 178714744544926858 observed shutdown descriptor for replica 178714744544926849 with final counter Some(1)
[2026-08-19T14:00:22.417Z INFO  gresse::replica] replica 178714744544926858 observed shutdown descriptor for replica 178714744544926861 with final counter Some(3)
[2026-08-19T14:00:22.680Z INFO  gresse::replica] replica 178714744544926858 observed shutdown descriptor for replica 178714744544926863 with final counter Some(1)
[2026-08-19T14:00:24.233Z INFO  gresse::replica] replica 178714744544926858 observed shutdown descriptor for replica 178714744544926832 with final counter Some(5)
[2026-08-19T14:00:24.497Z INFO  gresse::replica] replica 178714744544926858 observed shutdown descriptor for replica 178714744544926833 with final counter Some(4)
[2026-08-19T14:00:24.765Z INFO  gresse::replica] replica 178714744544926858 observed shutdown descriptor for replica 178714744544926834 with final counter Some(4)
[2026-08-19T14:00:25.031Z INFO  gresse::replica] replica 178714744544926858 observed shutdown descriptor for replica 178714744544926835 with final counter Some(4)
[2026-08-19T14:00:25.297Z INFO  gresse::replica] replica 178714744544926858 observed shutdown descriptor for replica 178714744544926836 with final counter Some(4)
[2026-08-19T14:00:25.566Z INFO  gresse::replica] replica 178714744544926858 observed shutdown descriptor for replica 178714744544926837 with final counter Some(2)
[2026-08-19T14:00:25.833Z INFO  gresse::replica] replica 178714744544926858 observed shutdown descriptor for replica 178714744544926838 with final counter Some(4)
[2026-08-19T14:00:26.097Z INFO  gresse::replica] replica 178714744544926858 observed shutdown descriptor for replica 178714744544926839 with final counter Some(4)
[2026-08-19T14:00:26.367Z INFO  gresse::replica] replica 178714744544926858 observed shutdown descriptor for replica 178714744544926840 with final counter Some(4)
[2026-08-19T14:00:26.635Z INFO  gresse::replica] replica 178714744544926858 observed shutdown descriptor for replica 178714744544926841 with final counter Some(4)
[2026-08-19T14:00:26.901Z INFO  gresse::replica] replica 178714744544926858 observed shutdown descriptor for replica 178714744544926842 with final counter Some(4)
[2026-08-19T14:00:27.167Z INFO  gresse::replica] replica 178714744544926858 observed shutdown descriptor for replica 178714744544926849 with final counter Some(1)
[2026-08-19T14:00:27.430Z INFO  gresse::replica] replica 178714744544926858 observed shutdown descriptor for replica 178714744544926861 with final counter Some(3)
[2026-08-19T14:00:27.697Z INFO  gresse::replica] replica 178714744544926858 observed shutdown descriptor for replica 178714744544926863 with final counter Some(1)
[2026-08-19T14:00:29.241Z INFO  gresse::replica] replica 178714744544926858 observed shutdown descriptor for replica 178714744544926832 with final counter Some(5)
[2026-08-19T14:00:29.507Z INFO  gresse::replica] replica 178714744544926858 observed shutdown descriptor for replica 178714744544926833 with final counter Some(4)
[2026-08-19T14:00:29.776Z INFO  gresse::replica] replica 178714744544926858 observed shutdown descriptor for replica 178714744544926834 with final counter Some(4)
[2026-08-19T14:00:30.047Z INFO  gresse::replica] replica 178714744544926858 observed shutdown descriptor for replica 178714744544926835 with final counter Some(4)
[2026-08-19T14:00:30.314Z INFO  gresse::replica] replica 178714744544926858 observed shutdown descriptor for replica 178714744544926836 with final counter Some(4)
[2026-08-19T14:00:30.585Z INFO  gresse::replica] replica 178714744544926858 observed shutdown descriptor for replica 178714744544926837 with final counter Some(2)
[2026-08-19T14:00:30.857Z INFO  gresse::replica] replica 178714744544926858 observed shutdown descriptor for replica 178714744544926838 with final counter Some(4)
[2026-08-19T14:00:31.127Z INFO  gresse::replica] replica 178714744544926858 observed shutdown descriptor for replica 178714744544926839 with final counter Some(4)
[2026-08-19T14:00:31.392Z INFO  gresse::replica] replica 178714744544926858 observed shutdown descriptor for replica 178714744544926840 with final counter Some(4)
[2026-08-19T14:00:31.662Z INFO  gresse::replica] replica 178714744544926858 observed shutdown descriptor for replica 178714744544926841 with final counter Some(4)
[2026-08-19T14:00:31.934Z INFO  gresse::replica] replica 178714744544926858 observed shutdown descriptor for replica 178714744544926842 with final counter Some(4)
[2026-08-19T14:00:32.201Z INFO  gresse::replica] replica 178714744544926858 observed shutdown descriptor for replica 178714744544926849 with final counter Some(1)
[2026-08-19T14:00:32.466Z INFO  gresse::replica] replica 178714744544926858 observed shutdown descriptor for replica 178714744544926861 with final counter Some(3)
[2026-08-19T14:00:32.734Z INFO  gresse::replica] replica 178714744544926858 observed shutdown descriptor for replica 178714744544926862 with final counter Some(2)
[2026-08-19T14:00:33.002Z INFO  gresse::replica] replica 178714744544926858 observed shutdown descriptor for replica 178714744544926863 with final counter Some(1)
[2026-08-19T14:00:33.984Z INFO  gresse::replica] replica 178714744544926858 observed shutdown descriptor for replica 178714744544926832 with final counter Some(5)
[2026-08-19T14:00:34.249Z INFO  gresse::replica] replica 178714744544926858 observed shutdown descriptor for replica 178714744544926833 with final counter Some(4)
[2026-08-19T14:00:34.513Z INFO  gresse::replica] replica 178714744544926858 observed shutdown descriptor for replica 178714744544926834 with final counter Some(4)
[2026-08-19T14:00:34.782Z INFO  gresse::replica] replica 178714744544926858 observed shutdown descriptor for replica 178714744544926835 with final counter Some(4)
[2026-08-19T14:00:35.048Z INFO  gresse::replica] replica 178714744544926858 observed shutdown descriptor for replica 178714744544926836 with final counter Some(4)
[2026-08-19T14:00:35.314Z INFO  gresse::replica] replica 178714744544926858 observed shutdown descriptor for replica 178714744544926837 with final counter Some(2)
[2026-08-19T14:00:35.582Z INFO  gresse::replica] replica 178714744544926858 observed shutdown descriptor for replica 178714744544926838 with final counter Some(4)
[2026-08-19T14:00:35.848Z INFO  gresse::replica] replica 178714744544926858 observed shutdown descriptor for replica 178714744544926839 with final counter Some(4)
[2026-08-19T14:00:36.116Z INFO  gresse::replica] replica 178714744544926858 observed shutdown descriptor for replica 178714744544926840 with final counter Some(4)
[2026-08-19T14:00:36.383Z INFO  gresse::replica] replica 178714744544926858 observed shutdown descriptor for replica 178714744544926841 with final counter Some(4)
[2026-08-19T14:00:36.650Z INFO  gresse::replica] replica 178714744544926858 observed shutdown descriptor for replica 178714744544926842 with final counter Some(4)
[2026-08-19T14:00:36.921Z INFO  gresse::replica] replica 178714744544926858 observed shutdown descriptor for replica 178714744544926844 with final counter Some(4)
[2026-08-19T14:00:37.188Z INFO  gresse::replica] replica 178714744544926858 observed shutdown descriptor for replica 178714744544926849 with final counter Some(1)
[2026-08-19T14:00:37.455Z INFO  gresse::replica] replica 178714744544926858 observed shutdown descriptor for replica 178714744544926861 with final counter Some(3)
[2026-08-19T14:00:37.719Z INFO  gresse::replica] replica 178714744544926858 observed shutdown descriptor for replica 178714744544926862 with final counter Some(2)
[2026-08-19T14:00:37.988Z INFO  gresse::replica] replica 178714744544926858 observed shutdown descriptor for replica 178714744544926863 with final counter Some(1)
[2026-08-19T14:00:38.989Z INFO  gresse::replica] replica 178714744544926858 observed shutdown descriptor for replica 178714744544926832 with final counter Some(5)
[2026-08-19T14:00:39.256Z INFO  gresse::replica] replica 178714744544926858 observed shutdown descriptor for replica 178714744544926833 with final counter Some(4)
[2026-08-19T14:00:39.524Z INFO  gresse::replica] replica 178714744544926858 observed shutdown descriptor for replica 178714744544926834 with final counter Some(4)
[2026-08-19T14:00:39.793Z INFO  gresse::replica] replica 178714744544926858 observed shutdown descriptor for replica 178714744544926835 with final counter Some(4)
[2026-08-19T14:00:40.063Z INFO  gresse::replica] replica 178714744544926858 observed shutdown descriptor for replica 178714744544926836 with final counter Some(4)
[2026-08-19T14:00:40.331Z INFO  gresse::replica] replica 178714744544926858 observed shutdown descriptor for replica 178714744544926837 with final counter Some(2)
[2026-08-19T14:00:40.597Z INFO  gresse::replica] replica 178714744544926858 observed shutdown descriptor for replica 178714744544926838 with final counter Some(4)
[2026-08-19T14:00:40.862Z INFO  gresse::replica] replica 178714744544926858 observed shutdown descriptor for replica 178714744544926839 with final counter Some(4)
[2026-08-19T14:00:41.131Z INFO  gresse::replica] replica 178714744544926858 observed shutdown descriptor for replica 178714744544926840 with final counter Some(4)
[2026-08-19T14:00:41.401Z INFO  gresse::replica] replica 178714744544926858 observed shutdown descriptor for replica 178714744544926841 with final counter Some(4)
[2026-08-19T14:00:41.671Z INFO  gresse::replica] replica 178714744544926858 observed shutdown descriptor for replica 178714744544926842 with final counter Some(4)
[2026-08-19T14:00:41.938Z INFO  gresse::replica] replica 178714744544926858 observed shutdown descriptor for replica 178714744544926844 with final counter Some(4)
[2026-08-19T14:00:42.206Z INFO  gresse::replica] replica 178714744544926858 observed shutdown descriptor for replica 178714744544926845 with final counter Some(4)
[2026-08-19T14:00:42.471Z INFO  gresse::replica] replica 178714744544926858 observed shutdown descriptor for replica 178714744544926849 with final counter Some(1)
[2026-08-19T14:00:42.736Z INFO  gresse::replica] replica 178714744544926858 observed shutdown descriptor for replica 178714744544926861 with final counter Some(3)
[2026-08-19T14:00:42.999Z INFO  gresse::replica] replica 178714744544926858 observed shutdown descriptor for replica 178714744544926862 with final counter Some(2)
[2026-08-19T14:00:43.266Z INFO  gresse::replica] replica 178714744544926858 observed shutdown descriptor for replica 178714744544926863 with final counter Some(1)
[2026-08-19T14:00:43.980Z INFO  gresse::replica] replica 178714744544926858 observed shutdown descriptor for replica 178714744544926832 with final counter Some(5)
[2026-08-19T14:00:44.243Z INFO  gresse::replica] replica 178714744544926858 observed shutdown descriptor for replica 178714744544926833 with final counter Some(4)
[2026-08-19T14:00:44.507Z INFO  gresse::replica] replica 178714744544926858 observed shutdown descriptor for replica 178714744544926834 with final counter Some(4)
[2026-08-19T14:00:44.770Z INFO  gresse::replica] replica 178714744544926858 observed shutdown descriptor for replica 178714744544926835 with final counter Some(4)
[2026-08-19T14:00:45.040Z INFO  gresse::replica] replica 178714744544926858 observed shutdown descriptor for replica 178714744544926836 with final counter Some(4)
[2026-08-19T14:00:45.305Z INFO  gresse::replica] replica 178714744544926858 observed shutdown descriptor for replica 178714744544926837 with final counter Some(2)
[2026-08-19T14:00:45.572Z INFO  gresse::replica] replica 178714744544926858 observed shutdown descriptor for replica 178714744544926838 with final counter Some(4)
[2026-08-19T14:00:45.839Z INFO  gresse::replica] replica 178714744544926858 observed shutdown descriptor for replica 178714744544926839 with final counter Some(4)
[2026-08-19T14:00:46.104Z INFO  gresse::replica] replica 178714744544926858 observed shutdown descriptor for replica 178714744544926840 with final counter Some(4)
[2026-08-19T14:00:46.371Z INFO  gresse::replica] replica 178714744544926858 observed shutdown descriptor for replica 178714744544926841 with final counter Some(4)
[2026-08-19T14:00:46.639Z INFO  gresse::replica] replica 178714744544926858 observed shutdown descriptor for replica 178714744544926842 with final counter Some(4)
[2026-08-19T14:00:46.902Z INFO  gresse::replica] replica 178714744544926858 observed shutdown descriptor for replica 178714744544926844 with final counter Some(4)
[2026-08-19T14:00:47.173Z INFO  gresse::replica] replica 178714744544926858 observed shutdown descriptor for replica 178714744544926845 with final counter Some(4)
[2026-08-19T14:00:47.439Z INFO  gresse::replica] replica 178714744544926858 observed shutdown descriptor for replica 178714744544926849 with final counter Some(1)
[2026-08-19T14:00:47.707Z INFO  gresse::replica] replica 178714744544926858 observed shutdown descriptor for replica 178714744544926861 with final counter Some(3)
[2026-08-19T14:00:47.973Z INFO  gresse::replica] replica 178714744544926858 observed shutdown descriptor for replica 178714744544926862 with final counter Some(2)
[2026-08-19T14:00:48.241Z INFO  gresse::replica] replica 178714744544926858 observed shutdown descriptor for replica 178714744544926863 with final counter Some(1)
[2026-08-19T14:00:48.981Z INFO  gresse::replica] replica 178714744544926858 observed shutdown descriptor for replica 178714744544926832 with final counter Some(5)
[2026-08-19T14:00:49.250Z INFO  gresse::replica] replica 178714744544926858 observed shutdown descriptor for replica 178714744544926833 with final counter Some(4)
[2026-08-19T14:00:49.516Z INFO  gresse::replica] replica 178714744544926858 observed shutdown descriptor for replica 178714744544926834 with final counter Some(4)
[2026-08-19T14:00:49.786Z INFO  gresse::replica] replica 178714744544926858 observed shutdown descriptor for replica 178714744544926835 with final counter Some(4)
[2026-08-19T14:00:50.054Z INFO  gresse::replica] replica 178714744544926858 observed shutdown descriptor for replica 178714744544926836 with final counter Some(4)
[2026-08-19T14:00:51.058Z INFO  gresse::replica] replica 178714744544926858 observed shutdown descriptor for replica 178714744544926837 with final counter Some(2)
[2026-08-19T14:00:51.325Z INFO  gresse::replica] replica 178714744544926858 observed shutdown descriptor for replica 178714744544926838 with final counter Some(4)
[2026-08-19T14:00:51.591Z INFO  gresse::replica] replica 178714744544926858 observed shutdown descriptor for replica 178714744544926839 with final counter Some(4)
[2026-08-19T14:00:51.853Z INFO  gresse::replica] replica 178714744544926858 observed shutdown descriptor for replica 178714744544926840 with final counter Some(4)
[2026-08-19T14:00:52.116Z INFO  gresse::replica] replica 178714744544926858 observed shutdown descriptor for replica 178714744544926841 with final counter Some(4)
[2026-08-19T14:00:52.380Z INFO  gresse::replica] replica 178714744544926858 observed shutdown descriptor for replica 178714744544926842 with final counter Some(4)
[2026-08-19T14:00:52.647Z INFO  gresse::replica] replica 178714744544926858 observed shutdown descriptor for replica 178714744544926844 with final counter Some(4)
[2026-08-19T14:00:52.914Z INFO  gresse::replica] replica 178714744544926858 observed shutdown descriptor for replica 178714744544926845 with final counter Some(4)
[2026-08-19T14:00:53.179Z INFO  gresse::replica] replica 178714744544926858 observed shutdown descriptor for replica 178714744544926846 with final counter Some(4)
[2026-08-19T14:00:53.445Z INFO  gresse::replica] replica 178714744544926858 observed shutdown descriptor for replica 178714744544926849 with final counter Some(1)
[2026-08-19T14:00:53.708Z INFO  gresse::replica] replica 178714744544926858 observed shutdown descriptor for replica 178714744544926861 with final counter Some(3)
[2026-08-19T14:00:53.976Z INFO  gresse::replica] replica 178714744544926858 observed shutdown descriptor for replica 178714744544926862 with final counter Some(2)
[2026-08-19T14:00:54.246Z INFO  gresse::replica] replica 178714744544926858 observed shutdown descriptor for replica 178714744544926863 with final counter Some(1)
[2026-08-19T14:00:55.033Z INFO  gresse::replica] replica 178714744544926858 observed shutdown descriptor for replica 178714744544926832 with final counter Some(5)
[2026-08-19T14:00:55.301Z INFO  gresse::replica] replica 178714744544926858 observed shutdown descriptor for replica 178714744544926833 with final counter Some(4)
[2026-08-19T14:00:55.568Z INFO  gresse::replica] replica 178714744544926858 observed shutdown descriptor for replica 178714744544926834 with final counter Some(4)
[2026-08-19T14:00:55.832Z INFO  gresse::replica] replica 178714744544926858 observed shutdown descriptor for replica 178714744544926835 with final counter Some(4)
[2026-08-19T14:00:56.098Z INFO  gresse::replica] replica 178714744544926858 observed shutdown descriptor for replica 178714744544926836 with final counter Some(4)
[2026-08-19T14:00:56.360Z INFO  gresse::replica] replica 178714744544926858 observed shutdown descriptor for replica 178714744544926837 with final counter Some(2)
[2026-08-19T14:00:56.622Z INFO  gresse::replica] replica 178714744544926858 observed shutdown descriptor for replica 178714744544926838 with final counter Some(4)
[2026-08-19T14:00:56.885Z INFO  gresse::replica] replica 178714744544926858 observed shutdown descriptor for replica 178714744544926839 with final counter Some(4)
[2026-08-19T14:00:57.152Z INFO  gresse::replica] replica 178714744544926858 observed shutdown descriptor for replica 178714744544926840 with final counter Some(4)
[2026-08-19T14:00:57.416Z INFO  gresse::replica] replica 178714744544926858 observed shutdown descriptor for replica 178714744544926841 with final counter Some(4)
[2026-08-19T14:00:57.683Z INFO  gresse::replica] replica 178714744544926858 observed shutdown descriptor for replica 178714744544926842 with final counter Some(4)
[2026-08-19T14:00:57.947Z INFO  gresse::replica] replica 178714744544926858 observed shutdown descriptor for replica 178714744544926844 with final counter Some(4)
[2026-08-19T14:00:58.216Z INFO  gresse::replica] replica 178714744544926858 observed shutdown descriptor for replica 178714744544926845 with final counter Some(4)
[2026-08-19T14:00:58.479Z INFO  gresse::replica] replica 178714744544926858 observed shutdown descriptor for replica 178714744544926846 with final counter Some(4)
[2026-08-19T14:00:58.743Z INFO  gresse::replica] replica 178714744544926858 observed shutdown descriptor for replica 178714744544926849 with final counter Some(1)
[2026-08-19T14:00:59.011Z INFO  gresse::replica] replica 178714744544926858 observed shutdown descriptor for replica 178714744544926861 with final counter Some(3)
[2026-08-19T14:00:59.279Z INFO  gresse::replica] replica 178714744544926858 observed shutdown descriptor for replica 178714744544926862 with final counter Some(2)
[2026-08-19T14:00:59.543Z INFO  gresse::replica] replica 178714744544926858 observed shutdown descriptor for replica 178714744544926863 with final counter Some(1)
[2026-08-19T14:01:00.337Z INFO  gresse::replica] replica 178714744544926858 observed shutdown descriptor for replica 178714744544926832 with final counter Some(5)
[2026-08-19T14:01:00.609Z INFO  gresse::replica] replica 178714744544926858 observed shutdown descriptor for replica 178714744544926833 with final counter Some(4)
[2026-08-19T14:01:00.873Z INFO  gresse::replica] replica 178714744544926858 observed shutdown descriptor for replica 178714744544926834 with final counter Some(4)
[2026-08-19T14:01:01.145Z INFO  gresse::replica] replica 178714744544926858 observed shutdown descriptor for replica 178714744544926835 with final counter Some(4)
[2026-08-19T14:01:01.416Z INFO  gresse::replica] replica 178714744544926858 observed shutdown descriptor for replica 178714744544926836 with final counter Some(4)
[2026-08-19T14:01:01.685Z INFO  gresse::replica] replica 178714744544926858 observed shutdown descriptor for replica 178714744544926837 with final counter Some(2)
[2026-08-19T14:01:01.955Z INFO  gresse::replica] replica 178714744544926858 observed shutdown descriptor for replica 178714744544926838 with final counter Some(4)
[2026-08-19T14:01:02.227Z INFO  gresse::replica] replica 178714744544926858 observed shutdown descriptor for replica 178714744544926839 with final counter Some(4)
[2026-08-19T14:01:02.494Z INFO  gresse::replica] replica 178714744544926858 observed shutdown descriptor for replica 178714744544926840 with final counter Some(4)
[2026-08-19T14:01:02.757Z INFO  gresse::replica] replica 178714744544926858 observed shutdown descriptor for replica 178714744544926841 with final counter Some(4)
[2026-08-19T14:01:03.033Z INFO  gresse::replica] replica 178714744544926858 observed shutdown descriptor for replica 178714744544926842 with final counter Some(4)
[2026-08-19T14:01:03.299Z INFO  gresse::replica] replica 178714744544926858 observed shutdown descriptor for replica 178714744544926844 with final counter Some(4)
[2026-08-19T14:01:03.564Z INFO  gresse::replica] replica 178714744544926858 observed shutdown descriptor for replica 178714744544926845 with final counter Some(4)
[2026-08-19T14:01:03.827Z INFO  gresse::replica] replica 178714744544926858 observed shutdown descriptor for replica 178714744544926846 with final counter Some(4)
[2026-08-19T14:01:04.092Z INFO  gresse::replica] replica 178714744544926858 observed shutdown descriptor for replica 178714744544926847 with final counter Some(4)
[2026-08-19T14:01:04.360Z INFO  gresse::replica] replica 178714744544926858 observed shutdown descriptor for replica 178714744544926849 with final counter Some(1)
[2026-08-19T14:01:04.626Z INFO  gresse::replica] replica 178714744544926858 observed shutdown descriptor for replica 178714744544926861 with final counter Some(3)
[2026-08-19T14:01:04.893Z INFO  gresse::replica] replica 178714744544926858 observed shutdown descriptor for replica 178714744544926862 with final counter Some(2)
[2026-08-19T14:01:05.177Z INFO  gresse::replica] replica 178714744544926858 observed shutdown descriptor for replica 178714744544926863 with final counter Some(1)
[2026-08-19T14:01:05.723Z INFO  gresse::replica] replica 178714744544926858 observed shutdown descriptor for replica 178714744544926832 with final counter Some(5)
[2026-08-19T14:01:05.986Z INFO  gresse::replica] replica 178714744544926858 observed shutdown descriptor for replica 178714744544926833 with final counter Some(4)
[2026-08-19T14:01:06.254Z INFO  gresse::replica] replica 178714744544926858 observed shutdown descriptor for replica 178714744544926834 with final counter Some(4)
[2026-08-19T14:01:06.518Z INFO  gresse::replica] replica 178714744544926858 observed shutdown descriptor for replica 178714744544926835 with final counter Some(4)
[2026-08-19T14:01:06.788Z INFO  gresse::replica] replica 178714744544926858 observed shutdown descriptor for replica 178714744544926836 with final counter Some(4)
[2026-08-19T14:01:07.055Z INFO  gresse::replica] replica 178714744544926858 observed shutdown descriptor for replica 178714744544926837 with final counter Some(2)
[2026-08-19T14:01:07.318Z INFO  gresse::replica] replica 178714744544926858 observed shutdown descriptor for replica 178714744544926838 with final counter Some(4)
[2026-08-19T14:01:07.584Z INFO  gresse::replica] replica 178714744544926858 observed shutdown descriptor for replica 178714744544926839 with final counter Some(4)
[2026-08-19T14:01:07.847Z INFO  gresse::replica] replica 178714744544926858 observed shutdown descriptor for replica 178714744544926840 with final counter Some(4)
[2026-08-19T14:01:08.115Z INFO  gresse::replica] replica 178714744544926858 observed shutdown descriptor for replica 178714744544926841 with final counter Some(4)
[2026-08-19T14:01:08.383Z INFO  gresse::replica] replica 178714744544926858 observed shutdown descriptor for replica 178714744544926842 with final counter Some(4)
[2026-08-19T14:01:08.647Z INFO  gresse::replica] replica 178714744544926858 observed shutdown descriptor for replica 178714744544926844 with final counter Some(4)
[2026-08-19T14:01:08.917Z INFO  gresse::replica] replica 178714744544926858 observed shutdown descriptor for replica 178714744544926845 with final counter Some(4)
[2026-08-19T14:01:09.189Z INFO  gresse::replica] replica 178714744544926858 observed shutdown descriptor for replica 178714744544926846 with final counter Some(4)
[2026-08-19T14:01:09.454Z INFO  gresse::replica] replica 178714744544926858 observed shutdown descriptor for replica 178714744544926847 with final counter Some(4)
[2026-08-19T14:01:09.723Z INFO  gresse::replica] replica 178714744544926858 observed shutdown descriptor for replica 178714744544926849 with final counter Some(1)
[2026-08-19T14:01:09.989Z INFO  gresse::replica] replica 178714744544926858 observed shutdown descriptor for replica 178714744544926861 with final counter Some(3)
[2026-08-19T14:01:10.256Z INFO  gresse::replica] replica 178714744544926858 observed shutdown descriptor for replica 178714744544926862 with final counter Some(2)
[2026-08-19T14:01:10.525Z INFO  gresse::replica] replica 178714744544926858 observed shutdown descriptor for replica 178714744544926863 with final counter Some(1)
[2026-08-19T14:01:11.063Z INFO  gresse::replica] replica 178714744544926858 observed shutdown descriptor for replica 178714744544926832 with final counter Some(5)
[2026-08-19T14:01:11.327Z INFO  gresse::replica] replica 178714744544926858 observed shutdown descriptor for replica 178714744544926833 with final counter Some(4)
[2026-08-19T14:01:11.594Z INFO  gresse::replica] replica 178714744544926858 observed shutdown descriptor for replica 178714744544926834 with final counter Some(4)
[2026-08-19T14:01:11.861Z INFO  gresse::replica] replica 178714744544926858 observed shutdown descriptor for replica 178714744544926835 with final counter Some(4)
[2026-08-19T14:01:12.124Z INFO  gresse::replica] replica 178714744544926858 observed shutdown descriptor for replica 178714744544926836 with final counter Some(4)
[2026-08-19T14:01:12.390Z INFO  gresse::replica] replica 178714744544926858 observed shutdown descriptor for replica 178714744544926837 with final counter Some(2)
[2026-08-19T14:01:12.656Z INFO  gresse::replica] replica 178714744544926858 observed shutdown descriptor for replica 178714744544926838 with final counter Some(4)
[2026-08-19T14:01:12.922Z INFO  gresse::replica] replica 178714744544926858 observed shutdown descriptor for replica 178714744544926839 with final counter Some(4)
[2026-08-19T14:01:13.186Z INFO  gresse::replica] replica 178714744544926858 observed shutdown descriptor for replica 178714744544926840 with final counter Some(4)
[2026-08-19T14:01:13.448Z INFO  gresse::replica] replica 178714744544926858 observed shutdown descriptor for replica 178714744544926841 with final counter Some(4)
[2026-08-19T14:01:13.737Z INFO  gresse::replica] replica 178714744544926858 observed shutdown descriptor for replica 178714744544926842 with final counter Some(4)
[2026-08-19T14:01:13.999Z INFO  gresse::replica] replica 178714744544926858 observed shutdown descriptor for replica 178714744544926844 with final counter Some(4)
[2026-08-19T14:01:14.261Z INFO  gresse::replica] replica 178714744544926858 observed shutdown descriptor for replica 178714744544926845 with final counter Some(4)
[2026-08-19T14:01:14.529Z INFO  gresse::replica] replica 178714744544926858 observed shutdown descriptor for replica 178714744544926846 with final counter Some(4)
[2026-08-19T14:01:14.792Z INFO  gresse::replica] replica 178714744544926858 observed shutdown descriptor for replica 178714744544926847 with final counter Some(4)
[2026-08-19T14:01:15.055Z INFO  gresse::replica] replica 178714744544926858 observed shutdown descriptor for replica 178714744544926848 with final counter Some(4)
[2026-08-19T14:01:15.322Z INFO  gresse::replica] replica 178714744544926858 observed shutdown descriptor for replica 178714744544926849 with final counter Some(1)
[2026-08-19T14:01:15.589Z INFO  gresse::replica] replica 178714744544926858 observed shutdown descriptor for replica 178714744544926861 with final counter Some(3)
[2026-08-19T14:01:15.856Z INFO  gresse::replica] replica 178714744544926858 observed shutdown descriptor for replica 178714744544926862 with final counter Some(2)
[2026-08-19T14:01:16.123Z INFO  gresse::replica] replica 178714744544926858 observed shutdown descriptor for replica 178714744544926863 with final counter Some(1)
[2026-08-19T14:01:16.680Z INFO  gresse::replica] replica 178714744544926858 observed shutdown descriptor for replica 178714744544926832 with final counter Some(5)
[2026-08-19T14:01:16.946Z INFO  gresse::replica] replica 178714744544926858 observed shutdown descriptor for replica 178714744544926833 with final counter Some(4)
[2026-08-19T14:01:17.209Z INFO  gresse::replica] replica 178714744544926858 observed shutdown descriptor for replica 178714744544926834 with final counter Some(4)
[2026-08-19T14:01:17.472Z INFO  gresse::replica] replica 178714744544926858 observed shutdown descriptor for replica 178714744544926835 with final counter Some(4)
[2026-08-19T14:01:17.738Z INFO  gresse::replica] replica 178714744544926858 observed shutdown descriptor for replica 178714744544926836 with final counter Some(4)
[2026-08-19T14:01:18.005Z INFO  gresse::replica] replica 178714744544926858 observed shutdown descriptor for replica 178714744544926837 with final counter Some(2)
[2026-08-19T14:01:18.269Z INFO  gresse::replica] replica 178714744544926858 observed shutdown descriptor for replica 178714744544926838 with final counter Some(4)
[2026-08-19T14:01:18.539Z INFO  gresse::replica] replica 178714744544926858 observed shutdown descriptor for replica 178714744544926839 with final counter Some(4)
[2026-08-19T14:01:18.804Z INFO  gresse::replica] replica 178714744544926858 observed shutdown descriptor for replica 178714744544926840 with final counter Some(4)
[2026-08-19T14:01:19.072Z INFO  gresse::replica] replica 178714744544926858 observed shutdown descriptor for replica 178714744544926841 with final counter Some(4)
[2026-08-19T14:01:19.338Z INFO  gresse::replica] replica 178714744544926858 observed shutdown descriptor for replica 178714744544926842 with final counter Some(4)
[2026-08-19T14:01:19.604Z INFO  gresse::replica] replica 178714744544926858 observed shutdown descriptor for replica 178714744544926844 with final counter Some(4)
[2026-08-19T14:01:19.867Z INFO  gresse::replica] replica 178714744544926858 observed shutdown descriptor for replica 178714744544926845 with final counter Some(4)
[2026-08-19T14:01:20.131Z INFO  gresse::replica] replica 178714744544926858 observed shutdown descriptor for replica 178714744544926846 with final counter Some(4)
[2026-08-19T14:01:20.397Z INFO  gresse::replica] replica 178714744544926858 observed shutdown descriptor for replica 178714744544926847 with final counter Some(4)
[2026-08-19T14:01:20.661Z INFO  gresse::replica] replica 178714744544926858 observed shutdown descriptor for replica 178714744544926848 with final counter Some(4)
[2026-08-19T14:01:20.927Z INFO  gresse::replica] replica 178714744544926858 observed shutdown descriptor for replica 178714744544926849 with final counter Some(1)
[2026-08-19T14:01:21.195Z INFO  gresse::replica] replica 178714744544926858 observed shutdown descriptor for replica 178714744544926861 with final counter Some(3)
[2026-08-19T14:01:21.482Z INFO  gresse::replica] replica 178714744544926858 observed shutdown descriptor for replica 178714744544926862 with final counter Some(2)
[2026-08-19T14:01:21.744Z INFO  gresse::replica] replica 178714744544926858 observed shutdown descriptor for replica 178714744544926863 with final counter Some(1)
[2026-08-19T14:01:22.012Z INFO  gresse::replica] replica 178714744544926858 observed shutdown descriptor for replica 178714744544926864 with final counter Some(1)
[2026-08-19T14:01:22.799Z INFO  gresse::replica] replica 178714744544926858 observed shutdown descriptor for replica 178714744544926832 with final counter Some(5)
[2026-08-19T14:01:23.066Z INFO  gresse::replica] replica 178714744544926858 observed shutdown descriptor for replica 178714744544926833 with final counter Some(4)
[2026-08-19T14:01:23.335Z INFO  gresse::replica] replica 178714744544926858 observed shutdown descriptor for replica 178714744544926834 with final counter Some(4)
[2026-08-19T14:01:23.601Z INFO  gresse::replica] replica 178714744544926858 observed shutdown descriptor for replica 178714744544926835 with final counter Some(4)
[2026-08-19T14:01:23.865Z INFO  gresse::replica] replica 178714744544926858 observed shutdown descriptor for replica 178714744544926836 with final counter Some(4)
[2026-08-19T14:01:24.133Z INFO  gresse::replica] replica 178714744544926858 observed shutdown descriptor for replica 178714744544926837 with final counter Some(2)
[2026-08-19T14:01:24.398Z INFO  gresse::replica] replica 178714744544926858 observed shutdown descriptor for replica 178714744544926838 with final counter Some(4)
[2026-08-19T14:01:24.668Z INFO  gresse::replica] replica 178714744544926858 observed shutdown descriptor for replica 178714744544926839 with final counter Some(4)
[2026-08-19T14:01:24.935Z INFO  gresse::replica] replica 178714744544926858 observed shutdown descriptor for replica 178714744544926840 with final counter Some(4)
[2026-08-19T14:01:25.200Z INFO  gresse::replica] replica 178714744544926858 observed shutdown descriptor for replica 178714744544926841 with final counter Some(4)
[2026-08-19T14:01:25.466Z INFO  gresse::replica] replica 178714744544926858 observed shutdown descriptor for replica 178714744544926842 with final counter Some(4)
[2026-08-19T14:01:25.735Z INFO  gresse::replica] replica 178714744544926858 observed shutdown descriptor for replica 178714744544926844 with final counter Some(4)
[2026-08-19T14:01:26.003Z INFO  gresse::replica] replica 178714744544926858 observed shutdown descriptor for replica 178714744544926845 with final counter Some(4)
[2026-08-19T14:01:26.269Z INFO  gresse::replica] replica 178714744544926858 observed shutdown descriptor for replica 178714744544926846 with final counter Some(4)
[2026-08-19T14:01:26.535Z INFO  gresse::replica] replica 178714744544926858 observed shutdown descriptor for replica 178714744544926847 with final counter Some(4)
[2026-08-19T14:01:26.798Z INFO  gresse::replica] replica 178714744544926858 observed shutdown descriptor for replica 178714744544926848 with final counter Some(4)
[2026-08-19T14:01:27.060Z INFO  gresse::replica] replica 178714744544926858 observed shutdown descriptor for replica 178714744544926849 with final counter Some(1)
[2026-08-19T14:01:27.326Z INFO  gresse::replica] replica 178714744544926858 observed shutdown descriptor for replica 178714744544926861 with final counter Some(3)
[2026-08-19T14:01:27.590Z INFO  gresse::replica] replica 178714744544926858 observed shutdown descriptor for replica 178714744544926862 with final counter Some(2)
[2026-08-19T14:01:27.855Z INFO  gresse::replica] replica 178714744544926858 observed shutdown descriptor for replica 178714744544926863 with final counter Some(1)
[2026-08-19T14:01:28.117Z INFO  gresse::replica] replica 178714744544926858 observed shutdown descriptor for replica 178714744544926864 with final counter Some(1)
[2026-08-19T14:01:28.896Z INFO  gresse::replica] replica 178714744544926858 observed shutdown descriptor for replica 178714744544926832 with final counter Some(5)
[2026-08-19T14:01:29.163Z INFO  gresse::replica] replica 178714744544926858 observed shutdown descriptor for replica 178714744544926833 with final counter Some(4)
[2026-08-19T14:01:29.429Z INFO  gresse::replica] replica 178714744544926858 observed shutdown descriptor for replica 178714744544926834 with final counter Some(4)
[2026-08-19T14:01:29.700Z INFO  gresse::replica] replica 178714744544926858 observed shutdown descriptor for replica 178714744544926835 with final counter Some(4)
[2026-08-19T14:01:29.968Z INFO  gresse::replica] replica 178714744544926858 observed shutdown descriptor for replica 178714744544926836 with final counter Some(4)
[2026-08-19T14:01:30.239Z INFO  gresse::replica] replica 178714744544926858 observed shutdown descriptor for replica 178714744544926837 with final counter Some(2)
[2026-08-19T14:01:30.504Z INFO  gresse::replica] replica 178714744544926858 observed shutdown descriptor for replica 178714744544926838 with final counter Some(4)
[2026-08-19T14:01:30.765Z INFO  gresse::replica] replica 178714744544926858 observed shutdown descriptor for replica 178714744544926839 with final counter Some(4)
[2026-08-19T14:01:31.035Z INFO  gresse::replica] replica 178714744544926858 observed shutdown descriptor for replica 178714744544926840 with final counter Some(4)
[2026-08-19T14:01:31.302Z INFO  gresse::replica] replica 178714744544926858 observed shutdown descriptor for replica 178714744544926841 with final counter Some(4)
[2026-08-19T14:01:31.569Z INFO  gresse::replica] replica 178714744544926858 observed shutdown descriptor for replica 178714744544926842 with final counter Some(4)
[2026-08-19T14:01:31.835Z INFO  gresse::replica] replica 178714744544926858 observed shutdown descriptor for replica 178714744544926844 with final counter Some(4)
[2026-08-19T14:01:32.097Z INFO  gresse::replica] replica 178714744544926858 observed shutdown descriptor for replica 178714744544926845 with final counter Some(4)
[2026-08-19T14:01:32.361Z INFO  gresse::replica] replica 178714744544926858 observed shutdown descriptor for replica 178714744544926846 with final counter Some(4)
[2026-08-19T14:01:32.624Z INFO  gresse::replica] replica 178714744544926858 observed shutdown descriptor for replica 178714744544926847 with final counter Some(4)
[2026-08-19T14:01:32.893Z INFO  gresse::replica] replica 178714744544926858 observed shutdown descriptor for replica 178714744544926848 with final counter Some(4)
[2026-08-19T14:01:33.157Z INFO  gresse::replica] replica 178714744544926858 observed shutdown descriptor for replica 178714744544926849 with final counter Some(1)
[2026-08-19T14:01:33.427Z INFO  gresse::replica] replica 178714744544926858 observed shutdown descriptor for replica 178714744544926850 with final counter Some(4)
[2026-08-19T14:01:33.695Z INFO  gresse::replica] replica 178714744544926858 observed shutdown descriptor for replica 178714744544926861 with final counter Some(3)
[2026-08-19T14:01:33.963Z INFO  gresse::replica] replica 178714744544926858 observed shutdown descriptor for replica 178714744544926862 with final counter Some(2)
[2026-08-19T14:01:34.229Z INFO  gresse::replica] replica 178714744544926858 observed shutdown descriptor for replica 178714744544926863 with final counter Some(1)
[2026-08-19T14:01:34.494Z INFO  gresse::replica] replica 178714744544926858 observed shutdown descriptor for replica 178714744544926864 with final counter Some(1)
[2026-08-19T14:01:35.051Z INFO  gresse::replica] replica 178714744544926858 observed shutdown descriptor for replica 178714744544926832 with final counter Some(5)
[2026-08-19T14:01:35.319Z INFO  gresse::replica] replica 178714744544926858 observed shutdown descriptor for replica 178714744544926833 with final counter Some(4)
[2026-08-19T14:01:35.584Z INFO  gresse::replica] replica 178714744544926858 observed shutdown descriptor for replica 178714744544926834 with final counter Some(4)
[2026-08-19T14:01:35.846Z INFO  gresse::replica] replica 178714744544926858 observed shutdown descriptor for replica 178714744544926835 with final counter Some(4)
[2026-08-19T14:01:36.113Z INFO  gresse::replica] replica 178714744544926858 observed shutdown descriptor for replica 178714744544926836 with final counter Some(4)
[2026-08-19T14:01:36.378Z INFO  gresse::replica] replica 178714744544926858 observed shutdown descriptor for replica 178714744544926837 with final counter Some(2)
[2026-08-19T14:01:36.639Z INFO  gresse::replica] replica 178714744544926858 observed shutdown descriptor for replica 178714744544926838 with final counter Some(4)
[2026-08-19T14:01:36.902Z INFO  gresse::replica] replica 178714744544926858 observed shutdown descriptor for replica 178714744544926839 with final counter Some(4)
[2026-08-19T14:01:37.167Z INFO  gresse::replica] replica 178714744544926858 observed shutdown descriptor for replica 178714744544926840 with final counter Some(4)
[2026-08-19T14:01:37.435Z INFO  gresse::replica] replica 178714744544926858 observed shutdown descriptor for replica 178714744544926841 with final counter Some(4)
[2026-08-19T14:01:37.701Z INFO  gresse::replica] replica 178714744544926858 observed shutdown descriptor for replica 178714744544926842 with final counter Some(4)
[2026-08-19T14:01:37.969Z INFO  gresse::replica] replica 178714744544926858 observed shutdown descriptor for replica 178714744544926844 with final counter Some(4)
[2026-08-19T14:01:38.237Z INFO  gresse::replica] replica 178714744544926858 observed shutdown descriptor for replica 178714744544926845 with final counter Some(4)
[2026-08-19T14:01:38.503Z INFO  gresse::replica] replica 178714744544926858 observed shutdown descriptor for replica 178714744544926846 with final counter Some(4)
[2026-08-19T14:01:38.768Z INFO  gresse::replica] replica 178714744544926858 observed shutdown descriptor for replica 178714744544926847 with final counter Some(4)
[2026-08-19T14:01:39.035Z INFO  gresse::replica] replica 178714744544926858 observed shutdown descriptor for replica 178714744544926848 with final counter Some(4)
[2026-08-19T14:01:39.303Z INFO  gresse::replica] replica 178714744544926858 observed shutdown descriptor for replica 178714744544926849 with final counter Some(1)
[2026-08-19T14:01:39.570Z INFO  gresse::replica] replica 178714744544926858 observed shutdown descriptor for replica 178714744544926850 with final counter Some(4)
[2026-08-19T14:01:39.835Z INFO  gresse::replica] replica 178714744544926858 observed shutdown descriptor for replica 178714744544926861 with final counter Some(3)
[2026-08-19T14:01:40.100Z INFO  gresse::replica] replica 178714744544926858 observed shutdown descriptor for replica 178714744544926862 with final counter Some(2)
[2026-08-19T14:01:40.369Z INFO  gresse::replica] replica 178714744544926858 observed shutdown descriptor for replica 178714744544926863 with final counter Some(1)
[2026-08-19T14:01:40.637Z INFO  gresse::replica] replica 178714744544926858 observed shutdown descriptor for replica 178714744544926864 with final counter Some(1)
[2026-08-19T14:01:41.174Z INFO  gresse::replica] replica 178714744544926858 observed shutdown descriptor for replica 178714744544926832 with final counter Some(5)
[2026-08-19T14:01:41.439Z INFO  gresse::replica] replica 178714744544926858 observed shutdown descriptor for replica 178714744544926833 with final counter Some(4)
[2026-08-19T14:01:41.702Z INFO  gresse::replica] replica 178714744544926858 observed shutdown descriptor for replica 178714744544926834 with final counter Some(4)
[2026-08-19T14:01:41.968Z INFO  gresse::replica] replica 178714744544926858 observed shutdown descriptor for replica 178714744544926835 with final counter Some(4)
[2026-08-19T14:01:42.232Z INFO  gresse::replica] replica 178714744544926858 observed shutdown descriptor for replica 178714744544926836 with final counter Some(4)
[2026-08-19T14:01:42.503Z INFO  gresse::replica] replica 178714744544926858 observed shutdown descriptor for replica 178714744544926837 with final counter Some(2)
[2026-08-19T14:01:42.769Z INFO  gresse::replica] replica 178714744544926858 observed shutdown descriptor for replica 178714744544926838 with final counter Some(4)
[2026-08-19T14:01:43.037Z INFO  gresse::replica] replica 178714744544926858 observed shutdown descriptor for replica 178714744544926839 with final counter Some(4)
[2026-08-19T14:01:43.305Z INFO  gresse::replica] replica 178714744544926858 observed shutdown descriptor for replica 178714744544926840 with final counter Some(4)
[2026-08-19T14:01:43.573Z INFO  gresse::replica] replica 178714744544926858 observed shutdown descriptor for replica 178714744544926841 with final counter Some(4)
[2026-08-19T14:01:43.837Z INFO  gresse::replica] replica 178714744544926858 observed shutdown descriptor for replica 178714744544926842 with final counter Some(4)
[2026-08-19T14:01:44.105Z INFO  gresse::replica] replica 178714744544926858 observed shutdown descriptor for replica 178714744544926844 with final counter Some(4)
[2026-08-19T14:01:44.371Z INFO  gresse::replica] replica 178714744544926858 observed shutdown descriptor for replica 178714744544926845 with final counter Some(4)
[2026-08-19T14:01:44.640Z INFO  gresse::replica] replica 178714744544926858 observed shutdown descriptor for replica 178714744544926846 with final counter Some(4)
[2026-08-19T14:01:44.905Z INFO  gresse::replica] replica 178714744544926858 observed shutdown descriptor for replica 178714744544926847 with final counter Some(4)
[2026-08-19T14:01:45.176Z INFO  gresse::replica] replica 178714744544926858 observed shutdown descriptor for replica 178714744544926848 with final counter Some(4)
[2026-08-19T14:01:45.946Z INFO  gresse::replica] replica 178714744544926858 observed shutdown descriptor for replica 178714744544926849 with final counter Some(1)
[2026-08-19T14:01:46.211Z INFO  gresse::replica] replica 178714744544926858 observed shutdown descriptor for replica 178714744544926850 with final counter Some(4)
[2026-08-19T14:01:46.476Z INFO  gresse::replica] replica 178714744544926858 observed shutdown descriptor for replica 178714744544926851 with final counter Some(4)
[2026-08-19T14:01:46.745Z INFO  gresse::replica] replica 178714744544926858 observed shutdown descriptor for replica 178714744544926861 with final counter Some(3)
[2026-08-19T14:01:47.013Z INFO  gresse::replica] replica 178714744544926858 observed shutdown descriptor for replica 178714744544926862 with final counter Some(2)
[2026-08-19T14:01:47.283Z INFO  gresse::replica] replica 178714744544926858 observed shutdown descriptor for replica 178714744544926863 with final counter Some(1)
[2026-08-19T14:01:47.549Z INFO  gresse::replica] replica 178714744544926858 observed shutdown descriptor for replica 178714744544926864 with final counter Some(1)
[2026-08-19T14:01:48.331Z INFO  gresse::replica] replica 178714744544926858 observed shutdown descriptor for replica 178714744544926832 with final counter Some(5)
[2026-08-19T14:01:48.593Z INFO  gresse::replica] replica 178714744544926858 observed shutdown descriptor for replica 178714744544926833 with final counter Some(4)
[2026-08-19T14:01:48.860Z INFO  gresse::replica] replica 178714744544926858 observed shutdown descriptor for replica 178714744544926834 with final counter Some(4)
[2026-08-19T14:01:49.126Z INFO  gresse::replica] replica 178714744544926858 observed shutdown descriptor for replica 178714744544926835 with final counter Some(4)
[2026-08-19T14:01:49.394Z INFO  gresse::replica] replica 178714744544926858 observed shutdown descriptor for replica 178714744544926836 with final counter Some(4)
[2026-08-19T14:01:49.662Z INFO  gresse::replica] replica 178714744544926858 observed shutdown descriptor for replica 178714744544926837 with final counter Some(2)
[2026-08-19T14:01:49.927Z INFO  gresse::replica] replica 178714744544926858 observed shutdown descriptor for replica 178714744544926838 with final counter Some(4)
[2026-08-19T14:01:50.193Z INFO  gresse::replica] replica 178714744544926858 observed shutdown descriptor for replica 178714744544926839 with final counter Some(4)
[2026-08-19T14:01:50.459Z INFO  gresse::replica] replica 178714744544926858 observed shutdown descriptor for replica 178714744544926840 with final counter Some(4)
[2026-08-19T14:01:50.724Z INFO  gresse::replica] replica 178714744544926858 observed shutdown descriptor for replica 178714744544926841 with final counter Some(4)
[2026-08-19T14:01:50.987Z INFO  gresse::replica] replica 178714744544926858 observed shutdown descriptor for replica 178714744544926842 with final counter Some(4)
[2026-08-19T14:01:51.251Z INFO  gresse::replica] replica 178714744544926858 observed shutdown descriptor for replica 178714744544926844 with final counter Some(4)
[2026-08-19T14:01:51.519Z INFO  gresse::replica] replica 178714744544926858 observed shutdown descriptor for replica 178714744544926845 with final counter Some(4)
[2026-08-19T14:01:51.785Z INFO  gresse::replica] replica 178714744544926858 observed shutdown descriptor for replica 178714744544926846 with final counter Some(4)
[2026-08-19T14:01:52.049Z INFO  gresse::replica] replica 178714744544926858 observed shutdown descriptor for replica 178714744544926847 with final counter Some(4)
[2026-08-19T14:01:52.319Z INFO  gresse::replica] replica 178714744544926858 observed shutdown descriptor for replica 178714744544926848 with final counter Some(4)
[2026-08-19T14:01:52.584Z INFO  gresse::replica] replica 178714744544926858 observed shutdown descriptor for replica 178714744544926849 with final counter Some(1)
[2026-08-19T14:01:52.853Z INFO  gresse::replica] replica 178714744544926858 observed shutdown descriptor for replica 178714744544926850 with final counter Some(4)
[2026-08-19T14:01:53.119Z INFO  gresse::replica] replica 178714744544926858 observed shutdown descriptor for replica 178714744544926851 with final counter Some(4)
[2026-08-19T14:01:53.386Z INFO  gresse::replica] replica 178714744544926858 observed shutdown descriptor for replica 178714744544926861 with final counter Some(3)
[2026-08-19T14:01:53.651Z INFO  gresse::replica] replica 178714744544926858 observed shutdown descriptor for replica 178714744544926862 with final counter Some(2)
[2026-08-19T14:01:53.919Z INFO  gresse::replica] replica 178714744544926858 observed shutdown descriptor for replica 178714744544926863 with final counter Some(1)
[2026-08-19T14:01:54.185Z INFO  gresse::replica] replica 178714744544926858 observed shutdown descriptor for replica 178714744544926864 with final counter Some(1)
[2026-08-19T14:01:54.985Z INFO  gresse::replica] replica 178714744544926858 observed shutdown descriptor for replica 178714744544926832 with final counter Some(5)
[2026-08-19T14:01:55.250Z INFO  gresse::replica] replica 178714744544926858 observed shutdown descriptor for replica 178714744544926833 with final counter Some(4)
[2026-08-19T14:01:55.515Z INFO  gresse::replica] replica 178714744544926858 observed shutdown descriptor for replica 178714744544926834 with final counter Some(4)
[2026-08-19T14:01:55.781Z INFO  gresse::replica] replica 178714744544926858 observed shutdown descriptor for replica 178714744544926835 with final counter Some(4)
[2026-08-19T14:01:56.047Z INFO  gresse::replica] replica 178714744544926858 observed shutdown descriptor for replica 178714744544926836 with final counter Some(4)
[2026-08-19T14:01:56.313Z INFO  gresse::replica] replica 178714744544926858 observed shutdown descriptor for replica 178714744544926837 with final counter Some(2)
[2026-08-19T14:01:56.576Z INFO  gresse::replica] replica 178714744544926858 observed shutdown descriptor for replica 178714744544926838 with final counter Some(4)
[2026-08-19T14:01:56.840Z INFO  gresse::replica] replica 178714744544926858 observed shutdown descriptor for replica 178714744544926839 with final counter Some(4)
[2026-08-19T14:01:57.106Z INFO  gresse::replica] replica 178714744544926858 observed shutdown descriptor for replica 178714744544926840 with final counter Some(4)
[2026-08-19T14:01:57.368Z INFO  gresse::replica] replica 178714744544926858 observed shutdown descriptor for replica 178714744544926841 with final counter Some(4)
[2026-08-19T14:01:57.635Z INFO  gresse::replica] replica 178714744544926858 observed shutdown descriptor for replica 178714744544926842 with final counter Some(4)
[2026-08-19T14:01:57.900Z INFO  gresse::replica] replica 178714744544926858 observed shutdown descriptor for replica 178714744544926844 with final counter Some(4)
[2026-08-19T14:01:58.164Z INFO  gresse::replica] replica 178714744544926858 observed shutdown descriptor for replica 178714744544926845 with final counter Some(4)
[2026-08-19T14:01:58.433Z INFO  gresse::replica] replica 178714744544926858 observed shutdown descriptor for replica 178714744544926846 with final counter Some(4)
[2026-08-19T14:01:58.697Z INFO  gresse::replica] replica 178714744544926858 observed shutdown descriptor for replica 178714744544926847 with final counter Some(4)
[2026-08-19T14:01:58.961Z INFO  gresse::replica] replica 178714744544926858 observed shutdown descriptor for replica 178714744544926848 with final counter Some(4)
[2026-08-19T14:01:59.229Z INFO  gresse::replica] replica 178714744544926858 observed shutdown descriptor for replica 178714744544926849 with final counter Some(1)
[2026-08-19T14:01:59.499Z INFO  gresse::replica] replica 178714744544926858 observed shutdown descriptor for replica 178714744544926850 with final counter Some(4)
[2026-08-19T14:01:59.767Z INFO  gresse::replica] replica 178714744544926858 observed shutdown descriptor for replica 178714744544926851 with final counter Some(4)
[2026-08-19T14:02:00.041Z INFO  gresse::replica] replica 178714744544926858 observed shutdown descriptor for replica 178714744544926852 with final counter Some(4)
[2026-08-19T14:02:00.306Z INFO  gresse::replica] replica 178714744544926858 observed shutdown descriptor for replica 178714744544926861 with final counter Some(3)
[2026-08-19T14:02:00.570Z INFO  gresse::replica] replica 178714744544926858 observed shutdown descriptor for replica 178714744544926862 with final counter Some(2)
[2026-08-19T14:02:00.836Z INFO  gresse::replica] replica 178714744544926858 observed shutdown descriptor for replica 178714744544926863 with final counter Some(1)
[2026-08-19T14:02:01.103Z INFO  gresse::replica] replica 178714744544926858 observed shutdown descriptor for replica 178714744544926864 with final counter Some(1)
[2026-08-19T14:02:01.666Z INFO  gresse::replica] replica 178714744544926858 observed shutdown descriptor for replica 178714744544926832 with final counter Some(5)
[2026-08-19T14:02:01.936Z INFO  gresse::replica] replica 178714744544926858 observed shutdown descriptor for replica 178714744544926833 with final counter Some(4)
[2026-08-19T14:02:02.218Z INFO  gresse::replica] replica 178714744544926858 observed shutdown descriptor for replica 178714744544926834 with final counter Some(4)
[2026-08-19T14:02:02.490Z INFO  gresse::replica] replica 178714744544926858 observed shutdown descriptor for replica 178714744544926835 with final counter Some(4)
[2026-08-19T14:02:02.755Z INFO  gresse::replica] replica 178714744544926858 observed shutdown descriptor for replica 178714744544926836 with final counter Some(4)
[2026-08-19T14:02:03.023Z INFO  gresse::replica] replica 178714744544926858 observed shutdown descriptor for replica 178714744544926837 with final counter Some(2)
[2026-08-19T14:02:03.288Z INFO  gresse::replica] replica 178714744544926858 observed shutdown descriptor for replica 178714744544926838 with final counter Some(4)
[2026-08-19T14:02:03.556Z INFO  gresse::replica] replica 178714744544926858 observed shutdown descriptor for replica 178714744544926839 with final counter Some(4)
[2026-08-19T14:02:03.822Z INFO  gresse::replica] replica 178714744544926858 observed shutdown descriptor for replica 178714744544926840 with final counter Some(4)
[2026-08-19T14:02:04.091Z INFO  gresse::replica] replica 178714744544926858 observed shutdown descriptor for replica 178714744544926841 with final counter Some(4)
[2026-08-19T14:02:04.357Z INFO  gresse::replica] replica 178714744544926858 observed shutdown descriptor for replica 178714744544926842 with final counter Some(4)
[2026-08-19T14:02:04.625Z INFO  gresse::replica] replica 178714744544926858 observed shutdown descriptor for replica 178714744544926844 with final counter Some(4)
[2026-08-19T14:02:04.889Z INFO  gresse::replica] replica 178714744544926858 observed shutdown descriptor for replica 178714744544926845 with final counter Some(4)
[2026-08-19T14:02:05.152Z INFO  gresse::replica] replica 178714744544926858 observed shutdown descriptor for replica 178714744544926846 with final counter Some(4)
[2026-08-19T14:02:05.418Z INFO  gresse::replica] replica 178714744544926858 observed shutdown descriptor for replica 178714744544926847 with final counter Some(4)
[2026-08-19T14:02:05.685Z INFO  gresse::replica] replica 178714744544926858 observed shutdown descriptor for replica 178714744544926848 with final counter Some(4)
[2026-08-19T14:02:05.946Z INFO  gresse::replica] replica 178714744544926858 observed shutdown descriptor for replica 178714744544926849 with final counter Some(1)
[2026-08-19T14:02:06.213Z INFO  gresse::replica] replica 178714744544926858 observed shutdown descriptor for replica 178714744544926850 with final counter Some(4)
[2026-08-19T14:02:06.477Z INFO  gresse::replica] replica 178714744544926858 observed shutdown descriptor for replica 178714744544926851 with final counter Some(4)
[2026-08-19T14:02:06.742Z INFO  gresse::replica] replica 178714744544926858 observed shutdown descriptor for replica 178714744544926852 with final counter Some(4)
[2026-08-19T14:02:07.009Z INFO  gresse::replica] replica 178714744544926858 observed shutdown descriptor for replica 178714744544926861 with final counter Some(3)
[2026-08-19T14:02:07.273Z INFO  gresse::replica] replica 178714744544926858 observed shutdown descriptor for replica 178714744544926862 with final counter Some(2)
[2026-08-19T14:02:07.535Z INFO  gresse::replica] replica 178714744544926858 observed shutdown descriptor for replica 178714744544926863 with final counter Some(1)
[2026-08-19T14:02:07.800Z INFO  gresse::replica] replica 178714744544926858 observed shutdown descriptor for replica 178714744544926864 with final counter Some(1)
[2026-08-19T14:02:08.341Z INFO  gresse::replica] replica 178714744544926858 observed shutdown descriptor for replica 178714744544926832 with final counter Some(5)
[2026-08-19T14:02:08.607Z INFO  gresse::replica] replica 178714744544926858 observed shutdown descriptor for replica 178714744544926833 with final counter Some(4)
[2026-08-19T14:02:08.871Z INFO  gresse::replica] replica 178714744544926858 observed shutdown descriptor for replica 178714744544926834 with final counter Some(4)
[2026-08-19T14:02:09.159Z INFO  gresse::replica] replica 178714744544926858 observed shutdown descriptor for replica 178714744544926835 with final counter Some(4)
[2026-08-19T14:02:09.427Z INFO  gresse::replica] replica 178714744544926858 observed shutdown descriptor for replica 178714744544926836 with final counter Some(4)
[2026-08-19T14:02:09.689Z INFO  gresse::replica] replica 178714744544926858 observed shutdown descriptor for replica 178714744544926837 with final counter Some(2)
[2026-08-19T14:02:09.955Z INFO  gresse::replica] replica 178714744544926858 observed shutdown descriptor for replica 178714744544926838 with final counter Some(4)
[2026-08-19T14:02:10.221Z INFO  gresse::replica] replica 178714744544926858 observed shutdown descriptor for replica 178714744544926839 with final counter Some(4)
[2026-08-19T14:02:10.484Z INFO  gresse::replica] replica 178714744544926858 observed shutdown descriptor for replica 178714744544926840 with final counter Some(4)
[2026-08-19T14:02:10.751Z INFO  gresse::replica] replica 178714744544926858 observed shutdown descriptor for replica 178714744544926841 with final counter Some(4)
[2026-08-19T14:02:11.017Z INFO  gresse::replica] replica 178714744544926858 observed shutdown descriptor for replica 178714744544926842 with final counter Some(4)
[2026-08-19T14:02:11.282Z INFO  gresse::replica] replica 178714744544926858 observed shutdown descriptor for replica 178714744544926844 with final counter Some(4)
[2026-08-19T14:02:11.550Z INFO  gresse::replica] replica 178714744544926858 observed shutdown descriptor for replica 178714744544926845 with final counter Some(4)
[2026-08-19T14:02:11.816Z INFO  gresse::replica] replica 178714744544926858 observed shutdown descriptor for replica 178714744544926846 with final counter Some(4)
[2026-08-19T14:02:12.079Z INFO  gresse::replica] replica 178714744544926858 observed shutdown descriptor for replica 178714744544926847 with final counter Some(4)
[2026-08-19T14:02:12.345Z INFO  gresse::replica] replica 178714744544926858 observed shutdown descriptor for replica 178714744544926848 with final counter Some(4)
[2026-08-19T14:02:12.612Z INFO  gresse::replica] replica 178714744544926858 observed shutdown descriptor for replica 178714744544926849 with final counter Some(1)
[2026-08-19T14:02:12.875Z INFO  gresse::replica] replica 178714744544926858 observed shutdown descriptor for replica 178714744544926850 with final counter Some(4)
[2026-08-19T14:02:13.644Z INFO  gresse::replica] replica 178714744544926858 observed shutdown descriptor for replica 178714744544926851 with final counter Some(4)
[2026-08-19T14:02:13.913Z INFO  gresse::replica] replica 178714744544926858 observed shutdown descriptor for replica 178714744544926852 with final counter Some(4)
[2026-08-19T14:02:14.180Z INFO  gresse::replica] replica 178714744544926858 observed shutdown descriptor for replica 178714744544926853 with final counter Some(4)
[2026-08-19T14:02:14.445Z INFO  gresse::replica] replica 178714744544926858 observed shutdown descriptor for replica 178714744544926861 with final counter Some(3)
[2026-08-19T14:02:14.711Z INFO  gresse::replica] replica 178714744544926858 observed shutdown descriptor for replica 178714744544926862 with final counter Some(2)
[2026-08-19T14:02:14.978Z INFO  gresse::replica] replica 178714744544926858 observed shutdown descriptor for replica 178714744544926863 with final counter Some(1)
[2026-08-19T14:02:15.241Z INFO  gresse::replica] replica 178714744544926858 observed shutdown descriptor for replica 178714744544926864 with final counter Some(1)
[2026-08-19T14:02:16.032Z INFO  gresse::replica] replica 178714744544926858 observed shutdown descriptor for replica 178714744544926832 with final counter Some(5)
[2026-08-19T14:02:16.300Z INFO  gresse::replica] replica 178714744544926858 observed shutdown descriptor for replica 178714744544926833 with final counter Some(4)
[2026-08-19T14:02:16.568Z INFO  gresse::replica] replica 178714744544926858 observed shutdown descriptor for replica 178714744544926834 with final counter Some(4)
[2026-08-19T14:02:16.833Z INFO  gresse::replica] replica 178714744544926858 observed shutdown descriptor for replica 178714744544926835 with final counter Some(4)
[2026-08-19T14:02:17.102Z INFO  gresse::replica] replica 178714744544926858 observed shutdown descriptor for replica 178714744544926836 with final counter Some(4)
[2026-08-19T14:02:17.372Z INFO  gresse::replica] replica 178714744544926858 observed shutdown descriptor for replica 178714744544926837 with final counter Some(2)
[2026-08-19T14:02:17.639Z INFO  gresse::replica] replica 178714744544926858 observed shutdown descriptor for replica 178714744544926838 with final counter Some(4)
[2026-08-19T14:02:17.903Z INFO  gresse::replica] replica 178714744544926858 observed shutdown descriptor for replica 178714744544926839 with final counter Some(4)
[2026-08-19T14:02:18.169Z INFO  gresse::replica] replica 178714744544926858 observed shutdown descriptor for replica 178714744544926840 with final counter Some(4)
[2026-08-19T14:02:18.436Z INFO  gresse::replica] replica 178714744544926858 observed shutdown descriptor for replica 178714744544926841 with final counter Some(4)
[2026-08-19T14:02:18.703Z INFO  gresse::replica] replica 178714744544926858 observed shutdown descriptor for replica 178714744544926842 with final counter Some(4)
[2026-08-19T14:02:18.967Z INFO  gresse::replica] replica 178714744544926858 observed shutdown descriptor for replica 178714744544926844 with final counter Some(4)
[2026-08-19T14:02:19.233Z INFO  gresse::replica] replica 178714744544926858 observed shutdown descriptor for replica 178714744544926845 with final counter Some(4)
[2026-08-19T14:02:19.501Z INFO  gresse::replica] replica 178714744544926858 observed shutdown descriptor for replica 178714744544926846 with final counter Some(4)
[2026-08-19T14:02:19.768Z INFO  gresse::replica] replica 178714744544926858 observed shutdown descriptor for replica 178714744544926847 with final counter Some(4)
[2026-08-19T14:02:20.032Z INFO  gresse::replica] replica 178714744544926858 observed shutdown descriptor for replica 178714744544926848 with final counter Some(4)
[2026-08-19T14:02:20.299Z INFO  gresse::replica] replica 178714744544926858 observed shutdown descriptor for replica 178714744544926849 with final counter Some(1)
[2026-08-19T14:02:20.566Z INFO  gresse::replica] replica 178714744544926858 observed shutdown descriptor for replica 178714744544926850 with final counter Some(4)
[2026-08-19T14:02:20.831Z INFO  gresse::replica] replica 178714744544926858 observed shutdown descriptor for replica 178714744544926851 with final counter Some(4)
[2026-08-19T14:02:21.098Z INFO  gresse::replica] replica 178714744544926858 observed shutdown descriptor for replica 178714744544926852 with final counter Some(4)
[2026-08-19T14:02:21.369Z INFO  gresse::replica] replica 178714744544926858 observed shutdown descriptor for replica 178714744544926853 with final counter Some(4)
[2026-08-19T14:02:21.634Z INFO  gresse::replica] replica 178714744544926858 observed shutdown descriptor for replica 178714744544926861 with final counter Some(3)
[2026-08-19T14:02:21.901Z INFO  gresse::replica] replica 178714744544926858 observed shutdown descriptor for replica 178714744544926862 with final counter Some(2)
[2026-08-19T14:02:22.166Z INFO  gresse::replica] replica 178714744544926858 observed shutdown descriptor for replica 178714744544926863 with final counter Some(1)
[2026-08-19T14:02:22.434Z INFO  gresse::replica] replica 178714744544926858 observed shutdown descriptor for replica 178714744544926864 with final counter Some(1)
[2026-08-19T14:02:23.223Z INFO  gresse::replica] replica 178714744544926858 observed shutdown descriptor for replica 178714744544926832 with final counter Some(5)
[2026-08-19T14:02:23.487Z INFO  gresse::replica] replica 178714744544926858 observed shutdown descriptor for replica 178714744544926833 with final counter Some(4)
[2026-08-19T14:02:23.750Z INFO  gresse::replica] replica 178714744544926858 observed shutdown descriptor for replica 178714744544926834 with final counter Some(4)
[2026-08-19T14:02:24.017Z INFO  gresse::replica] replica 178714744544926858 observed shutdown descriptor for replica 178714744544926835 with final counter Some(4)
[2026-08-19T14:02:24.281Z INFO  gresse::replica] replica 178714744544926858 observed shutdown descriptor for replica 178714744544926836 with final counter Some(4)
[2026-08-19T14:02:24.550Z INFO  gresse::replica] replica 178714744544926858 observed shutdown descriptor for replica 178714744544926837 with final counter Some(2)
[2026-08-19T14:02:24.813Z INFO  gresse::replica] replica 178714744544926858 observed shutdown descriptor for replica 178714744544926838 with final counter Some(4)
[2026-08-19T14:02:25.080Z INFO  gresse::replica] replica 178714744544926858 observed shutdown descriptor for replica 178714744544926839 with final counter Some(4)
[2026-08-19T14:02:25.345Z INFO  gresse::replica] replica 178714744544926858 observed shutdown descriptor for replica 178714744544926840 with final counter Some(4)
[2026-08-19T14:02:25.613Z INFO  gresse::replica] replica 178714744544926858 observed shutdown descriptor for replica 178714744544926841 with final counter Some(4)
[2026-08-19T14:02:25.884Z INFO  gresse::replica] replica 178714744544926858 observed shutdown descriptor for replica 178714744544926842 with final counter Some(4)
[2026-08-19T14:02:26.149Z INFO  gresse::replica] replica 178714744544926858 observed shutdown descriptor for replica 178714744544926844 with final counter Some(4)
[2026-08-19T14:02:26.417Z INFO  gresse::replica] replica 178714744544926858 observed shutdown descriptor for replica 178714744544926845 with final counter Some(4)
[2026-08-19T14:02:26.686Z INFO  gresse::replica] replica 178714744544926858 observed shutdown descriptor for replica 178714744544926846 with final counter Some(4)
[2026-08-19T14:02:26.951Z INFO  gresse::replica] replica 178714744544926858 observed shutdown descriptor for replica 178714744544926847 with final counter Some(4)
[2026-08-19T14:02:27.220Z INFO  gresse::replica] replica 178714744544926858 observed shutdown descriptor for replica 178714744544926848 with final counter Some(4)
[2026-08-19T14:02:27.491Z INFO  gresse::replica] replica 178714744544926858 observed shutdown descriptor for replica 178714744544926849 with final counter Some(1)
[2026-08-19T14:02:27.760Z INFO  gresse::replica] replica 178714744544926858 observed shutdown descriptor for replica 178714744544926850 with final counter Some(4)
[2026-08-19T14:02:28.027Z INFO  gresse::replica] replica 178714744544926858 observed shutdown descriptor for replica 178714744544926851 with final counter Some(4)
[2026-08-19T14:02:28.295Z INFO  gresse::replica] replica 178714744544926858 observed shutdown descriptor for replica 178714744544926852 with final counter Some(4)
[2026-08-19T14:02:28.563Z INFO  gresse::replica] replica 178714744544926858 observed shutdown descriptor for replica 178714744544926853 with final counter Some(4)
[2026-08-19T14:02:28.833Z INFO  gresse::replica] replica 178714744544926858 observed shutdown descriptor for replica 178714744544926854 with final counter Some(4)
[2026-08-19T14:02:29.099Z INFO  gresse::replica] replica 178714744544926858 observed shutdown descriptor for replica 178714744544926861 with final counter Some(3)
[2026-08-19T14:02:29.367Z INFO  gresse::replica] replica 178714744544926858 observed shutdown descriptor for replica 178714744544926862 with final counter Some(2)
[2026-08-19T14:02:29.637Z INFO  gresse::replica] replica 178714744544926858 observed shutdown descriptor for replica 178714744544926863 with final counter Some(1)
[2026-08-19T14:02:29.905Z INFO  gresse::replica] replica 178714744544926858 observed shutdown descriptor for replica 178714744544926864 with final counter Some(1)
[2026-08-19T14:02:30.445Z INFO  gresse::replica] replica 178714744544926858 observed shutdown descriptor for replica 178714744544926832 with final counter Some(5)
[2026-08-19T14:02:30.707Z INFO  gresse::replica] replica 178714744544926858 observed shutdown descriptor for replica 178714744544926833 with final counter Some(4)
[2026-08-19T14:02:30.976Z INFO  gresse::replica] replica 178714744544926858 observed shutdown descriptor for replica 178714744544926834 with final counter Some(4)
[2026-08-19T14:02:31.246Z INFO  gresse::replica] replica 178714744544926858 observed shutdown descriptor for replica 178714744544926835 with final counter Some(4)
[2026-08-19T14:02:31.514Z INFO  gresse::replica] replica 178714744544926858 observed shutdown descriptor for replica 178714744544926836 with final counter Some(4)
[2026-08-19T14:02:31.783Z INFO  gresse::replica] replica 178714744544926858 observed shutdown descriptor for replica 178714744544926837 with final counter Some(2)
[2026-08-19T14:02:32.055Z INFO  gresse::replica] replica 178714744544926858 observed shutdown descriptor for replica 178714744544926838 with final counter Some(4)
[2026-08-19T14:02:32.324Z INFO  gresse::replica] replica 178714744544926858 observed shutdown descriptor for replica 178714744544926839 with final counter Some(4)
[2026-08-19T14:02:32.592Z INFO  gresse::replica] replica 178714744544926858 observed shutdown descriptor for replica 178714744544926840 with final counter Some(4)
[2026-08-19T14:02:32.861Z INFO  gresse::replica] replica 178714744544926858 observed shutdown descriptor for replica 178714744544926841 with final counter Some(4)
[2026-08-19T14:02:33.125Z INFO  gresse::replica] replica 178714744544926858 observed shutdown descriptor for replica 178714744544926842 with final counter Some(4)
[2026-08-19T14:02:33.396Z INFO  gresse::replica] replica 178714744544926858 observed shutdown descriptor for replica 178714744544926844 with final counter Some(4)
[2026-08-19T14:02:33.659Z INFO  gresse::replica] replica 178714744544926858 observed shutdown descriptor for replica 178714744544926845 with final counter Some(4)
[2026-08-19T14:02:33.922Z INFO  gresse::replica] replica 178714744544926858 observed shutdown descriptor for replica 178714744544926846 with final counter Some(4)
[2026-08-19T14:02:34.187Z INFO  gresse::replica] replica 178714744544926858 observed shutdown descriptor for replica 178714744544926847 with final counter Some(4)
[2026-08-19T14:02:34.450Z INFO  gresse::replica] replica 178714744544926858 observed shutdown descriptor for replica 178714744544926848 with final counter Some(4)
[2026-08-19T14:02:34.716Z INFO  gresse::replica] replica 178714744544926858 observed shutdown descriptor for replica 178714744544926849 with final counter Some(1)
[2026-08-19T14:02:34.979Z INFO  gresse::replica] replica 178714744544926858 observed shutdown descriptor for replica 178714744544926850 with final counter Some(4)
[2026-08-19T14:02:35.249Z INFO  gresse::replica] replica 178714744544926858 observed shutdown descriptor for replica 178714744544926851 with final counter Some(4)
[2026-08-19T14:02:35.519Z INFO  gresse::replica] replica 178714744544926858 observed shutdown descriptor for replica 178714744544926852 with final counter Some(4)
[2026-08-19T14:02:35.785Z INFO  gresse::replica] replica 178714744544926858 observed shutdown descriptor for replica 178714744544926853 with final counter Some(4)
[2026-08-19T14:02:36.054Z INFO  gresse::replica] replica 178714744544926858 observed shutdown descriptor for replica 178714744544926854 with final counter Some(4)
[2026-08-19T14:02:36.319Z INFO  gresse::replica] replica 178714744544926858 observed shutdown descriptor for replica 178714744544926861 with final counter Some(3)
[2026-08-19T14:02:36.583Z INFO  gresse::replica] replica 178714744544926858 observed shutdown descriptor for replica 178714744544926862 with final counter Some(2)
[2026-08-19T14:02:36.849Z INFO  gresse::replica] replica 178714744544926858 observed shutdown descriptor for replica 178714744544926863 with final counter Some(1)
[2026-08-19T14:02:37.112Z INFO  gresse::replica] replica 178714744544926858 observed shutdown descriptor for replica 178714744544926864 with final counter Some(1)
[2026-08-19T14:02:37.659Z INFO  gresse::replica] replica 178714744544926858 observed shutdown descriptor for replica 178714744544926832 with final counter Some(5)
[2026-08-19T14:02:37.925Z INFO  gresse::replica] replica 178714744544926858 observed shutdown descriptor for replica 178714744544926833 with final counter Some(4)
[2026-08-19T14:02:38.195Z INFO  gresse::replica] replica 178714744544926858 observed shutdown descriptor for replica 178714744544926834 with final counter Some(4)
[2026-08-19T14:02:38.464Z INFO  gresse::replica] replica 178714744544926858 observed shutdown descriptor for replica 178714744544926835 with final counter Some(4)
[2026-08-19T14:02:38.730Z INFO  gresse::replica] replica 178714744544926858 observed shutdown descriptor for replica 178714744544926836 with final counter Some(4)
[2026-08-19T14:02:39.000Z INFO  gresse::replica] replica 178714744544926858 observed shutdown descriptor for replica 178714744544926837 with final counter Some(2)
[2026-08-19T14:02:39.268Z INFO  gresse::replica] replica 178714744544926858 observed shutdown descriptor for replica 178714744544926838 with final counter Some(4)
[2026-08-19T14:02:39.536Z INFO  gresse::replica] replica 178714744544926858 observed shutdown descriptor for replica 178714744544926839 with final counter Some(4)
[2026-08-19T14:02:39.806Z INFO  gresse::replica] replica 178714744544926858 observed shutdown descriptor for replica 178714744544926840 with final counter Some(4)
[2026-08-19T14:02:40.071Z INFO  gresse::replica] replica 178714744544926858 observed shutdown descriptor for replica 178714744544926841 with final counter Some(4)
[2026-08-19T14:02:40.347Z INFO  gresse::replica] replica 178714744544926858 observed shutdown descriptor for replica 178714744544926842 with final counter Some(4)
[2026-08-19T14:02:40.612Z INFO  gresse::replica] replica 178714744544926858 observed shutdown descriptor for replica 178714744544926844 with final counter Some(4)
[2026-08-19T14:02:40.882Z INFO  gresse::replica] replica 178714744544926858 observed shutdown descriptor for replica 178714744544926845 with final counter Some(4)
[2026-08-19T14:02:41.148Z INFO  gresse::replica] replica 178714744544926858 observed shutdown descriptor for replica 178714744544926846 with final counter Some(4)
[2026-08-19T14:02:41.415Z INFO  gresse::replica] replica 178714744544926858 observed shutdown descriptor for replica 178714744544926847 with final counter Some(4)
[2026-08-19T14:02:41.680Z INFO  gresse::replica] replica 178714744544926858 observed shutdown descriptor for replica 178714744544926848 with final counter Some(4)
[2026-08-19T14:02:41.945Z INFO  gresse::replica] replica 178714744544926858 observed shutdown descriptor for replica 178714744544926849 with final counter Some(1)
[2026-08-19T14:02:42.210Z INFO  gresse::replica] replica 178714744544926858 observed shutdown descriptor for replica 178714744544926850 with final counter Some(4)
[2026-08-19T14:02:42.480Z INFO  gresse::replica] replica 178714744544926858 observed shutdown descriptor for replica 178714744544926851 with final counter Some(4)
[2026-08-19T14:02:42.749Z INFO  gresse::replica] replica 178714744544926858 observed shutdown descriptor for replica 178714744544926852 with final counter Some(4)
[2026-08-19T14:02:43.020Z INFO  gresse::replica] replica 178714744544926858 observed shutdown descriptor for replica 178714744544926853 with final counter Some(4)
[2026-08-19T14:02:43.287Z INFO  gresse::replica] replica 178714744544926858 observed shutdown descriptor for replica 178714744544926854 with final counter Some(4)
[2026-08-19T14:02:43.555Z INFO  gresse::replica] replica 178714744544926858 observed shutdown descriptor for replica 178714744544926855 with final counter Some(4)
[2026-08-19T14:02:43.824Z INFO  gresse::replica] replica 178714744544926858 observed shutdown descriptor for replica 178714744544926861 with final counter Some(3)
[2026-08-19T14:02:44.088Z INFO  gresse::replica] replica 178714744544926858 observed shutdown descriptor for replica 178714744544926862 with final counter Some(2)
[2026-08-19T14:02:44.351Z INFO  gresse::replica] replica 178714744544926858 observed shutdown descriptor for replica 178714744544926863 with final counter Some(1)
[2026-08-19T14:02:44.621Z INFO  gresse::replica] replica 178714744544926858 observed shutdown descriptor for replica 178714744544926864 with final counter Some(1)
[2026-08-19T14:02:45.411Z INFO  gresse::replica] replica 178714744544926858 observed shutdown descriptor for replica 178714744544926832 with final counter Some(5)
[2026-08-19T14:02:45.677Z INFO  gresse::replica] replica 178714744544926858 observed shutdown descriptor for replica 178714744544926833 with final counter Some(4)
[2026-08-19T14:02:45.943Z INFO  gresse::replica] replica 178714744544926858 observed shutdown descriptor for replica 178714744544926834 with final counter Some(4)
[2026-08-19T14:02:46.212Z INFO  gresse::replica] replica 178714744544926858 observed shutdown descriptor for replica 178714744544926835 with final counter Some(4)
[2026-08-19T14:02:46.478Z INFO  gresse::replica] replica 178714744544926858 observed shutdown descriptor for replica 178714744544926836 with final counter Some(4)
[2026-08-19T14:02:46.742Z INFO  gresse::replica] replica 178714744544926858 observed shutdown descriptor for replica 178714744544926837 with final counter Some(2)
[2026-08-19T14:02:47.009Z INFO  gresse::replica] replica 178714744544926858 observed shutdown descriptor for replica 178714744544926838 with final counter Some(4)
[2026-08-19T14:02:47.278Z INFO  gresse::replica] replica 178714744544926858 observed shutdown descriptor for replica 178714744544926839 with final counter Some(4)
[2026-08-19T14:02:47.546Z INFO  gresse::replica] replica 178714744544926858 observed shutdown descriptor for replica 178714744544926840 with final counter Some(4)
[2026-08-19T14:02:47.814Z INFO  gresse::replica] replica 178714744544926858 observed shutdown descriptor for replica 178714744544926841 with final counter Some(4)
[2026-08-19T14:02:48.081Z INFO  gresse::replica] replica 178714744544926858 observed shutdown descriptor for replica 178714744544926842 with final counter Some(4)
[2026-08-19T14:02:48.348Z INFO  gresse::replica] replica 178714744544926858 observed shutdown descriptor for replica 178714744544926844 with final counter Some(4)
[2026-08-19T14:02:48.615Z INFO  gresse::replica] replica 178714744544926858 observed shutdown descriptor for replica 178714744544926845 with final counter Some(4)
[2026-08-19T14:02:48.881Z INFO  gresse::replica] replica 178714744544926858 observed shutdown descriptor for replica 178714744544926846 with final counter Some(4)
[2026-08-19T14:02:49.147Z INFO  gresse::replica] replica 178714744544926858 observed shutdown descriptor for replica 178714744544926847 with final counter Some(4)
[2026-08-19T14:02:49.412Z INFO  gresse::replica] replica 178714744544926858 observed shutdown descriptor for replica 178714744544926848 with final counter Some(4)
[2026-08-19T14:02:49.677Z INFO  gresse::replica] replica 178714744544926858 observed shutdown descriptor for replica 178714744544926849 with final counter Some(1)
[2026-08-19T14:02:49.940Z INFO  gresse::replica] replica 178714744544926858 observed shutdown descriptor for replica 178714744544926850 with final counter Some(4)
[2026-08-19T14:02:50.206Z INFO  gresse::replica] replica 178714744544926858 observed shutdown descriptor for replica 178714744544926851 with final counter Some(4)
[2026-08-19T14:02:50.470Z INFO  gresse::replica] replica 178714744544926858 observed shutdown descriptor for replica 178714744544926852 with final counter Some(4)
[2026-08-19T14:02:50.738Z INFO  gresse::replica] replica 178714744544926858 observed shutdown descriptor for replica 178714744544926853 with final counter Some(4)
[2026-08-19T14:02:51.003Z INFO  gresse::replica] replica 178714744544926858 observed shutdown descriptor for replica 178714744544926854 with final counter Some(4)
[2026-08-19T14:02:51.270Z INFO  gresse::replica] replica 178714744544926858 observed shutdown descriptor for replica 178714744544926855 with final counter Some(4)
[2026-08-19T14:02:51.539Z INFO  gresse::replica] replica 178714744544926858 observed shutdown descriptor for replica 178714744544926861 with final counter Some(3)
[2026-08-19T14:02:51.805Z INFO  gresse::replica] replica 178714744544926858 observed shutdown descriptor for replica 178714744544926862 with final counter Some(2)
[2026-08-19T14:02:52.072Z INFO  gresse::replica] replica 178714744544926858 observed shutdown descriptor for replica 178714744544926863 with final counter Some(1)
[2026-08-19T14:02:52.339Z INFO  gresse::replica] replica 178714744544926858 observed shutdown descriptor for replica 178714744544926864 with final counter Some(1)
[2026-08-19T14:02:52.754Z WARN  gresse::network] peer connection write failed: Broken pipe (os error 32)
[2026-08-19T14:02:53.120Z INFO  gresse::replica] replica 178714744544926858 observed shutdown descriptor for replica 178714744544926832 with final counter Some(5)
[2026-08-19T14:02:53.389Z INFO  gresse::replica] replica 178714744544926858 observed shutdown descriptor for replica 178714744544926833 with final counter Some(4)
[2026-08-19T14:02:53.657Z INFO  gresse::replica] replica 178714744544926858 observed shutdown descriptor for replica 178714744544926834 with final counter Some(4)
[2026-08-19T14:02:53.923Z INFO  gresse::replica] replica 178714744544926858 observed shutdown descriptor for replica 178714744544926835 with final counter Some(4)
[2026-08-19T14:02:54.191Z INFO  gresse::replica] replica 178714744544926858 observed shutdown descriptor for replica 178714744544926836 with final counter Some(4)
[2026-08-19T14:02:54.459Z INFO  gresse::replica] replica 178714744544926858 observed shutdown descriptor for replica 178714744544926837 with final counter Some(2)
[2026-08-19T14:02:54.726Z INFO  gresse::replica] replica 178714744544926858 observed shutdown descriptor for replica 178714744544926838 with final counter Some(4)
[2026-08-19T14:02:54.993Z INFO  gresse::replica] replica 178714744544926858 observed shutdown descriptor for replica 178714744544926839 with final counter Some(4)
[2026-08-19T14:02:55.257Z INFO  gresse::replica] replica 178714744544926858 observed shutdown descriptor for replica 178714744544926840 with final counter Some(4)
[2026-08-19T14:02:55.525Z INFO  gresse::replica] replica 178714744544926858 observed shutdown descriptor for replica 178714744544926841 with final counter Some(4)
[2026-08-19T14:02:55.789Z INFO  gresse::replica] replica 178714744544926858 observed shutdown descriptor for replica 178714744544926842 with final counter Some(4)
[2026-08-19T14:02:56.054Z INFO  gresse::replica] replica 178714744544926858 observed shutdown descriptor for replica 178714744544926844 with final counter Some(4)
[2026-08-19T14:02:56.317Z INFO  gresse::replica] replica 178714744544926858 observed shutdown descriptor for replica 178714744544926845 with final counter Some(4)
[2026-08-19T14:02:56.586Z INFO  gresse::replica] replica 178714744544926858 observed shutdown descriptor for replica 178714744544926846 with final counter Some(4)
[2026-08-19T14:02:56.855Z INFO  gresse::replica] replica 178714744544926858 observed shutdown descriptor for replica 178714744544926847 with final counter Some(4)
[2026-08-19T14:02:57.119Z INFO  gresse::replica] replica 178714744544926858 observed shutdown descriptor for replica 178714744544926848 with final counter Some(4)
[2026-08-19T14:02:57.384Z INFO  gresse::replica] replica 178714744544926858 observed shutdown descriptor for replica 178714744544926849 with final counter Some(1)
[2026-08-19T14:02:57.649Z INFO  gresse::replica] replica 178714744544926858 observed shutdown descriptor for replica 178714744544926850 with final counter Some(4)
[2026-08-19T14:02:57.912Z INFO  gresse::replica] replica 178714744544926858 observed shutdown descriptor for replica 178714744544926851 with final counter Some(4)
[2026-08-19T14:02:58.177Z INFO  gresse::replica] replica 178714744544926858 observed shutdown descriptor for replica 178714744544926852 with final counter Some(4)
[2026-08-19T14:02:58.446Z INFO  gresse::replica] replica 178714744544926858 observed shutdown descriptor for replica 178714744544926853 with final counter Some(4)
[2026-08-19T14:02:58.711Z INFO  gresse::replica] replica 178714744544926858 observed shutdown descriptor for replica 178714744544926854 with final counter Some(4)
[2026-08-19T14:02:58.979Z INFO  gresse::replica] replica 178714744544926858 observed shutdown descriptor for replica 178714744544926855 with final counter Some(4)
[2026-08-19T14:02:59.243Z INFO  gresse::replica] replica 178714744544926858 observed shutdown descriptor for replica 178714744544926856 with final counter Some(4)
[2026-08-19T14:02:59.510Z INFO  gresse::replica] replica 178714744544926858 observed shutdown descriptor for replica 178714744544926861 with final counter Some(3)
[2026-08-19T14:02:59.772Z INFO  gresse::replica] replica 178714744544926858 observed shutdown descriptor for replica 178714744544926862 with final counter Some(2)
[2026-08-19T14:03:00.041Z INFO  gresse::replica] replica 178714744544926858 observed shutdown descriptor for replica 178714744544926863 with final counter Some(1)
[2026-08-19T14:03:00.307Z INFO  gresse::replica] replica 178714744544926858 observed shutdown descriptor for replica 178714744544926864 with final counter Some(1)
[2026-08-19T14:03:00.754Z WARN  gresse::network] peer connection write failed: Broken pipe (os error 32)
[2026-08-19T14:03:00.853Z INFO  gresse::replica] replica 178714744544926858 observed shutdown descriptor for replica 178714744544926832 with final counter Some(5)
[2026-08-19T14:03:01.117Z INFO  gresse::replica] replica 178714744544926858 observed shutdown descriptor for replica 178714744544926833 with final counter Some(4)
[2026-08-19T14:03:01.390Z INFO  gresse::replica] replica 178714744544926858 observed shutdown descriptor for replica 178714744544926834 with final counter Some(4)
[2026-08-19T14:03:01.660Z INFO  gresse::replica] replica 178714744544926858 observed shutdown descriptor for replica 178714744544926835 with final counter Some(4)
[2026-08-19T14:03:01.926Z INFO  gresse::replica] replica 178714744544926858 observed shutdown descriptor for replica 178714744544926836 with final counter Some(4)
[2026-08-19T14:03:02.194Z INFO  gresse::replica] replica 178714744544926858 observed shutdown descriptor for replica 178714744544926837 with final counter Some(2)
[2026-08-19T14:03:02.459Z INFO  gresse::replica] replica 178714744544926858 observed shutdown descriptor for replica 178714744544926838 with final counter Some(4)
[2026-08-19T14:03:02.725Z INFO  gresse::replica] replica 178714744544926858 observed shutdown descriptor for replica 178714744544926839 with final counter Some(4)
[2026-08-19T14:03:02.991Z INFO  gresse::replica] replica 178714744544926858 observed shutdown descriptor for replica 178714744544926840 with final counter Some(4)
[2026-08-19T14:03:03.257Z INFO  gresse::replica] replica 178714744544926858 observed shutdown descriptor for replica 178714744544926841 with final counter Some(4)
[2026-08-19T14:03:03.525Z INFO  gresse::replica] replica 178714744544926858 observed shutdown descriptor for replica 178714744544926842 with final counter Some(4)
[2026-08-19T14:03:03.791Z INFO  gresse::replica] replica 178714744544926858 observed shutdown descriptor for replica 178714744544926844 with final counter Some(4)
[2026-08-19T14:03:04.055Z INFO  gresse::replica] replica 178714744544926858 observed shutdown descriptor for replica 178714744544926845 with final counter Some(4)
[2026-08-19T14:03:04.319Z INFO  gresse::replica] replica 178714744544926858 observed shutdown descriptor for replica 178714744544926846 with final counter Some(4)
[2026-08-19T14:03:04.585Z INFO  gresse::replica] replica 178714744544926858 observed shutdown descriptor for replica 178714744544926847 with final counter Some(4)
[2026-08-19T14:03:04.853Z INFO  gresse::replica] replica 178714744544926858 observed shutdown descriptor for replica 178714744544926848 with final counter Some(4)
[2026-08-19T14:03:05.118Z INFO  gresse::replica] replica 178714744544926858 observed shutdown descriptor for replica 178714744544926849 with final counter Some(1)
[2026-08-19T14:03:05.383Z INFO  gresse::replica] replica 178714744544926858 observed shutdown descriptor for replica 178714744544926850 with final counter Some(4)
[2026-08-19T14:03:05.649Z INFO  gresse::replica] replica 178714744544926858 observed shutdown descriptor for replica 178714744544926851 with final counter Some(4)
[2026-08-19T14:03:05.913Z INFO  gresse::replica] replica 178714744544926858 observed shutdown descriptor for replica 178714744544926852 with final counter Some(4)
[2026-08-19T14:03:06.178Z INFO  gresse::replica] replica 178714744544926858 observed shutdown descriptor for replica 178714744544926853 with final counter Some(4)
[2026-08-19T14:03:06.446Z INFO  gresse::replica] replica 178714744544926858 observed shutdown descriptor for replica 178714744544926854 with final counter Some(4)
[2026-08-19T14:03:06.711Z INFO  gresse::replica] replica 178714744544926858 observed shutdown descriptor for replica 178714744544926855 with final counter Some(4)
[2026-08-19T14:03:06.979Z INFO  gresse::replica] replica 178714744544926858 observed shutdown descriptor for replica 178714744544926856 with final counter Some(4)
[2026-08-19T14:03:07.244Z INFO  gresse::replica] replica 178714744544926858 observed shutdown descriptor for replica 178714744544926857 with final counter Some(4)
[2026-08-19T14:03:07.512Z INFO  gresse::replica] replica 178714744544926858 observed shutdown descriptor for replica 178714744544926861 with final counter Some(3)
[2026-08-19T14:03:07.785Z INFO  gresse::replica] replica 178714744544926858 observed shutdown descriptor for replica 178714744544926862 with final counter Some(2)
[2026-08-19T14:03:08.055Z INFO  gresse::replica] replica 178714744544926858 observed shutdown descriptor for replica 178714744544926863 with final counter Some(1)
[2026-08-19T14:03:08.318Z INFO  gresse::replica] replica 178714744544926858 observed shutdown descriptor for replica 178714744544926864 with final counter Some(1)
[2026-08-19T14:03:08.597Z INFO  gresse::replica] shutdown signal received for replica 178714744544926858
[2026-08-19T14:03:08.597Z INFO  gresse::replica] replica 178714744544926858 shutting down with 2 connected writers
[2026-08-19T14:03:09.116Z INFO  gresse::network] network manager for replica 178714744544926858 shutdown complete
[2026-08-19T14:03:09.116Z INFO  gresse::http_server] http server received shutdown signal
[2026-08-19T14:03:09.116Z INFO  gresse::http_server] http server shutdown complete
