source,event,phase,timestamp_us,replica_pid,peer_pid,gc_marker,sent_us,received_us,start_us,end_us,insert_count,delete_count,detail,client_id,operation,value,status_code,latency_us
client,client_request,completed,1777547140900904,2,,,1777547140581645,1777547140900904,1777547140581645,1777547140900904,,,,client-2-6,Remove,-7584818,200,319259
client,client_request,completed,1777547140905739,2,,,1777547140901763,1777547140905739,1777547140901763,1777547140905739,,,,client-2-6,Insert,11380444,200,3976
client,client_request,completed,1777547140912443,2,,,1777547140906764,1777547140912443,1777547140906764,1777547140912443,,,,client-2-6,Insert,6184658,200,5679
client,client_request,completed,1777547140918721,2,,,1777547140912495,1777547140918721,1777547140912495,1777547140918721,,,,client-2-6,Insert,14511248,200,6226
client,client_request,completed,1777547140922805,2,,,1777547140918774,1777547140922805,1777547140918774,1777547140922805,,,,client-2-6,Remove,-11677348,200,4031
client,client_request,completed,1777547140928461,2,,,1777547140923578,1777547140928461,1777547140923578,1777547140928461,,,,client-2-6,Remove,15320531,200,4883
client,client_request,completed,1777547140933060,2,,,1777547140928786,1777547140933060,1777547140928786,1777547140933060,,,,client-2-6,Remove,-16527763,200,4274
client,client_request,completed,1777547140938850,2,,,1777547140933752,1777547140938850,1777547140933752,1777547140938850,,,,client-2-6,Remove,15499196,200,5098
client,client_request,completed,1777547140945723,2,,,1777547140939401,1777547140945723,1777547140939401,1777547140945723,,,,client-2-6,Insert,4824316,200,6322
client,client_request,completed,1777547140953254,2,,,1777547140945767,1777547140953254,1777547140945767,1777547140953254,,,,client-2-6,Remove,15094972,200,7487
client,client_request,completed,1777547140957793,2,,,1777547140953600,1777547140957793,1777547140953600,1777547140957793,,,,client-2-6,Remove,9748441,200,4193
client,client_request,completed,1777547140963058,2,,,1777547140958245,1777547140963058,1777547140958245,1777547140963058,,,,client-2-6,Remove,10442266,200,4813
client,client_request,completed,1777547140967239,2,,,1777547140963347,1777547140967239,1777547140963347,1777547140967239,,,,client-2-6,Insert,9685771,200,3892
client,client_request,completed,1777547140971391,2,,,1777547140967609,1777547140971391,1777547140967609,1777547140971391,,,,client-2-6,Remove,16004822,200,3782
client,client_request,completed,1777547140975908,2,,,1777547140971975,1777547140975908,1777547140971975,1777547140975908,,,,client-2-6,Remove,-6451462,200,3933
client,client_request,completed,1777547140981971,2,,,1777547140976731,1777547140981971,1777547140976731,1777547140981971,,,,client-2-6,Insert,-5188477,200,5240
client,client_request,completed,1777547140986509,2,,,1777547140982850,1777547140986509,1777547140982850,1777547140986509,,,,client-2-6,Remove,-2660196,200,3659
client,client_request,completed,1777547140991151,2,,,1777547140986914,1777547140991151,1777547140986914,1777547140991151,,,,client-2-6,Remove,-9457325,200,4237
client,client_request,completed,1777547140996965,2,,,1777547140991933,1777547140996965,1777547140991933,1777547140996965,,,,client-2-6,Remove,-16069760,200,5032
client,client_request,completed,1777547141001635,2,,,1777547140997021,1777547141001635,1777547140997021,1777547141001635,,,,client-2-6,Insert,-11536051,200,4614
client,client_request,completed,1777547141007670,2,,,1777547141001960,1777547141007670,1777547141001960,1777547141007670,,,,client-2-6,Insert,-13567500,200,5710
client,client_request,completed,1777547141012512,2,,,1777547141007918,1777547141012512,1777547141007918,1777547141012512,,,,client-2-6,Insert,8745079,200,4594
client,client_request,completed,1777547141016987,2,,,1777547141012918,1777547141016987,1777547141012918,1777547141016987,,,,client-2-6,Insert,-3823316,200,4069
client,client_request,completed,1777547141021773,2,,,1777547141017385,1777547141021773,1777547141017385,1777547141021773,,,,client-2-6,Remove,-2233370,200,4388
client,client_request,completed,1777547141028413,2,,,1777547141022307,1777547141028413,1777547141022307,1777547141028413,,,,client-2-6,Insert,-9492076,200,6106
client,client_request,completed,1777547141032972,2,,,1777547141028734,1777547141032972,1777547141028734,1777547141032972,,,,client-2-6,Insert,-16101728,200,4238
client,client_request,completed,1777547141036589,2,,,1777547141033449,1777547141036589,1777547141033449,1777547141036589,,,,client-2-6,Remove,-10308719,200,3140
client,client_request,completed,1777547141042276,2,,,1777547141036933,1777547141042276,1777547141036933,1777547141042276,,,,client-2-6,Remove,4077599,200,5343
client,client_request,completed,1777547141046132,2,,,1777547141042608,1777547141046132,1777547141042608,1777547141046132,,,,client-2-6,Insert,2316068,200,3524
client,client_request,completed,1777547141050257,2,,,1777547141046436,1777547141050257,1777547141046436,1777547141050257,,,,client-2-6,Insert,-6483405,200,3821
client,client_request,completed,1777547141054985,2,,,1777547141050481,1777547141054985,1777547141050481,1777547141054985,,,,client-2-6,Insert,3725354,200,4504
client,client_request,completed,1777547141059399,2,,,1777547141055338,1777547141059399,1777547141055338,1777547141059399,,,,client-2-6,Remove,-15265864,200,4061
client,client_request,completed,1777547141063021,2,,,1777547141059676,1777547141063021,1777547141059676,1777547141063021,,,,client-2-6,Remove,-12799460,200,3345
client,client_request,completed,1777547141067757,2,,,1777547141063277,1777547141067757,1777547141063277,1777547141067757,,,,client-2-6,Remove,8871880,200,4480
client,client_request,completed,1777547141073126,2,,,1777547141068441,1777547141073126,1777547141068441,1777547141073126,,,,client-2-6,Insert,-9055729,200,4685
client,client_request,completed,1777547141080213,2,,,1777547141073522,1777547141080213,1777547141073522,1777547141080213,,,,client-2-6,Remove,-15888492,200,6691
client,client_request,completed,1777547141085984,2,,,1777547141080542,1777547141085984,1777547141080542,1777547141085984,,,,client-2-6,Remove,11392435,200,5442
client,client_request,completed,1777547141093196,2,,,1777547141086373,1777547141093196,1777547141086373,1777547141093196,,,,client-2-6,Insert,4782405,200,6823
client,client_request,completed,1777547141100007,2,,,1777547141094278,1777547141100007,1777547141094278,1777547141100007,,,,client-2-6,Remove,8952401,200,5729
client,client_request,completed,1777547141103811,2,,,1777547141100410,1777547141103811,1777547141100410,1777547141103811,,,,client-2-6,Insert,-16466947,200,3401
client,client_request,completed,1777547141109275,2,,,1777547141104041,1777547141109275,1777547141104041,1777547141109275,,,,client-2-6,Remove,-6727020,200,5234
client,client_request,completed,1777547141115305,2,,,1777547141109549,1777547141115305,1777547141109549,1777547141115305,,,,client-2-6,Remove,-11390043,200,5756
client,client_request,completed,1777547141121093,2,,,1777547141115666,1777547141121093,1777547141115666,1777547141121093,,,,client-2-6,Insert,-11559051,200,5427
client,client_request,completed,1777547141131122,2,,,1777547141121836,1777547141131122,1777547141121836,1777547141131122,,,,client-2-6,Insert,-1456243,200,9286
client,client_request,completed,1777547141137322,2,,,1777547141131498,1777547141137322,1777547141131498,1777547141137322,,,,client-2-6,Insert,2946374,200,5824
client,client_request,completed,1777547141143765,2,,,1777547141137840,1777547141143765,1777547141137840,1777547141143765,,,,client-2-6,Remove,16146543,200,5925
client,client_request,completed,1777547141147534,2,,,1777547141143802,1777547141147534,1777547141143802,1777547141147534,,,,client-2-6,Insert,16179640,200,3732
client,client_request,completed,1777547141152250,2,,,1777547141147605,1777547141152250,1777547141147605,1777547141152250,,,,client-2-6,Insert,-3161971,200,4645
client,client_request,completed,1777547141157739,2,,,1777547141152318,1777547141157739,1777547141152318,1777547141157739,,,,client-2-6,Remove,-7436031,200,5421
client,client_request,completed,1777547141164914,2,,,1777547141158083,1777547141164914,1777547141158083,1777547141164914,,,,client-2-6,Remove,-7606435,200,6831
client,client_request,completed,1777547141171218,2,,,1777547141164981,1777547141171218,1777547141164981,1777547141171218,,,,client-2-6,Remove,-2158351,200,6237
client,client_request,completed,1777547141189772,2,,,1777547141174879,1777547141189772,1777547141174879,1777547141189772,,,,client-2-6,Remove,10088728,200,14893
client,client_request,completed,1777547141194801,2,,,1777547141190342,1777547141194801,1777547141190342,1777547141194801,,,,client-2-6,Remove,13881954,200,4459
client,client_request,completed,1777547141199107,2,,,1777547141195263,1777547141199107,1777547141195263,1777547141199107,,,,client-2-6,Insert,-1432686,200,3844
client,client_request,completed,1777547141203829,2,,,1777547141199676,1777547141203829,1777547141199676,1777547141203829,,,,client-2-6,Remove,1098595,200,4153
client,client_request,completed,1777547141208382,2,,,1777547141204199,1777547141208382,1777547141204199,1777547141208382,,,,client-2-6,Remove,6795463,200,4183
client,client_request,completed,1777547141213581,2,,,1777547141209023,1777547141213581,1777547141209023,1777547141213581,,,,client-2-6,Insert,-8491186,200,4558
client,client_request,completed,1777547141220096,2,,,1777547141213638,1777547141220096,1777547141213638,1777547141220096,,,,client-2-6,Insert,2539965,200,6458
client,client_request,completed,1777547141228434,2,,,1777547141220225,1777547141228434,1777547141220225,1777547141228434,,,,client-2-6,Insert,15754121,200,8209
client,client_request,completed,1777547141234625,2,,,1777547141230994,1777547141234625,1777547141230994,1777547141234625,,,,client-2-6,Remove,-2548077,200,3631
client,client_request,completed,1777547141240072,2,,,1777547141235223,1777547141240072,1777547141235223,1777547141240072,,,,client-2-6,Insert,-11624513,200,4849
client,client_request,completed,1777547141246068,2,,,1777547141240517,1777547141246068,1777547141240517,1777547141246068,,,,client-2-6,Remove,16285258,200,5551
client,client_request,completed,1777547141252566,2,,,1777547141246115,1777547141252566,1777547141246115,1777547141252566,,,,client-2-6,Insert,3422289,200,6451
client,client_request,completed,1777547141255774,2,,,1777547141252611,1777547141255774,1777547141252611,1777547141255774,,,,client-2-6,Insert,-683343,200,3163
client,client_request,completed,1777547141259946,2,,,1777547141256388,1777547141259946,1777547141256388,1777547141259946,,,,client-2-6,Remove,9949553,200,3558
client,client_request,completed,1777547141264881,2,,,1777547141260362,1777547141264881,1777547141260362,1777547141264881,,,,client-2-6,Insert,2835242,200,4519
client,client_request,completed,1777547141269881,2,,,1777547141265324,1777547141269881,1777547141265324,1777547141269881,,,,client-2-6,Remove,7935711,200,4557
client,client_request,completed,1777547141276404,2,,,1777547141270459,1777547141276404,1777547141270459,1777547141276404,,,,client-2-6,Insert,-8930415,200,5945
client,client_request,completed,1777547141280406,2,,,1777547141276877,1777547141280406,1777547141276877,1777547141280406,,,,client-2-6,Insert,-11126814,200,3529
client,client_request,completed,1777547141286100,2,,,1777547141281488,1777547141286100,1777547141281488,1777547141286100,,,,client-2-6,Remove,-12245513,200,4612
client,client_request,completed,1777547141292340,2,,,1777547141286461,1777547141292340,1777547141286461,1777547141292340,,,,client-2-6,Remove,8863595,200,5879
client,client_request,completed,1777547141298249,2,,,1777547141292885,1777547141298249,1777547141292885,1777547141298249,,,,client-2-6,Insert,-1419888,200,5364
client,client_request,completed,1777547141302810,2,,,1777547141298581,1777547141302810,1777547141298581,1777547141302810,,,,client-2-6,Insert,-10638878,200,4229
client,client_request,completed,1777547141308017,2,,,1777547141303079,1777547141308017,1777547141303079,1777547141308017,,,,client-2-6,Remove,11407640,200,4938
client,client_request,completed,1777547141311740,2,,,1777547141308390,1777547141311740,1777547141308390,1777547141311740,,,,client-2-6,Insert,4499874,200,3350
client,client_request,completed,1777547141316392,2,,,1777547141312122,1777547141316392,1777547141312122,1777547141316392,,,,client-2-6,Remove,6400213,200,4270
client,client_request,completed,1777547141319787,2,,,1777547141316464,1777547141319787,1777547141316464,1777547141319787,,,,client-2-6,Remove,-16125812,200,3323
client,client_request,completed,1777547141324291,2,,,1777547141320049,1777547141324291,1777547141320049,1777547141324291,,,,client-2-6,Remove,2074547,200,4242
client,client_request,completed,1777547141330228,2,,,1777547141324980,1777547141330228,1777547141324980,1777547141330228,,,,client-2-6,Insert,-12326281,200,5248
client,client_request,completed,1777547141334868,2,,,1777547141330660,1777547141334868,1777547141330660,1777547141334868,,,,client-2-6,Remove,5281816,200,4208
client,client_request,completed,1777547141339527,2,,,1777547141334914,1777547141339527,1777547141334914,1777547141339527,,,,client-2-6,Insert,-5284867,200,4613
client,client_request,completed,1777547141342528,2,,,1777547141339596,1777547141342528,1777547141339596,1777547141342528,,,,client-2-6,Insert,-6025244,200,2932
client,client_request,completed,1777547141347692,2,,,1777547141342929,1777547141347692,1777547141342929,1777547141347692,,,,client-2-6,Insert,-4692586,200,4763
client,client_request,completed,1777547141352389,2,,,1777547141347985,1777547141352389,1777547141347985,1777547141352389,,,,client-2-6,Insert,2122611,200,4404
client,client_request,completed,1777547141357769,2,,,1777547141352438,1777547141357769,1777547141352438,1777547141357769,,,,client-2-6,Remove,-3689517,200,5331
client,client_request,completed,1777547141361510,2,,,1777547141358095,1777547141361510,1777547141358095,1777547141361510,,,,client-2-6,Remove,-7080159,200,3415
client,client_request,completed,1777547141366856,2,,,1777547141361992,1777547141366856,1777547141361992,1777547141366856,,,,client-2-6,Remove,-9700455,200,4864
client,client_request,completed,1777547141370368,2,,,1777547141367368,1777547141370368,1777547141367368,1777547141370368,,,,client-2-6,Insert,6884666,200,3000
client,client_request,completed,1777547141375418,2,,,1777547141370418,1777547141375418,1777547141370418,1777547141375418,,,,client-2-6,Insert,11810422,200,5000
client,client_request,completed,1777547141380753,2,,,1777547141376516,1777547141380753,1777547141376516,1777547141380753,,,,client-2-6,Remove,-13002981,200,4237
client,client_request,completed,1777547141385805,2,,,1777547141380965,1777547141385805,1777547141380965,1777547141385805,,,,client-2-6,Remove,6438470,200,4840
client,client_request,completed,1777547141391101,2,,,1777547141386257,1777547141391101,1777547141386257,1777547141391101,,,,client-2-6,Insert,-5604887,200,4844
client,client_request,completed,1777547141396989,2,,,1777547141391852,1777547141396989,1777547141391852,1777547141396989,,,,client-2-6,Remove,-6373159,200,5137
client,client_request,completed,1777547141400412,2,,,1777547141397616,1777547141400412,1777547141397616,1777547141400412,,,,client-2-6,Insert,-3192456,200,2796
client,client_request,completed,1777547141404840,2,,,1777547141400639,1777547141404840,1777547141400639,1777547141404840,,,,client-2-6,Insert,-231239,200,4201
client,client_request,completed,1777547141409931,2,,,1777547141405189,1777547141409931,1777547141405189,1777547141409931,,,,client-2-6,Insert,-5878354,200,4742
client,client_request,completed,1777547141414648,2,,,1777547141410536,1777547141414648,1777547141410536,1777547141414648,,,,client-2-6,Insert,-5670380,200,4112
client,client_request,completed,1777547141420550,2,,,1777547141415073,1777547141420550,1777547141415073,1777547141420550,,,,client-2-6,Remove,15619559,200,5477
client,client_request,completed,1777547141424553,2,,,1777547141420595,1777547141424553,1777547141420595,1777547141424553,,,,client-2-6,Remove,-2472998,200,3958
client,client_request,completed,1777547141428948,2,,,1777547141425126,1777547141428948,1777547141425126,1777547141428948,,,,client-2-6,Insert,-4702067,200,3822
client,client_request,completed,1777547141432997,2,,,1777547141429294,1777547141432997,1777547141429294,1777547141432997,,,,client-2-6,Remove,-3675093,200,3703
client,client_request,completed,1777547141438091,2,,,1777547141433198,1777547141438091,1777547141433198,1777547141438091,,,,client-2-6,Insert,1132355,200,4893
client,client_request,completed,1777547141443045,2,,,1777547141438601,1777547141443045,1777547141438601,1777547141443045,,,,client-2-6,Insert,-887404,200,4444
client,client_request,completed,1777547141447503,2,,,1777547141443093,1777547141447503,1777547141443093,1777547141447503,,,,client-2-6,Remove,3145353,200,4410
client,client_request,completed,1777547141451356,2,,,1777547141447549,1777547141451356,1777547141447549,1777547141451356,,,,client-2-6,Insert,-6201783,200,3807
client,client_request,completed,1777547141456195,2,,,1777547141451696,1777547141456195,1777547141451696,1777547141456195,,,,client-2-6,Insert,16020254,200,4499
client,client_request,completed,1777547141459997,2,,,1777547141456760,1777547141459997,1777547141456760,1777547141459997,,,,client-2-6,Insert,-8749005,200,3237
client,client_request,completed,1777547141465912,2,,,1777547141460983,1777547141465912,1777547141460983,1777547141465912,,,,client-2-6,Remove,-15336018,200,4929
client,client_request,completed,1777547141472308,2,,,1777547141465962,1777547141472308,1777547141465962,1777547141472308,,,,client-2-6,Remove,14278643,200,6346
client,client_request,completed,1777547141476821,2,,,1777547141472357,1777547141476821,1777547141472357,1777547141476821,,,,client-2-6,Insert,-15096102,200,4464
client,client_request,completed,1777547141481506,2,,,1777547141477514,1777547141481506,1777547141477514,1777547141481506,,,,client-2-6,Insert,-1903094,200,3992
client,client_request,completed,1777547141485515,2,,,1777547141481555,1777547141485515,1777547141481555,1777547141485515,,,,client-2-6,Insert,-8215487,200,3960
client,client_request,completed,1777547141490868,2,,,1777547141486082,1777547141490868,1777547141486082,1777547141490868,,,,client-2-6,Insert,-1989256,200,4786
client,client_request,completed,1777547141495531,2,,,1777547141491165,1777547141495531,1777547141491165,1777547141495531,,,,client-2-6,Insert,5321080,200,4366
client,client_request,completed,1777547141501179,2,,,1777547141496039,1777547141501179,1777547141496039,1777547141501179,,,,client-2-6,Insert,-11276394,200,5140
client,client_request,completed,1777547141504012,2,,,1777547141501224,1777547141504012,1777547141501224,1777547141504012,,,,client-2-6,Insert,-11050219,200,2788
client,client_request,completed,1777547141507566,2,,,1777547141504539,1777547141507566,1777547141504539,1777547141507566,,,,client-2-6,Insert,-9196426,200,3027
client,client_request,completed,1777547141511861,2,,,1777547141507626,1777547141511861,1777547141507626,1777547141511861,,,,client-2-6,Insert,4443163,200,4235
client,client_request,completed,1777547141516276,2,,,1777547141511906,1777547141516276,1777547141511906,1777547141516276,,,,client-2-6,Remove,13289612,200,4370
client,client_request,completed,1777547141520227,2,,,1777547141516725,1777547141520227,1777547141516725,1777547141520227,,,,client-2-6,Insert,3393155,200,3502
client,client_request,completed,1777547141524512,2,,,1777547141520279,1777547141524512,1777547141520279,1777547141524512,,,,client-2-6,Insert,-6907243,200,4233
client,client_request,completed,1777547141530918,2,,,1777547141525052,1777547141530918,1777547141525052,1777547141530918,,,,client-2-6,Remove,-5104198,200,5866
client,client_request,completed,1777547141535286,2,,,1777547141531473,1777547141535286,1777547141531473,1777547141535286,,,,client-2-6,Remove,15226362,200,3813
client,client_request,completed,1777547141541003,2,,,1777547141535774,1777547141541003,1777547141535774,1777547141541003,,,,client-2-6,Insert,9741010,200,5229
client,client_request,completed,1777547141544808,2,,,1777547141541472,1777547141544808,1777547141541472,1777547141544808,,,,client-2-6,Remove,-13106964,200,3336
client,client_request,completed,1777547141551064,2,,,1777547141545316,1777547141551064,1777547141545316,1777547141551064,,,,client-2-6,Remove,-4273034,200,5748
client,client_request,completed,1777547141555923,2,,,1777547141551728,1777547141555923,1777547141551728,1777547141555923,,,,client-2-6,Remove,5338375,200,4195
client,client_request,completed,1777547141561489,2,,,1777547141556472,1777547141561489,1777547141556472,1777547141561489,,,,client-2-6,Insert,14707112,200,5017
client,client_request,completed,1777547141566171,2,,,1777547141561860,1777547141566171,1777547141561860,1777547141566171,,,,client-2-6,Insert,12164976,200,4311
client,client_request,completed,1777547141571851,2,,,1777547141566433,1777547141571851,1777547141566433,1777547141571851,,,,client-2-6,Remove,9063058,200,5418
client,client_request,completed,1777547141576377,2,,,1777547141571889,1777547141576377,1777547141571889,1777547141576377,,,,client-2-6,Insert,-11819130,200,4488
client,client_request,completed,1777547141579866,2,,,1777547141576447,1777547141579866,1777547141576447,1777547141579866,,,,client-2-6,Insert,-10855532,200,3419
client,client_request,completed,1777547141584616,2,,,1777547141580186,1777547141584616,1777547141580186,1777547141584616,,,,client-2-6,Remove,-14494813,200,4430
client,client_request,completed,1777547141594715,2,,,1777547141584935,1777547141594715,1777547141584935,1777547141594715,,,,client-2-6,Remove,-11858284,200,9780
client,client_request,completed,1777547141601870,2,,,1777547141595044,1777547141601870,1777547141595044,1777547141601870,,,,client-2-6,Remove,-14473901,200,6826
client,client_request,completed,1777547141607671,2,,,1777547141602242,1777547141607671,1777547141602242,1777547141607671,,,,client-2-6,Insert,8803146,200,5429
client,client_request,completed,1777547141611702,2,,,1777547141608050,1777547141611702,1777547141608050,1777547141611702,,,,client-2-6,Insert,-14444313,200,3652
client,client_request,completed,1777547141616752,2,,,1777547141612212,1777547141616752,1777547141612212,1777547141616752,,,,client-2-6,Insert,12911626,200,4540
client,client_request,completed,1777547141620337,2,,,1777547141616799,1777547141620337,1777547141616799,1777547141620337,,,,client-2-6,Remove,-3926995,200,3538
client,client_request,completed,1777547141623164,2,,,1777547141620830,1777547141623164,1777547141620830,1777547141623164,,,,client-2-6,Remove,-16453231,200,2334
client,client_request,completed,1777547141626121,2,,,1777547141623411,1777547141626121,1777547141623411,1777547141626121,,,,client-2-6,Remove,13133016,200,2710
client,client_request,completed,1777547141629075,2,,,1777547141626663,1777547141629075,1777547141626663,1777547141629075,,,,client-2-6,Insert,13032931,200,2412
client,client_request,completed,1777547141631894,2,,,1777547141629343,1777547141631894,1777547141629343,1777547141631894,,,,client-2-6,Remove,299269,200,2551
client,client_request,completed,1777547141634412,2,,,1777547141632194,1777547141634412,1777547141632194,1777547141634412,,,,client-2-6,Insert,12129513,200,2218
client,client_request,completed,1777547141637801,2,,,1777547141634535,1777547141637801,1777547141634535,1777547141637801,,,,client-2-6,Insert,-9548836,200,3266
client,client_request,completed,1777547141640039,2,,,1777547141637938,1777547141640039,1777547141637938,1777547141640039,,,,client-2-6,Remove,7776809,200,2101
client,client_request,completed,1777547141642649,2,,,1777547141640319,1777547141642649,1777547141640319,1777547141642649,,,,client-2-6,Remove,-5784016,200,2330
client,client_request,completed,1777547141645254,2,,,1777547141642886,1777547141645254,1777547141642886,1777547141645254,,,,client-2-6,Remove,3145194,200,2368
client,client_request,completed,1777547141646862,2,,,1777547141645494,1777547141646862,1777547141645494,1777547141646862,,,,client-2-6,Remove,-2795212,200,1368
client,client_request,completed,1777547141649267,2,,,1777547141647093,1777547141649267,1777547141647093,1777547141649267,,,,client-2-6,Remove,2071004,200,2174
client,client_request,completed,1777547141651642,2,,,1777547141649564,1777547141651642,1777547141649564,1777547141651642,,,,client-2-6,Remove,6337650,200,2078
client,client_request,completed,1777547141653194,2,,,1777547141651951,1777547141653194,1777547141651951,1777547141653194,,,,client-2-6,Remove,-12031915,200,1243
client,client_request,completed,1777547141655423,2,,,1777547141653476,1777547141655423,1777547141653476,1777547141655423,,,,client-2-6,Insert,10626834,200,1947
client,client_request,completed,1777547141657585,2,,,1777547141655468,1777547141657585,1777547141655468,1777547141657585,,,,client-2-6,Remove,-14001503,200,2117
client,client_request,completed,1777547141660269,2,,,1777547141657674,1777547141660269,1777547141657674,1777547141660269,,,,client-2-6,Remove,-8856029,200,2595
client,client_request,completed,1777547141662732,2,,,1777547141660324,1777547141662732,1777547141660324,1777547141662732,,,,client-2-6,Remove,5292006,200,2408
client,client_request,completed,1777547141664869,2,,,1777547141662828,1777547141664869,1777547141662828,1777547141664869,,,,client-2-6,Insert,-7729331,200,2041
client,client_request,completed,1777547141667191,2,,,1777547141664923,1777547141667191,1777547141664923,1777547141667191,,,,client-2-6,Remove,5569799,200,2268
client,client_request,completed,1777547141669720,2,,,1777547141667405,1777547141669720,1777547141667405,1777547141669720,,,,client-2-6,Insert,-4322410,200,2315
client,client_request,completed,1777547141677156,2,,,1777547141670141,1777547141677156,1777547141670141,1777547141677156,,,,client-2-6,Remove,8993010,200,7015
client,client_request,completed,1777547141681255,2,,,1777547141678398,1777547141681255,1777547141678398,1777547141681255,,,,client-2-6,Remove,-13095615,200,2857
client,client_request,completed,1777547141687029,2,,,1777547141681664,1777547141687029,1777547141681664,1777547141687029,,,,client-2-6,Remove,-1914062,200,5365
client,client_request,completed,1777547141691415,2,,,1777547141687452,1777547141691415,1777547141687452,1777547141691415,,,,client-2-6,Remove,8267074,200,3963
client,client_request,completed,1777547141697108,2,,,1777547141691918,1777547141697108,1777547141691918,1777547141697108,,,,client-2-6,Remove,-14250251,200,5190
client,client_request,completed,1777547141702516,2,,,1777547141697155,1777547141702516,1777547141697155,1777547141702516,,,,client-2-6,Insert,-8392561,200,5361
client,client_request,completed,1777547141706180,2,,,1777547141702856,1777547141706180,1777547141702856,1777547141706180,,,,client-2-6,Insert,-14196407,200,3324
client,client_request,completed,1777547141712751,2,,,1777547141706671,1777547141712751,1777547141706671,1777547141712751,,,,client-2-6,Remove,8513799,200,6080
client,client_request,completed,1777547141717342,2,,,1777547141713708,1777547141717342,1777547141713708,1777547141717342,,,,client-2-6,Insert,-1311417,200,3634
client,client_request,completed,1777547141721545,2,,,1777547141718068,1777547141721545,1777547141718068,1777547141721545,,,,client-2-6,Insert,-14720550,200,3477
client,client_request,completed,1777547141779103,2,,,1777547141721984,1777547141779103,1777547141721984,1777547141779103,,,,client-2-6,Remove,-32285,200,57119
client,client_request,completed,1777547141782944,2,,,1777547141779506,1777547141782944,1777547141779506,1777547141782944,,,,client-2-6,Insert,-12510005,200,3438
client,client_request,completed,1777547141787258,2,,,1777547141783309,1777547141787258,1777547141783309,1777547141787258,,,,client-2-6,Insert,-3389885,200,3949
client,client_request,completed,1777547141792061,2,,,1777547141788179,1777547141792061,1777547141788179,1777547141792061,,,,client-2-6,Insert,-5008707,200,3882
client,client_request,completed,1777547141796673,2,,,1777547141792397,1777547141796673,1777547141792397,1777547141796673,,,,client-2-6,Remove,6436292,200,4276
client,client_request,completed,1777547141801791,2,,,1777547141797627,1777547141801791,1777547141797627,1777547141801791,,,,client-2-6,Remove,-9609258,200,4164
client,client_request,completed,1777547141806793,2,,,1777547141802363,1777547141806793,1777547141802363,1777547141806793,,,,client-2-6,Remove,8678758,200,4430
client,client_request,completed,1777547141813336,2,,,1777547141807565,1777547141813336,1777547141807565,1777547141813336,,,,client-2-6,Remove,-3721056,200,5771
client,client_request,completed,1777547141820568,2,,,1777547141813792,1777547141820568,1777547141813792,1777547141820568,,,,client-2-6,Insert,8862789,200,6776
client,client_request,completed,1777547141825111,2,,,1777547141820633,1777547141825111,1777547141820633,1777547141825111,,,,client-2-6,Remove,6306336,200,4478
client,client_request,completed,1777547141833591,2,,,1777547141825894,1777547141833591,1777547141825894,1777547141833591,,,,client-2-6,Insert,384847,200,7697
client,client_request,completed,1777547141837946,2,,,1777547141833818,1777547141837946,1777547141833818,1777547141837946,,,,client-2-6,Remove,-9341212,200,4128
client,client_request,completed,1777547141842999,2,,,1777547141837992,1777547141842999,1777547141837992,1777547141842999,,,,client-2-6,Insert,14531706,200,5007
client,client_request,completed,1777547141848143,2,,,1777547141843270,1777547141848143,1777547141843270,1777547141848143,,,,client-2-6,Insert,12194177,200,4873
client,client_request,completed,1777547141853245,2,,,1777547141848198,1777547141853245,1777547141848198,1777547141853245,,,,client-2-6,Insert,5490288,200,5047
client,client_request,completed,1777547141858578,2,,,1777547141854288,1777547141858578,1777547141854288,1777547141858578,,,,client-2-6,Insert,8740774,200,4290
client,client_request,completed,1777547141863608,2,,,1777547141858922,1777547141863608,1777547141858922,1777547141863608,,,,client-2-6,Remove,11727991,200,4686
client,client_request,completed,1777547141870298,2,,,1777547141864298,1777547141870298,1777547141864298,1777547141870298,,,,client-2-6,Insert,-15907471,200,6000
client,client_request,completed,1777547141875922,2,,,1777547141871335,1777547141875922,1777547141871335,1777547141875922,,,,client-2-6,Insert,-3068919,200,4587
client,client_request,completed,1777547141883159,2,,,1777547141876318,1777547141883159,1777547141876318,1777547141883159,,,,client-2-6,Insert,14449470,200,6841
client,client_request,completed,1777547141894372,2,,,1777547141883210,1777547141894372,1777547141883210,1777547141894372,,,,client-2-6,Insert,-8544159,200,11162
client,client_request,completed,1777547141898724,2,,,1777547141894715,1777547141898724,1777547141894715,1777547141898724,,,,client-2-6,Remove,1469984,200,4009
client,client_request,completed,1777547141906025,2,,,1777547141899312,1777547141906025,1777547141899312,1777547141906025,,,,client-2-6,Insert,2747721,200,6713
client,client_request,completed,1777547141911022,2,,,1777547141906072,1777547141911022,1777547141906072,1777547141911022,,,,client-2-6,Remove,11088180,200,4950
client,client_request,completed,1777547141915989,2,,,1777547141911590,1777547141915989,1777547141911590,1777547141915989,,,,client-2-6,Insert,-14557820,200,4399
client,client_request,completed,1777547141920973,2,,,1777547141916356,1777547141920973,1777547141916356,1777547141920973,,,,client-2-6,Insert,-13223775,200,4617
client,client_request,completed,1777547141925450,2,,,1777547141921035,1777547141925450,1777547141921035,1777547141925450,,,,client-2-6,Insert,8783936,200,4415
client,client_request,completed,1777547141929484,2,,,1777547141925985,1777547141929484,1777547141925985,1777547141929484,,,,client-2-6,Insert,-12727915,200,3499
client,client_request,completed,1777547141934836,2,,,1777547141929801,1777547141934836,1777547141929801,1777547141934836,,,,client-2-6,Remove,16186992,200,5035
client,client_request,completed,1777547141940511,2,,,1777547141934885,1777547141940511,1777547141934885,1777547141940511,,,,client-2-6,Insert,-3990554,200,5626
client,client_request,completed,1777547141944759,2,,,1777547141940911,1777547141944759,1777547141940911,1777547141944759,,,,client-2-6,Insert,7925358,200,3848
client,client_request,completed,1777547141951035,2,,,1777547141944805,1777547141951035,1777547141944805,1777547141951035,,,,client-2-6,Insert,-11605629,200,6230
client,client_request,completed,1777547141955844,2,,,1777547141951348,1777547141955844,1777547141951348,1777547141955844,,,,client-2-6,Remove,-5368463,200,4496
client,client_request,completed,1777547141961098,2,,,1777547141956359,1777547141961098,1777547141956359,1777547141961098,,,,client-2-6,Insert,15116131,200,4739
client,client_request,completed,1777547141966217,2,,,1777547141961190,1777547141966217,1777547141961190,1777547141966217,,,,client-2-6,Remove,14917572,200,5027
client,client_request,completed,1777547141974492,2,,,1777547141967043,1777547141974492,1777547141967043,1777547141974492,,,,client-2-6,Insert,-4400158,200,7449
client,client_request,completed,1777547141980187,2,,,1777547141975275,1777547141980187,1777547141975275,1777547141980187,,,,client-2-6,Insert,-13612327,200,4912
client,client_request,completed,1777547141985103,2,,,1777547141980445,1777547141985103,1777547141980445,1777547141985103,,,,client-2-6,Insert,-4164810,200,4658
client,client_request,completed,1777547141989736,2,,,1777547141985153,1777547141989736,1777547141985153,1777547141989736,,,,client-2-6,Insert,2429101,200,4583
client,client_request,completed,1777547141995771,2,,,1777547141990174,1777547141995771,1777547141990174,1777547141995771,,,,client-2-6,Insert,6367445,200,5597
client,client_request,completed,1777547141999721,2,,,1777547141995984,1777547141999721,1777547141995984,1777547141999721,,,,client-2-6,Remove,-4715617,200,3737
client,client_request,completed,1777547142006796,2,,,1777547142000170,1777547142006796,1777547142000170,1777547142006796,,,,client-2-6,Remove,-9211142,200,6626
client,client_request,completed,1777547142011356,2,,,1777547142006993,1777547142011356,1777547142006993,1777547142011356,,,,client-2-6,Remove,12718466,200,4363
client,client_request,completed,1777547142016964,2,,,1777547142012002,1777547142016964,1777547142012002,1777547142016964,,,,client-2-6,Insert,13255293,200,4962
client,client_request,completed,1777547142023723,2,,,1777547142017370,1777547142023723,1777547142017370,1777547142023723,,,,client-2-6,Remove,3823304,200,6353
client,client_request,completed,1777547142029010,2,,,1777547142023783,1777547142029010,1777547142023783,1777547142029010,,,,client-2-6,Remove,6612517,200,5227
client,client_request,completed,1777547142033833,2,,,1777547142029682,1777547142033833,1777547142029682,1777547142033833,,,,client-2-6,Remove,-2043475,200,4151
client,client_request,completed,1777547142040207,2,,,1777547142034697,1777547142040207,1777547142034697,1777547142040207,,,,client-2-6,Remove,16654843,200,5510
client,client_request,completed,1777547142045535,2,,,1777547142040639,1777547142045535,1777547142040639,1777547142045535,,,,client-2-6,Remove,-8379858,200,4896
client,client_request,completed,1777547142051569,2,,,1777547142045585,1777547142051569,1777547142045585,1777547142051569,,,,client-2-6,Insert,-2899074,200,5984
client,client_request,completed,1777547142058304,2,,,1777547142052633,1777547142058304,1777547142052633,1777547142058304,,,,client-2-6,Insert,1402695,200,5671
client,client_request,completed,1777547142062561,2,,,1777547142058384,1777547142062561,1777547142058384,1777547142062561,,,,client-2-6,Remove,1070581,200,4177
client,client_request,completed,1777547142067592,2,,,1777547142062828,1777547142067592,1777547142062828,1777547142067592,,,,client-2-6,Remove,10196879,200,4764
client,client_request,completed,1777547142073076,2,,,1777547142067656,1777547142073076,1777547142067656,1777547142073076,,,,client-2-6,Remove,-6951103,200,5420
client,client_request,completed,1777547142079406,2,,,1777547142073535,1777547142079406,1777547142073535,1777547142079406,,,,client-2-6,Remove,1182953,200,5871
client,client_request,completed,1777547142082116,2,,,1777547142079770,1777547142082116,1777547142079770,1777547142082116,,,,client-2-6,Remove,2534992,200,2346
client,client_request,completed,1777547142085613,2,,,1777547142082162,1777547142085613,1777547142082162,1777547142085613,,,,client-2-6,Insert,244414,200,3451
client,client_request,completed,1777547142089013,2,,,1777547142085669,1777547142089013,1777547142085669,1777547142089013,,,,client-2-6,Insert,13606156,200,3344
client,client_request,completed,1777547142093551,2,,,1777547142089366,1777547142093551,1777547142089366,1777547142093551,,,,client-2-6,Insert,9676173,200,4185
client,client_request,completed,1777547142097683,2,,,1777547142093915,1777547142097683,1777547142093915,1777547142097683,,,,client-2-6,Insert,-5299745,200,3768
client,client_request,completed,1777547142101308,2,,,1777547142098077,1777547142101308,1777547142098077,1777547142101308,,,,client-2-6,Remove,8563279,200,3231
client,client_request,completed,1777547142105513,2,,,1777547142101355,1777547142105513,1777547142101355,1777547142105513,,,,client-2-6,Insert,14164954,200,4158
client,client_request,completed,1777547142111899,2,,,1777547142106158,1777547142111899,1777547142106158,1777547142111899,,,,client-2-6,Insert,-8163965,200,5741
client,client_request,completed,1777547142118324,2,,,1777547142112324,1777547142118324,1777547142112324,1777547142118324,,,,client-2-6,Remove,14338547,200,6000
client,client_request,completed,1777547142124092,2,,,1777547142119249,1777547142124092,1777547142119249,1777547142124092,,,,client-2-6,Insert,5558447,200,4843
client,client_request,completed,1777547142130785,2,,,1777547142124149,1777547142130785,1777547142124149,1777547142130785,,,,client-2-6,Insert,-1965540,200,6636
client,client_request,completed,1777547142136229,2,,,1777547142131069,1777547142136229,1777547142131069,1777547142136229,,,,client-2-6,Insert,15535430,200,5160
client,client_request,completed,1777547142141723,2,,,1777547142136520,1777547142141723,1777547142136520,1777547142141723,,,,client-2-6,Insert,-4644619,200,5203
client,client_request,completed,1777547142148864,2,,,1777547142142245,1777547142148864,1777547142142245,1777547142148864,,,,client-2-6,Remove,-7846582,200,6619
client,client_request,completed,1777547142156628,2,,,1777547142149975,1777547142156628,1777547142149975,1777547142156628,,,,client-2-6,Remove,16029913,200,6653
client,client_request,completed,1777547142163969,2,,,1777547142156954,1777547142163969,1777547142156954,1777547142163969,,,,client-2-6,Insert,5867870,200,7015
client,client_request,completed,1777547142171669,2,,,1777547142164402,1777547142171669,1777547142164402,1777547142171669,,,,client-2-6,Remove,-865324,200,7267
client,client_request,completed,1777547142180053,2,,,1777547142172334,1777547142180053,1777547142172334,1777547142180053,,,,client-2-6,Insert,3281247,200,7719
client,client_request,completed,1777547142186550,2,,,1777547142181101,1777547142186550,1777547142181101,1777547142186550,,,,client-2-6,Remove,13832679,200,5449
client,client_request,completed,1777547142194401,2,,,1777547142186608,1777547142194401,1777547142186608,1777547142194401,,,,client-2-6,Insert,-2362747,200,7793
client,client_request,completed,1777547142202129,2,,,1777547142195460,1777547142202129,1777547142195460,1777547142202129,,,,client-2-6,Remove,14513361,200,6669
client,client_request,completed,1777547142210400,2,,,1777547142202539,1777547142210400,1777547142202539,1777547142210400,,,,client-2-6,Remove,-13577508,200,7861
client,client_request,completed,1777547142219264,2,,,1777547142211092,1777547142219264,1777547142211092,1777547142219264,,,,client-2-6,Remove,-11626123,200,8172
client,client_request,completed,1777547142230072,2,,,1777547142220031,1777547142230072,1777547142220031,1777547142230072,,,,client-2-6,Remove,-9734984,200,10041
client,client_request,completed,1777547142237987,2,,,1777547142230111,1777547142237987,1777547142230111,1777547142237987,,,,client-2-6,Remove,-3068749,200,7876
client,client_request,completed,1777547142245730,2,,,1777547142238762,1777547142245730,1777547142238762,1777547142245730,,,,client-2-6,Insert,-11937572,200,6968
client,client_request,completed,1777547142251326,2,,,1777547142246547,1777547142251326,1777547142246547,1777547142251326,,,,client-2-6,Insert,-12663014,200,4779
client,client_request,completed,1777547142259923,2,,,1777547142251937,1777547142259923,1777547142251937,1777547142259923,,,,client-2-6,Insert,14558743,200,7986
client,client_request,completed,1777547142267556,2,,,1777547142260486,1777547142267556,1777547142260486,1777547142267556,,,,client-2-6,Remove,-13507616,200,7070
client,client_request,completed,1777547142276930,2,,,1777547142269488,1777547142276930,1777547142269488,1777547142276930,,,,client-2-6,Remove,-15775620,200,7442
client,client_request,completed,1777547142283730,2,,,1777547142277355,1777547142283730,1777547142277355,1777547142283730,,,,client-2-6,Remove,11732785,200,6375
client,client_request,completed,1777547142293944,2,,,1777547142284178,1777547142293944,1777547142284178,1777547142293944,,,,client-2-6,Remove,-507429,200,9766
client,client_request,completed,1777547142300221,2,,,1777547142294696,1777547142300221,1777547142294696,1777547142300221,,,,client-2-6,Insert,10434598,200,5525
client,client_request,completed,1777547142310009,2,,,1777547142302124,1777547142310009,1777547142302124,1777547142310009,,,,client-2-6,Remove,3917857,200,7885
client,client_request,completed,1777547142319312,2,,,1777547142310831,1777547142319312,1777547142310831,1777547142319312,,,,client-2-6,Insert,-7022487,200,8481
client,client_request,completed,1777547142327630,2,,,1777547142319362,1777547142327630,1777547142319362,1777547142327630,,,,client-2-6,Insert,-1889453,200,8268
client,client_request,completed,1777547142333565,2,,,1777547142328181,1777547142333565,1777547142328181,1777547142333565,,,,client-2-6,Remove,2967771,200,5384
client,client_request,completed,1777547142339298,2,,,1777547142333611,1777547142339298,1777547142333611,1777547142339298,,,,client-2-6,Remove,-3344335,200,5687
client,client_request,completed,1777547142347555,2,,,1777547142339858,1777547142347555,1777547142339858,1777547142347555,,,,client-2-6,Insert,-7875850,200,7697
client,client_request,completed,1777547142353538,2,,,1777547142348050,1777547142353538,1777547142348050,1777547142353538,,,,client-2-6,Remove,-4372232,200,5488
client,client_request,completed,1777547142360968,2,,,1777547142353588,1777547142360968,1777547142353588,1777547142360968,,,,client-2-6,Remove,-13879883,200,7380
client,client_request,completed,1777547142366705,2,,,1777547142361019,1777547142366705,1777547142361019,1777547142366705,,,,client-2-6,Remove,-15523054,200,5686
client,client_request,completed,1777547142373075,2,,,1777547142367512,1777547142373075,1777547142367512,1777547142373075,,,,client-2-6,Remove,-1307310,200,5563
client,client_request,completed,1777547142382543,2,,,1777547142373733,1777547142382543,1777547142373733,1777547142382543,,,,client-2-6,Insert,-5659884,200,8810
client,client_request,completed,1777547142391509,2,,,1777547142383051,1777547142391509,1777547142383051,1777547142391509,,,,client-2-6,Insert,-3163490,200,8458
client,client_request,completed,1777547142398543,2,,,1777547142392084,1777547142398543,1777547142392084,1777547142398543,,,,client-2-6,Insert,-10537163,200,6459
client,client_request,completed,1777547142404871,2,,,1777547142399038,1777547142404871,1777547142399038,1777547142404871,,,,client-2-6,Remove,-10604642,200,5833
client,client_request,completed,1777547142411117,2,,,1777547142405505,1777547142411117,1777547142405505,1777547142411117,,,,client-2-6,Insert,12075324,200,5612
client,client_request,completed,1777547142419092,2,,,1777547142411566,1777547142419092,1777547142411566,1777547142419092,,,,client-2-6,Remove,10105983,200,7526
client,client_request,completed,1777547142428837,2,,,1777547142419626,1777547142428837,1777547142419626,1777547142428837,,,,client-2-6,Insert,12179198,200,9211
client,client_request,completed,1777547142434390,2,,,1777547142429637,1777547142434390,1777547142429637,1777547142434390,,,,client-2-6,Remove,-186108,200,4753
client,client_request,completed,1777547142440292,2,,,1777547142435021,1777547142440292,1777547142435021,1777547142440292,,,,client-2-6,Remove,-933091,200,5271
client,client_request,completed,1777547142448674,2,,,1777547142440751,1777547142448674,1777547142440751,1777547142448674,,,,client-2-6,Remove,-10461653,200,7923
client,client_request,completed,1777547142455564,2,,,1777547142449703,1777547142455564,1777547142449703,1777547142455564,,,,client-2-6,Insert,13236875,200,5861
client,client_request,completed,1777547142462732,2,,,1777547142455610,1777547142462732,1777547142455610,1777547142462732,,,,client-2-6,Insert,9053468,200,7122
client,client_request,completed,1777547142470406,2,,,1777547142463293,1777547142470406,1777547142463293,1777547142470406,,,,client-2-6,Insert,3077916,200,7113
client,client_request,completed,1777547142478214,2,,,1777547142471733,1777547142478214,1777547142471733,1777547142478214,,,,client-2-6,Insert,6223707,200,6481
client,client_request,completed,1777547142485545,2,,,1777547142478804,1777547142485545,1777547142478804,1777547142485545,,,,client-2-6,Insert,1650254,200,6741
client,client_request,completed,1777547142497357,2,,,1777547142486000,1777547142497357,1777547142486000,1777547142497357,,,,client-2-6,Remove,-7462070,200,11357
client,client_request,completed,1777547142504392,2,,,1777547142497869,1777547142504392,1777547142497869,1777547142504392,,,,client-2-6,Remove,13972419,200,6523
client,client_request,completed,1777547142513043,2,,,1777547142504931,1777547142513043,1777547142504931,1777547142513043,,,,client-2-6,Remove,2973278,200,8112
client,client_request,completed,1777547142520968,2,,,1777547142513645,1777547142520968,1777547142513645,1777547142520968,,,,client-2-6,Remove,-15976802,200,7323
client,client_request,completed,1777547142527663,2,,,1777547142522057,1777547142527663,1777547142522057,1777547142527663,,,,client-2-6,Remove,4757997,200,5606
client,client_request,completed,1777547142534744,2,,,1777547142528577,1777547142534744,1777547142528577,1777547142534744,,,,client-2-6,Insert,-14154519,200,6167
client,client_request,completed,1777547142542735,2,,,1777547142535238,1777547142542735,1777547142535238,1777547142542735,,,,client-2-6,Remove,1998702,200,7497
client,client_request,completed,1777547142549563,2,,,1777547142543456,1777547142549563,1777547142543456,1777547142549563,,,,client-2-6,Remove,14637376,200,6107
client,client_request,completed,1777547142559153,2,,,1777547142551493,1777547142559153,1777547142551493,1777547142559153,,,,client-2-6,Insert,-7477132,200,7660
client,client_request,completed,1777547142566124,2,,,1777547142559767,1777547142566124,1777547142559767,1777547142566124,,,,client-2-6,Remove,-7610603,200,6357
client,client_request,completed,1777547142576410,2,,,1777547142566746,1777547142576410,1777547142566746,1777547142576410,,,,client-2-6,Insert,-953703,200,9664
client,client_request,completed,1777547142582671,2,,,1777547142577280,1777547142582671,1777547142577280,1777547142582671,,,,client-2-6,Insert,-3624976,200,5391
client,client_request,completed,1777547142592654,2,,,1777547142582716,1777547142592654,1777547142582716,1777547142592654,,,,client-2-6,Insert,-13538366,200,9938
client,client_request,completed,1777547142598401,2,,,1777547142592696,1777547142598401,1777547142592696,1777547142598401,,,,client-2-6,Remove,-5029947,200,5705
client,client_request,completed,1777547142605922,2,,,1777547142598730,1777547142605922,1777547142598730,1777547142605922,,,,client-2-6,Remove,5649246,200,7192
client,client_request,completed,1777547142612164,2,,,1777547142605967,1777547142612164,1777547142605967,1777547142612164,,,,client-2-6,Insert,4683855,200,6197
client,client_request,completed,1777547142619281,2,,,1777547142612210,1777547142619281,1777547142612210,1777547142619281,,,,client-2-6,Insert,10981623,200,7071
client,client_request,completed,1777547142625557,2,,,1777547142619865,1777547142625557,1777547142619865,1777547142625557,,,,client-2-6,Remove,-4674248,200,5692
client,client_request,completed,1777547142632937,2,,,1777547142626284,1777547142632937,1777547142626284,1777547142632937,,,,client-2-6,Insert,12133761,200,6653
client,client_request,completed,1777547142637952,2,,,1777547142633297,1777547142637952,1777547142633297,1777547142637952,,,,client-2-6,Insert,-826044,200,4655
client,client_request,completed,1777547142643919,2,,,1777547142638136,1777547142643919,1777547142638136,1777547142643919,,,,client-2-6,Remove,-6224577,200,5783
client,client_request,completed,1777547142648494,2,,,1777547142644298,1777547142648494,1777547142644298,1777547142648494,,,,client-2-6,Remove,-6487162,200,4196
client,client_request,completed,1777547142653833,2,,,1777547142648568,1777547142653833,1777547142648568,1777547142653833,,,,client-2-6,Insert,-15745803,200,5265
client,client_request,completed,1777547142659548,2,,,1777547142654571,1777547142659548,1777547142654571,1777547142659548,,,,client-2-6,Insert,15205716,200,4977
client,client_request,completed,1777547142664514,2,,,1777547142660367,1777547142664514,1777547142660367,1777547142664514,,,,client-2-6,Remove,2562064,200,4147
client,client_request,completed,1777547142671748,2,,,1777547142664868,1777547142671748,1777547142664868,1777547142671748,,,,client-2-6,Remove,15083679,200,6880
client,client_request,completed,1777547142679855,2,,,1777547142671796,1777547142679855,1777547142671796,1777547142679855,,,,client-2-6,Remove,3416032,200,8059
client,client_request,completed,1777547142685766,2,,,1777547142680344,1777547142685766,1777547142680344,1777547142685766,,,,client-2-6,Remove,-8585168,200,5422
client,client_request,completed,1777547142694988,2,,,1777547142686583,1777547142694988,1777547142686583,1777547142694988,,,,client-2-6,Insert,-7141374,200,8405
client,client_request,completed,1777547142703109,2,,,1777547142695432,1777547142703109,1777547142695432,1777547142703109,,,,client-2-6,Insert,-4416492,200,7677
client,client_request,completed,1777547142708813,2,,,1777547142703721,1777547142708813,1777547142703721,1777547142708813,,,,client-2-6,Remove,15815323,200,5092
client,client_request,completed,1777547142715083,2,,,1777547142709581,1777547142715083,1777547142709581,1777547142715083,,,,client-2-6,Remove,-10891155,200,5502
client,client_request,completed,1777547142722643,2,,,1777547142715632,1777547142722643,1777547142715632,1777547142722643,,,,client-2-6,Insert,-14394806,200,7011
client,client_request,completed,1777547142786845,2,,,1777547142723079,1777547142786845,1777547142723079,1777547142786845,,,,client-2-6,Insert,12963120,200,63766
client,client_request,completed,1777547142794365,2,,,1777547142786895,1777547142794365,1777547142786895,1777547142794365,,,,client-2-6,Insert,-15651955,200,7470
client,client_request,completed,1777547142801644,2,,,1777547142795397,1777547142801644,1777547142795397,1777547142801644,,,,client-2-6,Insert,-15426307,200,6247
client,client_request,completed,1777547142808317,2,,,1777547142802274,1777547142808317,1777547142802274,1777547142808317,,,,client-2-6,Insert,-1424160,200,6043
client,client_request,completed,1777547142814551,2,,,1777547142808383,1777547142814551,1777547142808383,1777547142814551,,,,client-2-6,Remove,-15316537,200,6168
client,client_request,completed,1777547142823519,2,,,1777547142814600,1777547142823519,1777547142814600,1777547142823519,,,,client-2-6,Insert,16005814,200,8919
client,client_request,completed,1777547142831154,2,,,1777547142824295,1777547142831154,1777547142824295,1777547142831154,,,,client-2-6,Insert,5998003,200,6859
client,client_request,completed,1777547142845139,2,,,1777547142836610,1777547142845139,1777547142836610,1777547142845139,,,,client-2-6,Remove,-15113865,200,8529
client,client_request,completed,1777547142854168,2,,,1777547142845699,1777547142854168,1777547142845699,1777547142854168,,,,client-2-6,Insert,1880422,200,8469
client,client_request,completed,1777547142862807,2,,,1777547142854800,1777547142862807,1777547142854800,1777547142862807,,,,client-2-6,Insert,-4157159,200,8007
client,client_request,completed,1777547142878196,2,,,1777547142862859,1777547142878196,1777547142862859,1777547142878196,,,,client-2-6,Insert,16696245,200,15337
client,client_request,completed,1777547142884200,2,,,1777547142878848,1777547142884200,1777547142878848,1777547142884200,,,,client-2-6,Remove,-14248373,200,5352
client,client_request,completed,1777547142893676,2,,,1777547142884947,1777547142893676,1777547142884947,1777547142893676,,,,client-2-6,Insert,-14885213,200,8729
client,client_request,completed,1777547142912059,2,,,1777547142893938,1777547142912059,1777547142893938,1777547142912059,,,,client-2-6,Insert,4455683,200,18121
client,client_request,completed,1777547142920507,2,,,1777547142912138,1777547142920507,1777547142912138,1777547142920507,,,,client-2-6,Remove,-3828650,200,8369
client,client_request,completed,1777547142928454,2,,,1777547142921102,1777547142928454,1777547142921102,1777547142928454,,,,client-2-6,Insert,-12004069,200,7352
client,client_request,completed,1777547142935330,2,,,1777547142929823,1777547142935330,1777547142929823,1777547142935330,,,,client-2-6,Insert,-5721475,200,5507
client,client_request,completed,1777547142943233,2,,,1777547142936256,1777547142943233,1777547142936256,1777547142943233,,,,client-2-6,Remove,8052884,200,6977
client,client_request,completed,1777547142952444,2,,,1777547142943283,1777547142952444,1777547142943283,1777547142952444,,,,client-2-6,Remove,3611160,200,9161
client,client_request,completed,1777547142964543,2,,,1777547142952855,1777547142964543,1777547142952855,1777547142964543,,,,client-2-6,Insert,-14523050,200,11688
client,client_request,completed,1777547142973483,2,,,1777547142965616,1777547142973483,1777547142965616,1777547142973483,,,,client-2-6,Insert,-10914357,200,7867
client,client_request,completed,1777547142980842,2,,,1777547142973695,1777547142980842,1777547142973695,1777547142980842,,,,client-2-6,Remove,2185671,200,7147
client,client_request,completed,1777547142986734,2,,,1777547142980889,1777547142986734,1777547142980889,1777547142986734,,,,client-2-6,Remove,16499116,200,5845
client,client_request,completed,1777547142992768,2,,,1777547142986793,1777547142992768,1777547142986793,1777547142992768,,,,client-2-6,Insert,8814597,200,5975
client,client_request,completed,1777547142999733,2,,,1777547142992854,1777547142999733,1777547142992854,1777547142999733,,,,client-2-6,Insert,-7522635,200,6879
client,client_request,completed,1777547143005867,2,,,1777547142999776,1777547143005867,1777547142999776,1777547143005867,,,,client-2-6,Remove,-14537367,200,6091
client,client_request,completed,1777547143012512,2,,,1777547143005935,1777547143012512,1777547143005935,1777547143012512,,,,client-2-6,Remove,11305841,200,6577
client,client_request,completed,1777547143018446,2,,,1777547143012558,1777547143018446,1777547143012558,1777547143018446,,,,client-2-6,Remove,12071256,200,5888
client,client_request,completed,1777547143027377,2,,,1777547143018491,1777547143027377,1777547143018491,1777547143027377,,,,client-2-6,Remove,3676535,200,8886
client,client_request,completed,1777547143037827,2,,,1777547143027844,1777547143037827,1777547143027844,1777547143037827,,,,client-2-6,Remove,10044796,200,9983
client,client_request,completed,1777547143044240,2,,,1777547143037886,1777547143044240,1777547143037886,1777547143044240,,,,client-2-6,Insert,4494455,200,6354
client,client_request,completed,1777547143053064,2,,,1777547143044293,1777547143053064,1777547143044293,1777547143053064,,,,client-2-6,Insert,-845242,200,8771
client,client_request,completed,1777547143066965,2,,,1777547143054723,1777547143066965,1777547143054723,1777547143066965,,,,client-2-6,Insert,-15410233,200,12242
client,client_request,completed,1777547143079846,2,,,1777547143067961,1777547143079846,1777547143067961,1777547143079846,,,,client-2-6,Remove,-6085556,200,11885
client,client_request,completed,1777547143083097,2,,,1777547143079901,1777547143083097,1777547143079901,1777547143083097,,,,client-2-6,Insert,-10532463,200,3196
client,client_request,completed,1777547143089239,2,,,1777547143083171,1777547143089239,1777547143083171,1777547143089239,,,,client-2-6,Remove,-2409488,200,6068
client,client_request,completed,1777547143097973,2,,,1777547143089773,1777547143097973,1777547143089773,1777547143097973,,,,client-2-6,Insert,5692749,200,8200
client,client_request,completed,1777547143110998,2,,,1777547143098579,1777547143110998,1777547143098579,1777547143110998,,,,client-2-6,Insert,16281719,200,12419
client,client_request,completed,1777547143119841,2,,,1777547143112382,1777547143119841,1777547143112382,1777547143119841,,,,client-2-6,Insert,4341358,200,7459
client,client_request,completed,1777547143130906,2,,,1777547143120860,1777547143130906,1777547143120860,1777547143130906,,,,client-2-6,Insert,-8256312,200,10046
client,client_request,completed,1777547143139268,2,,,1777547143131227,1777547143139268,1777547143131227,1777547143139268,,,,client-2-6,Insert,14916765,200,8041
client,client_request,completed,1777547143149239,2,,,1777547143139937,1777547143149239,1777547143139937,1777547143149239,,,,client-2-6,Insert,10313956,200,9302
client,client_request,completed,1777547143157911,2,,,1777547143149673,1777547143157911,1777547143149673,1777547143157911,,,,client-2-6,Insert,2029109,200,8238
client,client_request,completed,1777547143165588,2,,,1777547143159586,1777547143165588,1777547143159586,1777547143165588,,,,client-2-6,Remove,-11382160,200,6002
client,client_request,completed,1777547143172465,2,,,1777547143166377,1777547143172465,1777547143166377,1777547143172465,,,,client-2-6,Remove,-1239878,200,6088
client,client_request,completed,1777547143179899,2,,,1777547143172540,1777547143179899,1777547143172540,1777547143179899,,,,client-2-6,Insert,5657037,200,7359
client,client_request,completed,1777547143187628,2,,,1777547143181514,1777547143187628,1777547143181514,1777547143187628,,,,client-2-6,Remove,-11930078,200,6114
client,client_request,completed,1777547143193875,2,,,1777547143188106,1777547143193875,1777547143188106,1777547143193875,,,,client-2-6,Insert,14522117,200,5769
client,client_request,completed,1777547143200962,2,,,1777547143194177,1777547143200962,1777547143194177,1777547143200962,,,,client-2-6,Insert,-15622028,200,6785
client,client_request,completed,1777547143211058,2,,,1777547143202368,1777547143211058,1777547143202368,1777547143211058,,,,client-2-6,Insert,-2944174,200,8690
client,client_request,completed,1777547143221130,2,,,1777547143211125,1777547143221130,1777547143211125,1777547143221130,,,,client-2-6,Remove,-2436910,200,10005
client,client_request,completed,1777547143234738,2,,,1777547143224475,1777547143234738,1777547143224475,1777547143234738,,,,client-2-6,Insert,-12068490,200,10263
client,client_request,completed,1777547143245871,2,,,1777547143234807,1777547143245871,1777547143234807,1777547143245871,,,,client-2-6,Remove,-4165844,200,11064
client,client_request,completed,1777547143257290,2,,,1777547143246479,1777547143257290,1777547143246479,1777547143257290,,,,client-2-6,Remove,-10409244,200,10811
client,client_request,completed,1777547143265571,2,,,1777547143258023,1777547143265571,1777547143258023,1777547143265571,,,,client-2-6,Insert,-710661,200,7548
client,client_request,completed,1777547143275089,2,,,1777547143266343,1777547143275089,1777547143266343,1777547143275089,,,,client-2-6,Remove,-12494951,200,8746
client,client_request,completed,1777547143282610,2,,,1777547143275149,1777547143282610,1777547143275149,1777547143282610,,,,client-2-6,Insert,9374556,200,7461
client,client_request,completed,1777547143290238,2,,,1777547143283132,1777547143290238,1777547143283132,1777547143290238,,,,client-2-6,Remove,9205952,200,7106
client,client_request,completed,1777547143299084,2,,,1777547143290295,1777547143299084,1777547143290295,1777547143299084,,,,client-2-6,Remove,-5226813,200,8789
client,client_request,completed,1777547143310257,2,,,1777547143299131,1777547143310257,1777547143299131,1777547143310257,,,,client-2-6,Insert,-16540220,200,11126
client,client_request,completed,1777547143321203,2,,,1777547143310870,1777547143321203,1777547143310870,1777547143321203,,,,client-2-6,Remove,-5635778,200,10333
client,client_request,completed,1777547143331093,2,,,1777547143321753,1777547143331093,1777547143321753,1777547143331093,,,,client-2-6,Remove,2125207,200,9340
client,client_request,completed,1777547143337574,2,,,1777547143331408,1777547143337574,1777547143331408,1777547143337574,,,,client-2-6,Insert,-14597717,200,6166
client,client_request,completed,1777547143344072,2,,,1777547143337976,1777547143344072,1777547143337976,1777547143344072,,,,client-2-6,Insert,3922439,200,6096
client,client_request,completed,1777547143349672,2,,,1777547143344120,1777547143349672,1777547143344120,1777547143349672,,,,client-2-6,Insert,-8714032,200,5552
client,client_request,completed,1777547143361348,2,,,1777547143351250,1777547143361348,1777547143351250,1777547143361348,,,,client-2-6,Insert,-1897379,200,10098
client,client_request,completed,1777547143369588,2,,,1777547143361417,1777547143369588,1777547143361417,1777547143369588,,,,client-2-6,Insert,12839990,200,8171
client,client_request,completed,1777547143376112,2,,,1777547143370404,1777547143376112,1777547143370404,1777547143376112,,,,client-2-6,Remove,-15844121,200,5708
client,client_request,completed,1777547143383232,2,,,1777547143376179,1777547143383232,1777547143376179,1777547143383232,,,,client-2-6,Remove,-6090771,200,7053
client,client_request,completed,1777547143393189,2,,,1777547143384681,1777547143393189,1777547143384681,1777547143393189,,,,client-2-6,Insert,6161518,200,8508
client,client_request,completed,1777547143399866,2,,,1777547143393550,1777547143399866,1777547143393550,1777547143399866,,,,client-2-6,Remove,4427385,200,6316
client,client_request,completed,1777547143406095,2,,,1777547143400446,1777547143406095,1777547143400446,1777547143406095,,,,client-2-6,Insert,-4057362,200,5649
client,client_request,completed,1777547143414051,2,,,1777547143406769,1777547143414051,1777547143406769,1777547143414051,,,,client-2-6,Insert,8058035,200,7282
client,client_request,completed,1777547143429672,2,,,1777547143414568,1777547143429672,1777547143414568,1777547143429672,,,,client-2-6,Remove,14891474,200,15104
client,client_request,completed,1777547143441168,2,,,1777547143430592,1777547143441168,1777547143430592,1777547143441168,,,,client-2-6,Remove,-3595282,200,10576
client,client_request,completed,1777547143451322,2,,,1777547143441909,1777547143451322,1777547143441909,1777547143451322,,,,client-2-6,Remove,-12722282,200,9413
client,client_request,completed,1777547143456032,2,,,1777547143452016,1777547143456032,1777547143452016,1777547143456032,,,,client-2-6,Remove,-2900526,200,4016
client,client_request,completed,1777547143466560,2,,,1777547143456084,1777547143466560,1777547143456084,1777547143466560,,,,client-2-6,Remove,-5861128,200,10476
client,client_request,completed,1777547143477684,2,,,1777547143468193,1777547143477684,1777547143468193,1777547143477684,,,,client-2-6,Remove,15033600,200,9491
client,client_request,completed,1777547143486875,2,,,1777547143478300,1777547143486875,1777547143478300,1777547143486875,,,,client-2-6,Insert,-7089598,200,8575
client,client_request,completed,1777547143498646,2,,,1777547143487537,1777547143498646,1777547143487537,1777547143498646,,,,client-2-6,Insert,-5740994,200,11109
client,client_request,completed,1777547143510262,2,,,1777547143498709,1777547143510262,1777547143498709,1777547143510262,,,,client-2-6,Insert,-14876006,200,11553
client,client_request,completed,1777547143526318,2,,,1777547143511013,1777547143526318,1777547143511013,1777547143526318,,,,client-2-6,Remove,12498245,200,15305
client,client_request,completed,1777547143538583,2,,,1777547143527752,1777547143538583,1777547143527752,1777547143538583,,,,client-2-6,Remove,-6125003,200,10831
client,client_request,completed,1777547143552355,2,,,1777547143539294,1777547143552355,1777547143539294,1777547143552355,,,,client-2-6,Insert,3544912,200,13061
client,client_request,completed,1777547143565229,2,,,1777547143553088,1777547143565229,1777547143553088,1777547143565229,,,,client-2-6,Remove,7403689,200,12141
client,client_request,completed,1777547143578147,2,,,1777547143565810,1777547143578147,1777547143565810,1777547143578147,,,,client-2-6,Remove,7797275,200,12337
client,client_request,completed,1777547143591114,2,,,1777547143579499,1777547143591114,1777547143579499,1777547143591114,,,,client-2-6,Insert,6300240,200,11615
client,client_request,completed,1777547143602258,2,,,1777547143591991,1777547143602258,1777547143591991,1777547143602258,,,,client-2-6,Insert,14418366,200,10267
client,client_request,completed,1777547143612277,2,,,1777547143603696,1777547143612277,1777547143603696,1777547143612277,,,,client-2-6,Remove,-8715904,200,8581
client,client_request,completed,1777547143621717,2,,,1777547143613105,1777547143621717,1777547143613105,1777547143621717,,,,client-2-6,Remove,-16060369,200,8612
client,client_request,completed,1777547143637505,2,,,1777547143622936,1777547143637505,1777547143622936,1777547143637505,,,,client-2-6,Remove,-15886357,200,14569
client,client_request,completed,1777547143646593,2,,,1777547143638132,1777547143646593,1777547143638132,1777547143646593,,,,client-2-6,Insert,1912714,200,8461
client,client_request,completed,1777547143654642,2,,,1777547143647256,1777547143654642,1777547143647256,1777547143654642,,,,client-2-6,Insert,4866581,200,7386
client,client_request,completed,1777547143664828,2,,,1777547143655090,1777547143664828,1777547143655090,1777547143664828,,,,client-2-6,Insert,14455762,200,9738
client,client_request,completed,1777547143673087,2,,,1777547143665293,1777547143673087,1777547143665293,1777547143673087,,,,client-2-6,Insert,-5543000,200,7794
client,client_request,completed,1777547143683320,2,,,1777547143674166,1777547143683320,1777547143674166,1777547143683320,,,,client-2-6,Remove,-1364881,200,9154
client,client_request,completed,1777547143694589,2,,,1777547143683960,1777547143694589,1777547143683960,1777547143694589,,,,client-2-6,Insert,-10792112,200,10629
client,client_request,completed,1777547143704453,2,,,1777547143695162,1777547143704453,1777547143695162,1777547143704453,,,,client-2-6,Remove,12978999,200,9291
client,client_request,completed,1777547143713470,2,,,1777547143705349,1777547143713470,1777547143705349,1777547143713470,,,,client-2-6,Insert,-2261542,200,8121
client,client_request,completed,1777547143785350,2,,,1777547143714284,1777547143785350,1777547143714284,1777547143785350,,,,client-2-6,Insert,-1157955,200,71066
client,client_request,completed,1777547143800156,2,,,1777547143785980,1777547143800156,1777547143785980,1777547143800156,,,,client-2-6,Remove,12405873,200,14176
client,client_request,completed,1777547143814413,2,,,1777547143800789,1777547143814413,1777547143800789,1777547143814413,,,,client-2-6,Insert,4015900,200,13624
client,client_request,completed,1777547143830566,2,,,1777547143816201,1777547143830566,1777547143816201,1777547143830566,,,,client-2-6,Remove,-14834231,200,14365
client,client_request,completed,1777547143844355,2,,,1777547143831284,1777547143844355,1777547143831284,1777547143844355,,,,client-2-6,Insert,8793441,200,13071
client,client_request,completed,1777547143851361,2,,,1777547143844408,1777547143851361,1777547143844408,1777547143851361,,,,client-2-6,Insert,-4162559,200,6953
client,client_request,completed,1777547143862335,2,,,1777547143852285,1777547143862335,1777547143852285,1777547143862335,,,,client-2-6,Remove,-4873902,200,10050
client,client_request,completed,1777547143878119,2,,,1777547143862397,1777547143878119,1777547143862397,1777547143878119,,,,client-2-6,Insert,5256997,200,15722
client,client_request,completed,1777547143893813,2,,,1777547143878185,1777547143893813,1777547143878185,1777547143893813,,,,client-2-6,Remove,15306718,200,15628
client,client_request,completed,1777547143912607,2,,,1777547143894510,1777547143912607,1777547143894510,1777547143912607,,,,client-2-6,Remove,13554970,200,18097
client,client_request,completed,1777547143925140,2,,,1777547143912683,1777547143925140,1777547143912683,1777547143925140,,,,client-2-6,Insert,534753,200,12457
client,client_request,completed,1777547143941137,2,,,1777547143926044,1777547143941137,1777547143926044,1777547143941137,,,,client-2-6,Insert,-7136485,200,15093
client,client_request,completed,1777547143955741,2,,,1777547143941784,1777547143955741,1777547143941784,1777547143955741,,,,client-2-6,Insert,-3771719,200,13957
client,client_request,completed,1777547143966710,2,,,1777547143957087,1777547143966710,1777547143957087,1777547143966710,,,,client-2-6,Remove,-14703769,200,9623
client,client_request,completed,1777547143977049,2,,,1777547143968898,1777547143977049,1777547143968898,1777547143977049,,,,client-2-6,Remove,13623856,200,8151
client,client_request,completed,1777547143985407,2,,,1777547143977495,1777547143985407,1777547143977495,1777547143985407,,,,client-2-6,Remove,1769130,200,7912
client,client_request,completed,1777547143992495,2,,,1777547143985816,1777547143992495,1777547143985816,1777547143992495,,,,client-2-6,Remove,9629931,200,6679
client,client_request,completed,1777547144002159,2,,,1777547143992903,1777547144002159,1777547143992903,1777547144002159,,,,client-2-6,Remove,-8973287,200,9256
client,client_request,completed,1777547144009815,2,,,1777547144002210,1777547144009815,1777547144002210,1777547144009815,,,,client-2-6,Insert,3716623,200,7605
client,client_request,completed,1777547144018983,2,,,1777547144010161,1777547144018983,1777547144010161,1777547144018983,,,,client-2-6,Insert,5370452,200,8822
client,client_request,completed,1777547144032052,2,,,1777547144019584,1777547144032052,1777547144019584,1777547144032052,,,,client-2-6,Insert,2354456,200,12468
client,client_request,completed,1777547144041095,2,,,1777547144032656,1777547144041095,1777547144032656,1777547144041095,,,,client-2-6,Remove,-4226652,200,8439
client,client_request,completed,1777547144055598,2,,,1777547144042475,1777547144055598,1777547144042475,1777547144055598,,,,client-2-6,Remove,5471828,200,13123
client,client_request,completed,1777547144070807,2,,,1777547144056937,1777547144070807,1777547144056937,1777547144070807,,,,client-2-6,Insert,-9629523,200,13870
client,client_request,completed,1777547144086336,2,,,1777547144070911,1777547144086336,1777547144070911,1777547144086336,,,,client-2-6,Remove,4856435,200,15425
client,client_request,completed,1777547144096158,2,,,1777547144086415,1777547144096158,1777547144086415,1777547144096158,,,,client-2-6,Insert,-9458110,200,9743
client,client_request,completed,1777547144109330,2,,,1777547144096679,1777547144109330,1777547144096679,1777547144109330,,,,client-2-6,Insert,-12356513,200,12651
client,client_request,completed,1777547144124065,2,,,1777547144110985,1777547144124065,1777547144110985,1777547144124065,,,,client-2-6,Remove,7995906,200,13080
client,client_request,completed,1777547144134029,2,,,1777547144124129,1777547144134029,1777547144124129,1777547144134029,,,,client-2-6,Insert,1529494,200,9900
client,client_request,completed,1777547144150055,2,,,1777547144134079,1777547144150055,1777547144134079,1777547144150055,,,,client-2-6,Insert,11076703,200,15976
client,client_request,completed,1777547144162813,2,,,1777547144151886,1777547144162813,1777547144151886,1777547144162813,,,,client-2-6,Insert,-7136779,200,10927
client,client_request,completed,1777547144174004,2,,,1777547144163797,1777547144174004,1777547144163797,1777547144174004,,,,client-2-6,Insert,-8662413,200,10207
client,client_request,completed,1777547144185908,2,,,1777547144176356,1777547144185908,1777547144176356,1777547144185908,,,,client-2-6,Insert,13809025,200,9552
client,client_request,completed,1777547144193567,2,,,1777547144185954,1777547144193567,1777547144185954,1777547144193567,,,,client-2-6,Insert,13265185,200,7613
client,client_request,completed,1777547144205849,2,,,1777547144195753,1777547144205849,1777547144195753,1777547144205849,,,,client-2-6,Insert,-14366452,200,10096
client,client_request,completed,1777547144218419,2,,,1777547144205930,1777547144218419,1777547144205930,1777547144218419,,,,client-2-6,Insert,15090877,200,12489
client,client_request,completed,1777547144243225,2,,,1777547144220986,1777547144243225,1777547144220986,1777547144243225,,,,client-2-6,Remove,2366773,200,22239
client,client_request,completed,1777547144254469,2,,,1777547144243318,1777547144254469,1777547144243318,1777547144254469,,,,client-2-6,Insert,-12938889,200,11151
client,client_request,completed,1777547144264200,2,,,1777547144254527,1777547144264200,1777547144254527,1777547144264200,,,,client-2-6,Remove,-4492992,200,9673
client,client_request,completed,1777547144275120,2,,,1777547144264249,1777547144275120,1777547144264249,1777547144275120,,,,client-2-6,Insert,16384863,200,10871
client,client_request,completed,1777547144285573,2,,,1777547144275174,1777547144285573,1777547144275174,1777547144285573,,,,client-2-6,Insert,5076883,200,10399
client,client_request,completed,1777547144297035,2,,,1777547144285727,1777547144297035,1777547144285727,1777547144297035,,,,client-2-6,Insert,-3478024,200,11308
client,client_request,completed,1777547144309565,2,,,1777547144297622,1777547144309565,1777547144297622,1777547144309565,,,,client-2-6,Remove,-5606963,200,11943
client,client_request,completed,1777547144320901,2,,,1777547144310216,1777547144320901,1777547144310216,1777547144320901,,,,client-2-6,Insert,-3508435,200,10685
client,client_request,completed,1777547144335326,2,,,1777547144320953,1777547144335326,1777547144320953,1777547144335326,,,,client-2-6,Insert,1850402,200,14373
client,client_request,completed,1777547144349188,2,,,1777547144336284,1777547144349188,1777547144336284,1777547144349188,,,,client-2-6,Remove,-3384574,200,12904
client,client_request,completed,1777547144359274,2,,,1777547144349939,1777547144359274,1777547144349939,1777547144359274,,,,client-2-6,Insert,3447188,200,9335
client,client_request,completed,1777547144371154,2,,,1777547144359319,1777547144371154,1777547144359319,1777547144371154,,,,client-2-6,Insert,-10694966,200,11835
client,client_request,completed,1777547144386117,2,,,1777547144372669,1777547144386117,1777547144372669,1777547144386117,,,,client-2-6,Remove,-9612168,200,13448
client,client_request,completed,1777547144401801,2,,,1777547144386913,1777547144401801,1777547144386913,1777547144401801,,,,client-2-6,Remove,-13925620,200,14888
client,client_request,completed,1777547144411997,2,,,1777547144403043,1777547144411997,1777547144403043,1777547144411997,,,,client-2-6,Insert,4110757,200,8954
client,client_request,completed,1777547144424081,2,,,1777547144412038,1777547144424081,1777547144412038,1777547144424081,,,,client-2-6,Insert,-4851102,200,12043
client,client_request,completed,1777547144433533,2,,,1777547144425315,1777547144433533,1777547144425315,1777547144433533,,,,client-2-6,Remove,12859470,200,8218
client,client_request,completed,1777547144444048,2,,,1777547144433943,1777547144444048,1777547144433943,1777547144444048,,,,client-2-6,Remove,-15510328,200,10105
client,client_request,completed,1777547144455702,2,,,1777547144444092,1777547144455702,1777547144444092,1777547144455702,,,,client-2-6,Remove,-16288736,200,11610
client,client_request,completed,1777547144469791,2,,,1777547144456449,1777547144469791,1777547144456449,1777547144469791,,,,client-2-6,Insert,-10989922,200,13342
client,client_request,completed,1777547144485712,2,,,1777547144472056,1777547144485712,1777547144472056,1777547144485712,,,,client-2-6,Remove,11830686,200,13656
client,client_request,completed,1777547144492435,2,,,1777547144485766,1777547144492435,1777547144485766,1777547144492435,,,,client-2-6,Insert,3687031,200,6669
client,client_request,completed,1777547144505699,2,,,1777547144494624,1777547144505699,1777547144494624,1777547144505699,,,,client-2-6,Insert,7358817,200,11075
client,client_request,completed,1777547144523245,2,,,1777547144507874,1777547144523245,1777547144507874,1777547144523245,,,,client-2-6,Remove,14478783,200,15371
client,client_request,completed,1777547144533875,2,,,1777547144524212,1777547144533875,1777547144524212,1777547144533875,,,,client-2-6,Remove,-5203655,200,9663
client,client_request,completed,1777547144544564,2,,,1777547144534492,1777547144544564,1777547144534492,1777547144544564,,,,client-2-6,Remove,4748586,200,10072
client,client_request,completed,1777547144562971,2,,,1777547144545324,1777547144562971,1777547144545324,1777547144562971,,,,client-2-6,Insert,-8660219,200,17647
client,client_request,completed,1777547144570005,2,,,1777547144564059,1777547144570005,1777547144564059,1777547144570005,,,OSError: [Errno 49] Can't assign requested address,client-2-6,Remove,5610407,,5946
client,client_request,completed,1777547144580248,2,,,1777547144570071,1777547144580248,1777547144570071,1777547144580248,,,OSError: [Errno 49] Can't assign requested address,client-2-6,Remove,10469754,,10177
client,client_request,completed,1777547144602549,2,,,1777547144580307,1777547144602549,1777547144580307,1777547144602549,,,OSError: [Errno 49] Can't assign requested address,client-2-6,Remove,-1981477,,22242
client,client_request,completed,1777547144627715,2,,,1777547144602604,1777547144627715,1777547144602604,1777547144627715,,,OSError: [Errno 49] Can't assign requested address,client-2-6,Remove,-12031687,,25111
client,client_request,completed,1777547144656000,2,,,1777547144627793,1777547144656000,1777547144627793,1777547144656000,,,OSError: [Errno 49] Can't assign requested address,client-2-6,Insert,13757993,,28207
client,client_request,completed,1777547144684703,2,,,1777547144656057,1777547144684703,1777547144656057,1777547144684703,,,OSError: [Errno 49] Can't assign requested address,client-2-6,Remove,-1331380,,28646
client,client_request,completed,1777547144726309,2,,,1777547144684762,1777547144726309,1777547144684762,1777547144726309,,,OSError: [Errno 49] Can't assign requested address,client-2-6,Insert,-3795980,,41547
client,client_request,completed,1777547144760092,2,,,1777547144726374,1777547144760092,1777547144726374,1777547144760092,,,OSError: [Errno 49] Can't assign requested address,client-2-6,Remove,5344028,,33718
client,client_request,completed,1777547144789685,2,,,1777547144760149,1777547144789685,1777547144760149,1777547144789685,,,OSError: [Errno 49] Can't assign requested address,client-2-6,Remove,183789,,29536
client,client_request,completed,1777547144828404,2,,,1777547144789738,1777547144828404,1777547144789738,1777547144828404,,,OSError: [Errno 49] Can't assign requested address,client-2-6,Insert,3074985,,38666
client,client_request,completed,1777547144859679,2,,,1777547144828466,1777547144859679,1777547144828466,1777547144859679,,,OSError: [Errno 49] Can't assign requested address,client-2-6,Remove,2978839,,31213
client,client_request,completed,1777547144886591,2,,,1777547144859741,1777547144886591,1777547144859741,1777547144886591,,,OSError: [Errno 49] Can't assign requested address,client-2-6,Insert,7770587,,26850
client,client_request,completed,1777547144910954,2,,,1777547144886649,1777547144910954,1777547144886649,1777547144910954,,,OSError: [Errno 49] Can't assign requested address,client-2-6,Remove,-13522666,,24305
client,client_request,completed,1777547144935995,2,,,1777547144911016,1777547144935995,1777547144911016,1777547144935995,,,OSError: [Errno 49] Can't assign requested address,client-2-6,Insert,1298148,,24979
client,client_request,completed,1777547144978761,2,,,1777547144936057,1777547144978761,1777547144936057,1777547144978761,,,OSError: [Errno 49] Can't assign requested address,client-2-6,Insert,4315130,,42704
client,client_request,completed,1777547145001502,2,,,1777547144978824,1777547145001502,1777547144978824,1777547145001502,,,OSError: [Errno 49] Can't assign requested address,client-2-6,Remove,12029226,,22678
client,client_request,completed,1777547145038778,2,,,1777547145001574,1777547145038778,1777547145001574,1777547145038778,,,OSError: [Errno 49] Can't assign requested address,client-2-6,Remove,6313344,,37204
client,client_request,completed,1777547145062052,2,,,1777547145038838,1777547145062052,1777547145038838,1777547145062052,,,OSError: [Errno 49] Can't assign requested address,client-2-6,Insert,-15537605,,23214
client,client_request,completed,1777547145087803,2,,,1777547145062119,1777547145087803,1777547145062119,1777547145087803,,,OSError: [Errno 49] Can't assign requested address,client-2-6,Remove,14862334,,25684
client,client_request,completed,1777547145113799,2,,,1777547145087862,1777547145113799,1777547145087862,1777547145113799,,,OSError: [Errno 49] Can't assign requested address,client-2-6,Insert,95803,,25937
client,client_request,completed,1777547145142237,2,,,1777547145113854,1777547145142237,1777547145113854,1777547145142237,,,OSError: [Errno 49] Can't assign requested address,client-2-6,Remove,591608,,28383
client,client_request,completed,1777547145169596,2,,,1777547145142299,1777547145169596,1777547145142299,1777547145169596,,,OSError: [Errno 49] Can't assign requested address,client-2-6,Remove,13675351,,27297
client,client_request,completed,1777547145208245,2,,,1777547145169664,1777547145208245,1777547145169664,1777547145208245,,,OSError: [Errno 49] Can't assign requested address,client-2-6,Insert,-5829549,,38581
client,client_request,completed,1777547145234571,2,,,1777547145208302,1777547145234571,1777547145208302,1777547145234571,,,OSError: [Errno 49] Can't assign requested address,client-2-6,Insert,-14007339,,26269
client,client_request,completed,1777547145267418,2,,,1777547145234627,1777547145267418,1777547145234627,1777547145267418,,,OSError: [Errno 49] Can't assign requested address,client-2-6,Insert,2076091,,32791
client,client_request,completed,1777547145297990,2,,,1777547145267477,1777547145297990,1777547145267477,1777547145297990,,,OSError: [Errno 49] Can't assign requested address,client-2-6,Remove,10955794,,30513
client,client_request,completed,1777547145325867,2,,,1777547145298047,1777547145325867,1777547145298047,1777547145325867,,,OSError: [Errno 49] Can't assign requested address,client-2-6,Remove,1028657,,27820
client,client_request,completed,1777547145351336,2,,,1777547145325923,1777547145351336,1777547145325923,1777547145351336,,,OSError: [Errno 49] Can't assign requested address,client-2-6,Remove,-16560602,,25413
client,client_request,completed,1777547145377928,2,,,1777547145351401,1777547145377928,1777547145351401,1777547145377928,,,OSError: [Errno 49] Can't assign requested address,client-2-6,Remove,-6411767,,26527
client,client_request,completed,1777547145403184,2,,,1777547145378009,1777547145403184,1777547145378009,1777547145403184,,,OSError: [Errno 49] Can't assign requested address,client-2-6,Insert,11241003,,25175
client,client_request,completed,1777547145434109,2,,,1777547145403244,1777547145434109,1777547145403244,1777547145434109,,,OSError: [Errno 49] Can't assign requested address,client-2-6,Insert,2848047,,30865
client,client_request,completed,1777547145458882,2,,,1777547145434167,1777547145458882,1777547145434167,1777547145458882,,,OSError: [Errno 49] Can't assign requested address,client-2-6,Remove,3042832,,24715
client,client_request,completed,1777547145491776,2,,,1777547145458944,1777547145491776,1777547145458944,1777547145491776,,,OSError: [Errno 49] Can't assign requested address,client-2-6,Insert,14093730,,32832
client,client_request,completed,1777547145513822,2,,,1777547145491831,1777547145513822,1777547145491831,1777547145513822,,,OSError: [Errno 49] Can't assign requested address,client-2-6,Remove,1330415,,21991
client,client_request,completed,1777547145539120,2,,,1777547145513884,1777547145539120,1777547145513884,1777547145539120,,,OSError: [Errno 49] Can't assign requested address,client-2-6,Insert,-4993642,,25236
client,client_request,completed,1777547145567026,2,,,1777547145539177,1777547145567026,1777547145539177,1777547145567026,,,OSError: [Errno 49] Can't assign requested address,client-2-6,Remove,14683251,,27849
client,client_request,completed,1777547145594781,2,,,1777547145567085,1777547145594781,1777547145567085,1777547145594781,,,OSError: [Errno 49] Can't assign requested address,client-2-6,Insert,-15409000,,27696
client,client_request,completed,1777547145614218,2,,,1777547145594859,1777547145614218,1777547145594859,1777547145614218,,,OSError: [Errno 49] Can't assign requested address,client-2-6,Remove,-7202235,,19359
client,client_request,completed,1777547145642242,2,,,1777547145614275,1777547145642242,1777547145614275,1777547145642242,,,OSError: [Errno 49] Can't assign requested address,client-2-6,Remove,6741897,,27967
client,client_request,completed,1777547145675534,2,,,1777547145642299,1777547145675534,1777547145642299,1777547145675534,,,OSError: [Errno 49] Can't assign requested address,client-2-6,Remove,7572565,,33235
client,client_request,completed,1777547145731833,2,,,1777547145675596,1777547145731833,1777547145675596,1777547145731833,,,OSError: [Errno 49] Can't assign requested address,client-2-6,Remove,-469554,,56237
client,client_request,completed,1777547145761722,2,,,1777547145731898,1777547145761722,1777547145731898,1777547145761722,,,OSError: [Errno 49] Can't assign requested address,client-2-6,Remove,7473187,,29824
client,client_request,completed,1777547145789055,2,,,1777547145761780,1777547145789055,1777547145761780,1777547145789055,,,OSError: [Errno 49] Can't assign requested address,client-2-6,Remove,9359386,,27275
client,client_request,completed,1777547145816180,2,,,1777547145789114,1777547145816180,1777547145789114,1777547145816180,,,OSError: [Errno 49] Can't assign requested address,client-2-6,Insert,-7889245,,27066
client,client_request,completed,1777547145847802,2,,,1777547145816234,1777547145847802,1777547145816234,1777547145847802,,,OSError: [Errno 49] Can't assign requested address,client-2-6,Remove,-3861619,,31568
client,client_request,completed,1777547145876150,2,,,1777547145847865,1777547145876150,1777547145847865,1777547145876150,,,OSError: [Errno 49] Can't assign requested address,client-2-6,Insert,7472747,,28285
client,client_request,completed,1777547145913805,2,,,1777547145876211,1777547145913805,1777547145876211,1777547145913805,,,OSError: [Errno 49] Can't assign requested address,client-2-6,Insert,-16708987,,37594
client,client_request,completed,1777547145995276,2,,,1777547145913867,1777547145995276,1777547145913867,1777547145995276,,,,client-2-6,Insert,5597575,200,81409
client,client_request,completed,1777547146011073,2,,,1777547145995339,1777547146011073,1777547145995339,1777547146011073,,,,client-2-6,Remove,9912715,200,15734
client,client_request,completed,1777547146024082,2,,,1777547146011236,1777547146024082,1777547146011236,1777547146024082,,,,client-2-6,Remove,13327217,200,12846
client,client_request,completed,1777547146039693,2,,,1777547146024139,1777547146039693,1777547146024139,1777547146039693,,,,client-2-6,Remove,407433,200,15554
client,client_request,completed,1777547146055612,2,,,1777547146039774,1777547146055612,1777547146039774,1777547146055612,,,,client-2-6,Remove,-4165552,200,15838
client,client_request,completed,1777547146071392,2,,,1777547146055794,1777547146071392,1777547146055794,1777547146071392,,,,client-2-6,Insert,-12878702,200,15598
client,client_request,completed,1777547146087001,2,,,1777547146071471,1777547146087001,1777547146071471,1777547146087001,,,,client-2-6,Remove,-188164,200,15530
client,client_request,completed,1777547146101125,2,,,1777547146087088,1777547146101125,1777547146087088,1777547146101125,,,,client-2-6,Insert,-7908892,200,14037
client,client_request,completed,1777547146117289,2,,,1777547146101179,1777547146117289,1777547146101179,1777547146117289,,,,client-2-6,Remove,11631873,200,16110
client,client_request,completed,1777547146133781,2,,,1777547146117390,1777547146133781,1777547146117390,1777547146133781,,,,client-2-6,Remove,13550821,200,16391
client,client_request,completed,1777547146150706,2,,,1777547146133902,1777547146150706,1777547146133902,1777547146150706,,,,client-2-6,Insert,-3298722,200,16804
client,client_request,completed,1777547146169830,2,,,1777547146150757,1777547146169830,1777547146150757,1777547146169830,,,,client-2-6,Remove,-11673562,200,19073
client,client_request,completed,1777547146187210,2,,,1777547146169940,1777547146187210,1777547146169940,1777547146187210,,,,client-2-6,Insert,11792965,200,17270
client,client_request,completed,1777547146203247,2,,,1777547146187266,1777547146203247,1777547146187266,1777547146203247,,,,client-2-6,Insert,14650620,200,15981
client,client_request,completed,1777547146220141,2,,,1777547146203379,1777547146220141,1777547146203379,1777547146220141,,,,client-2-6,Remove,-7197034,200,16762
client,client_request,completed,1777547146349972,2,,,1777547146220389,1777547146349972,1777547146220389,1777547146349972,,,,client-2-6,Insert,1271924,200,129583
client,client_request,completed,1777547146384343,2,,,1777547146351969,1777547146384343,1777547146351969,1777547146384343,,,OSError: [Errno 49] Can't assign requested address,client-2-6,Insert,1703559,,32374
client,client_request,completed,1777547146417705,2,,,1777547146384400,1777547146417705,1777547146384400,1777547146417705,,,OSError: [Errno 49] Can't assign requested address,client-2-6,Remove,1166389,,33305
client,client_request,completed,1777547146474478,2,,,1777547146417758,1777547146474478,1777547146417758,1777547146474478,,,OSError: [Errno 49] Can't assign requested address,client-2-6,Remove,-465998,,56720
client,client_request,completed,1777547146494208,2,,,1777547146474534,1777547146494208,1777547146474534,1777547146494208,,,OSError: [Errno 49] Can't assign requested address,client-2-6,Insert,5047345,,19674
client,client_request,completed,1777547146515654,2,,,1777547146494264,1777547146515654,1777547146494264,1777547146515654,,,OSError: [Errno 49] Can't assign requested address,client-2-6,Insert,-11958464,,21390
client,client_request,completed,1777547146537420,2,,,1777547146515709,1777547146537420,1777547146515709,1777547146537420,,,OSError: [Errno 49] Can't assign requested address,client-2-6,Insert,12308049,,21711
client,client_request,completed,1777547146581227,2,,,1777547146537479,1777547146581227,1777547146537479,1777547146581227,,,OSError: [Errno 49] Can't assign requested address,client-2-6,Insert,-7066322,,43748
client,client_request,completed,1777547146609070,2,,,1777547146581284,1777547146609070,1777547146581284,1777547146609070,,,OSError: [Errno 49] Can't assign requested address,client-2-6,Insert,-1055576,,27786
client,client_request,completed,1777547146640603,2,,,1777547146609123,1777547146640603,1777547146609123,1777547146640603,,,OSError: [Errno 49] Can't assign requested address,client-2-6,Remove,10546014,,31480
client,client_request,completed,1777547146665513,2,,,1777547146640672,1777547146665513,1777547146640672,1777547146665513,,,OSError: [Errno 49] Can't assign requested address,client-2-6,Insert,1213355,,24841
client,client_request,completed,1777547146694924,2,,,1777547146665573,1777547146694924,1777547146665573,1777547146694924,,,OSError: [Errno 49] Can't assign requested address,client-2-6,Remove,2523462,,29351
client,client_request,completed,1777547146722578,2,,,1777547146694985,1777547146722578,1777547146694985,1777547146722578,,,OSError: [Errno 49] Can't assign requested address,client-2-6,Remove,-6985271,,27593
client,client_request,completed,1777547146751207,2,,,1777547146722638,1777547146751207,1777547146722638,1777547146751207,,,OSError: [Errno 49] Can't assign requested address,client-2-6,Insert,8110610,,28569
client,client_request,completed,1777547146783634,2,,,1777547146751261,1777547146783634,1777547146751261,1777547146783634,,,OSError: [Errno 49] Can't assign requested address,client-2-6,Remove,-15883972,,32373
client,client_request,completed,1777547146811240,2,,,1777547146783689,1777547146811240,1777547146783689,1777547146811240,,,OSError: [Errno 49] Can't assign requested address,client-2-6,Insert,7133715,,27551
client,client_request,completed,1777547146845380,2,,,1777547146811296,1777547146845380,1777547146811296,1777547146845380,,,OSError: [Errno 49] Can't assign requested address,client-2-6,Remove,15164055,,34084
client,client_request,completed,1777547146882831,2,,,1777547146845457,1777547146882831,1777547146845457,1777547146882831,,,OSError: [Errno 49] Can't assign requested address,client-2-6,Insert,15635367,,37374
client,client_request,completed,1777547146916793,2,,,1777547146882908,1777547146916793,1777547146882908,1777547146916793,,,OSError: [Errno 49] Can't assign requested address,client-2-6,Remove,13293359,,33885
client,client_request,completed,1777547146941655,2,,,1777547146916849,1777547146941655,1777547146916849,1777547146941655,,,OSError: [Errno 49] Can't assign requested address,client-2-6,Insert,-8298490,,24806
client,client_request,completed,1777547146972608,2,,,1777547146941718,1777547146972608,1777547146941718,1777547146972608,,,OSError: [Errno 49] Can't assign requested address,client-2-6,Insert,-10622070,,30890
client,client_request,completed,1777547147014511,2,,,1777547146972669,1777547147014511,1777547146972669,1777547147014511,,,OSError: [Errno 49] Can't assign requested address,client-2-6,Remove,9871252,,41842
client,client_request,completed,1777547147041217,2,,,1777547147014566,1777547147041217,1777547147014566,1777547147041217,,,OSError: [Errno 49] Can't assign requested address,client-2-6,Remove,4560539,,26651
client,client_request,completed,1777547147063109,2,,,1777547147041274,1777547147063109,1777547147041274,1777547147063109,,,OSError: [Errno 49] Can't assign requested address,client-2-6,Insert,4384515,,21835
client,client_request,completed,1777547147099356,2,,,1777547147063170,1777547147099356,1777547147063170,1777547147099356,,,OSError: [Errno 49] Can't assign requested address,client-2-6,Insert,-456699,,36186
client,client_request,completed,1777547147143641,2,,,1777547147099409,1777547147143641,1777547147099409,1777547147143641,,,,client-2-6,Remove,-4285917,200,44232
client,client_request,completed,1777547147159754,2,,,1777547147143703,1777547147159754,1777547147143703,1777547147159754,,,,client-2-6,Insert,6759467,200,16051
client,client_request,completed,1777547147177624,2,,,1777547147159989,1777547147177624,1777547147159989,1777547147177624,,,,client-2-6,Remove,15437338,200,17635
client,client_request,completed,1777547147193742,2,,,1777547147177692,1777547147193742,1777547147177692,1777547147193742,,,,client-2-6,Remove,-13384687,200,16050
client,client_request,completed,1777547147207972,2,,,1777547147193795,1777547147207972,1777547147193795,1777547147207972,,,,client-2-6,Insert,-14075576,200,14177
client,client_request,completed,1777547147222688,2,,,1777547147208031,1777547147222688,1777547147208031,1777547147222688,,,,client-2-6,Insert,11386005,200,14657
client,client_request,completed,1777547147239893,2,,,1777547147222741,1777547147239893,1777547147222741,1777547147239893,,,,client-2-6,Insert,5083257,200,17152
client,client_request,completed,1777547147256697,2,,,1777547147239946,1777547147256697,1777547147239946,1777547147256697,,,,client-2-6,Insert,74348,200,16751
client,client_request,completed,1777547147272451,2,,,1777547147256751,1777547147272451,1777547147256751,1777547147272451,,,,client-2-6,Insert,-1455393,200,15700
client,client_request,completed,1777547147287917,2,,,1777547147272536,1777547147287917,1777547147272536,1777547147287917,,,,client-2-6,Remove,-3195115,200,15381
client,client_request,completed,1777547147292313,2,,,1777547147288142,1777547147292313,1777547147288142,1777547147292313,,,OSError: [Errno 49] Can't assign requested address,client-2-6,Insert,6251558,,4171
client,client_request,completed,1777547147300676,2,,,1777547147292383,1777547147300676,1777547147292383,1777547147300676,,,OSError: [Errno 49] Can't assign requested address,client-2-6,Insert,2183237,,8293
client,client_request,completed,1777547147308774,2,,,1777547147300740,1777547147308774,1777547147300740,1777547147308774,,,OSError: [Errno 49] Can't assign requested address,client-2-6,Insert,1056594,,8034
client,client_request,completed,1777547147320704,2,,,1777547147308865,1777547147320704,1777547147308865,1777547147320704,,,OSError: [Errno 49] Can't assign requested address,client-2-6,Remove,-16262856,,11839
client,client_request,completed,1777547147342653,2,,,1777547147320790,1777547147342653,1777547147320790,1777547147342653,,,OSError: [Errno 49] Can't assign requested address,client-2-6,Insert,3942217,,21863
client,client_request,completed,1777547147364520,2,,,1777547147342741,1777547147364520,1777547147342741,1777547147364520,,,OSError: [Errno 49] Can't assign requested address,client-2-6,Remove,-4918956,,21779
client,client_request,completed,1777547147390823,2,,,1777547147364578,1777547147390823,1777547147364578,1777547147390823,,,OSError: [Errno 49] Can't assign requested address,client-2-6,Insert,2776174,,26245
client,client_request,completed,1777547147416082,2,,,1777547147390884,1777547147416082,1777547147390884,1777547147416082,,,OSError: [Errno 49] Can't assign requested address,client-2-6,Remove,-8891028,,25198
client,client_request,completed,1777547147459918,2,,,1777547147416145,1777547147459918,1777547147416145,1777547147459918,,,OSError: [Errno 49] Can't assign requested address,client-2-6,Insert,12986505,,43773
client,client_request,completed,1777547147486358,2,,,1777547147459979,1777547147486358,1777547147459979,1777547147486358,,,OSError: [Errno 49] Can't assign requested address,client-2-6,Remove,181273,,26379
client,client_request,completed,1777547147517606,2,,,1777547147486417,1777547147517606,1777547147486417,1777547147517606,,,OSError: [Errno 49] Can't assign requested address,client-2-6,Remove,-7295021,,31189
client,client_request,completed,1777547147549573,2,,,1777547147517670,1777547147549573,1777547147517670,1777547147549573,,,OSError: [Errno 49] Can't assign requested address,client-2-6,Remove,-8339907,,31903
client,client_request,completed,1777547147584450,2,,,1777547147549633,1777547147584450,1777547147549633,1777547147584450,,,OSError: [Errno 49] Can't assign requested address,client-2-6,Remove,12844722,,34817
client,client_request,completed,1777547147610654,2,,,1777547147584510,1777547147610654,1777547147584510,1777547147610654,,,OSError: [Errno 49] Can't assign requested address,client-2-6,Remove,16521852,,26144
client,client_request,completed,1777547147641415,2,,,1777547147610708,1777547147641415,1777547147610708,1777547147641415,,,OSError: [Errno 49] Can't assign requested address,client-2-6,Insert,-4347373,,30707
client,client_request,completed,1777547147676624,2,,,1777547147641477,1777547147676624,1777547147641477,1777547147676624,,,OSError: [Errno 49] Can't assign requested address,client-2-6,Insert,-10870840,,35147
client,client_request,completed,1777547147707953,2,,,1777547147676687,1777547147707953,1777547147676687,1777547147707953,,,OSError: [Errno 49] Can't assign requested address,client-2-6,Insert,-8289311,,31266
client,client_request,completed,1777547147739979,2,,,1777547147708013,1777547147739979,1777547147708013,1777547147739979,,,OSError: [Errno 49] Can't assign requested address,client-2-6,Remove,-10693720,,31966
client,client_request,completed,1777547147771698,2,,,1777547147740040,1777547147771698,1777547147740040,1777547147771698,,,OSError: [Errno 49] Can't assign requested address,client-2-6,Insert,-13134857,,31658
client,client_request,completed,1777547147801144,2,,,1777547147771756,1777547147801144,1777547147771756,1777547147801144,,,OSError: [Errno 49] Can't assign requested address,client-2-6,Remove,1722483,,29388
client,client_request,completed,1777547147839579,2,,,1777547147801206,1777547147839579,1777547147801206,1777547147839579,,,OSError: [Errno 49] Can't assign requested address,client-2-6,Insert,-3930898,,38373
client,client_request,completed,1777547147863441,2,,,1777547147839641,1777547147863441,1777547147839641,1777547147863441,,,OSError: [Errno 49] Can't assign requested address,client-2-6,Insert,-13403243,,23800
client,client_request,completed,1777547147892775,2,,,1777547147863502,1777547147892775,1777547147863502,1777547147892775,,,OSError: [Errno 49] Can't assign requested address,client-2-6,Insert,16390986,,29273
client,client_request,completed,1777547147919719,2,,,1777547147892831,1777547147919719,1777547147892831,1777547147919719,,,OSError: [Errno 49] Can't assign requested address,client-2-6,Remove,-1337185,,26888
client,client_request,completed,1777547147947767,2,,,1777547147919777,1777547147947767,1777547147919777,1777547147947767,,,OSError: [Errno 49] Can't assign requested address,client-2-6,Remove,-14226374,,27990
client,client_request,completed,1777547147974362,2,,,1777547147947826,1777547147974362,1777547147947826,1777547147974362,,,OSError: [Errno 49] Can't assign requested address,client-2-6,Remove,-13860908,,26536
client,client_request,completed,1777547147998373,2,,,1777547147974426,1777547147998373,1777547147974426,1777547147998373,,,OSError: [Errno 49] Can't assign requested address,client-2-6,Remove,-5129127,,23947
client,client_request,completed,1777547148021770,2,,,1777547147998437,1777547148021770,1777547147998437,1777547148021770,,,OSError: [Errno 49] Can't assign requested address,client-2-6,Remove,11481807,,23333
client,client_request,completed,1777547148064610,2,,,1777547148021830,1777547148064610,1777547148021830,1777547148064610,,,OSError: [Errno 49] Can't assign requested address,client-2-6,Remove,15282284,,42780
client,client_request,completed,1777547148095621,2,,,1777547148064672,1777547148095621,1777547148064672,1777547148095621,,,OSError: [Errno 49] Can't assign requested address,client-2-6,Insert,-16761848,,30949
client,client_request,completed,1777547148123803,2,,,1777547148095684,1777547148123803,1777547148095684,1777547148123803,,,OSError: [Errno 49] Can't assign requested address,client-2-6,Insert,13964942,,28119
client,client_request,completed,1777547148178603,2,,,1777547148123868,1777547148178603,1777547148123868,1777547148178603,,,OSError: [Errno 49] Can't assign requested address,client-2-6,Insert,638091,,54735
client,client_request,completed,1777547148208126,2,,,1777547148179133,1777547148208126,1777547148179133,1777547148208126,,,OSError: [Errno 49] Can't assign requested address,client-2-6,Insert,-16388064,,28993
client,client_request,completed,1777547148230091,2,,,1777547148208186,1777547148230091,1777547148208186,1777547148230091,,,OSError: [Errno 49] Can't assign requested address,client-2-6,Insert,5174000,,21905
client,client_request,completed,1777547148268118,2,,,1777547148230149,1777547148268118,1777547148230149,1777547148268118,,,OSError: [Errno 49] Can't assign requested address,client-2-6,Insert,-426079,,37969
client,client_request,completed,1777547148300606,2,,,1777547148268175,1777547148300606,1777547148268175,1777547148300606,,,OSError: [Errno 49] Can't assign requested address,client-2-6,Insert,-7468156,,32431
client,client_request,completed,1777547148326303,2,,,1777547148300668,1777547148326303,1777547148300668,1777547148326303,,,OSError: [Errno 49] Can't assign requested address,client-2-6,Insert,-11796156,,25635
client,client_request,completed,1777547148355223,2,,,1777547148326381,1777547148355223,1777547148326381,1777547148355223,,,OSError: [Errno 49] Can't assign requested address,client-2-6,Remove,-9131114,,28842
client,client_request,completed,1777547148386902,2,,,1777547148355283,1777547148386902,1777547148355283,1777547148386902,,,OSError: [Errno 49] Can't assign requested address,client-2-6,Remove,787336,,31619
client,client_request,completed,1777547148416572,2,,,1777547148386968,1777547148416572,1777547148386968,1777547148416572,,,OSError: [Errno 49] Can't assign requested address,client-2-6,Remove,-8405251,,29604
client,client_request,completed,1777547148442956,2,,,1777547148416625,1777547148442956,1777547148416625,1777547148442956,,,OSError: [Errno 49] Can't assign requested address,client-2-6,Remove,-5648227,,26331
client,client_request,completed,1777547148467867,2,,,1777547148443013,1777547148467867,1777547148443013,1777547148467867,,,OSError: [Errno 49] Can't assign requested address,client-2-6,Insert,9228576,,24854
client,client_request,completed,1777547148496926,2,,,1777547148467934,1777547148496926,1777547148467934,1777547148496926,,,OSError: [Errno 49] Can't assign requested address,client-2-6,Remove,2555924,,28992
client,client_request,completed,1777547148519397,2,,,1777547148496989,1777547148519397,1777547148496989,1777547148519397,,,OSError: [Errno 49] Can't assign requested address,client-2-6,Remove,-6490325,,22408
client,client_request,completed,1777547148552607,2,,,1777547148519458,1777547148552607,1777547148519458,1777547148552607,,,OSError: [Errno 49] Can't assign requested address,client-2-6,Insert,6493742,,33149
client,client_request,completed,1777547148570893,2,,,1777547148552726,1777547148570893,1777547148552726,1777547148570893,,,OSError: [Errno 49] Can't assign requested address,client-2-6,Remove,10449720,,18167
client,client_request,completed,1777547148599960,2,,,1777547148570952,1777547148599960,1777547148570952,1777547148599960,,,OSError: [Errno 49] Can't assign requested address,client-2-6,Remove,4449276,,29008
client,client_request,completed,1777547148627346,2,,,1777547148600019,1777547148627346,1777547148600019,1777547148627346,,,OSError: [Errno 49] Can't assign requested address,client-2-6,Remove,11203404,,27327
client,client_request,completed,1777547148657882,2,,,1777547148627411,1777547148657882,1777547148627411,1777547148657882,,,OSError: [Errno 49] Can't assign requested address,client-2-6,Insert,-7397961,,30471
client,client_request,completed,1777547148696016,2,,,1777547148657941,1777547148696016,1777547148657941,1777547148696016,,,OSError: [Errno 49] Can't assign requested address,client-2-6,Insert,-7243365,,38075
client,client_request,completed,1777547148729463,2,,,1777547148696077,1777547148729463,1777547148696077,1777547148729463,,,OSError: [Errno 49] Can't assign requested address,client-2-6,Remove,14402762,,33386
client,client_request,completed,1777547148763700,2,,,1777547148729521,1777547148763700,1777547148729521,1777547148763700,,,OSError: [Errno 49] Can't assign requested address,client-2-6,Insert,9523885,,34179
client,client_request,completed,1777547148796020,2,,,1777547148763758,1777547148796020,1777547148763758,1777547148796020,,,OSError: [Errno 49] Can't assign requested address,client-2-6,Insert,62376,,32262
client,client_request,completed,1777547148823420,2,,,1777547148796095,1777547148823420,1777547148796095,1777547148823420,,,OSError: [Errno 49] Can't assign requested address,client-2-6,Remove,-15262836,,27325
client,client_request,completed,1777547148864089,2,,,1777547148823475,1777547148864089,1777547148823475,1777547148864089,,,OSError: [Errno 49] Can't assign requested address,client-2-6,Remove,5981847,,40614
client,client_request,completed,1777547148895745,2,,,1777547148864151,1777547148895745,1777547148864151,1777547148895745,,,OSError: [Errno 49] Can't assign requested address,client-2-6,Insert,-9560565,,31594
client,client_request,completed,1777547148923844,2,,,1777547148895801,1777547148923844,1777547148895801,1777547148923844,,,OSError: [Errno 49] Can't assign requested address,client-2-6,Insert,9927693,,28043
client,client_request,completed,1777547148953331,2,,,1777547148923902,1777547148953331,1777547148923902,1777547148953331,,,,client-2-6,Remove,16004511,200,29429
client,client_request,completed,1777547148970903,2,,,1777547148953404,1777547148970903,1777547148953404,1777547148970903,,,,client-2-6,Remove,-3286207,200,17499
client,client_request,completed,1777547148985976,2,,,1777547148971186,1777547148985976,1777547148971186,1777547148985976,,,,client-2-6,Remove,16321712,200,14790
client,client_request,completed,1777547148999383,2,,,1777547148986106,1777547148999383,1777547148986106,1777547148999383,,,,client-2-6,Remove,-14821058,200,13277
client,client_request,completed,1777547149012588,2,,,1777547148999434,1777547149012588,1777547148999434,1777547149012588,,,,client-2-6,Insert,-2479088,200,13154
client,client_request,completed,1777547149025602,2,,,1777547149012709,1777547149025602,1777547149012709,1777547149025602,,,,client-2-6,Remove,10052809,200,12893
client,client_request,completed,1777547149041235,2,,,1777547149025697,1777547149041235,1777547149025697,1777547149041235,,,,client-2-6,Insert,-3882880,200,15538
client,client_request,completed,1777547149060829,2,,,1777547149041289,1777547149060829,1777547149041289,1777547149060829,,,,client-2-6,Remove,7896330,200,19540
client,client_request,completed,1777547149080330,2,,,1777547149060966,1777547149080330,1777547149060966,1777547149080330,,,,client-2-6,Insert,-6915530,200,19364
client,client_request,completed,1777547149099262,2,,,1777547149080391,1777547149099262,1777547149080391,1777547149099262,,,,client-2-6,Insert,2974650,200,18871
client,client_request,completed,1777547149117272,2,,,1777547149099343,1777547149117272,1777547149099343,1777547149117272,,,,client-2-6,Insert,-11741008,200,17929
client,client_request,completed,1777547149136130,2,,,1777547149117324,1777547149136130,1777547149117324,1777547149136130,,,,client-2-6,Insert,1868084,200,18806
client,client_request,completed,1777547149154435,2,,,1777547149136182,1777547149154435,1777547149136182,1777547149154435,,,,client-2-6,Remove,3080693,200,18253
client,client_request,completed,1777547149169832,2,,,1777547149154497,1777547149169832,1777547149154497,1777547149169832,,,,client-2-6,Remove,-13970961,200,15335
client,client_request,completed,1777547149186722,2,,,1777547149169893,1777547149186722,1777547149169893,1777547149186722,,,,client-2-6,Insert,16504250,200,16829
client,client_request,completed,1777547149203728,2,,,1777547149186781,1777547149203728,1777547149186781,1777547149203728,,,,client-2-6,Remove,-7201490,200,16947
client,client_request,completed,1777547149222607,2,,,1777547149203857,1777547149222607,1777547149203857,1777547149222607,,,,client-2-6,Insert,14280095,200,18750
client,client_request,completed,1777547149224430,2,,,1777547149222783,1777547149224430,1777547149222783,1777547149224430,,,OSError: [Errno 49] Can't assign requested address,client-2-6,Insert,16589985,,1647
client,client_request,completed,1777547149227015,2,,,1777547149224492,1777547149227015,1777547149224492,1777547149227015,,,OSError: [Errno 49] Can't assign requested address,client-2-6,Remove,-4013862,,2523
client,client_request,completed,1777547149231044,2,,,1777547149227172,1777547149231044,1777547149227172,1777547149231044,,,OSError: [Errno 49] Can't assign requested address,client-2-6,Insert,-10619217,,3872
client,client_request,completed,1777547149244223,2,,,1777547149231102,1777547149244223,1777547149231102,1777547149244223,,,OSError: [Errno 49] Can't assign requested address,client-2-6,Insert,2749643,,13121
client,client_request,completed,1777547149253250,2,,,1777547149244321,1777547149253250,1777547149244321,1777547149253250,,,OSError: [Errno 49] Can't assign requested address,client-2-6,Remove,-10984708,,8929
client,client_request,completed,1777547149268322,2,,,1777547149253309,1777547149268322,1777547149253309,1777547149268322,,,OSError: [Errno 49] Can't assign requested address,client-2-6,Remove,6651761,,15013
client,client_request,completed,1777547149285873,2,,,1777547149268385,1777547149285873,1777547149268385,1777547149285873,,,OSError: [Errno 49] Can't assign requested address,client-2-6,Remove,-330794,,17488
client,client_request,completed,1777547149295309,2,,,1777547149285928,1777547149295309,1777547149285928,1777547149295309,,,OSError: [Errno 49] Can't assign requested address,client-2-6,Remove,1670245,,9381
client,client_request,completed,1777547149311745,2,,,1777547149295498,1777547149311745,1777547149295498,1777547149311745,,,OSError: [Errno 49] Can't assign requested address,client-2-6,Remove,3754264,,16247
client,client_request,completed,1777547149328180,2,,,1777547149311805,1777547149328180,1777547149311805,1777547149328180,,,OSError: [Errno 49] Can't assign requested address,client-2-6,Remove,-3567164,,16375
client,client_request,completed,1777547149350645,2,,,1777547149328244,1777547149350645,1777547149328244,1777547149350645,,,OSError: [Errno 49] Can't assign requested address,client-2-6,Remove,-13114028,,22401
client,client_request,completed,1777547149374400,2,,,1777547149350703,1777547149374400,1777547149350703,1777547149374400,,,OSError: [Errno 49] Can't assign requested address,client-2-6,Remove,2384081,,23697
client,client_request,completed,1777547149394288,2,,,1777547149374458,1777547149394288,1777547149374458,1777547149394288,,,OSError: [Errno 49] Can't assign requested address,client-2-6,Remove,16306531,,19830
client,client_request,completed,1777547149409951,2,,,1777547149394346,1777547149409951,1777547149394346,1777547149409951,,,OSError: [Errno 49] Can't assign requested address,client-2-6,Remove,-10234244,,15605
client,client_request,completed,1777547149431573,2,,,1777547149410013,1777547149431573,1777547149410013,1777547149431573,,,OSError: [Errno 49] Can't assign requested address,client-2-6,Insert,2722582,,21560
client,client_request,completed,1777547149457935,2,,,1777547149431628,1777547149457935,1777547149431628,1777547149457935,,,OSError: [Errno 49] Can't assign requested address,client-2-6,Insert,-16010774,,26307
client,client_request,completed,1777547149484991,2,,,1777547149457996,1777547149484991,1777547149457996,1777547149484991,,,OSError: [Errno 49] Can't assign requested address,client-2-6,Remove,-13416254,,26995
client,client_request,completed,1777547149516106,2,,,1777547149485054,1777547149516106,1777547149485054,1777547149516106,,,OSError: [Errno 49] Can't assign requested address,client-2-6,Insert,14807353,,31052
client,client_request,completed,1777547149549171,2,,,1777547149516171,1777547149549171,1777547149516171,1777547149549171,,,OSError: [Errno 49] Can't assign requested address,client-2-6,Insert,9356096,,33000
client,client_request,completed,1777547149570893,2,,,1777547149549231,1777547149570893,1777547149549231,1777547149570893,,,OSError: [Errno 49] Can't assign requested address,client-2-6,Remove,885799,,21662
client,client_request,completed,1777547149606568,2,,,1777547149570965,1777547149606568,1777547149570965,1777547149606568,,,OSError: [Errno 49] Can't assign requested address,client-2-6,Remove,-3800924,,35603
client,client_request,completed,1777547149634557,2,,,1777547149606631,1777547149634557,1777547149606631,1777547149634557,,,OSError: [Errno 49] Can't assign requested address,client-2-6,Insert,-8802155,,27926
client,client_request,completed,1777547149659171,2,,,1777547149634614,1777547149659171,1777547149634614,1777547149659171,,,OSError: [Errno 49] Can't assign requested address,client-2-6,Remove,-11514909,,24557
client,client_request,completed,1777547149694043,2,,,1777547149659228,1777547149694043,1777547149659228,1777547149694043,,,OSError: [Errno 49] Can't assign requested address,client-2-6,Insert,1539806,,34815
client,client_request,completed,1777547149719912,2,,,1777547149694105,1777547149719912,1777547149694105,1777547149719912,,,OSError: [Errno 49] Can't assign requested address,client-2-6,Remove,-3817646,,25807
client,client_request,completed,1777547149757249,2,,,1777547149719970,1777547149757249,1777547149719970,1777547149757249,,,OSError: [Errno 49] Can't assign requested address,client-2-6,Remove,-7078564,,37279
client,client_request,completed,1777547149780268,2,,,1777547149757310,1777547149780268,1777547149757310,1777547149780268,,,OSError: [Errno 49] Can't assign requested address,client-2-6,Insert,15139824,,22958
client,client_request,completed,1777547149812870,2,,,1777547149780327,1777547149812870,1777547149780327,1777547149812870,,,OSError: [Errno 49] Can't assign requested address,client-2-6,Remove,7538260,,32543
client,client_request,completed,1777547149845900,2,,,1777547149812926,1777547149845900,1777547149812926,1777547149845900,,,OSError: [Errno 49] Can't assign requested address,client-2-6,Insert,11777014,,32974
client,client_request,completed,1777547149876063,2,,,1777547149845960,1777547149876063,1777547149845960,1777547149876063,,,OSError: [Errno 49] Can't assign requested address,client-2-6,Remove,-13108367,,30103
client,client_request,completed,1777547149898488,2,,,1777547149876123,1777547149898488,1777547149876123,1777547149898488,,,OSError: [Errno 49] Can't assign requested address,client-2-6,Insert,-1051194,,22365
client,client_request,completed,1777547149929403,2,,,1777547149898549,1777547149929403,1777547149898549,1777547149929403,,,OSError: [Errno 49] Can't assign requested address,client-2-6,Remove,12780970,,30854
client,client_request,completed,1777547150020318,2,,,1777547149929462,1777547150020318,1777547149929462,1777547150020318,,,,client-2-6,Remove,9545863,200,90856
client,client_request,completed,1777547150035869,2,,,1777547150020369,1777547150035869,1777547150020369,1777547150035869,,,,client-2-6,Insert,2424594,200,15500
client,client_request,completed,1777547150052146,2,,,1777547150035924,1777547150052146,1777547150035924,1777547150052146,,,,client-2-6,Insert,13413467,200,16222
client,client_request,completed,1777547150072661,2,,,1777547150052197,1777547150072661,1777547150052197,1777547150072661,,,,client-2-6,Insert,-11347381,200,20464
client,client_request,completed,1777547150091972,2,,,1777547150072907,1777547150091972,1777547150072907,1777547150091972,,,,client-2-6,Remove,-2130525,200,19065
client,client_request,completed,1777547150109845,2,,,1777547150092024,1777547150109845,1777547150092024,1777547150109845,,,,client-2-6,Insert,5838056,200,17821
client,client_request,completed,1777547150130216,2,,,1777547150109936,1777547150130216,1777547150109936,1777547150130216,,,,client-2-6,Remove,16319934,200,20280
client,client_request,completed,1777547150151971,2,,,1777547150130277,1777547150151971,1777547150130277,1777547150151971,,,,client-2-6,Insert,-14894884,200,21694
client,client_request,completed,1777547150161641,2,,,1777547150152240,1777547150161641,1777547150152240,1777547150161641,,,OSError: [Errno 49] Can't assign requested address,client-2-6,Insert,-7240709,,9401
client,client_request,completed,1777547150170391,2,,,1777547150161707,1777547150170391,1777547150161707,1777547150170391,,,OSError: [Errno 49] Can't assign requested address,client-2-6,Insert,4022889,,8684
client,client_request,completed,1777547150180512,2,,,1777547150170449,1777547150180512,1777547150170449,1777547150180512,,,OSError: [Errno 49] Can't assign requested address,client-2-6,Remove,-5536066,,10063
client,client_request,completed,1777547150191046,2,,,1777547150180743,1777547150191046,1777547150180743,1777547150191046,,,OSError: [Errno 49] Can't assign requested address,client-2-6,Remove,4935217,,10303
client,client_request,completed,1777547150200762,2,,,1777547150191103,1777547150200762,1777547150191103,1777547150200762,,,OSError: [Errno 49] Can't assign requested address,client-2-6,Insert,6208364,,9659
client,client_request,completed,1777547150212353,2,,,1777547150200861,1777547150212353,1777547150200861,1777547150212353,,,OSError: [Errno 49] Can't assign requested address,client-2-6,Insert,9488870,,11492
client,client_request,completed,1777547150225321,2,,,1777547150212412,1777547150225321,1777547150212412,1777547150225321,,,OSError: [Errno 49] Can't assign requested address,client-2-6,Insert,12223691,,12909
client,client_request,completed,1777547150239526,2,,,1777547150225380,1777547150239526,1777547150225380,1777547150239526,,,OSError: [Errno 49] Can't assign requested address,client-2-6,Insert,-12391655,,14146
client,client_request,completed,1777547150255898,2,,,1777547150239582,1777547150255898,1777547150239582,1777547150255898,,,OSError: [Errno 49] Can't assign requested address,client-2-6,Remove,11151692,,16316
client,client_request,completed,1777547150273678,2,,,1777547150255957,1777547150273678,1777547150255957,1777547150273678,,,OSError: [Errno 49] Can't assign requested address,client-2-6,Insert,-9478384,,17721
client,client_request,completed,1777547150293517,2,,,1777547150273739,1777547150293517,1777547150273739,1777547150293517,,,OSError: [Errno 49] Can't assign requested address,client-2-6,Insert,16101120,,19778
client,client_request,completed,1777547150323362,2,,,1777547150293574,1777547150323362,1777547150293574,1777547150323362,,,OSError: [Errno 49] Can't assign requested address,client-2-6,Insert,-3182723,,29788
client,client_request,completed,1777547150350914,2,,,1777547150323422,1777547150350914,1777547150323422,1777547150350914,,,OSError: [Errno 49] Can't assign requested address,client-2-6,Insert,2093397,,27492
client,client_request,completed,1777547150377227,2,,,1777547150350975,1777547150377227,1777547150350975,1777547150377227,,,OSError: [Errno 49] Can't assign requested address,client-2-6,Remove,15798239,,26252
client,client_request,completed,1777547150398673,2,,,1777547150377285,1777547150398673,1777547150377285,1777547150398673,,,OSError: [Errno 49] Can't assign requested address,client-2-6,Insert,-11547180,,21388
client,client_request,completed,1777547150424888,2,,,1777547150398732,1777547150424888,1777547150398732,1777547150424888,,,OSError: [Errno 49] Can't assign requested address,client-2-6,Insert,-921055,,26156
client,client_request,completed,1777547150458906,2,,,1777547150424952,1777547150458906,1777547150424952,1777547150458906,,,OSError: [Errno 49] Can't assign requested address,client-2-6,Insert,-3898164,,33954
client,client_request,completed,1777547150485103,2,,,1777547150458965,1777547150485103,1777547150458965,1777547150485103,,,OSError: [Errno 49] Can't assign requested address,client-2-6,Insert,-15067838,,26138
client,client_request,completed,1777547150518489,2,,,1777547150485161,1777547150518489,1777547150485161,1777547150518489,,,OSError: [Errno 49] Can't assign requested address,client-2-6,Remove,3996940,,33328
client,client_request,completed,1777547150547161,2,,,1777547150518545,1777547150547161,1777547150518545,1777547150547161,,,OSError: [Errno 49] Can't assign requested address,client-2-6,Remove,448869,,28616
client,client_request,completed,1777547150571889,2,,,1777547150547240,1777547150571889,1777547150547240,1777547150571889,,,OSError: [Errno 49] Can't assign requested address,client-2-6,Remove,-879625,,24649
client,client_request,completed,1777547150595689,2,,,1777547150571953,1777547150595689,1777547150571953,1777547150595689,,,OSError: [Errno 49] Can't assign requested address,client-2-6,Remove,15673004,,23736
client,client_request,completed,1777547150619682,2,,,1777547150595745,1777547150619682,1777547150595745,1777547150619682,,,OSError: [Errno 49] Can't assign requested address,client-2-6,Remove,-15605776,,23937
client,client_request,completed,1777547150646931,2,,,1777547150619744,1777547150646931,1777547150619744,1777547150646931,,,OSError: [Errno 49] Can't assign requested address,client-2-6,Insert,12639766,,27187
client,client_request,completed,1777547150676253,2,,,1777547150646987,1777547150676253,1777547150646987,1777547150676253,,,OSError: [Errno 49] Can't assign requested address,client-2-6,Insert,916267,,29266
client,client_request,completed,1777547150708794,2,,,1777547150676308,1777547150708794,1777547150676308,1777547150708794,,,OSError: [Errno 49] Can't assign requested address,client-2-6,Insert,242344,,32486
client,client_request,completed,1777547150737243,2,,,1777547150708852,1777547150737243,1777547150708852,1777547150737243,,,OSError: [Errno 49] Can't assign requested address,client-2-6,Insert,-1072321,,28391
client,client_request,completed,1777547150772547,2,,,1777547150737306,1777547150772547,1777547150737306,1777547150772547,,,OSError: [Errno 49] Can't assign requested address,client-2-6,Remove,11474363,,35241
client,client_request,completed,1777547150806810,2,,,1777547150772604,1777547150806810,1777547150772604,1777547150806810,,,OSError: [Errno 49] Can't assign requested address,client-2-6,Remove,-13503972,,34206
client,client_request,completed,1777547150838600,2,,,1777547150806870,1777547150838600,1777547150806870,1777547150838600,,,OSError: [Errno 49] Can't assign requested address,client-2-6,Remove,-13187936,,31730
client,client_request,completed,1777547150866440,2,,,1777547150838658,1777547150866440,1777547150838658,1777547150866440,,,OSError: [Errno 49] Can't assign requested address,client-2-6,Insert,6139651,,27782
client,client_request,completed,1777547150896373,2,,,1777547150866496,1777547150896373,1777547150866496,1777547150896373,,,OSError: [Errno 49] Can't assign requested address,client-2-6,Remove,1049030,,29877
client,client_request,completed,1777547150928305,2,,,1777547150896433,1777547150928305,1777547150896433,1777547150928305,,,OSError: [Errno 49] Can't assign requested address,client-2-6,Remove,-7475232,,31872
client,client_request,completed,1777547150958111,2,,,1777547150928363,1777547150958111,1777547150928363,1777547150958111,,,OSError: [Errno 49] Can't assign requested address,client-2-6,Remove,16684167,,29748
client,client_request,completed,1777547150997762,2,,,1777547150958169,1777547150997762,1777547150958169,1777547150997762,,,OSError: [Errno 49] Can't assign requested address,client-2-6,Remove,-5092625,,39593
client,client_request,completed,1777547151030456,2,,,1777547150997820,1777547151030456,1777547150997820,1777547151030456,,,OSError: [Errno 49] Can't assign requested address,client-2-6,Remove,-13324949,,32636
client,client_request,completed,1777547151059557,2,,,1777547151030511,1777547151059557,1777547151030511,1777547151059557,,,OSError: [Errno 49] Can't assign requested address,client-2-6,Remove,-715872,,29046
client,client_request,completed,1777547151084340,2,,,1777547151059614,1777547151084340,1777547151059614,1777547151084340,,,OSError: [Errno 49] Can't assign requested address,client-2-6,Remove,11284318,,24726
client,client_request,completed,1777547151111650,2,,,1777547151084395,1777547151111650,1777547151084395,1777547151111650,,,OSError: [Errno 49] Can't assign requested address,client-2-6,Insert,11894586,,27255
client,client_request,completed,1777547151143282,2,,,1777547151111715,1777547151143282,1777547151111715,1777547151143282,,,OSError: [Errno 49] Can't assign requested address,client-2-6,Remove,371143,,31567
client,client_request,completed,1777547151177720,2,,,1777547151143343,1777547151177720,1777547151143343,1777547151177720,,,OSError: [Errno 49] Can't assign requested address,client-2-6,Remove,10503271,,34377
client,client_request,completed,1777547151215495,2,,,1777547151177781,1777547151215495,1777547151177781,1777547151215495,,,OSError: [Errno 49] Can't assign requested address,client-2-6,Remove,5795015,,37714
client,client_request,completed,1777547151231859,2,,,1777547151217276,1777547151231859,1777547151217276,1777547151231859,,,OSError: [Errno 49] Can't assign requested address,client-2-6,Remove,4685792,,14583
client,client_request,completed,1777547151261645,2,,,1777547151231923,1777547151261645,1777547151231923,1777547151261645,,,OSError: [Errno 49] Can't assign requested address,client-2-6,Remove,12775975,,29722
client,client_request,completed,1777547151292770,2,,,1777547151261703,1777547151292770,1777547151261703,1777547151292770,,,OSError: [Errno 49] Can't assign requested address,client-2-6,Remove,-10220164,,31067
client,client_request,completed,1777547151322631,2,,,1777547151292831,1777547151322631,1777547151292831,1777547151322631,,,OSError: [Errno 49] Can't assign requested address,client-2-6,Remove,-13192814,,29800
client,client_request,completed,1777547151348774,2,,,1777547151322693,1777547151348774,1777547151322693,1777547151348774,,,OSError: [Errno 49] Can't assign requested address,client-2-6,Remove,13851667,,26081
client,client_request,completed,1777547151377351,2,,,1777547151348837,1777547151377351,1777547151348837,1777547151377351,,,OSError: [Errno 49] Can't assign requested address,client-2-6,Insert,-9402536,,28514
client,client_request,completed,1777547151415691,2,,,1777547151377413,1777547151415691,1777547151377413,1777547151415691,,,OSError: [Errno 49] Can't assign requested address,client-2-6,Remove,-15848096,,38278
client,client_request,completed,1777547151440941,2,,,1777547151415747,1777547151440941,1777547151415747,1777547151440941,,,OSError: [Errno 49] Can't assign requested address,client-2-6,Remove,16291973,,25194
client,client_request,completed,1777547151470226,2,,,1777547151440996,1777547151470226,1777547151440996,1777547151470226,,,OSError: [Errno 49] Can't assign requested address,client-2-6,Insert,-13682325,,29230
client,client_request,completed,1777547151500680,2,,,1777547151470283,1777547151500680,1777547151470283,1777547151500680,,,OSError: [Errno 49] Can't assign requested address,client-2-6,Insert,-1919219,,30397
client,client_request,completed,1777547151527868,2,,,1777547151500737,1777547151527868,1777547151500737,1777547151527868,,,OSError: [Errno 49] Can't assign requested address,client-2-6,Insert,-5214640,,27131
client,client_request,completed,1777547151549400,2,,,1777547151527924,1777547151549400,1777547151527924,1777547151549400,,,OSError: [Errno 49] Can't assign requested address,client-2-6,Insert,-4720665,,21476
client,client_request,completed,1777547151578263,2,,,1777547151549459,1777547151578263,1777547151549459,1777547151578263,,,OSError: [Errno 49] Can't assign requested address,client-2-6,Insert,2932208,,28804
client,client_request,completed,1777547151609551,2,,,1777547151578315,1777547151609551,1777547151578315,1777547151609551,,,OSError: [Errno 49] Can't assign requested address,client-2-6,Insert,8172314,,31236
client,client_request,completed,1777547151630267,2,,,1777547151609604,1777547151630267,1777547151609604,1777547151630267,,,OSError: [Errno 49] Can't assign requested address,client-2-6,Insert,5342384,,20663
client,client_request,completed,1777547151653117,2,,,1777547151630320,1777547151653117,1777547151630320,1777547151653117,,,OSError: [Errno 49] Can't assign requested address,client-2-6,Insert,3553799,,22797
client,client_request,completed,1777547151685081,2,,,1777547151653173,1777547151685081,1777547151653173,1777547151685081,,,OSError: [Errno 49] Can't assign requested address,client-2-6,Remove,-5853932,,31908
client,client_request,completed,1777547151711751,2,,,1777547151685139,1777547151711751,1777547151685139,1777547151711751,,,OSError: [Errno 49] Can't assign requested address,client-2-6,Insert,1989967,,26612
client,client_request,completed,1777547151738903,2,,,1777547151711817,1777547151738903,1777547151711817,1777547151738903,,,OSError: [Errno 49] Can't assign requested address,client-2-6,Insert,5307609,,27086
client,client_request,completed,1777547151767796,2,,,1777547151738964,1777547151767796,1777547151738964,1777547151767796,,,OSError: [Errno 49] Can't assign requested address,client-2-6,Insert,8315405,,28832
client,client_request,completed,1777547151797035,2,,,1777547151767858,1777547151797035,1777547151767858,1777547151797035,,,OSError: [Errno 49] Can't assign requested address,client-2-6,Insert,15437187,,29177
client,client_request,completed,1777547151829135,2,,,1777547151797096,1777547151829135,1777547151797096,1777547151829135,,,OSError: [Errno 49] Can't assign requested address,client-2-6,Remove,16390177,,32039
client,client_request,completed,1777547151861445,2,,,1777547151829194,1777547151861445,1777547151829194,1777547151861445,,,OSError: [Errno 49] Can't assign requested address,client-2-6,Remove,8589630,,32251
client,client_request,completed,1777547151891051,2,,,1777547151861511,1777547151891051,1777547151861511,1777547151891051,,,OSError: [Errno 49] Can't assign requested address,client-2-6,Remove,-15104469,,29540
client,client_request,completed,1777547151917958,2,,,1777547151891110,1777547151917958,1777547151891110,1777547151917958,,,OSError: [Errno 49] Can't assign requested address,client-2-6,Remove,-1555472,,26848
client,client_request,completed,1777547151950506,2,,,1777547151918017,1777547151950506,1777547151918017,1777547151950506,,,OSError: [Errno 49] Can't assign requested address,client-2-6,Remove,12652471,,32489
client,client_request,completed,1777547152095377,2,,,1777547151950562,1777547152095377,1777547151950562,1777547152095377,,,,client-2-6,Remove,-5907297,200,144815
client,client_request,completed,1777547152114562,2,,,1777547152095619,1777547152114562,1777547152095619,1777547152114562,,,,client-2-6,Insert,7702328,200,18943
client,client_request,completed,1777547152137412,2,,,1777547152114641,1777547152137412,1777547152114641,1777547152137412,,,,client-2-6,Remove,14841813,200,22771
client,client_request,completed,1777547152159587,2,,,1777547152137503,1777547152159587,1777547152137503,1777547152159587,,,,client-2-6,Remove,321669,200,22084
client,client_request,completed,1777547152180330,2,,,1777547152159898,1777547152180330,1777547152159898,1777547152180330,,,,client-2-6,Insert,-2757789,200,20432
client,client_request,completed,1777547152196896,2,,,1777547152180389,1777547152196896,1777547152180389,1777547152196896,,,,client-2-6,Remove,6412659,200,16507
client,client_request,completed,1777547152212995,2,,,1777547152196954,1777547152212995,1777547152196954,1777547152212995,,,,client-2-6,Remove,-9126200,200,16041
client,client_request,completed,1777547152231368,2,,,1777547152213051,1777547152231368,1777547152213051,1777547152231368,,,,client-2-6,Insert,-9552717,200,18317
client,client_request,completed,1777547152249040,2,,,1777547152231601,1777547152249040,1777547152231601,1777547152249040,,,,client-2-6,Remove,14763033,200,17439
client,client_request,completed,1777547152267616,2,,,1777547152249099,1777547152267616,1777547152249099,1777547152267616,,,,client-2-6,Insert,-1273040,200,18517
client,client_request,completed,1777547152287551,2,,,1777547152267682,1777547152287551,1777547152267682,1777547152287551,,,,client-2-6,Insert,3541461,200,19869
client,client_request,completed,1777547152306140,2,,,1777547152287608,1777547152306140,1777547152287608,1777547152306140,,,,client-2-6,Insert,-6327217,200,18532
client,client_request,completed,1777547152327434,2,,,1777547152306198,1777547152327434,1777547152306198,1777547152327434,,,,client-2-6,Remove,9492874,200,21236
client,client_request,completed,1777547152346308,2,,,1777547152327946,1777547152346308,1777547152327946,1777547152346308,,,,client-2-6,Insert,-6382075,200,18362
client,client_request,completed,1777547152365536,2,,,1777547152346387,1777547152365536,1777547152346387,1777547152365536,,,,client-2-6,Remove,7153187,200,19149
client,client_request,completed,1777547152641190,2,,,1777547152365610,1777547152641190,1777547152365610,1777547152641190,,,,client-2-6,Insert,6956678,200,275580
client,client_request,completed,1777547152669926,2,,,1777547152641261,1777547152669926,1777547152641261,1777547152669926,,,OSError: [Errno 49] Can't assign requested address,client-2-6,Insert,11097193,,28665
client,client_request,completed,1777547152707251,2,,,1777547152669985,1777547152707251,1777547152669985,1777547152707251,,,OSError: [Errno 49] Can't assign requested address,client-2-6,Insert,-6554827,,37266
client,client_request,completed,1777547152743314,2,,,1777547152707311,1777547152743314,1777547152707311,1777547152743314,,,OSError: [Errno 49] Can't assign requested address,client-2-6,Insert,-10084394,,36003
client,client_request,completed,1777547152771060,2,,,1777547152743370,1777547152771060,1777547152743370,1777547152771060,,,OSError: [Errno 49] Can't assign requested address,client-2-6,Remove,-15108401,,27690
client,client_request,completed,1777547152799512,2,,,1777547152771117,1777547152799512,1777547152771117,1777547152799512,,,OSError: [Errno 49] Can't assign requested address,client-2-6,Remove,-16582368,,28395
client,client_request,completed,1777547152838908,2,,,1777547152799569,1777547152838908,1777547152799569,1777547152838908,,,OSError: [Errno 49] Can't assign requested address,client-2-6,Remove,-16381571,,39339
client,client_request,completed,1777547152871378,2,,,1777547152838964,1777547152871378,1777547152838964,1777547152871378,,,OSError: [Errno 49] Can't assign requested address,client-2-6,Insert,-6089431,,32414
client,client_request,completed,1777547152898424,2,,,1777547152871437,1777547152898424,1777547152871437,1777547152898424,,,OSError: [Errno 49] Can't assign requested address,client-2-6,Remove,15275659,,26987
client,client_request,completed,1777547152933876,2,,,1777547152898484,1777547152933876,1777547152898484,1777547152933876,,,OSError: [Errno 49] Can't assign requested address,client-2-6,Remove,-9194979,,35392
client,client_request,completed,1777547152960306,2,,,1777547152933933,1777547152960306,1777547152933933,1777547152960306,,,OSError: [Errno 49] Can't assign requested address,client-2-6,Remove,11561616,,26373
client,client_request,completed,1777547152991106,2,,,1777547152960364,1777547152991106,1777547152960364,1777547152991106,,,OSError: [Errno 49] Can't assign requested address,client-2-6,Insert,-11765513,,30742
client,client_request,completed,1777547153018153,2,,,1777547152991163,1777547153018153,1777547152991163,1777547153018153,,,OSError: [Errno 49] Can't assign requested address,client-2-6,Insert,-14867163,,26990
client,client_request,completed,1777547153045950,2,,,1777547153018210,1777547153045950,1777547153018210,1777547153045950,,,OSError: [Errno 49] Can't assign requested address,client-2-6,Insert,10678042,,27740
client,client_request,completed,1777547153073481,2,,,1777547153046011,1777547153073481,1777547153046011,1777547153073481,,,OSError: [Errno 49] Can't assign requested address,client-2-6,Remove,1174736,,27470
client,client_request,completed,1777547153099829,2,,,1777547153073540,1777547153099829,1777547153073540,1777547153099829,,,OSError: [Errno 49] Can't assign requested address,client-2-6,Remove,-3787153,,26289
client,client_request,completed,1777547153124528,2,,,1777547153099881,1777547153124528,1777547153099881,1777547153124528,,,OSError: [Errno 49] Can't assign requested address,client-2-6,Insert,12452685,,24647
client,client_request,completed,1777547153157975,2,,,1777547153124591,1777547153157975,1777547153124591,1777547153157975,,,OSError: [Errno 49] Can't assign requested address,client-2-6,Insert,648565,,33384
client,client_request,completed,1777547153185033,2,,,1777547153158041,1777547153185033,1777547153158041,1777547153185033,,,OSError: [Errno 49] Can't assign requested address,client-2-6,Remove,-10977815,,26992
client,client_request,completed,1777547153207840,2,,,1777547153185091,1777547153207840,1777547153185091,1777547153207840,,,OSError: [Errno 49] Can't assign requested address,client-2-6,Remove,2734210,,22749
client,client_request,completed,1777547153238175,2,,,1777547153207921,1777547153238175,1777547153207921,1777547153238175,,,OSError: [Errno 49] Can't assign requested address,client-2-6,Insert,9235873,,30254
client,client_request,completed,1777547153262503,2,,,1777547153238239,1777547153262503,1777547153238239,1777547153262503,,,OSError: [Errno 49] Can't assign requested address,client-2-6,Insert,-13258400,,24264
client,client_request,completed,1777547153290952,2,,,1777547153262564,1777547153290952,1777547153262564,1777547153290952,,,OSError: [Errno 49] Can't assign requested address,client-2-6,Insert,-14189895,,28388
client,client_request,completed,1777547153316871,2,,,1777547153291015,1777547153316871,1777547153291015,1777547153316871,,,OSError: [Errno 49] Can't assign requested address,client-2-6,Insert,-4584164,,25856
client,client_request,completed,1777547153354387,2,,,1777547153316924,1777547153354387,1777547153316924,1777547153354387,,,OSError: [Errno 49] Can't assign requested address,client-2-6,Insert,6303402,,37463
client,client_request,completed,1777547153383195,2,,,1777547153354445,1777547153383195,1777547153354445,1777547153383195,,,OSError: [Errno 49] Can't assign requested address,client-2-6,Remove,16255896,,28750
client,client_request,completed,1777547153419047,2,,,1777547153383258,1777547153419047,1777547153383258,1777547153419047,,,OSError: [Errno 49] Can't assign requested address,client-2-6,Remove,-11066198,,35789
client,client_request,completed,1777547153446870,2,,,1777547153419111,1777547153446870,1777547153419111,1777547153446870,,,OSError: [Errno 49] Can't assign requested address,client-2-6,Insert,847972,,27759
client,client_request,completed,1777547153476613,2,,,1777547153446933,1777547153476613,1777547153446933,1777547153476613,,,OSError: [Errno 49] Can't assign requested address,client-2-6,Remove,10217298,,29680
client,client_request,completed,1777547153496780,2,,,1777547153476670,1777547153496780,1777547153476670,1777547153496780,,,OSError: [Errno 49] Can't assign requested address,client-2-6,Insert,5160210,,20110
client,client_request,completed,1777547153521806,2,,,1777547153496841,1777547153521806,1777547153496841,1777547153521806,,,OSError: [Errno 49] Can't assign requested address,client-2-6,Insert,3060766,,24965
client,client_request,completed,1777547153549923,2,,,1777547153521868,1777547153549923,1777547153521868,1777547153549923,,,OSError: [Errno 49] Can't assign requested address,client-2-6,Insert,11592557,,28055
client,client_request,completed,1777547153581749,2,,,1777547153549983,1777547153581749,1777547153549983,1777547153581749,,,OSError: [Errno 49] Can't assign requested address,client-2-6,Insert,12558834,,31766
client,client_request,completed,1777547153611375,2,,,1777547153581807,1777547153611375,1777547153581807,1777547153611375,,,OSError: [Errno 49] Can't assign requested address,client-2-6,Insert,-10399751,,29568
client,client_request,completed,1777547153640242,2,,,1777547153611435,1777547153640242,1777547153611435,1777547153640242,,,OSError: [Errno 49] Can't assign requested address,client-2-6,Insert,-3298050,,28807
client,client_request,completed,1777547153674669,2,,,1777547153640299,1777547153674669,1777547153640299,1777547153674669,,,OSError: [Errno 49] Can't assign requested address,client-2-6,Remove,248007,,34370
client,client_request,completed,1777547153702396,2,,,1777547153674729,1777547153702396,1777547153674729,1777547153702396,,,OSError: [Errno 49] Can't assign requested address,client-2-6,Insert,-15101516,,27667
client,client_request,completed,1777547153730479,2,,,1777547153702459,1777547153730479,1777547153702459,1777547153730479,,,OSError: [Errno 49] Can't assign requested address,client-2-6,Remove,-4704157,,28020
client,client_request,completed,1777547153755630,2,,,1777547153730574,1777547153755630,1777547153730574,1777547153755630,,,OSError: [Errno 49] Can't assign requested address,client-2-6,Insert,-16681436,,25056
client,client_request,completed,1777547153792824,2,,,1777547153755695,1777547153792824,1777547153755695,1777547153792824,,,OSError: [Errno 49] Can't assign requested address,client-2-6,Insert,16577166,,37129
client,client_request,completed,1777547153821566,2,,,1777547153792885,1777547153821566,1777547153792885,1777547153821566,,,OSError: [Errno 49] Can't assign requested address,client-2-6,Insert,-1333387,,28681
client,client_request,completed,1777547153850928,2,,,1777547153821627,1777547153850928,1777547153821627,1777547153850928,,,OSError: [Errno 49] Can't assign requested address,client-2-6,Remove,-4188018,,29301
client,client_request,completed,1777547153880428,2,,,1777547153850987,1777547153880428,1777547153850987,1777547153880428,,,OSError: [Errno 49] Can't assign requested address,client-2-6,Insert,16588331,,29441
client,client_request,completed,1777547153910759,2,,,1777547153880610,1777547153910759,1777547153880610,1777547153910759,,,OSError: [Errno 49] Can't assign requested address,client-2-6,Remove,-9764349,,30149
client,client_request,completed,1777547153945083,2,,,1777547153910817,1777547153945083,1777547153910817,1777547153945083,,,OSError: [Errno 49] Can't assign requested address,client-2-6,Insert,12892454,,34266
client,client_request,completed,1777547154035431,2,,,1777547153945139,1777547154035431,1777547153945139,1777547154035431,,,,client-2-6,Insert,-11939616,200,90292
client,client_request,completed,1777547154108880,2,,,1777547154035482,1777547154108880,1777547154035482,1777547154108880,,,,client-2-6,Remove,-15793346,200,73398
client,client_request,completed,1777547154130020,2,,,1777547154108941,1777547154130020,1777547154108941,1777547154130020,,,,client-2-6,Remove,-98899,200,21079
client,client_request,completed,1777547154149397,2,,,1777547154130091,1777547154149397,1777547154130091,1777547154149397,,,,client-2-6,Insert,2724568,200,19306
client,client_request,completed,1777547154175264,2,,,1777547154149477,1777547154175264,1777547154149477,1777547154175264,,,,client-2-6,Remove,-13723803,200,25787
client,client_request,completed,1777547154193200,2,,,1777547154175544,1777547154193200,1777547154175544,1777547154193200,,,,client-2-6,Insert,-15063649,200,17656
client,client_request,completed,1777547154209878,2,,,1777547154193267,1777547154209878,1777547154193267,1777547154209878,,,,client-2-6,Insert,-829938,200,16611
client,client_request,completed,1777547154230680,2,,,1777547154209934,1777547154230680,1777547154209934,1777547154230680,,,,client-2-6,Insert,1849717,200,20746
client,client_request,completed,1777547154251260,2,,,1777547154230755,1777547154251260,1777547154230755,1777547154251260,,,,client-2-6,Remove,8084382,200,20505
client,client_request,completed,1777547154269210,2,,,1777547154251316,1777547154269210,1777547154251316,1777547154269210,,,,client-2-6,Insert,1657724,200,17894
client,client_request,completed,1777547154287152,2,,,1777547154269294,1777547154287152,1777547154269294,1777547154287152,,,,client-2-6,Remove,-9519149,200,17858
client,client_request,completed,1777547154306935,2,,,1777547154287264,1777547154306935,1777547154287264,1777547154306935,,,,client-2-6,Insert,-7766422,200,19671
client,client_request,completed,1777547154325931,2,,,1777547154307139,1777547154325931,1777547154307139,1777547154325931,,,,client-2-6,Remove,-11047135,200,18792
client,client_request,completed,1777547154344770,2,,,1777547154325988,1777547154344770,1777547154325988,1777547154344770,,,,client-2-6,Remove,-2738483,200,18782
client,client_request,completed,1777547154367306,2,,,1777547154344911,1777547154367306,1777547154344911,1777547154367306,,,,client-2-6,Insert,1086179,200,22395
client,client_request,completed,1777547154377881,2,,,1777547154367631,1777547154377881,1777547154367631,1777547154377881,,,OSError: [Errno 49] Can't assign requested address,client-2-6,Insert,16132937,,10250
client,client_request,completed,1777547154386783,2,,,1777547154377979,1777547154386783,1777547154377979,1777547154386783,,,OSError: [Errno 49] Can't assign requested address,client-2-6,Insert,-12178852,,8804
client,client_request,completed,1777547154395718,2,,,1777547154386849,1777547154395718,1777547154386849,1777547154395718,,,OSError: [Errno 49] Can't assign requested address,client-2-6,Remove,4346574,,8869
client,client_request,completed,1777547154408986,2,,,1777547154395780,1777547154408986,1777547154395780,1777547154408986,,,OSError: [Errno 49] Can't assign requested address,client-2-6,Insert,12236667,,13206
client,client_request,completed,1777547154416944,2,,,1777547154409042,1777547154416944,1777547154409042,1777547154416944,,,OSError: [Errno 49] Can't assign requested address,client-2-6,Remove,-2167830,,7902
client,client_request,completed,1777547154424563,2,,,1777547154416995,1777547154424563,1777547154416995,1777547154424563,,,OSError: [Errno 49] Can't assign requested address,client-2-6,Remove,3517119,,7568
client,client_request,completed,1777547154433673,2,,,1777547154424678,1777547154433673,1777547154424678,1777547154433673,,,OSError: [Errno 49] Can't assign requested address,client-2-6,Remove,-4545077,,8995
client,client_request,completed,1777547154443918,2,,,1777547154433740,1777547154443918,1777547154433740,1777547154443918,,,OSError: [Errno 49] Can't assign requested address,client-2-6,Insert,-8666068,,10178
client,client_request,completed,1777547154459673,2,,,1777547154443984,1777547154459673,1777547154443984,1777547154459673,,,OSError: [Errno 49] Can't assign requested address,client-2-6,Insert,4518970,,15689
client,client_request,completed,1777547154472653,2,,,1777547154459734,1777547154472653,1777547154459734,1777547154472653,,,OSError: [Errno 49] Can't assign requested address,client-2-6,Remove,-9557870,,12919
client,client_request,completed,1777547154485519,2,,,1777547154472709,1777547154485519,1777547154472709,1777547154485519,,,OSError: [Errno 49] Can't assign requested address,client-2-6,Insert,-1280894,,12810
client,client_request,completed,1777547154498207,2,,,1777547154485576,1777547154498207,1777547154485576,1777547154498207,,,OSError: [Errno 49] Can't assign requested address,client-2-6,Remove,-5859584,,12631
client,client_request,completed,1777547154513888,2,,,1777547154498269,1777547154513888,1777547154498269,1777547154513888,,,OSError: [Errno 49] Can't assign requested address,client-2-6,Remove,-1589020,,15619
client,client_request,completed,1777547154529279,2,,,1777547154513948,1777547154529279,1777547154513948,1777547154529279,,,OSError: [Errno 49] Can't assign requested address,client-2-6,Insert,11394016,,15331
client,client_request,completed,1777547154549379,2,,,1777547154529335,1777547154549379,1777547154529335,1777547154549379,,,OSError: [Errno 49] Can't assign requested address,client-2-6,Insert,-12653251,,20044
client,client_request,completed,1777547154575824,2,,,1777547154549435,1777547154575824,1777547154549435,1777547154575824,,,OSError: [Errno 49] Can't assign requested address,client-2-6,Remove,6123599,,26389
client,client_request,completed,1777547154608389,2,,,1777547154575881,1777547154608389,1777547154575881,1777547154608389,,,OSError: [Errno 49] Can't assign requested address,client-2-6,Insert,-6083415,,32508
client,client_request,completed,1777547154639042,2,,,1777547154608447,1777547154639042,1777547154608447,1777547154639042,,,OSError: [Errno 49] Can't assign requested address,client-2-6,Remove,361497,,30595
client,client_request,completed,1777547154660225,2,,,1777547154639107,1777547154660225,1777547154639107,1777547154660225,,,OSError: [Errno 49] Can't assign requested address,client-2-6,Insert,-1678577,,21118
client,client_request,completed,1777547154690685,2,,,1777547154660282,1777547154690685,1777547154660282,1777547154690685,,,OSError: [Errno 49] Can't assign requested address,client-2-6,Remove,13970088,,30403
client,client_request,completed,1777547154720313,2,,,1777547154690744,1777547154720313,1777547154690744,1777547154720313,,,OSError: [Errno 49] Can't assign requested address,client-2-6,Remove,-3725751,,29569
client,client_request,completed,1777547154750622,2,,,1777547154720377,1777547154750622,1777547154720377,1777547154750622,,,OSError: [Errno 49] Can't assign requested address,client-2-6,Remove,-13244596,,30245
client,client_request,completed,1777547154781203,2,,,1777547154750686,1777547154781203,1777547154750686,1777547154781203,,,OSError: [Errno 49] Can't assign requested address,client-2-6,Remove,-5194491,,30517
client,client_request,completed,1777547154807124,2,,,1777547154781260,1777547154807124,1777547154781260,1777547154807124,,,OSError: [Errno 49] Can't assign requested address,client-2-6,Insert,15129417,,25864
client,client_request,completed,1777547154839728,2,,,1777547154807181,1777547154839728,1777547154807181,1777547154839728,,,OSError: [Errno 49] Can't assign requested address,client-2-6,Remove,-1007394,,32547
client,client_request,completed,1777547154866068,2,,,1777547154839803,1777547154866068,1777547154839803,1777547154866068,,,OSError: [Errno 49] Can't assign requested address,client-2-6,Remove,-15675318,,26265
client,client_request,completed,1777547154907132,2,,,1777547154866133,1777547154907132,1777547154866133,1777547154907132,,,OSError: [Errno 49] Can't assign requested address,client-2-6,Insert,-5695522,,40999
client,client_request,completed,1777547154936108,2,,,1777547154907200,1777547154936108,1777547154907200,1777547154936108,,,OSError: [Errno 49] Can't assign requested address,client-2-6,Remove,7609116,,28908
client,client_request,completed,1777547154974757,2,,,1777547154946908,1777547154974757,1777547154946908,1777547154974757,,,OSError: [Errno 49] Can't assign requested address,client-2-6,Insert,-9855960,,27849
client,client_request,completed,1777547155004561,2,,,1777547154974821,1777547155004561,1777547154974821,1777547155004561,,,OSError: [Errno 49] Can't assign requested address,client-2-6,Remove,5261983,,29740
client,client_request,completed,1777547155033309,2,,,1777547155004624,1777547155033309,1777547155004624,1777547155033309,,,OSError: [Errno 49] Can't assign requested address,client-2-6,Insert,-6381231,,28685
client,client_request,completed,1777547155060737,2,,,1777547155033370,1777547155060737,1777547155033370,1777547155060737,,,OSError: [Errno 49] Can't assign requested address,client-2-6,Insert,1989025,,27367
client,client_request,completed,1777547155120237,2,,,1777547155060816,1777547155120237,1777547155060816,1777547155120237,,,OSError: [Errno 49] Can't assign requested address,client-2-6,Insert,-15289100,,59421
client,client_request,completed,1777547155150079,2,,,1777547155120300,1777547155150079,1777547155120300,1777547155150079,,,OSError: [Errno 49] Can't assign requested address,client-2-6,Remove,4455325,,29779
client,client_request,completed,1777547155193990,2,,,1777547155150142,1777547155193990,1777547155150142,1777547155193990,,,OSError: [Errno 49] Can't assign requested address,client-2-6,Insert,3675635,,43848
client,client_request,completed,1777547155219690,2,,,1777547155194051,1777547155219690,1777547155194051,1777547155219690,,,OSError: [Errno 49] Can't assign requested address,client-2-6,Insert,16512608,,25639
client,client_request,completed,1777547155250330,2,,,1777547155219758,1777547155250330,1777547155219758,1777547155250330,,,OSError: [Errno 49] Can't assign requested address,client-2-6,Insert,-15018856,,30572
client,client_request,completed,1777547155277879,2,,,1777547155250392,1777547155277879,1777547155250392,1777547155277879,,,OSError: [Errno 49] Can't assign requested address,client-2-6,Insert,9622225,,27487
client,client_request,completed,1777547155300598,2,,,1777547155277942,1777547155300598,1777547155277942,1777547155300598,,,OSError: [Errno 49] Can't assign requested address,client-2-6,Insert,10973931,,22656
client,client_request,completed,1777547155331080,2,,,1777547155300655,1777547155331080,1777547155300655,1777547155331080,,,OSError: [Errno 49] Can't assign requested address,client-2-6,Remove,667189,,30425
client,client_request,completed,1777547155359803,2,,,1777547155331145,1777547155359803,1777547155331145,1777547155359803,,,OSError: [Errno 49] Can't assign requested address,client-2-6,Insert,13963270,,28658
client,client_request,completed,1777547155392776,2,,,1777547155359869,1777547155392776,1777547155359869,1777547155392776,,,OSError: [Errno 49] Can't assign requested address,client-2-6,Insert,-2488018,,32907
client,client_request,completed,1777547155424067,2,,,1777547155392847,1777547155424067,1777547155392847,1777547155424067,,,OSError: [Errno 49] Can't assign requested address,client-2-6,Insert,2049423,,31220
client,client_request,completed,1777547155456426,2,,,1777547155424132,1777547155456426,1777547155424132,1777547155456426,,,OSError: [Errno 49] Can't assign requested address,client-2-6,Remove,5193483,,32294
client,client_request,completed,1777547155483887,2,,,1777547155456487,1777547155483887,1777547155456487,1777547155483887,,,OSError: [Errno 49] Can't assign requested address,client-2-6,Remove,-2244623,,27400
client,client_request,completed,1777547155519890,2,,,1777547155483950,1777547155519890,1777547155483950,1777547155519890,,,OSError: [Errno 49] Can't assign requested address,client-2-6,Insert,16638600,,35940
client,client_request,completed,1777547155548286,2,,,1777547155519950,1777547155548286,1777547155519950,1777547155548286,,,OSError: [Errno 49] Can't assign requested address,client-2-6,Remove,2215199,,28336
client,client_request,completed,1777547155570547,2,,,1777547155548352,1777547155570547,1777547155548352,1777547155570547,,,OSError: [Errno 49] Can't assign requested address,client-2-6,Insert,-3251880,,22195
client,client_request,completed,1777547155607453,2,,,1777547155570607,1777547155607453,1777547155570607,1777547155607453,,,OSError: [Errno 49] Can't assign requested address,client-2-6,Remove,11640159,,36846
client,client_request,completed,1777547155632488,2,,,1777547155607517,1777547155632488,1777547155607517,1777547155632488,,,OSError: [Errno 49] Can't assign requested address,client-2-6,Remove,12572769,,24971
client,client_request,completed,1777547155655972,2,,,1777547155632550,1777547155655972,1777547155632550,1777547155655972,,,OSError: [Errno 49] Can't assign requested address,client-2-6,Insert,12689020,,23422
client,client_request,completed,1777547155686070,2,,,1777547155656035,1777547155686070,1777547155656035,1777547155686070,,,OSError: [Errno 49] Can't assign requested address,client-2-6,Insert,-11401584,,30035
client,client_request,completed,1777547155717213,2,,,1777547155686205,1777547155717213,1777547155686205,1777547155717213,,,OSError: [Errno 49] Can't assign requested address,client-2-6,Insert,231174,,31008
client,client_request,completed,1777547155743151,2,,,1777547155717278,1777547155743151,1777547155717278,1777547155743151,,,OSError: [Errno 49] Can't assign requested address,client-2-6,Remove,5528171,,25873
client,client_request,completed,1777547155776537,2,,,1777547155743211,1777547155776537,1777547155743211,1777547155776537,,,OSError: [Errno 49] Can't assign requested address,client-2-6,Remove,-3963477,,33326
client,client_request,completed,1777547155807765,2,,,1777547155776603,1777547155807765,1777547155776603,1777547155807765,,,OSError: [Errno 49] Can't assign requested address,client-2-6,Insert,-13554963,,31162
client,client_request,completed,1777547155836165,2,,,1777547155807826,1777547155836165,1777547155807826,1777547155836165,,,OSError: [Errno 49] Can't assign requested address,client-2-6,Insert,15844689,,28339
client,client_request,completed,1777547155860334,2,,,1777547155836230,1777547155860334,1777547155836230,1777547155860334,,,OSError: [Errno 49] Can't assign requested address,client-2-6,Remove,-13844844,,24104
client,client_request,completed,1777547155885944,2,,,1777547155860397,1777547155885944,1777547155860397,1777547155885944,,,OSError: [Errno 49] Can't assign requested address,client-2-6,Insert,-14451936,,25547
client,client_request,completed,1777547155907470,2,,,1777547155886009,1777547155907470,1777547155886009,1777547155907470,,,OSError: [Errno 49] Can't assign requested address,client-2-6,Remove,6738305,,21461
client,client_request,completed,1777547155930773,2,,,1777547155907536,1777547155930773,1777547155907536,1777547155930773,,,OSError: [Errno 49] Can't assign requested address,client-2-6,Remove,-792412,,23237
client,client_request,completed,1777547155962790,2,,,1777547155930833,1777547155962790,1777547155930833,1777547155962790,,,OSError: [Errno 49] Can't assign requested address,client-2-6,Insert,3966117,,31957
client,client_request,completed,1777547155987899,2,,,1777547155962856,1777547155987899,1777547155962856,1777547155987899,,,,client-2-6,Remove,10445958,200,25043
client,client_request,completed,1777547156007540,2,,,1777547155987960,1777547156007540,1777547155987960,1777547156007540,,,,client-2-6,Remove,13967960,200,19580
client,client_request,completed,1777547156025890,2,,,1777547156007753,1777547156025890,1777547156007753,1777547156025890,,,,client-2-6,Remove,-15365669,200,18137
client,client_request,completed,1777547156045949,2,,,1777547156026094,1777547156045949,1777547156026094,1777547156045949,,,,client-2-6,Remove,4341617,200,19855
client,client_request,completed,1777547156047765,2,,,1777547156046107,1777547156047765,1777547156046107,1777547156047765,,,OSError: [Errno 49] Can't assign requested address,client-2-6,Insert,13815276,,1658
client,client_request,completed,1777547156055251,2,,,1777547156047846,1777547156055251,1777547156047846,1777547156055251,,,OSError: [Errno 49] Can't assign requested address,client-2-6,Remove,8541719,,7405
client,client_request,completed,1777547156077676,2,,,1777547156056946,1777547156077676,1777547156056946,1777547156077676,,,OSError: [Errno 49] Can't assign requested address,client-2-6,Remove,11450688,,20730
client,client_request,completed,1777547156093369,2,,,1777547156077741,1777547156093369,1777547156077741,1777547156093369,,,OSError: [Errno 49] Can't assign requested address,client-2-6,Remove,2907534,,15628
client,client_request,completed,1777547156115979,2,,,1777547156093427,1777547156115979,1777547156093427,1777547156115979,,,OSError: [Errno 49] Can't assign requested address,client-2-6,Remove,-12501263,,22552
client,client_request,completed,1777547156143451,2,,,1777547156116041,1777547156143451,1777547156116041,1777547156143451,,,OSError: [Errno 49] Can't assign requested address,client-2-6,Remove,-15082169,,27410
client,client_request,completed,1777547156169266,2,,,1777547156143511,1777547156169266,1777547156143511,1777547156169266,,,OSError: [Errno 49] Can't assign requested address,client-2-6,Insert,-16708378,,25755
client,client_request,completed,1777547156194882,2,,,1777547156169378,1777547156194882,1777547156169378,1777547156194882,,,OSError: [Errno 49] Can't assign requested address,client-2-6,Insert,942828,,25504
client,client_request,completed,1777547156222766,2,,,1777547156194945,1777547156222766,1777547156194945,1777547156222766,,,OSError: [Errno 49] Can't assign requested address,client-2-6,Insert,-13863603,,27821
client,client_request,completed,1777547156259597,2,,,1777547156222833,1777547156259597,1777547156222833,1777547156259597,,,OSError: [Errno 49] Can't assign requested address,client-2-6,Insert,-112317,,36764
client,client_request,completed,1777547156287244,2,,,1777547156259661,1777547156287244,1777547156259661,1777547156287244,,,OSError: [Errno 49] Can't assign requested address,client-2-6,Remove,-2870646,,27583
client,client_request,completed,1777547156323135,2,,,1777547156287307,1777547156323135,1777547156287307,1777547156323135,,,OSError: [Errno 49] Can't assign requested address,client-2-6,Insert,7233533,,35828
client,client_request,completed,1777547156354927,2,,,1777547156323195,1777547156354927,1777547156323195,1777547156354927,,,OSError: [Errno 49] Can't assign requested address,client-2-6,Insert,7979816,,31732
client,client_request,completed,1777547156383921,2,,,1777547156354989,1777547156383921,1777547156354989,1777547156383921,,,OSError: [Errno 49] Can't assign requested address,client-2-6,Remove,9959484,,28932
client,client_request,completed,1777547156415702,2,,,1777547156384023,1777547156415702,1777547156384023,1777547156415702,,,OSError: [Errno 49] Can't assign requested address,client-2-6,Insert,-4373546,,31679
client,client_request,completed,1777547156438794,2,,,1777547156415772,1777547156438794,1777547156415772,1777547156438794,,,OSError: [Errno 49] Can't assign requested address,client-2-6,Insert,-10526506,,23022
client,client_request,completed,1777547156462564,2,,,1777547156438856,1777547156462564,1777547156438856,1777547156462564,,,OSError: [Errno 49] Can't assign requested address,client-2-6,Insert,5245671,,23708
client,client_request,completed,1777547156491864,2,,,1777547156462629,1777547156491864,1777547156462629,1777547156491864,,,OSError: [Errno 49] Can't assign requested address,client-2-6,Insert,12072308,,29235
client,client_request,completed,1777547156523600,2,,,1777547156491926,1777547156523600,1777547156491926,1777547156523600,,,OSError: [Errno 49] Can't assign requested address,client-2-6,Insert,-2735110,,31674
client,client_request,completed,1777547156543643,2,,,1777547156523668,1777547156543643,1777547156523668,1777547156543643,,,OSError: [Errno 49] Can't assign requested address,client-2-6,Remove,14174097,,19975
client,client_request,completed,1777547156574657,2,,,1777547156543706,1777547156574657,1777547156543706,1777547156574657,,,OSError: [Errno 49] Can't assign requested address,client-2-6,Insert,15628463,,30951
client,client_request,completed,1777547156602796,2,,,1777547156574724,1777547156602796,1777547156574724,1777547156602796,,,OSError: [Errno 49] Can't assign requested address,client-2-6,Insert,4142745,,28072
client,client_request,completed,1777547156629855,2,,,1777547156602858,1777547156629855,1777547156602858,1777547156629855,,,OSError: [Errno 49] Can't assign requested address,client-2-6,Insert,-4169154,,26997
client,client_request,completed,1777547156656017,2,,,1777547156629925,1777547156656017,1777547156629925,1777547156656017,,,OSError: [Errno 49] Can't assign requested address,client-2-6,Remove,2976099,,26092
client,client_request,completed,1777547156680230,2,,,1777547156656077,1777547156680230,1777547156656077,1777547156680230,,,OSError: [Errno 49] Can't assign requested address,client-2-6,Remove,-11395962,,24153
client,client_request,completed,1777547156710904,2,,,1777547156680293,1777547156710904,1777547156680293,1777547156710904,,,OSError: [Errno 49] Can't assign requested address,client-2-6,Remove,12782768,,30611
client,client_request,completed,1777547156740555,2,,,1777547156710970,1777547156740555,1777547156710970,1777547156740555,,,OSError: [Errno 49] Can't assign requested address,client-2-6,Remove,-9775619,,29585
client,client_request,completed,1777547156773919,2,,,1777547156740616,1777547156773919,1777547156740616,1777547156773919,,,OSError: [Errno 49] Can't assign requested address,client-2-6,Remove,3696311,,33303
client,client_request,completed,1777547156799897,2,,,1777547156773996,1777547156799897,1777547156773996,1777547156799897,,,OSError: [Errno 49] Can't assign requested address,client-2-6,Insert,7048495,,25901
client,client_request,completed,1777547156839323,2,,,1777547156799964,1777547156839323,1777547156799964,1777547156839323,,,OSError: [Errno 49] Can't assign requested address,client-2-6,Remove,1217013,,39359
client,client_request,completed,1777547156865526,2,,,1777547156839385,1777547156865526,1777547156839385,1777547156865526,,,OSError: [Errno 49] Can't assign requested address,client-2-6,Remove,12685274,,26141
client,client_request,completed,1777547156890870,2,,,1777547156865588,1777547156890870,1777547156865588,1777547156890870,,,OSError: [Errno 49] Can't assign requested address,client-2-6,Remove,10724791,,25282
client,client_request,completed,1777547156914938,2,,,1777547156890976,1777547156914938,1777547156890976,1777547156914938,,,OSError: [Errno 49] Can't assign requested address,client-2-6,Insert,2582630,,23962
client,client_request,completed,1777547156947598,2,,,1777547156915004,1777547156947598,1777547156915004,1777547156947598,,,OSError: [Errno 49] Can't assign requested address,client-2-6,Remove,6149781,,32594
client,client_request,completed,1777547156966577,2,,,1777547156947656,1777547156966577,1777547156947656,1777547156966577,,,OSError: [Errno 49] Can't assign requested address,client-2-6,Remove,-14147520,,18921
client,client_request,completed,1777547157005406,2,,,1777547156966648,1777547157005406,1777547156966648,1777547157005406,,,OSError: [Errno 49] Can't assign requested address,client-2-6,Remove,10004371,,38758
client,client_request,completed,1777547157030872,2,,,1777547157005472,1777547157030872,1777547157005472,1777547157030872,,,OSError: [Errno 49] Can't assign requested address,client-2-6,Remove,6391208,,25400
client,client_request,completed,1777547157061825,2,,,1777547157030936,1777547157061825,1777547157030936,1777547157061825,,,OSError: [Errno 49] Can't assign requested address,client-2-6,Remove,-14958847,,30889
client,client_request,completed,1777547157108886,2,,,1777547157061899,1777547157108886,1777547157061899,1777547157108886,,,OSError: [Errno 49] Can't assign requested address,client-2-6,Remove,10836783,,46987
client,client_request,completed,1777547157136318,2,,,1777547157108947,1777547157136318,1777547157108947,1777547157136318,,,OSError: [Errno 49] Can't assign requested address,client-2-6,Remove,-16594172,,27371
client,client_request,completed,1777547157166099,2,,,1777547157136382,1777547157166099,1777547157136382,1777547157166099,,,OSError: [Errno 49] Can't assign requested address,client-2-6,Remove,6720596,,29717
client,client_request,completed,1777547157196542,2,,,1777547157166166,1777547157196542,1777547157166166,1777547157196542,,,OSError: [Errno 49] Can't assign requested address,client-2-6,Remove,93555,,30376
client,client_request,completed,1777547157227286,2,,,1777547157196602,1777547157227286,1777547157196602,1777547157227286,,,OSError: [Errno 49] Can't assign requested address,client-2-6,Remove,-5030171,,30684
client,client_request,completed,1777547157253082,2,,,1777547157227351,1777547157253082,1777547157227351,1777547157253082,,,OSError: [Errno 49] Can't assign requested address,client-2-6,Remove,-3002862,,25731
client,client_request,completed,1777547157276337,2,,,1777547157253144,1777547157276337,1777547157253144,1777547157276337,,,OSError: [Errno 49] Can't assign requested address,client-2-6,Remove,-15089500,,23193
client,client_request,completed,1777547157307667,2,,,1777547157276404,1777547157307667,1777547157276404,1777547157307667,,,OSError: [Errno 49] Can't assign requested address,client-2-6,Remove,14199346,,31263
client,client_request,completed,1777547157332799,2,,,1777547157307739,1777547157332799,1777547157307739,1777547157332799,,,OSError: [Errno 49] Can't assign requested address,client-2-6,Remove,-10879545,,25060
client,client_request,completed,1777547157362185,2,,,1777547157332877,1777547157362185,1777547157332877,1777547157362185,,,OSError: [Errno 49] Can't assign requested address,client-2-6,Insert,-878097,,29308
client,client_request,completed,1777547157388882,2,,,1777547157362247,1777547157388882,1777547157362247,1777547157388882,,,OSError: [Errno 49] Can't assign requested address,client-2-6,Insert,7488272,,26635
client,client_request,completed,1777547157420518,2,,,1777547157388948,1777547157420518,1777547157388948,1777547157420518,,,OSError: [Errno 49] Can't assign requested address,client-2-6,Remove,-5781978,,31570
client,client_request,completed,1777547157455225,2,,,1777547157420580,1777547157455225,1777547157420580,1777547157455225,,,OSError: [Errno 49] Can't assign requested address,client-2-6,Remove,-3528162,,34645
client,client_request,completed,1777547157480869,2,,,1777547157455289,1777547157480869,1777547157455289,1777547157480869,,,OSError: [Errno 49] Can't assign requested address,client-2-6,Remove,-13104065,,25580
client,client_request,completed,1777547157511018,2,,,1777547157480934,1777547157511018,1777547157480934,1777547157511018,,,OSError: [Errno 49] Can't assign requested address,client-2-6,Insert,-12323986,,30084
client,client_request,completed,1777547157542807,2,,,1777547157511078,1777547157542807,1777547157511078,1777547157542807,,,OSError: [Errno 49] Can't assign requested address,client-2-6,Insert,-3537572,,31729
client,client_request,completed,1777547157588223,2,,,1777547157542870,1777547157588223,1777547157542870,1777547157588223,,,OSError: [Errno 49] Can't assign requested address,client-2-6,Remove,14520266,,45353
client,client_request,completed,1777547157617695,2,,,1777547157588286,1777547157617695,1777547157588286,1777547157617695,,,OSError: [Errno 49] Can't assign requested address,client-2-6,Remove,13789829,,29409
client,client_request,completed,1777547157644299,2,,,1777547157617755,1777547157644299,1777547157617755,1777547157644299,,,OSError: [Errno 49] Can't assign requested address,client-2-6,Insert,11840549,,26544
client,client_request,completed,1777547157671916,2,,,1777547157644365,1777547157671916,1777547157644365,1777547157671916,,,OSError: [Errno 49] Can't assign requested address,client-2-6,Remove,10820736,,27551
client,client_request,completed,1777547157710426,2,,,1777547157671979,1777547157710426,1777547157671979,1777547157710426,,,OSError: [Errno 49] Can't assign requested address,client-2-6,Insert,-10747404,,38447
client,client_request,completed,1777547157737479,2,,,1777547157710486,1777547157737479,1777547157710486,1777547157737479,,,OSError: [Errno 49] Can't assign requested address,client-2-6,Insert,13266439,,26993
client,client_request,completed,1777547157761976,2,,,1777547157737579,1777547157761976,1777547157737579,1777547157761976,,,OSError: [Errno 49] Can't assign requested address,client-2-6,Remove,-4098472,,24397
client,client_request,completed,1777547157794180,2,,,1777547157762041,1777547157794180,1777547157762041,1777547157794180,,,OSError: [Errno 49] Can't assign requested address,client-2-6,Insert,12320655,,32139
client,client_request,completed,1777547157822165,2,,,1777547157794242,1777547157822165,1777547157794242,1777547157822165,,,OSError: [Errno 49] Can't assign requested address,client-2-6,Remove,-651755,,27923
client,client_request,completed,1777547157855382,2,,,1777547157822250,1777547157855382,1777547157822250,1777547157855382,,,OSError: [Errno 49] Can't assign requested address,client-2-6,Remove,-2453736,,33132
client,client_request,completed,1777547157884808,2,,,1777547157855447,1777547157884808,1777547157855447,1777547157884808,,,OSError: [Errno 49] Can't assign requested address,client-2-6,Remove,6551464,,29361
client,client_request,completed,1777547157910692,2,,,1777547157884873,1777547157910692,1777547157884873,1777547157910692,,,OSError: [Errno 49] Can't assign requested address,client-2-6,Remove,6068489,,25819
client,client_request,completed,1777547157939209,2,,,1777547157910762,1777547157939209,1777547157910762,1777547157939209,,,OSError: [Errno 49] Can't assign requested address,client-2-6,Insert,-69444,,28447
client,client_request,completed,1777547157966457,2,,,1777547157939270,1777547157966457,1777547157939270,1777547157966457,,,OSError: [Errno 49] Can't assign requested address,client-2-6,Insert,-13073586,,27187
client,client_request,completed,1777547157998702,2,,,1777547157966520,1777547157998702,1777547157966520,1777547157998702,,,OSError: [Errno 49] Can't assign requested address,client-2-6,Remove,-8894205,,32182
client,client_request,completed,1777547158026359,2,,,1777547157998769,1777547158026359,1777547157998769,1777547158026359,,,OSError: [Errno 49] Can't assign requested address,client-2-6,Insert,-14824152,,27590
client,client_request,completed,1777547158051665,2,,,1777547158026422,1777547158051665,1777547158026422,1777547158051665,,,OSError: [Errno 49] Can't assign requested address,client-2-6,Insert,12990569,,25243
client,client_request,completed,1777547158087816,2,,,1777547158051729,1777547158087816,1777547158051729,1777547158087816,,,OSError: [Errno 49] Can't assign requested address,client-2-6,Remove,2464965,,36087
client,client_request,completed,1777547158123021,2,,,1777547158087882,1777547158123021,1777547158087882,1777547158123021,,,OSError: [Errno 49] Can't assign requested address,client-2-6,Remove,13919494,,35139
client,client_request,completed,1777547158155251,2,,,1777547158123079,1777547158155251,1777547158123079,1777547158155251,,,OSError: [Errno 49] Can't assign requested address,client-2-6,Remove,13716420,,32172
client,client_request,completed,1777547158181438,2,,,1777547158155313,1777547158181438,1777547158155313,1777547158181438,,,OSError: [Errno 49] Can't assign requested address,client-2-6,Insert,-1124320,,26125
client,client_request,completed,1777547158206144,2,,,1777547158181498,1777547158206144,1777547158181498,1777547158206144,,,OSError: [Errno 49] Can't assign requested address,client-2-6,Insert,11211466,,24646
client,client_request,completed,1777547158240353,2,,,1777547158206211,1777547158240353,1777547158206211,1777547158240353,,,OSError: [Errno 49] Can't assign requested address,client-2-6,Insert,13147826,,34142
client,client_request,completed,1777547158270146,2,,,1777547158240417,1777547158270146,1777547158240417,1777547158270146,,,OSError: [Errno 49] Can't assign requested address,client-2-6,Remove,15605380,,29729
client,client_request,completed,1777547158296746,2,,,1777547158270205,1777547158296746,1777547158270205,1777547158296746,,,OSError: [Errno 49] Can't assign requested address,client-2-6,Insert,-814278,,26541
client,client_request,completed,1777547158327122,2,,,1777547158296806,1777547158327122,1777547158296806,1777547158327122,,,OSError: [Errno 49] Can't assign requested address,client-2-6,Remove,-7405451,,30316
client,client_request,completed,1777547158353114,2,,,1777547158327180,1777547158353114,1777547158327180,1777547158353114,,,OSError: [Errno 49] Can't assign requested address,client-2-6,Remove,-5515479,,25934
client,client_request,completed,1777547158381321,2,,,1777547158353178,1777547158381321,1777547158353178,1777547158381321,,,OSError: [Errno 49] Can't assign requested address,client-2-6,Remove,15131311,,28143
client,client_request,completed,1777547158410053,2,,,1777547158381470,1777547158410053,1777547158381470,1777547158410053,,,OSError: [Errno 49] Can't assign requested address,client-2-6,Insert,1854036,,28583
client,client_request,completed,1777547158438083,2,,,1777547158410120,1777547158438083,1777547158410120,1777547158438083,,,OSError: [Errno 49] Can't assign requested address,client-2-6,Insert,15388384,,27963
client,client_request,completed,1777547158469332,2,,,1777547158438215,1777547158469332,1777547158438215,1777547158469332,,,OSError: [Errno 49] Can't assign requested address,client-2-6,Insert,9247609,,31117
client,client_request,completed,1777547158499698,2,,,1777547158469397,1777547158499698,1777547158469397,1777547158499698,,,OSError: [Errno 49] Can't assign requested address,client-2-6,Remove,6000849,,30301
client,client_request,completed,1777547158527246,2,,,1777547158499763,1777547158527246,1777547158499763,1777547158527246,,,OSError: [Errno 49] Can't assign requested address,client-2-6,Insert,15346743,,27483
client,client_request,completed,1777547158556192,2,,,1777547158527420,1777547158556192,1777547158527420,1777547158556192,,,OSError: [Errno 49] Can't assign requested address,client-2-6,Remove,16183522,,28772
client,client_request,completed,1777547158583762,2,,,1777547158556260,1777547158583762,1777547158556260,1777547158583762,,,OSError: [Errno 49] Can't assign requested address,client-2-6,Insert,1829973,,27502
client,client_request,completed,1777547158602050,2,,,1777547158583823,1777547158602050,1777547158583823,1777547158602050,,,OSError: [Errno 49] Can't assign requested address,client-2-6,Insert,4631045,,18227
client,client_request,completed,1777547158639024,2,,,1777547158602115,1777547158639024,1777547158602115,1777547158639024,,,OSError: [Errno 49] Can't assign requested address,client-2-6,Remove,2641730,,36909
client,client_request,completed,1777547158673598,2,,,1777547158639088,1777547158673598,1777547158639088,1777547158673598,,,OSError: [Errno 49] Can't assign requested address,client-2-6,Insert,14337501,,34510
client,client_request,completed,1777547158701101,2,,,1777547158673661,1777547158701101,1777547158673661,1777547158701101,,,OSError: [Errno 49] Can't assign requested address,client-2-6,Remove,9484883,,27440
client,client_request,completed,1777547158726650,2,,,1777547158701166,1777547158726650,1777547158701166,1777547158726650,,,OSError: [Errno 49] Can't assign requested address,client-2-6,Insert,-15855923,,25484
client,client_request,completed,1777547158752940,2,,,1777547158726711,1777547158752940,1777547158726711,1777547158752940,,,OSError: [Errno 49] Can't assign requested address,client-2-6,Insert,16479994,,26229
client,client_request,completed,1777547158785138,2,,,1777547158753005,1777547158785138,1777547158753005,1777547158785138,,,OSError: [Errno 49] Can't assign requested address,client-2-6,Remove,-12757027,,32133
client,client_request,completed,1777547158815318,2,,,1777547158785200,1777547158815318,1777547158785200,1777547158815318,,,OSError: [Errno 49] Can't assign requested address,client-2-6,Remove,6862187,,30118
client,client_request,completed,1777547158843874,2,,,1777547158815382,1777547158843874,1777547158815382,1777547158843874,,,OSError: [Errno 49] Can't assign requested address,client-2-6,Insert,-5164055,,28492
client,client_request,completed,1777547158869107,2,,,1777547158843936,1777547158869107,1777547158843936,1777547158869107,,,OSError: [Errno 49] Can't assign requested address,client-2-6,Insert,-11283694,,25171
client,client_request,completed,1777547158894572,2,,,1777547158869172,1777547158894572,1777547158869172,1777547158894572,,,OSError: [Errno 49] Can't assign requested address,client-2-6,Remove,8197053,,25400
client,client_request,completed,1777547158925499,2,,,1777547158894632,1777547158925499,1777547158894632,1777547158925499,,,OSError: [Errno 49] Can't assign requested address,client-2-6,Insert,-10293301,,30867
client,client_request,completed,1777547158952279,2,,,1777547158925567,1777547158952279,1777547158925567,1777547158952279,,,OSError: [Errno 49] Can't assign requested address,client-2-6,Remove,-14805519,,26712
client,client_request,completed,1777547158990416,2,,,1777547158952341,1777547158990416,1777547158952341,1777547158990416,,,OSError: [Errno 49] Can't assign requested address,client-2-6,Remove,-2481871,,38075
client,client_request,completed,1777547159033139,2,,,1777547158990476,1777547159033139,1777547158990476,1777547159033139,,,OSError: [Errno 49] Can't assign requested address,client-2-6,Remove,5141952,,42663
client,client_request,completed,1777547159118356,2,,,1777547159033244,1777547159118356,1777547159033244,1777547159118356,,,OSError: [Errno 49] Can't assign requested address,client-2-6,Insert,11412789,,85112
client,client_request,completed,1777547159145143,2,,,1777547159118484,1777547159145143,1777547159118484,1777547159145143,,,OSError: [Errno 49] Can't assign requested address,client-2-6,Insert,13366436,,26659
client,client_request,completed,1777547159178120,2,,,1777547159145206,1777547159178120,1777547159145206,1777547159178120,,,OSError: [Errno 49] Can't assign requested address,client-2-6,Insert,7615026,,32914
client,client_request,completed,1777547159205052,2,,,1777547159178187,1777547159205052,1777547159178187,1777547159205052,,,OSError: [Errno 49] Can't assign requested address,client-2-6,Insert,230409,,26865
client,client_request,completed,1777547159232885,2,,,1777547159205116,1777547159232885,1777547159205116,1777547159232885,,,OSError: [Errno 49] Can't assign requested address,client-2-6,Insert,-5614944,,27769
client,client_request,completed,1777547159261385,2,,,1777547159232949,1777547159261385,1777547159232949,1777547159261385,,,OSError: [Errno 49] Can't assign requested address,client-2-6,Insert,11596939,,28436
client,client_request,completed,1777547159290681,2,,,1777547159261450,1777547159290681,1777547159261450,1777547159290681,,,OSError: [Errno 49] Can't assign requested address,client-2-6,Insert,9931674,,29231
client,client_request,completed,1777547159331473,2,,,1777547159290744,1777547159331473,1777547159290744,1777547159331473,,,OSError: [Errno 49] Can't assign requested address,client-2-6,Insert,-4399352,,40729
client,client_request,completed,1777547159361047,2,,,1777547159331538,1777547159361047,1777547159331538,1777547159361047,,,OSError: [Errno 49] Can't assign requested address,client-2-6,Remove,14131452,,29509
client,client_request,completed,1777547159383459,2,,,1777547159361120,1777547159383459,1777547159361120,1777547159383459,,,OSError: [Errno 49] Can't assign requested address,client-2-6,Remove,16553027,,22339
client,client_request,completed,1777547159421859,2,,,1777547159383521,1777547159421859,1777547159383521,1777547159421859,,,OSError: [Errno 49] Can't assign requested address,client-2-6,Insert,15855195,,38338
client,client_request,completed,1777547159452340,2,,,1777547159421921,1777547159452340,1777547159421921,1777547159452340,,,OSError: [Errno 49] Can't assign requested address,client-2-6,Remove,6429042,,30419
client,client_request,completed,1777547159487211,2,,,1777547159452403,1777547159487211,1777547159452403,1777547159487211,,,OSError: [Errno 49] Can't assign requested address,client-2-6,Insert,3003495,,34808
client,client_request,completed,1777547159512300,2,,,1777547159487270,1777547159512300,1777547159487270,1777547159512300,,,OSError: [Errno 49] Can't assign requested address,client-2-6,Remove,16061369,,25030
client,client_request,completed,1777547159543009,2,,,1777547159512365,1777547159543009,1777547159512365,1777547159543009,,,OSError: [Errno 49] Can't assign requested address,client-2-6,Remove,15089643,,30644
client,client_request,completed,1777547159574731,2,,,1777547159543082,1777547159574731,1777547159543082,1777547159574731,,,OSError: [Errno 49] Can't assign requested address,client-2-6,Remove,-12224524,,31649
client,client_request,completed,1777547159614161,2,,,1777547159574812,1777547159614161,1777547159574812,1777547159614161,,,OSError: [Errno 49] Can't assign requested address,client-2-6,Remove,-5669414,,39349
client,client_request,completed,1777547159637972,2,,,1777547159614229,1777547159637972,1777547159614229,1777547159637972,,,OSError: [Errno 49] Can't assign requested address,client-2-6,Insert,-3342849,,23743
client,client_request,completed,1777547159662076,2,,,1777547159638035,1777547159662076,1777547159638035,1777547159662076,,,OSError: [Errno 49] Can't assign requested address,client-2-6,Remove,15452380,,24041
client,client_request,completed,1777547159690933,2,,,1777547159662141,1777547159690933,1777547159662141,1777547159690933,,,OSError: [Errno 49] Can't assign requested address,client-2-6,Insert,2227855,,28792
client,client_request,completed,1777547159716098,2,,,1777547159691000,1777547159716098,1777547159691000,1777547159716098,,,OSError: [Errno 49] Can't assign requested address,client-2-6,Insert,11666310,,25098
client,client_request,completed,1777547159742868,2,,,1777547159716176,1777547159742868,1777547159716176,1777547159742868,,,OSError: [Errno 49] Can't assign requested address,client-2-6,Remove,-5394452,,26692
client,client_request,completed,1777547159773761,2,,,1777547159742933,1777547159773761,1777547159742933,1777547159773761,,,OSError: [Errno 49] Can't assign requested address,client-2-6,Insert,-14191625,,30828
client,client_request,completed,1777547159799001,2,,,1777547159773824,1777547159799001,1777547159773824,1777547159799001,,,OSError: [Errno 49] Can't assign requested address,client-2-6,Remove,9837528,,25177
client,client_request,completed,1777547159826747,2,,,1777547159799067,1777547159826747,1777547159799067,1777547159826747,,,OSError: [Errno 49] Can't assign requested address,client-2-6,Remove,3926059,,27680
client,client_request,completed,1777547159849824,2,,,1777547159826810,1777547159849824,1777547159826810,1777547159849824,,,OSError: [Errno 49] Can't assign requested address,client-2-6,Remove,4139500,,23014
client,client_request,completed,1777547159874618,2,,,1777547159849882,1777547159874618,1777547159849882,1777547159874618,,,OSError: [Errno 49] Can't assign requested address,client-2-6,Insert,4881718,,24736
client,client_request,completed,1777547159905285,2,,,1777547159874682,1777547159905285,1777547159874682,1777547159905285,,,OSError: [Errno 49] Can't assign requested address,client-2-6,Remove,1388929,,30603
client,client_request,completed,1777547159930870,2,,,1777547159905347,1777547159930870,1777547159905347,1777547159930870,,,OSError: [Errno 49] Can't assign requested address,client-2-6,Remove,-311998,,25523
client,client_request,completed,1777547159958755,2,,,1777547159930932,1777547159958755,1777547159930932,1777547159958755,,,OSError: [Errno 49] Can't assign requested address,client-2-6,Remove,-15190864,,27823
client,client_request,completed,1777547159986891,2,,,1777547159958822,1777547159986891,1777547159958822,1777547159986891,,,OSError: [Errno 49] Can't assign requested address,client-2-6,Remove,-13682072,,28069
client,client_request,completed,1777547160023137,2,,,1777547159986953,1777547160023137,1777547159986953,1777547160023137,,,OSError: [Errno 49] Can't assign requested address,client-2-6,Insert,-9503610,,36184
client,client_request,completed,1777547160058845,2,,,1777547160023259,1777547160058845,1777547160023259,1777547160058845,,,OSError: [Errno 49] Can't assign requested address,client-2-6,Remove,8263920,,35586
client,client_request,completed,1777547160094164,2,,,1777547160058942,1777547160094164,1777547160058942,1777547160094164,,,OSError: [Errno 49] Can't assign requested address,client-2-6,Remove,11956365,,35222
client,client_request,completed,1777547160123435,2,,,1777547160094232,1777547160123435,1777547160094232,1777547160123435,,,OSError: [Errno 49] Can't assign requested address,client-2-6,Insert,5145241,,29203
client,client_request,completed,1777547160146548,2,,,1777547160123494,1777547160146548,1777547160123494,1777547160146548,,,OSError: [Errno 49] Can't assign requested address,client-2-6,Insert,-2131772,,23054
client,client_request,completed,1777547160176343,2,,,1777547160146609,1777547160176343,1777547160146609,1777547160176343,,,OSError: [Errno 49] Can't assign requested address,client-2-6,Insert,-332290,,29734
client,client_request,completed,1777547160204122,2,,,1777547160176409,1777547160204122,1777547160176409,1777547160204122,,,OSError: [Errno 49] Can't assign requested address,client-2-6,Insert,11478747,,27713
client,client_request,completed,1777547160227237,2,,,1777547160204185,1777547160227237,1777547160204185,1777547160227237,,,OSError: [Errno 49] Can't assign requested address,client-2-6,Remove,-14170405,,23052
client,client_request,completed,1777547160252997,2,,,1777547160227302,1777547160252997,1777547160227302,1777547160252997,,,OSError: [Errno 49] Can't assign requested address,client-2-6,Insert,-2527763,,25695
client,client_request,completed,1777547160287495,2,,,1777547160253066,1777547160287495,1777547160253066,1777547160287495,,,OSError: [Errno 49] Can't assign requested address,client-2-6,Remove,-12145346,,34429
client,client_request,completed,1777547160323103,2,,,1777547160287555,1777547160323103,1777547160287555,1777547160323103,,,OSError: [Errno 49] Can't assign requested address,client-2-6,Remove,-16276605,,35548
client,client_request,completed,1777547160356443,2,,,1777547160323174,1777547160356443,1777547160323174,1777547160356443,,,OSError: [Errno 49] Can't assign requested address,client-2-6,Remove,5080586,,33269
client,client_request,completed,1777547160376648,2,,,1777547160356509,1777547160376648,1777547160356509,1777547160376648,,,OSError: [Errno 49] Can't assign requested address,client-2-6,Insert,6239894,,20139
client,client_request,completed,1777547160415058,2,,,1777547160376714,1777547160415058,1777547160376714,1777547160415058,,,OSError: [Errno 49] Can't assign requested address,client-2-6,Remove,-10559226,,38344
client,client_request,completed,1777547160442531,2,,,1777547160415117,1777547160442531,1777547160415117,1777547160442531,,,OSError: [Errno 49] Can't assign requested address,client-2-6,Remove,-57825,,27414
client,client_request,completed,1777547160469858,2,,,1777547160442588,1777547160469858,1777547160442588,1777547160469858,,,OSError: [Errno 49] Can't assign requested address,client-2-6,Remove,2700192,,27270
client,client_request,completed,1777547160490958,2,,,1777547160469926,1777547160490958,1777547160469926,1777547160490958,,,OSError: [Errno 49] Can't assign requested address,client-2-6,Remove,-5561443,,21032
client,client_request,completed,1777547160527303,2,,,1777547160491019,1777547160527303,1777547160491019,1777547160527303,,,OSError: [Errno 49] Can't assign requested address,client-2-6,Remove,5216624,,36284
client,client_request,completed,1777547160554581,2,,,1777547160527368,1777547160554581,1777547160527368,1777547160554581,,,OSError: [Errno 49] Can't assign requested address,client-2-6,Insert,12690809,,27213
client,client_request,completed,1777547160583746,2,,,1777547160554651,1777547160583746,1777547160554651,1777547160583746,,,OSError: [Errno 49] Can't assign requested address,client-2-6,Remove,8622253,,29095
client,client_request,completed,1777547160615469,2,,,1777547160583811,1777547160615469,1777547160583811,1777547160615469,,,OSError: [Errno 49] Can't assign requested address,client-2-6,Insert,-16096674,,31658
client,client_request,completed,1777547160644332,2,,,1777547160615561,1777547160644332,1777547160615561,1777547160644332,,,OSError: [Errno 49] Can't assign requested address,client-2-6,Insert,-15404792,,28771
client,client_request,completed,1777547160675851,2,,,1777547160644395,1777547160675851,1777547160644395,1777547160675851,,,OSError: [Errno 49] Can't assign requested address,client-2-6,Insert,-9059568,,31456
client,client_request,completed,1777547160706836,2,,,1777547160675915,1777547160706836,1777547160675915,1777547160706836,,,OSError: [Errno 49] Can't assign requested address,client-2-6,Remove,6729201,,30921
client,client_request,completed,1777547160734850,2,,,1777547160706896,1777547160734850,1777547160706896,1777547160734850,,,OSError: [Errno 49] Can't assign requested address,client-2-6,Insert,15957569,,27954
client,client_request,completed,1777547160764002,2,,,1777547160734973,1777547160764002,1777547160734973,1777547160764002,,,OSError: [Errno 49] Can't assign requested address,client-2-6,Remove,-10409427,,29029
client,client_request,completed,1777547160801604,2,,,1777547160764065,1777547160801604,1777547160764065,1777547160801604,,,OSError: [Errno 49] Can't assign requested address,client-2-6,Insert,-16376591,,37539
client,client_request,completed,1777547160834421,2,,,1777547160801667,1777547160834421,1777547160801667,1777547160834421,,,OSError: [Errno 49] Can't assign requested address,client-2-6,Remove,-14832147,,32754
client,client_request,completed,1777547160860771,2,,,1777547160834484,1777547160860771,1777547160834484,1777547160860771,,,OSError: [Errno 49] Can't assign requested address,client-2-6,Remove,-14699938,,26287
client,client_request,completed,1777547160905533,2,,,1777547160860835,1777547160905533,1777547160860835,1777547160905533,,,OSError: [Errno 49] Can't assign requested address,client-2-6,Remove,8448703,,44698
client,client_request,completed,1777547160930736,2,,,1777547160905597,1777547160930736,1777547160905597,1777547160930736,,,OSError: [Errno 49] Can't assign requested address,client-2-6,Insert,-6418617,,25139
client,client_request,completed,1777547160958561,2,,,1777547160930802,1777547160958561,1777547160930802,1777547160958561,,,OSError: [Errno 49] Can't assign requested address,client-2-6,Insert,-13557939,,27759
client,client_request,completed,1777547160989433,2,,,1777547160958620,1777547160989433,1777547160958620,1777547160989433,,,OSError: [Errno 49] Can't assign requested address,client-2-6,Remove,-7124542,,30813
client,client_request,completed,1777547161022506,2,,,1777547160989500,1777547161022506,1777547160989500,1777547161022506,,,OSError: [Errno 49] Can't assign requested address,client-2-6,Insert,16037392,,33006
client,client_request,completed,1777547161048456,2,,,1777547161022578,1777547161048456,1777547161022578,1777547161048456,,,OSError: [Errno 49] Can't assign requested address,client-2-6,Remove,3602461,,25878
client,client_request,completed,1777547161087795,2,,,1777547161048520,1777547161087795,1777547161048520,1777547161087795,,,OSError: [Errno 49] Can't assign requested address,client-2-6,Insert,10722622,,39275
client,client_request,completed,1777547161119956,2,,,1777547161087857,1777547161119956,1777547161087857,1777547161119956,,,OSError: [Errno 49] Can't assign requested address,client-2-6,Remove,13271106,,32099
client,client_request,completed,1777547161149622,2,,,1777547161120033,1777547161149622,1777547161120033,1777547161149622,,,OSError: [Errno 49] Can't assign requested address,client-2-6,Insert,-933352,,29589
client,client_request,completed,1777547161184945,2,,,1777547161149687,1777547161184945,1777547161149687,1777547161184945,,,OSError: [Errno 49] Can't assign requested address,client-2-6,Insert,3805880,,35258
client,client_request,completed,1777547161223333,2,,,1777547161185014,1777547161223333,1777547161185014,1777547161223333,,,OSError: [Errno 49] Can't assign requested address,client-2-6,Remove,-1984122,,38319
client,client_request,completed,1777547161244025,2,,,1777547161223405,1777547161244025,1777547161223405,1777547161244025,,,OSError: [Errno 49] Can't assign requested address,client-2-6,Insert,-7723479,,20620
client,client_request,completed,1777547161268784,2,,,1777547161244097,1777547161268784,1777547161244097,1777547161268784,,,OSError: [Errno 49] Can't assign requested address,client-2-6,Insert,-9841975,,24687
client,client_request,completed,1777547161296147,2,,,1777547161268847,1777547161296147,1777547161268847,1777547161296147,,,OSError: [Errno 49] Can't assign requested address,client-2-6,Remove,-15121935,,27300
client,client_request,completed,1777547161325603,2,,,1777547161296207,1777547161325603,1777547161296207,1777547161325603,,,OSError: [Errno 49] Can't assign requested address,client-2-6,Insert,8433529,,29396
client,client_request,completed,1777547161349850,2,,,1777547161325663,1777547161349850,1777547161325663,1777547161349850,,,OSError: [Errno 49] Can't assign requested address,client-2-6,Insert,5930184,,24187
client,client_request,completed,1777547161378481,2,,,1777547161349910,1777547161378481,1777547161349910,1777547161378481,,,OSError: [Errno 49] Can't assign requested address,client-2-6,Remove,-10927136,,28571
client,client_request,completed,1777547161409484,2,,,1777547161378541,1777547161409484,1777547161378541,1777547161409484,,,OSError: [Errno 49] Can't assign requested address,client-2-6,Remove,15473262,,30943
client,client_request,completed,1777547161430856,2,,,1777547161409550,1777547161430856,1777547161409550,1777547161430856,,,OSError: [Errno 49] Can't assign requested address,client-2-6,Remove,-15138834,,21306
client,client_request,completed,1777547161462590,2,,,1777547161430922,1777547161462590,1777547161430922,1777547161462590,,,OSError: [Errno 49] Can't assign requested address,client-2-6,Remove,-2134948,,31668
client,client_request,completed,1777547161484619,2,,,1777547161462651,1777547161484619,1777547161462651,1777547161484619,,,OSError: [Errno 49] Can't assign requested address,client-2-6,Insert,9800,,21968
client,client_request,completed,1777547161510085,2,,,1777547161484679,1777547161510085,1777547161484679,1777547161510085,,,OSError: [Errno 49] Can't assign requested address,client-2-6,Insert,-1595454,,25406
client,client_request,completed,1777547161535775,2,,,1777547161510150,1777547161535775,1777547161510150,1777547161535775,,,OSError: [Errno 49] Can't assign requested address,client-2-6,Remove,5977926,,25625
client,client_request,completed,1777547161568871,2,,,1777547161535845,1777547161568871,1777547161535845,1777547161568871,,,OSError: [Errno 49] Can't assign requested address,client-2-6,Insert,-16536808,,33026
client,client_request,completed,1777547161600529,2,,,1777547161568943,1777547161600529,1777547161568943,1777547161600529,,,OSError: [Errno 49] Can't assign requested address,client-2-6,Insert,1622553,,31586
client,client_request,completed,1777547161631309,2,,,1777547161600594,1777547161631309,1777547161600594,1777547161631309,,,OSError: [Errno 49] Can't assign requested address,client-2-6,Remove,14016052,,30715
client,client_request,completed,1777547161654502,2,,,1777547161631375,1777547161654502,1777547161631375,1777547161654502,,,OSError: [Errno 49] Can't assign requested address,client-2-6,Remove,9842252,,23127
client,client_request,completed,1777547161682314,2,,,1777547161654566,1777547161682314,1777547161654566,1777547161682314,,,OSError: [Errno 49] Can't assign requested address,client-2-6,Insert,11971747,,27748
client,client_request,completed,1777547161714680,2,,,1777547161682419,1777547161714680,1777547161682419,1777547161714680,,,OSError: [Errno 49] Can't assign requested address,client-2-6,Insert,-978891,,32261
client,client_request,completed,1777547161741390,2,,,1777547161714734,1777547161741390,1777547161714734,1777547161741390,,,OSError: [Errno 49] Can't assign requested address,client-2-6,Insert,5283856,,26656
client,client_request,completed,1777547161764640,2,,,1777547161741448,1777547161764640,1777547161741448,1777547161764640,,,OSError: [Errno 49] Can't assign requested address,client-2-6,Insert,12722001,,23192
client,client_request,completed,1777547161796445,2,,,1777547161764693,1777547161796445,1777547161764693,1777547161796445,,,OSError: [Errno 49] Can't assign requested address,client-2-6,Insert,-15859379,,31752
client,client_request,completed,1777547161834641,2,,,1777547161796521,1777547161834641,1777547161796521,1777547161834641,,,OSError: [Errno 49] Can't assign requested address,client-2-6,Remove,6900689,,38120
client,client_request,completed,1777547161858611,2,,,1777547161834699,1777547161858611,1777547161834699,1777547161858611,,,OSError: [Errno 49] Can't assign requested address,client-2-6,Remove,-5319544,,23912
client,client_request,completed,1777547161888986,2,,,1777547161858667,1777547161888986,1777547161858667,1777547161888986,,,OSError: [Errno 49] Can't assign requested address,client-2-6,Remove,-5903144,,30319
client,client_request,completed,1777547161926004,2,,,1777547161889045,1777547161926004,1777547161889045,1777547161926004,,,OSError: [Errno 49] Can't assign requested address,client-2-6,Remove,-8652086,,36959
client,client_request,completed,1777547161967629,2,,,1777547161926076,1777547161967629,1777547161926076,1777547161967629,,,OSError: [Errno 49] Can't assign requested address,client-2-6,Insert,5068187,,41553
client,client_request,completed,1777547161996308,2,,,1777547161967689,1777547161996308,1777547161967689,1777547161996308,,,OSError: [Errno 49] Can't assign requested address,client-2-6,Insert,-13104470,,28619
client,client_request,completed,1777547162023582,2,,,1777547161996370,1777547162023582,1777547161996370,1777547162023582,,,OSError: [Errno 49] Can't assign requested address,client-2-6,Insert,16665524,,27212
client,client_request,completed,1777547162054267,2,,,1777547162023638,1777547162054267,1777547162023638,1777547162054267,,,OSError: [Errno 49] Can't assign requested address,client-2-6,Insert,-700979,,30629
client,client_request,completed,1777547162085342,2,,,1777547162054325,1777547162085342,1777547162054325,1777547162085342,,,OSError: [Errno 49] Can't assign requested address,client-2-6,Insert,8352710,,31017
client,client_request,completed,1777547162126172,2,,,1777547162085396,1777547162126172,1777547162085396,1777547162126172,,,OSError: [Errno 49] Can't assign requested address,client-2-6,Remove,1856970,,40776
client,client_request,completed,1777547162155071,2,,,1777547162126233,1777547162155071,1777547162126233,1777547162155071,,,OSError: [Errno 49] Can't assign requested address,client-2-6,Insert,-12527140,,28838
client,client_request,completed,1777547162184801,2,,,1777547162155129,1777547162184801,1777547162155129,1777547162184801,,,OSError: [Errno 49] Can't assign requested address,client-2-6,Insert,-9267248,,29672
client,client_request,completed,1777547162213241,2,,,1777547162184956,1777547162213241,1777547162184956,1777547162213241,,,OSError: [Errno 49] Can't assign requested address,client-2-6,Insert,-3430359,,28285
client,client_request,completed,1777547162239550,2,,,1777547162213298,1777547162239550,1777547162213298,1777547162239550,,,OSError: [Errno 49] Can't assign requested address,client-2-6,Insert,-7386398,,26252
client,client_request,completed,1777547162265160,2,,,1777547162239609,1777547162265160,1777547162239609,1777547162265160,,,OSError: [Errno 49] Can't assign requested address,client-2-6,Insert,15769428,,25551
client,client_request,completed,1777547162289735,2,,,1777547162265219,1777547162289735,1777547162265219,1777547162289735,,,OSError: [Errno 49] Can't assign requested address,client-2-6,Insert,9384600,,24516
client,client_request,completed,1777547162311142,2,,,1777547162289792,1777547162311142,1777547162289792,1777547162311142,,,OSError: [Errno 49] Can't assign requested address,client-2-6,Insert,-5520333,,21350
client,client_request,completed,1777547162340102,2,,,1777547162311204,1777547162340102,1777547162311204,1777547162340102,,,OSError: [Errno 49] Can't assign requested address,client-2-6,Insert,-677720,,28898
client,client_request,completed,1777547162371056,2,,,1777547162340162,1777547162371056,1777547162340162,1777547162371056,,,OSError: [Errno 49] Can't assign requested address,client-2-6,Insert,12074164,,30894
client,client_request,completed,1777547162403223,2,,,1777547162371117,1777547162403223,1777547162371117,1777547162403223,,,OSError: [Errno 49] Can't assign requested address,client-2-6,Remove,3024354,,32106
client,client_request,completed,1777547162428743,2,,,1777547162403282,1777547162428743,1777547162403282,1777547162428743,,,OSError: [Errno 49] Can't assign requested address,client-2-6,Remove,7737663,,25461
client,client_request,completed,1777547162454201,2,,,1777547162428802,1777547162454201,1777547162428802,1777547162454201,,,OSError: [Errno 49] Can't assign requested address,client-2-6,Remove,2598662,,25399
client,client_request,completed,1777547162484793,2,,,1777547162454256,1777547162484793,1777547162454256,1777547162484793,,,OSError: [Errno 49] Can't assign requested address,client-2-6,Remove,4394483,,30537
client,client_request,completed,1777547162509388,2,,,1777547162484844,1777547162509388,1777547162484844,1777547162509388,,,OSError: [Errno 49] Can't assign requested address,client-2-6,Insert,-5330629,,24544
client,client_request,completed,1777547162534566,2,,,1777547162509444,1777547162534566,1777547162509444,1777547162534566,,,OSError: [Errno 49] Can't assign requested address,client-2-6,Remove,12590573,,25122
client,client_request,completed,1777547162616106,2,,,1777547162534619,1777547162616106,1777547162534619,1777547162616106,,,OSError: [Errno 49] Can't assign requested address,client-2-6,Insert,-15685021,,81487
client,client_request,completed,1777547162644743,2,,,1777547162616163,1777547162644743,1777547162616163,1777547162644743,,,OSError: [Errno 49] Can't assign requested address,client-2-6,Remove,-5284407,,28580
client,client_request,completed,1777547162670335,2,,,1777547162644802,1777547162670335,1777547162644802,1777547162670335,,,OSError: [Errno 49] Can't assign requested address,client-2-6,Remove,-4312437,,25533
client,client_request,completed,1777547162697505,2,,,1777547162670393,1777547162697505,1777547162670393,1777547162697505,,,OSError: [Errno 49] Can't assign requested address,client-2-6,Remove,6173921,,27112
client,client_request,completed,1777547162722380,2,,,1777547162697561,1777547162722380,1777547162697561,1777547162722380,,,OSError: [Errno 49] Can't assign requested address,client-2-6,Insert,-12943603,,24819
client,client_request,completed,1777547162750338,2,,,1777547162722436,1777547162750338,1777547162722436,1777547162750338,,,OSError: [Errno 49] Can't assign requested address,client-2-6,Insert,1661987,,27902
client,client_request,completed,1777547162780490,2,,,1777547162750394,1777547162780490,1777547162750394,1777547162780490,,,OSError: [Errno 49] Can't assign requested address,client-2-6,Insert,-1847569,,30096
client,client_request,completed,1777547162806415,2,,,1777547162780549,1777547162806415,1777547162780549,1777547162806415,,,OSError: [Errno 49] Can't assign requested address,client-2-6,Remove,12788212,,25866
client,client_request,completed,1777547162832551,2,,,1777547162806473,1777547162832551,1777547162806473,1777547162832551,,,OSError: [Errno 49] Can't assign requested address,client-2-6,Remove,-16285678,,26078
client,client_request,completed,1777547162863198,2,,,1777547162832608,1777547162863198,1777547162832608,1777547162863198,,,OSError: [Errno 49] Can't assign requested address,client-2-6,Insert,-678577,,30590
client,client_request,completed,1777547162886403,2,,,1777547162863257,1777547162886403,1777547162863257,1777547162886403,,,OSError: [Errno 49] Can't assign requested address,client-2-6,Insert,10381764,,23146
client,client_request,completed,1777547162916356,2,,,1777547162886460,1777547162916356,1777547162886460,1777547162916356,,,OSError: [Errno 49] Can't assign requested address,client-2-6,Insert,-5539023,,29896
client,client_request,completed,1777547162939835,2,,,1777547162916412,1777547162939835,1777547162916412,1777547162939835,,,OSError: [Errno 49] Can't assign requested address,client-2-6,Remove,14545161,,23423
client,client_request,completed,1777547162970663,2,,,1777547162939893,1777547162970663,1777547162939893,1777547162970663,,,OSError: [Errno 49] Can't assign requested address,client-2-6,Remove,-16308405,,30770
client,client_request,completed,1777547162999959,2,,,1777547162970725,1777547162999959,1777547162970725,1777547162999959,,,OSError: [Errno 49] Can't assign requested address,client-2-6,Insert,1725344,,29234
client,client_request,completed,1777547163034454,2,,,1777547163000017,1777547163034454,1777547163000017,1777547163034454,,,OSError: [Errno 49] Can't assign requested address,client-2-6,Remove,-5790183,,34437
client,client_request,completed,1777547163073417,2,,,1777547163034512,1777547163073417,1777547163034512,1777547163073417,,,OSError: [Errno 49] Can't assign requested address,client-2-6,Remove,2481208,,38905
client,client_request,completed,1777547163105157,2,,,1777547163073477,1777547163105157,1777547163073477,1777547163105157,,,OSError: [Errno 49] Can't assign requested address,client-2-6,Insert,-4532997,,31680
client,client_request,completed,1777547163138838,2,,,1777547163105211,1777547163138838,1777547163105211,1777547163138838,,,OSError: [Errno 49] Can't assign requested address,client-2-6,Insert,7187069,,33627
client,client_request,completed,1777547163175600,2,,,1777547163138892,1777547163175600,1777547163138892,1777547163175600,,,OSError: [Errno 49] Can't assign requested address,client-2-6,Insert,-1936707,,36708
client,client_request,completed,1777547163203629,2,,,1777547163175654,1777547163203629,1777547163175654,1777547163203629,,,OSError: [Errno 49] Can't assign requested address,client-2-6,Remove,-4495768,,27975
client,client_request,completed,1777547163243384,2,,,1777547163203687,1777547163243384,1777547163203687,1777547163243384,,,OSError: [Errno 49] Can't assign requested address,client-2-6,Remove,-2451070,,39697
client,client_request,completed,1777547163268261,2,,,1777547163243447,1777547163268261,1777547163243447,1777547163268261,,,OSError: [Errno 49] Can't assign requested address,client-2-6,Insert,-14673003,,24814
client,client_request,completed,1777547163293699,2,,,1777547163268326,1777547163293699,1777547163268326,1777547163293699,,,OSError: [Errno 49] Can't assign requested address,client-2-6,Insert,12325279,,25373
client,client_request,completed,1777547163321645,2,,,1777547163293827,1777547163321645,1777547163293827,1777547163321645,,,OSError: [Errno 49] Can't assign requested address,client-2-6,Insert,-14330485,,27818
client,client_request,completed,1777547163351037,2,,,1777547163321702,1777547163351037,1777547163321702,1777547163351037,,,OSError: [Errno 49] Can't assign requested address,client-2-6,Insert,3306720,,29335
client,client_request,completed,1777547163381311,2,,,1777547163351116,1777547163381311,1777547163351116,1777547163381311,,,OSError: [Errno 49] Can't assign requested address,client-2-6,Remove,14334765,,30195
client,client_request,completed,1777547163414247,2,,,1777547163381367,1777547163414247,1777547163381367,1777547163414247,,,OSError: [Errno 49] Can't assign requested address,client-2-6,Insert,15082650,,32880
client,client_request,completed,1777547163441339,2,,,1777547163414444,1777547163441339,1777547163414444,1777547163441339,,,OSError: [Errno 49] Can't assign requested address,client-2-6,Insert,15443704,,26895
client,client_request,completed,1777547163469648,2,,,1777547163441445,1777547163469648,1777547163441445,1777547163469648,,,OSError: [Errno 49] Can't assign requested address,client-2-6,Remove,-12818071,,28203
client,client_request,completed,1777547163497593,2,,,1777547163469708,1777547163497593,1777547163469708,1777547163497593,,,OSError: [Errno 49] Can't assign requested address,client-2-6,Insert,-11456743,,27885
client,client_request,completed,1777547163531120,2,,,1777547163497648,1777547163531120,1777547163497648,1777547163531120,,,OSError: [Errno 49] Can't assign requested address,client-2-6,Remove,-6026125,,33472
client,client_request,completed,1777547163555991,2,,,1777547163531178,1777547163555991,1777547163531178,1777547163555991,,,OSError: [Errno 49] Can't assign requested address,client-2-6,Insert,-4016227,,24813
client,client_request,completed,1777547163590560,2,,,1777547163556046,1777547163590560,1777547163556046,1777547163590560,,,OSError: [Errno 49] Can't assign requested address,client-2-6,Insert,-11889177,,34514
client,client_request,completed,1777547163617620,2,,,1777547163590616,1777547163617620,1777547163590616,1777547163617620,,,OSError: [Errno 49] Can't assign requested address,client-2-6,Insert,-16316822,,27004
client,client_request,completed,1777547163647270,2,,,1777547163617692,1777547163647270,1777547163617692,1777547163647270,,,OSError: [Errno 49] Can't assign requested address,client-2-6,Remove,13342417,,29578
client,client_request,completed,1777547163675112,2,,,1777547163647357,1777547163675112,1777547163647357,1777547163675112,,,OSError: [Errno 49] Can't assign requested address,client-2-6,Remove,3517693,,27755
client,client_request,completed,1777547163697606,2,,,1777547163675169,1777547163697606,1777547163675169,1777547163697606,,,OSError: [Errno 49] Can't assign requested address,client-2-6,Remove,-10262003,,22437
client,client_request,completed,1777547163723545,2,,,1777547163697660,1777547163723545,1777547163697660,1777547163723545,,,OSError: [Errno 49] Can't assign requested address,client-2-6,Insert,-16023830,,25885
client,client_request,completed,1777547163755689,2,,,1777547163723601,1777547163755689,1777547163723601,1777547163755689,,,OSError: [Errno 49] Can't assign requested address,client-2-6,Insert,-9366389,,32088
client,client_request,completed,1777547163783706,2,,,1777547163755746,1777547163783706,1777547163755746,1777547163783706,,,OSError: [Errno 49] Can't assign requested address,client-2-6,Remove,-6114074,,27960
client,client_request,completed,1777547163813683,2,,,1777547163783761,1777547163813683,1777547163783761,1777547163813683,,,OSError: [Errno 49] Can't assign requested address,client-2-6,Insert,-4977447,,29922
client,client_request,completed,1777547163846096,2,,,1777547163813740,1777547163846096,1777547163813740,1777547163846096,,,OSError: [Errno 49] Can't assign requested address,client-2-6,Remove,-3076891,,32356
client,client_request,completed,1777547163873856,2,,,1777547163846150,1777547163873856,1777547163846150,1777547163873856,,,OSError: [Errno 49] Can't assign requested address,client-2-6,Remove,-10604562,,27706
client,client_request,completed,1777547163905653,2,,,1777547163873913,1777547163905653,1777547163873913,1777547163905653,,,OSError: [Errno 49] Can't assign requested address,client-2-6,Insert,8737686,,31740
client,client_request,completed,1777547163944338,2,,,1777547163905710,1777547163944338,1777547163905710,1777547163944338,,,OSError: [Errno 49] Can't assign requested address,client-2-6,Insert,8380488,,38628
client,client_request,completed,1777547163978024,2,,,1777547163944393,1777547163978024,1777547163944393,1777547163978024,,,OSError: [Errno 49] Can't assign requested address,client-2-6,Remove,12893429,,33631
client,client_request,completed,1777547164007450,2,,,1777547163978084,1777547164007450,1777547163978084,1777547164007450,,,OSError: [Errno 49] Can't assign requested address,client-2-6,Remove,16342201,,29366
client,client_request,completed,1777547164043655,2,,,1777547164007507,1777547164043655,1777547164007507,1777547164043655,,,OSError: [Errno 49] Can't assign requested address,client-2-6,Remove,-12456465,,36148
client,client_request,completed,1777547164064751,2,,,1777547164043717,1777547164064751,1777547164043717,1777547164064751,,,OSError: [Errno 49] Can't assign requested address,client-2-6,Insert,11625519,,21034
client,client_request,completed,1777547164099695,2,,,1777547164064810,1777547164099695,1777547164064810,1777547164099695,,,OSError: [Errno 49] Can't assign requested address,client-2-6,Insert,-14008395,,34885
client,client_request,completed,1777547164127941,2,,,1777547164099747,1777547164127941,1777547164099747,1777547164127941,,,OSError: [Errno 49] Can't assign requested address,client-2-6,Insert,5972581,,28194
client,client_request,completed,1777547164160649,2,,,1777547164128059,1777547164160649,1777547164128059,1777547164160649,,,OSError: [Errno 49] Can't assign requested address,client-2-6,Remove,3688165,,32590
client,client_request,completed,1777547164184942,2,,,1777547164160716,1777547164184942,1777547164160716,1777547164184942,,,OSError: [Errno 49] Can't assign requested address,client-2-6,Remove,7749424,,24226
client,client_request,completed,1777547164219334,2,,,1777547164185004,1777547164219334,1777547164185004,1777547164219334,,,OSError: [Errno 49] Can't assign requested address,client-2-6,Remove,-16759043,,34330
client,client_request,completed,1777547164248785,2,,,1777547164219401,1777547164248785,1777547164219401,1777547164248785,,,OSError: [Errno 49] Can't assign requested address,client-2-6,Remove,12477446,,29384
client,client_request,completed,1777547164281746,2,,,1777547164248843,1777547164281746,1777547164248843,1777547164281746,,,OSError: [Errno 49] Can't assign requested address,client-2-6,Insert,1954322,,32903
client,client_request,completed,1777547164303547,2,,,1777547164281804,1777547164303547,1777547164281804,1777547164303547,,,OSError: [Errno 49] Can't assign requested address,client-2-6,Insert,6847351,,21743
client,client_request,completed,1777547164339790,2,,,1777547164303608,1777547164339790,1777547164303608,1777547164339790,,,OSError: [Errno 49] Can't assign requested address,client-2-6,Remove,14752634,,36182
client,client_request,completed,1777547164369042,2,,,1777547164339850,1777547164369042,1777547164339850,1777547164369042,,,OSError: [Errno 49] Can't assign requested address,client-2-6,Insert,-12434281,,29192
client,client_request,completed,1777547164416793,2,,,1777547164369185,1777547164416793,1777547164369185,1777547164416793,,,OSError: [Errno 49] Can't assign requested address,client-2-6,Remove,-7843380,,47608
client,client_request,completed,1777547164443434,2,,,1777547164416851,1777547164443434,1777547164416851,1777547164443434,,,OSError: [Errno 49] Can't assign requested address,client-2-6,Insert,-2911617,,26583
client,client_request,completed,1777547164477614,2,,,1777547164443492,1777547164477614,1777547164443492,1777547164477614,,,OSError: [Errno 49] Can't assign requested address,client-2-6,Remove,13454937,,34122
client,client_request,completed,1777547164502152,2,,,1777547164477676,1777547164502152,1777547164477676,1777547164502152,,,OSError: [Errno 49] Can't assign requested address,client-2-6,Remove,14480808,,24476
client,client_request,completed,1777547164524211,2,,,1777547164502210,1777547164524211,1777547164502210,1777547164524211,,,OSError: [Errno 49] Can't assign requested address,client-2-6,Insert,-14975696,,22001
client,client_request,completed,1777547164555298,2,,,1777547164524270,1777547164555298,1777547164524270,1777547164555298,,,OSError: [Errno 49] Can't assign requested address,client-2-6,Insert,3554645,,31028
client,client_request,completed,1777547164582950,2,,,1777547164555356,1777547164582950,1777547164555356,1777547164582950,,,OSError: [Errno 49] Can't assign requested address,client-2-6,Remove,-5951326,,27594
client,client_request,completed,1777547164602984,2,,,1777547164583012,1777547164602984,1777547164583012,1777547164602984,,,OSError: [Errno 49] Can't assign requested address,client-2-6,Remove,-11976102,,19972
client,client_request,completed,1777547164635176,2,,,1777547164603040,1777547164635176,1777547164603040,1777547164635176,,,OSError: [Errno 49] Can't assign requested address,client-2-6,Insert,-8632838,,32136
client,client_request,completed,1777547164664031,2,,,1777547164635239,1777547164664031,1777547164635239,1777547164664031,,,OSError: [Errno 49] Can't assign requested address,client-2-6,Insert,-7752872,,28792
client,client_request,completed,1777547164692831,2,,,1777547164664093,1777547164692831,1777547164664093,1777547164692831,,,OSError: [Errno 49] Can't assign requested address,client-2-6,Insert,-14350106,,28738
client,client_request,completed,1777547164716776,2,,,1777547164692893,1777547164716776,1777547164692893,1777547164716776,,,OSError: [Errno 49] Can't assign requested address,client-2-6,Insert,2753786,,23883
client,client_request,completed,1777547164747451,2,,,1777547164716837,1777547164747451,1777547164716837,1777547164747451,,,OSError: [Errno 49] Can't assign requested address,client-2-6,Remove,-13656948,,30614
client,client_request,completed,1777547164775441,2,,,1777547164747511,1777547164775441,1777547164747511,1777547164775441,,,OSError: [Errno 49] Can't assign requested address,client-2-6,Insert,-14563172,,27930
client,client_request,completed,1777547164805086,2,,,1777547164775501,1777547164805086,1777547164775501,1777547164805086,,,OSError: [Errno 49] Can't assign requested address,client-2-6,Remove,-9847242,,29585
client,client_request,completed,1777547164830867,2,,,1777547164805142,1777547164830867,1777547164805142,1777547164830867,,,OSError: [Errno 49] Can't assign requested address,client-2-6,Remove,12125775,,25725
client,client_request,completed,1777547164863362,2,,,1777547164830922,1777547164863362,1777547164830922,1777547164863362,,,OSError: [Errno 49] Can't assign requested address,client-2-6,Insert,3767846,,32440
client,client_request,completed,1777547164889998,2,,,1777547164863417,1777547164889998,1777547164863417,1777547164889998,,,OSError: [Errno 49] Can't assign requested address,client-2-6,Remove,-16560251,,26581
client,client_request,completed,1777547164918650,2,,,1777547164890051,1777547164918650,1777547164890051,1777547164918650,,,OSError: [Errno 49] Can't assign requested address,client-2-6,Insert,-8541375,,28599
client,client_request,completed,1777547164949104,2,,,1777547164918709,1777547164949104,1777547164918709,1777547164949104,,,OSError: [Errno 49] Can't assign requested address,client-2-6,Remove,8308357,,30395
client,client_request,completed,1777547164979499,2,,,1777547164949162,1777547164979499,1777547164949162,1777547164979499,,,OSError: [Errno 49] Can't assign requested address,client-2-6,Remove,8864493,,30337
client,client_request,completed,1777547165013258,2,,,1777547164979556,1777547165013258,1777547164979556,1777547165013258,,,OSError: [Errno 49] Can't assign requested address,client-2-6,Insert,11322749,,33702
client,client_request,completed,1777547165048236,2,,,1777547165013317,1777547165048236,1777547165013317,1777547165048236,,,OSError: [Errno 49] Can't assign requested address,client-2-6,Remove,-16409010,,34919
client,client_request,completed,1777547165073273,2,,,1777547165048293,1777547165073273,1777547165048293,1777547165073273,,,OSError: [Errno 49] Can't assign requested address,client-2-6,Insert,-2002464,,24980
client,client_request,completed,1777547165098363,2,,,1777547165073333,1777547165098363,1777547165073333,1777547165098363,,,OSError: [Errno 49] Can't assign requested address,client-2-6,Remove,2069928,,25030
client,client_request,completed,1777547165129607,2,,,1777547165098422,1777547165129607,1777547165098422,1777547165129607,,,OSError: [Errno 49] Can't assign requested address,client-2-6,Remove,15605663,,31185
client,client_request,completed,1777547165157855,2,,,1777547165129661,1777547165157855,1777547165129661,1777547165157855,,,OSError: [Errno 49] Can't assign requested address,client-2-6,Insert,7719111,,28194
client,client_request,completed,1777547165182167,2,,,1777547165157916,1777547165182167,1777547165157916,1777547165182167,,,OSError: [Errno 49] Can't assign requested address,client-2-6,Insert,14521010,,24251
client,client_request,completed,1777547165216855,2,,,1777547165182229,1777547165216855,1777547165182229,1777547165216855,,,OSError: [Errno 49] Can't assign requested address,client-2-6,Insert,8423147,,34626
client,client_request,completed,1777547165238816,2,,,1777547165216928,1777547165238816,1777547165216928,1777547165238816,,,OSError: [Errno 49] Can't assign requested address,client-2-6,Insert,-16119167,,21888
client,client_request,completed,1777547165263077,2,,,1777547165238876,1777547165263077,1777547165238876,1777547165263077,,,OSError: [Errno 49] Can't assign requested address,client-2-6,Insert,-11831801,,24201
client,client_request,completed,1777547165303446,2,,,1777547165263135,1777547165303446,1777547165263135,1777547165303446,,,OSError: [Errno 49] Can't assign requested address,client-2-6,Remove,4601728,,40311
client,client_request,completed,1777547165339801,2,,,1777547165303503,1777547165339801,1777547165303503,1777547165339801,,,OSError: [Errno 49] Can't assign requested address,client-2-6,Remove,-15178601,,36298
client,client_request,completed,1777547165368359,2,,,1777547165339857,1777547165368359,1777547165339857,1777547165368359,,,OSError: [Errno 49] Can't assign requested address,client-2-6,Insert,-11948063,,28502
client,client_request,completed,1777547165393624,2,,,1777547165368418,1777547165393624,1777547165368418,1777547165393624,,,OSError: [Errno 49] Can't assign requested address,client-2-6,Remove,-4169074,,25206
client,client_request,completed,1777547165426697,2,,,1777547165393683,1777547165426697,1777547165393683,1777547165426697,,,OSError: [Errno 49] Can't assign requested address,client-2-6,Remove,-3801363,,33014
client,client_request,completed,1777547165450486,2,,,1777547165426753,1777547165450486,1777547165426753,1777547165450486,,,OSError: [Errno 49] Can't assign requested address,client-2-6,Insert,-10805364,,23733
client,client_request,completed,1777547165477294,2,,,1777547165450542,1777547165477294,1777547165450542,1777547165477294,,,OSError: [Errno 49] Can't assign requested address,client-2-6,Insert,-8043316,,26752
client,client_request,completed,1777547165510176,2,,,1777547165477351,1777547165510176,1777547165477351,1777547165510176,,,OSError: [Errno 49] Can't assign requested address,client-2-6,Insert,-13587129,,32825
client,client_request,completed,1777547165538656,2,,,1777547165510234,1777547165538656,1777547165510234,1777547165538656,,,OSError: [Errno 49] Can't assign requested address,client-2-6,Remove,4037332,,28422
client,client_request,completed,1777547165561812,2,,,1777547165538712,1777547165561812,1777547165538712,1777547165561812,,,OSError: [Errno 49] Can't assign requested address,client-2-6,Remove,7912000,,23100
client,client_request,completed,1777547165618293,2,,,1777547165561877,1777547165618293,1777547165561877,1777547165618293,,,OSError: [Errno 49] Can't assign requested address,client-2-6,Remove,-8129157,,56416
client,client_request,completed,1777547165648781,2,,,1777547165618351,1777547165648781,1777547165618351,1777547165648781,,,OSError: [Errno 49] Can't assign requested address,client-2-6,Insert,-9590277,,30430
client,client_request,completed,1777547165678171,2,,,1777547165648837,1777547165678171,1777547165648837,1777547165678171,,,OSError: [Errno 49] Can't assign requested address,client-2-6,Remove,-13667502,,29334
client,client_request,completed,1777547165701605,2,,,1777547165678234,1777547165701605,1777547165678234,1777547165701605,,,OSError: [Errno 49] Can't assign requested address,client-2-6,Insert,6875522,,23371
client,client_request,completed,1777547165727145,2,,,1777547165701663,1777547165727145,1777547165701663,1777547165727145,,,OSError: [Errno 49] Can't assign requested address,client-2-6,Remove,-11788425,,25482
client,client_request,completed,1777547165751246,2,,,1777547165727205,1777547165751246,1777547165727205,1777547165751246,,,OSError: [Errno 49] Can't assign requested address,client-2-6,Insert,-8619999,,24041
client,client_request,completed,1777547165772252,2,,,1777547165751305,1777547165772252,1777547165751305,1777547165772252,,,OSError: [Errno 49] Can't assign requested address,client-2-6,Remove,5404797,,20947
client,client_request,completed,1777547165809971,2,,,1777547165772320,1777547165809971,1777547165772320,1777547165809971,,,OSError: [Errno 49] Can't assign requested address,client-2-6,Remove,8995875,,37651
client,client_request,completed,1777547165836049,2,,,1777547165810061,1777547165836049,1777547165810061,1777547165836049,,,OSError: [Errno 49] Can't assign requested address,client-2-6,Insert,-5898637,,25988
client,client_request,completed,1777547165861800,2,,,1777547165836111,1777547165861800,1777547165836111,1777547165861800,,,OSError: [Errno 49] Can't assign requested address,client-2-6,Insert,-7952036,,25689
client,client_request,completed,1777547165892548,2,,,1777547165861854,1777547165892548,1777547165861854,1777547165892548,,,OSError: [Errno 49] Can't assign requested address,client-2-6,Insert,872997,,30694
client,client_request,completed,1777547165923162,2,,,1777547165892613,1777547165923162,1777547165892613,1777547165923162,,,OSError: [Errno 49] Can't assign requested address,client-2-6,Insert,10165680,,30549
client,client_request,completed,1777547165952953,2,,,1777547165923238,1777547165952953,1777547165923238,1777547165952953,,,OSError: [Errno 49] Can't assign requested address,client-2-6,Insert,-1807539,,29715
client,client_request,completed,1777547165986008,2,,,1777547165953015,1777547165986008,1777547165953015,1777547165986008,,,OSError: [Errno 49] Can't assign requested address,client-2-6,Remove,4272017,,32993
client,client_request,completed,1777547166023878,2,,,1777547165986067,1777547166023878,1777547165986067,1777547166023878,,,OSError: [Errno 49] Can't assign requested address,client-2-6,Remove,223739,,37811
client,client_request,completed,1777547166051671,2,,,1777547166023962,1777547166051671,1777547166023962,1777547166051671,,,OSError: [Errno 49] Can't assign requested address,client-2-6,Insert,-10123594,,27709
client,client_request,completed,1777547166076082,2,,,1777547166051773,1777547166076082,1777547166051773,1777547166076082,,,OSError: [Errno 49] Can't assign requested address,client-2-6,Insert,-4445574,,24309
client,client_request,completed,1777547166107122,2,,,1777547166076169,1777547166107122,1777547166076169,1777547166107122,,,OSError: [Errno 49] Can't assign requested address,client-2-6,Insert,-5278940,,30953
client,client_request,completed,1777547166142881,2,,,1777547166107184,1777547166142881,1777547166107184,1777547166142881,,,OSError: [Errno 49] Can't assign requested address,client-2-6,Insert,-223874,,35697
client,client_request,completed,1777547166174801,2,,,1777547166142945,1777547166174801,1777547166142945,1777547166174801,,,OSError: [Errno 49] Can't assign requested address,client-2-6,Insert,-5518674,,31856
client,client_request,completed,1777547166198466,2,,,1777547166174861,1777547166198466,1777547166174861,1777547166198466,,,OSError: [Errno 49] Can't assign requested address,client-2-6,Remove,-9260946,,23605
client,client_request,completed,1777547166221974,2,,,1777547166198525,1777547166221974,1777547166198525,1777547166221974,,,OSError: [Errno 49] Can't assign requested address,client-2-6,Remove,1698674,,23449
client,client_request,completed,1777547166244913,2,,,1777547166222065,1777547166244913,1777547166222065,1777547166244913,,,OSError: [Errno 49] Can't assign requested address,client-2-6,Remove,-4525390,,22848
client,client_request,completed,1777547166266793,2,,,1777547166244968,1777547166266793,1777547166244968,1777547166266793,,,OSError: [Errno 49] Can't assign requested address,client-2-6,Remove,5053796,,21825
client,client_request,completed,1777547166298528,2,,,1777547166266847,1777547166298528,1777547166266847,1777547166298528,,,OSError: [Errno 49] Can't assign requested address,client-2-6,Insert,5973761,,31681
client,client_request,completed,1777547166335014,2,,,1777547166298588,1777547166335014,1777547166298588,1777547166335014,,,OSError: [Errno 49] Can't assign requested address,client-2-6,Remove,-8291689,,36426
client,client_request,completed,1777547166364139,2,,,1777547166335076,1777547166364139,1777547166335076,1777547166364139,,,OSError: [Errno 49] Can't assign requested address,client-2-6,Insert,-3364852,,29063
client,client_request,completed,1777547166392206,2,,,1777547166364196,1777547166392206,1777547166364196,1777547166392206,,,OSError: [Errno 49] Can't assign requested address,client-2-6,Remove,4218962,,28010
client,client_request,completed,1777547166413174,2,,,1777547166392268,1777547166413174,1777547166392268,1777547166413174,,,OSError: [Errno 49] Can't assign requested address,client-2-6,Remove,16595652,,20906
client,client_request,completed,1777547166446824,2,,,1777547166413235,1777547166446824,1777547166413235,1777547166446824,,,OSError: [Errno 49] Can't assign requested address,client-2-6,Insert,-4315653,,33589
client,client_request,completed,1777547166470887,2,,,1777547166446880,1777547166470887,1777547166446880,1777547166470887,,,OSError: [Errno 49] Can't assign requested address,client-2-6,Insert,11296890,,24007
client,client_request,completed,1777547166493522,2,,,1777547166470950,1777547166493522,1777547166470950,1777547166493522,,,OSError: [Errno 49] Can't assign requested address,client-2-6,Remove,13184756,,22572
client,client_request,completed,1777547166513502,2,,,1777547166493580,1777547166513502,1777547166493580,1777547166513502,,,OSError: [Errno 49] Can't assign requested address,client-2-6,Insert,-86222,,19922
client,client_request,completed,1777547166544555,2,,,1777547166513559,1777547166544555,1777547166513559,1777547166544555,,,OSError: [Errno 49] Can't assign requested address,client-2-6,Remove,-14516447,,30996
client,client_request,completed,1777547166574687,2,,,1777547166544615,1777547166574687,1777547166544615,1777547166574687,,,OSError: [Errno 49] Can't assign requested address,client-2-6,Remove,1832328,,30072
client,client_request,completed,1777547166600776,2,,,1777547166574743,1777547166600776,1777547166574743,1777547166600776,,,OSError: [Errno 49] Can't assign requested address,client-2-6,Insert,14737694,,26033
client,client_request,completed,1777547166627951,2,,,1777547166600833,1777547166627951,1777547166600833,1777547166627951,,,OSError: [Errno 49] Can't assign requested address,client-2-6,Insert,8133555,,27118
client,client_request,completed,1777547166660490,2,,,1777547166628017,1777547166660490,1777547166628017,1777547166660490,,,OSError: [Errno 49] Can't assign requested address,client-2-6,Remove,15562159,,32473
client,client_request,completed,1777547166698687,2,,,1777547166660552,1777547166698687,1777547166660552,1777547166698687,,,OSError: [Errno 49] Can't assign requested address,client-2-6,Insert,-9185814,,38135
client,client_request,completed,1777547166730728,2,,,1777547166698743,1777547166730728,1777547166698743,1777547166730728,,,OSError: [Errno 49] Can't assign requested address,client-2-6,Insert,-4467359,,31985
client,client_request,completed,1777547166760847,2,,,1777547166730786,1777547166760847,1777547166730786,1777547166760847,,,OSError: [Errno 49] Can't assign requested address,client-2-6,Insert,-3541006,,30061
client,client_request,completed,1777547166839034,2,,,1777547166760907,1777547166839034,1777547166760907,1777547166839034,,,OSError: [Errno 49] Can't assign requested address,client-2-6,Insert,-9202790,,78127
client,client_request,completed,1777547166857176,2,,,1777547166840192,1777547166857176,1777547166840192,1777547166857176,,,OSError: [Errno 49] Can't assign requested address,client-2-6,Remove,8633212,,16984
client,client_request,completed,1777547166883433,2,,,1777547166857254,1777547166883433,1777547166857254,1777547166883433,,,OSError: [Errno 49] Can't assign requested address,client-2-6,Insert,7909739,,26179
client,client_request,completed,1777547166914467,2,,,1777547166883494,1777547166914467,1777547166883494,1777547166914467,,,OSError: [Errno 49] Can't assign requested address,client-2-6,Remove,1813634,,30973
client,client_request,completed,1777547166947144,2,,,1777547166914525,1777547166947144,1777547166914525,1777547166947144,,,OSError: [Errno 49] Can't assign requested address,client-2-6,Insert,15277996,,32619
client,client_request,completed,1777547166969997,2,,,1777547166947233,1777547166969997,1777547166947233,1777547166969997,,,OSError: [Errno 49] Can't assign requested address,client-2-6,Remove,-15640198,,22764
client,client_request,completed,1777547166997012,2,,,1777547166970053,1777547166997012,1777547166970053,1777547166997012,,,OSError: [Errno 49] Can't assign requested address,client-2-6,Insert,-1717300,,26959
client,client_request,completed,1777547167021785,2,,,1777547166997075,1777547167021785,1777547166997075,1777547167021785,,,OSError: [Errno 49] Can't assign requested address,client-2-6,Insert,-10208082,,24710
client,client_request,completed,1777547167044902,2,,,1777547167021848,1777547167044902,1777547167021848,1777547167044902,,,OSError: [Errno 49] Can't assign requested address,client-2-6,Insert,3414914,,23054
client,client_request,completed,1777547167069610,2,,,1777547167044962,1777547167069610,1777547167044962,1777547167069610,,,OSError: [Errno 49] Can't assign requested address,client-2-6,Insert,-7884420,,24648
client,client_request,completed,1777547167098933,2,,,1777547167069674,1777547167098933,1777547167069674,1777547167098933,,,OSError: [Errno 49] Can't assign requested address,client-2-6,Remove,15850538,,29259
client,client_request,completed,1777547167126178,2,,,1777547167098991,1777547167126178,1777547167098991,1777547167126178,,,OSError: [Errno 49] Can't assign requested address,client-2-6,Insert,7206598,,27187
client,client_request,completed,1777547167150370,2,,,1777547167126251,1777547167150370,1777547167126251,1777547167150370,,,OSError: [Errno 49] Can't assign requested address,client-2-6,Insert,-14189131,,24119
client,client_request,completed,1777547167188178,2,,,1777547167150428,1777547167188178,1777547167150428,1777547167188178,,,OSError: [Errno 49] Can't assign requested address,client-2-6,Remove,275272,,37750
client,client_request,completed,1777547167207392,2,,,1777547167188239,1777547167207392,1777547167188239,1777547167207392,,,OSError: [Errno 49] Can't assign requested address,client-2-6,Insert,-1872560,,19153
client,client_request,completed,1777547167243991,2,,,1777547167207451,1777547167243991,1777547167207451,1777547167243991,,,OSError: [Errno 49] Can't assign requested address,client-2-6,Remove,-132787,,36540
client,client_request,completed,1777547167275669,2,,,1777547167244052,1777547167275669,1777547167244052,1777547167275669,,,OSError: [Errno 49] Can't assign requested address,client-2-6,Remove,-5340943,,31617
client,client_request,completed,1777547167297339,2,,,1777547167275726,1777547167297339,1777547167275726,1777547167297339,,,OSError: [Errno 49] Can't assign requested address,client-2-6,Insert,-5116986,,21613
client,client_request,completed,1777547167325845,2,,,1777547167297401,1777547167325845,1777547167297401,1777547167325845,,,OSError: [Errno 49] Can't assign requested address,client-2-6,Remove,8603812,,28444
client,client_request,completed,1777547167349543,2,,,1777547167325902,1777547167349543,1777547167325902,1777547167349543,,,OSError: [Errno 49] Can't assign requested address,client-2-6,Remove,-8240011,,23641
client,client_request,completed,1777547167374789,2,,,1777547167349603,1777547167374789,1777547167349603,1777547167374789,,,OSError: [Errno 49] Can't assign requested address,client-2-6,Remove,1358645,,25186
client,client_request,completed,1777547167409521,2,,,1777547167374851,1777547167409521,1777547167374851,1777547167409521,,,OSError: [Errno 49] Can't assign requested address,client-2-6,Remove,10420409,,34670
client,client_request,completed,1777547167443938,2,,,1777547167409576,1777547167443938,1777547167409576,1777547167443938,,,OSError: [Errno 49] Can't assign requested address,client-2-6,Insert,7983403,,34362
client,client_request,completed,1777547167481878,2,,,1777547167444003,1777547167481878,1777547167444003,1777547167481878,,,OSError: [Errno 49] Can't assign requested address,client-2-6,Insert,-10507228,,37875
client,client_request,completed,1777547167510321,2,,,1777547167481938,1777547167510321,1777547167481938,1777547167510321,,,OSError: [Errno 49] Can't assign requested address,client-2-6,Insert,3720682,,28383
client,client_request,completed,1777547167535475,2,,,1777547167510377,1777547167535475,1777547167510377,1777547167535475,,,OSError: [Errno 49] Can't assign requested address,client-2-6,Insert,-1268668,,25098
client,client_request,completed,1777547167565514,2,,,1777547167535529,1777547167565514,1777547167535529,1777547167565514,,,OSError: [Errno 49] Can't assign requested address,client-2-6,Remove,-7204106,,29985
client,client_request,completed,1777547167588725,2,,,1777547167565573,1777547167588725,1777547167565573,1777547167588725,,,OSError: [Errno 49] Can't assign requested address,client-2-6,Insert,1070092,,23152
client,client_request,completed,1777547167615886,2,,,1777547167588783,1777547167615886,1777547167588783,1777547167615886,,,OSError: [Errno 49] Can't assign requested address,client-2-6,Remove,9834531,,27103
client,client_request,completed,1777547167652534,2,,,1777547167615944,1777547167652534,1777547167615944,1777547167652534,,,OSError: [Errno 49] Can't assign requested address,client-2-6,Insert,1866197,,36590
client,client_request,completed,1777547167683302,2,,,1777547167652591,1777547167683302,1777547167652591,1777547167683302,,,OSError: [Errno 49] Can't assign requested address,client-2-6,Remove,-2217352,,30711
client,client_request,completed,1777547167710100,2,,,1777547167683361,1777547167710100,1777547167683361,1777547167710100,,,OSError: [Errno 49] Can't assign requested address,client-2-6,Insert,15572691,,26739
client,client_request,completed,1777547167737490,2,,,1777547167710159,1777547167737490,1777547167710159,1777547167737490,,,OSError: [Errno 49] Can't assign requested address,client-2-6,Insert,1654037,,27331
client,client_request,completed,1777547167767359,2,,,1777547167737548,1777547167767359,1777547167737548,1777547167767359,,,OSError: [Errno 49] Can't assign requested address,client-2-6,Remove,-1219664,,29811
client,client_request,completed,1777547167791057,2,,,1777547167767415,1777547167791057,1777547167767415,1777547167791057,,,OSError: [Errno 49] Can't assign requested address,client-2-6,Insert,-13586093,,23642
client,client_request,completed,1777547167820453,2,,,1777547167791128,1777547167820453,1777547167791128,1777547167820453,,,OSError: [Errno 49] Can't assign requested address,client-2-6,Insert,-10976800,,29325
client,client_request,completed,1777547167860391,2,,,1777547167820511,1777547167860391,1777547167820511,1777547167860391,,,OSError: [Errno 49] Can't assign requested address,client-2-6,Insert,-1466008,,39880
client,client_request,completed,1777547167886549,2,,,1777547167860447,1777547167886549,1777547167860447,1777547167886549,,,OSError: [Errno 49] Can't assign requested address,client-2-6,Remove,4896853,,26102
client,client_request,completed,1777547167918858,2,,,1777547167886607,1777547167918858,1777547167886607,1777547167918858,,,OSError: [Errno 49] Can't assign requested address,client-2-6,Insert,15762608,,32251
client,client_request,completed,1777547167944973,2,,,1777547167918921,1777547167944973,1777547167918921,1777547167944973,,,OSError: [Errno 49] Can't assign requested address,client-2-6,Remove,4993318,,26052
client,client_request,completed,1777547167977337,2,,,1777547167945031,1777547167977337,1777547167945031,1777547167977337,,,OSError: [Errno 49] Can't assign requested address,client-2-6,Remove,8877386,,32306
client,client_request,completed,1777547168004732,2,,,1777547167977397,1777547168004732,1777547167977397,1777547168004732,,,OSError: [Errno 49] Can't assign requested address,client-2-6,Insert,10622608,,27335
client,client_request,completed,1777547168039452,2,,,1777547168004790,1777547168039452,1777547168004790,1777547168039452,,,OSError: [Errno 49] Can't assign requested address,client-2-6,Insert,-6895642,,34662
client,client_request,completed,1777547168072444,2,,,1777547168039507,1777547168072444,1777547168039507,1777547168072444,,,OSError: [Errno 49] Can't assign requested address,client-2-6,Remove,13684053,,32937
client,client_request,completed,1777547168097260,2,,,1777547168086521,1777547168097260,1777547168086521,1777547168097260,,,OSError: [Errno 49] Can't assign requested address,client-2-6,Remove,-12281117,,10739
client,client_request,completed,1777547168123076,2,,,1777547168106419,1777547168123076,1777547168106419,1777547168123076,,,OSError: [Errno 49] Can't assign requested address,client-2-6,Remove,-6398023,,16657
client,client_request,completed,1777547168148271,2,,,1777547168125846,1777547168148271,1777547168125846,1777547168148271,,,OSError: [Errno 49] Can't assign requested address,client-2-6,Remove,-3469636,,22425
client,client_request,completed,1777547168183561,2,,,1777547168148324,1777547168183561,1777547168148324,1777547168183561,,,OSError: [Errno 49] Can't assign requested address,client-2-6,Insert,3324059,,35237
client,client_request,completed,1777547168226565,2,,,1777547168183620,1777547168226565,1777547168183620,1777547168226565,,,OSError: [Errno 49] Can't assign requested address,client-2-6,Remove,-14999532,,42945
client,client_request,completed,1777547168251272,2,,,1777547168226629,1777547168251272,1777547168226629,1777547168251272,,,OSError: [Errno 49] Can't assign requested address,client-2-6,Remove,-9120291,,24643
client,client_request,completed,1777547168275137,2,,,1777547168251331,1777547168275137,1777547168251331,1777547168275137,,,OSError: [Errno 49] Can't assign requested address,client-2-6,Insert,-10604494,,23806
client,client_request,completed,1777547168311194,2,,,1777547168275199,1777547168311194,1777547168275199,1777547168311194,,,OSError: [Errno 49] Can't assign requested address,client-2-6,Remove,12314997,,35995
client,client_request,completed,1777547168345940,2,,,1777547168311254,1777547168345940,1777547168311254,1777547168345940,,,OSError: [Errno 49] Can't assign requested address,client-2-6,Insert,-12751175,,34686
client,client_request,completed,1777547168367385,2,,,1777547168346002,1777547168367385,1777547168346002,1777547168367385,,,OSError: [Errno 49] Can't assign requested address,client-2-6,Insert,7154830,,21383
client,client_request,completed,1777547168395727,2,,,1777547168367451,1777547168395727,1777547168367451,1777547168395727,,,OSError: [Errno 49] Can't assign requested address,client-2-6,Remove,-10217799,,28276
client,client_request,completed,1777547168425169,2,,,1777547168395791,1777547168425169,1777547168395791,1777547168425169,,,OSError: [Errno 49] Can't assign requested address,client-2-6,Insert,12176786,,29378
client,client_request,completed,1777547168453704,2,,,1777547168425255,1777547168453704,1777547168425255,1777547168453704,,,OSError: [Errno 49] Can't assign requested address,client-2-6,Remove,13815097,,28449
client,client_request,completed,1777547168480142,2,,,1777547168453770,1777547168480142,1777547168453770,1777547168480142,,,OSError: [Errno 49] Can't assign requested address,client-2-6,Remove,12091149,,26372
client,client_request,completed,1777547168503339,2,,,1777547168480199,1777547168503339,1777547168480199,1777547168503339,,,OSError: [Errno 49] Can't assign requested address,client-2-6,Remove,-9975287,,23140
client,client_request,completed,1777547168530375,2,,,1777547168503403,1777547168530375,1777547168503403,1777547168530375,,,OSError: [Errno 49] Can't assign requested address,client-2-6,Insert,-6714527,,26972
client,client_request,completed,1777547168554680,2,,,1777547168530435,1777547168554680,1777547168530435,1777547168554680,,,OSError: [Errno 49] Can't assign requested address,client-2-6,Insert,13548434,,24245
client,client_request,completed,1777547168583271,2,,,1777547168554740,1777547168583271,1777547168554740,1777547168583271,,,OSError: [Errno 49] Can't assign requested address,client-2-6,Remove,1487374,,28531
client,client_request,completed,1777547168625237,2,,,1777547168583335,1777547168625237,1777547168583335,1777547168625237,,,OSError: [Errno 49] Can't assign requested address,client-2-6,Insert,6419320,,41902
client,client_request,completed,1777547168660066,2,,,1777547168625298,1777547168660066,1777547168625298,1777547168660066,,,OSError: [Errno 49] Can't assign requested address,client-2-6,Insert,13671219,,34768
client,client_request,completed,1777547168689414,2,,,1777547168660126,1777547168689414,1777547168660126,1777547168689414,,,OSError: [Errno 49] Can't assign requested address,client-2-6,Insert,-14654108,,29288
client,client_request,completed,1777547168728509,2,,,1777547168689472,1777547168728509,1777547168689472,1777547168728509,,,OSError: [Errno 49] Can't assign requested address,client-2-6,Insert,16359919,,39037
client,client_request,completed,1777547168757079,2,,,1777547168728566,1777547168757079,1777547168728566,1777547168757079,,,OSError: [Errno 49] Can't assign requested address,client-2-6,Remove,-6154938,,28513
client,client_request,completed,1777547168789033,2,,,1777547168757147,1777547168789033,1777547168757147,1777547168789033,,,OSError: [Errno 49] Can't assign requested address,client-2-6,Insert,11269002,,31886
client,client_request,completed,1777547168814861,2,,,1777547168789117,1777547168814861,1777547168789117,1777547168814861,,,OSError: [Errno 49] Can't assign requested address,client-2-6,Insert,-4263917,,25744
client,client_request,completed,1777547168845892,2,,,1777547168814923,1777547168845892,1777547168814923,1777547168845892,,,OSError: [Errno 49] Can't assign requested address,client-2-6,Remove,7734884,,30969
client,client_request,completed,1777547168870933,2,,,1777547168845946,1777547168870933,1777547168845946,1777547168870933,,,OSError: [Errno 49] Can't assign requested address,client-2-6,Remove,-10139151,,24987
client,client_request,completed,1777547168897956,2,,,1777547168870991,1777547168897956,1777547168870991,1777547168897956,,,OSError: [Errno 49] Can't assign requested address,client-2-6,Insert,9691783,,26965
client,client_request,completed,1777547168926099,2,,,1777547168898019,1777547168926099,1777547168898019,1777547168926099,,,OSError: [Errno 49] Can't assign requested address,client-2-6,Remove,-12308638,,28080
client,client_request,completed,1777547168961201,2,,,1777547168926159,1777547168961201,1777547168926159,1777547168961201,,,OSError: [Errno 49] Can't assign requested address,client-2-6,Remove,3359758,,35042
client,client_request,completed,1777547168990722,2,,,1777547168961258,1777547168990722,1777547168961258,1777547168990722,,,OSError: [Errno 49] Can't assign requested address,client-2-6,Remove,2921352,,29464
client,client_request,completed,1777547169015831,2,,,1777547168990778,1777547169015831,1777547168990778,1777547169015831,,,OSError: [Errno 49] Can't assign requested address,client-2-6,Insert,7430825,,25053
client,client_request,completed,1777547169040715,2,,,1777547169015897,1777547169040715,1777547169015897,1777547169040715,,,OSError: [Errno 49] Can't assign requested address,client-2-6,Insert,-14799396,,24818
client,client_request,completed,1777547169060926,2,,,1777547169040771,1777547169060926,1777547169040771,1777547169060926,,,OSError: [Errno 49] Can't assign requested address,client-2-6,Insert,-7908233,,20155
client,client_request,completed,1777547169088333,2,,,1777547169060984,1777547169088333,1777547169060984,1777547169088333,,,OSError: [Errno 49] Can't assign requested address,client-2-6,Remove,-11999272,,27349
client,client_request,completed,1777547169115394,2,,,1777547169088397,1777547169115394,1777547169088397,1777547169115394,,,OSError: [Errno 49] Can't assign requested address,client-2-6,Remove,7602236,,26997
client,client_request,completed,1777547169143709,2,,,1777547169115454,1777547169143709,1777547169115454,1777547169143709,,,OSError: [Errno 49] Can't assign requested address,client-2-6,Insert,-9887941,,28255
client,client_request,completed,1777547169183514,2,,,1777547169143768,1777547169183514,1777547169143768,1777547169183514,,,OSError: [Errno 49] Can't assign requested address,client-2-6,Remove,5740612,,39746
client,client_request,completed,1777547169207636,2,,,1777547169183570,1777547169207636,1777547169183570,1777547169207636,,,OSError: [Errno 49] Can't assign requested address,client-2-6,Remove,8939079,,24066
client,client_request,completed,1777547169241875,2,,,1777547169207694,1777547169241875,1777547169207694,1777547169241875,,,OSError: [Errno 49] Can't assign requested address,client-2-6,Insert,3269237,,34181
client,client_request,completed,1777547169265411,2,,,1777547169241943,1777547169265411,1777547169241943,1777547169265411,,,OSError: [Errno 49] Can't assign requested address,client-2-6,Remove,-4845179,,23468
client,client_request,completed,1777547169289999,2,,,1777547169265469,1777547169289999,1777547169265469,1777547169289999,,,OSError: [Errno 49] Can't assign requested address,client-2-6,Remove,11326472,,24530
client,client_request,completed,1777547169322989,2,,,1777547169290058,1777547169322989,1777547169290058,1777547169322989,,,OSError: [Errno 49] Can't assign requested address,client-2-6,Remove,-7844504,,32931
client,client_request,completed,1777547169351440,2,,,1777547169323048,1777547169351440,1777547169323048,1777547169351440,,,OSError: [Errno 49] Can't assign requested address,client-2-6,Insert,-16046694,,28392
client,client_request,completed,1777547169384443,2,,,1777547169351497,1777547169384443,1777547169351497,1777547169384443,,,OSError: [Errno 49] Can't assign requested address,client-2-6,Insert,-3190642,,32946
client,client_request,completed,1777547169417033,2,,,1777547169384503,1777547169417033,1777547169384503,1777547169417033,,,OSError: [Errno 49] Can't assign requested address,client-2-6,Remove,1967494,,32530
client,client_request,completed,1777547169443530,2,,,1777547169417090,1777547169443530,1777547169417090,1777547169443530,,,OSError: [Errno 49] Can't assign requested address,client-2-6,Insert,-8941858,,26440
client,client_request,completed,1777547169470689,2,,,1777547169443587,1777547169470689,1777547169443587,1777547169470689,,,OSError: [Errno 49] Can't assign requested address,client-2-6,Remove,-7659660,,27102
client,client_request,completed,1777547169502148,2,,,1777547169470750,1777547169502148,1777547169470750,1777547169502148,,,OSError: [Errno 49] Can't assign requested address,client-2-6,Insert,16189758,,31398
client,client_request,completed,1777547169525330,2,,,1777547169502203,1777547169525330,1777547169502203,1777547169525330,,,OSError: [Errno 49] Can't assign requested address,client-2-6,Remove,-15686286,,23127
client,client_request,completed,1777547169551861,2,,,1777547169525387,1777547169551861,1777547169525387,1777547169551861,,,OSError: [Errno 49] Can't assign requested address,client-2-6,Remove,-9105916,,26474
client,client_request,completed,1777547169576335,2,,,1777547169551923,1777547169576335,1777547169551923,1777547169576335,,,OSError: [Errno 49] Can't assign requested address,client-2-6,Remove,-15589628,,24412
client,client_request,completed,1777547169601571,2,,,1777547169576415,1777547169601571,1777547169576415,1777547169601571,,,OSError: [Errno 49] Can't assign requested address,client-2-6,Insert,-7338098,,25156
client,client_request,completed,1777547169628649,2,,,1777547169601653,1777547169628649,1777547169601653,1777547169628649,,,OSError: [Errno 49] Can't assign requested address,client-2-6,Remove,-5490514,,26996
client,client_request,completed,1777547169652973,2,,,1777547169628714,1777547169652973,1777547169628714,1777547169652973,,,OSError: [Errno 49] Can't assign requested address,client-2-6,Remove,-9206649,,24259
client,client_request,completed,1777547169687859,2,,,1777547169653032,1777547169687859,1777547169653032,1777547169687859,,,OSError: [Errno 49] Can't assign requested address,client-2-6,Insert,-2960087,,34827
client,client_request,completed,1777547169714482,2,,,1777547169687919,1777547169714482,1777547169687919,1777547169714482,,,OSError: [Errno 49] Can't assign requested address,client-2-6,Insert,13780005,,26563
client,client_request,completed,1777547169744018,2,,,1777547169714542,1777547169744018,1777547169714542,1777547169744018,,,OSError: [Errno 49] Can't assign requested address,client-2-6,Remove,-1607629,,29476
client,client_request,completed,1777547169771630,2,,,1777547169744073,1777547169771630,1777547169744073,1777547169771630,,,OSError: [Errno 49] Can't assign requested address,client-2-6,Insert,3475072,,27557
client,client_request,completed,1777547169803970,2,,,1777547169771689,1777547169803970,1777547169771689,1777547169803970,,,OSError: [Errno 49] Can't assign requested address,client-2-6,Remove,15381242,,32281
client,client_request,completed,1777547169830653,2,,,1777547169804029,1777547169830653,1777547169804029,1777547169830653,,,OSError: [Errno 49] Can't assign requested address,client-2-6,Insert,-4890001,,26624
client,client_request,completed,1777547169856647,2,,,1777547169830709,1777547169856647,1777547169830709,1777547169856647,,,OSError: [Errno 49] Can't assign requested address,client-2-6,Insert,1986075,,25938
client,client_request,completed,1777547169882295,2,,,1777547169856703,1777547169882295,1777547169856703,1777547169882295,,,OSError: [Errno 49] Can't assign requested address,client-2-6,Insert,8248436,,25592
client,client_request,completed,1777547169912204,2,,,1777547169882349,1777547169912204,1777547169882349,1777547169912204,,,OSError: [Errno 49] Can't assign requested address,client-2-6,Insert,11009610,,29855
client,client_request,completed,1777547169940482,2,,,1777547169912268,1777547169940482,1777547169912268,1777547169940482,,,OSError: [Errno 49] Can't assign requested address,client-2-6,Insert,11430576,,28214
client,client_request,completed,1777547169965098,2,,,1777547169940538,1777547169965098,1777547169940538,1777547169965098,,,OSError: [Errno 49] Can't assign requested address,client-2-6,Insert,6605769,,24560
client,client_request,completed,1777547169988991,2,,,1777547169965161,1777547169988991,1777547169965161,1777547169988991,,,OSError: [Errno 49] Can't assign requested address,client-2-6,Insert,-4706468,,23830
client,client_request,completed,1777547170018687,2,,,1777547169989059,1777547170018687,1777547169989059,1777547170018687,,,OSError: [Errno 49] Can't assign requested address,client-2-6,Remove,4732485,,29628
client,client_request,completed,1777547170045134,2,,,1777547170018750,1777547170045134,1777547170018750,1777547170045134,,,OSError: [Errno 49] Can't assign requested address,client-2-6,Remove,8891384,,26384
client,client_request,completed,1777547170080293,2,,,1777547170045189,1777547170080293,1777547170045189,1777547170080293,,,,client-2-6,Insert,12258322,200,35104
client,client_request,completed,1777547170101385,2,,,1777547170080360,1777547170101385,1777547170080360,1777547170101385,,,,client-2-6,Remove,-6103815,200,21025
client,client_request,completed,1777547170122507,2,,,1777547170101496,1777547170122507,1777547170101496,1777547170122507,,,,client-2-6,Remove,2493627,200,21011
client,client_request,completed,1777547170144081,2,,,1777547170122697,1777547170144081,1777547170122697,1777547170144081,,,,client-2-6,Remove,-3876311,200,21384
client,client_request,completed,1777547170164631,2,,,1777547170144325,1777547170164631,1777547170144325,1777547170164631,,,,client-2-6,Remove,-4720290,200,20306
client,client_request,completed,1777547170188544,2,,,1777547170164859,1777547170188544,1777547170164859,1777547170188544,,,,client-2-6,Insert,-6953689,200,23685
client,client_request,completed,1777547170208808,2,,,1777547170188608,1777547170208808,1777547170188608,1777547170208808,,,,client-2-6,Remove,16015590,200,20200
client,client_request,completed,1777547170230710,2,,,1777547170208870,1777547170230710,1777547170208870,1777547170230710,,,,client-2-6,Remove,-4692526,200,21840
client,client_request,completed,1777547170250351,2,,,1777547170230775,1777547170250351,1777547170230775,1777547170250351,,,,client-2-6,Insert,-16698444,200,19576
client,client_request,completed,1777547170267386,2,,,1777547170250414,1777547170267386,1777547170250414,1777547170267386,,,,client-2-6,Insert,14305918,200,16972
client,client_request,completed,1777547170284954,2,,,1777547170267557,1777547170284954,1777547170267557,1777547170284954,,,,client-2-6,Insert,-15259052,200,17397
client,client_request,completed,1777547170301734,2,,,1777547170285011,1777547170301734,1777547170285011,1777547170301734,,,,client-2-6,Remove,3850106,200,16723
client,client_request,completed,1777547170321670,2,,,1777547170301792,1777547170321670,1777547170301792,1777547170321670,,,,client-2-6,Insert,-7253249,200,19878
client,client_request,completed,1777547170340640,2,,,1777547170321846,1777547170340640,1777547170321846,1777547170340640,,,,client-2-6,Remove,-15601816,200,18794
client,client_request,completed,1777547170361396,2,,,1777547170340694,1777547170361396,1777547170340694,1777547170361396,,,,client-2-6,Insert,10626185,200,20702
client,client_request,completed,1777547170385206,2,,,1777547170361613,1777547170385206,1777547170361613,1777547170385206,,,,client-2-6,Remove,8068919,200,23593
client,client_request,completed,1777547170408261,2,,,1777547170385263,1777547170408261,1777547170385263,1777547170408261,,,,client-2-6,Insert,-6420170,200,22998
client,client_request,completed,1777547170429667,2,,,1777547170408319,1777547170429667,1777547170408319,1777547170429667,,,,client-2-6,Remove,662004,200,21348
client,client_request,completed,1777547170448785,2,,,1777547170429728,1777547170448785,1777547170429728,1777547170448785,,,,client-2-6,Insert,10850700,200,19057
client,client_request,completed,1777547170467498,2,,,1777547170448904,1777547170467498,1777547170448904,1777547170467498,,,,client-2-6,Insert,6966908,200,18594
client,client_request,completed,1777547170485312,2,,,1777547170467591,1777547170485312,1777547170467591,1777547170485312,,,,client-2-6,Remove,10790740,200,17721
client,client_request,completed,1777547170503461,2,,,1777547170485373,1777547170503461,1777547170485373,1777547170503461,,,,client-2-6,Insert,12840005,200,18088
client,client_request,completed,1777547170525497,2,,,1777547170503518,1777547170525497,1777547170503518,1777547170525497,,,,client-2-6,Insert,-4682567,200,21979
client,client_request,completed,1777547170531569,2,,,1777547170525565,1777547170531569,1777547170525565,1777547170531569,,,OSError: [Errno 49] Can't assign requested address,client-2-6,Insert,15912260,,6004
client,client_request,completed,1777547170540132,2,,,1777547170531705,1777547170540132,1777547170531705,1777547170540132,,,OSError: [Errno 49] Can't assign requested address,client-2-6,Insert,3378169,,8427
client,client_request,completed,1777547170556109,2,,,1777547170540200,1777547170556109,1777547170540200,1777547170556109,,,OSError: [Errno 49] Can't assign requested address,client-2-6,Remove,-8180632,,15909
client,client_request,completed,1777547170583524,2,,,1777547170556208,1777547170583524,1777547170556208,1777547170583524,,,OSError: [Errno 49] Can't assign requested address,client-2-6,Insert,-16204812,,27316
client,client_request,completed,1777547170603355,2,,,1777547170583580,1777547170603355,1777547170583580,1777547170603355,,,OSError: [Errno 49] Can't assign requested address,client-2-6,Remove,-15172912,,19775
client,client_request,completed,1777547170622021,2,,,1777547170603410,1777547170622021,1777547170603410,1777547170622021,,,OSError: [Errno 49] Can't assign requested address,client-2-6,Remove,-3774903,,18611
client,client_request,completed,1777547170648657,2,,,1777547170622080,1777547170648657,1777547170622080,1777547170648657,,,OSError: [Errno 49] Can't assign requested address,client-2-6,Remove,-7958668,,26577
client,client_request,completed,1777547170677605,2,,,1777547170648719,1777547170677605,1777547170648719,1777547170677605,,,OSError: [Errno 49] Can't assign requested address,client-2-6,Insert,4524856,,28886
client,client_request,completed,1777547170708950,2,,,1777547170677665,1777547170708950,1777547170677665,1777547170708950,,,OSError: [Errno 49] Can't assign requested address,client-2-6,Insert,5004471,,31285
client,client_request,completed,1777547170738813,2,,,1777547170709007,1777547170738813,1777547170709007,1777547170738813,,,OSError: [Errno 49] Can't assign requested address,client-2-6,Remove,8683221,,29806
client,client_request,completed,1777547170772947,2,,,1777547170738873,1777547170772947,1777547170738873,1777547170772947,,,OSError: [Errno 49] Can't assign requested address,client-2-6,Insert,11996153,,34074
client,client_request,completed,1777547170803126,2,,,1777547170773010,1777547170803126,1777547170773010,1777547170803126,,,OSError: [Errno 49] Can't assign requested address,client-2-6,Remove,16637951,,30116
client,client_request,completed,1777547170832170,2,,,1777547170803204,1777547170832170,1777547170803204,1777547170832170,,,OSError: [Errno 49] Can't assign requested address,client-2-6,Remove,8954719,,28966
client,client_request,completed,1777547170858209,2,,,1777547170832231,1777547170858209,1777547170832231,1777547170858209,,,OSError: [Errno 49] Can't assign requested address,client-2-6,Remove,-11345238,,25978
client,client_request,completed,1777547170882322,2,,,1777547170858265,1777547170882322,1777547170858265,1777547170882322,,,OSError: [Errno 49] Can't assign requested address,client-2-6,Remove,3007227,,24057
client,client_request,completed,1777547170907967,2,,,1777547170882379,1777547170907967,1777547170882379,1777547170907967,,,OSError: [Errno 49] Can't assign requested address,client-2-6,Insert,5012341,,25588
client,client_request,completed,1777547170936379,2,,,1777547170908023,1777547170936379,1777547170908023,1777547170936379,,,OSError: [Errno 49] Can't assign requested address,client-2-6,Remove,-453406,,28356
client,client_request,completed,1777547170962325,2,,,1777547170936438,1777547170962325,1777547170936438,1777547170962325,,,OSError: [Errno 49] Can't assign requested address,client-2-6,Remove,4122204,,25887
client,client_request,completed,1777547170987655,2,,,1777547170962386,1777547170987655,1777547170962386,1777547170987655,,,OSError: [Errno 49] Can't assign requested address,client-2-6,Insert,10292976,,25269
client,client_request,completed,1777547171018129,2,,,1777547170987714,1777547171018129,1777547170987714,1777547171018129,,,OSError: [Errno 49] Can't assign requested address,client-2-6,Remove,-6992302,,30415
client,client_request,completed,1777547171042168,2,,,1777547171018200,1777547171042168,1777547171018200,1777547171042168,,,OSError: [Errno 49] Can't assign requested address,client-2-6,Remove,8806200,,23968
client,client_request,completed,1777547171067212,2,,,1777547171042223,1777547171067212,1777547171042223,1777547171067212,,,OSError: [Errno 49] Can't assign requested address,client-2-6,Remove,-2334285,,24989
client,client_request,completed,1777547171092251,2,,,1777547171067272,1777547171092251,1777547171067272,1777547171092251,,,OSError: [Errno 49] Can't assign requested address,client-2-6,Insert,8395746,,24979
client,client_request,completed,1777547171123245,2,,,1777547171092311,1777547171123245,1777547171092311,1777547171123245,,,OSError: [Errno 49] Can't assign requested address,client-2-6,Remove,9546838,,30934
client,client_request,completed,1777547171160653,2,,,1777547171123329,1777547171160653,1777547171123329,1777547171160653,,,OSError: [Errno 49] Can't assign requested address,client-2-6,Insert,-6086425,,37324
client,client_request,completed,1777547171198901,2,,,1777547171160722,1777547171198901,1777547171160722,1777547171198901,,,OSError: [Errno 49] Can't assign requested address,client-2-6,Insert,-16145484,,38179
client,client_request,completed,1777547171228459,2,,,1777547171198963,1777547171228459,1777547171198963,1777547171228459,,,OSError: [Errno 49] Can't assign requested address,client-2-6,Remove,-1188589,,29496
client,client_request,completed,1777547171255007,2,,,1777547171228546,1777547171255007,1777547171228546,1777547171255007,,,OSError: [Errno 49] Can't assign requested address,client-2-6,Remove,11345006,,26461
client,client_request,completed,1777547171282124,2,,,1777547171255062,1777547171282124,1777547171255062,1777547171282124,,,OSError: [Errno 49] Can't assign requested address,client-2-6,Insert,-2013051,,27062
client,client_request,completed,1777547171308736,2,,,1777547171282178,1777547171308736,1777547171282178,1777547171308736,,,OSError: [Errno 49] Can't assign requested address,client-2-6,Insert,-8115154,,26558
client,client_request,completed,1777547171349468,2,,,1777547171308795,1777547171349468,1777547171308795,1777547171349468,,,OSError: [Errno 49] Can't assign requested address,client-2-6,Remove,-3618157,,40673
client,client_request,completed,1777547171381651,2,,,1777547171349529,1777547171381651,1777547171349529,1777547171381651,,,OSError: [Errno 49] Can't assign requested address,client-2-6,Remove,15163542,,32122
client,client_request,completed,1777547171407721,2,,,1777547171381719,1777547171407721,1777547171381719,1777547171407721,,,OSError: [Errno 49] Can't assign requested address,client-2-6,Insert,-6885121,,26002
client,client_request,completed,1777547171443519,2,,,1777547171407778,1777547171443519,1777547171407778,1777547171443519,,,OSError: [Errno 49] Can't assign requested address,client-2-6,Remove,-15504780,,35741
client,client_request,completed,1777547171470226,2,,,1777547171443598,1777547171470226,1777547171443598,1777547171470226,,,OSError: [Errno 49] Can't assign requested address,client-2-6,Remove,-10863291,,26628
client,client_request,completed,1777547171508971,2,,,1777547171470437,1777547171508971,1777547171470437,1777547171508971,,,OSError: [Errno 49] Can't assign requested address,client-2-6,Remove,13628920,,38534
client,client_request,completed,1777547171545539,2,,,1777547171509037,1777547171545539,1777547171509037,1777547171545539,,,OSError: [Errno 49] Can't assign requested address,client-2-6,Insert,10953854,,36502
client,client_request,completed,1777547171576306,2,,,1777547171545593,1777547171576306,1777547171545593,1777547171576306,,,OSError: [Errno 49] Can't assign requested address,client-2-6,Insert,14123590,,30713
client,client_request,completed,1777547171604091,2,,,1777547171576390,1777547171604091,1777547171576390,1777547171604091,,,OSError: [Errno 49] Can't assign requested address,client-2-6,Insert,-12087666,,27701
client,client_request,completed,1777547171628563,2,,,1777547171604155,1777547171628563,1777547171604155,1777547171628563,,,OSError: [Errno 49] Can't assign requested address,client-2-6,Remove,-6790704,,24408
client,client_request,completed,1777547171663528,2,,,1777547171628629,1777547171663528,1777547171628629,1777547171663528,,,OSError: [Errno 49] Can't assign requested address,client-2-6,Insert,13507127,,34899
client,client_request,completed,1777547171697105,2,,,1777547171663587,1777547171697105,1777547171663587,1777547171697105,,,OSError: [Errno 49] Can't assign requested address,client-2-6,Insert,13394127,,33518
client,client_request,completed,1777547171720444,2,,,1777547171697163,1777547171720444,1777547171697163,1777547171720444,,,OSError: [Errno 49] Can't assign requested address,client-2-6,Remove,-7242665,,23281
client,client_request,completed,1777547171745414,2,,,1777547171720502,1777547171745414,1777547171720502,1777547171745414,,,OSError: [Errno 49] Can't assign requested address,client-2-6,Insert,8333622,,24912
client,client_request,completed,1777547171781339,2,,,1777547171745469,1777547171781339,1777547171745469,1777547171781339,,,OSError: [Errno 49] Can't assign requested address,client-2-6,Remove,-8002500,,35870
client,client_request,completed,1777547171806640,2,,,1777547171781422,1777547171806640,1777547171781422,1777547171806640,,,OSError: [Errno 49] Can't assign requested address,client-2-6,Remove,12326943,,25218
client,client_request,completed,1777547171839246,2,,,1777547171806698,1777547171839246,1777547171806698,1777547171839246,,,OSError: [Errno 49] Can't assign requested address,client-2-6,Remove,-10856311,,32548
client,client_request,completed,1777547171873356,2,,,1777547171839310,1777547171873356,1777547171839310,1777547171873356,,,OSError: [Errno 49] Can't assign requested address,client-2-6,Insert,-12128510,,34046
client,client_request,completed,1777547171901906,2,,,1777547171873420,1777547171901906,1777547171873420,1777547171901906,,,OSError: [Errno 49] Can't assign requested address,client-2-6,Insert,-13131942,,28486
client,client_request,completed,1777547171941919,2,,,1777547171901965,1777547171941919,1777547171901965,1777547171941919,,,OSError: [Errno 49] Can't assign requested address,client-2-6,Insert,-1149630,,39954
client,client_request,completed,1777547171982813,2,,,1777547171941978,1777547171982813,1777547171941978,1777547171982813,,,OSError: [Errno 49] Can't assign requested address,client-2-6,Remove,-13796518,,40835
client,client_request,completed,1777547172013234,2,,,1777547171982873,1777547172013234,1777547171982873,1777547172013234,,,OSError: [Errno 49] Can't assign requested address,client-2-6,Insert,3673223,,30361
client,client_request,completed,1777547172035846,2,,,1777547172013296,1777547172035846,1777547172013296,1777547172035846,,,OSError: [Errno 49] Can't assign requested address,client-2-6,Insert,-12450441,,22550
client,client_request,completed,1777547172055322,2,,,1777547172035900,1777547172055322,1777547172035900,1777547172055322,,,OSError: [Errno 49] Can't assign requested address,client-2-6,Insert,-10630481,,19422
client,client_request,completed,1777547172110290,2,,,1777547172055381,1777547172110290,1777547172055381,1777547172110290,,,,client-2-6,Insert,13282865,200,54909
client,client_request,completed,1777547172129971,2,,,1777547172110344,1777547172129971,1777547172110344,1777547172129971,,,,client-2-6,Insert,-14744501,200,19627
client,client_request,completed,1777547172150292,2,,,1777547172130032,1777547172150292,1777547172130032,1777547172150292,,,,client-2-6,Remove,-5327821,200,20260
client,client_request,completed,1777547172171325,2,,,1777547172150429,1777547172171325,1777547172150429,1777547172171325,,,,client-2-6,Remove,12869488,200,20896
client,client_request,completed,1777547172195440,2,,,1777547172171599,1777547172195440,1777547172171599,1777547172195440,,,,client-2-6,Remove,-10110012,200,23841
client,client_request,completed,1777547172219121,2,,,1777547172195710,1777547172219121,1777547172195710,1777547172219121,,,,client-2-6,Insert,15324675,200,23411
client,client_request,completed,1777547172243877,2,,,1777547172219332,1777547172243877,1777547172219332,1777547172243877,,,,client-2-6,Remove,-12533869,200,24545
client,client_request,completed,1777547172265724,2,,,1777547172244174,1777547172265724,1777547172244174,1777547172265724,,,,client-2-6,Insert,-2420659,200,21550
client,client_request,completed,1777547172287572,2,,,1777547172265788,1777547172287572,1777547172265788,1777547172287572,,,,client-2-6,Insert,2846507,200,21784
client,client_request,completed,1777547172314653,2,,,1777547172287685,1777547172314653,1777547172287685,1777547172314653,,,,client-2-6,Insert,2754487,200,26968
client,client_request,completed,1777547172335483,2,,,1777547172314756,1777547172335483,1777547172314756,1777547172335483,,,,client-2-6,Remove,-15763065,200,20727
client,client_request,completed,1777547172357790,2,,,1777547172335538,1777547172357790,1777547172335538,1777547172357790,,,,client-2-6,Remove,-14842314,200,22252
client,client_request,completed,1777547172379442,2,,,1777547172357847,1777547172379442,1777547172357847,1777547172379442,,,,client-2-6,Insert,10391838,200,21595
client,client_request,completed,1777547172401496,2,,,1777547172379524,1777547172401496,1777547172379524,1777547172401496,,,,client-2-6,Remove,-7099016,200,21972
client,client_request,completed,1777547172422630,2,,,1777547172401608,1777547172422630,1777547172401608,1777547172422630,,,,client-2-6,Remove,-10786251,200,21022
client,client_request,completed,1777547172443137,2,,,1777547172422734,1777547172443137,1777547172422734,1777547172443137,,,,client-2-6,Insert,4940461,200,20403
client,client_request,completed,1777547172463931,2,,,1777547172443191,1777547172463931,1777547172443191,1777547172463931,,,,client-2-6,Remove,-9455575,200,20740
client,client_request,completed,1777547172487330,2,,,1777547172464107,1777547172487330,1777547172464107,1777547172487330,,,,client-2-6,Remove,16279243,200,23223
client,client_request,completed,1777547172508921,2,,,1777547172487405,1777547172508921,1777547172487405,1777547172508921,,,,client-2-6,Insert,-11662398,200,21516
client,client_request,completed,1777547172531031,2,,,1777547172508977,1777547172531031,1777547172508977,1777547172531031,,,,client-2-6,Insert,-1228335,200,22054
client,client_request,completed,1777547172549510,2,,,1777547172531119,1777547172549510,1777547172531119,1777547172549510,,,,client-2-6,Insert,14953524,200,18391
client,client_request,completed,1777547172571445,2,,,1777547172549565,1777547172571445,1777547172549565,1777547172571445,,,,client-2-6,Remove,-11854230,200,21880
client,client_request,completed,1777547172593629,2,,,1777547172571563,1777547172593629,1777547172571563,1777547172593629,,,,client-2-6,Insert,-3718960,200,22066
client,client_request,completed,1777547172613673,2,,,1777547172593686,1777547172613673,1777547172593686,1777547172613673,,,,client-2-6,Remove,-10045615,200,19987
client,client_request,completed,1777547172634741,2,,,1777547172613764,1777547172634741,1777547172613764,1777547172634741,,,,client-2-6,Remove,-3560144,200,20977
client,client_request,completed,1777547172654753,2,,,1777547172634797,1777547172654753,1777547172634797,1777547172654753,,,,client-2-6,Insert,10291723,200,19956
client,client_request,completed,1777547172673444,2,,,1777547172654809,1777547172673444,1777547172654809,1777547172673444,,,,client-2-6,Insert,-7031186,200,18635
client,client_request,completed,1777547172695032,2,,,1777547172673628,1777547172695032,1777547172673628,1777547172695032,,,,client-2-6,Insert,-14505516,200,21404
client,client_request,completed,1777547172715597,2,,,1777547172695087,1777547172715597,1777547172695087,1777547172715597,,,,client-2-6,Remove,-15195093,200,20510
client,client_request,completed,1777547172796337,2,,,1777547172715654,1777547172796337,1777547172715654,1777547172796337,,,,client-2-6,Remove,-13036067,200,80683
client,client_request,completed,1777547172823629,2,,,1777547172799651,1777547172823629,1777547172799651,1777547172823629,,,,client-2-6,Insert,7059513,200,23978
client,client_request,completed,1777547172845979,2,,,1777547172823896,1777547172845979,1777547172823896,1777547172845979,,,,client-2-6,Insert,15221089,200,22083
client,client_request,completed,1777547172866985,2,,,1777547172846046,1777547172866985,1777547172846046,1777547172866985,,,,client-2-6,Insert,2868872,200,20939
client,client_request,completed,1777547172888650,2,,,1777547172867081,1777547172888650,1777547172867081,1777547172888650,,,,client-2-6,Remove,-14962496,200,21569
client,client_request,completed,1777547172914410,2,,,1777547172888837,1777547172914410,1777547172888837,1777547172914410,,,,client-2-6,Insert,16678875,200,25573
client,client_request,completed,1777547172936571,2,,,1777547172914472,1777547172936571,1777547172914472,1777547172936571,,,,client-2-6,Remove,-8753241,200,22099
client,client_request,completed,1777547172958438,2,,,1777547172936739,1777547172958438,1777547172936739,1777547172958438,,,,client-2-6,Insert,-13180039,200,21699
client,client_request,completed,1777547172982226,2,,,1777547172958496,1777547172982226,1777547172958496,1777547172982226,,,,client-2-6,Remove,-13962096,200,23730
client,client_request,completed,1777547173000940,2,,,1777547172982351,1777547173000940,1777547172982351,1777547173000940,,,,client-2-6,Insert,-9794600,200,18589
client,client_request,completed,1777547173019593,2,,,1777547173000998,1777547173019593,1777547173000998,1777547173019593,,,,client-2-6,Remove,3181274,200,18595
client,client_request,completed,1777547173038588,2,,,1777547173019651,1777547173038588,1777547173019651,1777547173038588,,,,client-2-6,Insert,6673315,200,18937
client,client_request,completed,1777547173058244,2,,,1777547173038659,1777547173058244,1777547173038659,1777547173058244,,,,client-2-6,Insert,-16671427,200,19585
client,client_request,completed,1777547173078884,2,,,1777547173058441,1777547173078884,1777547173058441,1777547173078884,,,,client-2-6,Insert,-5826975,200,20443
client,client_request,completed,1777547173114530,2,,,1777547173079008,1777547173114530,1777547173079008,1777547173114530,,,,client-2-6,Remove,14204081,200,35522
client,client_request,completed,1777547173133942,2,,,1777547173116987,1777547173133942,1777547173116987,1777547173133942,,,,client-2-6,Remove,11643771,200,16955
client,client_request,completed,1777547173156645,2,,,1777547173133999,1777547173156645,1777547173133999,1777547173156645,,,,client-2-6,Insert,-16626743,200,22646
client,client_request,completed,1777547173180188,2,,,1777547173156702,1777547173180188,1777547173156702,1777547173180188,,,,client-2-6,Remove,999036,200,23486
client,client_request,completed,1777547173203746,2,,,1777547173180247,1777547173203746,1777547173180247,1777547173203746,,,,client-2-6,Remove,-4879745,200,23499
client,client_request,completed,1777547173225574,2,,,1777547173203910,1777547173225574,1777547173203910,1777547173225574,,,,client-2-6,Insert,3489256,200,21664
client,client_request,completed,1777547173248257,2,,,1777547173225685,1777547173248257,1777547173225685,1777547173248257,,,,client-2-6,Insert,10334616,200,22572
client,client_request,completed,1777547173270942,2,,,1777547173248314,1777547173270942,1777547173248314,1777547173270942,,,,client-2-6,Remove,4747508,200,22628
client,client_request,completed,1777547173293599,2,,,1777547173271003,1777547173293599,1777547173271003,1777547173293599,,,,client-2-6,Insert,-529648,200,22596
client,client_request,completed,1777547173317415,2,,,1777547173293711,1777547173317415,1777547173293711,1777547173317415,,,,client-2-6,Insert,-3826293,200,23704
client,client_request,completed,1777547173341704,2,,,1777547173317498,1777547173341704,1777547173317498,1777547173341704,,,,client-2-6,Remove,-10830139,200,24206
client,client_request,completed,1777547173366786,2,,,1777547173341761,1777547173366786,1777547173341761,1777547173366786,,,,client-2-6,Remove,12690239,200,25025
client,client_request,completed,1777547173392282,2,,,1777547173367054,1777547173392282,1777547173367054,1777547173392282,,,,client-2-6,Insert,1426990,200,25228
client,client_request,completed,1777547173417722,2,,,1777547173392357,1777547173417722,1777547173392357,1777547173417722,,,,client-2-6,Insert,9880313,200,25365
client,client_request,completed,1777547173442088,2,,,1777547173417847,1777547173442088,1777547173417847,1777547173442088,,,,client-2-6,Remove,-11336177,200,24241
client,client_request,completed,1777547173464780,2,,,1777547173442154,1777547173464780,1777547173442154,1777547173464780,,,,client-2-6,Remove,14697108,200,22626
client,client_request,completed,1777547173488552,2,,,1777547173464836,1777547173488552,1777547173464836,1777547173488552,,,,client-2-6,Remove,4325245,200,23716
client,client_request,completed,1777547173514016,2,,,1777547173488778,1777547173514016,1777547173488778,1777547173514016,,,,client-2-6,Insert,-14192291,200,25238
client,client_request,completed,1777547173537661,2,,,1777547173514093,1777547173537661,1777547173514093,1777547173537661,,,,client-2-6,Remove,6059494,200,23568
client,client_request,completed,1777547173561624,2,,,1777547173537765,1777547173561624,1777547173537765,1777547173561624,,,,client-2-6,Remove,-11952662,200,23859
client,client_request,completed,1777547173587164,2,,,1777547173561699,1777547173587164,1777547173561699,1777547173587164,,,,client-2-6,Remove,12724417,200,25465
client,client_request,completed,1777547173611063,2,,,1777547173587350,1777547173611063,1777547173587350,1777547173611063,,,,client-2-6,Remove,15655815,200,23713
client,client_request,completed,1777547173633984,2,,,1777547173611117,1777547173633984,1777547173611117,1777547173633984,,,,client-2-6,Insert,-1447948,200,22867
client,client_request,completed,1777547173655176,2,,,1777547173634052,1777547173655176,1777547173634052,1777547173655176,,,,client-2-6,Insert,2778892,200,21124
client,client_request,completed,1777547173677122,2,,,1777547173655229,1777547173677122,1777547173655229,1777547173677122,,,,client-2-6,Remove,-16623509,200,21893
client,client_request,completed,1777547173698459,2,,,1777547173677253,1777547173698459,1777547173677253,1777547173698459,,,,client-2-6,Remove,15951404,200,21206
client,client_request,completed,1777547173720920,2,,,1777547173698515,1777547173720920,1777547173698515,1777547173720920,,,,client-2-6,Insert,-2658813,200,22405
client,client_request,completed,1777547173803384,2,,,1777547173721048,1777547173803384,1777547173721048,1777547173803384,,,,client-2-6,Insert,-3463174,200,82336
client,client_request,completed,1777547173824459,2,,,1777547173803444,1777547173824459,1777547173803444,1777547173824459,,,,client-2-6,Remove,4999960,200,21015
client,client_request,completed,1777547173843848,2,,,1777547173824537,1777547173843848,1777547173824537,1777547173843848,,,,client-2-6,Insert,854546,200,19311
client,client_request,completed,1777547173866026,2,,,1777547173843927,1777547173866026,1777547173843927,1777547173866026,,,,client-2-6,Remove,7549291,200,22099
client,client_request,completed,1777547173889767,2,,,1777547173866090,1777547173889767,1777547173866090,1777547173889767,,,,client-2-6,Insert,-7611980,200,23677
client,client_request,completed,1777547173914274,2,,,1777547173889856,1777547173914274,1777547173889856,1777547173914274,,,,client-2-6,Remove,11682320,200,24418
client,client_request,completed,1777547173936352,2,,,1777547173914341,1777547173936352,1777547173914341,1777547173936352,,,,client-2-6,Insert,3550782,200,22011
client,client_request,completed,1777547173958192,2,,,1777547173936411,1777547173958192,1777547173936411,1777547173958192,,,,client-2-6,Remove,13089508,200,21781
client,client_request,completed,1777547173982353,2,,,1777547173958286,1777547173982353,1777547173958286,1777547173982353,,,,client-2-6,Remove,60196,200,24067
client,client_request,completed,1777547174004158,2,,,1777547173982528,1777547174004158,1777547173982528,1777547174004158,,,,client-2-6,Remove,-8542678,200,21630
client,client_request,completed,1777547174025986,2,,,1777547174004304,1777547174025986,1777547174004304,1777547174025986,,,,client-2-6,Insert,12840604,200,21682
client,client_request,completed,1777547174049660,2,,,1777547174026186,1777547174049660,1777547174026186,1777547174049660,,,,client-2-6,Remove,12559535,200,23474
client,client_request,completed,1777547174072957,2,,,1777547174049712,1777547174072957,1777547174049712,1777547174072957,,,,client-2-6,Insert,12205750,200,23245
client,client_request,completed,1777547174096561,2,,,1777547174073164,1777547174096561,1777547174073164,1777547174096561,,,,client-2-6,Insert,-2158747,200,23397
client,client_request,completed,1777547174130011,2,,,1777547174096620,1777547174130011,1777547174096620,1777547174130011,,,,client-2-6,Remove,3405986,200,33391
client,client_request,completed,1777547174141238,2,,,1777547174132113,1777547174141238,1777547174132113,1777547174141238,,,,client-2-6,Remove,-13590943,200,9125
client,client_request,completed,1777547174165225,2,,,1777547174141597,1777547174165225,1777547174141597,1777547174165225,,,,client-2-6,Insert,308075,200,23628
client,client_request,completed,1777547174193150,2,,,1777547174165293,1777547174193150,1777547174165293,1777547174193150,,,,client-2-6,Insert,-10371091,200,27857
client,client_request,completed,1777547174213930,2,,,1777547174193204,1777547174213930,1777547174193204,1777547174213930,,,,client-2-6,Remove,-15364478,200,20726
client,client_request,completed,1777547174237786,2,,,1777547174213986,1777547174237786,1777547174213986,1777547174237786,,,,client-2-6,Insert,-4604144,200,23800
client,client_request,completed,1777547174261466,2,,,1777547174237885,1777547174261466,1777547174237885,1777547174261466,,,,client-2-6,Insert,-6488377,200,23581
client,client_request,completed,1777547174285389,2,,,1777547174261570,1777547174285389,1777547174261570,1777547174285389,,,,client-2-6,Insert,3000108,200,23819
client,client_request,completed,1777547174309101,2,,,1777547174285443,1777547174309101,1777547174285443,1777547174309101,,,,client-2-6,Insert,-9654676,200,23658
client,client_request,completed,1777547174329483,2,,,1777547174309331,1777547174329483,1777547174309331,1777547174329483,,,,client-2-6,Remove,10733414,200,20152
client,client_request,completed,1777547174353493,2,,,1777547174329572,1777547174353493,1777547174329572,1777547174353493,,,,client-2-6,Remove,-1951201,200,23921
client,client_request,completed,1777547174377139,2,,,1777547174353549,1777547174377139,1777547174353549,1777547174377139,,,,client-2-6,Insert,1078292,200,23590
client,client_request,completed,1777547174400751,2,,,1777547174377345,1777547174400751,1777547174377345,1777547174400751,,,,client-2-6,Remove,4935519,200,23406
client,client_request,completed,1777547174426233,2,,,1777547174400808,1777547174426233,1777547174400808,1777547174426233,,,,client-2-6,Remove,3095877,200,25425
client,client_request,completed,1777547174449490,2,,,1777547174426290,1777547174449490,1777547174426290,1777547174449490,,,,client-2-6,Remove,2947118,200,23200
client,client_request,completed,1777547174472930,2,,,1777547174449546,1777547174472930,1777547174449546,1777547174472930,,,,client-2-6,Insert,-10752878,200,23384
client,client_request,completed,1777547174493903,2,,,1777547174473002,1777547174493903,1777547174473002,1777547174493903,,,,client-2-6,Insert,-575738,200,20901
client,client_request,completed,1777547174518032,2,,,1777547174493987,1777547174518032,1777547174493987,1777547174518032,,,,client-2-6,Remove,6370623,200,24045
client,client_request,completed,1777547174540242,2,,,1777547174518108,1777547174540242,1777547174518108,1777547174540242,,,,client-2-6,Remove,6843809,200,22134
client,client_request,completed,1777547174563720,2,,,1777547174540295,1777547174563720,1777547174540295,1777547174563720,,,,client-2-6,Insert,-5701680,200,23425
client,client_request,completed,1777547174588155,2,,,1777547174563784,1777547174588155,1777547174563784,1777547174588155,,,,client-2-6,Remove,-5649637,200,24371
client,client_request,completed,1777547174609544,2,,,1777547174588409,1777547174609544,1777547174588409,1777547174609544,,,,client-2-6,Insert,-7293074,200,21135
client,client_request,completed,1777547174631942,2,,,1777547174609636,1777547174631942,1777547174609636,1777547174631942,,,,client-2-6,Insert,8744854,200,22306
client,client_request,completed,1777547174654004,2,,,1777547174632002,1777547174654004,1777547174632002,1777547174654004,,,,client-2-6,Insert,-11149455,200,22002
client,client_request,completed,1777547174675670,2,,,1777547174654058,1777547174675670,1777547174654058,1777547174675670,,,,client-2-6,Insert,-3616752,200,21612
client,client_request,completed,1777547174698779,2,,,1777547174675738,1777547174698779,1777547174675738,1777547174698779,,,,client-2-6,Remove,8354628,200,23041
client,client_request,completed,1777547174720241,2,,,1777547174698864,1777547174720241,1777547174698864,1777547174720241,,,,client-2-6,Insert,-14686982,200,21377
client,client_request,completed,1777547174803030,2,,,1777547174720304,1777547174803030,1777547174720304,1777547174803030,,,,client-2-6,Remove,12742558,200,82726
client,client_request,completed,1777547174827197,2,,,1777547174803086,1777547174827197,1777547174803086,1777547174827197,,,,client-2-6,Remove,9227908,200,24111
client,client_request,completed,1777547174850400,2,,,1777547174827254,1777547174850400,1777547174827254,1777547174850400,,,,client-2-6,Insert,-13315375,200,23146
client,client_request,completed,1777547174876420,2,,,1777547174850480,1777547174876420,1777547174850480,1777547174876420,,,,client-2-6,Remove,2414540,200,25940
client,client_request,completed,1777547174903634,2,,,1777547174877940,1777547174903634,1777547174877940,1777547174903634,,,,client-2-6,Remove,-3034900,200,25694
client,client_request,completed,1777547174934317,2,,,1777547174903725,1777547174934317,1777547174903725,1777547174934317,,,,client-2-6,Insert,8264109,200,30592
client,client_request,completed,1777547174958192,2,,,1777547174934507,1777547174958192,1777547174934507,1777547174958192,,,,client-2-6,Remove,-12946358,200,23685
client,client_request,completed,1777547174985186,2,,,1777547174958258,1777547174985186,1777547174958258,1777547174985186,,,,client-2-6,Remove,-6956324,200,26928
client,client_request,completed,1777547175009046,2,,,1777547174985239,1777547175009046,1777547174985239,1777547175009046,,,,client-2-6,Insert,-13418859,200,23807
client,client_request,completed,1777547175034605,2,,,1777547175009131,1777547175034605,1777547175009131,1777547175034605,,,,client-2-6,Remove,-8098397,200,25474
client,client_request,completed,1777547175067324,2,,,1777547175034671,1777547175067324,1777547175034671,1777547175067324,,,,client-2-6,Insert,-7268908,200,32653
client,client_request,completed,1777547175098392,2,,,1777547175067404,1777547175098392,1777547175067404,1777547175098392,,,,client-2-6,Insert,-830506,200,30988
client,client_request,completed,1777547175125175,2,,,1777547175098471,1777547175125175,1777547175098471,1777547175125175,,,,client-2-6,Insert,5100281,200,26704
client,client_request,completed,1777547175151709,2,,,1777547175125462,1777547175151709,1777547175125462,1777547175151709,,,,client-2-6,Remove,15574333,200,26247
client,client_request,completed,1777547175179717,2,,,1777547175151766,1777547175179717,1777547175151766,1777547175179717,,,,client-2-6,Insert,10779009,200,27951
client,client_request,completed,1777547175202863,2,,,1777547175179779,1777547175202863,1777547175179779,1777547175202863,,,,client-2-6,Remove,9256727,200,23084
client,client_request,completed,1777547175229936,2,,,1777547175203317,1777547175229936,1777547175203317,1777547175229936,,,,client-2-6,Insert,-11399441,200,26619
client,client_request,completed,1777547175255067,2,,,1777547175230224,1777547175255067,1777547175230224,1777547175255067,,,,client-2-6,Insert,2689759,200,24843
client,client_request,completed,1777547175281599,2,,,1777547175255149,1777547175281599,1777547175255149,1777547175281599,,,,client-2-6,Insert,-11833906,200,26450
client,client_request,completed,1777547175369050,2,,,1777547175309835,1777547175369050,1777547175309835,1777547175369050,,,,client-2-6,Insert,16067017,200,59215
client,client_request,completed,1777547175400056,2,,,1777547175369326,1777547175400056,1777547175369326,1777547175400056,,,,client-2-6,Insert,13825405,200,30730
client,client_request,completed,1777547175430885,2,,,1777547175400162,1777547175430885,1777547175400162,1777547175430885,,,,client-2-6,Remove,-5549912,200,30723
client,client_request,completed,1777547175455849,2,,,1777547175430944,1777547175455849,1777547175430944,1777547175455849,,,,client-2-6,Insert,-8494735,200,24905
client,client_request,completed,1777547175481105,2,,,1777547175455940,1777547175481105,1777547175455940,1777547175481105,,,,client-2-6,Insert,-13139201,200,25165
client,client_request,completed,1777547175509653,2,,,1777547175481213,1777547175509653,1777547175481213,1777547175509653,,,,client-2-6,Insert,-11424944,200,28440
client,client_request,completed,1777547175536376,2,,,1777547175509723,1777547175536376,1777547175509723,1777547175536376,,,,client-2-6,Remove,1095940,200,26653
client,client_request,completed,1777547175561651,2,,,1777547175536437,1777547175561651,1777547175536437,1777547175561651,,,,client-2-6,Insert,16431035,200,25214
client,client_request,completed,1777547175587892,2,,,1777547175561830,1777547175587892,1777547175561830,1777547175587892,,,,client-2-6,Insert,-9854126,200,26062
client,client_request,completed,1777547175613068,2,,,1777547175587998,1777547175613068,1777547175587998,1777547175613068,,,,client-2-6,Remove,2072425,200,25070
client,client_request,completed,1777547175639983,2,,,1777547175613124,1777547175639983,1777547175613124,1777547175639983,,,,client-2-6,Insert,-6712127,200,26859
client,client_request,completed,1777547175666850,2,,,1777547175640042,1777547175666850,1777547175640042,1777547175666850,,,,client-2-6,Remove,3461716,200,26808
client,client_request,completed,1777547175693970,2,,,1777547175666941,1777547175693970,1777547175666941,1777547175693970,,,,client-2-6,Insert,4620849,200,27029
client,client_request,completed,1777547175719719,2,,,1777547175694024,1777547175719719,1777547175694024,1777547175719719,,,,client-2-6,Insert,-8826378,200,25695
client,client_request,completed,1777547175803271,2,,,1777547175719800,1777547175803271,1777547175719800,1777547175803271,,,,client-2-6,Remove,3457352,200,83471
client,client_request,completed,1777547175831327,2,,,1777547175803344,1777547175831327,1777547175803344,1777547175831327,,,,client-2-6,Remove,13938510,200,27983
client,client_request,completed,1777547175858008,2,,,1777547175831385,1777547175858008,1777547175831385,1777547175858008,,,,client-2-6,Remove,10189107,200,26623
client,client_request,completed,1777547175883032,2,,,1777547175858159,1777547175883032,1777547175858159,1777547175883032,,,,client-2-6,Insert,1886762,200,24873
client,client_request,completed,1777547175906700,2,,,1777547175883154,1777547175906700,1777547175883154,1777547175906700,,,,client-2-6,Insert,-9899279,200,23546
client,client_request,completed,1777547175932110,2,,,1777547175906757,1777547175932110,1777547175906757,1777547175932110,,,,client-2-6,Insert,-13567499,200,25353
client,client_request,completed,1777547175960137,2,,,1777547175932172,1777547175960137,1777547175932172,1777547175960137,,,,client-2-6,Insert,-9570770,200,27965
client,client_request,completed,1777547175986268,2,,,1777547175960242,1777547175986268,1777547175960242,1777547175986268,,,,client-2-6,Insert,-2970893,200,26026
client,client_request,completed,1777547176010862,2,,,1777547175986347,1777547176010862,1777547175986347,1777547176010862,,,,client-2-6,Insert,5432188,200,24515
client,client_request,completed,1777547176036585,2,,,1777547176011005,1777547176036585,1777547176011005,1777547176036585,,,,client-2-6,Insert,4592817,200,25580
client,client_request,completed,1777547176062840,2,,,1777547176036657,1777547176062840,1777547176036657,1777547176062840,,,,client-2-6,Remove,-5767171,200,26183
client,client_request,completed,1777547176089744,2,,,1777547176062898,1777547176089744,1777547176062898,1777547176089744,,,,client-2-6,Remove,-12167924,200,26846
client,client_request,completed,1777547176116874,2,,,1777547176089816,1777547176116874,1777547176089816,1777547176116874,,,,client-2-6,Insert,15411338,200,27058
client,client_request,completed,1777547176145798,2,,,1777547176116936,1777547176145798,1777547176116936,1777547176145798,,,,client-2-6,Insert,12170860,200,28862
client,client_request,completed,1777547176172127,2,,,1777547176146099,1777547176172127,1777547176146099,1777547176172127,,,,client-2-6,Insert,12604730,200,26028
client,client_request,completed,1777547176198639,2,,,1777547176172203,1777547176198639,1777547176172203,1777547176198639,,,,client-2-6,Remove,10749976,200,26436
client,client_request,completed,1777547176224255,2,,,1777547176198739,1777547176224255,1777547176198739,1777547176224255,,,,client-2-6,Insert,-12152063,200,25516
client,client_request,completed,1777547176250417,2,,,1777547176224338,1777547176250417,1777547176224338,1777547176250417,,,,client-2-6,Remove,-12723950,200,26079
client,client_request,completed,1777547176274019,2,,,1777547176250635,1777547176274019,1777547176250635,1777547176274019,,,,client-2-6,Remove,-13993798,200,23384
client,client_request,completed,1777547176302250,2,,,1777547176274074,1777547176302250,1777547176274074,1777547176302250,,,,client-2-6,Remove,-10546190,200,28176
client,client_request,completed,1777547176329951,2,,,1777547176302335,1777547176329951,1777547176302335,1777547176329951,,,,client-2-6,Insert,2079079,200,27616
client,client_request,completed,1777547176357868,2,,,1777547176330026,1777547176357868,1777547176330026,1777547176357868,,,,client-2-6,Remove,16076430,200,27842
client,client_request,completed,1777547176385625,2,,,1777547176358062,1777547176385625,1777547176358062,1777547176385625,,,,client-2-6,Insert,10634471,200,27563
client,client_request,completed,1777547176413926,2,,,1777547176385689,1777547176413926,1777547176385689,1777547176413926,,,,client-2-6,Insert,7894975,200,28237
client,client_request,completed,1777547176439518,2,,,1777547176414155,1777547176439518,1777547176414155,1777547176439518,,,,client-2-6,Remove,-4971686,200,25363
client,client_request,completed,1777547176466270,2,,,1777547176439608,1777547176466270,1777547176439608,1777547176466270,,,,client-2-6,Remove,-10615425,200,26662
client,client_request,completed,1777547176492258,2,,,1777547176466635,1777547176492258,1777547176466635,1777547176492258,,,,client-2-6,Insert,4517570,200,25623
client,client_request,completed,1777547176518633,2,,,1777547176492318,1777547176518633,1777547176492318,1777547176518633,,,,client-2-6,Remove,-14435816,200,26315
client,client_request,completed,1777547176541250,2,,,1777547176518761,1777547176541250,1777547176518761,1777547176541250,,,,client-2-6,Insert,1524620,200,22489
client,client_request,completed,1777547176569144,2,,,1777547176541338,1777547176569144,1777547176541338,1777547176569144,,,,client-2-6,Insert,-15060552,200,27806
client,client_request,completed,1777547176596627,2,,,1777547176569196,1777547176596627,1777547176569196,1777547176596627,,,,client-2-6,Remove,-13103689,200,27431
client,client_request,completed,1777547176622453,2,,,1777547176596680,1777547176622453,1777547176596680,1777547176622453,,,,client-2-6,Insert,5336931,200,25773
client,client_request,completed,1777547176647725,2,,,1777547176622510,1777547176647725,1777547176622510,1777547176647725,,,,client-2-6,Insert,-4853893,200,25215
client,client_request,completed,1777547176672281,2,,,1777547176647782,1777547176672281,1777547176647782,1777547176672281,,,,client-2-6,Insert,15664963,200,24499
client,client_request,completed,1777547176699192,2,,,1777547176672335,1777547176699192,1777547176672335,1777547176699192,,,,client-2-6,Insert,-5606861,200,26857
client,client_request,completed,1777547176725232,2,,,1777547176699249,1777547176725232,1777547176699249,1777547176725232,,,,client-2-6,Remove,2113031,200,25983
client,client_request,completed,1777547176810479,2,,,1777547176725387,1777547176810479,1777547176725387,1777547176810479,,,,client-2-6,Remove,3403804,200,85092
client,client_request,completed,1777547176836972,2,,,1777547176810546,1777547176836972,1777547176810546,1777547176836972,,,,client-2-6,Remove,-2722552,200,26426
client,client_request,completed,1777547176863102,2,,,1777547176837029,1777547176863102,1777547176837029,1777547176863102,,,,client-2-6,Remove,13294761,200,26073
client,client_request,completed,1777547176892201,2,,,1777547176863172,1777547176892201,1777547176863172,1777547176892201,,,,client-2-6,Insert,13071279,200,29029
client,client_request,completed,1777547176918455,2,,,1777547176892265,1777547176918455,1777547176892265,1777547176918455,,,,client-2-6,Insert,2515631,200,26190
client,client_request,completed,1777547176947671,2,,,1777547176918514,1777547176947671,1777547176918514,1777547176947671,,,,client-2-6,Remove,-751566,200,29157
client,client_request,completed,1777547176975855,2,,,1777547176947747,1777547176975855,1777547176947747,1777547176975855,,,,client-2-6,Remove,-14128508,200,28108
client,client_request,completed,1777547177000286,2,,,1777547176975910,1777547177000286,1777547176975910,1777547177000286,,,,client-2-6,Remove,-3551353,200,24376
client,client_request,completed,1777547177026591,2,,,1777547177000342,1777547177026591,1777547177000342,1777547177026591,,,,client-2-6,Remove,15352448,200,26249
client,client_request,completed,1777547177053935,2,,,1777547177026658,1777547177053935,1777547177026658,1777547177053935,,,,client-2-6,Insert,16104311,200,27277
client,client_request,completed,1777547177084637,2,,,1777547177054156,1777547177084637,1777547177054156,1777547177084637,,,,client-2-6,Insert,-3437681,200,30481
client,client_request,completed,1777547177112120,2,,,1777547177084746,1777547177112120,1777547177084746,1777547177112120,,,,client-2-6,Remove,-5184612,200,27374
client,client_request,completed,1777547177151762,2,,,1777547177112215,1777547177151762,1777547177112215,1777547177151762,,,,client-2-6,Remove,-2362101,200,39547
client,client_request,completed,1777547177179108,2,,,1777547177152561,1777547177179108,1777547177152561,1777547177179108,,,,client-2-6,Insert,9272111,200,26547
client,client_request,completed,1777547177207253,2,,,1777547177179185,1777547177207253,1777547177179185,1777547177207253,,,,client-2-6,Insert,1042567,200,28068
client,client_request,completed,1777547177235396,2,,,1777547177207358,1777547177235396,1777547177207358,1777547177235396,,,,client-2-6,Remove,12832698,200,28038
client,client_request,completed,1777547177262031,2,,,1777547177235452,1777547177262031,1777547177235452,1777547177262031,,,,client-2-6,Remove,-6068637,200,26579
client,client_request,completed,1777547177289767,2,,,1777547177262088,1777547177289767,1777547177262088,1777547177289767,,,,client-2-6,Insert,52773,200,27679
client,client_request,completed,1777547177318426,2,,,1777547177289829,1777547177318426,1777547177289829,1777547177318426,,,,client-2-6,Remove,-8627066,200,28597
client,client_request,completed,1777547177346772,2,,,1777547177318482,1777547177346772,1777547177318482,1777547177346772,,,,client-2-6,Remove,-13819301,200,28290
client,client_request,completed,1777547177373892,2,,,1777547177346838,1777547177373892,1777547177346838,1777547177373892,,,,client-2-6,Insert,13121669,200,27054
client,client_request,completed,1777547177402345,2,,,1777547177373952,1777547177402345,1777547177373952,1777547177402345,,,,client-2-6,Remove,11183216,200,28393
client,client_request,completed,1777547177430774,2,,,1777547177402410,1777547177430774,1777547177402410,1777547177430774,,,,client-2-6,Insert,2994875,200,28364
client,client_request,completed,1777547177460468,2,,,1777547177430831,1777547177460468,1777547177430831,1777547177460468,,,,client-2-6,Remove,-12735666,200,29637
client,client_request,completed,1777547177489205,2,,,1777547177460552,1777547177489205,1777547177460552,1777547177489205,,,,client-2-6,Remove,-10854608,200,28653
client,client_request,completed,1777547177518906,2,,,1777547177489261,1777547177518906,1777547177489261,1777547177518906,,,,client-2-6,Remove,-14408612,200,29645
client,client_request,completed,1777547177546185,2,,,1777547177518965,1777547177546185,1777547177518965,1777547177546185,,,,client-2-6,Remove,-9231833,200,27220
client,client_request,completed,1777547177573120,2,,,1777547177546419,1777547177573120,1777547177546419,1777547177573120,,,,client-2-6,Remove,460472,200,26701
client,client_request,completed,1777547177601936,2,,,1777547177573178,1777547177601936,1777547177573178,1777547177601936,,,,client-2-6,Remove,2290409,200,28758
client,client_request,completed,1777547177627320,2,,,1777547177602160,1777547177627320,1777547177602160,1777547177627320,,,,client-2-6,Insert,-14070669,200,25160
client,client_request,completed,1777547177653809,2,,,1777547177627376,1777547177653809,1777547177627376,1777547177653809,,,,client-2-6,Insert,11525195,200,26433
client,client_request,completed,1777547177681596,2,,,1777547177653863,1777547177681596,1777547177653863,1777547177681596,,,,client-2-6,Insert,8666401,200,27733
client,client_request,completed,1777547177708536,2,,,1777547177681776,1777547177708536,1777547177681776,1777547177708536,,,,client-2-6,Remove,12542704,200,26760
client,client_request,completed,1777547177792079,2,,,1777547177708592,1777547177792079,1777547177708592,1777547177792079,,,,client-2-6,Insert,5140710,200,83487
client,client_request,completed,1777547177820858,2,,,1777547177792157,1777547177820858,1777547177792157,1777547177820858,,,,client-2-6,Remove,7471302,200,28701
client,client_request,completed,1777547177847581,2,,,1777547177820919,1777547177847581,1777547177820919,1777547177847581,,,,client-2-6,Remove,-3342269,200,26662
client,client_request,completed,1777547177873053,2,,,1777547177847636,1777547177873053,1777547177847636,1777547177873053,,,,client-2-6,Remove,8411472,200,25417
client,client_request,completed,1777547177902132,2,,,1777547177873130,1777547177902132,1777547177873130,1777547177902132,,,,client-2-6,Remove,-9053119,200,29002
client,client_request,completed,1777547177931867,2,,,1777547177902186,1777547177931867,1777547177902186,1777547177931867,,,,client-2-6,Insert,5426406,200,29681
client,client_request,completed,1777547177959817,2,,,1777547177931933,1777547177959817,1777547177931933,1777547177959817,,,,client-2-6,Remove,-11747199,200,27884
client,client_request,completed,1777547177987935,2,,,1777547177959875,1777547177987935,1777547177959875,1777547177987935,,,,client-2-6,Insert,-15809170,200,28060
client,client_request,completed,1777547178015340,2,,,1777547177987988,1777547178015340,1777547177987988,1777547178015340,,,,client-2-6,Insert,-16331575,200,27352
client,client_request,completed,1777547178042519,2,,,1777547178015400,1777547178042519,1777547178015400,1777547178042519,,,,client-2-6,Insert,3328036,200,27119
client,client_request,completed,1777547178070492,2,,,1777547178042583,1777547178070492,1777547178042583,1777547178070492,,,,client-2-6,Remove,4571698,200,27909
client,client_request,completed,1777547178098961,2,,,1777547178070552,1777547178098961,1777547178070552,1777547178098961,,,,client-2-6,Insert,11872191,200,28409
client,client_request,completed,1777547178127045,2,,,1777547178099018,1777547178127045,1777547178099018,1777547178127045,,,,client-2-6,Insert,-5093447,200,28027
client,client_request,completed,1777547178159556,2,,,1777547178127219,1777547178159556,1777547178127219,1777547178159556,,,,client-2-6,Insert,-14127274,200,32337
client,client_request,completed,1777547178190230,2,,,1777547178159788,1777547178190230,1777547178159788,1777547178190230,,,,client-2-6,Remove,1513257,200,30442
client,client_request,completed,1777547178218600,2,,,1777547178190291,1777547178218600,1777547178190291,1777547178218600,,,,client-2-6,Insert,14940610,200,28309
client,client_request,completed,1777547178249185,2,,,1777547178218664,1777547178249185,1777547178218664,1777547178249185,,,,client-2-6,Remove,1009534,200,30521
client,client_request,completed,1777547178279752,2,,,1777547178249239,1777547178279752,1777547178249239,1777547178279752,,,,client-2-6,Insert,8076024,200,30513
client,client_request,completed,1777547178308712,2,,,1777547178279866,1777547178308712,1777547178279866,1777547178308712,,,,client-2-6,Remove,-11376267,200,28846
client,client_request,completed,1777547178338689,2,,,1777547178308774,1777547178338689,1777547178308774,1777547178338689,,,,client-2-6,Remove,-11405889,200,29915
client,client_request,completed,1777547178370352,2,,,1777547178338776,1777547178370352,1777547178338776,1777547178370352,,,,client-2-6,Remove,3545725,200,31576
client,client_request,completed,1777547178401321,2,,,1777547178370432,1777547178401321,1777547178370432,1777547178401321,,,,client-2-6,Insert,15160228,200,30889
client,client_request,completed,1777547178432444,2,,,1777547178401381,1777547178432444,1777547178401381,1777547178432444,,,,client-2-6,Remove,12807875,200,31063
client,client_request,completed,1777547178460972,2,,,1777547178432664,1777547178460972,1777547178432664,1777547178460972,,,,client-2-6,Insert,12392031,200,28308
client,client_request,completed,1777547178490582,2,,,1777547178461108,1777547178490582,1777547178461108,1777547178490582,,,,client-2-6,Remove,-15129918,200,29474
client,client_request,completed,1777547178518670,2,,,1777547178490646,1777547178518670,1777547178490646,1777547178518670,,,,client-2-6,Insert,-9357237,200,28024
client,client_request,completed,1777547178543790,2,,,1777547178518725,1777547178543790,1777547178518725,1777547178543790,,,,client-2-6,Remove,-9244966,200,25065
client,client_request,completed,1777547178575436,2,,,1777547178543862,1777547178575436,1777547178543862,1777547178575436,,,,client-2-6,Remove,7674132,200,31574
client,client_request,completed,1777547178604972,2,,,1777547178575527,1777547178604972,1777547178575527,1777547178604972,,,,client-2-6,Remove,3058976,200,29445
client,client_request,completed,1777547178635578,2,,,1777547178605031,1777547178635578,1777547178605031,1777547178635578,,,,client-2-6,Remove,-13910171,200,30547
client,client_request,completed,1777547178665676,2,,,1777547178635657,1777547178665676,1777547178635657,1777547178665676,,,,client-2-6,Insert,11895785,200,30019
client,client_request,completed,1777547178696702,2,,,1777547178665742,1777547178696702,1777547178665742,1777547178696702,,,,client-2-6,Insert,849824,200,30960
client,client_request,completed,1777547178724298,2,,,1777547178696772,1777547178724298,1777547178696772,1777547178724298,,,,client-2-6,Remove,-7820746,200,27526
client,client_request,completed,1777547178812956,2,,,1777547178724356,1777547178812956,1777547178724356,1777547178812956,,,,client-2-6,Insert,13813023,200,88600
client,client_request,completed,1777547178840897,2,,,1777547178813008,1777547178840897,1777547178813008,1777547178840897,,,,client-2-6,Remove,-16022631,200,27889
client,client_request,completed,1777547178870458,2,,,1777547178840975,1777547178870458,1777547178840975,1777547178870458,,,,client-2-6,Remove,8223240,200,29483
client,client_request,completed,1777547178901510,2,,,1777547178870518,1777547178901510,1777547178870518,1777547178901510,,,,client-2-6,Remove,-4746144,200,30992
client,client_request,completed,1777547178930693,2,,,1777547178901565,1777547178930693,1777547178901565,1777547178930693,,,,client-2-6,Remove,-1120171,200,29128
client,client_request,completed,1777547178960285,2,,,1777547178930749,1777547178960285,1777547178930749,1777547178960285,,,,client-2-6,Remove,-6125315,200,29536
client,client_request,completed,1777547178992726,2,,,1777547178960344,1777547178992726,1777547178960344,1777547178992726,,,,client-2-6,Remove,-8582207,200,32382
client,client_request,completed,1777547179022947,2,,,1777547178992782,1777547179022947,1777547178992782,1777547179022947,,,,client-2-6,Insert,15328184,200,30165
client,client_request,completed,1777547179052811,2,,,1777547179023003,1777547179052811,1777547179023003,1777547179052811,,,,client-2-6,Remove,9745770,200,29808
client,client_request,completed,1777547179083990,2,,,1777547179052938,1777547179083990,1777547179052938,1777547179083990,,,,client-2-6,Insert,-7617908,200,31052
client,client_request,completed,1777547179116502,2,,,1777547179084204,1777547179116502,1777547179084204,1777547179116502,,,,client-2-6,Remove,11631248,200,32298
client,client_request,completed,1777547179149216,2,,,1777547179116567,1777547179149216,1777547179116567,1777547179149216,,,,client-2-6,Insert,-15568042,200,32649
client,client_request,completed,1777547179181950,2,,,1777547179149269,1777547179181950,1777547179149269,1777547179181950,,,,client-2-6,Insert,-4239153,200,32681
client,client_request,completed,1777547179210829,2,,,1777547179182087,1777547179210829,1777547179182087,1777547179210829,,,,client-2-6,Remove,-2718828,200,28742
client,client_request,completed,1777547179241848,2,,,1777547179210885,1777547179241848,1777547179210885,1777547179241848,,,,client-2-6,Insert,-10045707,200,30963
client,client_request,completed,1777547179269081,2,,,1777547179241917,1777547179269081,1777547179241917,1777547179269081,,,,client-2-6,Insert,13709003,200,27164
client,client_request,completed,1777547179299083,2,,,1777547179269208,1777547179299083,1777547179269208,1777547179299083,,,,client-2-6,Remove,11802997,200,29875
client,client_request,completed,1777547179330325,2,,,1777547179299141,1777547179330325,1777547179299141,1777547179330325,,,,client-2-6,Insert,-7444286,200,31184
client,client_request,completed,1777547179360935,2,,,1777547179330391,1777547179360935,1777547179330391,1777547179360935,,,,client-2-6,Insert,4619847,200,30544
client,client_request,completed,1777547179390878,2,,,1777547179360994,1777547179390878,1777547179360994,1777547179390878,,,,client-2-6,Insert,-14009243,200,29884
client,client_request,completed,1777547179422252,2,,,1777547179390939,1777547179422252,1777547179390939,1777547179422252,,,,client-2-6,Insert,-6658137,200,31313
client,client_request,completed,1777547179454429,2,,,1777547179422318,1777547179454429,1777547179422318,1777547179454429,,,,client-2-6,Insert,7648114,200,32111
client,client_request,completed,1777547179485069,2,,,1777547179454482,1777547179485069,1777547179454482,1777547179485069,,,,client-2-6,Remove,-10007103,200,30587
client,client_request,completed,1777547179515770,2,,,1777547179485124,1777547179515770,1777547179485124,1777547179515770,,,,client-2-6,Insert,12992537,200,30646
client,client_request,completed,1777547179542199,2,,,1777547179515834,1777547179542199,1777547179515834,1777547179542199,,,,client-2-6,Remove,-5035763,200,26365
client,client_request,completed,1777547179574345,2,,,1777547179542381,1777547179574345,1777547179542381,1777547179574345,,,,client-2-6,Insert,1853884,200,31964
client,client_request,completed,1777547179610631,2,,,1777547179574427,1777547179610631,1777547179574427,1777547179610631,,,,client-2-6,Remove,5376242,200,36204
client,client_request,completed,1777547179644114,2,,,1777547179610754,1777547179644114,1777547179610754,1777547179644114,,,,client-2-6,Remove,-8160443,200,33360
client,client_request,completed,1777547179670030,2,,,1777547179644179,1777547179670030,1777547179644179,1777547179670030,,,,client-2-6,Insert,14572714,200,25851
client,client_request,completed,1777547179702002,2,,,1777547179670103,1777547179702002,1777547179670103,1777547179702002,,,,client-2-6,Insert,4191259,200,31899
client,client_request,completed,1777547179794111,2,,,1777547179702217,1777547179794111,1777547179702217,1777547179794111,,,,client-2-6,Insert,-14582814,200,91894
client,client_request,completed,1777547179825368,2,,,1777547179794181,1777547179825368,1777547179794181,1777547179825368,,,,client-2-6,Remove,600078,200,31187
client,client_request,completed,1777547179858009,2,,,1777547179825452,1777547179858009,1777547179825452,1777547179858009,,,,client-2-6,Remove,-1848460,200,32557
client,client_request,completed,1777547179888839,2,,,1777547179858146,1777547179888839,1777547179858146,1777547179888839,,,,client-2-6,Remove,14493048,200,30693
client,client_request,completed,1777547179920663,2,,,1777547179888941,1777547179920663,1777547179888941,1777547179920663,,,,client-2-6,Insert,10403111,200,31722
client,client_request,completed,1777547179954550,2,,,1777547179920723,1777547179954550,1777547179920723,1777547179954550,,,,client-2-6,Insert,-13300669,200,33827
client,client_request,completed,1777547179984242,2,,,1777547179954611,1777547179984242,1777547179954611,1777547179984242,,,,client-2-6,Remove,-3748318,200,29631
client,client_request,completed,1777547180014633,2,,,1777547179984295,1777547180014633,1777547179984295,1777547180014633,,,,client-2-6,Remove,-4906415,200,30338
client,client_request,completed,1777547180045479,2,,,1777547180014686,1777547180045479,1777547180014686,1777547180045479,,,,client-2-6,Remove,2498684,200,30793
client,client_request,completed,1777547180081531,2,,,1777547180045540,1777547180081531,1777547180045540,1777547180081531,,,,client-2-6,Remove,-559400,200,35991
client,client_request,completed,1777547180114468,2,,,1777547180081644,1777547180114468,1777547180081644,1777547180114468,,,,client-2-6,Remove,-673310,200,32824
client,client_request,completed,1777547180149277,2,,,1777547180114654,1777547180149277,1777547180114654,1777547180149277,,,,client-2-6,Insert,10911386,200,34623
client,client_request,completed,1777547180185832,2,,,1777547180149368,1777547180185832,1777547180149368,1777547180185832,,,,client-2-6,Insert,16189672,200,36464
client,client_request,completed,1777547180218813,2,,,1777547180185891,1777547180218813,1777547180185891,1777547180218813,,,,client-2-6,Insert,-4798146,200,32922
client,client_request,completed,1777547180252165,2,,,1777547180218892,1777547180252165,1777547180218892,1777547180252165,,,,client-2-6,Insert,5016331,200,33273
client,client_request,completed,1777547180285033,2,,,1777547180252252,1777547180285033,1777547180252252,1777547180285033,,,,client-2-6,Insert,-13713255,200,32781
client,client_request,completed,1777547180316696,2,,,1777547180285089,1777547180316696,1777547180285089,1777547180316696,,,,client-2-6,Insert,-9369178,200,31607
client,client_request,completed,1777547180348497,2,,,1777547180316755,1777547180348497,1777547180316755,1777547180348497,,,,client-2-6,Insert,13020549,200,31742
client,client_request,completed,1777547180383155,2,,,1777547180348553,1777547180383155,1777547180348553,1777547180383155,,,,client-2-6,Insert,4819772,200,34602
client,client_request,completed,1777547180418314,2,,,1777547180383236,1777547180418314,1777547180383236,1777547180418314,,,,client-2-6,Remove,-10556249,200,35078
client,client_request,completed,1777547180453168,2,,,1777547180418394,1777547180453168,1777547180418394,1777547180453168,,,,client-2-6,Remove,-15119385,200,34774
client,client_request,completed,1777547180487352,2,,,1777547180453220,1777547180487352,1777547180453220,1777547180487352,,,,client-2-6,Insert,-1048396,200,34132
client,client_request,completed,1777547180518876,2,,,1777547180487409,1777547180518876,1777547180487409,1777547180518876,,,,client-2-6,Insert,-3258458,200,31467
client,client_request,completed,1777547180548147,2,,,1777547180518932,1777547180548147,1777547180518932,1777547180548147,,,,client-2-6,Insert,-8355633,200,29215
client,client_request,completed,1777547180582942,2,,,1777547180548227,1777547180582942,1777547180548227,1777547180582942,,,,client-2-6,Remove,12752654,200,34715
client,client_request,completed,1777547180615063,2,,,1777547180583033,1777547180615063,1777547180583033,1777547180615063,,,,client-2-6,Insert,-4954878,200,32030
client,client_request,completed,1777547180647269,2,,,1777547180615220,1777547180647269,1777547180615220,1777547180647269,,,,client-2-6,Remove,-11129217,200,32049
client,client_request,completed,1777547180679179,2,,,1777547180647355,1777547180679179,1777547180647355,1777547180679179,,,,client-2-6,Insert,-11258786,200,31824
client,client_request,completed,1777547180709381,2,,,1777547180679259,1777547180709381,1777547180679259,1777547180709381,,,,client-2-6,Insert,15784967,200,30122
client,client_request,completed,1777547180801207,2,,,1777547180709666,1777547180801207,1777547180709666,1777547180801207,,,,client-2-6,Insert,-1018979,200,91541
client,client_request,completed,1777547180833420,2,,,1777547180801262,1777547180833420,1777547180801262,1777547180833420,,,,client-2-6,Remove,-14131524,200,32158
client,client_request,completed,1777547180863479,2,,,1777547180833484,1777547180863479,1777547180833484,1777547180863479,,,,client-2-6,Remove,1140226,200,29995
client,client_request,completed,1777547180897286,2,,,1777547180863537,1777547180897286,1777547180863537,1777547180897286,,,,client-2-6,Remove,10955591,200,33749
client,client_request,completed,1777547180933097,2,,,1777547180897559,1777547180933097,1777547180897559,1777547180933097,,,,client-2-6,Insert,15137516,200,35538
client,client_request,completed,1777547180969803,2,,,1777547180933184,1777547180969803,1777547180933184,1777547180969803,,,,client-2-6,Remove,5155668,200,36619
client,client_request,completed,1777547181002035,2,,,1777547180969892,1777547181002035,1777547180969892,1777547181002035,,,,client-2-6,Remove,-14449843,200,32143
client,client_request,completed,1777547181035120,2,,,1777547181002089,1777547181035120,1777547181002089,1777547181035120,,,,client-2-6,Insert,-6358535,200,33031
client,client_request,completed,1777547181066090,2,,,1777547181035700,1777547181066090,1777547181035700,1777547181066090,,,,client-2-6,Insert,-4842354,200,30390
client,client_request,completed,1777547181098716,2,,,1777547181066144,1777547181098716,1777547181066144,1777547181098716,,,,client-2-6,Insert,-12958752,200,32572
client,client_request,completed,1777547181137228,2,,,1777547181098805,1777547181137228,1777547181098805,1777547181137228,,,,client-2-6,Insert,2941077,200,38423
client,client_request,completed,1777547181177054,2,,,1777547181137303,1777547181177054,1777547181137303,1777547181177054,,,,client-2-6,Insert,-11819893,200,39751
client,client_request,completed,1777547181212830,2,,,1777547181177172,1777547181212830,1777547181177172,1777547181212830,,,,client-2-6,Remove,-3495951,200,35658
client,client_request,completed,1777547181264315,2,,,1777547181212891,1777547181264315,1777547181212891,1777547181264315,,,,client-2-6,Remove,-15743491,200,51424
client,client_request,completed,1777547181294790,2,,,1777547181264375,1777547181294790,1777547181264375,1777547181294790,,,,client-2-6,Remove,11617858,200,30415
client,client_request,completed,1777547181330072,2,,,1777547181294846,1777547181330072,1777547181294846,1777547181330072,,,,client-2-6,Insert,3068257,200,35226
client,client_request,completed,1777547181360329,2,,,1777547181330135,1777547181360329,1777547181330135,1777547181360329,,,,client-2-6,Insert,-9810792,200,30194
client,client_request,completed,1777547181393602,2,,,1777547181360421,1777547181393602,1777547181360421,1777547181393602,,,,client-2-6,Insert,-15115977,200,33181
client,client_request,completed,1777547181427252,2,,,1777547181393694,1777547181427252,1777547181393694,1777547181427252,,,,client-2-6,Insert,-1072372,200,33558
client,client_request,completed,1777547181462403,2,,,1777547181427306,1777547181462403,1777547181427306,1777547181462403,,,,client-2-6,Insert,-12404317,200,35097
client,client_request,completed,1777547181498335,2,,,1777547181462461,1777547181498335,1777547181462461,1777547181498335,,,,client-2-6,Insert,-14518139,200,35874
client,client_request,completed,1777547181530211,2,,,1777547181498394,1777547181530211,1777547181498394,1777547181530211,,,,client-2-6,Insert,2697858,200,31817
client,client_request,completed,1777547181563385,2,,,1777547181530267,1777547181563385,1777547181530267,1777547181563385,,,,client-2-6,Remove,1467472,200,33118
client,client_request,completed,1777547181596777,2,,,1777547181563450,1777547181596777,1777547181563450,1777547181596777,,,,client-2-6,Insert,1310359,200,33327
client,client_request,completed,1777547181628963,2,,,1777547181596837,1777547181628963,1777547181596837,1777547181628963,,,,client-2-6,Insert,-5773100,200,32126
client,client_request,completed,1777547181660913,2,,,1777547181629040,1777547181660913,1777547181629040,1777547181660913,,,,client-2-6,Insert,9553704,200,31873
client,client_request,completed,1777547181695026,2,,,1777547181660970,1777547181695026,1777547181660970,1777547181695026,,,,client-2-6,Remove,4046673,200,34056
client,client_request,completed,1777547181727905,2,,,1777547181695089,1777547181727905,1777547181695089,1777547181727905,,,,client-2-6,Remove,639079,200,32816
client,client_request,completed,1777547181819469,2,,,1777547181727967,1777547181819469,1777547181727967,1777547181819469,,,,client-2-6,Insert,-9145076,200,91502
client,client_request,completed,1777547181851940,2,,,1777547181819573,1777547181851940,1777547181819573,1777547181851940,,,,client-2-6,Remove,6694637,200,32367
client,client_request,completed,1777547181885829,2,,,1777547181852001,1777547181885829,1777547181852001,1777547181885829,,,,client-2-6,Remove,-4778385,200,33828
client,client_request,completed,1777547181920009,2,,,1777547181885884,1777547181920009,1777547181885884,1777547181920009,,,,client-2-6,Remove,5879423,200,34125
client,client_request,completed,1777547181955322,2,,,1777547181920137,1777547181955322,1777547181920137,1777547181955322,,,,client-2-6,Insert,6235416,200,35185
client,client_request,completed,1777547181994289,2,,,1777547181955372,1777547181994289,1777547181955372,1777547181994289,,,,client-2-6,Remove,-12122304,200,38917
client,client_request,completed,1777547182027495,2,,,1777547181994349,1777547182027495,1777547181994349,1777547182027495,,,,client-2-6,Insert,13321470,200,33146
client,client_request,completed,1777547182061159,2,,,1777547182027574,1777547182061159,1777547182027574,1777547182061159,,,,client-2-6,Remove,-2348181,200,33585
client,client_request,completed,1777547182095701,2,,,1777547182061229,1777547182095701,1777547182061229,1777547182095701,,,,client-2-6,Insert,16406613,200,34472
client,client_request,completed,1777547182129314,2,,,1777547182095768,1777547182129314,1777547182095768,1777547182129314,,,,client-2-6,Insert,-13407120,200,33546
client,client_request,completed,1777547182167704,2,,,1777547182129397,1777547182167704,1777547182129397,1777547182167704,,,,client-2-6,Remove,-1568614,200,38307
client,client_request,completed,1777547182202876,2,,,1777547182167767,1777547182202876,1777547182167767,1777547182202876,,,,client-2-6,Insert,5148193,200,35109
client,client_request,completed,1777547182234836,2,,,1777547182202931,1777547182234836,1777547182202931,1777547182234836,,,,client-2-6,Insert,7126664,200,31905
client,client_request,completed,1777547182267178,2,,,1777547182235009,1777547182267178,1777547182235009,1777547182267178,,,,client-2-6,Insert,-550679,200,32169
client,client_request,completed,1777547182303619,2,,,1777547182267233,1777547182303619,1777547182267233,1777547182303619,,,,client-2-6,Remove,-8961944,200,36386
client,client_request,completed,1777547182340168,2,,,1777547182303676,1777547182340168,1777547182303676,1777547182340168,,,,client-2-6,Remove,8902895,200,36492
client,client_request,completed,1777547182377321,2,,,1777547182340266,1777547182377321,1777547182340266,1777547182377321,,,,client-2-6,Insert,10164681,200,37055
client,client_request,completed,1777547182412633,2,,,1777547182377403,1777547182412633,1777547182377403,1777547182412633,,,,client-2-6,Remove,13451264,200,35230
client,client_request,completed,1777547182449429,2,,,1777547182412705,1777547182449429,1777547182412705,1777547182449429,,,,client-2-6,Insert,-8622851,200,36724
client,client_request,completed,1777547182484823,2,,,1777547182449481,1777547182484823,1777547182449481,1777547182484823,,,,client-2-6,Remove,-27509,200,35342
client,client_request,completed,1777547182517713,2,,,1777547182484879,1777547182517713,1777547182484879,1777547182517713,,,,client-2-6,Remove,15477781,200,32834
client,client_request,completed,1777547182550624,2,,,1777547182517798,1777547182550624,1777547182517798,1777547182550624,,,,client-2-6,Remove,-5758022,200,32826
client,client_request,completed,1777547182587545,2,,,1777547182550798,1777547182587545,1777547182550798,1777547182587545,,,,client-2-6,Remove,4132354,200,36747
client,client_request,completed,1777547182623370,2,,,1777547182587604,1777547182623370,1777547182587604,1777547182623370,,,,client-2-6,Insert,9838199,200,35766
client,client_request,completed,1777547182656037,2,,,1777547182623426,1777547182656037,1777547182623426,1777547182656037,,,,client-2-6,Remove,-15260201,200,32611
client,client_request,completed,1777547182688863,2,,,1777547182656097,1777547182688863,1777547182656097,1777547182688863,,,,client-2-6,Insert,-1629227,200,32766
client,client_request,completed,1777547182722462,2,,,1777547182688925,1777547182722462,1777547182688925,1777547182722462,,,,client-2-6,Remove,3507372,200,33537
client,client_request,completed,1777547182817532,2,,,1777547182722535,1777547182817532,1777547182722535,1777547182817532,,,,client-2-6,Insert,-11054270,200,94997
client,client_request,completed,1777547182853937,2,,,1777547182817592,1777547182853937,1777547182817592,1777547182853937,,,,client-2-6,Remove,4593361,200,36345
client,client_request,completed,1777547182888126,2,,,1777547182853995,1777547182888126,1777547182853995,1777547182888126,,,,client-2-6,Insert,-2638052,200,34131
client,client_request,completed,1777547182924271,2,,,1777547182888234,1777547182924271,1777547182888234,1777547182924271,,,,client-2-6,Remove,4637863,200,36037
client,client_request,completed,1777547182958791,2,,,1777547182924336,1777547182958791,1777547182924336,1777547182958791,,,,client-2-6,Insert,-15287608,200,34455
client,client_request,completed,1777547182991359,2,,,1777547182958844,1777547182991359,1777547182958844,1777547182991359,,,,client-2-6,Remove,-5802118,200,32515
client,client_request,completed,1777547183023834,2,,,1777547182991413,1777547183023834,1777547182991413,1777547183023834,,,,client-2-6,Remove,6294399,200,32421
client,client_request,completed,1777547183059512,2,,,1777547183023894,1777547183059512,1777547183023894,1777547183059512,,,,client-2-6,Insert,-6252730,200,35618
client,client_request,completed,1777547183096260,2,,,1777547183059571,1777547183096260,1777547183059571,1777547183096260,,,,client-2-6,Remove,-16391043,200,36689
client,client_request,completed,1777547183132678,2,,,1777547183096317,1777547183132678,1777547183096317,1777547183132678,,,,client-2-6,Remove,8670438,200,36361
client,client_request,completed,1777547183168816,2,,,1777547183132741,1777547183168816,1777547183132741,1777547183168816,,,,client-2-6,Insert,9953030,200,36075
client,client_request,completed,1777547183205425,2,,,1777547183168874,1777547183205425,1777547183168874,1777547183205425,,,,client-2-6,Insert,-1825820,200,36551
client,client_request,completed,1777547183239683,2,,,1777547183205486,1777547183239683,1777547183205486,1777547183239683,,,,client-2-6,Remove,9804563,200,34197
client,client_request,completed,1777547183275170,2,,,1777547183239768,1777547183275170,1777547183239768,1777547183275170,,,,client-2-6,Remove,-2440917,200,35402
client,client_request,completed,1777547183311412,2,,,1777547183275230,1777547183311412,1777547183275230,1777547183311412,,,,client-2-6,Remove,-8737353,200,36182
client,client_request,completed,1777547183347803,2,,,1777547183311478,1777547183347803,1777547183311478,1777547183347803,,,,client-2-6,Insert,12444803,200,36325
client,client_request,completed,1777547183382598,2,,,1777547183347906,1777547183382598,1777547183347906,1777547183382598,,,,client-2-6,Insert,809216,200,34692
client,client_request,completed,1777547183420375,2,,,1777547183382654,1777547183420375,1777547183382654,1777547183420375,,,,client-2-6,Remove,-12247681,200,37721
client,client_request,completed,1777547183458296,2,,,1777547183420433,1777547183458296,1777547183420433,1777547183458296,,,,client-2-6,Insert,-16661331,200,37863
client,client_request,completed,1777547183493560,2,,,1777547183458385,1777547183493560,1777547183458385,1777547183493560,,,,client-2-6,Remove,-12030915,200,35175
client,client_request,completed,1777547183529863,2,,,1777547183493620,1777547183529863,1777547183493620,1777547183529863,,,,client-2-6,Insert,10208293,200,36243
client,client_request,completed,1777547183564096,2,,,1777547183529919,1777547183564096,1777547183529919,1777547183564096,,,,client-2-6,Insert,-13498903,200,34177
client,client_request,completed,1777547183602298,2,,,1777547183564160,1777547183602298,1777547183564160,1777547183602298,,,,client-2-6,Remove,-13286206,200,38138
client,client_request,completed,1777547183638436,2,,,1777547183602356,1777547183638436,1777547183602356,1777547183638436,,,,client-2-6,Remove,-5852032,200,36080
client,client_request,completed,1777547183670257,2,,,1777547183638494,1777547183670257,1777547183638494,1777547183670257,,,,client-2-6,Remove,-2465434,200,31763
client,client_request,completed,1777547183705680,2,,,1777547183670311,1777547183705680,1777547183670311,1777547183705680,,,,client-2-6,Insert,-15477699,200,35369
client,client_request,completed,1777547183799559,2,,,1777547183705736,1777547183799559,1777547183705736,1777547183799559,,,,client-2-6,Remove,-14594533,200,93823
client,client_request,completed,1777547183835897,2,,,1777547183799623,1777547183835897,1777547183799623,1777547183835897,,,,client-2-6,Insert,-3054884,200,36274
client,client_request,completed,1777547183870526,2,,,1777547183835953,1777547183870526,1777547183835953,1777547183870526,,,,client-2-6,Insert,11640060,200,34573
client,client_request,completed,1777547183906629,2,,,1777547183870593,1777547183906629,1777547183870593,1777547183906629,,,,client-2-6,Insert,8500029,200,36036
client,client_request,completed,1777547184018351,2,,,1777547183906686,1777547184018351,1777547183906686,1777547184018351,,,,client-2-6,Insert,16755766,200,111665
client,client_request,completed,1777547184051382,2,,,1777547184018509,1777547184051382,1777547184018509,1777547184051382,,,,client-2-6,Insert,-1192622,200,32873
client,client_request,completed,1777547184088458,2,,,1777547184051445,1777547184088458,1777547184051445,1777547184088458,,,,client-2-6,Insert,2016085,200,37013
client,client_request,completed,1777547184125032,2,,,1777547184088567,1777547184125032,1777547184088567,1777547184125032,,,,client-2-6,Insert,13191360,200,36465
client,client_request,completed,1777547184160875,2,,,1777547184125114,1777547184160875,1777547184125114,1777547184160875,,,,client-2-6,Insert,-10379855,200,35761
client,client_request,completed,1777547184202077,2,,,1777547184160946,1777547184202077,1777547184160946,1777547184202077,,,,client-2-6,Remove,13754500,200,41131
client,client_request,completed,1777547184239880,2,,,1777547184202132,1777547184239880,1777547184202132,1777547184239880,,,,client-2-6,Remove,-12913682,200,37748
client,client_request,completed,1777547184275172,2,,,1777547184239935,1777547184275172,1777547184239935,1777547184275172,,,,client-2-6,Insert,-8100164,200,35237
client,client_request,completed,1777547184308935,2,,,1777547184275236,1777547184308935,1777547184275236,1777547184308935,,,,client-2-6,Remove,13682499,200,33699
client,client_request,completed,1777547184345656,2,,,1777547184309019,1777547184345656,1777547184309019,1777547184345656,,,,client-2-6,Remove,-15948648,200,36637
client,client_request,completed,1777547184384094,2,,,1777547184345755,1777547184384094,1777547184345755,1777547184384094,,,,client-2-6,Remove,6007094,200,38339
client,client_request,completed,1777547184423566,2,,,1777547184384172,1777547184423566,1777547184384172,1777547184423566,,,,client-2-6,Remove,2866754,200,39394
client,client_request,completed,1777547184460045,2,,,1777547184423637,1777547184460045,1777547184423637,1777547184460045,,,,client-2-6,Insert,-2845055,200,36408
client,client_request,completed,1777547184500331,2,,,1777547184460105,1777547184500331,1777547184460105,1777547184500331,,,,client-2-6,Insert,-12258356,200,40226
client,client_request,completed,1777547184540124,2,,,1777547184500403,1777547184540124,1777547184500403,1777547184540124,,,,client-2-6,Remove,4343123,200,39721
client,client_request,completed,1777547184580001,2,,,1777547184540190,1777547184580001,1777547184540190,1777547184580001,,,,client-2-6,Insert,-9227804,200,39811
client,client_request,completed,1777547184617381,2,,,1777547184580085,1777547184617381,1777547184580085,1777547184617381,,,,client-2-6,Remove,-6270177,200,37296
client,client_request,completed,1777547184653354,2,,,1777547184617445,1777547184653354,1777547184617445,1777547184653354,,,,client-2-6,Remove,15894637,200,35909
client,client_request,completed,1777547184689784,2,,,1777547184653496,1777547184689784,1777547184653496,1777547184689784,,,,client-2-6,Remove,4138706,200,36288
client,client_request,completed,1777547184725705,2,,,1777547184689838,1777547184725705,1777547184689838,1777547184725705,,,,client-2-6,Insert,-7591185,200,35867
client,client_request,completed,1777547184823695,2,,,1777547184725767,1777547184823695,1777547184725767,1777547184823695,,,,client-2-6,Remove,-5596956,200,97928
client,client_request,completed,1777547184865194,2,,,1777547184824052,1777547184865194,1777547184824052,1777547184865194,,,,client-2-6,Insert,-10996566,200,41142
client,client_request,completed,1777547184905359,2,,,1777547184865265,1777547184905359,1777547184865265,1777547184905359,,,,client-2-6,Insert,9132258,200,40094
client,client_request,completed,1777547184948798,2,,,1777547184905427,1777547184948798,1777547184905427,1777547184948798,,,,client-2-6,Remove,-13755968,200,43371
client,client_request,completed,1777547184988728,2,,,1777547184948945,1777547184988728,1777547184948945,1777547184988728,,,,client-2-6,Insert,10251072,200,39783
client,client_request,completed,1777547185028401,2,,,1777547184988796,1777547185028401,1777547184988796,1777547185028401,,,,client-2-6,Remove,4493748,200,39605
client,client_request,completed,1777547185069585,2,,,1777547185028525,1777547185069585,1777547185028525,1777547185069585,,,,client-2-6,Insert,-5008747,200,41060
client,client_request,completed,1777547185109142,2,,,1777547185069660,1777547185109142,1777547185069660,1777547185109142,,,,client-2-6,Insert,-15651216,200,39482
client,client_request,completed,1777547185151007,2,,,1777547185109302,1777547185151007,1777547185109302,1777547185151007,,,,client-2-6,Remove,-10912146,200,41705
client,client_request,completed,1777547185193500,2,,,1777547185151072,1777547185193500,1777547185151072,1777547185193500,,,,client-2-6,Remove,-15119505,200,42428
client,client_request,completed,1777547185231822,2,,,1777547185193584,1777547185231822,1777547185193584,1777547185231822,,,,client-2-6,Insert,15362055,200,38238
client,client_request,completed,1777547185272482,2,,,1777547185231891,1777547185272482,1777547185231891,1777547185272482,,,,client-2-6,Insert,4875253,200,40591
client,client_request,completed,1777547185311851,2,,,1777547185272705,1777547185311851,1777547185272705,1777547185311851,,,,client-2-6,Remove,1611841,200,39146
client,client_request,completed,1777547185353039,2,,,1777547185311911,1777547185353039,1777547185311911,1777547185353039,,,,client-2-6,Remove,-2017765,200,41128
client,client_request,completed,1777547185395527,2,,,1777547185353103,1777547185395527,1777547185353103,1777547185395527,,,,client-2-6,Remove,4207054,200,42424
client,client_request,completed,1777547185436309,2,,,1777547185395614,1777547185436309,1777547185395614,1777547185436309,,,,client-2-6,Insert,10660779,200,40695
client,client_request,completed,1777547185476700,2,,,1777547185436383,1777547185476700,1777547185436383,1777547185476700,,,,client-2-6,Insert,-13953171,200,40317
client,client_request,completed,1777547185515962,2,,,1777547185476764,1777547185515962,1777547185476764,1777547185515962,,,,client-2-6,Remove,1482405,200,39198
client,client_request,completed,1777547185555688,2,,,1777547185516167,1777547185555688,1777547185516167,1777547185555688,,,,client-2-6,Remove,-16308042,200,39521
client,client_request,completed,1777547185596595,2,,,1777547185555753,1777547185596595,1777547185555753,1777547185596595,,,,client-2-6,Insert,-14506797,200,40842
client,client_request,completed,1777547185635031,2,,,1777547185596947,1777547185635031,1777547185596947,1777547185635031,,,,client-2-6,Remove,-10726276,200,38084
client,client_request,completed,1777547185675248,2,,,1777547185635132,1777547185675248,1777547185635132,1777547185675248,,,,client-2-6,Insert,5680164,200,40116
client,client_request,completed,1777547185713743,2,,,1777547185675344,1777547185713743,1777547185675344,1777547185713743,,,,client-2-6,Remove,-4775352,200,38399
client,client_request,completed,1777547185813882,2,,,1777547185713800,1777547185813882,1777547185713800,1777547185813882,,,,client-2-6,Insert,15007798,200,100082
client,client_request,completed,1777547185851131,2,,,1777547185813951,1777547185851131,1777547185813951,1777547185851131,,,,client-2-6,Insert,2102032,200,37180
client,client_request,completed,1777547185887454,2,,,1777547185851199,1777547185887454,1777547185851199,1777547185887454,,,,client-2-6,Remove,13112555,200,36255
client,client_request,completed,1777547185930510,2,,,1777547185887517,1777547185930510,1777547185887517,1777547185930510,,,,client-2-6,Insert,15575263,200,42993
client,client_request,completed,1777547185973772,2,,,1777547185930618,1777547185973772,1777547185930618,1777547185973772,,,,client-2-6,Insert,16535731,200,43154
client,client_request,completed,1777547186013430,2,,,1777547185973838,1777547186013430,1777547185973838,1777547186013430,,,,client-2-6,Insert,-12233789,200,39592
client,client_request,completed,1777547186053843,2,,,1777547186013494,1777547186053843,1777547186013494,1777547186053843,,,,client-2-6,Remove,6835849,200,40349
client,client_request,completed,1777547186094061,2,,,1777547186053913,1777547186094061,1777547186053913,1777547186094061,,,,client-2-6,Remove,6617196,200,40148
client,client_request,completed,1777547186135367,2,,,1777547186094125,1777547186135367,1777547186094125,1777547186135367,,,,client-2-6,Remove,-4361192,200,41242
client,client_request,completed,1777547186178623,2,,,1777547186135434,1777547186178623,1777547186135434,1777547186178623,,,,client-2-6,Remove,-2361910,200,43189
client,client_request,completed,1777547186218814,2,,,1777547186178684,1777547186218814,1777547186178684,1777547186218814,,,,client-2-6,Insert,-491507,200,40130
client,client_request,completed,1777547186260276,2,,,1777547186218886,1777547186260276,1777547186218886,1777547186260276,,,,client-2-6,Insert,2744785,200,41390
client,client_request,completed,1777547186304852,2,,,1777547186260366,1777547186304852,1777547186260366,1777547186304852,,,,client-2-6,Remove,-11232955,200,44486
client,client_request,completed,1777547186349504,2,,,1777547186304930,1777547186349504,1777547186304930,1777547186349504,,,,client-2-6,Remove,10880385,200,44574
client,client_request,completed,1777547186390018,2,,,1777547186349620,1777547186390018,1777547186349620,1777547186390018,,,,client-2-6,Insert,395966,200,40398
client,client_request,completed,1777547186432363,2,,,1777547186390076,1777547186432363,1777547186390076,1777547186432363,,,,client-2-6,Insert,599129,200,42287
client,client_request,completed,1777547186476182,2,,,1777547186432572,1777547186476182,1777547186432572,1777547186476182,,,,client-2-6,Remove,6939506,200,43610
client,client_request,completed,1777547186520158,2,,,1777547186476249,1777547186520158,1777547186476249,1777547186520158,,,,client-2-6,Remove,11638743,200,43909
client,client_request,completed,1777547186565149,2,,,1777547186520224,1777547186565149,1777547186520224,1777547186565149,,,,client-2-6,Insert,5588775,200,44925
client,client_request,completed,1777547186608213,2,,,1777547186565227,1777547186608213,1777547186565227,1777547186608213,,,,client-2-6,Remove,-11828955,200,42986
client,client_request,completed,1777547186650180,2,,,1777547186608282,1777547186650180,1777547186608282,1777547186650180,,,,client-2-6,Insert,-13125023,200,41898
client,client_request,completed,1777547186687205,2,,,1777547186650247,1777547186687205,1777547186650247,1777547186687205,,,,client-2-6,Remove,-9443303,200,36958
client,client_request,completed,1777547186726373,2,,,1777547186687275,1777547186726373,1777547186687275,1777547186726373,,,,client-2-6,Insert,-751623,200,39098
client,client_request,completed,1777547186825244,2,,,1777547186726441,1777547186825244,1777547186726441,1777547186825244,,,,client-2-6,Remove,-9323610,200,98803
client,client_request,completed,1777547186869615,2,,,1777547186825307,1777547186869615,1777547186825307,1777547186869615,,,,client-2-6,Remove,-414844,200,44308
client,client_request,completed,1777547186912036,2,,,1777547186869715,1777547186912036,1777547186869715,1777547186912036,,,,client-2-6,Insert,11833314,200,42321
client,client_request,completed,1777547186955031,2,,,1777547186912104,1777547186955031,1777547186912104,1777547186955031,,,,client-2-6,Insert,2020805,200,42927
client,client_request,completed,1777547186995923,2,,,1777547186955091,1777547186995923,1777547186955091,1777547186995923,,,,client-2-6,Insert,16109969,200,40832
client,client_request,completed,1777547187037215,2,,,1777547186996000,1777547187037215,1777547186996000,1777547187037215,,,,client-2-6,Insert,-15048425,200,41215
client,client_request,completed,1777547187079557,2,,,1777547187037282,1777547187079557,1777547187037282,1777547187079557,,,,client-2-6,Remove,14163988,200,42275
client,client_request,completed,1777547187123404,2,,,1777547187079686,1777547187123404,1777547187079686,1777547187123404,,,,client-2-6,Insert,-1828491,200,43718
client,client_request,completed,1777547187172373,2,,,1777547187123503,1777547187172373,1777547187123503,1777547187172373,,,,client-2-6,Remove,6505475,200,48870
client,client_request,completed,1777547187216003,2,,,1777547187172630,1777547187216003,1777547187172630,1777547187216003,,,,client-2-6,Remove,-16095633,200,43373
client,client_request,completed,1777547187257526,2,,,1777547187216058,1777547187257526,1777547187216058,1777547187257526,,,,client-2-6,Remove,-14366707,200,41468
client,client_request,completed,1777547187298611,2,,,1777547187257598,1777547187298611,1777547187257598,1777547187298611,,,,client-2-6,Insert,-453527,200,41013
client,client_request,completed,1777547187341623,2,,,1777547187298694,1777547187341623,1777547187298694,1777547187341623,,,,client-2-6,Insert,11034295,200,42929
client,client_request,completed,1777547187385075,2,,,1777547187341728,1777547187385075,1777547187341728,1777547187385075,,,,client-2-6,Insert,-2985853,200,43347
client,client_request,completed,1777547187430632,2,,,1777547187385149,1777547187430632,1777547187385149,1777547187430632,,,,client-2-6,Insert,-8340669,200,45483
client,client_request,completed,1777547187474575,2,,,1777547187430697,1777547187474575,1777547187430697,1777547187474575,,,,client-2-6,Insert,8446431,200,43878
client,client_request,completed,1777547187517790,2,,,1777547187474710,1777547187517790,1777547187474710,1777547187517790,,,,client-2-6,Remove,3307911,200,43080
client,client_request,completed,1777547187561095,2,,,1777547187517855,1777547187561095,1777547187517855,1777547187561095,,,,client-2-6,Remove,2771211,200,43240
client,client_request,completed,1777547187606861,2,,,1777547187561163,1777547187606861,1777547187561163,1777547187606861,,,,client-2-6,Insert,14338591,200,45698
client,client_request,completed,1777547187648762,2,,,1777547187606920,1777547187648762,1777547187606920,1777547187648762,,,,client-2-6,Remove,-5491561,200,41842
client,client_request,completed,1777547187690977,2,,,1777547187648942,1777547187690977,1777547187648942,1777547187690977,,,,client-2-6,Remove,-10545460,200,42035
client,client_request,completed,1777547187790813,2,,,1777547187691112,1777547187790813,1777547187691112,1777547187790813,,,,client-2-6,Remove,8513850,200,99701
client,client_request,completed,1777547187836282,2,,,1777547187790882,1777547187836282,1777547187790882,1777547187836282,,,,client-2-6,Insert,-9886787,200,45400
client,client_request,completed,1777547187878605,2,,,1777547187836367,1777547187878605,1777547187836367,1777547187878605,,,,client-2-6,Insert,8575811,200,42238
client,client_request,completed,1777547187922328,2,,,1777547187878678,1777547187922328,1777547187878678,1777547187922328,,,,client-2-6,Insert,3092341,200,43650
client,client_request,completed,1777547187966922,2,,,1777547187922434,1777547187966922,1777547187922434,1777547187966922,,,,client-2-6,Remove,-11302257,200,44488
client,client_request,completed,1777547188011386,2,,,1777547187966991,1777547188011386,1777547187966991,1777547188011386,,,,client-2-6,Remove,6396048,200,44395
client,client_request,completed,1777547188053132,2,,,1777547188011452,1777547188053132,1777547188011452,1777547188053132,,,,client-2-6,Remove,-4543172,200,41680
client,client_request,completed,1777547188095749,2,,,1777547188053192,1777547188095749,1777547188053192,1777547188095749,,,,client-2-6,Insert,3033658,200,42557
client,client_request,completed,1777547188139816,2,,,1777547188095942,1777547188139816,1777547188095942,1777547188139816,,,,client-2-6,Insert,16132716,200,43874
client,client_request,completed,1777547188186514,2,,,1777547188139887,1777547188186514,1777547188139887,1777547188186514,,,,client-2-6,Insert,10427380,200,46627
client,client_request,completed,1777547188230459,2,,,1777547188186583,1777547188230459,1777547188186583,1777547188230459,,,,client-2-6,Remove,12349318,200,43876
client,client_request,completed,1777547188271621,2,,,1777547188230520,1777547188271621,1777547188230520,1777547188271621,,,,client-2-6,Insert,3578143,200,41101
client,client_request,completed,1777547188314245,2,,,1777547188271700,1777547188314245,1777547188271700,1777547188314245,,,,client-2-6,Remove,-8849457,200,42545
client,client_request,completed,1777547188358262,2,,,1777547188314570,1777547188358262,1777547188314570,1777547188358262,,,,client-2-6,Remove,-317170,200,43692
client,client_request,completed,1777547188401150,2,,,1777547188358321,1777547188401150,1777547188358321,1777547188401150,,,,client-2-6,Remove,-9259079,200,42829
client,client_request,completed,1777547188740140,2,,,1777547188401210,1777547188740140,1777547188401210,1777547188740140,,,,client-2-6,Remove,-2412086,200,338930
client,client_request,completed,1777547188764685,2,,,1777547188740272,1777547188764685,1777547188740272,1777547188764685,,,OSError: [Errno 49] Can't assign requested address,client-2-6,Insert,418546,,24413
client,client_request,completed,1777547188787066,2,,,1777547188764747,1777547188787066,1777547188764747,1777547188787066,,,OSError: [Errno 49] Can't assign requested address,client-2-6,Remove,760349,,22319
client,client_request,completed,1777547188810208,2,,,1777547188787129,1777547188810208,1777547188787129,1777547188810208,,,OSError: [Errno 49] Can't assign requested address,client-2-6,Insert,1090253,,23079
client,client_request,completed,1777547188838818,2,,,1777547188810269,1777547188838818,1777547188810269,1777547188838818,,,OSError: [Errno 49] Can't assign requested address,client-2-6,Insert,12321458,,28549
client,client_request,completed,1777547188871262,2,,,1777547188838880,1777547188871262,1777547188838880,1777547188871262,,,OSError: [Errno 49] Can't assign requested address,client-2-6,Insert,-14961223,,32382
client,client_request,completed,1777547188895218,2,,,1777547188871321,1777547188895218,1777547188871321,1777547188895218,,,OSError: [Errno 49] Can't assign requested address,client-2-6,Insert,-13232406,,23897
client,client_request,completed,1777547188924549,2,,,1777547188895278,1777547188924549,1777547188895278,1777547188924549,,,OSError: [Errno 49] Can't assign requested address,client-2-6,Remove,2338195,,29271
client,client_request,completed,1777547188952535,2,,,1777547188924616,1777547188952535,1777547188924616,1777547188952535,,,OSError: [Errno 49] Can't assign requested address,client-2-6,Remove,-5620728,,27919
client,client_request,completed,1777547188981951,2,,,1777547188952596,1777547188981951,1777547188952596,1777547188981951,,,OSError: [Errno 49] Can't assign requested address,client-2-6,Remove,-15845944,,29355
client,client_request,completed,1777547189004733,2,,,1777547188982013,1777547189004733,1777547188982013,1777547189004733,,,OSError: [Errno 49] Can't assign requested address,client-2-6,Remove,11866284,,22720
client,client_request,completed,1777547189026807,2,,,1777547189004798,1777547189026807,1777547189004798,1777547189026807,,,OSError: [Errno 49] Can't assign requested address,client-2-6,Insert,10893960,,22009
client,client_request,completed,1777547189058798,2,,,1777547189026874,1777547189058798,1777547189026874,1777547189058798,,,OSError: [Errno 49] Can't assign requested address,client-2-6,Remove,-13424902,,31924
client,client_request,completed,1777547189091459,2,,,1777547189058867,1777547189091459,1777547189058867,1777547189091459,,,OSError: [Errno 49] Can't assign requested address,client-2-6,Insert,5848299,,32592
client,client_request,completed,1777547189123070,2,,,1777547189091520,1777547189123070,1777547189091520,1777547189123070,,,OSError: [Errno 49] Can't assign requested address,client-2-6,Remove,-6894664,,31550
client,client_request,completed,1777547189148911,2,,,1777547189123130,1777547189148911,1777547189123130,1777547189148911,,,OSError: [Errno 49] Can't assign requested address,client-2-6,Remove,-12747006,,25781
client,client_request,completed,1777547189176757,2,,,1777547189148973,1777547189176757,1777547189148973,1777547189176757,,,OSError: [Errno 49] Can't assign requested address,client-2-6,Remove,3099692,,27784
client,client_request,completed,1777547189219522,2,,,1777547189176820,1777547189219522,1777547189176820,1777547189219522,,,OSError: [Errno 49] Can't assign requested address,client-2-6,Insert,1997237,,42702
client,client_request,completed,1777547189251351,2,,,1777547189219588,1777547189251351,1777547189219588,1777547189251351,,,OSError: [Errno 49] Can't assign requested address,client-2-6,Remove,5314902,,31763
client,client_request,completed,1777547189280508,2,,,1777547189251416,1777547189280508,1777547189251416,1777547189280508,,,OSError: [Errno 49] Can't assign requested address,client-2-6,Insert,16184905,,29092
client,client_request,completed,1777547189310734,2,,,1777547189280568,1777547189310734,1777547189280568,1777547189310734,,,OSError: [Errno 49] Can't assign requested address,client-2-6,Remove,-12168567,,30166
client,client_request,completed,1777547189337157,2,,,1777547189310804,1777547189337157,1777547189310804,1777547189337157,,,OSError: [Errno 49] Can't assign requested address,client-2-6,Insert,4266381,,26353
client,client_request,completed,1777547189363729,2,,,1777547189337223,1777547189363729,1777547189337223,1777547189363729,,,OSError: [Errno 49] Can't assign requested address,client-2-6,Remove,15807491,,26506
client,client_request,completed,1777547189388220,2,,,1777547189363792,1777547189388220,1777547189363792,1777547189388220,,,OSError: [Errno 49] Can't assign requested address,client-2-6,Remove,-3060212,,24428
client,client_request,completed,1777547189419182,2,,,1777547189388283,1777547189419182,1777547189388283,1777547189419182,,,OSError: [Errno 49] Can't assign requested address,client-2-6,Insert,-2203359,,30899
client,client_request,completed,1777547189452551,2,,,1777547189419244,1777547189452551,1777547189419244,1777547189452551,,,OSError: [Errno 49] Can't assign requested address,client-2-6,Insert,15908926,,33307
client,client_request,completed,1777547189477950,2,,,1777547189452615,1777547189477950,1777547189452615,1777547189477950,,,OSError: [Errno 49] Can't assign requested address,client-2-6,Insert,-13163326,,25335
client,client_request,completed,1777547189504295,2,,,1777547189478015,1777547189504295,1777547189478015,1777547189504295,,,OSError: [Errno 49] Can't assign requested address,client-2-6,Insert,7856842,,26280
client,client_request,completed,1777547189541220,2,,,1777547189504361,1777547189541220,1777547189504361,1777547189541220,,,OSError: [Errno 49] Can't assign requested address,client-2-6,Insert,13291304,,36859
client,client_request,completed,1777547189579915,2,,,1777547189541280,1777547189579915,1777547189541280,1777547189579915,,,OSError: [Errno 49] Can't assign requested address,client-2-6,Remove,-16067425,,38635
client,client_request,completed,1777547189609102,2,,,1777547189579977,1777547189609102,1777547189579977,1777547189609102,,,OSError: [Errno 49] Can't assign requested address,client-2-6,Insert,13316103,,29125
client,client_request,completed,1777547189647786,2,,,1777547189609183,1777547189647786,1777547189609183,1777547189647786,,,OSError: [Errno 49] Can't assign requested address,client-2-6,Insert,-15928722,,38603
client,client_request,completed,1777547189669414,2,,,1777547189647841,1777547189669414,1777547189647841,1777547189669414,,,OSError: [Errno 49] Can't assign requested address,client-2-6,Insert,-3620309,,21573
client,client_request,completed,1777547189700750,2,,,1777547189669473,1777547189700750,1777547189669473,1777547189700750,,,OSError: [Errno 49] Can't assign requested address,client-2-6,Remove,9419318,,31277
client,client_request,completed,1777547189724617,2,,,1777547189700814,1777547189724617,1777547189700814,1777547189724617,,,OSError: [Errno 49] Can't assign requested address,client-2-6,Remove,2110615,,23803
client,client_request,completed,1777547189758561,2,,,1777547189724687,1777547189758561,1777547189724687,1777547189758561,,,OSError: [Errno 49] Can't assign requested address,client-2-6,Insert,-7512009,,33874
client,client_request,completed,1777547189781156,2,,,1777547189758622,1777547189781156,1777547189758622,1777547189781156,,,OSError: [Errno 49] Can't assign requested address,client-2-6,Insert,14615344,,22534
client,client_request,completed,1777547189805622,2,,,1777547189781215,1777547189805622,1777547189781215,1777547189805622,,,OSError: [Errno 49] Can't assign requested address,client-2-6,Remove,8512500,,24407
client,client_request,completed,1777547189830205,2,,,1777547189805683,1777547189830205,1777547189805683,1777547189830205,,,OSError: [Errno 49] Can't assign requested address,client-2-6,Insert,6815110,,24522
client,client_request,completed,1777547189852427,2,,,1777547189830272,1777547189852427,1777547189830272,1777547189852427,,,OSError: [Errno 49] Can't assign requested address,client-2-6,Remove,4427231,,22155
client,client_request,completed,1777547189884591,2,,,1777547189852486,1777547189884591,1777547189852486,1777547189884591,,,OSError: [Errno 49] Can't assign requested address,client-2-6,Remove,8949337,,32105
client,client_request,completed,1777547189909535,2,,,1777547189884654,1777547189909535,1777547189884654,1777547189909535,,,OSError: [Errno 49] Can't assign requested address,client-2-6,Insert,-6810062,,24881
client,client_request,completed,1777547189944740,2,,,1777547189909596,1777547189944740,1777547189909596,1777547189944740,,,OSError: [Errno 49] Can't assign requested address,client-2-6,Remove,2350767,,35144
client,client_request,completed,1777547189971870,2,,,1777547189944801,1777547189971870,1777547189944801,1777547189971870,,,OSError: [Errno 49] Can't assign requested address,client-2-6,Insert,2851538,,27069
client,client_request,completed,1777547189996351,2,,,1777547189971935,1777547189996351,1777547189971935,1777547189996351,,,OSError: [Errno 49] Can't assign requested address,client-2-6,Remove,4722854,,24416
client,client_request,completed,1777547190025482,2,,,1777547189996407,1777547190025482,1777547189996407,1777547190025482,,,OSError: [Errno 49] Can't assign requested address,client-2-6,Remove,15084836,,29075
client,client_request,completed,1777547190054144,2,,,1777547190025544,1777547190054144,1777547190025544,1777547190054144,,,OSError: [Errno 49] Can't assign requested address,client-2-6,Insert,-11343731,,28600
client,client_request,completed,1777547190082734,2,,,1777547190054216,1777547190082734,1777547190054216,1777547190082734,,,OSError: [Errno 49] Can't assign requested address,client-2-6,Remove,1597701,,28518
client,client_request,completed,1777547190109140,2,,,1777547190082800,1777547190109140,1777547190082800,1777547190109140,,,OSError: [Errno 49] Can't assign requested address,client-2-6,Insert,-1197358,,26340
client,client_request,completed,1777547190136244,2,,,1777547190109200,1777547190136244,1777547190109200,1777547190136244,,,OSError: [Errno 49] Can't assign requested address,client-2-6,Insert,15294859,,27044
client,client_request,completed,1777547190159082,2,,,1777547190136307,1777547190159082,1777547190136307,1777547190159082,,,OSError: [Errno 49] Can't assign requested address,client-2-6,Remove,-11143082,,22775
client,client_request,completed,1777547190179483,2,,,1777547190159144,1777547190179483,1777547190159144,1777547190179483,,,OSError: [Errno 49] Can't assign requested address,client-2-6,Remove,-9955730,,20339
client,client_request,completed,1777547190207946,2,,,1777547190179544,1777547190207946,1777547190179544,1777547190207946,,,OSError: [Errno 49] Can't assign requested address,client-2-6,Insert,13543710,,28402
client,client_request,completed,1777547190235533,2,,,1777547190208010,1777547190235533,1777547190208010,1777547190235533,,,OSError: [Errno 49] Can't assign requested address,client-2-6,Remove,-15036328,,27523
client,client_request,completed,1777547190262268,2,,,1777547190235594,1777547190262268,1777547190235594,1777547190262268,,,OSError: [Errno 49] Can't assign requested address,client-2-6,Insert,15255086,,26674
client,client_request,completed,1777547190289908,2,,,1777547190262358,1777547190289908,1777547190262358,1777547190289908,,,OSError: [Errno 49] Can't assign requested address,client-2-6,Remove,-7149275,,27550
client,client_request,completed,1777547190317754,2,,,1777547190289971,1777547190317754,1777547190289971,1777547190317754,,,OSError: [Errno 49] Can't assign requested address,client-2-6,Insert,-4467347,,27783
client,client_request,completed,1777547190352197,2,,,1777547190317813,1777547190352197,1777547190317813,1777547190352197,,,OSError: [Errno 49] Can't assign requested address,client-2-6,Remove,-5643571,,34384
client,client_request,completed,1777547190374236,2,,,1777547190352262,1777547190374236,1777547190352262,1777547190374236,,,OSError: [Errno 49] Can't assign requested address,client-2-6,Insert,3634394,,21974
client,client_request,completed,1777547190404821,2,,,1777547190374301,1777547190404821,1777547190374301,1777547190404821,,,OSError: [Errno 49] Can't assign requested address,client-2-6,Remove,-10920542,,30520
client,client_request,completed,1777547190429741,2,,,1777547190404927,1777547190429741,1777547190404927,1777547190429741,,,OSError: [Errno 49] Can't assign requested address,client-2-6,Remove,-10576741,,24814
client,client_request,completed,1777547190456740,2,,,1777547190429805,1777547190456740,1777547190429805,1777547190456740,,,OSError: [Errno 49] Can't assign requested address,client-2-6,Insert,16648620,,26935
client,client_request,completed,1777547190485376,2,,,1777547190456806,1777547190485376,1777547190456806,1777547190485376,,,OSError: [Errno 49] Can't assign requested address,client-2-6,Remove,-9768057,,28570
client,client_request,completed,1777547190512011,2,,,1777547190485437,1777547190512011,1777547190485437,1777547190512011,,,OSError: [Errno 49] Can't assign requested address,client-2-6,Insert,-12562747,,26574
client,client_request,completed,1777547190538344,2,,,1777547190512078,1777547190538344,1777547190512078,1777547190538344,,,OSError: [Errno 49] Can't assign requested address,client-2-6,Remove,-1702621,,26266
client,client_request,completed,1777547190567497,2,,,1777547190538401,1777547190567497,1777547190538401,1777547190567497,,,OSError: [Errno 49] Can't assign requested address,client-2-6,Insert,-15589177,,29096
client,client_request,completed,1777547190597003,2,,,1777547190567559,1777547190597003,1777547190567559,1777547190597003,,,OSError: [Errno 49] Can't assign requested address,client-2-6,Remove,-14963595,,29444
client,client_request,completed,1777547190631376,2,,,1777547190597063,1777547190631376,1777547190597063,1777547190631376,,,OSError: [Errno 49] Can't assign requested address,client-2-6,Insert,-12586722,,34313
client,client_request,completed,1777547190653393,2,,,1777547190631456,1777547190653393,1777547190631456,1777547190653393,,,OSError: [Errno 49] Can't assign requested address,client-2-6,Remove,7814949,,21937
client,client_request,completed,1777547190691422,2,,,1777547190653456,1777547190691422,1777547190653456,1777547190691422,,,OSError: [Errno 49] Can't assign requested address,client-2-6,Remove,12624817,,37966
client,client_request,completed,1777547190723299,2,,,1777547190691482,1777547190723299,1777547190691482,1777547190723299,,,OSError: [Errno 49] Can't assign requested address,client-2-6,Remove,-12153216,,31817
client,client_request,completed,1777547190748670,2,,,1777547190723360,1777547190748670,1777547190723360,1777547190748670,,,OSError: [Errno 49] Can't assign requested address,client-2-6,Remove,-13286863,,25310
client,client_request,completed,1777547190776907,2,,,1777547190748734,1777547190776907,1777547190748734,1777547190776907,,,OSError: [Errno 49] Can't assign requested address,client-2-6,Insert,-15792614,,28173
client,client_request,completed,1777547190813022,2,,,1777547190776968,1777547190813022,1777547190776968,1777547190813022,,,OSError: [Errno 49] Can't assign requested address,client-2-6,Remove,5104763,,36054
client,client_request,completed,1777547190842938,2,,,1777547190813082,1777547190842938,1777547190813082,1777547190842938,,,OSError: [Errno 49] Can't assign requested address,client-2-6,Insert,9542965,,29856
client,client_request,completed,1777547190868199,2,,,1777547190843002,1777547190868199,1777547190843002,1777547190868199,,,OSError: [Errno 49] Can't assign requested address,client-2-6,Remove,-13382895,,25197
client,client_request,completed,1777547190893147,2,,,1777547190868261,1777547190893147,1777547190868261,1777547190893147,,,OSError: [Errno 49] Can't assign requested address,client-2-6,Insert,14661389,,24886
client,client_request,completed,1777547190919650,2,,,1777547190893214,1777547190919650,1777547190893214,1777547190919650,,,OSError: [Errno 49] Can't assign requested address,client-2-6,Insert,13745654,,26436
client,client_request,completed,1777547190946218,2,,,1777547190919711,1777547190946218,1777547190919711,1777547190946218,,,OSError: [Errno 49] Can't assign requested address,client-2-6,Remove,5262971,,26507
client,client_request,completed,1777547190972597,2,,,1777547190946279,1777547190972597,1777547190946279,1777547190972597,,,OSError: [Errno 49] Can't assign requested address,client-2-6,Remove,16100272,,26318
client,client_request,completed,1777547191001890,2,,,1777547190972657,1777547191001890,1777547190972657,1777547191001890,,,OSError: [Errno 49] Can't assign requested address,client-2-6,Remove,-7436036,,29233
client,client_request,completed,1777547191027610,2,,,1777547191001956,1777547191027610,1777547191001956,1777547191027610,,,OSError: [Errno 49] Can't assign requested address,client-2-6,Remove,-11980369,,25654
client,client_request,completed,1777547191050457,2,,,1777547191027672,1777547191050457,1777547191027672,1777547191050457,,,OSError: [Errno 49] Can't assign requested address,client-2-6,Insert,15875488,,22785
client,client_request,completed,1777547191082197,2,,,1777547191050524,1777547191082197,1777547191050524,1777547191082197,,,OSError: [Errno 49] Can't assign requested address,client-2-6,Insert,-5143665,,31673
client,client_request,completed,1777547191109163,2,,,1777547191082257,1777547191109163,1777547191082257,1777547191109163,,,OSError: [Errno 49] Can't assign requested address,client-2-6,Insert,-2836757,,26906
client,client_request,completed,1777547191131403,2,,,1777547191109224,1777547191131403,1777547191109224,1777547191131403,,,OSError: [Errno 49] Can't assign requested address,client-2-6,Insert,-13754184,,22179
client,client_request,completed,1777547191161323,2,,,1777547191131467,1777547191161323,1777547191131467,1777547191161323,,,OSError: [Errno 49] Can't assign requested address,client-2-6,Insert,3984940,,29856
client,client_request,completed,1777547191189118,2,,,1777547191161389,1777547191189118,1777547191161389,1777547191189118,,,OSError: [Errno 49] Can't assign requested address,client-2-6,Insert,3541375,,27729
client,client_request,completed,1777547191236888,2,,,1777547191189178,1777547191236888,1777547191189178,1777547191236888,,,OSError: [Errno 49] Can't assign requested address,client-2-6,Insert,-3361503,,47710
client,client_request,completed,1777547191262067,2,,,1777547191237316,1777547191262067,1777547191237316,1777547191262067,,,OSError: [Errno 49] Can't assign requested address,client-2-6,Remove,2433514,,24751
client,client_request,completed,1777547191285247,2,,,1777547191262139,1777547191285247,1777547191262139,1777547191285247,,,OSError: [Errno 49] Can't assign requested address,client-2-6,Insert,-2907505,,23108
client,client_request,completed,1777547191307682,2,,,1777547191285313,1777547191307682,1777547191285313,1777547191307682,,,OSError: [Errno 49] Can't assign requested address,client-2-6,Insert,-2137158,,22369
client,client_request,completed,1777547191332351,2,,,1777547191307748,1777547191332351,1777547191307748,1777547191332351,,,OSError: [Errno 49] Can't assign requested address,client-2-6,Remove,10728361,,24603
client,client_request,completed,1777547191358031,2,,,1777547191332411,1777547191358031,1777547191332411,1777547191358031,,,OSError: [Errno 49] Can't assign requested address,client-2-6,Insert,-6504493,,25620
client,client_request,completed,1777547191393964,2,,,1777547191358094,1777547191393964,1777547191358094,1777547191393964,,,OSError: [Errno 49] Can't assign requested address,client-2-6,Insert,7386615,,35870
client,client_request,completed,1777547191412969,2,,,1777547191394033,1777547191412969,1777547191394033,1777547191412969,,,OSError: [Errno 49] Can't assign requested address,client-2-6,Remove,8022071,,18936
client,client_request,completed,1777547191438359,2,,,1777547191413040,1777547191438359,1777547191413040,1777547191438359,,,OSError: [Errno 49] Can't assign requested address,client-2-6,Remove,5352552,,25319
client,client_request,completed,1777547191467974,2,,,1777547191438416,1777547191467974,1777547191438416,1777547191467974,,,OSError: [Errno 49] Can't assign requested address,client-2-6,Remove,7683013,,29558
client,client_request,completed,1777547191489396,2,,,1777547191468038,1777547191489396,1777547191468038,1777547191489396,,,OSError: [Errno 49] Can't assign requested address,client-2-6,Remove,-14768070,,21358
client,client_request,completed,1777547191516931,2,,,1777547191489454,1777547191516931,1777547191489454,1777547191516931,,,OSError: [Errno 49] Can't assign requested address,client-2-6,Remove,-5126916,,27477
client,client_request,completed,1777547191550945,2,,,1777547191516995,1777547191550945,1777547191516995,1777547191550945,,,OSError: [Errno 49] Can't assign requested address,client-2-6,Insert,978722,,33950
client,client_request,completed,1777547191576482,2,,,1777547191551006,1777547191576482,1777547191551006,1777547191576482,,,OSError: [Errno 49] Can't assign requested address,client-2-6,Insert,4028181,,25476
client,client_request,completed,1777547191605505,2,,,1777547191576547,1777547191605505,1777547191576547,1777547191605505,,,OSError: [Errno 49] Can't assign requested address,client-2-6,Insert,11449045,,28958
client,client_request,completed,1777547191632102,2,,,1777547191605566,1777547191632102,1777547191605566,1777547191632102,,,OSError: [Errno 49] Can't assign requested address,client-2-6,Remove,8270071,,26536
client,client_request,completed,1777547191657686,2,,,1777547191632164,1777547191657686,1777547191632164,1777547191657686,,,OSError: [Errno 49] Can't assign requested address,client-2-6,Remove,-12971075,,25522
client,client_request,completed,1777547191686395,2,,,1777547191657748,1777547191686395,1777547191657748,1777547191686395,,,OSError: [Errno 49] Can't assign requested address,client-2-6,Insert,3300115,,28647
client,client_request,completed,1777547191718282,2,,,1777547191686462,1777547191718282,1777547191686462,1777547191718282,,,OSError: [Errno 49] Can't assign requested address,client-2-6,Insert,6090149,,31820
client,client_request,completed,1777547191748275,2,,,1777547191718348,1777547191748275,1777547191718348,1777547191748275,,,OSError: [Errno 49] Can't assign requested address,client-2-6,Insert,918972,,29927
client,client_request,completed,1777547191773467,2,,,1777547191748341,1777547191773467,1777547191748341,1777547191773467,,,OSError: [Errno 49] Can't assign requested address,client-2-6,Remove,1232450,,25126
client,client_request,completed,1777547191798877,2,,,1777547191773533,1777547191798877,1777547191773533,1777547191798877,,,OSError: [Errno 49] Can't assign requested address,client-2-6,Remove,-2654242,,25344
client,client_request,completed,1777547191823793,2,,,1777547191798936,1777547191823793,1777547191798936,1777547191823793,,,OSError: [Errno 49] Can't assign requested address,client-2-6,Insert,-2791250,,24857
client,client_request,completed,1777547191849516,2,,,1777547191823857,1777547191849516,1777547191823857,1777547191849516,,,OSError: [Errno 49] Can't assign requested address,client-2-6,Insert,6926509,,25659
client,client_request,completed,1777547191875044,2,,,1777547191849579,1777547191875044,1777547191849579,1777547191875044,,,OSError: [Errno 49] Can't assign requested address,client-2-6,Remove,4296740,,25465
client,client_request,completed,1777547191902406,2,,,1777547191875103,1777547191902406,1777547191875103,1777547191902406,,,OSError: [Errno 49] Can't assign requested address,client-2-6,Remove,-5496929,,27303
client,client_request,completed,1777547191923097,2,,,1777547191902464,1777547191923097,1777547191902464,1777547191923097,,,OSError: [Errno 49] Can't assign requested address,client-2-6,Insert,8335275,,20633
client,client_request,completed,1777547191942944,2,,,1777547191923161,1777547191942944,1777547191923161,1777547191942944,,,OSError: [Errno 49] Can't assign requested address,client-2-6,Remove,-2954418,,19783
client,client_request,completed,1777547191966735,2,,,1777547191943007,1777547191966735,1777547191943007,1777547191966735,,,OSError: [Errno 49] Can't assign requested address,client-2-6,Remove,3648227,,23728
client,client_request,completed,1777547191992767,2,,,1777547191966818,1777547191992767,1777547191966818,1777547191992767,,,OSError: [Errno 49] Can't assign requested address,client-2-6,Remove,-7995639,,25949
client,client_request,completed,1777547192018826,2,,,1777547191992868,1777547192018826,1777547191992868,1777547192018826,,,OSError: [Errno 49] Can't assign requested address,client-2-6,Remove,15527601,,25958
client,client_request,completed,1777547192051361,2,,,1777547192018891,1777547192051361,1777547192018891,1777547192051361,,,OSError: [Errno 49] Can't assign requested address,client-2-6,Insert,-4724985,,32470
client,client_request,completed,1777547192082797,2,,,1777547192051425,1777547192082797,1777547192051425,1777547192082797,,,OSError: [Errno 49] Can't assign requested address,client-2-6,Remove,-4259771,,31372
client,client_request,completed,1777547192106649,2,,,1777547192082861,1777547192106649,1777547192082861,1777547192106649,,,OSError: [Errno 49] Can't assign requested address,client-2-6,Insert,-865423,,23788
client,client_request,completed,1777547192136839,2,,,1777547192106709,1777547192136839,1777547192106709,1777547192136839,,,OSError: [Errno 49] Can't assign requested address,client-2-6,Insert,5210115,,30130
client,client_request,completed,1777547192164439,2,,,1777547192136900,1777547192164439,1777547192136900,1777547192164439,,,OSError: [Errno 49] Can't assign requested address,client-2-6,Remove,-15656709,,27539
client,client_request,completed,1777547192187687,2,,,1777547192164502,1777547192187687,1777547192164502,1777547192187687,,,OSError: [Errno 49] Can't assign requested address,client-2-6,Insert,-12427271,,23185
client,client_request,completed,1777547192215690,2,,,1777547192187749,1777547192215690,1777547192187749,1777547192215690,,,OSError: [Errno 49] Can't assign requested address,client-2-6,Insert,7388320,,27941
client,client_request,completed,1777547192250530,2,,,1777547192215761,1777547192250530,1777547192215761,1777547192250530,,,OSError: [Errno 49] Can't assign requested address,client-2-6,Remove,16394046,,34769
client,client_request,completed,1777547192273769,2,,,1777547192250595,1777547192273769,1777547192250595,1777547192273769,,,OSError: [Errno 49] Can't assign requested address,client-2-6,Remove,11367109,,23174
client,client_request,completed,1777547192292017,2,,,1777547192273833,1777547192292017,1777547192273833,1777547192292017,,,OSError: [Errno 49] Can't assign requested address,client-2-6,Insert,62287,,18184
client,client_request,completed,1777547192320821,2,,,1777547192292076,1777547192320821,1777547192292076,1777547192320821,,,OSError: [Errno 49] Can't assign requested address,client-2-6,Insert,-10073952,,28745
client,client_request,completed,1777547192345528,2,,,1777547192320880,1777547192345528,1777547192320880,1777547192345528,,,OSError: [Errno 49] Can't assign requested address,client-2-6,Remove,15066318,,24648
client,client_request,completed,1777547192371980,2,,,1777547192345594,1777547192371980,1777547192345594,1777547192371980,,,OSError: [Errno 49] Can't assign requested address,client-2-6,Insert,5226048,,26386
client,client_request,completed,1777547192399338,2,,,1777547192372047,1777547192399338,1777547192372047,1777547192399338,,,OSError: [Errno 49] Can't assign requested address,client-2-6,Remove,-15250959,,27291
client,client_request,completed,1777547192427859,2,,,1777547192399398,1777547192427859,1777547192399398,1777547192427859,,,OSError: [Errno 49] Can't assign requested address,client-2-6,Insert,-7804878,,28461
client,client_request,completed,1777547192453255,2,,,1777547192427923,1777547192453255,1777547192427923,1777547192453255,,,OSError: [Errno 49] Can't assign requested address,client-2-6,Insert,-9332365,,25332
client,client_request,completed,1777547192478870,2,,,1777547192453342,1777547192478870,1777547192453342,1777547192478870,,,OSError: [Errno 49] Can't assign requested address,client-2-6,Remove,16064578,,25528
client,client_request,completed,1777547192506772,2,,,1777547192478929,1777547192506772,1777547192478929,1777547192506772,,,OSError: [Errno 49] Can't assign requested address,client-2-6,Insert,-676107,,27843
client,client_request,completed,1777547192530927,2,,,1777547192506836,1777547192530927,1777547192506836,1777547192530927,,,OSError: [Errno 49] Can't assign requested address,client-2-6,Remove,12052249,,24091
client,client_request,completed,1777547192559153,2,,,1777547192530996,1777547192559153,1777547192530996,1777547192559153,,,OSError: [Errno 49] Can't assign requested address,client-2-6,Insert,-13136980,,28157
client,client_request,completed,1777547192588972,2,,,1777547192559216,1777547192588972,1777547192559216,1777547192588972,,,OSError: [Errno 49] Can't assign requested address,client-2-6,Remove,5159379,,29756
client,client_request,completed,1777547192621591,2,,,1777547192589041,1777547192621591,1777547192589041,1777547192621591,,,OSError: [Errno 49] Can't assign requested address,client-2-6,Insert,9998203,,32550
client,client_request,completed,1777547192656471,2,,,1777547192621652,1777547192656471,1777547192621652,1777547192656471,,,OSError: [Errno 49] Can't assign requested address,client-2-6,Remove,8911808,,34819
client,client_request,completed,1777547192696275,2,,,1777547192656531,1777547192696275,1777547192656531,1777547192696275,,,OSError: [Errno 49] Can't assign requested address,client-2-6,Insert,-9278936,,39744
client,client_request,completed,1777547192732953,2,,,1777547192696336,1777547192732953,1777547192696336,1777547192732953,,,OSError: [Errno 49] Can't assign requested address,client-2-6,Remove,-11506327,,36617
client,client_request,completed,1777547192757235,2,,,1777547192733014,1777547192757235,1777547192733014,1777547192757235,,,OSError: [Errno 49] Can't assign requested address,client-2-6,Remove,11038545,,24221
client,client_request,completed,1777547192782041,2,,,1777547192757304,1777547192782041,1777547192757304,1777547192782041,,,OSError: [Errno 49] Can't assign requested address,client-2-6,Remove,-1357108,,24737
client,client_request,completed,1777547192806810,2,,,1777547192782104,1777547192806810,1777547192782104,1777547192806810,,,OSError: [Errno 49] Can't assign requested address,client-2-6,Insert,-7394519,,24706
client,client_request,completed,1777547192840881,2,,,1777547192806878,1777547192840881,1777547192806878,1777547192840881,,,OSError: [Errno 49] Can't assign requested address,client-2-6,Insert,14403047,,34003
client,client_request,completed,1777547192864774,2,,,1777547192840944,1777547192864774,1777547192840944,1777547192864774,,,OSError: [Errno 49] Can't assign requested address,client-2-6,Insert,11240998,,23830
client,client_request,completed,1777547192886767,2,,,1777547192864835,1777547192886767,1777547192864835,1777547192886767,,,OSError: [Errno 49] Can't assign requested address,client-2-6,Remove,-14969711,,21932
client,client_request,completed,1777547192912711,2,,,1777547192886831,1777547192912711,1777547192886831,1777547192912711,,,OSError: [Errno 49] Can't assign requested address,client-2-6,Insert,-8543526,,25880
client,client_request,completed,1777547192937132,2,,,1777547192912788,1777547192937132,1777547192912788,1777547192937132,,,OSError: [Errno 49] Can't assign requested address,client-2-6,Insert,5969761,,24344
client,client_request,completed,1777547192963557,2,,,1777547192937196,1777547192963557,1777547192937196,1777547192963557,,,OSError: [Errno 49] Can't assign requested address,client-2-6,Insert,6293910,,26361
client,client_request,completed,1777547192987805,2,,,1777547192963624,1777547192987805,1777547192963624,1777547192987805,,,OSError: [Errno 49] Can't assign requested address,client-2-6,Remove,810186,,24181
client,client_request,completed,1777547193015890,2,,,1777547192987869,1777547193015890,1777547192987869,1777547193015890,,,OSError: [Errno 49] Can't assign requested address,client-2-6,Insert,-15534222,,28021
client,client_request,completed,1777547193043013,2,,,1777547193015952,1777547193043013,1777547193015952,1777547193043013,,,OSError: [Errno 49] Can't assign requested address,client-2-6,Remove,-6105733,,27061
client,client_request,completed,1777547193068595,2,,,1777547193043077,1777547193068595,1777547193043077,1777547193068595,,,OSError: [Errno 49] Can't assign requested address,client-2-6,Remove,4584183,,25518
client,client_request,completed,1777547193094440,2,,,1777547193068659,1777547193094440,1777547193068659,1777547193094440,,,OSError: [Errno 49] Can't assign requested address,client-2-6,Remove,-4878071,,25781
client,client_request,completed,1777547193120380,2,,,1777547193094502,1777547193120380,1777547193094502,1777547193120380,,,OSError: [Errno 49] Can't assign requested address,client-2-6,Insert,13057697,,25878
client,client_request,completed,1777547193145480,2,,,1777547193120446,1777547193145480,1777547193120446,1777547193145480,,,OSError: [Errno 49] Can't assign requested address,client-2-6,Insert,-15483673,,25034
client,client_request,completed,1777547193174068,2,,,1777547193145545,1777547193174068,1777547193145545,1777547193174068,,,OSError: [Errno 49] Can't assign requested address,client-2-6,Insert,-13311139,,28523
client,client_request,completed,1777547193202953,2,,,1777547193174134,1777547193202953,1777547193174134,1777547193202953,,,OSError: [Errno 49] Can't assign requested address,client-2-6,Remove,-13536641,,28819
client,client_request,completed,1777547193224520,2,,,1777547193203024,1777547193224520,1777547193203024,1777547193224520,,,OSError: [Errno 49] Can't assign requested address,client-2-6,Insert,-14814856,,21496
client,client_request,completed,1777547193251920,2,,,1777547193224588,1777547193251920,1777547193224588,1777547193251920,,,OSError: [Errno 49] Can't assign requested address,client-2-6,Remove,-10746234,,27332
client,client_request,completed,1777547193279768,2,,,1777547193251983,1777547193279768,1777547193251983,1777547193279768,,,OSError: [Errno 49] Can't assign requested address,client-2-6,Insert,6845936,,27785
client,client_request,completed,1777547193311992,2,,,1777547193279837,1777547193311992,1777547193279837,1777547193311992,,,OSError: [Errno 49] Can't assign requested address,client-2-6,Insert,1745793,,32155
client,client_request,completed,1777547193333146,2,,,1777547193312066,1777547193333146,1777547193312066,1777547193333146,,,OSError: [Errno 49] Can't assign requested address,client-2-6,Insert,8641390,,21080
client,client_request,completed,1777547193364899,2,,,1777547193333211,1777547193364899,1777547193333211,1777547193364899,,,OSError: [Errno 49] Can't assign requested address,client-2-6,Remove,-10183998,,31688
client,client_request,completed,1777547193397709,2,,,1777547193364961,1777547193397709,1777547193364961,1777547193397709,,,OSError: [Errno 49] Can't assign requested address,client-2-6,Remove,10828373,,32748
client,client_request,completed,1777547193424526,2,,,1777547193397773,1777547193424526,1777547193397773,1777547193424526,,,OSError: [Errno 49] Can't assign requested address,client-2-6,Remove,-2812179,,26753
client,client_request,completed,1777547193451816,2,,,1777547193424595,1777547193451816,1777547193424595,1777547193451816,,,OSError: [Errno 49] Can't assign requested address,client-2-6,Insert,-14700322,,27221
client,client_request,completed,1777547193477300,2,,,1777547193451883,1777547193477300,1777547193451883,1777547193477300,,,OSError: [Errno 49] Can't assign requested address,client-2-6,Remove,16772581,,25417
client,client_request,completed,1777547193508475,2,,,1777547193477373,1777547193508475,1777547193477373,1777547193508475,,,OSError: [Errno 49] Can't assign requested address,client-2-6,Remove,-9637330,,31102
client,client_request,completed,1777547193544179,2,,,1777547193508539,1777547193544179,1777547193508539,1777547193544179,,,OSError: [Errno 49] Can't assign requested address,client-2-6,Remove,11070285,,35640
client,client_request,completed,1777547193571768,2,,,1777547193544238,1777547193571768,1777547193544238,1777547193571768,,,OSError: [Errno 49] Can't assign requested address,client-2-6,Remove,16494080,,27530
client,client_request,completed,1777547193600970,2,,,1777547193571827,1777547193600970,1777547193571827,1777547193600970,,,OSError: [Errno 49] Can't assign requested address,client-2-6,Remove,15415064,,29143
client,client_request,completed,1777547193624821,2,,,1777547193601034,1777547193624821,1777547193601034,1777547193624821,,,OSError: [Errno 49] Can't assign requested address,client-2-6,Remove,8817917,,23787
client,client_request,completed,1777547193655396,2,,,1777547193624889,1777547193655396,1777547193624889,1777547193655396,,,OSError: [Errno 49] Can't assign requested address,client-2-6,Remove,-6911471,,30507
client,client_request,completed,1777547193678938,2,,,1777547193655461,1777547193678938,1777547193655461,1777547193678938,,,OSError: [Errno 49] Can't assign requested address,client-2-6,Insert,-8487988,,23477
client,client_request,completed,1777547193704234,2,,,1777547193679005,1777547193704234,1777547193679005,1777547193704234,,,OSError: [Errno 49] Can't assign requested address,client-2-6,Insert,1450916,,25229
client,client_request,completed,1777547193749552,2,,,1777547193704295,1777547193749552,1777547193704295,1777547193749552,,,OSError: [Errno 49] Can't assign requested address,client-2-6,Remove,-6566479,,45257
client,client_request,completed,1777547193777320,2,,,1777547193749617,1777547193777320,1777547193749617,1777547193777320,,,OSError: [Errno 49] Can't assign requested address,client-2-6,Insert,-16343804,,27703
client,client_request,completed,1777547193799621,2,,,1777547193777383,1777547193799621,1777547193777383,1777547193799621,,,OSError: [Errno 49] Can't assign requested address,client-2-6,Remove,-15001315,,22238
client,client_request,completed,1777547193829435,2,,,1777547193799688,1777547193829435,1777547193799688,1777547193829435,,,OSError: [Errno 49] Can't assign requested address,client-2-6,Remove,-901416,,29747
client,client_request,completed,1777547193856271,2,,,1777547193829544,1777547193856271,1777547193829544,1777547193856271,,,OSError: [Errno 49] Can't assign requested address,client-2-6,Insert,-16313061,,26727
client,client_request,completed,1777547193885651,2,,,1777547193856333,1777547193885651,1777547193856333,1777547193885651,,,OSError: [Errno 49] Can't assign requested address,client-2-6,Remove,9658047,,29318
client,client_request,completed,1777547193911676,2,,,1777547193885721,1777547193911676,1777547193885721,1777547193911676,,,OSError: [Errno 49] Can't assign requested address,client-2-6,Insert,9686432,,25955
client,client_request,completed,1777547193937807,2,,,1777547193911743,1777547193937807,1777547193911743,1777547193937807,,,OSError: [Errno 49] Can't assign requested address,client-2-6,Remove,14067144,,26064
client,client_request,completed,1777547194014672,2,,,1777547193937871,1777547194014672,1777547193937871,1777547194014672,,,OSError: [Errno 49] Can't assign requested address,client-2-6,Remove,-7035824,,76801
client,client_request,completed,1777547194040431,2,,,1777547194014763,1777547194040431,1777547194014763,1777547194040431,,,OSError: [Errno 49] Can't assign requested address,client-2-6,Insert,9007065,,25668
client,client_request,completed,1777547194058742,2,,,1777547194040495,1777547194058742,1777547194040495,1777547194058742,,,OSError: [Errno 49] Can't assign requested address,client-2-6,Insert,2442424,,18247
client,client_request,completed,1777547194085736,2,,,1777547194058815,1777547194085736,1777547194058815,1777547194085736,,,OSError: [Errno 49] Can't assign requested address,client-2-6,Remove,14620674,,26921
client,client_request,completed,1777547194118775,2,,,1777547194085796,1777547194118775,1777547194085796,1777547194118775,,,OSError: [Errno 49] Can't assign requested address,client-2-6,Remove,4353300,,32979
client,client_request,completed,1777547194159003,2,,,1777547194118843,1777547194159003,1777547194118843,1777547194159003,,,OSError: [Errno 49] Can't assign requested address,client-2-6,Remove,8009742,,40160
client,client_request,completed,1777547194185033,2,,,1777547194159070,1777547194185033,1777547194159070,1777547194185033,,,OSError: [Errno 49] Can't assign requested address,client-2-6,Insert,-13594763,,25963
client,client_request,completed,1777547194210484,2,,,1777547194185111,1777547194210484,1777547194185111,1777547194210484,,,OSError: [Errno 49] Can't assign requested address,client-2-6,Remove,10490257,,25373
client,client_request,completed,1777547194234641,2,,,1777547194210547,1777547194234641,1777547194210547,1777547194234641,,,OSError: [Errno 49] Can't assign requested address,client-2-6,Remove,12490544,,24094
client,client_request,completed,1777547194256100,2,,,1777547194234703,1777547194256100,1777547194234703,1777547194256100,,,OSError: [Errno 49] Can't assign requested address,client-2-6,Remove,-13922186,,21397
client,client_request,completed,1777547194283042,2,,,1777547194256162,1777547194283042,1777547194256162,1777547194283042,,,OSError: [Errno 49] Can't assign requested address,client-2-6,Insert,9334123,,26880
client,client_request,completed,1777547194305306,2,,,1777547194283106,1777547194305306,1777547194283106,1777547194305306,,,OSError: [Errno 49] Can't assign requested address,client-2-6,Remove,-4121514,,22200
client,client_request,completed,1777547194334365,2,,,1777547194305366,1777547194334365,1777547194305366,1777547194334365,,,OSError: [Errno 49] Can't assign requested address,client-2-6,Insert,-3473555,,28999
client,client_request,completed,1777547194365134,2,,,1777547194334430,1777547194365134,1777547194334430,1777547194365134,,,OSError: [Errno 49] Can't assign requested address,client-2-6,Remove,-11724461,,30704
client,client_request,completed,1777547194397034,2,,,1777547194365197,1777547194397034,1777547194365197,1777547194397034,,,OSError: [Errno 49] Can't assign requested address,client-2-6,Remove,-13887551,,31837
client,client_request,completed,1777547194422918,2,,,1777547194397101,1777547194422918,1777547194397101,1777547194422918,,,OSError: [Errno 49] Can't assign requested address,client-2-6,Remove,3298388,,25817
client,client_request,completed,1777547194448473,2,,,1777547194423019,1777547194448473,1777547194423019,1777547194448473,,,OSError: [Errno 49] Can't assign requested address,client-2-6,Remove,-15011369,,25454
client,client_request,completed,1777547194471805,2,,,1777547194448536,1777547194471805,1777547194448536,1777547194471805,,,OSError: [Errno 49] Can't assign requested address,client-2-6,Remove,9210980,,23269
client,client_request,completed,1777547194499542,2,,,1777547194471864,1777547194499542,1777547194471864,1777547194499542,,,OSError: [Errno 49] Can't assign requested address,client-2-6,Remove,14783588,,27678
client,client_request,completed,1777547194525653,2,,,1777547194499602,1777547194525653,1777547194499602,1777547194525653,,,OSError: [Errno 49] Can't assign requested address,client-2-6,Remove,706100,,26051
client,client_request,completed,1777547194554991,2,,,1777547194525714,1777547194554991,1777547194525714,1777547194554991,,,OSError: [Errno 49] Can't assign requested address,client-2-6,Insert,-3194400,,29277
client,client_request,completed,1777547194583235,2,,,1777547194555053,1777547194583235,1777547194555053,1777547194583235,,,OSError: [Errno 49] Can't assign requested address,client-2-6,Remove,7623610,,28182
client,client_request,completed,1777547194610932,2,,,1777547194583290,1777547194610932,1777547194583290,1777547194610932,,,OSError: [Errno 49] Can't assign requested address,client-2-6,Insert,7164559,,27642
client,client_request,completed,1777547194637658,2,,,1777547194610993,1777547194637658,1777547194610993,1777547194637658,,,OSError: [Errno 49] Can't assign requested address,client-2-6,Remove,-787169,,26665
client,client_request,completed,1777547194671930,2,,,1777547194637726,1777547194671930,1777547194637726,1777547194671930,,,OSError: [Errno 49] Can't assign requested address,client-2-6,Insert,9002947,,34204
client,client_request,completed,1777547194700978,2,,,1777547194671994,1777547194700978,1777547194671994,1777547194700978,,,OSError: [Errno 49] Can't assign requested address,client-2-6,Insert,6838384,,28984
client,client_request,completed,1777547194732784,2,,,1777547194701038,1777547194732784,1777547194701038,1777547194732784,,,OSError: [Errno 49] Can't assign requested address,client-2-6,Remove,12573845,,31746
client,client_request,completed,1777547194755983,2,,,1777547194732843,1777547194755983,1777547194732843,1777547194755983,,,OSError: [Errno 49] Can't assign requested address,client-2-6,Remove,2206829,,23140
client,client_request,completed,1777547194777958,2,,,1777547194756041,1777547194777958,1777547194756041,1777547194777958,,,OSError: [Errno 49] Can't assign requested address,client-2-6,Insert,13053458,,21917
client,client_request,completed,1777547194808379,2,,,1777547194778012,1777547194808379,1777547194778012,1777547194808379,,,OSError: [Errno 49] Can't assign requested address,client-2-6,Remove,1715597,,30367
client,client_request,completed,1777547194832483,2,,,1777547194808439,1777547194832483,1777547194808439,1777547194832483,,,OSError: [Errno 49] Can't assign requested address,client-2-6,Remove,12404492,,24044
client,client_request,completed,1777547194855965,2,,,1777547194832544,1777547194855965,1777547194832544,1777547194855965,,,OSError: [Errno 49] Can't assign requested address,client-2-6,Insert,-5024122,,23421
client,client_request,completed,1777547194879310,2,,,1777547194856028,1777547194879310,1777547194856028,1777547194879310,,,OSError: [Errno 49] Can't assign requested address,client-2-6,Remove,-1245094,,23282
client,client_request,completed,1777547194906062,2,,,1777547194879385,1777547194906062,1777547194879385,1777547194906062,,,OSError: [Errno 49] Can't assign requested address,client-2-6,Insert,-11169897,,26677
client,client_request,completed,1777547194932313,2,,,1777547194906126,1777547194932313,1777547194906126,1777547194932313,,,OSError: [Errno 49] Can't assign requested address,client-2-6,Remove,-2770835,,26187
client,client_request,completed,1777547194957848,2,,,1777547194932382,1777547194957848,1777547194932382,1777547194957848,,,OSError: [Errno 49] Can't assign requested address,client-2-6,Insert,-5885941,,25466
client,client_request,completed,1777547194979481,2,,,1777547194957928,1777547194979481,1777547194957928,1777547194979481,,,OSError: [Errno 49] Can't assign requested address,client-2-6,Insert,15474809,,21553
client,client_request,completed,1777547195010992,2,,,1777547194979541,1777547195010992,1777547194979541,1777547195010992,,,OSError: [Errno 49] Can't assign requested address,client-2-6,Remove,7819957,,31451
client,client_request,completed,1777547195037849,2,,,1777547195011078,1777547195037849,1777547195011078,1777547195037849,,,OSError: [Errno 49] Can't assign requested address,client-2-6,Insert,-16427145,,26771
client,client_request,completed,1777547195066436,2,,,1777547195037910,1777547195066436,1777547195037910,1777547195066436,,,OSError: [Errno 49] Can't assign requested address,client-2-6,Insert,5540892,,28526
client,client_request,completed,1777547195094779,2,,,1777547195066495,1777547195094779,1777547195066495,1777547195094779,,,OSError: [Errno 49] Can't assign requested address,client-2-6,Remove,7919621,,28284
client,client_request,completed,1777547195119535,2,,,1777547195094838,1777547195119535,1777547195094838,1777547195119535,,,OSError: [Errno 49] Can't assign requested address,client-2-6,Insert,-5913549,,24697
client,client_request,completed,1777547195150729,2,,,1777547195119594,1777547195150729,1777547195119594,1777547195150729,,,OSError: [Errno 49] Can't assign requested address,client-2-6,Remove,-15620241,,31135
client,client_request,completed,1777547195177633,2,,,1777547195150783,1777547195177633,1777547195150783,1777547195177633,,,OSError: [Errno 49] Can't assign requested address,client-2-6,Insert,-15432013,,26850
client,client_request,completed,1777547195205633,2,,,1777547195177692,1777547195205633,1777547195177692,1777547195205633,,,OSError: [Errno 49] Can't assign requested address,client-2-6,Insert,-3726528,,27941
client,client_request,completed,1777547195239071,2,,,1777547195205693,1777547195239071,1777547195205693,1777547195239071,,,OSError: [Errno 49] Can't assign requested address,client-2-6,Insert,-1319589,,33378
client,client_request,completed,1777547195279045,2,,,1777547195239129,1777547195279045,1777547195239129,1777547195279045,,,OSError: [Errno 49] Can't assign requested address,client-2-6,Remove,15506788,,39916
client,client_request,completed,1777547195318988,2,,,1777547195279101,1777547195318988,1777547195279101,1777547195318988,,,OSError: [Errno 49] Can't assign requested address,client-2-6,Remove,-459952,,39887
client,client_request,completed,1777547195341826,2,,,1777547195319047,1777547195341826,1777547195319047,1777547195341826,,,OSError: [Errno 49] Can't assign requested address,client-2-6,Remove,10936399,,22779
client,client_request,completed,1777547195381346,2,,,1777547195341889,1777547195381346,1777547195341889,1777547195381346,,,OSError: [Errno 49] Can't assign requested address,client-2-6,Remove,-14180879,,39457
client,client_request,completed,1777547195408287,2,,,1777547195381410,1777547195408287,1777547195381410,1777547195408287,,,OSError: [Errno 49] Can't assign requested address,client-2-6,Remove,-7073542,,26877
client,client_request,completed,1777547195434057,2,,,1777547195408340,1777547195434057,1777547195408340,1777547195434057,,,OSError: [Errno 49] Can't assign requested address,client-2-6,Remove,13785104,,25717
client,client_request,completed,1777547195458410,2,,,1777547195434113,1777547195458410,1777547195434113,1777547195458410,,,OSError: [Errno 49] Can't assign requested address,client-2-6,Remove,-3071202,,24297
client,client_request,completed,1777547195495237,2,,,1777547195458470,1777547195495237,1777547195458470,1777547195495237,,,OSError: [Errno 49] Can't assign requested address,client-2-6,Insert,2245662,,36767
client,client_request,completed,1777547195530606,2,,,1777547195495293,1777547195530606,1777547195495293,1777547195530606,,,OSError: [Errno 49] Can't assign requested address,client-2-6,Insert,-12835555,,35313
client,client_request,completed,1777547195557038,2,,,1777547195530670,1777547195557038,1777547195530670,1777547195557038,,,OSError: [Errno 49] Can't assign requested address,client-2-6,Remove,-12072723,,26368
client,client_request,completed,1777547195581735,2,,,1777547195557099,1777547195581735,1777547195557099,1777547195581735,,,OSError: [Errno 49] Can't assign requested address,client-2-6,Remove,13397425,,24636
client,client_request,completed,1777547195612795,2,,,1777547195581792,1777547195612795,1777547195581792,1777547195612795,,,OSError: [Errno 49] Can't assign requested address,client-2-6,Remove,10785917,,31003
client,client_request,completed,1777547195631055,2,,,1777547195612849,1777547195631055,1777547195612849,1777547195631055,,,OSError: [Errno 49] Can't assign requested address,client-2-6,Insert,-6198860,,18206
client,client_request,completed,1777547195664898,2,,,1777547195631112,1777547195664898,1777547195631112,1777547195664898,,,OSError: [Errno 49] Can't assign requested address,client-2-6,Remove,1671202,,33786
client,client_request,completed,1777547195687503,2,,,1777547195664959,1777547195687503,1777547195664959,1777547195687503,,,OSError: [Errno 49] Can't assign requested address,client-2-6,Insert,-10818120,,22544
client,client_request,completed,1777547195725658,2,,,1777547195687562,1777547195725658,1777547195687562,1777547195725658,,,OSError: [Errno 49] Can't assign requested address,client-2-6,Remove,-2425798,,38096
client,client_request,completed,1777547195749897,2,,,1777547195725720,1777547195749897,1777547195725720,1777547195749897,,,OSError: [Errno 49] Can't assign requested address,client-2-6,Remove,12087486,,24177
client,client_request,completed,1777547195781534,2,,,1777547195749959,1777547195781534,1777547195749959,1777547195781534,,,OSError: [Errno 49] Can't assign requested address,client-2-6,Remove,-12230080,,31575
client,client_request,completed,1777547195810214,2,,,1777547195781591,1777547195810214,1777547195781591,1777547195810214,,,OSError: [Errno 49] Can't assign requested address,client-2-6,Remove,-12568685,,28623
client,client_request,completed,1777547195834943,2,,,1777547195810275,1777547195834943,1777547195810275,1777547195834943,,,OSError: [Errno 49] Can't assign requested address,client-2-6,Insert,11803582,,24668
client,client_request,completed,1777547195858199,2,,,1777547195835000,1777547195858199,1777547195835000,1777547195858199,,,OSError: [Errno 49] Can't assign requested address,client-2-6,Insert,-16304520,,23199
client,client_request,completed,1777547195884838,2,,,1777547195858259,1777547195884838,1777547195858259,1777547195884838,,,OSError: [Errno 49] Can't assign requested address,client-2-6,Insert,-8117616,,26579
client,client_request,completed,1777547195917096,2,,,1777547195884898,1777547195917096,1777547195884898,1777547195917096,,,OSError: [Errno 49] Can't assign requested address,client-2-6,Remove,-4459891,,32198
client,client_request,completed,1777547195951507,2,,,1777547195917156,1777547195951507,1777547195917156,1777547195951507,,,OSError: [Errno 49] Can't assign requested address,client-2-6,Insert,5818433,,34351
client,client_request,completed,1777547195980834,2,,,1777547195951561,1777547195980834,1777547195951561,1777547195980834,,,OSError: [Errno 49] Can't assign requested address,client-2-6,Insert,2541730,,29273
client,client_request,completed,1777547196012925,2,,,1777547195980893,1777547196012925,1777547195980893,1777547196012925,,,OSError: [Errno 49] Can't assign requested address,client-2-6,Insert,-12457689,,32032
client,client_request,completed,1777547196039777,2,,,1777547196012984,1777547196039777,1777547196012984,1777547196039777,,,OSError: [Errno 49] Can't assign requested address,client-2-6,Remove,7577091,,26793
client,client_request,completed,1777547196067680,2,,,1777547196039835,1777547196067680,1777547196039835,1777547196067680,,,OSError: [Errno 49] Can't assign requested address,client-2-6,Remove,-569584,,27845
client,client_request,completed,1777547196099614,2,,,1777547196067735,1777547196099614,1777547196067735,1777547196099614,,,OSError: [Errno 49] Can't assign requested address,client-2-6,Remove,-16579508,,31879
client,client_request,completed,1777547196123524,2,,,1777547196099672,1777547196123524,1777547196099672,1777547196123524,,,OSError: [Errno 49] Can't assign requested address,client-2-6,Insert,6151056,,23852
client,client_request,completed,1777547196152777,2,,,1777547196123582,1777547196152777,1777547196123582,1777547196152777,,,OSError: [Errno 49] Can't assign requested address,client-2-6,Insert,-16512229,,29195
client,client_request,completed,1777547196185562,2,,,1777547196152837,1777547196185562,1777547196152837,1777547196185562,,,OSError: [Errno 49] Can't assign requested address,client-2-6,Insert,7735609,,32725
client,client_request,completed,1777547196210404,2,,,1777547196185624,1777547196210404,1777547196185624,1777547196210404,,,OSError: [Errno 49] Can't assign requested address,client-2-6,Insert,15210372,,24780
client,client_request,completed,1777547196244968,2,,,1777547196210462,1777547196244968,1777547196210462,1777547196244968,,,OSError: [Errno 49] Can't assign requested address,client-2-6,Remove,-12489303,,34506
client,client_request,completed,1777547196270242,2,,,1777547196245030,1777547196270242,1777547196245030,1777547196270242,,,OSError: [Errno 49] Can't assign requested address,client-2-6,Insert,-2152465,,25212
client,client_request,completed,1777547196293745,2,,,1777547196270305,1777547196293745,1777547196270305,1777547196293745,,,OSError: [Errno 49] Can't assign requested address,client-2-6,Remove,-11697726,,23440
client,client_request,completed,1777547196319977,2,,,1777547196293802,1777547196319977,1777547196293802,1777547196319977,,,OSError: [Errno 49] Can't assign requested address,client-2-6,Remove,-2643058,,26175
client,client_request,completed,1777547196341058,2,,,1777547196320036,1777547196341058,1777547196320036,1777547196341058,,,OSError: [Errno 49] Can't assign requested address,client-2-6,Remove,14574906,,21022
client,client_request,completed,1777547196367135,2,,,1777547196341117,1777547196367135,1777547196341117,1777547196367135,,,OSError: [Errno 49] Can't assign requested address,client-2-6,Insert,-5537720,,26018
client,client_request,completed,1777547196395924,2,,,1777547196367190,1777547196395924,1777547196367190,1777547196395924,,,OSError: [Errno 49] Can't assign requested address,client-2-6,Remove,-12377596,,28734
client,client_request,completed,1777547196422391,2,,,1777547196395984,1777547196422391,1777547196395984,1777547196422391,,,OSError: [Errno 49] Can't assign requested address,client-2-6,Remove,-13766953,,26407
client,client_request,completed,1777547196449648,2,,,1777547196422451,1777547196449648,1777547196422451,1777547196449648,,,OSError: [Errno 49] Can't assign requested address,client-2-6,Insert,-775820,,27197
client,client_request,completed,1777547196474721,2,,,1777547196449705,1777547196474721,1777547196449705,1777547196474721,,,OSError: [Errno 49] Can't assign requested address,client-2-6,Insert,-6627458,,25016
client,client_request,completed,1777547196498652,2,,,1777547196474783,1777547196498652,1777547196474783,1777547196498652,,,OSError: [Errno 49] Can't assign requested address,client-2-6,Remove,10141257,,23869
client,client_request,completed,1777547196522035,2,,,1777547196498709,1777547196522035,1777547196498709,1777547196522035,,,OSError: [Errno 49] Can't assign requested address,client-2-6,Remove,5143916,,23326
client,client_request,completed,1777547196545152,2,,,1777547196522100,1777547196545152,1777547196522100,1777547196545152,,,OSError: [Errno 49] Can't assign requested address,client-2-6,Insert,15827761,,23052
client,client_request,completed,1777547196572286,2,,,1777547196545210,1777547196572286,1777547196545210,1777547196572286,,,OSError: [Errno 49] Can't assign requested address,client-2-6,Insert,10795024,,27076
client,client_request,completed,1777547196595346,2,,,1777547196572370,1777547196595346,1777547196572370,1777547196595346,,,OSError: [Errno 49] Can't assign requested address,client-2-6,Insert,1747850,,22976
client,client_request,completed,1777547196621137,2,,,1777547196595403,1777547196621137,1777547196595403,1777547196621137,,,OSError: [Errno 49] Can't assign requested address,client-2-6,Remove,13960355,,25734
client,client_request,completed,1777547196681037,2,,,1777547196621196,1777547196681037,1777547196621196,1777547196681037,,,OSError: [Errno 49] Can't assign requested address,client-2-6,Remove,-2437565,,59841
client,client_request,completed,1777547196705090,2,,,1777547196683213,1777547196705090,1777547196683213,1777547196705090,,,OSError: [Errno 49] Can't assign requested address,client-2-6,Insert,8101820,,21877
client,client_request,completed,1777547196746978,2,,,1777547196705149,1777547196746978,1777547196705149,1777547196746978,,,OSError: [Errno 49] Can't assign requested address,client-2-6,Remove,14242368,,41829
client,client_request,completed,1777547196770628,2,,,1777547196747048,1777547196770628,1777547196747048,1777547196770628,,,OSError: [Errno 49] Can't assign requested address,client-2-6,Insert,11789971,,23580
client,client_request,completed,1777547196801789,2,,,1777547196770690,1777547196801789,1777547196770690,1777547196801789,,,OSError: [Errno 49] Can't assign requested address,client-2-6,Remove,-4276072,,31099
client,client_request,completed,1777547196823432,2,,,1777547196801846,1777547196823432,1777547196801846,1777547196823432,,,OSError: [Errno 49] Can't assign requested address,client-2-6,Insert,-7817035,,21586
client,client_request,completed,1777547196850342,2,,,1777547196823485,1777547196850342,1777547196823485,1777547196850342,,,OSError: [Errno 49] Can't assign requested address,client-2-6,Insert,9091346,,26857
client,client_request,completed,1777547196877725,2,,,1777547196850396,1777547196877725,1777547196850396,1777547196877725,,,OSError: [Errno 49] Can't assign requested address,client-2-6,Remove,-10438283,,27329
client,client_request,completed,1777547196902236,2,,,1777547196877784,1777547196902236,1777547196877784,1777547196902236,,,OSError: [Errno 49] Can't assign requested address,client-2-6,Remove,-6490756,,24452
client,client_request,completed,1777547196928953,2,,,1777547196902295,1777547196928953,1777547196902295,1777547196928953,,,OSError: [Errno 49] Can't assign requested address,client-2-6,Insert,-4608669,,26658
client,client_request,completed,1777547196953543,2,,,1777547196929016,1777547196953543,1777547196929016,1777547196953543,,,OSError: [Errno 49] Can't assign requested address,client-2-6,Remove,-2381762,,24527
client,client_request,completed,1777547196988728,2,,,1777547196953598,1777547196988728,1777547196953598,1777547196988728,,,OSError: [Errno 49] Can't assign requested address,client-2-6,Insert,15616503,,35130
client,client_request,completed,1777547197021120,2,,,1777547196988786,1777547197021120,1777547196988786,1777547197021120,,,OSError: [Errno 49] Can't assign requested address,client-2-6,Remove,-6383305,,32334
client,client_request,completed,1777547197044266,2,,,1777547197021180,1777547197044266,1777547197021180,1777547197044266,,,OSError: [Errno 49] Can't assign requested address,client-2-6,Insert,-7824464,,23086
client,client_request,completed,1777547197073997,2,,,1777547197044330,1777547197073997,1777547197044330,1777547197073997,,,OSError: [Errno 49] Can't assign requested address,client-2-6,Remove,8140540,,29667
client,client_request,completed,1777547197101350,2,,,1777547197074058,1777547197101350,1777547197074058,1777547197101350,,,OSError: [Errno 49] Can't assign requested address,client-2-6,Insert,14437824,,27292
client,client_request,completed,1777547197128086,2,,,1777547197101407,1777547197128086,1777547197101407,1777547197128086,,,OSError: [Errno 49] Can't assign requested address,client-2-6,Remove,-13663315,,26679
client,client_request,completed,1777547197156658,2,,,1777547197128143,1777547197156658,1777547197128143,1777547197156658,,,OSError: [Errno 49] Can't assign requested address,client-2-6,Remove,-854891,,28515
client,client_request,completed,1777547197181440,2,,,1777547197156715,1777547197181440,1777547197156715,1777547197181440,,,OSError: [Errno 49] Can't assign requested address,client-2-6,Remove,1184917,,24725
client,client_request,completed,1777547197213664,2,,,1777547197181503,1777547197213664,1777547197181503,1777547197213664,,,OSError: [Errno 49] Can't assign requested address,client-2-6,Remove,5110837,,32161
client,client_request,completed,1777547197238417,2,,,1777547197213730,1777547197238417,1777547197213730,1777547197238417,,,OSError: [Errno 49] Can't assign requested address,client-2-6,Remove,14783440,,24687
client,client_request,completed,1777547197268402,2,,,1777547197238473,1777547197268402,1777547197238473,1777547197268402,,,OSError: [Errno 49] Can't assign requested address,client-2-6,Insert,15009284,,29929
client,client_request,completed,1777547197291192,2,,,1777547197268460,1777547197291192,1777547197268460,1777547197291192,,,OSError: [Errno 49] Can't assign requested address,client-2-6,Insert,-15682651,,22732
client,client_request,completed,1777547197321883,2,,,1777547197291246,1777547197321883,1777547197291246,1777547197321883,,,OSError: [Errno 49] Can't assign requested address,client-2-6,Insert,10848645,,30637
client,client_request,completed,1777547197345441,2,,,1777547197321937,1777547197345441,1777547197321937,1777547197345441,,,OSError: [Errno 49] Can't assign requested address,client-2-6,Remove,8770780,,23504
client,client_request,completed,1777547197378395,2,,,1777547197345496,1777547197378395,1777547197345496,1777547197378395,,,OSError: [Errno 49] Can't assign requested address,client-2-6,Insert,8956653,,32899
client,client_request,completed,1777547197410143,2,,,1777547197378455,1777547197410143,1777547197378455,1777547197410143,,,OSError: [Errno 49] Can't assign requested address,client-2-6,Insert,-4485547,,31688
client,client_request,completed,1777547197436255,2,,,1777547197410205,1777547197436255,1777547197410205,1777547197436255,,,OSError: [Errno 49] Can't assign requested address,client-2-6,Remove,-1787811,,26050
client,client_request,completed,1777547197460437,2,,,1777547197436312,1777547197460437,1777547197436312,1777547197460437,,,OSError: [Errno 49] Can't assign requested address,client-2-6,Remove,-12049452,,24125
client,client_request,completed,1777547197493820,2,,,1777547197460495,1777547197493820,1777547197460495,1777547197493820,,,OSError: [Errno 49] Can't assign requested address,client-2-6,Remove,-5169648,,33325
client,client_request,completed,1777547197516580,2,,,1777547197493878,1777547197516580,1777547197493878,1777547197516580,,,OSError: [Errno 49] Can't assign requested address,client-2-6,Remove,11075344,,22702
client,client_request,completed,1777547197545959,2,,,1777547197516638,1777547197545959,1777547197516638,1777547197545959,,,OSError: [Errno 49] Can't assign requested address,client-2-6,Insert,-8136007,,29321
client,client_request,completed,1777547197572970,2,,,1777547197546019,1777547197572970,1777547197546019,1777547197572970,,,OSError: [Errno 49] Can't assign requested address,client-2-6,Remove,16352423,,26951
client,client_request,completed,1777547197598819,2,,,1777547197573030,1777547197598819,1777547197573030,1777547197598819,,,OSError: [Errno 49] Can't assign requested address,client-2-6,Remove,-11558067,,25789
client,client_request,completed,1777547197620822,2,,,1777547197598876,1777547197620822,1777547197598876,1777547197620822,,,OSError: [Errno 49] Can't assign requested address,client-2-6,Remove,-11797318,,21946
client,client_request,completed,1777547197662178,2,,,1777547197620877,1777547197662178,1777547197620877,1777547197662178,,,OSError: [Errno 49] Can't assign requested address,client-2-6,Insert,-3706580,,41301
client,client_request,completed,1777547197688450,2,,,1777547197662238,1777547197688450,1777547197662238,1777547197688450,,,OSError: [Errno 49] Can't assign requested address,client-2-6,Insert,522618,,26212
client,client_request,completed,1777547197715923,2,,,1777547197688507,1777547197715923,1777547197688507,1777547197715923,,,OSError: [Errno 49] Can't assign requested address,client-2-6,Remove,13691932,,27416
client,client_request,completed,1777547197750840,2,,,1777547197715982,1777547197750840,1777547197715982,1777547197750840,,,OSError: [Errno 49] Can't assign requested address,client-2-6,Insert,14199476,,34858
client,client_request,completed,1777547197780434,2,,,1777547197750898,1777547197780434,1777547197750898,1777547197780434,,,OSError: [Errno 49] Can't assign requested address,client-2-6,Remove,12496976,,29536
client,client_request,completed,1777547197813038,2,,,1777547197780490,1777547197813038,1777547197780490,1777547197813038,,,OSError: [Errno 49] Can't assign requested address,client-2-6,Remove,-16439164,,32548
client,client_request,completed,1777547197842449,2,,,1777547197813100,1777547197842449,1777547197813100,1777547197842449,,,OSError: [Errno 49] Can't assign requested address,client-2-6,Insert,16628711,,29349
client,client_request,completed,1777547197871087,2,,,1777547197842503,1777547197871087,1777547197842503,1777547197871087,,,OSError: [Errno 49] Can't assign requested address,client-2-6,Insert,-6550271,,28584
client,client_request,completed,1777547197906752,2,,,1777547197871150,1777547197906752,1777547197871150,1777547197906752,,,OSError: [Errno 49] Can't assign requested address,client-2-6,Remove,16723972,,35602
client,client_request,completed,1777547197932925,2,,,1777547197906808,1777547197932925,1777547197906808,1777547197932925,,,OSError: [Errno 49] Can't assign requested address,client-2-6,Insert,-9703165,,26117
client,client_request,completed,1777547197957387,2,,,1777547197932986,1777547197957387,1777547197932986,1777547197957387,,,OSError: [Errno 49] Can't assign requested address,client-2-6,Insert,-14783186,,24401
client,client_request,completed,1777547197988150,2,,,1777547197957447,1777547197988150,1777547197957447,1777547197988150,,,OSError: [Errno 49] Can't assign requested address,client-2-6,Insert,-2658795,,30703
client,client_request,completed,1777547198014380,2,,,1777547197988208,1777547198014380,1777547197988208,1777547198014380,,,OSError: [Errno 49] Can't assign requested address,client-2-6,Remove,6878568,,26172
client,client_request,completed,1777547198037764,2,,,1777547198014435,1777547198037764,1777547198014435,1777547198037764,,,OSError: [Errno 49] Can't assign requested address,client-2-6,Remove,13106502,,23329
client,client_request,completed,1777547198067445,2,,,1777547198037821,1777547198067445,1777547198037821,1777547198067445,,,OSError: [Errno 49] Can't assign requested address,client-2-6,Insert,-13146734,,29624
client,client_request,completed,1777547198097407,2,,,1777547198067502,1777547198097407,1777547198067502,1777547198097407,,,OSError: [Errno 49] Can't assign requested address,client-2-6,Insert,-1335317,,29905
client,client_request,completed,1777547198123830,2,,,1777547198097470,1777547198123830,1777547198097470,1777547198123830,,,OSError: [Errno 49] Can't assign requested address,client-2-6,Remove,14565128,,26360
client,client_request,completed,1777547198151243,2,,,1777547198123885,1777547198151243,1777547198123885,1777547198151243,,,OSError: [Errno 49] Can't assign requested address,client-2-6,Remove,-379754,,27358
client,client_request,completed,1777547198179885,2,,,1777547198151304,1777547198179885,1777547198151304,1777547198179885,,,OSError: [Errno 49] Can't assign requested address,client-2-6,Insert,-10821517,,28581
client,client_request,completed,1777547198206904,2,,,1777547198179939,1777547198206904,1777547198179939,1777547198206904,,,OSError: [Errno 49] Can't assign requested address,client-2-6,Insert,6424025,,26965
client,client_request,completed,1777547198237326,2,,,1777547198206961,1777547198237326,1777547198206961,1777547198237326,,,OSError: [Errno 49] Can't assign requested address,client-2-6,Remove,-14134705,,30365
client,client_request,completed,1777547198269084,2,,,1777547198237382,1777547198269084,1777547198237382,1777547198269084,,,OSError: [Errno 49] Can't assign requested address,client-2-6,Insert,-14202649,,31702
client,client_request,completed,1777547198296842,2,,,1777547198269146,1777547198296842,1777547198269146,1777547198296842,,,OSError: [Errno 49] Can't assign requested address,client-2-6,Remove,8015667,,27696
client,client_request,completed,1777547198321831,2,,,1777547198296908,1777547198321831,1777547198296908,1777547198321831,,,OSError: [Errno 49] Can't assign requested address,client-2-6,Insert,5507775,,24923
client,client_request,completed,1777547198351339,2,,,1777547198321890,1777547198351339,1777547198321890,1777547198351339,,,OSError: [Errno 49] Can't assign requested address,client-2-6,Insert,-15816578,,29449
client,client_request,completed,1777547198377113,2,,,1777547198351420,1777547198377113,1777547198351420,1777547198377113,,,OSError: [Errno 49] Can't assign requested address,client-2-6,Insert,-2921756,,25693
client,client_request,completed,1777547198401656,2,,,1777547198377172,1777547198401656,1777547198377172,1777547198401656,,,OSError: [Errno 49] Can't assign requested address,client-2-6,Remove,-384684,,24484
client,client_request,completed,1777547198426848,2,,,1777547198401710,1777547198426848,1777547198401710,1777547198426848,,,OSError: [Errno 49] Can't assign requested address,client-2-6,Remove,16773990,,25138
client,client_request,completed,1777547198450443,2,,,1777547198426912,1777547198450443,1777547198426912,1777547198450443,,,OSError: [Errno 49] Can't assign requested address,client-2-6,Insert,2427022,,23531
client,client_request,completed,1777547198478686,2,,,1777547198450502,1777547198478686,1777547198450502,1777547198478686,,,OSError: [Errno 49] Can't assign requested address,client-2-6,Insert,15311351,,28184
client,client_request,completed,1777547198506643,2,,,1777547198478748,1777547198506643,1777547198478748,1777547198506643,,,OSError: [Errno 49] Can't assign requested address,client-2-6,Remove,14040646,,27895
client,client_request,completed,1777547198532553,2,,,1777547198506700,1777547198532553,1777547198506700,1777547198532553,,,OSError: [Errno 49] Can't assign requested address,client-2-6,Remove,10280476,,25853
client,client_request,completed,1777547198560916,2,,,1777547198532608,1777547198560916,1777547198532608,1777547198560916,,,OSError: [Errno 49] Can't assign requested address,client-2-6,Remove,3128459,,28308
client,client_request,completed,1777547198587678,2,,,1777547198560980,1777547198587678,1777547198560980,1777547198587678,,,OSError: [Errno 49] Can't assign requested address,client-2-6,Remove,6571208,,26698
client,client_request,completed,1777547198616652,2,,,1777547198587738,1777547198616652,1777547198587738,1777547198616652,,,OSError: [Errno 49] Can't assign requested address,client-2-6,Remove,-8958813,,28914
client,client_request,completed,1777547198648560,2,,,1777547198616709,1777547198648560,1777547198616709,1777547198648560,,,OSError: [Errno 49] Can't assign requested address,client-2-6,Remove,9930315,,31851
client,client_request,completed,1777547198674456,2,,,1777547198648616,1777547198674456,1777547198648616,1777547198674456,,,OSError: [Errno 49] Can't assign requested address,client-2-6,Insert,7542268,,25840
client,client_request,completed,1777547198705831,2,,,1777547198674517,1777547198705831,1777547198674517,1777547198705831,,,OSError: [Errno 49] Can't assign requested address,client-2-6,Insert,815243,,31314
client,client_request,completed,1777547198735593,2,,,1777547198705886,1777547198735593,1777547198705886,1777547198735593,,,OSError: [Errno 49] Can't assign requested address,client-2-6,Insert,15687297,,29707
client,client_request,completed,1777547198764376,2,,,1777547198735651,1777547198764376,1777547198735651,1777547198764376,,,OSError: [Errno 49] Can't assign requested address,client-2-6,Remove,3607227,,28725
client,client_request,completed,1777547198790529,2,,,1777547198764428,1777547198790529,1777547198764428,1777547198790529,,,OSError: [Errno 49] Can't assign requested address,client-2-6,Insert,10535033,,26101
client,client_request,completed,1777547198818192,2,,,1777547198790584,1777547198818192,1777547198790584,1777547198818192,,,OSError: [Errno 49] Can't assign requested address,client-2-6,Remove,11459286,,27608
client,client_request,completed,1777547198848016,2,,,1777547198818249,1777547198848016,1777547198818249,1777547198848016,,,OSError: [Errno 49] Can't assign requested address,client-2-6,Insert,-7971337,,29767
client,client_request,completed,1777547198869545,2,,,1777547198848083,1777547198869545,1777547198848083,1777547198869545,,,OSError: [Errno 49] Can't assign requested address,client-2-6,Insert,-11275312,,21462
client,client_request,completed,1777547198903559,2,,,1777547198869602,1777547198903559,1777547198869602,1777547198903559,,,OSError: [Errno 49] Can't assign requested address,client-2-6,Remove,6728255,,33957
client,client_request,completed,1777547198930232,2,,,1777547198903613,1777547198930232,1777547198903613,1777547198930232,,,OSError: [Errno 49] Can't assign requested address,client-2-6,Insert,-8944028,,26619
client,client_request,completed,1777547198949829,2,,,1777547198930293,1777547198949829,1777547198930293,1777547198949829,,,OSError: [Errno 49] Can't assign requested address,client-2-6,Insert,9793211,,19536
client,client_request,completed,1777547198973779,2,,,1777547198949895,1777547198973779,1777547198949895,1777547198973779,,,OSError: [Errno 49] Can't assign requested address,client-2-6,Remove,-3878799,,23884
client,client_request,completed,1777547198998457,2,,,1777547198973840,1777547198998457,1777547198973840,1777547198998457,,,OSError: [Errno 49] Can't assign requested address,client-2-6,Remove,-14515174,,24617
client,client_request,completed,1777547199024423,2,,,1777547198998517,1777547199024423,1777547198998517,1777547199024423,,,OSError: [Errno 49] Can't assign requested address,client-2-6,Remove,10565766,,25906
client,client_request,completed,1777547199050779,2,,,1777547199024484,1777547199050779,1777547199024484,1777547199050779,,,OSError: [Errno 49] Can't assign requested address,client-2-6,Insert,-11826883,,26295
client,client_request,completed,1777547199076017,2,,,1777547199050834,1777547199076017,1777547199050834,1777547199076017,,,OSError: [Errno 49] Can't assign requested address,client-2-6,Remove,8063155,,25183
client,client_request,completed,1777547199103753,2,,,1777547199076077,1777547199103753,1777547199076077,1777547199103753,,,OSError: [Errno 49] Can't assign requested address,client-2-6,Remove,-6791825,,27676
client,client_request,completed,1777547199137711,2,,,1777547199103820,1777547199137711,1777547199103820,1777547199137711,,,OSError: [Errno 49] Can't assign requested address,client-2-6,Insert,9878326,,33891
client,client_request,completed,1777547199162510,2,,,1777547199137772,1777547199162510,1777547199137772,1777547199162510,,,OSError: [Errno 49] Can't assign requested address,client-2-6,Insert,8167705,,24738
client,client_request,completed,1777547199194326,2,,,1777547199162601,1777547199194326,1777547199162601,1777547199194326,,,OSError: [Errno 49] Can't assign requested address,client-2-6,Insert,-5232662,,31725
client,client_request,completed,1777547199226589,2,,,1777547199194383,1777547199226589,1777547199194383,1777547199226589,,,OSError: [Errno 49] Can't assign requested address,client-2-6,Remove,8378125,,32206
client,client_request,completed,1777547199253041,2,,,1777547199226650,1777547199253041,1777547199226650,1777547199253041,,,OSError: [Errno 49] Can't assign requested address,client-2-6,Remove,2826977,,26391
client,client_request,completed,1777547199282253,2,,,1777547199253103,1777547199282253,1777547199253103,1777547199282253,,,OSError: [Errno 49] Can't assign requested address,client-2-6,Remove,-15810028,,29150
client,client_request,completed,1777547199307694,2,,,1777547199282312,1777547199307694,1777547199282312,1777547199307694,,,OSError: [Errno 49] Can't assign requested address,client-2-6,Insert,-4739345,,25382
client,client_request,completed,1777547199333052,2,,,1777547199307753,1777547199333052,1777547199307753,1777547199333052,,,OSError: [Errno 49] Can't assign requested address,client-2-6,Insert,-12748398,,25299
client,client_request,completed,1777547199362081,2,,,1777547199333109,1777547199362081,1777547199333109,1777547199362081,,,OSError: [Errno 49] Can't assign requested address,client-2-6,Insert,-14037826,,28972
client,client_request,completed,1777547199387203,2,,,1777547199362152,1777547199387203,1777547199362152,1777547199387203,,,OSError: [Errno 49] Can't assign requested address,client-2-6,Remove,5463090,,25051
client,client_request,completed,1777547199425374,2,,,1777547199387266,1777547199425374,1777547199387266,1777547199425374,,,OSError: [Errno 49] Can't assign requested address,client-2-6,Remove,15407432,,38108
client,client_request,completed,1777547199451584,2,,,1777547199425434,1777547199451584,1777547199425434,1777547199451584,,,OSError: [Errno 49] Can't assign requested address,client-2-6,Insert,-7218726,,26150
client,client_request,completed,1777547199476736,2,,,1777547199451638,1777547199476736,1777547199451638,1777547199476736,,,OSError: [Errno 49] Can't assign requested address,client-2-6,Remove,-4513930,,25098
client,client_request,completed,1777547199505687,2,,,1777547199476793,1777547199505687,1777547199476793,1777547199505687,,,OSError: [Errno 49] Can't assign requested address,client-2-6,Remove,5212682,,28894
client,client_request,completed,1777547199535837,2,,,1777547199505747,1777547199535837,1777547199505747,1777547199535837,,,OSError: [Errno 49] Can't assign requested address,client-2-6,Remove,-1976480,,30090
client,client_request,completed,1777547199561791,2,,,1777547199535893,1777547199561791,1777547199535893,1777547199561791,,,OSError: [Errno 49] Can't assign requested address,client-2-6,Remove,-5669088,,25898
client,client_request,completed,1777547199596138,2,,,1777547199561851,1777547199596138,1777547199561851,1777547199596138,,,OSError: [Errno 49] Can't assign requested address,client-2-6,Remove,-11186059,,34287
client,client_request,completed,1777547199623980,2,,,1777547199596193,1777547199623980,1777547199596193,1777547199623980,,,OSError: [Errno 49] Can't assign requested address,client-2-6,Remove,-14270617,,27787
client,client_request,completed,1777547199653796,2,,,1777547199624067,1777547199653796,1777547199624067,1777547199653796,,,OSError: [Errno 49] Can't assign requested address,client-2-6,Insert,9352453,,29729
client,client_request,completed,1777547199675425,2,,,1777547199653854,1777547199675425,1777547199653854,1777547199675425,,,OSError: [Errno 49] Can't assign requested address,client-2-6,Insert,7300838,,21571
client,client_request,completed,1777547199697253,2,,,1777547199675481,1777547199697253,1777547199675481,1777547199697253,,,OSError: [Errno 49] Can't assign requested address,client-2-6,Insert,13554551,,21772
client,client_request,completed,1777547199725177,2,,,1777547199697309,1777547199725177,1777547199697309,1777547199725177,,,OSError: [Errno 49] Can't assign requested address,client-2-6,Remove,-6462769,,27868
client,client_request,completed,1777547199758231,2,,,1777547199725241,1777547199758231,1777547199725241,1777547199758231,,,OSError: [Errno 49] Can't assign requested address,client-2-6,Insert,14221590,,32990
client,client_request,completed,1777547199782599,2,,,1777547199758288,1777547199782599,1777547199758288,1777547199782599,,,OSError: [Errno 49] Can't assign requested address,client-2-6,Insert,-1781933,,24311
client,client_request,completed,1777547199808209,2,,,1777547199782653,1777547199808209,1777547199782653,1777547199808209,,,OSError: [Errno 49] Can't assign requested address,client-2-6,Insert,9019505,,25556
client,client_request,completed,1777547199832105,2,,,1777547199808267,1777547199832105,1777547199808267,1777547199832105,,,OSError: [Errno 49] Can't assign requested address,client-2-6,Remove,-451288,,23838
client,client_request,completed,1777547199854231,2,,,1777547199832164,1777547199854231,1777547199832164,1777547199854231,,,OSError: [Errno 49] Can't assign requested address,client-2-6,Remove,4399577,,22067
client,client_request,completed,1777547199883006,2,,,1777547199854287,1777547199883006,1777547199854287,1777547199883006,,,OSError: [Errno 49] Can't assign requested address,client-2-6,Insert,-6155240,,28719
client,client_request,completed,1777547199907028,2,,,1777547199883067,1777547199907028,1777547199883067,1777547199907028,,,OSError: [Errno 49] Can't assign requested address,client-2-6,Remove,-569506,,23961
client,client_request,completed,1777547199942470,2,,,1777547199907090,1777547199942470,1777547199907090,1777547199942470,,,OSError: [Errno 49] Can't assign requested address,client-2-6,Remove,14583497,,35380
client,client_request,completed,1777547199962228,2,,,1777547199942530,1777547199962228,1777547199942530,1777547199962228,,,OSError: [Errno 49] Can't assign requested address,client-2-6,Insert,5917670,,19698
client,client_request,completed,1777547199993948,2,,,1777547199962288,1777547199993948,1777547199962288,1777547199993948,,,OSError: [Errno 49] Can't assign requested address,client-2-6,Insert,-11648998,,31660
client,client_request,completed,1777547200018076,2,,,1777547199994011,1777547200018076,1777547199994011,1777547200018076,,,OSError: [Errno 49] Can't assign requested address,client-2-6,Insert,14293255,,24065
client,client_request,completed,1777547200062476,2,,,1777547200018138,1777547200062476,1777547200018138,1777547200062476,,,OSError: [Errno 49] Can't assign requested address,client-2-6,Insert,-5717680,,44338
client,client_request,completed,1777547200090531,2,,,1777547200062540,1777547200090531,1777547200062540,1777547200090531,,,OSError: [Errno 49] Can't assign requested address,client-2-6,Remove,-11104438,,27991
client,client_request,completed,1777547200118514,2,,,1777547200090590,1777547200118514,1777547200090590,1777547200118514,,,OSError: [Errno 49] Can't assign requested address,client-2-6,Remove,4337171,,27924
client,client_request,completed,1777547200147854,2,,,1777547200118569,1777547200147854,1777547200118569,1777547200147854,,,OSError: [Errno 49] Can't assign requested address,client-2-6,Remove,-11918616,,29285
client,client_request,completed,1777547200174493,2,,,1777547200147912,1777547200174493,1777547200147912,1777547200174493,,,OSError: [Errno 49] Can't assign requested address,client-2-6,Insert,15325763,,26581
client,client_request,completed,1777547200197168,2,,,1777547200174553,1777547200197168,1777547200174553,1777547200197168,,,OSError: [Errno 49] Can't assign requested address,client-2-6,Remove,-12978418,,22615
client,client_request,completed,1777547200224587,2,,,1777547200197231,1777547200224587,1777547200197231,1777547200224587,,,OSError: [Errno 49] Can't assign requested address,client-2-6,Remove,14778446,,27356
client,client_request,completed,1777547200254341,2,,,1777547200224644,1777547200254341,1777547200224644,1777547200254341,,,OSError: [Errno 49] Can't assign requested address,client-2-6,Remove,9734153,,29697
client,client_request,completed,1777547200276348,2,,,1777547200254398,1777547200276348,1777547200254398,1777547200276348,,,OSError: [Errno 49] Can't assign requested address,client-2-6,Insert,-364939,,21950
client,client_request,completed,1777547200300824,2,,,1777547200276405,1777547200300824,1777547200276405,1777547200300824,,,OSError: [Errno 49] Can't assign requested address,client-2-6,Insert,2887506,,24419
client,client_request,completed,1777547200329240,2,,,1777547200300885,1777547200329240,1777547200300885,1777547200329240,,,OSError: [Errno 49] Can't assign requested address,client-2-6,Insert,-10859311,,28355
client,client_request,completed,1777547200353216,2,,,1777547200329299,1777547200353216,1777547200329299,1777547200353216,,,OSError: [Errno 49] Can't assign requested address,client-2-6,Remove,6528398,,23917
client,client_request,completed,1777547200375933,2,,,1777547200353278,1777547200375933,1777547200353278,1777547200375933,,,OSError: [Errno 49] Can't assign requested address,client-2-6,Remove,12869674,,22655
client,client_request,completed,1777547200402302,2,,,1777547200375991,1777547200402302,1777547200375991,1777547200402302,,,OSError: [Errno 49] Can't assign requested address,client-2-6,Remove,-13425951,,26311
client,client_request,completed,1777547200429804,2,,,1777547200402355,1777547200429804,1777547200402355,1777547200429804,,,OSError: [Errno 49] Can't assign requested address,client-2-6,Remove,16208220,,27449
client,client_request,completed,1777547200464462,2,,,1777547200429858,1777547200464462,1777547200429858,1777547200464462,,,OSError: [Errno 49] Can't assign requested address,client-2-6,Remove,1186866,,34604
client,client_request,completed,1777547200490916,2,,,1777547200464529,1777547200490916,1777547200464529,1777547200490916,,,OSError: [Errno 49] Can't assign requested address,client-2-6,Remove,-10832336,,26387
client,client_request,completed,1777547200517520,2,,,1777547200490976,1777547200517520,1777547200490976,1777547200517520,,,OSError: [Errno 49] Can't assign requested address,client-2-6,Insert,6967408,,26544
client,client_request,completed,1777547200559504,2,,,1777547200517576,1777547200559504,1777547200517576,1777547200559504,,,OSError: [Errno 49] Can't assign requested address,client-2-6,Remove,9239502,,41928
client,client_request,completed,1777547200590316,2,,,1777547200559559,1777547200590316,1777547200559559,1777547200590316,,,OSError: [Errno 49] Can't assign requested address,client-2-6,Insert,10448178,,30757
client,client_request,completed,1777547200619267,2,,,1777547200590369,1777547200619267,1777547200590369,1777547200619267,,,OSError: [Errno 49] Can't assign requested address,client-2-6,Remove,-2250726,,28898
client,client_request,completed,1777547200645488,2,,,1777547200619332,1777547200645488,1777547200619332,1777547200645488,,,OSError: [Errno 49] Can't assign requested address,client-2-6,Insert,355666,,26156
client,client_request,completed,1777547200669188,2,,,1777547200645554,1777547200669188,1777547200645554,1777547200669188,,,OSError: [Errno 49] Can't assign requested address,client-2-6,Remove,-9270461,,23634
client,client_request,completed,1777547200697400,2,,,1777547200669251,1777547200697400,1777547200669251,1777547200697400,,,OSError: [Errno 49] Can't assign requested address,client-2-6,Remove,3916274,,28149
client,client_request,completed,1777547200721507,2,,,1777547200697457,1777547200721507,1777547200697457,1777547200721507,,,OSError: [Errno 49] Can't assign requested address,client-2-6,Remove,300523,,24050
client,client_request,completed,1777547200753305,2,,,1777547200721563,1777547200753305,1777547200721563,1777547200753305,,,OSError: [Errno 49] Can't assign requested address,client-2-6,Insert,-12501841,,31742
client,client_request,completed,1777547200778662,2,,,1777547200753360,1777547200778662,1777547200753360,1777547200778662,,,OSError: [Errno 49] Can't assign requested address,client-2-6,Remove,-10513822,,25302
client,client_request,completed,1777547200806155,2,,,1777547200778726,1777547200806155,1777547200778726,1777547200806155,,,OSError: [Errno 49] Can't assign requested address,client-2-6,Remove,13221711,,27429
client,client_request,completed,1777547200836096,2,,,1777547200806209,1777547200836096,1777547200806209,1777547200836096,,,OSError: [Errno 49] Can't assign requested address,client-2-6,Insert,-9402289,,29887
client,client_request,completed,1777547200859979,2,,,1777547200836155,1777547200859979,1777547200836155,1777547200859979,,,OSError: [Errno 49] Can't assign requested address,client-2-6,Remove,5611831,,23824
client,client_request,completed,1777547200888488,2,,,1777547200860033,1777547200888488,1777547200860033,1777547200888488,,,OSError: [Errno 49] Can't assign requested address,client-2-6,Remove,-16417699,,28455
client,client_request,completed,1777547200917966,2,,,1777547200888544,1777547200917966,1777547200888544,1777547200917966,,,OSError: [Errno 49] Can't assign requested address,client-2-6,Insert,-8488709,,29422
client,client_request,completed,1777547200947524,2,,,1777547200918028,1777547200947524,1777547200918028,1777547200947524,,,OSError: [Errno 49] Can't assign requested address,client-2-6,Insert,8724963,,29496
client,client_request,completed,1777547200977419,2,,,1777547200947582,1777547200977419,1777547200947582,1777547200977419,,,OSError: [Errno 49] Can't assign requested address,client-2-6,Remove,-5464515,,29837
client,client_request,completed,1777547201001211,2,,,1777547200977478,1777547201001211,1777547200977478,1777547201001211,,,OSError: [Errno 49] Can't assign requested address,client-2-6,Remove,-10366022,,23733
client,client_request,completed,1777547201026182,2,,,1777547201001267,1777547201026182,1777547201001267,1777547201026182,,,OSError: [Errno 49] Can't assign requested address,client-2-6,Remove,11146335,,24915
client,client_request,completed,1777547201054727,2,,,1777547201026238,1777547201054727,1777547201026238,1777547201054727,,,OSError: [Errno 49] Can't assign requested address,client-2-6,Insert,-4213937,,28489
client,client_request,completed,1777547201081919,2,,,1777547201054782,1777547201081919,1777547201054782,1777547201081919,,,OSError: [Errno 49] Can't assign requested address,client-2-6,Insert,-13616829,,27137
client,client_request,completed,1777547201105119,2,,,1777547201087019,1777547201105119,1777547201087019,1777547201105119,,,OSError: [Errno 49] Can't assign requested address,client-2-6,Remove,3630963,,18100
client,client_request,completed,1777547201130768,2,,,1777547201106951,1777547201130768,1777547201106951,1777547201130768,,,OSError: [Errno 49] Can't assign requested address,client-2-6,Remove,-8162973,,23817
client,client_request,completed,1777547201156125,2,,,1777547201146807,1777547201156125,1777547201146807,1777547201156125,,,OSError: [Errno 49] Can't assign requested address,client-2-6,Remove,-2201423,,9318
client,client_request,completed,1777547201188767,2,,,1777547201156197,1777547201188767,1777547201156197,1777547201188767,,,OSError: [Errno 49] Can't assign requested address,client-2-6,Insert,7571506,,32570
client,client_request,completed,1777547201233952,2,,,1777547201188829,1777547201233952,1777547201188829,1777547201233952,,,OSError: [Errno 49] Can't assign requested address,client-2-6,Insert,3619225,,45123
client,client_request,completed,1777547201262460,2,,,1777547201234009,1777547201262460,1777547201234009,1777547201262460,,,OSError: [Errno 49] Can't assign requested address,client-2-6,Remove,4301641,,28451
client,client_request,completed,1777547201290581,2,,,1777547201262540,1777547201290581,1777547201262540,1777547201290581,,,OSError: [Errno 49] Can't assign requested address,client-2-6,Remove,-3954437,,28041
client,client_request,completed,1777547201489879,2,,,1777547201290633,1777547201489879,1777547201290633,1777547201489879,,,,client-2-6,Remove,-1516753,200,199246
client,client_request,completed,1777547201583528,2,,,1777547201489952,1777547201583528,1777547201489952,1777547201583528,,,,client-2-6,Insert,-15606391,200,93576
client,client_request,completed,1777547202137973,2,,,1777547201583579,1777547202137973,1777547201583579,1777547202137973,,,,client-2-6,Remove,2192862,200,554394
client,client_request,completed,1777547202170956,2,,,1777547202138072,1777547202170956,1777547202138072,1777547202170956,,,,client-2-6,Insert,-11636097,200,32884
client,client_request,completed,1777547202198856,2,,,1777547202171010,1777547202198856,1777547202171010,1777547202198856,,,,client-2-6,Insert,13092769,200,27846
client,client_request,completed,1777547202231430,2,,,1777547202198906,1777547202231430,1777547202198906,1777547202231430,,,,client-2-6,Insert,1177664,200,32524
client,client_request,completed,1777547202265153,2,,,1777547202231541,1777547202265153,1777547202231541,1777547202265153,,,,client-2-6,Remove,10221448,200,33612
client,client_request,completed,1777547202293153,2,,,1777547202265193,1777547202293153,1777547202265193,1777547202293153,,,,client-2-6,Insert,2095274,200,27960
client,client_request,completed,1777547202325931,2,,,1777547202293231,1777547202325931,1777547202293231,1777547202325931,,,,client-2-6,Remove,16081926,200,32700
client,client_request,completed,1777547202358886,2,,,1777547202325977,1777547202358886,1777547202325977,1777547202358886,,,,client-2-6,Insert,-740751,200,32909
client,client_request,completed,1777547202391372,2,,,1777547202358997,1777547202391372,1777547202358997,1777547202391372,,,,client-2-6,Insert,-12991791,200,32375
client,client_request,completed,1777547202422592,2,,,1777547202391488,1777547202422592,1777547202391488,1777547202422592,,,,client-2-6,Insert,-1215106,200,31104
client,client_request,completed,1777547202454302,2,,,1777547202422637,1777547202454302,1777547202422637,1777547202454302,,,,client-2-6,Remove,-16477608,200,31665
client,client_request,completed,1777547202489746,2,,,1777547202454408,1777547202489746,1777547202454408,1777547202489746,,,,client-2-6,Insert,1537407,200,35338
client,client_request,completed,1777547202527039,2,,,1777547202489806,1777547202527039,1777547202489806,1777547202527039,,,,client-2-6,Insert,-5119728,200,37233
client,client_request,completed,1777547202562273,2,,,1777547202527288,1777547202562273,1777547202527288,1777547202562273,,,,client-2-6,Insert,-7001184,200,34985
client,client_request,completed,1777547202595181,2,,,1777547202562395,1777547202595181,1777547202562395,1777547202595181,,,,client-2-6,Insert,-1572430,200,32786
client,client_request,completed,1777547202622129,2,,,1777547202595224,1777547202622129,1777547202595224,1777547202622129,,,,client-2-6,Remove,-7948684,200,26905
client,client_request,completed,1777547202654281,2,,,1777547202622190,1777547202654281,1777547202622190,1777547202654281,,,,client-2-6,Remove,2266319,200,32091
client,client_request,completed,1777547202685727,2,,,1777547202654359,1777547202685727,1777547202654359,1777547202685727,,,,client-2-6,Insert,2554045,200,31368
client,client_request,completed,1777547202713580,2,,,1777547202685772,1777547202713580,1777547202685772,1777547202713580,,,,client-2-6,Remove,9584579,200,27808
client,client_request,completed,1777547202802468,2,,,1777547202713631,1777547202802468,1777547202713631,1777547202802468,,,,client-2-6,Insert,3379533,200,88837
client,client_request,completed,1777547202834320,2,,,1777547202802534,1777547202834320,1777547202802534,1777547202834320,,,,client-2-6,Remove,6893250,200,31786
client,client_request,completed,1777547202865438,2,,,1777547202834404,1777547202865438,1777547202834404,1777547202865438,,,,client-2-6,Insert,-9559013,200,31034
client,client_request,completed,1777547202901521,2,,,1777547202865498,1777547202901521,1777547202865498,1777547202901521,,,,client-2-6,Remove,-4952886,200,36023
client,client_request,completed,1777547202936389,2,,,1777547202901577,1777547202936389,1777547202901577,1777547202936389,,,,client-2-6,Remove,-9958081,200,34812
client,client_request,completed,1777547202940677,2,,,1777547202936470,1777547202940677,1777547202936470,1777547202940677,,,OSError: [Errno 49] Can't assign requested address,client-2-6,Remove,9768958,,4207
client,client_request,completed,1777547202945428,2,,,1777547202940721,1777547202945428,1777547202940721,1777547202945428,,,OSError: [Errno 49] Can't assign requested address,client-2-6,Remove,8955673,,4707
client,client_request,completed,1777547202949963,2,,,1777547202945505,1777547202949963,1777547202945505,1777547202949963,,,OSError: [Errno 49] Can't assign requested address,client-2-6,Insert,-5067373,,4458
client,client_request,completed,1777547202955673,2,,,1777547202950054,1777547202955673,1777547202950054,1777547202955673,,,OSError: [Errno 49] Can't assign requested address,client-2-6,Insert,-2495606,,5619
client,client_request,completed,1777547202962156,2,,,1777547202955819,1777547202962156,1777547202955819,1777547202962156,,,OSError: [Errno 49] Can't assign requested address,client-2-6,Insert,12126194,,6337
client,client_request,completed,1777547202974339,2,,,1777547202962230,1777547202974339,1777547202962230,1777547202974339,,,OSError: [Errno 49] Can't assign requested address,client-2-6,Insert,-3744827,,12109
client,client_request,completed,1777547202988804,2,,,1777547202974455,1777547202988804,1777547202974455,1777547202988804,,,OSError: [Errno 49] Can't assign requested address,client-2-6,Insert,-9012449,,14349
client,client_request,completed,1777547203006017,2,,,1777547202988849,1777547203006017,1777547202988849,1777547203006017,,,OSError: [Errno 49] Can't assign requested address,client-2-6,Remove,15760134,,17168
client,client_request,completed,1777547203032254,2,,,1777547203006060,1777547203032254,1777547203006060,1777547203032254,,,OSError: [Errno 49] Can't assign requested address,client-2-6,Insert,-10254229,,26194
client,client_request,completed,1777547203052435,2,,,1777547203032298,1777547203052435,1777547203032298,1777547203052435,,,OSError: [Errno 49] Can't assign requested address,client-2-6,Remove,-1635375,,20137
client,client_request,completed,1777547203063931,2,,,1777547203052485,1777547203063931,1777547203052485,1777547203063931,,,OSError: [Errno 49] Can't assign requested address,client-2-6,Remove,-5291911,,11446
client,client_request,completed,1777547203076560,2,,,1777547203063974,1777547203076560,1777547203063974,1777547203076560,,,OSError: [Errno 49] Can't assign requested address,client-2-6,Remove,-12024896,,12586
client,client_request,completed,1777547203089511,2,,,1777547203076607,1777547203089511,1777547203076607,1777547203089511,,,OSError: [Errno 49] Can't assign requested address,client-2-6,Remove,5663344,,12904
client,client_request,completed,1777547203107740,2,,,1777547203089554,1777547203107740,1777547203089554,1777547203107740,,,OSError: [Errno 49] Can't assign requested address,client-2-6,Remove,3140011,,18186
client,client_request,completed,1777547203120595,2,,,1777547203107798,1777547203120595,1777547203107798,1777547203120595,,,OSError: [Errno 49] Can't assign requested address,client-2-6,Remove,-9328919,,12797
client,client_request,completed,1777547203134316,2,,,1777547203120662,1777547203134316,1777547203120662,1777547203134316,,,OSError: [Errno 49] Can't assign requested address,client-2-6,Insert,-15747726,,13654
client,client_request,completed,1777547203164413,2,,,1777547203134359,1777547203164413,1777547203134359,1777547203164413,,,OSError: [Errno 49] Can't assign requested address,client-2-6,Insert,-6291070,,30054
client,client_request,completed,1777547203179207,2,,,1777547203164457,1777547203179207,1777547203164457,1777547203179207,,,OSError: [Errno 49] Can't assign requested address,client-2-6,Insert,14610153,,14750
client,client_request,completed,1777547203191417,2,,,1777547203179250,1777547203191417,1777547203179250,1777547203191417,,,OSError: [Errno 49] Can't assign requested address,client-2-6,Remove,11095328,,12167
client,client_request,completed,1777547203202112,2,,,1777547203191458,1777547203202112,1777547203191458,1777547203202112,,,OSError: [Errno 49] Can't assign requested address,client-2-6,Remove,3233590,,10654
client,client_request,completed,1777547203216614,2,,,1777547203202151,1777547203216614,1777547203202151,1777547203216614,,,OSError: [Errno 49] Can't assign requested address,client-2-6,Insert,-6889354,,14463
client,client_request,completed,1777547203231841,2,,,1777547203216654,1777547203231841,1777547203216654,1777547203231841,,,OSError: [Errno 49] Can't assign requested address,client-2-6,Insert,11479486,,15187
client,client_request,completed,1777547203243904,2,,,1777547203231884,1777547203243904,1777547203231884,1777547203243904,,,OSError: [Errno 49] Can't assign requested address,client-2-6,Remove,-10134285,,12020
client,client_request,completed,1777547203261297,2,,,1777547203243945,1777547203261297,1777547203243945,1777547203261297,,,OSError: [Errno 49] Can't assign requested address,client-2-6,Remove,2133775,,17352
client,client_request,completed,1777547203287811,2,,,1777547203261344,1777547203287811,1777547203261344,1777547203287811,,,OSError: [Errno 49] Can't assign requested address,client-2-6,Insert,3313588,,26467
client,client_request,completed,1777547203306834,2,,,1777547203287850,1777547203306834,1777547203287850,1777547203306834,,,OSError: [Errno 49] Can't assign requested address,client-2-6,Insert,-6247372,,18984
client,client_request,completed,1777547203321023,2,,,1777547203306874,1777547203321023,1777547203306874,1777547203321023,,,OSError: [Errno 49] Can't assign requested address,client-2-6,Insert,-5382188,,14149
client,client_request,completed,1777547203346211,2,,,1777547203321063,1777547203346211,1777547203321063,1777547203346211,,,OSError: [Errno 49] Can't assign requested address,client-2-6,Insert,2104838,,25148
client,client_request,completed,1777547203371187,2,,,1777547203346253,1777547203371187,1777547203346253,1777547203371187,,,OSError: [Errno 49] Can't assign requested address,client-2-6,Insert,12904577,,24934
client,client_request,completed,1777547203388909,2,,,1777547203371231,1777547203388909,1777547203371231,1777547203388909,,,OSError: [Errno 49] Can't assign requested address,client-2-6,Remove,-6405045,,17678
client,client_request,completed,1777547203414914,2,,,1777547203388952,1777547203414914,1777547203388952,1777547203414914,,,OSError: [Errno 49] Can't assign requested address,client-2-6,Remove,16151576,,25962
client,client_request,completed,1777547203432515,2,,,1777547203414955,1777547203432515,1777547203414955,1777547203432515,,,OSError: [Errno 49] Can't assign requested address,client-2-6,Remove,3295870,,17560
client,client_request,completed,1777547203443834,2,,,1777547203432551,1777547203443834,1777547203432551,1777547203443834,,,OSError: [Errno 49] Can't assign requested address,client-2-6,Remove,-13177665,,11283
client,client_request,completed,1777547203466309,2,,,1777547203443873,1777547203466309,1777547203443873,1777547203466309,,,OSError: [Errno 49] Can't assign requested address,client-2-6,Remove,16429376,,22436
client,client_request,completed,1777547203485750,2,,,1777547203466381,1777547203485750,1777547203466381,1777547203485750,,,OSError: [Errno 49] Can't assign requested address,client-2-6,Insert,13790660,,19369
client,client_request,completed,1777547203504484,2,,,1777547203485793,1777547203504484,1777547203485793,1777547203504484,,,OSError: [Errno 49] Can't assign requested address,client-2-6,Remove,-7405057,,18691
client,client_request,completed,1777547203528280,2,,,1777547203504534,1777547203528280,1777547203504534,1777547203528280,,,OSError: [Errno 49] Can't assign requested address,client-2-6,Insert,-1263799,,23746
client,client_request,completed,1777547203547257,2,,,1777547203528322,1777547203547257,1777547203528322,1777547203547257,,,OSError: [Errno 49] Can't assign requested address,client-2-6,Remove,5519716,,18935
client,client_request,completed,1777547203571665,2,,,1777547203547302,1777547203571665,1777547203547302,1777547203571665,,,OSError: [Errno 49] Can't assign requested address,client-2-6,Insert,-1688807,,24363
client,client_request,completed,1777547203590153,2,,,1777547203571710,1777547203590153,1777547203571710,1777547203590153,,,OSError: [Errno 49] Can't assign requested address,client-2-6,Remove,-9375723,,18443
client,client_request,completed,1777547203615385,2,,,1777547203590195,1777547203615385,1777547203590195,1777547203615385,,,OSError: [Errno 49] Can't assign requested address,client-2-6,Insert,6543616,,25190
client,client_request,completed,1777547203636387,2,,,1777547203615428,1777547203636387,1777547203615428,1777547203636387,,,OSError: [Errno 49] Can't assign requested address,client-2-6,Insert,11615308,,20959
client,client_request,completed,1777547203660922,2,,,1777547203636429,1777547203660922,1777547203636429,1777547203660922,,,OSError: [Errno 49] Can't assign requested address,client-2-6,Remove,-14319966,,24493
client,client_request,completed,1777547203691797,2,,,1777547203660963,1777547203691797,1777547203660963,1777547203691797,,,OSError: [Errno 49] Can't assign requested address,client-2-6,Remove,8603824,,30834
client,client_request,completed,1777547203723862,2,,,1777547203691853,1777547203723862,1777547203691853,1777547203723862,,,OSError: [Errno 49] Can't assign requested address,client-2-6,Insert,10889613,,32009
client,client_request,completed,1777547203753131,2,,,1777547203723937,1777547203753131,1777547203723937,1777547203753131,,,OSError: [Errno 49] Can't assign requested address,client-2-6,Remove,5312238,,29194
client,client_request,completed,1777547203772620,2,,,1777547203753216,1777547203772620,1777547203753216,1777547203772620,,,OSError: [Errno 49] Can't assign requested address,client-2-6,Remove,-11507427,,19404
client,client_request,completed,1777547203793435,2,,,1777547203772658,1777547203793435,1777547203772658,1777547203793435,,,OSError: [Errno 49] Can't assign requested address,client-2-6,Insert,10819545,,20777
client,client_request,completed,1777547203819288,2,,,1777547203793476,1777547203819288,1777547203793476,1777547203819288,,,OSError: [Errno 49] Can't assign requested address,client-2-6,Insert,-9025951,,25812
client,client_request,completed,1777547203840329,2,,,1777547203819346,1777547203840329,1777547203819346,1777547203840329,,,OSError: [Errno 49] Can't assign requested address,client-2-6,Remove,-7569551,,20983
client,client_request,completed,1777547203884767,2,,,1777547203840410,1777547203884767,1777547203840410,1777547203884767,,,OSError: [Errno 49] Can't assign requested address,client-2-6,Remove,-12154457,,44357
client,client_request,completed,1777547203915881,2,,,1777547203884809,1777547203915881,1777547203884809,1777547203915881,,,OSError: [Errno 49] Can't assign requested address,client-2-6,Insert,-2262491,,31072
client,client_request,completed,1777547203941166,2,,,1777547203915924,1777547203941166,1777547203915924,1777547203941166,,,OSError: [Errno 49] Can't assign requested address,client-2-6,Remove,13838202,,25242
client,client_request,completed,1777547203970237,2,,,1777547203941231,1777547203970237,1777547203941231,1777547203970237,,,OSError: [Errno 49] Can't assign requested address,client-2-6,Insert,13637389,,29006
client,client_request,completed,1777547203988583,2,,,1777547203970301,1777547203988583,1777547203970301,1777547203988583,,,OSError: [Errno 49] Can't assign requested address,client-2-6,Insert,-13550470,,18282
client,client_request,completed,1777547204010922,2,,,1777547203988626,1777547204010922,1777547203988626,1777547204010922,,,OSError: [Errno 49] Can't assign requested address,client-2-6,Remove,-4321896,,22296
client,client_request,completed,1777547204029796,2,,,1777547204010969,1777547204029796,1777547204010969,1777547204029796,,,OSError: [Errno 49] Can't assign requested address,client-2-6,Remove,-12366122,,18827
client,client_request,completed,1777547204053895,2,,,1777547204029837,1777547204053895,1777547204029837,1777547204053895,,,OSError: [Errno 49] Can't assign requested address,client-2-6,Insert,-2381407,,24058
client,client_request,completed,1777547204073970,2,,,1777547204053938,1777547204073970,1777547204053938,1777547204073970,,,OSError: [Errno 49] Can't assign requested address,client-2-6,Remove,12277091,,20032
client,client_request,completed,1777547204101871,2,,,1777547204074012,1777547204101871,1777547204074012,1777547204101871,,,OSError: [Errno 49] Can't assign requested address,client-2-6,Remove,-5793151,,27859
client,client_request,completed,1777547204126469,2,,,1777547204101913,1777547204126469,1777547204101913,1777547204126469,,,OSError: [Errno 49] Can't assign requested address,client-2-6,Remove,8507863,,24556
client,client_request,completed,1777547204154823,2,,,1777547204126526,1777547204154823,1777547204126526,1777547204154823,,,OSError: [Errno 49] Can't assign requested address,client-2-6,Remove,-3453373,,28297
client,client_request,completed,1777547204170205,2,,,1777547204154866,1777547204170205,1777547204154866,1777547204170205,,,OSError: [Errno 49] Can't assign requested address,client-2-6,Remove,-15694474,,15339
client,client_request,completed,1777547204190673,2,,,1777547204170249,1777547204190673,1777547204170249,1777547204190673,,,OSError: [Errno 49] Can't assign requested address,client-2-6,Remove,6781173,,20424
client,client_request,completed,1777547204215637,2,,,1777547204190719,1777547204215637,1777547204190719,1777547204215637,,,OSError: [Errno 49] Can't assign requested address,client-2-6,Remove,-4353614,,24918
client,client_request,completed,1777547204234937,2,,,1777547204215680,1777547204234937,1777547204215680,1777547204234937,,,OSError: [Errno 49] Can't assign requested address,client-2-6,Insert,3420782,,19257
client,client_request,completed,1777547204252623,2,,,1777547204234977,1777547204252623,1777547204234977,1777547204252623,,,OSError: [Errno 49] Can't assign requested address,client-2-6,Remove,7244538,,17646
client,client_request,completed,1777547204275803,2,,,1777547204252684,1777547204275803,1777547204252684,1777547204275803,,,OSError: [Errno 49] Can't assign requested address,client-2-6,Insert,5699327,,23119
client,client_request,completed,1777547204296794,2,,,1777547204275864,1777547204296794,1777547204275864,1777547204296794,,,OSError: [Errno 49] Can't assign requested address,client-2-6,Insert,11777494,,20930
client,client_request,completed,1777547204315813,2,,,1777547204296837,1777547204315813,1777547204296837,1777547204315813,,,OSError: [Errno 49] Can't assign requested address,client-2-6,Insert,-9975128,,18976
client,client_request,completed,1777547204409975,2,,,1777547204315876,1777547204409975,1777547204315876,1777547204409975,,,,client-2-6,Remove,-2385171,200,94099
client,client_request,completed,1777547204433778,2,,,1777547204410026,1777547204433778,1777547204410026,1777547204433778,,,,client-2-6,Insert,-13540396,200,23752
client,client_request,completed,1777547204464907,2,,,1777547204433826,1777547204464907,1777547204433826,1777547204464907,,,,client-2-6,Insert,10013832,200,31081
client,client_request,completed,1777547204499818,2,,,1777547204464970,1777547204499818,1777547204464970,1777547204499818,,,,client-2-6,Remove,7241618,200,34848
client,client_request,completed,1777547204531793,2,,,1777547204499875,1777547204531793,1777547204499875,1777547204531793,,,,client-2-6,Insert,11025436,200,31918
client,client_request,completed,1777547204563947,2,,,1777547204531930,1777547204563947,1777547204531930,1777547204563947,,,,client-2-6,Remove,-506709,200,32017
client,client_request,completed,1777547204597628,2,,,1777547204564003,1777547204597628,1777547204564003,1777547204597628,,,,client-2-6,Insert,-8131048,200,33625
client,client_request,completed,1777547204632143,2,,,1777547204597714,1777547204632143,1777547204597714,1777547204632143,,,,client-2-6,Remove,12465778,200,34429
client,client_request,completed,1777547204666368,2,,,1777547204632202,1777547204666368,1777547204632202,1777547204666368,,,,client-2-6,Remove,12228310,200,34166
client,client_request,completed,1777547204700251,2,,,1777547204666436,1777547204700251,1777547204666436,1777547204700251,,,,client-2-6,Insert,4961570,200,33815
client,client_request,completed,1777547204790363,2,,,1777547204700310,1777547204790363,1777547204700310,1777547204790363,,,,client-2-6,Insert,-4285646,200,90053
client,client_request,completed,1777547204823929,2,,,1777547204790416,1777547204823929,1777547204790416,1777547204823929,,,,client-2-6,Insert,-7017560,200,33513
client,client_request,completed,1777547204856533,2,,,1777547204824061,1777547204856533,1777547204824061,1777547204856533,,,,client-2-6,Remove,-4224314,200,32472
client,client_request,completed,1777547204889578,2,,,1777547204856586,1777547204889578,1777547204856586,1777547204889578,,,,client-2-6,Remove,8203993,200,32992
client,client_request,completed,1777547204926535,2,,,1777547204889636,1777547204926535,1777547204889636,1777547204926535,,,,client-2-6,Insert,2977942,200,36899
client,client_request,completed,1777547204958870,2,,,1777547204926627,1777547204958870,1777547204926627,1777547204958870,,,,client-2-6,Insert,10851378,200,32243
client,client_request,completed,1777547204992611,2,,,1777547204958923,1777547204992611,1777547204958923,1777547204992611,,,,client-2-6,Insert,-9641182,200,33688
client,client_request,completed,1777547205025908,2,,,1777547204992667,1777547205025908,1777547204992667,1777547205025908,,,,client-2-6,Insert,16115712,200,33241
client,client_request,completed,1777547205059245,2,,,1777547205025965,1777547205059245,1777547205025965,1777547205059245,,,,client-2-6,Remove,-12475432,200,33280
client,client_request,completed,1777547205091864,2,,,1777547205059304,1777547205091864,1777547205059304,1777547205091864,,,,client-2-6,Insert,10847774,200,32560
client,client_request,completed,1777547205127925,2,,,1777547205091921,1777547205127925,1777547205091921,1777547205127925,,,,client-2-6,Insert,8024103,200,36004
client,client_request,completed,1777547205222074,2,,,1777547205127991,1777547205222074,1777547205127991,1777547205222074,,,,client-2-6,Remove,-4441836,200,94083
client,client_request,completed,1777547205268844,2,,,1777547205222137,1777547205268844,1777547205222137,1777547205268844,,,,client-2-6,Remove,8369915,200,46707
client,client_request,completed,1777547205301509,2,,,1777547205269167,1777547205301509,1777547205269167,1777547205301509,,,,client-2-6,Remove,-14793238,200,32342
client,client_request,completed,1777547205343049,2,,,1777547205301802,1777547205343049,1777547205301802,1777547205343049,,,,client-2-6,Insert,-6828633,200,41247
client,client_request,completed,1777547205372815,2,,,1777547205344119,1777547205372815,1777547205344119,1777547205372815,,,,client-2-6,Remove,14163952,200,28696
client,client_request,completed,1777547205409637,2,,,1777547205372892,1777547205409637,1777547205372892,1777547205409637,,,,client-2-6,Remove,2641178,200,36745
client,client_request,completed,1777547205442328,2,,,1777547205409695,1777547205442328,1777547205409695,1777547205442328,,,,client-2-6,Remove,9555835,200,32633
client,client_request,completed,1777547205474326,2,,,1777547205442400,1777547205474326,1777547205442400,1777547205474326,,,,client-2-6,Remove,9794298,200,31926
client,client_request,completed,1777547205508903,2,,,1777547205474416,1777547205508903,1777547205474416,1777547205508903,,,,client-2-6,Remove,6838112,200,34487
client,client_request,completed,1777547205542715,2,,,1777547205508957,1777547205542715,1777547205508957,1777547205542715,,,,client-2-6,Insert,10389190,200,33758
client,client_request,completed,1777547205579625,2,,,1777547205542811,1777547205579625,1777547205542811,1777547205579625,,,,client-2-6,Insert,-14358000,200,36814
client,client_request,completed,1777547205613339,2,,,1777547205579683,1777547205613339,1777547205579683,1777547205613339,,,,client-2-6,Remove,-1917763,200,33656
client,client_request,completed,1777547205647190,2,,,1777547205613393,1777547205647190,1777547205613393,1777547205647190,,,,client-2-6,Insert,-8863383,200,33797
client,client_request,completed,1777547205681846,2,,,1777547205647246,1777547205681846,1777547205647246,1777547205681846,,,,client-2-6,Insert,4409102,200,34600
client,client_request,completed,1777547205715991,2,,,1777547205681898,1777547205715991,1777547205681898,1777547205715991,,,,client-2-6,Insert,-11140416,200,34093
client,client_request,completed,1777547205808566,2,,,1777547205716110,1777547205808566,1777547205716110,1777547205808566,,,,client-2-6,Remove,9279771,200,92456
client,client_request,completed,1777547205843183,2,,,1777547205808718,1777547205843183,1777547205808718,1777547205843183,,,,client-2-6,Insert,-5235547,200,34465
client,client_request,completed,1777547205873621,2,,,1777547205843254,1777547205873621,1777547205843254,1777547205873621,,,,client-2-6,Insert,-6407312,200,30367
client,client_request,completed,1777547205908327,2,,,1777547205873691,1777547205908327,1777547205873691,1777547205908327,,,,client-2-6,Remove,671697,200,34636
client,client_request,completed,1777547205943660,2,,,1777547205908671,1777547205943660,1777547205908671,1777547205943660,,,,client-2-6,Remove,6159472,200,34989
client,client_request,completed,1777547205979907,2,,,1777547205943725,1777547205979907,1777547205943725,1777547205979907,,,,client-2-6,Insert,-5500983,200,36182
client,client_request,completed,1777547206015754,2,,,1777547205980004,1777547206015754,1777547205980004,1777547206015754,,,,client-2-6,Insert,3839887,200,35750
client,client_request,completed,1777547206053135,2,,,1777547206015851,1777547206053135,1777547206015851,1777547206053135,,,,client-2-6,Insert,-13761991,200,37284
client,client_request,completed,1777547206095593,2,,,1777547206053248,1777547206095593,1777547206053248,1777547206095593,,,,client-2-6,Remove,4296166,200,42345
client,client_request,completed,1777547206135697,2,,,1777547206095680,1777547206135697,1777547206095680,1777547206135697,,,,client-2-6,Insert,-7355747,200,40017
client,client_request,completed,1777547206176122,2,,,1777547206135775,1777547206176122,1777547206135775,1777547206176122,,,,client-2-6,Remove,-1082435,200,40347
client,client_request,completed,1777547206210878,2,,,1777547206176203,1777547206210878,1777547206176203,1777547206210878,,,,client-2-6,Remove,12500750,200,34675
client,client_request,completed,1777547206246065,2,,,1777547206210955,1777547206246065,1777547206210955,1777547206246065,,,,client-2-6,Remove,-12800370,200,35110
client,client_request,completed,1777547206280149,2,,,1777547206246118,1777547206280149,1777547206246118,1777547206280149,,,,client-2-6,Insert,-4503923,200,34031
client,client_request,completed,1777547206314545,2,,,1777547206280212,1777547206314545,1777547206280212,1777547206314545,,,,client-2-6,Remove,12842824,200,34333
client,client_request,completed,1777547206352877,2,,,1777547206314600,1777547206352877,1777547206314600,1777547206352877,,,,client-2-6,Remove,-776770,200,38277
client,client_request,completed,1777547206379258,2,,,1777547206353451,1777547206379258,1777547206353451,1777547206379258,,,,client-2-6,Remove,-12753281,200,25807
client,client_request,completed,1777547206416585,2,,,1777547206379343,1777547206416585,1777547206379343,1777547206416585,,,,client-2-6,Insert,10365740,200,37242
client,client_request,completed,1777547206452274,2,,,1777547206416648,1777547206452274,1777547206416648,1777547206452274,,,,client-2-6,Insert,-13821806,200,35626
client,client_request,completed,1777547206488693,2,,,1777547206452346,1777547206488693,1777547206452346,1777547206488693,,,,client-2-6,Remove,11672310,200,36347
client,client_request,completed,1777547206523761,2,,,1777547206488747,1777547206523761,1777547206488747,1777547206523761,,,,client-2-6,Remove,-3288235,200,35014
client,client_request,completed,1777547206559097,2,,,1777547206523813,1777547206559097,1777547206523813,1777547206559097,,,,client-2-6,Insert,5188706,200,35284
client,client_request,completed,1777547206594925,2,,,1777547206559169,1777547206594925,1777547206559169,1777547206594925,,,,client-2-6,Insert,-13470306,200,35756
client,client_request,completed,1777547206629964,2,,,1777547206595003,1777547206629964,1777547206595003,1777547206629964,,,,client-2-6,Insert,-10188073,200,34961
client,client_request,completed,1777547206665164,2,,,1777547206630025,1777547206665164,1777547206630025,1777547206665164,,,,client-2-6,Insert,15204105,200,35139
client,client_request,completed,1777547206699819,2,,,1777547206665223,1777547206699819,1777547206665223,1777547206699819,,,,client-2-6,Insert,11434655,200,34596
client,client_request,completed,1777547206788887,2,,,1777547206699882,1777547206788887,1777547206699882,1777547206788887,,,,client-2-6,Remove,-5313255,200,89005
client,client_request,completed,1777547206824212,2,,,1777547206789004,1777547206824212,1777547206789004,1777547206824212,,,,client-2-6,Remove,-11647613,200,35208
client,client_request,completed,1777547206859134,2,,,1777547206824316,1777547206859134,1777547206824316,1777547206859134,,,,client-2-6,Insert,-4601935,200,34818
client,client_request,completed,1777547206895562,2,,,1777547206859216,1777547206895562,1777547206859216,1777547206895562,,,,client-2-6,Remove,14815052,200,36346
client,client_request,completed,1777547206931802,2,,,1777547206895631,1777547206931802,1777547206895631,1777547206931802,,,,client-2-6,Remove,-3651681,200,36171
client,client_request,completed,1777547206967970,2,,,1777547206931855,1777547206967970,1777547206931855,1777547206967970,,,,client-2-6,Remove,-15659863,200,36115
client,client_request,completed,1777547207003565,2,,,1777547206968041,1777547207003565,1777547206968041,1777547207003565,,,,client-2-6,Remove,-11843913,200,35524
client,client_request,completed,1777547207038304,2,,,1777547207003619,1777547207038304,1777547207003619,1777547207038304,,,,client-2-6,Remove,-2346228,200,34685
client,client_request,completed,1777547207073299,2,,,1777547207038358,1777547207073299,1777547207038358,1777547207073299,,,,client-2-6,Insert,4744009,200,34941
client,client_request,completed,1777547207110213,2,,,1777547207073400,1777547207110213,1777547207073400,1777547207110213,,,,client-2-6,Insert,15622329,200,36813
client,client_request,completed,1777547207146716,2,,,1777547207110280,1777547207146716,1777547207110280,1777547207146716,,,,client-2-6,Insert,10735226,200,36436
client,client_request,completed,1777547207183549,2,,,1777547207146819,1777547207183549,1777547207146819,1777547207183549,,,,client-2-6,Remove,-12127283,200,36730
client,client_request,completed,1777547207217439,2,,,1777547207183604,1777547207217439,1777547207183604,1777547207217439,,,,client-2-6,Remove,-5544149,200,33835
client,client_request,completed,1777547207254999,2,,,1777547207217498,1777547207254999,1777547207217498,1777547207254999,,,,client-2-6,Remove,6335618,200,37501
client,client_request,completed,1777547207289453,2,,,1777547207255057,1777547207289453,1777547207255057,1777547207289453,,,,client-2-6,Remove,-16504750,200,34396
client,client_request,completed,1777547207324762,2,,,1777547207289504,1777547207324762,1777547207289504,1777547207324762,,,,client-2-6,Insert,5488800,200,35258
client,client_request,completed,1777547207362920,2,,,1777547207324893,1777547207362920,1777547207324893,1777547207362920,,,,client-2-6,Insert,-4852822,200,38027
client,client_request,completed,1777547207398628,2,,,1777547207363272,1777547207398628,1777547207363272,1777547207398628,,,,client-2-6,Insert,1226325,200,35356
client,client_request,completed,1777547207435941,2,,,1777547207398687,1777547207435941,1777547207398687,1777547207435941,,,,client-2-6,Insert,-661562,200,37254
client,client_request,completed,1777547207472719,2,,,1777547207436076,1777547207472719,1777547207436076,1777547207472719,,,,client-2-6,Insert,-14790785,200,36643
client,client_request,completed,1777547207507603,2,,,1777547207472774,1777547207507603,1777547207472774,1777547207507603,,,,client-2-6,Insert,247822,200,34829
client,client_request,completed,1777547207543860,2,,,1777547207507683,1777547207543860,1777547207507683,1777547207543860,,,,client-2-6,Remove,12849481,200,36177
client,client_request,completed,1777547207582019,2,,,1777547207543924,1777547207582019,1777547207543924,1777547207582019,,,,client-2-6,Remove,-14717846,200,38095
client,client_request,completed,1777547207618141,2,,,1777547207582082,1777547207618141,1777547207582082,1777547207618141,,,,client-2-6,Remove,1723136,200,36059
client,client_request,completed,1777547207653544,2,,,1777547207618195,1777547207653544,1777547207618195,1777547207653544,,,,client-2-6,Remove,5442670,200,35349
client,client_request,completed,1777547207688075,2,,,1777547207653596,1777547207688075,1777547207653596,1777547207688075,,,,client-2-6,Insert,917262,200,34479
client,client_request,completed,1777547207723613,2,,,1777547207688202,1777547207723613,1777547207688202,1777547207723613,,,,client-2-6,Insert,-13177984,200,35411
client,client_request,completed,1777547207819682,2,,,1777547207723671,1777547207819682,1777547207723671,1777547207819682,,,,client-2-6,Remove,4585544,200,96011
client,client_request,completed,1777547207854980,2,,,1777547207819734,1777547207854980,1777547207819734,1777547207854980,,,,client-2-6,Remove,-14908564,200,35246
client,client_request,completed,1777547207891766,2,,,1777547207855032,1777547207891766,1777547207855032,1777547207891766,,,,client-2-6,Insert,-1773963,200,36734
client,client_request,completed,1777547207928847,2,,,1777547207891827,1777547207928847,1777547207891827,1777547207928847,,,,client-2-6,Insert,-462226,200,37020
client,client_request,completed,1777547207962720,2,,,1777547207928903,1777547207962720,1777547207928903,1777547207962720,,,,client-2-6,Remove,3594943,200,33817
client,client_request,completed,1777547207997160,2,,,1777547207962830,1777547207997160,1777547207962830,1777547207997160,,,,client-2-6,Insert,-249098,200,34330
client,client_request,completed,1777547208032641,2,,,1777547207997231,1777547208032641,1777547207997231,1777547208032641,,,,client-2-6,Remove,-16436946,200,35410
client,client_request,completed,1777547208068899,2,,,1777547208032828,1777547208068899,1777547208032828,1777547208068899,,,,client-2-6,Remove,-8626869,200,36071
client,client_request,completed,1777547208108784,2,,,1777547208068953,1777547208108784,1777547208068953,1777547208108784,,,,client-2-6,Remove,616338,200,39831
client,client_request,completed,1777547208148459,2,,,1777547208108856,1777547208148459,1777547208108856,1777547208148459,,,,client-2-6,Insert,5233496,200,39603
client,client_request,completed,1777547208186682,2,,,1777547208148528,1777547208186682,1777547208148528,1777547208186682,,,,client-2-6,Insert,329164,200,38154
client,client_request,completed,1777547208223532,2,,,1777547208186739,1777547208223532,1777547208186739,1777547208223532,,,,client-2-6,Insert,-6477814,200,36793
client,client_request,completed,1777547208262934,2,,,1777547208223596,1777547208262934,1777547208223596,1777547208262934,,,,client-2-6,Insert,-1746820,200,39338
client,client_request,completed,1777547208300067,2,,,1777547208263190,1777547208300067,1777547208263190,1777547208300067,,,,client-2-6,Remove,-16685355,200,36877
client,client_request,completed,1777547208337388,2,,,1777547208300342,1777547208337388,1777547208300342,1777547208337388,,,,client-2-6,Remove,498498,200,37046
client,client_request,completed,1777547208376503,2,,,1777547208337454,1777547208376503,1777547208337454,1777547208376503,,,,client-2-6,Remove,2136141,200,39049
client,client_request,completed,1777547208415587,2,,,1777547208376591,1777547208415587,1777547208376591,1777547208415587,,,,client-2-6,Remove,166496,200,38996
client,client_request,completed,1777547208453651,2,,,1777547208415642,1777547208453651,1777547208415642,1777547208453651,,,,client-2-6,Insert,-13255803,200,38009
client,client_request,completed,1777547208490844,2,,,1777547208453707,1777547208490844,1777547208453707,1777547208490844,,,,client-2-6,Insert,-13830781,200,37137
client,client_request,completed,1777547208529473,2,,,1777547208490897,1777547208529473,1777547208490897,1777547208529473,,,,client-2-6,Insert,11958598,200,38576
client,client_request,completed,1777547208568535,2,,,1777547208529531,1777547208568535,1777547208529531,1777547208568535,,,,client-2-6,Remove,-3647025,200,39004
client,client_request,completed,1777547208606490,2,,,1777547208568598,1777547208606490,1777547208568598,1777547208606490,,,,client-2-6,Insert,3476682,200,37892
client,client_request,completed,1777547208645745,2,,,1777547208606543,1777547208645745,1777547208606543,1777547208645745,,,,client-2-6,Insert,11219497,200,39202
client,client_request,completed,1777547208682967,2,,,1777547208645889,1777547208682967,1777547208645889,1777547208682967,,,,client-2-6,Insert,9696613,200,37078
client,client_request,completed,1777547208720113,2,,,1777547208683188,1777547208720113,1777547208683188,1777547208720113,,,,client-2-6,Remove,1423054,200,36925
client,client_request,completed,1777547208818285,2,,,1777547208720175,1777547208818285,1777547208720175,1777547208818285,,,,client-2-6,Remove,5353874,200,98110
client,client_request,completed,1777547208855275,2,,,1777547208818339,1777547208855275,1777547208818339,1777547208855275,,,,client-2-6,Insert,6738856,200,36936
client,client_request,completed,1777547208894978,2,,,1777547208855331,1777547208894978,1777547208855331,1777547208894978,,,,client-2-6,Remove,16362529,200,39647
client,client_request,completed,1777547208933976,2,,,1777547208895040,1777547208933976,1777547208895040,1777547208933976,,,,client-2-6,Remove,1828926,200,38936
client,client_request,completed,1777547208971141,2,,,1777547208934031,1777547208971141,1777547208934031,1777547208971141,,,,client-2-6,Remove,1854399,200,37110
client,client_request,completed,1777547209013192,2,,,1777547208971219,1777547209013192,1777547208971219,1777547209013192,,,,client-2-6,Insert,-11806330,200,41973
client,client_request,completed,1777547209051039,2,,,1777547209013271,1777547209051039,1777547209013271,1777547209051039,,,,client-2-6,Insert,-9801700,200,37768
client,client_request,completed,1777547209091591,2,,,1777547209051161,1777547209091591,1777547209051161,1777547209091591,,,,client-2-6,Remove,-8417013,200,40430
client,client_request,completed,1777547209129893,2,,,1777547209091665,1777547209129893,1777547209091665,1777547209129893,,,,client-2-6,Insert,6940874,200,38228
client,client_request,completed,1777547209169600,2,,,1777547209129959,1777547209169600,1777547209129959,1777547209169600,,,,client-2-6,Insert,15869012,200,39641
client,client_request,completed,1777547209207586,2,,,1777547209169662,1777547209207586,1777547209169662,1777547209207586,,,,client-2-6,Remove,-9111998,200,37924
client,client_request,completed,1777547209246697,2,,,1777547209207648,1777547209246697,1777547209207648,1777547209246697,,,,client-2-6,Insert,-1639681,200,39049
client,client_request,completed,1777547209287189,2,,,1777547209246839,1777547209287189,1777547209246839,1777547209287189,,,,client-2-6,Insert,-14195280,200,40350
client,client_request,completed,1777547209326950,2,,,1777547209287255,1777547209326950,1777547209287255,1777547209326950,,,,client-2-6,Remove,8991777,200,39695
client,client_request,completed,1777547209367483,2,,,1777547209327014,1777547209367483,1777547209327014,1777547209367483,,,,client-2-6,Insert,4516419,200,40469
client,client_request,completed,1777547209407493,2,,,1777547209367577,1777547209407493,1777547209367577,1777547209407493,,,,client-2-6,Remove,9994240,200,39916
client,client_request,completed,1777547209447726,2,,,1777547209407711,1777547209447726,1777547209407711,1777547209447726,,,,client-2-6,Remove,13982437,200,40015
client,client_request,completed,1777547209486081,2,,,1777547209447781,1777547209486081,1777547209447781,1777547209486081,,,,client-2-6,Insert,-2137907,200,38300
client,client_request,completed,1777547209524514,2,,,1777547209486137,1777547209524514,1777547209486137,1777547209524514,,,,client-2-6,Remove,15614760,200,38377
client,client_request,completed,1777547209564825,2,,,1777547209524614,1777547209564825,1777547209524614,1777547209564825,,,,client-2-6,Insert,-6007545,200,40211
client,client_request,completed,1777547209606346,2,,,1777547209564881,1777547209606346,1777547209564881,1777547209606346,,,,client-2-6,Remove,10930371,200,41465
client,client_request,completed,1777547209653935,2,,,1777547209606674,1777547209653935,1777547209606674,1777547209653935,,,,client-2-6,Insert,-9808547,200,47261
client,client_request,completed,1777547209693527,2,,,1777547209653991,1777547209693527,1777547209653991,1777547209693527,,,,client-2-6,Insert,-9870853,200,39536
client,client_request,completed,1777547209792189,2,,,1777547209693583,1777547209792189,1777547209693583,1777547209792189,,,,client-2-6,Remove,-5389476,200,98606
client,client_request,completed,1777547209832423,2,,,1777547209792247,1777547209832423,1777547209792247,1777547209832423,,,,client-2-6,Insert,3621751,200,40176
client,client_request,completed,1777547209872257,2,,,1777547209832478,1777547209872257,1777547209832478,1777547209872257,,,,client-2-6,Insert,-16229441,200,39779
client,client_request,completed,1777547209912074,2,,,1777547209872330,1777547209912074,1777547209872330,1777547209912074,,,,client-2-6,Insert,-3425360,200,39744
client,client_request,completed,1777547209951643,2,,,1777547209912130,1777547209951643,1777547209912130,1777547209951643,,,,client-2-6,Remove,15112202,200,39513
client,client_request,completed,1777547209990568,2,,,1777547209951829,1777547209990568,1777547209951829,1777547209990568,,,,client-2-6,Remove,-14619560,200,38739
client,client_request,completed,1777547210029710,2,,,1777547209990628,1777547210029710,1777547209990628,1777547210029710,,,,client-2-6,Insert,10138887,200,39082
client,client_request,completed,1777547210070749,2,,,1777547210029783,1777547210070749,1777547210029783,1777547210070749,,,,client-2-6,Remove,-6435396,200,40966
client,client_request,completed,1777547210112575,2,,,1777547210070818,1777547210112575,1777547210070818,1777547210112575,,,,client-2-6,Remove,10341034,200,41757
client,client_request,completed,1777547210154370,2,,,1777547210112644,1777547210154370,1777547210112644,1777547210154370,,,,client-2-6,Insert,10782692,200,41726
client,client_request,completed,1777547210194363,2,,,1777547210154434,1777547210194363,1777547210154434,1777547210194363,,,,client-2-6,Insert,1947507,200,39929
client,client_request,completed,1777547210234676,2,,,1777547210194422,1777547210234676,1777547210194422,1777547210234676,,,,client-2-6,Insert,7889522,200,40254
client,client_request,completed,1777547210274363,2,,,1777547210234746,1777547210274363,1777547210234746,1777547210274363,,,,client-2-6,Remove,3685308,200,39617
client,client_request,completed,1777547210314248,2,,,1777547210274479,1777547210314248,1777547210274479,1777547210314248,,,,client-2-6,Remove,-9348916,200,39769
client,client_request,completed,1777547210354615,2,,,1777547210314392,1777547210354615,1777547210314392,1777547210354615,,,,client-2-6,Insert,11200304,200,40223
client,client_request,completed,1777547210399781,2,,,1777547210354684,1777547210399781,1777547210354684,1777547210399781,,,,client-2-6,Remove,14608858,200,45097
client,client_request,completed,1777547210439302,2,,,1777547210400019,1777547210439302,1777547210400019,1777547210439302,,,,client-2-6,Insert,1354122,200,39283
client,client_request,completed,1777547210481765,2,,,1777547210439376,1777547210481765,1777547210439376,1777547210481765,,,,client-2-6,Insert,-4089507,200,42389
client,client_request,completed,1777547210523019,2,,,1777547210481833,1777547210523019,1777547210481833,1777547210523019,,,,client-2-6,Remove,-9619900,200,41186
client,client_request,completed,1777547210563539,2,,,1777547210523104,1777547210563539,1777547210523104,1777547210563539,,,,client-2-6,Remove,3769634,200,40435
client,client_request,completed,1777547210603814,2,,,1777547210563647,1777547210603814,1777547210563647,1777547210603814,,,,client-2-6,Insert,4841116,200,40167
client,client_request,completed,1777547210644643,2,,,1777547210603911,1777547210644643,1777547210603911,1777547210644643,,,,client-2-6,Remove,-9511863,200,40732
client,client_request,completed,1777547210686879,2,,,1777547210644710,1777547210686879,1777547210644710,1777547210686879,,,,client-2-6,Remove,-6441971,200,42169
client,client_request,completed,1777547210725411,2,,,1777547210686936,1777547210725411,1777547210686936,1777547210725411,,,,client-2-6,Remove,-5022435,200,38475
client,client_request,completed,1777547210825120,2,,,1777547210725474,1777547210825120,1777547210725474,1777547210825120,,,,client-2-6,Remove,14908990,200,99646
client,client_request,completed,1777547210863974,2,,,1777547210825196,1777547210863974,1777547210825196,1777547210863974,,,,client-2-6,Insert,15269318,200,38778
client,client_request,completed,1777547210905368,2,,,1777547210864033,1777547210905368,1777547210864033,1777547210905368,,,,client-2-6,Remove,699800,200,41335
client,client_request,completed,1777547210946551,2,,,1777547210905445,1777547210946551,1777547210905445,1777547210946551,,,,client-2-6,Insert,14412468,200,41106
client,client_request,completed,1777547210990547,2,,,1777547210946614,1777547210990547,1777547210946614,1777547210990547,,,,client-2-6,Insert,-16220774,200,43933
client,client_request,completed,1777547211030220,2,,,1777547210990605,1777547211030220,1777547210990605,1777547211030220,,,,client-2-6,Remove,-5254123,200,39615
client,client_request,completed,1777547211073131,2,,,1777547211030285,1777547211073131,1777547211030285,1777547211073131,,,,client-2-6,Insert,-54369,200,42846
client,client_request,completed,1777547211114041,2,,,1777547211073192,1777547211114041,1777547211073192,1777547211114041,,,,client-2-6,Remove,-2174385,200,40849
client,client_request,completed,1777547211158558,2,,,1777547211114097,1777547211158558,1777547211114097,1777547211158558,,,,client-2-6,Insert,140089,200,44461
client,client_request,completed,1777547211204301,2,,,1777547211158676,1777547211204301,1777547211158676,1777547211204301,,,,client-2-6,Insert,2794951,200,45625
client,client_request,completed,1777547211266087,2,,,1777547211204380,1777547211266087,1777547211204380,1777547211266087,,,,client-2-6,Remove,5754847,200,61707
client,client_request,completed,1777547211307314,2,,,1777547211266167,1777547211307314,1777547211266167,1777547211307314,,,,client-2-6,Insert,-1669422,200,41147
client,client_request,completed,1777547211348479,2,,,1777547211307372,1777547211348479,1777547211307372,1777547211348479,,,,client-2-6,Insert,11659275,200,41107
client,client_request,completed,1777547211390671,2,,,1777547211348547,1777547211390671,1777547211348547,1777547211390671,,,,client-2-6,Insert,9674345,200,42124
client,client_request,completed,1777547211424477,2,,,1777547211390752,1777547211424477,1777547211390752,1777547211424477,,,,client-2-6,Remove,-7338929,200,33725
client,client_request,completed,1777547211464797,2,,,1777547211424540,1777547211464797,1777547211424540,1777547211464797,,,,client-2-6,Insert,-5799940,200,40257
client,client_request,completed,1777547211505744,2,,,1777547211464890,1777547211505744,1777547211464890,1777547211505744,,,,client-2-6,Remove,-11830284,200,40854
client,client_request,completed,1777547211547827,2,,,1777547211505989,1777547211547827,1777547211505989,1777547211547827,,,,client-2-6,Insert,5715408,200,41838
client,client_request,completed,1777547211590341,2,,,1777547211547895,1777547211590341,1777547211547895,1777547211590341,,,,client-2-6,Insert,-14007983,200,42446
client,client_request,completed,1777547211630984,2,,,1777547211590408,1777547211630984,1777547211590408,1777547211630984,,,,client-2-6,Insert,-8209439,200,40576
client,client_request,completed,1777547211670967,2,,,1777547211631095,1777547211670967,1777547211631095,1777547211670967,,,,client-2-6,Remove,-181693,200,39872
client,client_request,completed,1777547211713792,2,,,1777547211671050,1777547211713792,1777547211671050,1777547211713792,,,,client-2-6,Insert,5505904,200,42742
client,client_request,completed,1777547211811832,2,,,1777547211713858,1777547211811832,1777547211713858,1777547211811832,,,,client-2-6,Insert,4415927,200,97974
client,client_request,completed,1777547211850505,2,,,1777547211812065,1777547211850505,1777547211812065,1777547211850505,,,,client-2-6,Insert,7084272,200,38440
client,client_request,completed,1777547211891971,2,,,1777547211850565,1777547211891971,1777547211850565,1777547211891971,,,,client-2-6,Insert,-14352698,200,41406
client,client_request,completed,1777547211934859,2,,,1777547211892032,1777547211934859,1777547211892032,1777547211934859,,,,client-2-6,Remove,-9068918,200,42827
client,client_request,completed,1777547211975797,2,,,1777547211934989,1777547211975797,1777547211934989,1777547211975797,,,,client-2-6,Insert,14298287,200,40808
client,client_request,completed,1777547212015943,2,,,1777547211975883,1777547212015943,1777547211975883,1777547212015943,,,,client-2-6,Remove,8787101,200,40060
client,client_request,completed,1777547212054891,2,,,1777547212016002,1777547212054891,1777547212016002,1777547212054891,,,,client-2-6,Remove,-7527743,200,38889
client,client_request,completed,1777547212099363,2,,,1777547212054954,1777547212099363,1777547212054954,1777547212099363,,,,client-2-6,Insert,1971159,200,44409
client,client_request,completed,1777547212142441,2,,,1777547212099435,1777547212142441,1777547212099435,1777547212142441,,,,client-2-6,Insert,-12605974,200,43006
client,client_request,completed,1777547212185997,2,,,1777547212142531,1777547212185997,1777547212142531,1777547212185997,,,,client-2-6,Insert,12589815,200,43466
client,client_request,completed,1777547212227889,2,,,1777547212186273,1777547212227889,1777547212186273,1777547212227889,,,,client-2-6,Insert,-3742521,200,41616
client,client_request,completed,1777547212271798,2,,,1777547212227959,1777547212271798,1777547212227959,1777547212271798,,,,client-2-6,Remove,-8933948,200,43839
client,client_request,completed,1777547212313897,2,,,1777547212271883,1777547212313897,1777547212271883,1777547212313897,,,,client-2-6,Insert,14508133,200,42014
client,client_request,completed,1777547212355411,2,,,1777547212313972,1777547212355411,1777547212313972,1777547212355411,,,,client-2-6,Remove,6591551,200,41439
client,client_request,completed,1777547212396882,2,,,1777547212355484,1777547212396882,1777547212355484,1777547212396882,,,,client-2-6,Insert,-4147727,200,41398
client,client_request,completed,1777547212437626,2,,,1777547212398191,1777547212437626,1777547212398191,1777547212437626,,,,client-2-6,Remove,5651689,200,39435
client,client_request,completed,1777547212479250,2,,,1777547212437720,1777547212479250,1777547212437720,1777547212479250,,,,client-2-6,Insert,567070,200,41530
client,client_request,completed,1777547212521311,2,,,1777547212479555,1777547212521311,1777547212479555,1777547212521311,,,,client-2-6,Insert,-63460,200,41756
client,client_request,completed,1777547212565224,2,,,1777547212521396,1777547212565224,1777547212521396,1777547212565224,,,,client-2-6,Insert,-16583440,200,43828
client,client_request,completed,1777547212610603,2,,,1777547212565434,1777547212610603,1777547212565434,1777547212610603,,,,client-2-6,Insert,15510219,200,45169
client,client_request,completed,1777547212651132,2,,,1777547212610662,1777547212651132,1777547212610662,1777547212651132,,,,client-2-6,Remove,16026561,200,40470
client,client_request,completed,1777547212693033,2,,,1777547212651191,1777547212693033,1777547212651191,1777547212693033,,,,client-2-6,Insert,3747911,200,41842
client,client_request,completed,1777547212795901,2,,,1777547212693090,1777547212795901,1777547212693090,1777547212795901,,,,client-2-6,Remove,-16347,200,102811
client,client_request,completed,1777547212836662,2,,,1777547212796133,1777547212836662,1777547212796133,1777547212836662,,,,client-2-6,Insert,10217838,200,40529
client,client_request,completed,1777547212877468,2,,,1777547212836722,1777547212877468,1777547212836722,1777547212877468,,,,client-2-6,Remove,-15004025,200,40746
client,client_request,completed,1777547212922093,2,,,1777547212877543,1777547212922093,1777547212877543,1777547212922093,,,,client-2-6,Remove,13754005,200,44550
client,client_request,completed,1777547212964871,2,,,1777547212922166,1777547212964871,1777547212922166,1777547212964871,,,,client-2-6,Insert,-292094,200,42705
client,client_request,completed,1777547213007702,2,,,1777547212964934,1777547213007702,1777547212964934,1777547213007702,,,,client-2-6,Insert,1576839,200,42768
client,client_request,completed,1777547213049956,2,,,1777547213007769,1777547213049956,1777547213007769,1777547213049956,,,,client-2-6,Insert,11084336,200,42187
client,client_request,completed,1777547213096204,2,,,1777547213050019,1777547213096204,1777547213050019,1777547213096204,,,,client-2-6,Remove,-3678886,200,46185
client,client_request,completed,1777547213140404,2,,,1777547213096297,1777547213140404,1777547213096297,1777547213140404,,,,client-2-6,Remove,-2079660,200,44107
client,client_request,completed,1777547213184635,2,,,1777547213140507,1777547213184635,1777547213140507,1777547213184635,,,,client-2-6,Insert,11929842,200,44128
client,client_request,completed,1777547213227471,2,,,1777547213184692,1777547213227471,1777547213184692,1777547213227471,,,,client-2-6,Remove,-9553950,200,42779
client,client_request,completed,1777547213267462,2,,,1777547213227550,1777547213267462,1777547213227550,1777547213267462,,,,client-2-6,Remove,1827682,200,39912
client,client_request,completed,1777547213308927,2,,,1777547213267518,1777547213308927,1777547213267518,1777547213308927,,,,client-2-6,Remove,12379952,200,41409
client,client_request,completed,1777547213351162,2,,,1777547213309171,1777547213351162,1777547213309171,1777547213351162,,,,client-2-6,Remove,-12544394,200,41991
client,client_request,completed,1777547213394876,2,,,1777547213351245,1777547213394876,1777547213351245,1777547213394876,,,,client-2-6,Remove,3027378,200,43631
client,client_request,completed,1777547213438541,2,,,1777547213395128,1777547213438541,1777547213395128,1777547213438541,,,,client-2-6,Remove,-15742989,200,43413
client,client_request,completed,1777547213481108,2,,,1777547213438763,1777547213481108,1777547213438763,1777547213481108,,,,client-2-6,Insert,-11248617,200,42345
client,client_request,completed,1777547213523026,2,,,1777547213481165,1777547213523026,1777547213481165,1777547213523026,,,,client-2-6,Remove,9071130,200,41861
client,client_request,completed,1777547213566300,2,,,1777547213523083,1777547213566300,1777547213523083,1777547213566300,,,,client-2-6,Remove,12016369,200,43217
client,client_request,completed,1777547213610118,2,,,1777547213566504,1777547213610118,1777547213566504,1777547213610118,,,,client-2-6,Insert,9349302,200,43614
client,client_request,completed,1777547213652550,2,,,1777547213610377,1777547213652550,1777547213610377,1777547213652550,,,,client-2-6,Insert,-5109256,200,42173
client,client_request,completed,1777547213695042,2,,,1777547213652618,1777547213695042,1777547213652618,1777547213695042,,,,client-2-6,Insert,-6217441,200,42424
client,client_request,completed,1777547213853787,2,,,1777547213695095,1777547213853787,1777547213695095,1777547213853787,,,,client-2-6,Insert,1714005,200,158692
client,client_request,completed,1777547213907068,2,,,1777547213853843,1777547213907068,1777547213853843,1777547213907068,,,,client-2-6,Insert,1644994,200,53225
client,client_request,completed,1777547213954510,2,,,1777547213907139,1777547213954510,1777547213907139,1777547213954510,,,,client-2-6,Remove,-2649945,200,47371
client,client_request,completed,1777547213999224,2,,,1777547213954578,1777547213999224,1777547213954578,1777547213999224,,,,client-2-6,Remove,-15088162,200,44646
client,client_request,completed,1777547214041931,2,,,1777547213999283,1777547214041931,1777547213999283,1777547214041931,,,,client-2-6,Remove,5929394,200,42648
client,client_request,completed,1777547214087842,2,,,1777547214042318,1777547214087842,1777547214042318,1777547214087842,,,,client-2-6,Remove,-12875733,200,45524
client,client_request,completed,1777547214130818,2,,,1777547214088355,1777547214130818,1777547214088355,1777547214130818,,,,client-2-6,Insert,12364725,200,42463
client,client_request,completed,1777547214177227,2,,,1777547214130910,1777547214177227,1777547214130910,1777547214177227,,,,client-2-6,Insert,-15849723,200,46317
client,client_request,completed,1777547214225775,2,,,1777547214177285,1777547214225775,1777547214177285,1777547214225775,,,,client-2-6,Remove,-5978640,200,48490
client,client_request,completed,1777547214268411,2,,,1777547214225837,1777547214268411,1777547214225837,1777547214268411,,,,client-2-6,Insert,-9886318,200,42574
client,client_request,completed,1777547214310670,2,,,1777547214268484,1777547214310670,1777547214268484,1777547214310670,,,,client-2-6,Insert,-7621860,200,42186
client,client_request,completed,1777547214354932,2,,,1777547214310867,1777547214354932,1777547214310867,1777547214354932,,,,client-2-6,Insert,6522057,200,44065
client,client_request,completed,1777547214398716,2,,,1777547214355030,1777547214398716,1777547214355030,1777547214398716,,,,client-2-6,Remove,-797433,200,43686
client,client_request,completed,1777547214442394,2,,,1777547214398779,1777547214442394,1777547214398779,1777547214442394,,,,client-2-6,Insert,-355856,200,43615
client,client_request,completed,1777547214486311,2,,,1777547214442447,1777547214486311,1777547214442447,1777547214486311,,,,client-2-6,Insert,13317623,200,43864
client,client_request,completed,1777547214529203,2,,,1777547214486367,1777547214529203,1777547214486367,1777547214529203,,,,client-2-6,Remove,11431503,200,42836
client,client_request,completed,1777547214571511,2,,,1777547214529272,1777547214571511,1777547214529272,1777547214571511,,,,client-2-6,Insert,-12554844,200,42239
client,client_request,completed,1777547214615963,2,,,1777547214571574,1777547214615963,1777547214571574,1777547214615963,,,,client-2-6,Remove,-4857247,200,44389
client,client_request,completed,1777547214657797,2,,,1777547214616020,1777547214657797,1777547214616020,1777547214657797,,,,client-2-6,Insert,-4280842,200,41777
client,client_request,completed,1777547214699890,2,,,1777547214657857,1777547214699890,1777547214657857,1777547214699890,,,,client-2-6,Insert,3682016,200,42033
client,client_request,completed,1777547214799732,2,,,1777547214699978,1777547214799732,1777547214699978,1777547214799732,,,,client-2-6,Remove,-8596382,200,99754
client,client_request,completed,1777547214844089,2,,,1777547214799816,1777547214844089,1777547214799816,1777547214844089,,,,client-2-6,Insert,11063250,200,44273
client,client_request,completed,1777547214889827,2,,,1777547214844163,1777547214889827,1777547214844163,1777547214889827,,,,client-2-6,Insert,4434701,200,45664
client,client_request,completed,1777547214938306,2,,,1777547214889895,1777547214938306,1777547214889895,1777547214938306,,,,client-2-6,Remove,478294,200,48411
client,client_request,completed,1777547214980850,2,,,1777547214938406,1777547214980850,1777547214938406,1777547214980850,,,,client-2-6,Remove,7297478,200,42444
client,client_request,completed,1777547215022891,2,,,1777547214980905,1777547215022891,1777547214980905,1777547215022891,,,,client-2-6,Remove,14667488,200,41986
client,client_request,completed,1777547215065796,2,,,1777547215022950,1777547215065796,1777547215022950,1777547215065796,,,,client-2-6,Insert,-9443524,200,42846
client,client_request,completed,1777547215111776,2,,,1777547215065882,1777547215111776,1777547215065882,1777547215111776,,,,client-2-6,Remove,15126389,200,45894
client,client_request,completed,1777547215158650,2,,,1777547215111862,1777547215158650,1777547215111862,1777547215158650,,,,client-2-6,Remove,-14184868,200,46788
client,client_request,completed,1777547215200982,2,,,1777547215158717,1777547215200982,1777547215158717,1777547215200982,,,,client-2-6,Insert,16646546,200,42265
client,client_request,completed,1777547215246251,2,,,1777547215201075,1777547215246251,1777547215201075,1777547215246251,,,,client-2-6,Insert,-8703559,200,45176
client,client_request,completed,1777547215291298,2,,,1777547215246319,1777547215291298,1777547215246319,1777547215291298,,,,client-2-6,Insert,-4611728,200,44979
client,client_request,completed,1777547215337594,2,,,1777547215291423,1777547215337594,1777547215291423,1777547215337594,,,,client-2-6,Insert,10150112,200,46171
client,client_request,completed,1777547215384833,2,,,1777547215337663,1777547215384833,1777547215337663,1777547215384833,,,,client-2-6,Insert,9290772,200,47170
client,client_request,completed,1777547215430123,2,,,1777547215384921,1777547215430123,1777547215384921,1777547215430123,,,,client-2-6,Insert,11847199,200,45202
client,client_request,completed,1777547215473540,2,,,1777547215430241,1777547215473540,1777547215430241,1777547215473540,,,,client-2-6,Remove,9112363,200,43299
client,client_request,completed,1777547215516994,2,,,1777547215473630,1777547215516994,1777547215473630,1777547215516994,,,,client-2-6,Insert,14284748,200,43364
client,client_request,completed,1777547215560192,2,,,1777547215517088,1777547215560192,1777547215517088,1777547215560192,,,,client-2-6,Insert,14668658,200,43104
client,client_request,completed,1777547215607075,2,,,1777547215560254,1777547215607075,1777547215560254,1777547215607075,,,,client-2-6,Insert,-5332051,200,46821
client,client_request,completed,1777547215652241,2,,,1777547215607169,1777547215652241,1777547215607169,1777547215652241,,,,client-2-6,Remove,1599715,200,45072
client,client_request,completed,1777547215697639,2,,,1777547215652302,1777547215697639,1777547215652302,1777547215697639,,,,client-2-6,Insert,15988379,200,45337
client,client_request,completed,1777547215797061,2,,,1777547215697699,1777547215797061,1777547215697699,1777547215797061,,,,client-2-6,Insert,-8680467,200,99362
client,client_request,completed,1777547215841741,2,,,1777547215797130,1777547215841741,1777547215797130,1777547215841741,,,,client-2-6,Remove,12310641,200,44611
client,client_request,completed,1777547215886963,2,,,1777547215841812,1777547215886963,1777547215841812,1777547215886963,,,,client-2-6,Insert,10991200,200,45151
client,client_request,completed,1777547215932426,2,,,1777547215887032,1777547215932426,1777547215887032,1777547215932426,,,,client-2-6,Remove,-15406296,200,45394
client,client_request,completed,1777547215977795,2,,,1777547215932498,1777547215977795,1777547215932498,1777547215977795,,,,client-2-6,Remove,9334266,200,45297
client,client_request,completed,1777547216020305,2,,,1777547215978017,1777547216020305,1777547215978017,1777547216020305,,,,client-2-6,Remove,4975406,200,42288
client,client_request,completed,1777547216063469,2,,,1777547216020373,1777547216063469,1777547216020373,1777547216063469,,,,client-2-6,Insert,10620029,200,43096
client,client_request,completed,1777547216108712,2,,,1777547216063565,1777547216108712,1777547216063565,1777547216108712,,,,client-2-6,Remove,-9716564,200,45147
client,client_request,completed,1777547216157701,2,,,1777547216108777,1777547216157701,1777547216108777,1777547216157701,,,,client-2-6,Insert,-4981414,200,48924
client,client_request,completed,1777547216204590,2,,,1777547216157760,1777547216204590,1777547216157760,1777547216204590,,,,client-2-6,Remove,503809,200,46830
client,client_request,completed,1777547216249790,2,,,1777547216204732,1777547216249790,1777547216204732,1777547216249790,,,,client-2-6,Insert,-1185422,200,45058
client,client_request,completed,1777547216294996,2,,,1777547216249858,1777547216294996,1777547216249858,1777547216294996,,,,client-2-6,Insert,11666363,200,45138
client,client_request,completed,1777547216338455,2,,,1777547216295059,1777547216338455,1777547216295059,1777547216338455,,,,client-2-6,Insert,-8785189,200,43396
client,client_request,completed,1777547216383031,2,,,1777547216338514,1777547216383031,1777547216338514,1777547216383031,,,,client-2-6,Remove,12490586,200,44517
client,client_request,completed,1777547216432713,2,,,1777547216383113,1777547216432713,1777547216383113,1777547216432713,,,,client-2-6,Insert,-10874009,200,49600
client,client_request,completed,1777547216477055,2,,,1777547216432778,1777547216477055,1777547216432778,1777547216477055,,,,client-2-6,Insert,13273031,200,44277
client,client_request,completed,1777547216522063,2,,,1777547216477142,1777547216522063,1777547216477142,1777547216522063,,,,client-2-6,Remove,13400619,200,44921
client,client_request,completed,1777547216568369,2,,,1777547216522129,1777547216568369,1777547216522129,1777547216568369,,,,client-2-6,Insert,-14367715,200,46240
client,client_request,completed,1777547216613037,2,,,1777547216568437,1777547216613037,1777547216568437,1777547216613037,,,,client-2-6,Remove,1215682,200,44600
client,client_request,completed,1777547216655551,2,,,1777547216613098,1777547216655551,1777547216613098,1777547216655551,,,,client-2-6,Insert,-5750829,200,42453
client,client_request,completed,1777547216700742,2,,,1777547216655619,1777547216700742,1777547216655619,1777547216700742,,,,client-2-6,Insert,-4228824,200,45123
client,client_request,completed,1777547216801442,2,,,1777547216700815,1777547216801442,1777547216700815,1777547216801442,,,,client-2-6,Remove,-2054367,200,100627
client,client_request,completed,1777547216846345,2,,,1777547216801622,1777547216846345,1777547216801622,1777547216846345,,,,client-2-6,Remove,-11234076,200,44723
client,client_request,completed,1777547216892492,2,,,1777547216846407,1777547216892492,1777547216846407,1777547216892492,,,,client-2-6,Insert,-14470939,200,46085
client,client_request,completed,1777547216940532,2,,,1777547216892708,1777547216940532,1777547216892708,1777547216940532,,,,client-2-6,Insert,4777248,200,47824
client,client_request,completed,1777547216985557,2,,,1777547216940606,1777547216985557,1777547216940606,1777547216985557,,,,client-2-6,Insert,-6970999,200,44951
client,client_request,completed,1777547217030359,2,,,1777547216985619,1777547217030359,1777547216985619,1777547217030359,,,,client-2-6,Insert,-1366047,200,44740
client,client_request,completed,1777547217077797,2,,,1777547217030450,1777547217077797,1777547217030450,1777547217077797,,,,client-2-6,Remove,3747709,200,47347
client,client_request,completed,1777547217123530,2,,,1777547217077905,1777547217123530,1777547217077905,1777547217123530,,,,client-2-6,Insert,13257445,200,45625
client,client_request,completed,1777547217171860,2,,,1777547217123676,1777547217171860,1777547217123676,1777547217171860,,,,client-2-6,Remove,-15104042,200,48184
client,client_request,completed,1777547217216475,2,,,1777547217171934,1777547217216475,1777547217171934,1777547217216475,,,,client-2-6,Remove,-6081647,200,44541
client,client_request,completed,1777547217263676,2,,,1777547217216714,1777547217263676,1777547217216714,1777547217263676,,,,client-2-6,Insert,11068600,200,46962
client,client_request,completed,1777547217311766,2,,,1777547217263768,1777547217311766,1777547217263768,1777547217311766,,,,client-2-6,Insert,6822863,200,47998
client,client_request,completed,1777547217356213,2,,,1777547217311839,1777547217356213,1777547217311839,1777547217356213,,,,client-2-6,Remove,-10353355,200,44374
client,client_request,completed,1777547217402507,2,,,1777547217356283,1777547217402507,1777547217356283,1777547217402507,,,,client-2-6,Insert,5009561,200,46224
client,client_request,completed,1777547217449146,2,,,1777547217402731,1777547217449146,1777547217402731,1777547217449146,,,,client-2-6,Insert,10266997,200,46415
client,client_request,completed,1777547217496446,2,,,1777547217449212,1777547217496446,1777547217449212,1777547217496446,,,,client-2-6,Insert,-5489254,200,47234
client,client_request,completed,1777547217545075,2,,,1777547217496567,1777547217545075,1777547217496567,1777547217545075,,,,client-2-6,Insert,11880065,200,48508
client,client_request,completed,1777547217591856,2,,,1777547217545144,1777547217591856,1777547217545144,1777547217591856,,,,client-2-6,Insert,-10483197,200,46712
client,client_request,completed,1777547217638700,2,,,1777547217591917,1777547217638700,1777547217591917,1777547217638700,,,,client-2-6,Insert,-16744802,200,46783
client,client_request,completed,1777547217685377,2,,,1777547217638894,1777547217685377,1777547217638894,1777547217685377,,,,client-2-6,Insert,-6802167,200,46483
client,client_request,completed,1777547217730481,2,,,1777547217685460,1777547217730481,1777547217685460,1777547217730481,,,,client-2-6,Insert,-16084326,200,45021
client,client_request,completed,1777547217836505,2,,,1777547217730572,1777547217836505,1777547217730572,1777547217836505,,,,client-2-6,Insert,-10423317,200,105933
client,client_request,completed,1777547217881659,2,,,1777547217836576,1777547217881659,1777547217836576,1777547217881659,,,,client-2-6,Remove,11834029,200,45083
client,client_request,completed,1777547217928605,2,,,1777547217881734,1777547217928605,1777547217881734,1777547217928605,,,,client-2-6,Remove,15902126,200,46871
client,client_request,completed,1777547217972963,2,,,1777547217928699,1777547217972963,1777547217928699,1777547217972963,,,,client-2-6,Remove,12639618,200,44264
client,client_request,completed,1777547218018577,2,,,1777547217973034,1777547218018577,1777547217973034,1777547218018577,,,,client-2-6,Insert,-4233665,200,45543
client,client_request,completed,1777547218065170,2,,,1777547218018640,1777547218065170,1777547218018640,1777547218065170,,,,client-2-6,Insert,-9765875,200,46530
client,client_request,completed,1777547218112328,2,,,1777547218065259,1777547218112328,1777547218065259,1777547218112328,,,,client-2-6,Insert,-14579573,200,47069
client,client_request,completed,1777547218162884,2,,,1777547218112401,1777547218162884,1777547218112401,1777547218162884,,,,client-2-6,Insert,9069362,200,50483
client,client_request,completed,1777547218210434,2,,,1777547218162993,1777547218210434,1777547218162993,1777547218210434,,,,client-2-6,Remove,10635771,200,47441
client,client_request,completed,1777547218257274,2,,,1777547218210673,1777547218257274,1777547218210673,1777547218257274,,,,client-2-6,Insert,-6490655,200,46601
client,client_request,completed,1777547218304187,2,,,1777547218257332,1777547218304187,1777547218257332,1777547218304187,,,,client-2-6,Insert,2593657,200,46855
client,client_request,completed,1777547218350365,2,,,1777547218304275,1777547218350365,1777547218304275,1777547218350365,,,,client-2-6,Remove,-11827335,200,46090
client,client_request,completed,1777547218394566,2,,,1777547218350467,1777547218394566,1777547218350467,1777547218394566,,,,client-2-6,Insert,-15633748,200,44099
client,client_request,completed,1777547218442711,2,,,1777547218394633,1777547218442711,1777547218394633,1777547218442711,,,,client-2-6,Remove,-7497906,200,48078
client,client_request,completed,1777547218489594,2,,,1777547218442776,1777547218489594,1777547218442776,1777547218489594,,,,client-2-6,Insert,10909202,200,46818
client,client_request,completed,1777547218534426,2,,,1777547218489657,1777547218534426,1777547218489657,1777547218534426,,,,client-2-6,Remove,-1065929,200,44769
client,client_request,completed,1777547218582040,2,,,1777547218534496,1777547218582040,1777547218534496,1777547218582040,,,,client-2-6,Insert,1085798,200,47544
client,client_request,completed,1777547218628189,2,,,1777547218582220,1777547218628189,1777547218582220,1777547218628189,,,,client-2-6,Remove,3564323,200,45969
client,client_request,completed,1777547218673883,2,,,1777547218628265,1777547218673883,1777547218628265,1777547218673883,,,,client-2-6,Remove,-998640,200,45618
client,client_request,completed,1777547218719547,2,,,1777547218673956,1777547218719547,1777547218673956,1777547218719547,,,,client-2-6,Remove,-13888562,200,45591
client,client_request,completed,1777547218828627,2,,,1777547218719610,1777547218828627,1777547218719610,1777547218828627,,,,client-2-6,Insert,5916767,200,109017
client,client_request,completed,1777547218874444,2,,,1777547218828706,1777547218874444,1777547218828706,1777547218874444,,,,client-2-6,Remove,932654,200,45738
client,client_request,completed,1777547218919841,2,,,1777547218874510,1777547218919841,1777547218874510,1777547218919841,,,,client-2-6,Insert,-16680835,200,45331
client,client_request,completed,1777547218970107,2,,,1777547218919912,1777547218970107,1777547218919912,1777547218970107,,,,client-2-6,Insert,-12886725,200,50195
client,client_request,completed,1777547219017508,2,,,1777547218970172,1777547219017508,1777547218970172,1777547219017508,,,,client-2-6,Insert,5950344,200,47336
client,client_request,completed,1777547219063939,2,,,1777547219017568,1777547219063939,1777547219017568,1777547219063939,,,,client-2-6,Remove,13085534,200,46371
client,client_request,completed,1777547219108634,2,,,1777547219064122,1777547219108634,1777547219064122,1777547219108634,,,,client-2-6,Insert,16055748,200,44512
client,client_request,completed,1777547219158466,2,,,1777547219108750,1777547219158466,1777547219108750,1777547219158466,,,,client-2-6,Insert,-548234,200,49716
client,client_request,completed,1777547219206577,2,,,1777547219158535,1777547219206577,1777547219158535,1777547219206577,,,,client-2-6,Insert,200313,200,48042
client,client_request,completed,1777547219258119,2,,,1777547219206659,1777547219258119,1777547219206659,1777547219258119,,,,client-2-6,Insert,-10107152,200,51460
client,client_request,completed,1777547219306443,2,,,1777547219258198,1777547219306443,1777547219258198,1777547219306443,,,,client-2-6,Insert,13261365,200,48245
client,client_request,completed,1777547219351246,2,,,1777547219306640,1777547219351246,1777547219306640,1777547219351246,,,,client-2-6,Remove,14449200,200,44606
client,client_request,completed,1777547219400042,2,,,1777547219351340,1777547219400042,1777547219351340,1777547219400042,,,,client-2-6,Remove,-4965201,200,48702
client,client_request,completed,1777547219447294,2,,,1777547219400111,1777547219447294,1777547219400111,1777547219447294,,,,client-2-6,Remove,4638069,200,47183
client,client_request,completed,1777547219493499,2,,,1777547219447352,1777547219493499,1777547219447352,1777547219493499,,,,client-2-6,Remove,1340616,200,46147
client,client_request,completed,1777547219540478,2,,,1777547219493581,1777547219540478,1777547219493581,1777547219540478,,,,client-2-6,Remove,10732028,200,46897
client,client_request,completed,1777547219589588,2,,,1777547219540534,1777547219589588,1777547219540534,1777547219589588,,,,client-2-6,Remove,-3799755,200,49054
client,client_request,completed,1777547219642111,2,,,1777547219589674,1777547219642111,1777547219589674,1777547219642111,,,,client-2-6,Remove,-11651796,200,52437
client,client_request,completed,1777547219693851,2,,,1777547219642242,1777547219693851,1777547219642242,1777547219693851,,,,client-2-6,Insert,16363304,200,51609
client,client_request,completed,1777547219801104,2,,,1777547219693914,1777547219801104,1777547219693914,1777547219801104,,,,client-2-6,Remove,-8881418,200,107190
client,client_request,completed,1777547219848251,2,,,1777547219801263,1777547219848251,1777547219801263,1777547219848251,,,,client-2-6,Remove,-12857403,200,46988
client,client_request,completed,1777547219897626,2,,,1777547219848372,1777547219897626,1777547219848372,1777547219897626,,,,client-2-6,Remove,-2965952,200,49254
client,client_request,completed,1777547219945526,2,,,1777547219897704,1777547219945526,1777547219897704,1777547219945526,,,,client-2-6,Remove,2158931,200,47822
client,client_request,completed,1777547219992605,2,,,1777547219945586,1777547219992605,1777547219945586,1777547219992605,,,,client-2-6,Remove,-9896348,200,47019
client,client_request,completed,1777547220040521,2,,,1777547219992673,1777547220040521,1777547219992673,1777547220040521,,,,client-2-6,Remove,-3208176,200,47848
client,client_request,completed,1777547220089421,2,,,1777547220040631,1777547220089421,1777547220040631,1777547220089421,,,,client-2-6,Insert,-9694362,200,48790
client,client_request,completed,1777547220140781,2,,,1777547220089486,1777547220140781,1777547220089486,1777547220140781,,,,client-2-6,Insert,9292438,200,51295
client,client_request,completed,1777547220190287,2,,,1777547220140870,1777547220190287,1777547220140870,1777547220190287,,,,client-2-6,Remove,-10581023,200,49417
client,client_request,completed,1777547220238248,2,,,1777547220190355,1777547220238248,1777547220190355,1777547220238248,,,,client-2-6,Remove,3919045,200,47893
client,client_request,completed,1777547220285858,2,,,1777547220238309,1777547220285858,1777547220238309,1777547220285858,,,,client-2-6,Remove,3333844,200,47549
client,client_request,completed,1777547220332803,2,,,1777547220285919,1777547220332803,1777547220285919,1777547220332803,,,,client-2-6,Remove,12544294,200,46884
client,client_request,completed,1777547220383850,2,,,1777547220332903,1777547220383850,1777547220332903,1777547220383850,,,,client-2-6,Insert,13120888,200,50947
client,client_request,completed,1777547220433164,2,,,1777547220383916,1777547220433164,1777547220383916,1777547220433164,,,,client-2-6,Insert,-1840984,200,49248
client,client_request,completed,1777547220480907,2,,,1777547220433312,1777547220480907,1777547220433312,1777547220480907,,,,client-2-6,Insert,845202,200,47595
client,client_request,completed,1777547220530446,2,,,1777547220480980,1777547220530446,1777547220480980,1777547220530446,,,,client-2-6,Remove,-15827131,200,49466
client,client_request,completed,1777547220581357,2,,,1777547220530510,1777547220581357,1777547220530510,1777547220581357,,,,client-2-6,Remove,11788410,200,50847
client,client_request,completed,1777547220630292,2,,,1777547220581574,1777547220630292,1777547220581574,1777547220630292,,,,client-2-6,Insert,-3181483,200,48718
client,client_request,completed,1777547220678332,2,,,1777547220630379,1777547220678332,1777547220630379,1777547220678332,,,,client-2-6,Insert,-880296,200,47953
client,client_request,completed,1777547220725320,2,,,1777547220678437,1777547220725320,1777547220678437,1777547220725320,,,,client-2-6,Insert,-15714019,200,46883
client,client_request,completed,1777547220832484,2,,,1777547220725397,1777547220832484,1777547220725397,1777547220832484,,,,client-2-6,Insert,-3258555,200,107087
client,client_request,completed,1777547220878559,2,,,1777547220832616,1777547220878559,1777547220832616,1777547220878559,,,,client-2-6,Insert,-6991678,200,45943
client,client_request,completed,1777547220929591,2,,,1777547220878630,1777547220929591,1777547220878630,1777547220929591,,,,client-2-6,Remove,-14109244,200,50961
client,client_request,completed,1777547220976543,2,,,1777547220929778,1777547220976543,1777547220929778,1777547220976543,,,,client-2-6,Insert,16160807,200,46765
client,client_request,completed,1777547221023648,2,,,1777547220976643,1777547221023648,1777547220976643,1777547221023648,,,,client-2-6,Insert,-5669757,200,47005
client,client_request,completed,1777547221073049,2,,,1777547221023707,1777547221073049,1777547221023707,1777547221073049,,,,client-2-6,Insert,-10093654,200,49342
client,client_request,completed,1777547221121941,2,,,1777547221073116,1777547221121941,1777547221073116,1777547221121941,,,,client-2-6,Remove,6958674,200,48825
client,client_request,completed,1777547221175593,2,,,1777547221122009,1777547221175593,1777547221122009,1777547221175593,,,,client-2-6,Remove,-14491963,200,53584
client,client_request,completed,1777547221227272,2,,,1777547221175763,1777547221227272,1777547221175763,1777547221227272,,,,client-2-6,Insert,9116662,200,51509
client,client_request,completed,1777547221300776,2,,,1777547221227493,1777547221300776,1777547221227493,1777547221300776,,,,client-2-6,Insert,-5912411,200,73283
client,client_request,completed,1777547221350483,2,,,1777547221300832,1777547221350483,1777547221300832,1777547221350483,,,,client-2-6,Remove,-10726149,200,49651
client,client_request,completed,1777547221399932,2,,,1777547221350565,1777547221399932,1777547221350565,1777547221399932,,,,client-2-6,Remove,-8810551,200,49367
client,client_request,completed,1777547221447401,2,,,1777547221400193,1777547221447401,1777547221400193,1777547221447401,,,,client-2-6,Remove,-1742156,200,47208
client,client_request,completed,1777547221495971,2,,,1777547221447457,1777547221495971,1777547221447457,1777547221495971,,,,client-2-6,Remove,-9477982,200,48514
client,client_request,completed,1777547221546030,2,,,1777547221496028,1777547221546030,1777547221496028,1777547221546030,,,,client-2-6,Insert,4047392,200,50002
client,client_request,completed,1777547221596749,2,,,1777547221546089,1777547221596749,1777547221546089,1777547221596749,,,,client-2-6,Remove,-6676675,200,50660
client,client_request,completed,1777547221645070,2,,,1777547221596806,1777547221645070,1777547221596806,1777547221645070,,,,client-2-6,Insert,-8144986,200,48264
client,client_request,completed,1777547221691876,2,,,1777547221645138,1777547221691876,1777547221645138,1777547221691876,,,,client-2-6,Remove,10726107,200,46738
client,client_request,completed,1777547221797913,2,,,1777547221691967,1777547221797913,1777547221691967,1777547221797913,,,,client-2-6,Insert,-1591383,200,105946
client,client_request,completed,1777547221847094,2,,,1777547221797975,1777547221847094,1777547221797975,1777547221847094,,,,client-2-6,Insert,-9834513,200,49119
client,client_request,completed,1777547221897294,2,,,1777547221847173,1777547221897294,1777547221847173,1777547221897294,,,,client-2-6,Insert,-5295564,200,50121
client,client_request,completed,1777547221948500,2,,,1777547221897418,1777547221948500,1777547221897418,1777547221948500,,,,client-2-6,Insert,9268072,200,51082
client,client_request,completed,1777547221995845,2,,,1777547221948559,1777547221995845,1777547221948559,1777547221995845,,,,client-2-6,Remove,6796784,200,47286
client,client_request,completed,1777547222043115,2,,,1777547221995909,1777547222043115,1777547221995909,1777547222043115,,,,client-2-6,Remove,-16118368,200,47206
client,client_request,completed,1777547222092600,2,,,1777547222043170,1777547222092600,1777547222043170,1777547222092600,,,,client-2-6,Remove,9009849,200,49430
client,client_request,completed,1777547222145768,2,,,1777547222092693,1777547222145768,1777547222092693,1777547222145768,,,,client-2-6,Remove,1559987,200,53075
client,client_request,completed,1777547222196004,2,,,1777547222145849,1777547222196004,1777547222145849,1777547222196004,,,,client-2-6,Insert,-374496,200,50155
client,client_request,completed,1777547222247209,2,,,1777547222196060,1777547222247209,1777547222196060,1777547222247209,,,,client-2-6,Remove,-3575929,200,51149
client,client_request,completed,1777547222296106,2,,,1777547222247397,1777547222296106,1777547222247397,1777547222296106,,,,client-2-6,Remove,-6290305,200,48709
client,client_request,completed,1777547222348364,2,,,1777547222296215,1777547222348364,1777547222296215,1777547222348364,,,,client-2-6,Remove,14172583,200,52149
client,client_request,completed,1777547222397848,2,,,1777547222348423,1777547222397848,1777547222348423,1777547222397848,,,,client-2-6,Remove,13035384,200,49425
client,client_request,completed,1777547222521714,2,,,1777547222397911,1777547222521714,1777547222397911,1777547222521714,,,,client-2-6,Remove,4819270,200,123803
client,client_request,completed,1777547222577785,2,,,1777547222521791,1777547222577785,1777547222521791,1777547222577785,,,,client-2-6,Remove,11600350,200,55994
client,client_request,completed,1777547222629812,2,,,1777547222577981,1777547222629812,1777547222577981,1777547222629812,,,,client-2-6,Insert,4552582,200,51831
client,client_request,completed,1777547222683177,2,,,1777547222629952,1777547222683177,1777547222629952,1777547222683177,,,,client-2-6,Remove,10745277,200,53225
client,client_request,completed,1777547222792508,2,,,1777547222683234,1777547222792508,1777547222683234,1777547222792508,,,,client-2-6,Remove,10161947,200,109274
client,client_request,completed,1777547222845635,2,,,1777547222792563,1777547222845635,1777547222792563,1777547222845635,,,,client-2-6,Insert,2261749,200,53072
client,client_request,completed,1777547222894819,2,,,1777547222845711,1777547222894819,1777547222845711,1777547222894819,,,,client-2-6,Insert,-13359298,200,49108
client,client_request,completed,1777547222946090,2,,,1777547222894946,1777547222946090,1777547222894946,1777547222946090,,,,client-2-6,Insert,6569279,200,51144
client,client_request,completed,1777547222998744,2,,,1777547222946150,1777547222998744,1777547222946150,1777547222998744,,,,client-2-6,Remove,-6161604,200,52594
client,client_request,completed,1777547223048956,2,,,1777547222998810,1777547223048956,1777547222998810,1777547223048956,,,,client-2-6,Remove,11936391,200,50146
client,client_request,completed,1777547223098910,2,,,1777547223049015,1777547223098910,1777547223049015,1777547223098910,,,,client-2-6,Insert,1755309,200,49895
client,client_request,completed,1777547223151612,2,,,1777547223098971,1777547223151612,1777547223098971,1777547223151612,,,,client-2-6,Insert,-1038524,200,52641
client,client_request,completed,1777547223203086,2,,,1777547223151675,1777547223203086,1777547223151675,1777547223203086,,,,client-2-6,Insert,10137972,200,51411
client,client_request,completed,1777547223251172,2,,,1777547223203162,1777547223251172,1777547223203162,1777547223251172,,,,client-2-6,Insert,-13448146,200,48010
client,client_request,completed,1777547223303648,2,,,1777547223251379,1777547223303648,1777547223251379,1777547223303648,,,,client-2-6,Insert,-11792076,200,52269
client,client_request,completed,1777547223357411,2,,,1777547223303746,1777547223357411,1777547223303746,1777547223357411,,,,client-2-6,Remove,-12819361,200,53665
client,client_request,completed,1777547223407811,2,,,1777547223357474,1777547223407811,1777547223357474,1777547223407811,,,,client-2-6,Remove,-7059571,200,50337
client,client_request,completed,1777547223458905,2,,,1777547223407878,1777547223458905,1777547223407878,1777547223458905,,,,client-2-6,Remove,-7719411,200,51027
client,client_request,completed,1777547223510235,2,,,1777547223458974,1777547223510235,1777547223458974,1777547223510235,,,,client-2-6,Insert,-14109212,200,51261
client,client_request,completed,1777547223561008,2,,,1777547223510307,1777547223561008,1777547223510307,1777547223561008,,,,client-2-6,Insert,204314,200,50701
client,client_request,completed,1777547223610536,2,,,1777547223561068,1777547223610536,1777547223561068,1777547223610536,,,,client-2-6,Insert,5031300,200,49468
client,client_request,completed,1777547223660825,2,,,1777547223610609,1777547223660825,1777547223610609,1777547223660825,,,,client-2-6,Insert,4399917,200,50216
client,client_request,completed,1777547223709480,2,,,1777547223660882,1777547223709480,1777547223660882,1777547223709480,,,,client-2-6,Insert,9110670,200,48598
client,client_request,completed,1777547223816848,2,,,1777547223709550,1777547223816848,1777547223709550,1777547223816848,,,,client-2-6,Insert,-15341277,200,107298
client,client_request,completed,1777547223868385,2,,,1777547223816908,1777547223868385,1777547223816908,1777547223868385,,,,client-2-6,Insert,10037380,200,51477
client,client_request,completed,1777547223921459,2,,,1777547223868473,1777547223921459,1777547223868473,1777547223921459,,,,client-2-6,Insert,-6611513,200,52986
client,client_request,completed,1777547223975019,2,,,1777547223921549,1777547223975019,1777547223921549,1777547223975019,,,,client-2-6,Insert,-13345191,200,53470
client,client_request,completed,1777547224026089,2,,,1777547223975092,1777547224026089,1777547223975092,1777547224026089,,,,client-2-6,Remove,-9715251,200,50997
client,client_request,completed,1777547224077451,2,,,1777547224026175,1777547224077451,1777547224026175,1777547224077451,,,,client-2-6,Insert,12977521,200,51276
client,client_request,completed,1777547224132072,2,,,1777547224077541,1777547224132072,1777547224077541,1777547224132072,,,,client-2-6,Insert,16557776,200,54531
client,client_request,completed,1777547224183661,2,,,1777547224132155,1777547224183661,1777547224132155,1777547224183661,,,,client-2-6,Insert,16646652,200,51506
client,client_request,completed,1777547224238286,2,,,1777547224183719,1777547224238286,1777547224183719,1777547224238286,,,,client-2-6,Insert,16071950,200,54567
client,client_request,completed,1777547224288738,2,,,1777547224238343,1777547224288738,1777547224238343,1777547224288738,,,,client-2-6,Remove,-10906737,200,50395
client,client_request,completed,1777547224341530,2,,,1777547224288816,1777547224341530,1777547224288816,1777547224341530,,,,client-2-6,Remove,-12402420,200,52714
client,client_request,completed,1777547224394918,2,,,1777547224341738,1777547224394918,1777547224341738,1777547224394918,,,,client-2-6,Remove,-12879183,200,53180
client,client_request,completed,1777547224447220,2,,,1777547224395361,1777547224447220,1777547224395361,1777547224447220,,,,client-2-6,Insert,982252,200,51859
client,client_request,completed,1777547224497619,2,,,1777547224447276,1777547224497619,1777547224447276,1777547224497619,,,,client-2-6,Remove,9394936,200,50343
client,client_request,completed,1777547224552092,2,,,1777547224497698,1777547224552092,1777547224497698,1777547224552092,,,,client-2-6,Remove,-1886928,200,54394
client,client_request,completed,1777547224605385,2,,,1777547224552250,1777547224605385,1777547224552250,1777547224605385,,,,client-2-6,Insert,-9329101,200,53135
client,client_request,completed,1777547224654694,2,,,1777547224605441,1777547224654694,1777547224605441,1777547224654694,,,,client-2-6,Insert,1783565,200,49253
client,client_request,completed,1777547224708057,2,,,1777547224654939,1777547224708057,1777547224654939,1777547224708057,,,,client-2-6,Insert,1729776,200,53118
client,client_request,completed,1777547224816299,2,,,1777547224708123,1777547224816299,1777547224708123,1777547224816299,,,,client-2-6,Insert,-16391737,200,108176
client,client_request,completed,1777547224864688,2,,,1777547224816358,1777547224864688,1777547224816358,1777547224864688,,,,client-2-6,Insert,-16460944,200,48330
client,client_request,completed,1777547224917092,2,,,1777547224864746,1777547224917092,1777547224864746,1777547224917092,,,,client-2-6,Remove,-8069190,200,52346
client,client_request,completed,1777547224970133,2,,,1777547224917154,1777547224970133,1777547224917154,1777547224970133,,,,client-2-6,Insert,-7430688,200,52979
client,client_request,completed,1777547225023261,2,,,1777547224970198,1777547225023261,1777547224970198,1777547225023261,,,,client-2-6,Remove,8453649,200,53063
client,client_request,completed,1777547225076506,2,,,1777547225023330,1777547225076506,1777547225023330,1777547225076506,,,,client-2-6,Remove,9267033,200,53176
client,client_request,completed,1777547225130141,2,,,1777547225076612,1777547225130141,1777547225076612,1777547225130141,,,,client-2-6,Remove,-12769101,200,53529
client,client_request,completed,1777547225184181,2,,,1777547225130253,1777547225184181,1777547225130253,1777547225184181,,,,client-2-6,Insert,2196320,200,53928
client,client_request,completed,1777547225237031,2,,,1777547225184240,1777547225237031,1777547225184240,1777547225237031,,,,client-2-6,Remove,1223198,200,52791
client,client_request,completed,1777547225289472,2,,,1777547225237088,1777547225289472,1777547225237088,1777547225289472,,,,client-2-6,Insert,10200119,200,52384
client,client_request,completed,1777547225341624,2,,,1777547225289545,1777547225341624,1777547225289545,1777547225341624,,,,client-2-6,Insert,577484,200,52079
client,client_request,completed,1777547225397525,2,,,1777547225341858,1777547225397525,1777547225341858,1777547225397525,,,,client-2-6,Remove,-2056562,200,55667
client,client_request,completed,1777547225449729,2,,,1777547225397595,1777547225449729,1777547225397595,1777547225449729,,,,client-2-6,Remove,-5329728,200,52134
client,client_request,completed,1777547225502023,2,,,1777547225449789,1777547225502023,1777547225449789,1777547225502023,,,,client-2-6,Insert,7126936,200,52234
client,client_request,completed,1777547225555384,2,,,1777547225502081,1777547225555384,1777547225502081,1777547225555384,,,,client-2-6,Insert,-13909310,200,53303
client,client_request,completed,1777547225609078,2,,,1777547225555451,1777547225609078,1777547225555451,1777547225609078,,,,client-2-6,Insert,9904648,200,53627
client,client_request,completed,1777547225660642,2,,,1777547225609138,1777547225660642,1777547225609138,1777547225660642,,,,client-2-6,Insert,-8646065,200,51504
client,client_request,completed,1777547225713294,2,,,1777547225660699,1777547225713294,1777547225660699,1777547225713294,,,,client-2-6,Remove,12028788,200,52595
client,client_request,completed,1777547225823928,2,,,1777547225713383,1777547225823928,1777547225713383,1777547225823928,,,,client-2-6,Insert,-15569025,200,110545
client,client_request,completed,1777547225877655,2,,,1777547225823987,1777547225877655,1777547225823987,1777547225877655,,,,client-2-6,Remove,-15024449,200,53668
client,client_request,completed,1777547225932030,2,,,1777547225877722,1777547225932030,1777547225877722,1777547225932030,,,,client-2-6,Remove,2321586,200,54308
client,client_request,completed,1777547225989194,2,,,1777547225932134,1777547225989194,1777547225932134,1777547225989194,,,,client-2-6,Insert,8575973,200,57060
client,client_request,completed,1777547226043948,2,,,1777547225989293,1777547226043948,1777547225989293,1777547226043948,,,,client-2-6,Insert,10047199,200,54655
client,client_request,completed,1777547226101082,2,,,1777547226044036,1777547226101082,1777547226044036,1777547226101082,,,,client-2-6,Remove,1707657,200,57046
client,client_request,completed,1777547226157922,2,,,1777547226101156,1777547226157922,1777547226101156,1777547226157922,,,,client-2-6,Insert,-283390,200,56766
client,client_request,completed,1777547226212399,2,,,1777547226157993,1777547226212399,1777547226157993,1777547226212399,,,,client-2-6,Insert,6530205,200,54406
client,client_request,completed,1777547226264548,2,,,1777547226212458,1777547226264548,1777547226212458,1777547226264548,,,,client-2-6,Insert,432434,200,52090
client,client_request,completed,1777547226316802,2,,,1777547226264633,1777547226316802,1777547226264633,1777547226316802,,,,client-2-6,Insert,-1365231,200,52169
client,client_request,completed,1777547226372746,2,,,1777547226317014,1777547226372746,1777547226317014,1777547226372746,,,,client-2-6,Remove,-16020871,200,55732
client,client_request,completed,1777547226427573,2,,,1777547226372826,1777547226427573,1777547226372826,1777547226427573,,,,client-2-6,Insert,-14701249,200,54747
client,client_request,completed,1777547226483651,2,,,1777547226427648,1777547226483651,1777547226427648,1777547226483651,,,,client-2-6,Insert,10362136,200,56003
client,client_request,completed,1777547226536726,2,,,1777547226483706,1777547226536726,1777547226483706,1777547226536726,,,,client-2-6,Insert,-4675581,200,53020
client,client_request,completed,1777547226590567,2,,,1777547226536950,1777547226590567,1777547226536950,1777547226590567,,,,client-2-6,Insert,10332466,200,53617
client,client_request,completed,1777547226644789,2,,,1777547226590628,1777547226644789,1777547226590628,1777547226644789,,,,client-2-6,Insert,5622192,200,54161
client,client_request,completed,1777547226698769,2,,,1777547226644899,1777547226698769,1777547226644899,1777547226698769,,,,client-2-6,Remove,-2420435,200,53870
client,client_request,completed,1777547226807743,2,,,1777547226698877,1777547226807743,1777547226698877,1777547226807743,,,,client-2-6,Remove,-126208,200,108866
client,client_request,completed,1777547226863609,2,,,1777547226807802,1777547226863609,1777547226807802,1777547226863609,,,,client-2-6,Insert,11975364,200,55807
client,client_request,completed,1777547226919287,2,,,1777547226863688,1777547226919287,1777547226863688,1777547226919287,,,,client-2-6,Insert,-755550,200,55599
client,client_request,completed,1777547226971736,2,,,1777547226919349,1777547226971736,1777547226919349,1777547226971736,,,,client-2-6,Insert,-1734829,200,52387
client,client_request,completed,1777547227025613,2,,,1777547226971799,1777547227025613,1777547226971799,1777547227025613,,,,client-2-6,Insert,-996933,200,53814
client,client_request,completed,1777547227080856,2,,,1777547227025673,1777547227080856,1777547227025673,1777547227080856,,,,client-2-6,Remove,6568187,200,55183
client,client_request,completed,1777547227134960,2,,,1777547227080922,1777547227134960,1777547227080922,1777547227134960,,,,client-2-6,Insert,-7701266,200,54038
client,client_request,completed,1777547227190316,2,,,1777547227135022,1777547227190316,1777547227135022,1777547227190316,,,,client-2-6,Insert,12896088,200,55294
client,client_request,completed,1777547227255751,2,,,1777547227190375,1777547227255751,1777547227190375,1777547227255751,,,,client-2-6,Insert,-10878744,200,65376
client,client_request,completed,1777547227262573,2,,,1777547227256684,1777547227262573,1777547227256684,1777547227262573,,,OSError: [Errno 49] Can't assign requested address,client-2-6,Remove,9233239,,5889
client,client_request,completed,1777547227284464,2,,,1777547227262674,1777547227284464,1777547227262674,1777547227284464,,,OSError: [Errno 49] Can't assign requested address,client-2-6,Insert,8660493,,21790
client,client_request,completed,1777547227297705,2,,,1777547227284528,1777547227297705,1777547227284528,1777547227297705,,,OSError: [Errno 49] Can't assign requested address,client-2-6,Remove,4644833,,13177
client,client_request,completed,1777547227322917,2,,,1777547227297766,1777547227322917,1777547227297766,1777547227322917,,,OSError: [Errno 49] Can't assign requested address,client-2-6,Remove,8063948,,25151
client,client_request,completed,1777547227347339,2,,,1777547227322975,1777547227347339,1777547227322975,1777547227347339,,,OSError: [Errno 49] Can't assign requested address,client-2-6,Insert,119932,,24364
client,client_request,completed,1777547227370420,2,,,1777547227347404,1777547227370420,1777547227347404,1777547227370420,,,OSError: [Errno 49] Can't assign requested address,client-2-6,Remove,9054777,,23016
client,client_request,completed,1777547227385552,2,,,1777547227370481,1777547227385552,1777547227370481,1777547227385552,,,OSError: [Errno 49] Can't assign requested address,client-2-6,Remove,5786196,,15071
client,client_request,completed,1777547227405190,2,,,1777547227385616,1777547227405190,1777547227385616,1777547227405190,,,OSError: [Errno 49] Can't assign requested address,client-2-6,Insert,-13509510,,19574
client,client_request,completed,1777547227432722,2,,,1777547227405252,1777547227432722,1777547227405252,1777547227432722,,,OSError: [Errno 49] Can't assign requested address,client-2-6,Insert,-8176489,,27470
client,client_request,completed,1777547227449223,2,,,1777547227432778,1777547227449223,1777547227432778,1777547227449223,,,OSError: [Errno 49] Can't assign requested address,client-2-6,Remove,5461746,,16445
client,client_request,completed,1777547227472275,2,,,1777547227449283,1777547227472275,1777547227449283,1777547227472275,,,OSError: [Errno 49] Can't assign requested address,client-2-6,Remove,15771626,,22992
client,client_request,completed,1777547227499852,2,,,1777547227472335,1777547227499852,1777547227472335,1777547227499852,,,OSError: [Errno 49] Can't assign requested address,client-2-6,Insert,-7230452,,27517
client,client_request,completed,1777547227524953,2,,,1777547227499916,1777547227524953,1777547227499916,1777547227524953,,,OSError: [Errno 49] Can't assign requested address,client-2-6,Remove,6371780,,25037
client,client_request,completed,1777547227549396,2,,,1777547227525015,1777547227549396,1777547227525015,1777547227549396,,,OSError: [Errno 49] Can't assign requested address,client-2-6,Insert,5147705,,24381
client,client_request,completed,1777547227578110,2,,,1777547227549460,1777547227578110,1777547227549460,1777547227578110,,,OSError: [Errno 49] Can't assign requested address,client-2-6,Insert,15604989,,28650
client,client_request,completed,1777547227601032,2,,,1777547227578173,1777547227601032,1777547227578173,1777547227601032,,,OSError: [Errno 49] Can't assign requested address,client-2-6,Insert,10332869,,22859
client,client_request,completed,1777547227620511,2,,,1777547227601084,1777547227620511,1777547227601084,1777547227620511,,,OSError: [Errno 49] Can't assign requested address,client-2-6,Insert,-14939389,,19427
client,client_request,completed,1777547227641784,2,,,1777547227620569,1777547227641784,1777547227620569,1777547227641784,,,OSError: [Errno 49] Can't assign requested address,client-2-6,Remove,4506746,,21215
client,client_request,completed,1777547227666834,2,,,1777547227641842,1777547227666834,1777547227641842,1777547227666834,,,OSError: [Errno 49] Can't assign requested address,client-2-6,Remove,640306,,24992
client,client_request,completed,1777547227687203,2,,,1777547227666893,1777547227687203,1777547227666893,1777547227687203,,,OSError: [Errno 49] Can't assign requested address,client-2-6,Remove,-1633209,,20310
client,client_request,completed,1777547227714393,2,,,1777547227687263,1777547227714393,1777547227687263,1777547227714393,,,OSError: [Errno 49] Can't assign requested address,client-2-6,Insert,-9764352,,27130
client,client_request,completed,1777547227742975,2,,,1777547227714452,1777547227742975,1777547227714452,1777547227742975,,,OSError: [Errno 49] Can't assign requested address,client-2-6,Remove,-10637407,,28523
client,client_request,completed,1777547227770500,2,,,1777547227743037,1777547227770500,1777547227743037,1777547227770500,,,OSError: [Errno 49] Can't assign requested address,client-2-6,Remove,684789,,27463
client,client_request,completed,1777547227784473,2,,,1777547227770560,1777547227784473,1777547227770560,1777547227784473,,,OSError: [Errno 49] Can't assign requested address,client-2-6,Remove,8694951,,13913
client,client_request,completed,1777547227809971,2,,,1777547227784531,1777547227809971,1777547227784531,1777547227809971,,,OSError: [Errno 49] Can't assign requested address,client-2-6,Insert,11247690,,25440
client,client_request,completed,1777547227838487,2,,,1777547227810034,1777547227838487,1777547227810034,1777547227838487,,,OSError: [Errno 49] Can't assign requested address,client-2-6,Insert,228999,,28453
client,client_request,completed,1777547227877096,2,,,1777547227838541,1777547227877096,1777547227838541,1777547227877096,,,OSError: [Errno 49] Can't assign requested address,client-2-6,Insert,5820438,,38555
client,client_request,completed,1777547227907865,2,,,1777547227877159,1777547227907865,1777547227877159,1777547227907865,,,OSError: [Errno 49] Can't assign requested address,client-2-6,Insert,9785713,,30706
client,client_request,completed,1777547227936781,2,,,1777547227907928,1777547227936781,1777547227907928,1777547227936781,,,OSError: [Errno 49] Can't assign requested address,client-2-6,Remove,11851849,,28853
client,client_request,completed,1777547227972139,2,,,1777547227936875,1777547227972139,1777547227936875,1777547227972139,,,OSError: [Errno 49] Can't assign requested address,client-2-6,Insert,-4085076,,35264
client,client_request,completed,1777547228010990,2,,,1777547227972200,1777547228010990,1777547227972200,1777547228010990,,,OSError: [Errno 49] Can't assign requested address,client-2-6,Insert,303576,,38790
client,client_request,completed,1777547228040304,2,,,1777547228011072,1777547228040304,1777547228011072,1777547228040304,,,OSError: [Errno 49] Can't assign requested address,client-2-6,Remove,16035021,,29232
client,client_request,completed,1777547228071329,2,,,1777547228040360,1777547228071329,1777547228040360,1777547228071329,,,OSError: [Errno 49] Can't assign requested address,client-2-6,Remove,567955,,30969
client,client_request,completed,1777547228101348,2,,,1777547228071386,1777547228101348,1777547228071386,1777547228101348,,,OSError: [Errno 49] Can't assign requested address,client-2-6,Insert,11953345,,29962
client,client_request,completed,1777547228127924,2,,,1777547228101409,1777547228127924,1777547228101409,1777547228127924,,,OSError: [Errno 49] Can't assign requested address,client-2-6,Insert,15129361,,26515
client,client_request,completed,1777547228152451,2,,,1777547228127985,1777547228152451,1777547228127985,1777547228152451,,,OSError: [Errno 49] Can't assign requested address,client-2-6,Remove,-186643,,24466
client,client_request,completed,1777547228187036,2,,,1777547228152506,1777547228187036,1777547228152506,1777547228187036,,,OSError: [Errno 49] Can't assign requested address,client-2-6,Remove,7762722,,34530
client,client_request,completed,1777547228212492,2,,,1777547228187092,1777547228212492,1777547228187092,1777547228212492,,,OSError: [Errno 49] Can't assign requested address,client-2-6,Insert,4145662,,25400
client,client_request,completed,1777547228239272,2,,,1777547228212551,1777547228239272,1777547228212551,1777547228239272,,,OSError: [Errno 49] Can't assign requested address,client-2-6,Remove,-7213254,,26721
client,client_request,completed,1777547228260460,2,,,1777547228239330,1777547228260460,1777547228239330,1777547228260460,,,OSError: [Errno 49] Can't assign requested address,client-2-6,Remove,12513513,,21130
client,client_request,completed,1777547228279054,2,,,1777547228260519,1777547228279054,1777547228260519,1777547228279054,,,OSError: [Errno 49] Can't assign requested address,client-2-6,Insert,7890617,,18535
client,client_request,completed,1777547228307381,2,,,1777547228279116,1777547228307381,1777547228279116,1777547228307381,,,OSError: [Errno 49] Can't assign requested address,client-2-6,Insert,11396001,,28265
client,client_request,completed,1777547228339913,2,,,1777547228307441,1777547228339913,1777547228307441,1777547228339913,,,OSError: [Errno 49] Can't assign requested address,client-2-6,Insert,-825099,,32472
client,client_request,completed,1777547228362007,2,,,1777547228339968,1777547228362007,1777547228339968,1777547228362007,,,OSError: [Errno 49] Can't assign requested address,client-2-6,Remove,-15890313,,22039
client,client_request,completed,1777547228387739,2,,,1777547228362070,1777547228387739,1777547228362070,1777547228387739,,,OSError: [Errno 49] Can't assign requested address,client-2-6,Remove,7693350,,25669
client,client_request,completed,1777547228426380,2,,,1777547228387799,1777547228426380,1777547228387799,1777547228426380,,,OSError: [Errno 49] Can't assign requested address,client-2-6,Remove,2870231,,38581
client,client_request,completed,1777547228449872,2,,,1777547228426440,1777547228449872,1777547228426440,1777547228449872,,,OSError: [Errno 49] Can't assign requested address,client-2-6,Insert,11805081,,23432
client,client_request,completed,1777547228485972,2,,,1777547228449934,1777547228485972,1777547228449934,1777547228485972,,,OSError: [Errno 49] Can't assign requested address,client-2-6,Insert,7890582,,36038
client,client_request,completed,1777547228509717,2,,,1777547228486021,1777547228509717,1777547228486021,1777547228509717,,,OSError: [Errno 49] Can't assign requested address,client-2-6,Remove,7814623,,23696
client,client_request,completed,1777547228538920,2,,,1777547228509775,1777547228538920,1777547228509775,1777547228538920,,,OSError: [Errno 49] Can't assign requested address,client-2-6,Remove,-4066715,,29145
client,client_request,completed,1777547228562768,2,,,1777547228538984,1777547228562768,1777547228538984,1777547228562768,,,OSError: [Errno 49] Can't assign requested address,client-2-6,Remove,16475468,,23784
client,client_request,completed,1777547228596021,2,,,1777547228562837,1777547228596021,1777547228562837,1777547228596021,,,OSError: [Errno 49] Can't assign requested address,client-2-6,Remove,10207997,,33184
client,client_request,completed,1777547228624181,2,,,1777547228596078,1777547228624181,1777547228596078,1777547228624181,,,OSError: [Errno 49] Can't assign requested address,client-2-6,Insert,15228229,,28103
client,client_request,completed,1777547228651307,2,,,1777547228624239,1777547228651307,1777547228624239,1777547228651307,,,OSError: [Errno 49] Can't assign requested address,client-2-6,Insert,16033929,,27068
client,client_request,completed,1777547228675158,2,,,1777547228651374,1777547228675158,1777547228651374,1777547228675158,,,OSError: [Errno 49] Can't assign requested address,client-2-6,Remove,10885117,,23784
client,client_request,completed,1777547228702092,2,,,1777547228675215,1777547228702092,1777547228675215,1777547228702092,,,OSError: [Errno 49] Can't assign requested address,client-2-6,Insert,-11502887,,26877
client,client_request,completed,1777547228729294,2,,,1777547228702151,1777547228729294,1777547228702151,1777547228729294,,,OSError: [Errno 49] Can't assign requested address,client-2-6,Remove,234817,,27143
client,client_request,completed,1777547228758734,2,,,1777547228729357,1777547228758734,1777547228729357,1777547228758734,,,OSError: [Errno 49] Can't assign requested address,client-2-6,Remove,7860555,,29377
client,client_request,completed,1777547228787799,2,,,1777547228758789,1777547228787799,1777547228758789,1777547228787799,,,OSError: [Errno 49] Can't assign requested address,client-2-6,Insert,-14685568,,29010
client,client_request,completed,1777547229682302,2,,,1777547228787857,1777547229682302,1777547228787857,1777547229682302,,,,client-2-6,Remove,4343783,200,894445
client,client_request,completed,1777547229709545,2,,,1777547229682356,1777547229709545,1777547229682356,1777547229709545,,,OSError: [Errno 49] Can't assign requested address,client-2-6,Insert,-8980170,,27189
client,client_request,completed,1777547229738805,2,,,1777547229709606,1777547229738805,1777547229709606,1777547229738805,,,OSError: [Errno 49] Can't assign requested address,client-2-6,Insert,-1283553,,29199
client,client_request,completed,1777547229757462,2,,,1777547229738866,1777547229757462,1777547229738866,1777547229757462,,,OSError: [Errno 49] Can't assign requested address,client-2-6,Remove,10537320,,18596
client,client_request,completed,1777547229781262,2,,,1777547229757525,1777547229781262,1777547229757525,1777547229781262,,,OSError: [Errno 49] Can't assign requested address,client-2-6,Remove,-7800611,,23737
client,client_request,completed,1777547229809381,2,,,1777547229781326,1777547229809381,1777547229781326,1777547229809381,,,OSError: [Errno 49] Can't assign requested address,client-2-6,Insert,12241055,,28055
client,client_request,completed,1777547229833867,2,,,1777547229809442,1777547229833867,1777547229809442,1777547229833867,,,OSError: [Errno 49] Can't assign requested address,client-2-6,Remove,16493454,,24425
client,client_request,completed,1777547229859331,2,,,1777547229833953,1777547229859331,1777547229833953,1777547229859331,,,OSError: [Errno 49] Can't assign requested address,client-2-6,Remove,10786435,,25378
client,client_request,completed,1777547229881079,2,,,1777547229859391,1777547229881079,1777547229859391,1777547229881079,,,OSError: [Errno 49] Can't assign requested address,client-2-6,Remove,-11746558,,21688
client,client_request,completed,1777547229916577,2,,,1777547229881138,1777547229916577,1777547229881138,1777547229916577,,,OSError: [Errno 49] Can't assign requested address,client-2-6,Remove,10918954,,35439
client,client_request,completed,1777547229947339,2,,,1777547229916637,1777547229947339,1777547229916637,1777547229947339,,,OSError: [Errno 49] Can't assign requested address,client-2-6,Remove,12496864,,30702
client,client_request,completed,1777547229983671,2,,,1777547229947399,1777547229983671,1777547229947399,1777547229983671,,,OSError: [Errno 49] Can't assign requested address,client-2-6,Remove,9509198,,36272
client,client_request,completed,1777547230007941,2,,,1777547229983725,1777547230007941,1777547229983725,1777547230007941,,,OSError: [Errno 49] Can't assign requested address,client-2-6,Insert,11495523,,24216
client,client_request,completed,1777547230033319,2,,,1777547230007996,1777547230033319,1777547230007996,1777547230033319,,,OSError: [Errno 49] Can't assign requested address,client-2-6,Remove,3502310,,25323
client,client_request,completed,1777547230060587,2,,,1777547230033378,1777547230060587,1777547230033378,1777547230060587,,,OSError: [Errno 49] Can't assign requested address,client-2-6,Insert,-6996237,,27209
client,client_request,completed,1777547230082367,2,,,1777547230060660,1777547230082367,1777547230060660,1777547230082367,,,OSError: [Errno 49] Can't assign requested address,client-2-6,Insert,5027870,,21707
client,client_request,completed,1777547230106200,2,,,1777547230082432,1777547230106200,1777547230082432,1777547230106200,,,OSError: [Errno 49] Can't assign requested address,client-2-6,Insert,3878408,,23768
client,client_request,completed,1777547230132389,2,,,1777547230106255,1777547230132389,1777547230106255,1777547230132389,,,OSError: [Errno 49] Can't assign requested address,client-2-6,Remove,-7799736,,26134
client,client_request,completed,1777547230161894,2,,,1777547230132450,1777547230161894,1777547230132450,1777547230161894,,,OSError: [Errno 49] Can't assign requested address,client-2-6,Remove,6109814,,29444
client,client_request,completed,1777547230187218,2,,,1777547230161964,1777547230187218,1777547230161964,1777547230187218,,,OSError: [Errno 49] Can't assign requested address,client-2-6,Insert,-12118774,,25254
client,client_request,completed,1777547230230287,2,,,1777547230187279,1777547230230287,1777547230187279,1777547230230287,,,OSError: [Errno 49] Can't assign requested address,client-2-6,Remove,2606232,,43008
client,client_request,completed,1777547230253564,2,,,1777547230230345,1777547230253564,1777547230230345,1777547230253564,,,OSError: [Errno 49] Can't assign requested address,client-2-6,Remove,-6708945,,23219
client,client_request,completed,1777547230282895,2,,,1777547230253624,1777547230282895,1777547230253624,1777547230282895,,,OSError: [Errno 49] Can't assign requested address,client-2-6,Remove,-8636970,,29271
client,client_request,completed,1777547230304988,2,,,1777547230282948,1777547230304988,1777547230282948,1777547230304988,,,OSError: [Errno 49] Can't assign requested address,client-2-6,Remove,4086217,,22040
client,client_request,completed,1777547230339228,2,,,1777547230305045,1777547230339228,1777547230305045,1777547230339228,,,OSError: [Errno 49] Can't assign requested address,client-2-6,Insert,10041988,,34183
client,client_request,completed,1777547230371975,2,,,1777547230339290,1777547230371975,1777547230339290,1777547230371975,,,OSError: [Errno 49] Can't assign requested address,client-2-6,Insert,-1010427,,32685
client,client_request,completed,1777547230387975,2,,,1777547230372034,1777547230387975,1777547230372034,1777547230387975,,,OSError: [Errno 49] Can't assign requested address,client-2-6,Insert,-2127266,,15941
client,client_request,completed,1777547230413328,2,,,1777547230388038,1777547230413328,1777547230388038,1777547230413328,,,OSError: [Errno 49] Can't assign requested address,client-2-6,Remove,6593360,,25290
client,client_request,completed,1777547230441486,2,,,1777547230413389,1777547230441486,1777547230413389,1777547230441486,,,OSError: [Errno 49] Can't assign requested address,client-2-6,Remove,13784293,,28097
client,client_request,completed,1777547230468521,2,,,1777547230441543,1777547230468521,1777547230441543,1777547230468521,,,OSError: [Errno 49] Can't assign requested address,client-2-6,Insert,-5538751,,26978
client,client_request,completed,1777547230493004,2,,,1777547230468580,1777547230493004,1777547230468580,1777547230493004,,,OSError: [Errno 49] Can't assign requested address,client-2-6,Remove,1026511,,24424
client,client_request,completed,1777547230517628,2,,,1777547230493065,1777547230517628,1777547230493065,1777547230517628,,,OSError: [Errno 49] Can't assign requested address,client-2-6,Insert,10446139,,24563
client,client_request,completed,1777547230541094,2,,,1777547230517685,1777547230541094,1777547230517685,1777547230541094,,,OSError: [Errno 49] Can't assign requested address,client-2-6,Remove,6474942,,23409
client,client_request,completed,1777547230573408,2,,,1777547230541158,1777547230573408,1777547230541158,1777547230573408,,,OSError: [Errno 49] Can't assign requested address,client-2-6,Remove,-13290741,,32250
client,client_request,completed,1777547230603993,2,,,1777547230573473,1777547230603993,1777547230573473,1777547230603993,,,OSError: [Errno 49] Can't assign requested address,client-2-6,Insert,15416975,,30520
client,client_request,completed,1777547230633487,2,,,1777547230604047,1777547230633487,1777547230604047,1777547230633487,,,OSError: [Errno 49] Can't assign requested address,client-2-6,Remove,11556680,,29440
client,client_request,completed,1777547230661160,2,,,1777547230633543,1777547230661160,1777547230633543,1777547230661160,,,OSError: [Errno 49] Can't assign requested address,client-2-6,Insert,-13122406,,27617
client,client_request,completed,1777547230686638,2,,,1777547230661218,1777547230686638,1777547230661218,1777547230686638,,,OSError: [Errno 49] Can't assign requested address,client-2-6,Insert,4463254,,25420
client,client_request,completed,1777547230719276,2,,,1777547230686694,1777547230719276,1777547230686694,1777547230719276,,,OSError: [Errno 49] Can't assign requested address,client-2-6,Insert,5034992,,32582
client,client_request,completed,1777547230742892,2,,,1777547230719332,1777547230742892,1777547230719332,1777547230742892,,,OSError: [Errno 49] Can't assign requested address,client-2-6,Insert,-1968613,,23560
client,client_request,completed,1777547230772810,2,,,1777547230742945,1777547230772810,1777547230742945,1777547230772810,,,OSError: [Errno 49] Can't assign requested address,client-2-6,Insert,-3456694,,29865
client,client_request,completed,1777547230802669,2,,,1777547230772870,1777547230802669,1777547230772870,1777547230802669,,,OSError: [Errno 49] Can't assign requested address,client-2-6,Remove,-11839937,,29799
client,client_request,completed,1777547230837038,2,,,1777547230802728,1777547230837038,1777547230802728,1777547230837038,,,OSError: [Errno 49] Can't assign requested address,client-2-6,Insert,-5303942,,34310
client,client_request,completed,1777547230867408,2,,,1777547230837092,1777547230867408,1777547230837092,1777547230867408,,,OSError: [Errno 49] Can't assign requested address,client-2-6,Insert,2156608,,30316
client,client_request,completed,1777547230890960,2,,,1777547230867484,1777547230890960,1777547230867484,1777547230890960,,,OSError: [Errno 49] Can't assign requested address,client-2-6,Insert,-2677044,,23476
client,client_request,completed,1777547230921091,2,,,1777547230891019,1777547230921091,1777547230891019,1777547230921091,,,OSError: [Errno 49] Can't assign requested address,client-2-6,Insert,-15604454,,30072
client,client_request,completed,1777547230948504,2,,,1777547230921149,1777547230948504,1777547230921149,1777547230948504,,,OSError: [Errno 49] Can't assign requested address,client-2-6,Insert,-11409237,,27355
client,client_request,completed,1777547230988120,2,,,1777547230948561,1777547230988120,1777547230948561,1777547230988120,,,OSError: [Errno 49] Can't assign requested address,client-2-6,Remove,2623588,,39559
client,client_request,completed,1777547231020325,2,,,1777547230988176,1777547231020325,1777547230988176,1777547231020325,,,OSError: [Errno 49] Can't assign requested address,client-2-6,Remove,-7151567,,32149
client,client_request,completed,1777547231047597,2,,,1777547231020386,1777547231047597,1777547231020386,1777547231047597,,,OSError: [Errno 49] Can't assign requested address,client-2-6,Remove,-16603431,,27211
client,client_request,completed,1777547231077531,2,,,1777547231047661,1777547231077531,1777547231047661,1777547231077531,,,OSError: [Errno 49] Can't assign requested address,client-2-6,Remove,1831834,,29870
client,client_request,completed,1777547231098673,2,,,1777547231077590,1777547231098673,1777547231077590,1777547231098673,,,OSError: [Errno 49] Can't assign requested address,client-2-6,Remove,-5945801,,21083
client,client_request,completed,1777547231198800,2,,,1777547231098755,1777547231198800,1777547231098755,1777547231198800,,,OSError: [Errno 49] Can't assign requested address,client-2-6,Remove,-9323558,,100045
client,client_request,completed,1777547231213262,2,,,1777547231200877,1777547231213262,1777547231200877,1777547231213262,,,OSError: [Errno 49] Can't assign requested address,client-2-6,Remove,15332330,,12385
client,client_request,completed,1777547231258064,2,,,1777547231213327,1777547231258064,1777547231213327,1777547231258064,,,OSError: [Errno 49] Can't assign requested address,client-2-6,Remove,5686599,,44737
client,client_request,completed,1777547231273140,2,,,1777547231258207,1777547231273140,1777547231258207,1777547231273140,,,OSError: [Errno 49] Can't assign requested address,client-2-6,Insert,-3701356,,14933
client,client_request,completed,1777547231310072,2,,,1777547231273213,1777547231310072,1777547231273213,1777547231310072,,,OSError: [Errno 49] Can't assign requested address,client-2-6,Remove,1355526,,36859
client,client_request,completed,1777547231333164,2,,,1777547231310155,1777547231333164,1777547231310155,1777547231333164,,,OSError: [Errno 49] Can't assign requested address,client-2-6,Insert,351148,,23009
client,client_request,completed,1777547231356622,2,,,1777547231333223,1777547231356622,1777547231333223,1777547231356622,,,OSError: [Errno 49] Can't assign requested address,client-2-6,Remove,14963415,,23399
client,client_request,completed,1777547231381089,2,,,1777547231356681,1777547231381089,1777547231356681,1777547231381089,,,OSError: [Errno 49] Can't assign requested address,client-2-6,Insert,-5023906,,24408
client,client_request,completed,1777547231412103,2,,,1777547231381154,1777547231412103,1777547231381154,1777547231412103,,,OSError: [Errno 49] Can't assign requested address,client-2-6,Insert,2483501,,30949
client,client_request,completed,1777547231444895,2,,,1777547231412180,1777547231444895,1777547231412180,1777547231444895,,,OSError: [Errno 49] Can't assign requested address,client-2-6,Insert,14497082,,32715
client,client_request,completed,1777547231480218,2,,,1777547231444954,1777547231480218,1777547231444954,1777547231480218,,,OSError: [Errno 49] Can't assign requested address,client-2-6,Remove,8132234,,35264
client,client_request,completed,1777547231507196,2,,,1777547231480316,1777547231507196,1777547231480316,1777547231507196,,,OSError: [Errno 49] Can't assign requested address,client-2-6,Remove,6594549,,26880
client,client_request,completed,1777547231544870,2,,,1777547231507261,1777547231544870,1777547231507261,1777547231544870,,,OSError: [Errno 49] Can't assign requested address,client-2-6,Remove,4174722,,37609
client,client_request,completed,1777547231574036,2,,,1777547231544930,1777547231574036,1777547231544930,1777547231574036,,,OSError: [Errno 49] Can't assign requested address,client-2-6,Remove,16363632,,29106
client,client_request,completed,1777547231600988,2,,,1777547231574097,1777547231600988,1777547231574097,1777547231600988,,,OSError: [Errno 49] Can't assign requested address,client-2-6,Insert,-13829450,,26891
client,client_request,completed,1777547231628980,2,,,1777547231601043,1777547231628980,1777547231601043,1777547231628980,,,OSError: [Errno 49] Can't assign requested address,client-2-6,Insert,-13438141,,27937
client,client_request,completed,1777547231654456,2,,,1777547231629036,1777547231654456,1777547231629036,1777547231654456,,,OSError: [Errno 49] Can't assign requested address,client-2-6,Remove,-5130872,,25420
client,client_request,completed,1777547231682749,2,,,1777547231654514,1777547231682749,1777547231654514,1777547231682749,,,OSError: [Errno 49] Can't assign requested address,client-2-6,Insert,15932034,,28235
client,client_request,completed,1777547231719528,2,,,1777547231682803,1777547231719528,1777547231682803,1777547231719528,,,OSError: [Errno 49] Can't assign requested address,client-2-6,Remove,-16114465,,36725
client,client_request,completed,1777547231745004,2,,,1777547231719584,1777547231745004,1777547231719584,1777547231745004,,,OSError: [Errno 49] Can't assign requested address,client-2-6,Insert,-2571945,,25420
client,client_request,completed,1777547231770591,2,,,1777547231745059,1777547231770591,1777547231745059,1777547231770591,,,OSError: [Errno 49] Can't assign requested address,client-2-6,Insert,-3591689,,25532
client,client_request,completed,1777547231798457,2,,,1777547231770647,1777547231798457,1777547231770647,1777547231798457,,,OSError: [Errno 49] Can't assign requested address,client-2-6,Remove,5413607,,27810
client,client_request,completed,1777547231825501,2,,,1777547231798521,1777547231825501,1777547231798521,1777547231825501,,,OSError: [Errno 49] Can't assign requested address,client-2-6,Remove,4937818,,26980
client,client_request,completed,1777547231853506,2,,,1777547231825556,1777547231853506,1777547231825556,1777547231853506,,,OSError: [Errno 49] Can't assign requested address,client-2-6,Remove,8639928,,27950
client,client_request,completed,1777547231871371,2,,,1777547231853568,1777547231871371,1777547231853568,1777547231871371,,,OSError: [Errno 49] Can't assign requested address,client-2-6,Remove,14722879,,17803
client,client_request,completed,1777547231898387,2,,,1777547231871423,1777547231898387,1777547231871423,1777547231898387,,,OSError: [Errno 49] Can't assign requested address,client-2-6,Insert,-5275927,,26964
client,client_request,completed,1777547231926997,2,,,1777547231898452,1777547231926997,1777547231898452,1777547231926997,,,OSError: [Errno 49] Can't assign requested address,client-2-6,Insert,-13584567,,28545
client,client_request,completed,1777547231954112,2,,,1777547231927056,1777547231954112,1777547231927056,1777547231954112,,,OSError: [Errno 49] Can't assign requested address,client-2-6,Insert,-6691076,,27056
client,client_request,completed,1777547231985877,2,,,1777547231954179,1777547231985877,1777547231954179,1777547231985877,,,OSError: [Errno 49] Can't assign requested address,client-2-6,Remove,-7752135,,31698
client,client_request,completed,1777547232015752,2,,,1777547231985934,1777547232015752,1777547231985934,1777547232015752,,,OSError: [Errno 49] Can't assign requested address,client-2-6,Insert,-184730,,29818
client,client_request,completed,1777547232034620,2,,,1777547232015810,1777547232034620,1777547232015810,1777547232034620,,,OSError: [Errno 49] Can't assign requested address,client-2-6,Insert,-5436529,,18810
client,client_request,completed,1777547232059515,2,,,1777547232034674,1777547232059515,1777547232034674,1777547232059515,,,OSError: [Errno 49] Can't assign requested address,client-2-6,Insert,4195350,,24841
client,client_request,completed,1777547232090188,2,,,1777547232059576,1777547232090188,1777547232059576,1777547232090188,,,OSError: [Errno 49] Can't assign requested address,client-2-6,Insert,-4878867,,30612
client,client_request,completed,1777547232129934,2,,,1777547232090246,1777547232129934,1777547232090246,1777547232129934,,,OSError: [Errno 49] Can't assign requested address,client-2-6,Insert,-9288142,,39688
client,client_request,completed,1777547232157087,2,,,1777547232129998,1777547232157087,1777547232129998,1777547232157087,,,OSError: [Errno 49] Can't assign requested address,client-2-6,Insert,-5438500,,27089
client,client_request,completed,1777547232184123,2,,,1777547232157147,1777547232184123,1777547232157147,1777547232184123,,,OSError: [Errno 49] Can't assign requested address,client-2-6,Remove,-11297425,,26976
client,client_request,completed,1777547232217660,2,,,1777547232184178,1777547232217660,1777547232184178,1777547232217660,,,OSError: [Errno 49] Can't assign requested address,client-2-6,Insert,-13509637,,33482
client,client_request,completed,1777547232237136,2,,,1777547232217717,1777547232237136,1777547232217717,1777547232237136,,,OSError: [Errno 49] Can't assign requested address,client-2-6,Insert,2612189,,19419
client,client_request,completed,1777547232265567,2,,,1777547232237267,1777547232265567,1777547232237267,1777547232265567,,,OSError: [Errno 49] Can't assign requested address,client-2-6,Insert,-14734892,,28300
client,client_request,completed,1777547232289888,2,,,1777547232265632,1777547232289888,1777547232265632,1777547232289888,,,OSError: [Errno 49] Can't assign requested address,client-2-6,Insert,6843488,,24256
client,client_request,completed,1777547232315961,2,,,1777547232289950,1777547232315961,1777547232289950,1777547232315961,,,OSError: [Errno 49] Can't assign requested address,client-2-6,Insert,11751384,,26011
client,client_request,completed,1777547232336248,2,,,1777547232316018,1777547232336248,1777547232316018,1777547232336248,,,OSError: [Errno 49] Can't assign requested address,client-2-6,Remove,4139837,,20230
client,client_request,completed,1777547232361202,2,,,1777547232336305,1777547232361202,1777547232336305,1777547232361202,,,OSError: [Errno 49] Can't assign requested address,client-2-6,Insert,15339614,,24897
client,client_request,completed,1777547232388367,2,,,1777547232361258,1777547232388367,1777547232361258,1777547232388367,,,OSError: [Errno 49] Can't assign requested address,client-2-6,Insert,-1943884,,27109
client,client_request,completed,1777547232415698,2,,,1777547232388424,1777547232415698,1777547232388424,1777547232415698,,,OSError: [Errno 49] Can't assign requested address,client-2-6,Remove,7598945,,27274
client,client_request,completed,1777547232447152,2,,,1777547232415753,1777547232447152,1777547232415753,1777547232447152,,,OSError: [Errno 49] Can't assign requested address,client-2-6,Remove,13888740,,31399
client,client_request,completed,1777547232475325,2,,,1777547232447205,1777547232475325,1777547232447205,1777547232475325,,,OSError: [Errno 49] Can't assign requested address,client-2-6,Insert,-10016749,,28120
client,client_request,completed,1777547232501174,2,,,1777547232475380,1777547232501174,1777547232475380,1777547232501174,,,OSError: [Errno 49] Can't assign requested address,client-2-6,Remove,11058775,,25794
client,client_request,completed,1777547232531405,2,,,1777547232501230,1777547232531405,1777547232501230,1777547232531405,,,OSError: [Errno 49] Can't assign requested address,client-2-6,Remove,932665,,30175
client,client_request,completed,1777547232572845,2,,,1777547232531463,1777547232572845,1777547232531463,1777547232572845,,,,client-2-6,Insert,-1803927,200,41382
client,client_request,completed,1777547232628867,2,,,1777547232572945,1777547232628867,1777547232572945,1777547232628867,,,,client-2-6,Insert,-12914764,200,55922
client,client_request,completed,1777547232684715,2,,,1777547232628928,1777547232684715,1777547232628928,1777547232684715,,,,client-2-6,Insert,8445813,200,55787
client,client_request,completed,1777547232839606,2,,,1777547232684806,1777547232839606,1777547232684806,1777547232839606,,,,client-2-6,Remove,-6850696,200,154800
client,client_request,completed,1777547232892919,2,,,1777547232839663,1777547232892919,1777547232839663,1777547232892919,,,,client-2-6,Insert,-4556722,200,53256
client,client_request,completed,1777547232947146,2,,,1777547232892998,1777547232947146,1777547232892998,1777547232947146,,,,client-2-6,Remove,2487917,200,54148
client,client_request,completed,1777547233000991,2,,,1777547232947209,1777547233000991,1777547232947209,1777547233000991,,,,client-2-6,Insert,12595450,200,53782
client,client_request,completed,1777547233057103,2,,,1777547233001540,1777547233057103,1777547233001540,1777547233057103,,,,client-2-6,Remove,-15919197,200,55563
client,client_request,completed,1777547233111335,2,,,1777547233057524,1777547233111335,1777547233057524,1777547233111335,,,,client-2-6,Remove,187879,200,53811
client,client_request,completed,1777547233168947,2,,,1777547233111416,1777547233168947,1777547233111416,1777547233168947,,,,client-2-6,Remove,15921465,200,57531
client,client_request,completed,1777547233223540,2,,,1777547233169020,1777547233223540,1777547233169020,1777547233223540,,,,client-2-6,Insert,7589343,200,54520
client,client_request,completed,1777547233289719,2,,,1777547233223619,1777547233289719,1777547233223619,1777547233289719,,,,client-2-6,Insert,-10968346,200,66100
client,client_request,completed,1777547233342732,2,,,1777547233289795,1777547233342732,1777547233289795,1777547233342732,,,,client-2-6,Remove,8305578,200,52937
client,client_request,completed,1777547233401608,2,,,1777547233342815,1777547233401608,1777547233342815,1777547233401608,,,,client-2-6,Insert,6735700,200,58793
client,client_request,completed,1777547233460122,2,,,1777547233401675,1777547233460122,1777547233401675,1777547233460122,,,,client-2-6,Insert,-9360032,200,58447
