source,event,phase,timestamp_us,replica_pid,peer_pid,gc_marker,sent_us,received_us,start_us,end_us,insert_count,delete_count,detail,client_id,operation,value,status_code,latency_us
server,replica_init,start,1788428819502535,178842684286994605,,,,,,,,,,,,,,
server,persistent_state_fetch,completed,1788428820138621,178842684286994605,,,,,1788428819502568,1788428820138621,,,restored_existing_snapshot,,,,,636053
server,membership_descriptor_write,completed,1788428819641276,178842684286994605,,,,,1788428819503050,1788428819641276,,,"178842684286994605,35.179.101.242:19081,0",,,,,138226
server,membership_directory_read,completed,1788428819719416,178842684286994605,,,,,1788428819641282,1788428819719416,,,init:171 descriptors,,,,,78134
server,replica_init,completed,1788428820975724,178842684286994605,,,,,,,,,,,,,,
server,peer_replication_connection,established,1788428820976204,178842684286994605,178842683849155803,,,,,,,,,,,,,
server,peer_replication_connection,established,1788428820976225,178842684286994605,178842684426436104,,,,,,,,,,,,,
server,peer_replication_connection,established,1788428820976321,178842684286994605,178842683956182204,,,,,,,,,,,,,
server,peer_replication_pull_request,sent,1788428820976799,178842684286994605,,,,,,,,,connected_peers=3,,,,,
server,peer_replication_connection,established,1788428820976874,178842684286994605,178842684286993605,,,,,,,,,,,,,
server,peer_replication_connection,established,1788428820990347,178842684286994605,178842684426435104,,,,,,,,,,,,,
server,peer_replication_connection,established,1788428820992227,178842684286994605,178842684426432102,,,,,,,,,,,,,
server,peer_replication_connection,established,1788428820992251,178842684286994605,178842684426434104,,,,,,,,,,,,,
server,peer_replication_connection,established,1788428820994364,178842684286994605,178842684426433101,,,,,,,,,,,,,
server,peer_replication_connection,established,1788428820995370,178842684286994605,178842684114094202,,,,,,,,,,,,,
server,peer_replication_connection,established,1788428820995528,178842684286994605,178842684114090205,,,,,,,,,,,,,
server,peer_replication_connection,established,1788428820995579,178842684286994605,178842684114093203,,,,,,,,,,,,,
server,peer_replication_connection,established,1788428820995749,178842684286994605,178842684114091205,,,,,,,,,,,,,
server,peer_replication_connection,established,1788428820995787,178842684286994605,178842684114092204,,,,,,,,,,,,,
server,peer_replication_connection,established,1788428820998721,178842684286994605,178842683956184202,,,,,,,,,,,,,
server,peer_replication_connection,established,1788428820999778,178842684286994605,178842683956183203,,,,,,,,,,,,,
server,peer_replication_connection,established,1788428820999868,178842684286994605,178842683956185205,,,,,,,,,,,,,
server,peer_replication_connection,established,1788428821001039,178842684286994605,178842683956181205,,,,,,,,,,,,,
server,client_mutation,completed,1788428821031215,178842684286994605,,,,1788428821028723,1788428821028724,1788428821031215,,,http_data_plane,,,,,2491
server,peer_replication_connection,established,1788428821033129,178842684286994605,178842683849154804,,,,,,,,,,,,,
server,peer_replication_connection,established,1788428821034319,178842684286994605,178842683849157805,,,,,,,,,,,,,
server,peer_replication_connection,established,1788428821034585,178842684286994605,178842683849156802,,,,,,,,,,,,,
server,peer_replication_connection,established,1788428821034655,178842684286994605,178842683849158805,,,,,,,,,,,,,
server,peer_replication_merge_delta,completed,1788428821406710,178842684286994605,,21,,1788428821185626,1788428821405840,1788428821406710,,,"delta_len=2310,sent_us=1788428821020658",,,,,870
server,client_mutation,completed,1788428821408479,178842684286994605,,,,1788428821226253,1788428821226254,1788428821408479,,,http_data_plane,,,,,182225
server,peer_replication_get_delta,completed,1788428821426158,178842684286994605,178842684286993605,21,,1788428821426027,1788428821426031,1788428821426158,,,"delta_len=23,sent_us=1788428821425364",,,,,127
server,client_mutation,completed,1788428821429913,178842684286994605,,,,1788428821426378,1788428821426378,1788428821429913,,,http_data_plane,,,,,3535
server,client_mutation,completed,1788428821627667,178842684286994605,,,,1788428821626011,1788428821626011,1788428821627667,,,http_data_plane,,,,,1656
server,client_mutation,completed,1788428821827853,178842684286994605,,,,1788428821825909,1788428821825909,1788428821827853,,,http_data_plane,,,,,1944
server,peer_replication_pull_request,sent,1788428821978137,178842684286994605,,,,,,,,,connected_peers=21,,,,,
server,peer_replication_get_delta,completed,1788428822016190,178842684286994605,178842684426434104,21,,1788428822016022,1788428822016030,1788428822016190,,,"delta_len=29,sent_us=1788428822003008",,,,,160
server,client_mutation,completed,1788428822028277,178842684286994605,,,,1788428822026432,1788428822026433,1788428822028277,,,http_data_plane,,,,,1844
server,peer_replication_merge_delta,completed,1788428822072886,178842684286994605,,21,,1788428822064097,1788428822072791,1788428822072886,,,"delta_len=70,sent_us=1788428822020824",,,,,95
server,client_mutation,completed,1788428822228412,178842684286994605,,,,1788428822226352,1788428822226352,1788428822228412,,,http_data_plane,,,,,2060
server,client_mutation,completed,1788428822427868,178842684286994605,,,,1788428822426658,1788428822426658,1788428822427868,,,http_data_plane,,,,,1210
server,peer_replication_get_delta,completed,1788428822428770,178842684286994605,178842683956182204,21,,1788428822428625,1788428822428627,1788428822428770,,,"delta_len=38,sent_us=1788428822409266",,,,,143
server,peer_replication_connection,established,1788428822477925,178842684286994605,178842684286995605,,,,,,,,,,,,,
server,client_mutation,completed,1788428822727196,178842684286994605,,,,1788428822725871,1788428822725871,1788428822727196,,,http_data_plane,,,,,1325
server,peer_replication_pull_request,sent,1788428822977475,178842684286994605,,,,,,,,,connected_peers=22,,,,,
server,client_mutation,completed,1788428823027900,178842684286994605,,,,1788428823026858,1788428823026858,1788428823027900,,,http_data_plane,,,,,1042
server,peer_replication_merge_delta,completed,1788428823039773,178842684286994605,,21,,1788428823035506,1788428823039735,1788428823039773,,,"delta_len=29,sent_us=1788428823022095",,,,,38
server,peer_replication_get_delta,completed,1788428823224307,178842684286994605,178842683956181205,21,,1788428823224153,1788428823224160,1788428823224307,,,"delta_len=59,sent_us=1788428823204979",,,,,147
server,client_mutation,completed,1788428823327457,178842684286994605,,,,1788428823326353,1788428823326353,1788428823327457,,,http_data_plane,,,,,1104
server,client_mutation,completed,1788428823627931,178842684286994605,,,,1788428823626544,1788428823626544,1788428823627931,,,http_data_plane,,,,,1387
server,peer_replication_connection,established,1788428823925108,178842684286994605,178842684286996604,,,,,,,,,,,,,
server,client_mutation,completed,1788428823927667,178842684286994605,,,,1788428823926441,1788428823926441,1788428823927667,,,http_data_plane,,,,,1226
server,peer_replication_pull_request,sent,1788428823977809,178842684286994605,,,,,,,,,connected_peers=23,,,,,
server,peer_replication_get_delta,completed,1788428823992740,178842684286994605,178842683849155803,21,,1788428823992602,1788428823992606,1788428823992740,,,"delta_len=41,sent_us=1788428823951376",,,,,134
server,client_mutation,completed,1788428824227516,178842684286994605,,,,1788428824226414,1788428824226414,1788428824227516,,,http_data_plane,,,,,1102
server,membership_directory_read,completed,1788428824560910,178842684286994605,,,,,1788428824503827,1788428824560910,,,poll:172 descriptors,,,,,57083
server,client_mutation,completed,1788428824627606,178842684286994605,,,,1788428824626459,1788428824626460,1788428824627606,,,http_data_plane,,,,,1146
server,peer_replication_pull_request,sent,1788428824977038,178842684286994605,,,,,,,,,connected_peers=23,,,,,
server,peer_replication_get_delta,completed,1788428825026211,178842684286994605,178842683849154804,21,,1788428825026080,1788428825026084,1788428825026211,,,"delta_len=15,sent_us=1788428824983061",,,,,127
server,client_mutation,completed,1788428825027681,178842684286994605,,,,1788428825026465,1788428825026466,1788428825027681,,,http_data_plane,,,,,1215
server,peer_replication_get_delta,completed,1788428825077930,178842684286994605,178842683956184202,21,,1788428825077790,1788428825077798,1788428825077930,,,"delta_len=10,sent_us=1788428825060801",,,,,132
server,peer_replication_merge_delta,refused_stale_gc,1788428825348028,178842684286994605,,20,1788428825344275,1788428825348027,,,,,"remote_gc_counter=20,current_gc_counter=21,delta_len=21",,,,,1
server,peer_replication_merge_delta,refused_stale_gc,1788428825356083,178842684286994605,,20,1788428825344316,1788428825356082,,,,,"remote_gc_counter=20,current_gc_counter=21,delta_len=21",,,,,1
server,peer_replication_connection,established,1788428825358811,178842684286994605,178842684286997603,,,,,,,,,,,,,
server,peer_replication_get_delta,completed,1788428825426849,178842684286994605,178842684286993605,21,,1788428825426710,1788428825426713,1788428825426849,,,"delta_len=22,sent_us=1788428825425968",,,,,136
server,client_mutation,completed,1788428825428429,178842684286994605,,,,1788428825425870,1788428825425870,1788428825428429,,,http_data_plane,,,,,2559
server,client_mutation,completed,1788428825726720,178842684286994605,,,,1788428825725585,1788428825725585,1788428825726720,,,http_data_plane,,,,,1135
server,peer_replication_pull_request,sent,1788428825977560,178842684286994605,,,,,,,,,connected_peers=24,,,,,
server,peer_replication_merge_delta,completed,1788428825988139,178842684286994605,,21,,1788428825979071,1788428825988039,1788428825988139,,,"delta_len=121,sent_us=1788428825978295",,,,,100
server,client_mutation,completed,1788428826227063,178842684286994605,,,,1788428826225806,1788428826225806,1788428826227063,,,http_data_plane,,,,,1257
server,client_mutation,completed,1788428826726977,178842684286994605,,,,1788428826725614,1788428826725614,1788428826726977,,,http_data_plane,,,,,1363
server,peer_replication_pull_request,sent,1788428826977912,178842684286994605,,,,,,,,,connected_peers=24,,,,,
server,peer_replication_merge_delta,completed,1788428827037951,178842684286994605,,21,,1788428827034292,1788428827037926,1788428827037951,,,"delta_len=27,sent_us=1788428827020767",,,,,25
server,client_mutation,completed,1788428827226715,178842684286994605,,,,1788428827225582,1788428827225582,1788428827226715,,,http_data_plane,,,,,1133
server,peer_replication_get_delta,completed,1788428827646336,178842684286994605,178842684426433101,21,,1788428827646193,1788428827646198,1788428827646336,,,"delta_len=91,sent_us=1788428827632424",,,,,138
server,client_mutation,completed,1788428827726699,178842684286994605,,,,1788428827725569,1788428827725569,1788428827726699,,,http_data_plane,,,,,1130
server,peer_replication_pull_request,sent,1788428827977851,178842684286994605,,,,,,,,,connected_peers=24,,,,,
server,peer_replication_merge_delta,completed,1788428828012971,178842684286994605,,21,,1788428828005288,1788428828012918,1788428828012971,,,"delta_len=65,sent_us=1788428827997019",,,,,53
server,peer_replication_get_delta,completed,1788428828025151,178842684286994605,178842683849154804,21,,1788428828025000,1788428828025005,1788428828025151,,,"delta_len=74,sent_us=1788428827982282",,,,,146
server,client_mutation,completed,1788428828227413,178842684286994605,,,,1788428828226437,1788428828226437,1788428828227413,,,http_data_plane,,,,,976
server,peer_replication_get_delta,completed,1788428828359710,178842684286994605,178842684286997603,21,,1788428828359127,1788428828359136,1788428828359710,,,"delta_len=2824,sent_us=1788428828358500",,,,,574
server,peer_replication_get_delta,completed,1788428828578804,178842684286994605,178842683956183203,21,,1788428828578655,1788428828578663,1788428828578804,,,"delta_len=32,sent_us=1788428828561199",,,,,141
server,client_mutation,completed,1788428828729473,178842684286994605,,,,1788428828725751,1788428828725751,1788428828729473,,,http_data_plane,,,,,3722
server,peer_replication_pull_request,sent,1788428828978740,178842684286994605,,,,,,,,,connected_peers=24,,,,,
server,peer_replication_merge_delta,completed,1788428829017510,178842684286994605,,21,,1788428829013618,1788428829017490,1788428829017510,,,"delta_len=9,sent_us=1788428828996233",,,,,20
server,client_mutation,completed,1788428829228274,178842684286994605,,,,1788428829225679,1788428829225679,1788428829228274,,,http_data_plane,,,,,2595
server,peer_replication_get_delta,completed,1788428829426602,178842684286994605,178842684286993605,21,,1788428829426467,1788428829426472,1788428829426602,,,"delta_len=12,sent_us=1788428829425970",,,,,130
server,membership_directory_read,completed,1788428829551241,178842684286994605,,,,,1788428829503881,1788428829551241,,,poll:173 descriptors,,,,,47360
server,client_mutation,completed,1788428829726765,178842684286994605,,,,1788428829725703,1788428829725703,1788428829726765,,,http_data_plane,,,,,1062
server,peer_replication_pull_request,sent,1788428829977783,178842684286994605,,,,,,,,,connected_peers=24,,,,,
server,peer_replication_merge_delta,completed,1788428830018419,178842684286994605,,21,,1788428830006991,1788428830018338,1788428830018419,,,"delta_len=93,sent_us=1788428829991871",,,,,81
server,client_mutation,completed,1788428830229724,178842684286994605,,,,1788428830228113,1788428830228113,1788428830229724,,,http_data_plane,,,,,1611
server,peer_replication_get_delta,completed,1788428830398786,178842684286994605,178842684114090205,21,,1788428830398636,1788428830398641,1788428830398786,,,"delta_len=54,sent_us=1788428830383052",,,,,145
server,client_mutation,completed,1788428830726946,178842684286994605,,,,1788428830725719,1788428830725719,1788428830726946,,,http_data_plane,,,,,1227
server,peer_replication_pull_request,sent,1788428830977148,178842684286994605,,,,,,,,,connected_peers=24,,,,,
server,peer_replication_get_delta,completed,1788428830985973,178842684286994605,178842684114092204,21,,1788428830985837,1788428830985843,1788428830985973,,,"delta_len=31,sent_us=1788428830970444",,,,,130
server,peer_replication_merge_delta,completed,1788428831043847,178842684286994605,,21,,1788428831037975,1788428831043787,1788428831043847,,,"delta_len=38,sent_us=1788428831024524",,,,,60
server,client_mutation,completed,1788428831226792,178842684286994605,,,,1788428831225625,1788428831225625,1788428831226792,,,http_data_plane,,,,,1167
server,peer_replication_get_delta,completed,1788428831278461,178842684286994605,178842683956185205,21,,1788428831278331,1788428831278335,1788428831278461,,,"delta_len=41,sent_us=1788428831260568",,,,,126
server,client_mutation,completed,1788428831727932,178842684286994605,,,,1788428831726544,1788428831726544,1788428831727932,,,http_data_plane,,,,,1388
server,peer_replication_get_delta,completed,1788428831967779,178842684286994605,178842684426436104,21,,1788428831967151,1788428831967157,1788428831967779,,,"delta_len=19,sent_us=1788428831955547",,,,,622
server,peer_replication_pull_request,sent,1788428831977141,178842684286994605,,,,,,,,,connected_peers=24,,,,,
server,peer_replication_merge_delta,completed,1788428832048121,178842684286994605,,21,,1788428832039600,1788428832048075,1788428832048121,,,"delta_len=68,sent_us=1788428832025354",,,,,46
server,client_mutation,completed,1788428832228418,178842684286994605,,,,1788428832226719,1788428832226719,1788428832228418,,,http_data_plane,,,,,1699
server,client_mutation,completed,1788428832727289,178842684286994605,,,,1788428832725690,1788428832725690,1788428832727289,,,http_data_plane,,,,,1599
server,peer_replication_pull_request,sent,1788428832977539,178842684286994605,,,,,,,,,connected_peers=24,,,,,
server,peer_replication_merge_delta,completed,1788428833005374,178842684286994605,,21,,1788428833001504,1788428833005342,1788428833005374,,,"delta_len=24,sent_us=1788428832995453",,,,,32
server,peer_replication_get_delta,completed,1788428833224677,178842684286994605,178842683956181205,21,,1788428833224543,1788428833224547,1788428833224677,,,"delta_len=41,sent_us=1788428833205472",,,,,130
server,client_mutation,completed,1788428833226659,178842684286994605,,,,1788428833225500,1788428833225500,1788428833226659,,,http_data_plane,,,,,1159
server,client_mutation,completed,1788428833727002,178842684286994605,,,,1788428833725811,1788428833725811,1788428833727002,,,http_data_plane,,,,,1191
server,peer_replication_pull_request,sent,1788428833977922,178842684286994605,,,,,,,,,connected_peers=24,,,,,
server,peer_replication_merge_delta,completed,1788428834016326,178842684286994605,,21,,1788428834004027,1788428834016289,1788428834016326,,,"delta_len=47,sent_us=1788428833996185",,,,,37
server,client_mutation,completed,1788428834229049,178842684286994605,,,,1788428834225720,1788428834225720,1788428834229049,,,http_data_plane,,,,,3329
server,membership_directory_read,completed,1788428834552374,178842684286994605,,,,,1788428834502967,1788428834552374,,,poll:173 descriptors,,,,,49407
server,client_mutation,completed,1788428834727273,178842684286994605,,,,1788428834725795,1788428834725795,1788428834727273,,,http_data_plane,,,,,1478
server,peer_replication_pull_request,sent,1788428834977878,178842684286994605,,,,,,,,,connected_peers=24,,,,,
server,peer_replication_merge_delta,completed,1788428835024730,178842684286994605,,21,,1788428835014955,1788428835024658,1788428835024730,,,"delta_len=91,sent_us=1788428834996099",,,,,72
server,client_mutation,completed,1788428835228374,178842684286994605,,,,1788428835226983,1788428835226983,1788428835228374,,,http_data_plane,,,,,1391
server,client_mutation,completed,1788428835730005,178842684286994605,,,,1788428835728332,1788428835728333,1788428835730005,,,http_data_plane,,,,,1672
server,peer_replication_pull_request,sent,1788428835977755,178842684286994605,,,,,,,,,connected_peers=24,,,,,
server,peer_replication_merge_delta,completed,1788428836018473,178842684286994605,,21,,1788428836009590,1788428836018431,1788428836018473,,,"delta_len=28,sent_us=1788428835995753",,,,,42
server,peer_replication_get_delta,completed,1788428836179898,178842684286994605,178842683849156802,21,,1788428836179762,1788428836179767,1788428836179898,,,"delta_len=31,sent_us=1788428836133995",,,,,131
server,client_mutation,completed,1788428836227787,178842684286994605,,,,1788428836225878,1788428836225878,1788428836227787,,,http_data_plane,,,,,1909
server,client_mutation,completed,1788428836727982,178842684286994605,,,,1788428836725778,1788428836725778,1788428836727982,,,http_data_plane,,,,,2204
server,peer_replication_pull_request,sent,1788428836977170,178842684286994605,,,,,,,,,connected_peers=24,,,,,
server,peer_replication_merge_delta,completed,1788428836989992,178842684286994605,,21,,1788428836982204,1788428836989960,1788428836989992,,,"delta_len=46,sent_us=1788428836980294",,,,,32
server,client_mutation,completed,1788428837228305,178842684286994605,,,,1788428837226764,1788428837226764,1788428837228305,,,http_data_plane,,,,,1541
server,peer_replication_get_delta,completed,1788428837681731,178842684286994605,178842684114091205,21,,1788428837681544,1788428837681548,1788428837681731,,,"delta_len=36,sent_us=1788428837665921",,,,,183
server,client_mutation,completed,1788428837727940,178842684286994605,,,,1788428837725565,1788428837725566,1788428837727940,,,http_data_plane,,,,,2374
server,peer_replication_get_delta,completed,1788428837763893,178842684286994605,178842684114094202,21,,1788428837763699,1788428837763705,1788428837763893,,,"delta_len=21,sent_us=1788428837748593",,,,,188
server,peer_replication_pull_request,sent,1788428837977435,178842684286994605,,,,,,,,,connected_peers=24,,,,,
server,peer_replication_merge_delta,completed,1788428838005416,178842684286994605,,21,,1788428837997224,1788428838005346,1788428838005416,,,"delta_len=61,sent_us=1788428837991626",,,,,70
server,client_mutation,completed,1788428838226804,178842684286994605,,,,1788428838225586,1788428838225586,1788428838226804,,,http_data_plane,,,,,1218
server,client_mutation,completed,1788428838729342,178842684286994605,,,,1788428838726006,1788428838726006,1788428838729342,,,http_data_plane,,,,,3336
server,peer_replication_pull_request,sent,1788428838978002,178842684286994605,,,,,,,,,connected_peers=24,,,,,
server,peer_replication_merge_delta,completed,1788428838990624,178842684286994605,,21,,1788428838979938,1788428838990532,1788428838990624,,,"delta_len=88,sent_us=1788428838978747",,,,,92
server,peer_replication_get_delta,completed,1788428839098781,178842684286994605,178842684426432102,21,,1788428839098388,1788428839098392,1788428839098781,,,"delta_len=397,sent_us=1788428839086553",,,,,389
server,client_mutation,completed,1788428839230027,178842684286994605,,,,1788428839227737,1788428839227737,1788428839230027,,,http_data_plane,,,,,2290
server,membership_directory_read,completed,1788428839557577,178842684286994605,,,,,1788428839503663,1788428839557577,,,poll:173 descriptors,,,,,53914
server,client_mutation,completed,1788428839730273,178842684286994605,,,,1788428839728625,1788428839728626,1788428839730273,,,http_data_plane,,,,,1647
server,peer_replication_pull_request,sent,1788428839977683,178842684286994605,,,,,,,,,connected_peers=24,,,,,
server,peer_replication_merge_delta,completed,1788428840011197,178842684286994605,,21,,1788428840003410,1788428840011108,1788428840011197,,,"delta_len=62,sent_us=1788428839995796",,,,,89
server,client_mutation,completed,1788428840229019,178842684286994605,,,,1788428840226953,1788428840226953,1788428840229019,,,http_data_plane,,,,,2066
server,peer_replication_get_delta,completed,1788428840398789,178842684286994605,178842684114090205,21,,1788428840398533,1788428840398537,1788428840398789,,,"delta_len=121,sent_us=1788428840383238",,,,,252
server,client_mutation,completed,1788428840726654,178842684286994605,,,,1788428840725570,1788428840725570,1788428840726654,,,http_data_plane,,,,,1084
server,peer_replication_pull_request,sent,1788428840977596,178842684286994605,,,,,,,,,connected_peers=24,,,,,
server,peer_replication_merge_delta,completed,1788428841066683,178842684286994605,,21,,1788428841064267,1788428841066668,1788428841066683,,,"delta_len=15,sent_us=1788428841022225",,,,,15
server,client_mutation,completed,1788428841226573,178842684286994605,,,,1788428841225598,1788428841225598,1788428841226573,,,http_data_plane,,,,,975
server,peer_replication_get_delta,completed,1788428841681504,178842684286994605,178842684114091205,21,,1788428841681364,1788428841681368,1788428841681504,,,"delta_len=62,sent_us=1788428841665837",,,,,136
server,client_mutation,completed,1788428841727783,178842684286994605,,,,1788428841726835,1788428841726835,1788428841727783,,,http_data_plane,,,,,948
server,peer_replication_pull_request,sent,1788428841977670,178842684286994605,,,,,,,,,connected_peers=24,,,,,
server,peer_replication_merge_delta,completed,1788428842006088,178842684286994605,,21,,1788428841999839,1788428842006025,1788428842006088,,,"delta_len=60,sent_us=1788428841990580",,,,,63
server,client_mutation,completed,1788428842227596,178842684286994605,,,,1788428842226272,1788428842226272,1788428842227596,,,http_data_plane,,,,,1324
server,client_mutation,completed,1788428842730402,178842684286994605,,,,1788428842729214,1788428842729214,1788428842730402,,,http_data_plane,,,,,1188
server,peer_replication_pull_request,sent,1788428842977069,178842684286994605,,,,,,,,,connected_peers=24,,,,,
server,peer_replication_merge_delta,completed,1788428843001043,178842684286994605,,21,,1788428842996834,1788428843001002,1788428843001043,,,"delta_len=38,sent_us=1788428842991281",,,,,41
server,peer_replication_get_delta,completed,1788428843001224,178842684286994605,178842683849155803,21,,1788428843001088,1788428843001090,1788428843001224,,,"delta_len=60,sent_us=1788428842957588",,,,,134
server,peer_replication_get_delta,completed,1788428843016882,178842684286994605,178842684426434104,21,,1788428843016359,1788428843016365,1788428843016882,,,"delta_len=55,sent_us=1788428843003327",,,,,517
server,client_mutation,completed,1788428843227387,178842684286994605,,,,1788428843225992,1788428843225992,1788428843227387,,,http_data_plane,,,,,1395
server,peer_replication_get_delta,completed,1788428843360662,178842684286994605,178842684286997603,21,,1788428843359684,1788428843359690,1788428843360662,,,"delta_len=765,sent_us=1788428843358467",,,,,972
server,peer_replication_get_delta,completed,1788428843428427,178842684286994605,178842683956182204,21,,1788428843428291,1788428843428296,1788428843428427,,,"delta_len=79,sent_us=1788428843408740",,,,,131
server,client_mutation,completed,1788428843729816,178842684286994605,,,,1788428843727028,1788428843727028,1788428843729816,,,http_data_plane,,,,,2788
server,peer_replication_pull_request,sent,1788428843977892,178842684286994605,,,,,,,,,connected_peers=24,,,,,
server,peer_replication_merge_delta,completed,1788428844017975,178842684286994605,,21,,1788428844009357,1788428844017912,1788428844017975,,,"delta_len=101,sent_us=1788428843992582",,,,,63
server,peer_replication_get_delta,completed,1788428844024733,178842684286994605,178842683849154804,21,,1788428844024599,1788428844024605,1788428844024733,,,"delta_len=47,sent_us=1788428843983265",,,,,128
server,peer_replication_get_delta,completed,1788428844224478,178842684286994605,178842683956181205,21,,1788428844224281,1788428844224286,1788428844224478,,,"delta_len=93,sent_us=1788428844205128",,,,,192
server,client_mutation,completed,1788428844228258,178842684286994605,,,,1788428844226481,1788428844226481,1788428844228258,,,http_data_plane,,,,,1777
server,peer_replication_get_delta,completed,1788428844359797,178842684286994605,178842684286997603,21,,1788428844359452,1788428844359457,1788428844359797,,,"delta_len=103,sent_us=1788428844358284",,,,,340
server,membership_directory_read,completed,1788428844561213,178842684286994605,,,,,1788428844503822,1788428844561213,,,poll:173 descriptors,,,,,57391
server,client_mutation,completed,1788428844727113,178842684286994605,,,,1788428844725981,1788428844725981,1788428844727113,,,http_data_plane,,,,,1132
server,peer_replication_get_delta,completed,1788428844926256,178842684286994605,178842684286996604,21,,1788428844926031,1788428844926037,1788428844926256,,,"delta_len=729,sent_us=1788428844925521",,,,,219
server,peer_replication_pull_request,sent,1788428844977105,178842684286994605,,,,,,,,,connected_peers=24,,,,,
server,peer_replication_get_delta,completed,1788428844991866,178842684286994605,178842683849155803,21,,1788428844991674,1788428844991680,1788428844991866,,,"delta_len=66,sent_us=1788428844950742",,,,,186
server,peer_replication_get_delta,completed,1788428845023442,178842684286994605,178842683849154804,21,,1788428845023315,1788428845023319,1788428845023442,,,"delta_len=2,sent_us=1788428844982355",,,,,123
server,peer_replication_merge_delta,completed,1788428845043348,178842684286994605,,21,,1788428845039789,1788428845043325,1788428845043348,,,"delta_len=22,sent_us=1788428845026415",,,,,23
server,client_mutation,completed,1788428845226717,178842684286994605,,,,1788428845225698,1788428845225698,1788428845226717,,,http_data_plane,,,,,1019
server,peer_replication_get_delta,completed,1788428845478999,178842684286994605,178842684286995605,21,,1788428845478741,1788428845478746,1788428845478999,,,"delta_len=24,sent_us=1788428845478070",,,,,253
server,peer_replication_get_delta,completed,1788428845578463,178842684286994605,178842683956183203,21,,1788428845578317,1788428845578321,1788428845578463,,,"delta_len=69,sent_us=1788428845560953",,,,,142
server,client_mutation,completed,1788428845726692,178842684286994605,,,,1788428845725552,1788428845725552,1788428845726692,,,http_data_plane,,,,,1140
server,peer_replication_get_delta,completed,1788428845763545,178842684286994605,178842684114094202,21,,1788428845763388,1788428845763392,1788428845763545,,,"delta_len=74,sent_us=1788428845748406",,,,,153
server,peer_replication_get_delta,completed,1788428845891180,178842684286994605,178842683849157805,21,,1788428845890994,1788428845890999,1788428845891180,,,"delta_len=4,sent_us=1788428845848625",,,,,181
server,peer_replication_pull_request,sent,1788428845977586,178842684286994605,,,,,,,,,connected_peers=24,,,,,
server,peer_replication_merge_delta,completed,1788428846004577,178842684286994605,,21,,1788428845994098,1788428846004533,1788428846004577,,,"delta_len=39,sent_us=1788428845989338",,,,,44
server,client_mutation,completed,1788428846227013,178842684286994605,,,,1788428846225711,1788428846225711,1788428846227013,,,http_data_plane,,,,,1302
server,client_mutation,completed,1788428846727274,178842684286994605,,,,1788428846725792,1788428846725792,1788428846727274,,,http_data_plane,,,,,1482
server,peer_replication_get_delta,completed,1788428846967283,178842684286994605,178842684426436104,21,,1788428846967151,1788428846967157,1788428846967283,,,"delta_len=17,sent_us=1788428846955518",,,,,126
server,peer_replication_pull_request,sent,1788428846977519,178842684286994605,,,,,,,,,connected_peers=24,,,,,
server,peer_replication_merge_delta,completed,1788428846982871,178842684286994605,,21,,1788428846979303,1788428846982853,1788428846982871,,,"delta_len=25,sent_us=1788428846978230",,,,,18
server,client_mutation,completed,1788428847227163,178842684286994605,,,,1788428847225906,1788428847225906,1788428847227163,,,http_data_plane,,,,,1257
server,client_mutation,completed,1788428847726741,178842684286994605,,,,1788428847725619,1788428847725619,1788428847726741,,,http_data_plane,,,,,1122
server,peer_replication_get_delta,completed,1788428847926134,178842684286994605,178842684286996604,21,,1788428847925991,1788428847925995,1788428847926134,,,"delta_len=80,sent_us=1788428847925499",,,,,139
server,peer_replication_pull_request,sent,1788428847977451,178842684286994605,,,,,,,,,connected_peers=24,,,,,
server,peer_replication_merge_delta,completed,1788428847985153,178842684286994605,,21,,1788428847978806,1788428847985095,1788428847985153,,,"delta_len=64,sent_us=1788428847978126",,,,,58
server,client_mutation,completed,1788428848227890,178842684286994605,,,,1788428848226697,1788428848226697,1788428848227890,,,http_data_plane,,,,,1193
server,peer_replication_get_delta,completed,1788428848429088,178842684286994605,178842683956182204,21,,1788428848428476,1788428848428482,1788428848429088,,,"delta_len=53,sent_us=1788428848408919",,,,,606
server,peer_replication_get_delta,completed,1788428848578468,178842684286994605,178842683956183203,21,,1788428848578332,1788428848578337,1788428848578468,,,"delta_len=74,sent_us=1788428848560699",,,,,131
server,client_mutation,completed,1788428848727303,178842684286994605,,,,1788428848725835,1788428848725835,1788428848727303,,,http_data_plane,,,,,1468
server,peer_replication_get_delta,completed,1788428848893464,178842684286994605,178842683849157805,21,,1788428848893325,1788428848893333,1788428848893464,,,"delta_len=31,sent_us=1788428848849068",,,,,131
server,peer_replication_pull_request,sent,1788428848977846,178842684286994605,,,,,,,,,connected_peers=24,,,,,
server,peer_replication_merge_delta,completed,1788428849004104,178842684286994605,,21,,1788428848998121,1788428849004027,1788428849004104,,,"delta_len=66,sent_us=1788428848992234",,,,,77
server,client_mutation,completed,1788428849226916,178842684286994605,,,,1788428849225814,1788428849225814,1788428849226916,,,http_data_plane,,,,,1102
server,peer_replication_get_delta,completed,1788428849268276,178842684286994605,178842684114093203,21,,1788428849267981,1788428849267986,1788428849268276,,,"delta_len=122,sent_us=1788428849252703",,,,,290
server,membership_directory_read,completed,1788428849552841,178842684286994605,,,,,1788428849503819,1788428849552841,,,poll:173 descriptors,,,,,49022
server,client_mutation,completed,1788428849727900,178842684286994605,,,,1788428849726152,1788428849726153,1788428849727900,,,http_data_plane,,,,,1747
server,peer_replication_pull_request,sent,1788428849977810,178842684286994605,,,,,,,,,connected_peers=24,,,,,
server,peer_replication_merge_delta,completed,1788428850003871,178842684286994605,,21,,1788428849997836,1788428850003834,1788428850003871,,,"delta_len=43,sent_us=1788428849992148",,,,,37
server,peer_replication_get_delta,completed,1788428850023031,178842684286994605,178842683849154804,21,,1788428850022882,1788428850022897,1788428850023031,,,"delta_len=66,sent_us=1788428849981866",,,,,134
server,client_mutation,completed,1788428850226891,178842684286994605,,,,1788428850225605,1788428850225605,1788428850226891,,,http_data_plane,,,,,1286
server,client_mutation,completed,1788428850727279,178842684286994605,,,,1788428850726198,1788428850726198,1788428850727279,,,http_data_plane,,,,,1081
server,peer_replication_pull_request,sent,1788428850977424,178842684286994605,,,,,,,,,connected_peers=24,,,,,
server,peer_replication_merge_delta,completed,1788428851015724,178842684286994605,,21,,1788428851012822,1788428851015708,1788428851015724,,,"delta_len=11,sent_us=1788428850995268",,,,,16
server,peer_replication_get_delta,completed,1788428851178516,178842684286994605,178842683849156802,21,,1788428851178382,1788428851178387,1788428851178516,,,"delta_len=24,sent_us=1788428851135953",,,,,129
server,client_mutation,completed,1788428851226647,178842684286994605,,,,1788428851225560,1788428851225560,1788428851226647,,,http_data_plane,,,,,1087
server,client_mutation,completed,1788428851727730,178842684286994605,,,,1788428851725589,1788428851725589,1788428851727730,,,http_data_plane,,,,,2141
server,peer_replication_pull_request,sent,1788428851977602,178842684286994605,,,,,,,,,connected_peers=24,,,,,
server,peer_replication_merge_delta,completed,1788428852003680,178842684286994605,,21,,1788428851997730,1788428852003632,1788428852003680,,,"delta_len=45,sent_us=1788428851991985",,,,,48
server,peer_replication_get_delta,completed,1788428852098550,178842684286994605,178842684426432102,21,,1788428852098343,1788428852098348,1788428852098550,,,"delta_len=359,sent_us=1788428852086727",,,,,202
server,client_mutation,completed,1788428852228018,178842684286994605,,,,1788428852225634,1788428852225635,1788428852228018,,,http_data_plane,,,,,2383
server,peer_replication_get_delta,completed,1788428852398871,178842684286994605,178842684114090205,21,,1788428852398724,1788428852398729,1788428852398871,,,"delta_len=32,sent_us=1788428852383702",,,,,142
server,peer_replication_get_delta,completed,1788428852429112,178842684286994605,178842683956182204,21,,1788428852428969,1788428852428972,1788428852429112,,,"delta_len=56,sent_us=1788428852409403",,,,,140
server,client_mutation,completed,1788428852727419,178842684286994605,,,,1788428852725576,1788428852725576,1788428852727419,,,http_data_plane,,,,,1843
server,peer_replication_pull_request,sent,1788428852977139,178842684286994605,,,,,,,,,connected_peers=24,,,,,
server,peer_replication_get_delta,completed,1788428852985818,178842684286994605,178842684114092204,21,,1788428852985689,1788428852985694,1788428852985818,,,"delta_len=15,sent_us=1788428852970423",,,,,124
server,peer_replication_merge_delta,completed,1788428853007943,178842684286994605,,21,,1788428853000936,1788428853007886,1788428853007943,,,"delta_len=86,sent_us=1788428852994915",,,,,57
server,client_mutation,completed,1788428853227291,178842684286994605,,,,1788428853225537,1788428853225537,1788428853227291,,,http_data_plane,,,,,1754
server,peer_replication_get_delta,completed,1788428853428492,178842684286994605,178842683956182204,21,,1788428853428352,1788428853428357,1788428853428492,,,"delta_len=73,sent_us=1788428853408815",,,,,135
server,client_mutation,completed,1788428853727059,178842684286994605,,,,1788428853725549,1788428853725549,1788428853727059,,,http_data_plane,,,,,1510
server,peer_replication_get_delta,completed,1788428853968099,178842684286994605,178842684426436104,21,,1788428853967956,1788428853967961,1788428853968099,,,"delta_len=44,sent_us=1788428853955725",,,,,138
server,peer_replication_pull_request,sent,1788428853977316,178842684286994605,,,,,,,,,connected_peers=24,,,,,
server,peer_replication_merge_delta,completed,1788428854006084,178842684286994605,,21,,1788428854001974,1788428854006069,1788428854006084,,,"delta_len=11,sent_us=1788428853990120",,,,,15
server,peer_replication_get_delta,completed,1788428854016177,178842684286994605,178842684426434104,21,,1788428854015965,1788428854015971,1788428854016177,,,"delta_len=90,sent_us=1788428854002978",,,,,206
server,client_mutation,completed,1788428854227145,178842684286994605,,,,1788428854225750,1788428854225750,1788428854227145,,,http_data_plane,,,,,1395
server,peer_replication_get_delta,completed,1788428854398701,178842684286994605,178842684114090205,21,,1788428854398549,1788428854398553,1788428854398701,,,"delta_len=28,sent_us=1788428854383599",,,,,148
server,membership_directory_read,completed,1788428854554618,178842684286994605,,,,,1788428854503085,1788428854554618,,,poll:173 descriptors,,,,,51533
server,peer_replication_get_delta,completed,1788428854681031,178842684286994605,178842684114091205,21,,1788428854680893,1788428854680898,1788428854681031,,,"delta_len=16,sent_us=1788428854665492",,,,,133
server,client_mutation,completed,1788428854727149,178842684286994605,,,,1788428854725574,1788428854725574,1788428854727149,,,http_data_plane,,,,,1575
server,peer_replication_get_delta,completed,1788428854764442,178842684286994605,178842684114094202,21,,1788428854764311,1788428854764317,1788428854764442,,,"delta_len=43,sent_us=1788428854749290",,,,,125
server,peer_replication_pull_request,sent,1788428854977973,178842684286994605,,,,,,,,,connected_peers=24,,,,,
server,peer_replication_merge_delta,completed,1788428855003077,178842684286994605,,21,,1788428854997848,1788428855003048,1788428855003077,,,"delta_len=33,sent_us=1788428854992150",,,,,29
server,client_mutation,completed,1788428855226844,178842684286994605,,,,1788428855225647,1788428855225647,1788428855226844,,,http_data_plane,,,,,1197
server,client_mutation,completed,1788428855727079,178842684286994605,,,,1788428855725639,1788428855725640,1788428855727079,,,http_data_plane,,,,,1439
server,peer_replication_pull_request,sent,1788428855977379,178842684286994605,,,,,,,,,connected_peers=24,,,,,
server,peer_replication_get_delta,completed,1788428855986125,178842684286994605,178842684114092204,21,,1788428855985992,1788428855985996,1788428855986125,,,"delta_len=44,sent_us=1788428855970603",,,,,129
server,peer_replication_get_delta,completed,1788428856023643,178842684286994605,178842683849154804,21,,1788428856023444,1788428856023449,1788428856023643,,,"delta_len=24,sent_us=1788428855982606",,,,,194
server,peer_replication_merge_delta,completed,1788428856045400,178842684286994605,,21,,1788428856036388,1788428856045353,1788428856045400,,,"delta_len=64,sent_us=1788428856022384",,,,,47
server,client_mutation,completed,1788428856227362,178842684286994605,,,,1788428856225949,1788428856225949,1788428856227362,,,http_data_plane,,,,,1413
server,peer_replication_get_delta,completed,1788428856681675,178842684286994605,178842684114091205,21,,1788428856681540,1788428856681544,1788428856681675,,,"delta_len=49,sent_us=1788428856665745",,,,,131
server,client_mutation,completed,1788428856726718,178842684286994605,,,,1788428856725536,1788428856725536,1788428856726718,,,http_data_plane,,,,,1182
server,peer_replication_pull_request,sent,1788428856977795,178842684286994605,,,,,,,,,connected_peers=24,,,,,
server,peer_replication_merge_delta,completed,1788428857008595,178842684286994605,,21,,1788428856998047,1788428857008528,1788428857008595,,,"delta_len=77,sent_us=1788428856991735",,,,,67
server,client_mutation,completed,1788428857227406,178842684286994605,,,,1788428857225576,1788428857225576,1788428857227406,,,http_data_plane,,,,,1830
server,client_mutation,completed,1788428857726974,178842684286994605,,,,1788428857725676,1788428857725677,1788428857726974,,,http_data_plane,,,,,1297
server,peer_replication_pull_request,sent,1788428857976948,178842684286994605,,,,,,,,,connected_peers=24,,,,,
server,peer_replication_get_delta,completed,1788428857985665,178842684286994605,178842684114092204,21,,1788428857985523,1788428857985527,1788428857985665,,,"delta_len=74,sent_us=1788428857970212",,,,,138
server,peer_replication_get_delta,completed,1788428857991991,178842684286994605,178842683849155803,21,,1788428857991838,1788428857991843,1788428857991991,,,"delta_len=111,sent_us=1788428857951048",,,,,148
server,peer_replication_merge_delta,completed,1788428858051154,178842684286994605,,21,,1788428858047365,1788428858051143,1788428858051154,,,"delta_len=5,sent_us=1788428857989762",,,,,11
server,client_mutation,completed,1788428858226682,178842684286994605,,,,1788428858225652,1788428858225653,1788428858226682,,,http_data_plane,,,,,1029
server,peer_replication_get_delta,completed,1788428858398111,178842684286994605,178842684114090205,21,,1788428858397965,1788428858397970,1788428858398111,,,"delta_len=84,sent_us=1788428858382868",,,,,141
server,peer_replication_get_delta,completed,1788428858578576,178842684286994605,178842683956183203,21,,1788428858578440,1788428858578446,1788428858578576,,,"delta_len=33,sent_us=1788428858560929",,,,,130
server,client_mutation,completed,1788428858729788,178842684286994605,,,,1788428858726408,1788428858726408,1788428858729788,,,http_data_plane,,,,,3380
server,peer_replication_pull_request,sent,1788428858977395,178842684286994605,,,,,,,,,connected_peers=24,,,,,
server,peer_replication_get_delta,completed,1788428858992117,178842684286994605,178842683849155803,21,,1788428858991938,1788428858991943,1788428858992117,,,"delta_len=7,sent_us=1788428858950846",,,,,174
server,peer_replication_merge_delta,completed,1788428859011054,178842684286994605,,21,,1788428859004197,1788428859010990,1788428859011054,,,"delta_len=65,sent_us=1788428858996797",,,,,64
server,client_mutation,completed,1788428859226640,178842684286994605,,,,1788428859225593,1788428859225593,1788428859226640,,,http_data_plane,,,,,1047
server,peer_replication_get_delta,completed,1788428859358554,178842684286994605,178842684286997603,21,,1788428859358380,1788428859358384,1788428859358554,,,"delta_len=259,sent_us=1788428859357738",,,,,170
server,membership_directory_read,completed,1788428859554194,178842684286994605,,,,,1788428859503164,1788428859554194,,,poll:173 descriptors,,,,,51030
server,client_mutation,completed,1788428859726799,178842684286994605,,,,1788428859725695,1788428859725695,1788428859726799,,,http_data_plane,,,,,1104
server,peer_replication_get_delta,completed,1788428859967930,178842684286994605,178842684426436104,21,,1788428859967760,1788428859967766,1788428859967930,,,"delta_len=41,sent_us=1788428859955926",,,,,164
server,peer_replication_pull_request,sent,1788428859977171,178842684286994605,,,,,,,,,connected_peers=24,,,,,
server,peer_replication_merge_delta,completed,1788428860008196,178842684286994605,,21,,1788428860002604,1788428860008155,1788428860008196,,,"delta_len=39,sent_us=1788428859995746",,,,,41
server,peer_replication_get_delta,completed,1788428860016034,178842684286994605,178842684426434104,21,,1788428860015833,1788428860015839,1788428860016034,,,"delta_len=60,sent_us=1788428860002816",,,,,195
server,peer_replication_get_delta,completed,1788428860025150,178842684286994605,178842683849154804,21,,1788428860025001,1788428860025006,1788428860025150,,,"delta_len=90,sent_us=1788428859983373",,,,,144
server,peer_replication_get_delta,completed,1788428860178265,178842684286994605,178842683849156802,21,,1788428860178125,1788428860178130,1788428860178265,,,"delta_len=38,sent_us=1788428860134310",,,,,135
server,client_mutation,completed,1788428860226700,178842684286994605,,,,1788428860225687,1788428860225687,1788428860226700,,,http_data_plane,,,,,1013
server,client_mutation,completed,1788428860729701,178842684286994605,,,,1788428860727060,1788428860727060,1788428860729701,,,http_data_plane,,,,,2641
server,peer_replication_pull_request,sent,1788428860976993,178842684286994605,,,,,,,,,connected_peers=24,,,,,
server,peer_replication_merge_delta,completed,1788428861004147,178842684286994605,,21,,1788428861001827,1788428861004138,1788428861004147,,,"delta_len=6,sent_us=1788428860990008",,,,,9
server,peer_replication_get_delta,completed,1788428861077649,178842684286994605,178842683956184202,21,,1788428861077500,1788428861077505,1788428861077649,,,"delta_len=52,sent_us=1788428861060509",,,,,144
server,client_mutation,completed,1788428861228315,178842684286994605,,,,1788428861225926,1788428861225926,1788428861228315,,,http_data_plane,,,,,2389
server,peer_replication_get_delta,completed,1788428861359420,178842684286994605,178842684286997603,21,,1788428861359081,1788428861359086,1788428861359420,,,"delta_len=49,sent_us=1788428861358082",,,,,334
server,client_mutation,completed,1788428861726879,178842684286994605,,,,1788428861725559,1788428861725559,1788428861726879,,,http_data_plane,,,,,1320
server,peer_replication_pull_request,sent,1788428861977866,178842684286994605,,,,,,,,,connected_peers=24,,,,,
server,peer_replication_merge_delta,completed,1788428861983330,178842684286994605,,21,,1788428861979461,1788428861983292,1788428861983330,,,"delta_len=32,sent_us=1788428861978569",,,,,38
server,client_mutation,completed,1788428862229241,178842684286994605,,,,1788428862226313,1788428862226314,1788428862229241,,,http_data_plane,,,,,2927
server,client_mutation,completed,1788428862728676,178842684286994605,,,,1788428862726273,1788428862726273,1788428862728676,,,http_data_plane,,,,,2403
server,peer_replication_get_delta,completed,1788428862763952,178842684286994605,178842684114094202,21,,1788428862763810,1788428862763815,1788428862763952,,,"delta_len=31,sent_us=1788428862748468",,,,,137
server,peer_replication_pull_request,sent,1788428862977534,178842684286994605,,,,,,,,,connected_peers=24,,,,,
server,peer_replication_merge_delta,completed,1788428862983129,178842684286994605,,21,,1788428862979175,1788428862983070,1788428862983129,,,"delta_len=29,sent_us=1788428862978404",,,,,59
server,client_mutation,completed,1788428863226710,178842684286994605,,,,1788428863225679,1788428863225680,1788428863226710,,,http_data_plane,,,,,1030
server,peer_replication_get_delta,completed,1788428863267808,178842684286994605,178842684114093203,21,,1788428863267652,1788428863267657,1788428863267808,,,"delta_len=61,sent_us=1788428863252318",,,,,151
server,client_mutation,completed,1788428863727336,178842684286994605,,,,1788428863725545,1788428863725545,1788428863727336,,,http_data_plane,,,,,1791
server,peer_replication_pull_request,sent,1788428863977703,178842684286994605,,,,,,,,,connected_peers=24,,,,,
server,peer_replication_merge_delta,completed,1788428864021578,178842684286994605,,21,,1788428864007226,1788428864021351,1788428864021578,,,"delta_len=156,sent_us=1788428863989542",,,,,227
server,client_mutation,completed,1788428864227213,178842684286994605,,,,1788428864225710,1788428864225710,1788428864227213,,,http_data_plane,,,,,1503
server,membership_directory_read,completed,1788428864551875,178842684286994605,,,,,1788428864503700,1788428864551875,,,poll:173 descriptors,,,,,48175
server,client_mutation,completed,1788428864727424,178842684286994605,,,,1788428864726065,1788428864726065,1788428864727424,,,http_data_plane,,,,,1359
server,peer_replication_pull_request,sent,1788428864977445,178842684286994605,,,,,,,,,connected_peers=24,,,,,
server,peer_replication_merge_delta,completed,1788428865016913,178842684286994605,,21,,1788428865001535,1788428865016850,1788428865016913,,,"delta_len=87,sent_us=1788428864995223",,,,,63
server,peer_replication_get_delta,completed,1788428865018015,178842684286994605,178842684426434104,21,,1788428865017872,1788428865017876,1788428865018015,,,"delta_len=98,sent_us=1788428865003397",,,,,139
server,client_mutation,completed,1788428865227088,178842684286994605,,,,1788428865225779,1788428865225779,1788428865227088,,,http_data_plane,,,,,1309
server,peer_replication_get_delta,completed,1788428865398688,178842684286994605,178842684114090205,21,,1788428865398540,1788428865398545,1788428865398688,,,"delta_len=100,sent_us=1788428865383469",,,,,143
server,peer_replication_get_delta,completed,1788428865681341,178842684286994605,178842684114091205,21,,1788428865681193,1788428865681198,1788428865681341,,,"delta_len=140,sent_us=1788428865665617",,,,,143
server,client_mutation,completed,1788428865726891,178842684286994605,,,,1788428865725675,1788428865725676,1788428865726891,,,http_data_plane,,,,,1215
server,peer_replication_pull_request,sent,1788428865977075,178842684286994605,,,,,,,,,connected_peers=24,,,,,
server,peer_replication_merge_delta,completed,1788428866004937,178842684286994605,,21,,1788428866001237,1788428866004907,1788428866004937,,,"delta_len=31,sent_us=1788428865995067",,,,,30
server,client_mutation,completed,1788428866226757,178842684286994605,,,,1788428866225596,1788428866225596,1788428866226757,,,http_data_plane,,,,,1161
server,peer_replication_get_delta,completed,1788428866428650,178842684286994605,178842683956182204,21,,1788428866428486,1788428866428490,1788428866428650,,,"delta_len=103,sent_us=1788428866408985",,,,,160
server,client_mutation,completed,1788428866726834,178842684286994605,,,,1788428866725605,1788428866725605,1788428866726834,,,http_data_plane,,,,,1229
server,peer_replication_get_delta,completed,1788428866925785,178842684286994605,178842684286996604,21,,1788428866925552,1788428866925558,1788428866925785,,,"delta_len=618,sent_us=1788428866924725",,,,,227
server,peer_replication_pull_request,sent,1788428866977924,178842684286994605,,,,,,,,,connected_peers=24,,,,,
server,peer_replication_merge_delta,completed,1788428866981675,178842684286994605,,21,,1788428866979273,1788428866981664,1788428866981675,,,"delta_len=8,sent_us=1788428866978657",,,,,11
server,client_mutation,completed,1788428867227660,178842684286994605,,,,1788428867226166,1788428867226166,1788428867227660,,,http_data_plane,,,,,1494
server,client_mutation,completed,1788428867726862,178842684286994605,,,,1788428867725611,1788428867725611,1788428867726862,,,http_data_plane,,,,,1251
server,peer_replication_get_delta,completed,1788428867893834,178842684286994605,178842683849157805,21,,1788428867893651,1788428867893656,1788428867893834,,,"delta_len=13,sent_us=1788428867848465",,,,,178
server,peer_replication_pull_request,sent,1788428867977277,178842684286994605,,,,,,,,,connected_peers=24,,,,,
server,peer_replication_merge_delta,completed,1788428867983411,178842684286994605,,21,,1788428867978556,1788428867983365,1788428867983411,,,"delta_len=57,sent_us=1788428867977985",,,,,46
server,client_mutation,completed,1788428868226937,178842684286994605,,,,1788428868225690,1788428868225690,1788428868226937,,,http_data_plane,,,,,1247
server,client_mutation,completed,1788428868726598,178842684286994605,,,,1788428868725557,1788428868725557,1788428868726598,,,http_data_plane,,,,,1041
server,peer_replication_get_delta,completed,1788428868838733,178842684286994605,178842683849158805,21,,1788428868838593,1788428868838598,1788428868838733,,,"delta_len=50,sent_us=1788428868794205",,,,,135
server,peer_replication_pull_request,sent,1788428868977144,178842684286994605,,,,,,,,,connected_peers=24,,,,,
server,peer_replication_get_delta,completed,1788428868985903,178842684286994605,178842684114092204,21,,1788428868985732,1788428868985738,1788428868985903,,,"delta_len=39,sent_us=1788428868970371",,,,,165
server,peer_replication_merge_delta,completed,1788428869007446,178842684286994605,,21,,1788428869001364,1788428869007401,1788428869007446,,,"delta_len=56,sent_us=1788428868995342",,,,,45
server,client_mutation,completed,1788428869229720,178842684286994605,,,,1788428869227147,1788428869227147,1788428869229720,,,http_data_plane,,,,,2573
server,membership_directory_read,completed,1788428869564689,178842684286994605,,,,,1788428869503723,1788428869564689,,,poll:173 descriptors,,,,,60966
server,client_mutation,completed,1788428869727903,178842684286994605,,,,1788428869726239,1788428869726239,1788428869727903,,,http_data_plane,,,,,1664
server,peer_replication_get_delta,completed,1788428869763499,178842684286994605,178842684114094202,21,,1788428869763339,1788428869763346,1788428869763499,,,"delta_len=73,sent_us=1788428869748346",,,,,153
server,peer_replication_pull_request,sent,1788428869977368,178842684286994605,,,,,,,,,connected_peers=24,,,,,
server,peer_replication_get_delta,completed,1788428869985810,178842684286994605,178842684114092204,21,,1788428869985669,1788428869985673,1788428869985810,,,"delta_len=58,sent_us=1788428869970151",,,,,137
server,peer_replication_merge_delta,completed,1788428870009434,178842684286994605,,21,,1788428870003815,1788428870009323,1788428870009434,,,"delta_len=52,sent_us=1788428869996252",,,,,111
server,client_mutation,completed,1788428870226431,178842684286994605,,,,1788428870225479,1788428870225480,1788428870226431,,,http_data_plane,,,,,951
server,peer_replication_get_delta,completed,1788428870578406,178842684286994605,178842683956183203,21,,1788428870578266,1788428870578270,1788428870578406,,,"delta_len=87,sent_us=1788428870560865",,,,,136
server,client_mutation,completed,1788428870727670,178842684286994605,,,,1788428870725601,1788428870725601,1788428870727670,,,http_data_plane,,,,,2069
server,peer_replication_pull_request,sent,1788428870977866,178842684286994605,,,,,,,,,connected_peers=24,,,,,
server,peer_replication_merge_delta,completed,1788428871043585,178842684286994605,,21,,1788428871039027,1788428871043558,1788428871043585,,,"delta_len=30,sent_us=1788428871025327",,,,,27
server,peer_replication_get_delta,completed,1788428871078546,178842684286994605,178842683956184202,21,,1788428871078404,1788428871078410,1788428871078546,,,"delta_len=95,sent_us=1788428871061133",,,,,136
server,client_mutation,completed,1788428871227161,178842684286994605,,,,1788428871225946,1788428871225946,1788428871227161,,,http_data_plane,,,,,1215
server,client_mutation,completed,1788428871727065,178842684286994605,,,,1788428871725863,1788428871725863,1788428871727065,,,http_data_plane,,,,,1202
server,peer_replication_pull_request,sent,1788428871977033,178842684286994605,,,,,,,,,connected_peers=24,,,,,
server,peer_replication_get_delta,completed,1788428871981975,178842684286994605,178842684426435104,21,,1788428871981845,1788428871981849,1788428871981975,,,"delta_len=13,sent_us=1788428871971266",,,,,126
server,peer_replication_merge_delta,completed,1788428871997027,178842684286994605,,21,,1788428871993710,1788428871996996,1788428871997027,,,"delta_len=22,sent_us=1788428871990022",,,,,31
server,client_mutation,completed,1788428872226952,178842684286994605,,,,1788428872225866,1788428872225866,1788428872226952,,,http_data_plane,,,,,1086
server,peer_replication_get_delta,completed,1788428872426081,178842684286994605,178842684286993605,21,,1788428872425950,1788428872425955,1788428872426081,,,"delta_len=35,sent_us=1788428872425475",,,,,126
server,peer_replication_get_delta,completed,1788428872578179,178842684286994605,178842683956183203,21,,1788428872578048,1788428872578053,1788428872578179,,,"delta_len=30,sent_us=1788428872560628",,,,,126
server,client_mutation,completed,1788428872726699,178842684286994605,,,,1788428872725589,1788428872725589,1788428872726699,,,http_data_plane,,,,,1110
server,peer_replication_pull_request,sent,1788428872977609,178842684286994605,,,,,,,,,connected_peers=24,,,,,
server,peer_replication_merge_delta,completed,1788428872981401,178842684286994605,,21,,1788428872978997,1788428872981380,1788428872981401,,,"delta_len=7,sent_us=1788428872978295",,,,,21
server,client_mutation,completed,1788428873226804,178842684286994605,,,,1788428873225792,1788428873225792,1788428873226804,,,http_data_plane,,,,,1012
server,client_mutation,completed,1788428873728746,178842684286994605,,,,1788428873727634,1788428873727634,1788428873728746,,,http_data_plane,,,,,1112
server,peer_replication_pull_request,sent,1788428873977857,178842684286994605,,,,,,,,,connected_peers=24,,,,,
server,peer_replication_merge_delta,completed,1788428874013541,178842684286994605,,21,,1788428874003235,1788428874013459,1788428874013541,,,"delta_len=124,sent_us=1788428873990731",,,,,82
server,peer_replication_get_delta,completed,1788428874016241,178842684286994605,178842684426434104,21,,1788428874016101,1788428874016107,1788428874016241,,,"delta_len=41,sent_us=1788428874003283",,,,,134
server,client_mutation,completed,1788428874229022,178842684286994605,,,,1788428874226908,1788428874226908,1788428874229022,,,http_data_plane,,,,,2114
server,membership_directory_read,completed,1788428874553400,178842684286994605,,,,,1788428874503583,1788428874553400,,,poll:173 descriptors,,,,,49817
server,client_mutation,completed,1788428874726983,178842684286994605,,,,1788428874725662,1788428874725662,1788428874726983,,,http_data_plane,,,,,1321
server,peer_replication_pull_request,sent,1788428874977622,178842684286994605,,,,,,,,,connected_peers=24,,,,,
server,peer_replication_get_delta,completed,1788428874981692,178842684286994605,178842684426435104,21,,1788428874981560,1788428874981564,1788428874981692,,,"delta_len=24,sent_us=1788428874970845",,,,,128
server,peer_replication_merge_delta,completed,1788428875055715,178842684286994605,,21,,1788428875039649,1788428875055430,1788428875055715,,,"delta_len=83,sent_us=1788428875024950",,,,,285
server,client_mutation,completed,1788428875226829,178842684286994605,,,,1788428875225664,1788428875225664,1788428875226829,,,http_data_plane,,,,,1165
server,peer_replication_get_delta,completed,1788428875359852,178842684286994605,178842684286997603,21,,1788428875359689,1788428875359694,1788428875359852,,,"delta_len=282,sent_us=1788428875358319",,,,,158
server,peer_replication_get_delta,completed,1788428875646481,178842684286994605,178842684426433101,21,,1788428875646333,1788428875646338,1788428875646481,,,"delta_len=72,sent_us=1788428875632597",,,,,143
server,client_mutation,completed,1788428875727007,178842684286994605,,,,1788428875725759,1788428875725759,1788428875727007,,,http_data_plane,,,,,1248
server,peer_replication_get_delta,completed,1788428875837505,178842684286994605,178842683849158805,21,,1788428875836889,1788428875836894,1788428875837505,,,"delta_len=114,sent_us=1788428875794439",,,,,611
server,peer_replication_pull_request,sent,1788428875977661,178842684286994605,,,,,,,,,connected_peers=24,,,,,
server,peer_replication_merge_delta,completed,1788428875982947,178842684286994605,,21,,1788428875979057,1788428875982925,1788428875982947,,,"delta_len=26,sent_us=1788428875978450",,,,,22
server,peer_replication_get_delta,completed,1788428875983133,178842684286994605,178842684426435104,21,,1788428875982990,1788428875982992,1788428875983133,,,"delta_len=83,sent_us=1788428875970876",,,,,141
server,peer_replication_get_delta,completed,1788428876078696,178842684286994605,178842683956184202,21,,1788428876078539,1788428876078545,1788428876078696,,,"delta_len=108,sent_us=1788428876061254",,,,,151
server,client_mutation,completed,1788428876226929,178842684286994605,,,,1788428876225580,1788428876225580,1788428876226929,,,http_data_plane,,,,,1349
server,client_mutation,completed,1788428876728543,178842684286994605,,,,1788428876726084,1788428876726084,1788428876728543,,,http_data_plane,,,,,2459
server,peer_replication_pull_request,sent,1788428876977129,178842684286994605,,,,,,,,,connected_peers=24,,,,,
server,peer_replication_merge_delta,completed,1788428877017851,178842684286994605,,21,,1788428877008009,1788428877017802,1788428877017851,,,"delta_len=60,sent_us=1788428876995966",,,,,49
server,client_mutation,completed,1788428877227944,178842684286994605,,,,1788428877225613,1788428877225614,1788428877227944,,,http_data_plane,,,,,2330
server,client_mutation,completed,1788428877727355,178842684286994605,,,,1788428877725669,1788428877725669,1788428877727355,,,http_data_plane,,,,,1686
server,peer_replication_pull_request,sent,1788428877977510,178842684286994605,,,,,,,,,connected_peers=24,,,,,
server,peer_replication_merge_delta,completed,1788428878001033,178842684286994605,,21,,1788428877994326,1788428878000977,1788428878001033,,,"delta_len=50,sent_us=1788428877990320",,,,,56
server,client_mutation,completed,1788428878228143,178842684286994605,,,,1788428878226094,1788428878226094,1788428878228143,,,http_data_plane,,,,,2049
server,client_mutation,completed,1788428878730553,178842684286994605,,,,1788428878728351,1788428878728351,1788428878730553,,,http_data_plane,,,,,2202
server,peer_replication_get_delta,completed,1788428878764339,178842684286994605,178842684114094202,21,,1788428878764154,1788428878764162,1788428878764339,,,"delta_len=94,sent_us=1788428878748992",,,,,177
server,peer_replication_get_delta,completed,1788428878838625,178842684286994605,178842683849158805,21,,1788428878838482,1788428878838488,1788428878838625,,,"delta_len=11,sent_us=1788428878795252",,,,,137
server,peer_replication_pull_request,sent,1788428878977781,178842684286994605,,,,,,,,,connected_peers=24,,,,,
server,peer_replication_merge_delta,completed,1788428879004505,178842684286994605,,21,,1788428878997431,1788428879004469,1788428879004505,,,"delta_len=41,sent_us=1788428878991844",,,,,36
server,peer_replication_get_delta,completed,1788428879148931,178842684286994605,178842684286996604,21,,1788428879148647,1788428879148764,1788428879148931,,,"delta_len=83,sent_us=1788428879138708",,,,,167
server,client_mutation,completed,1788428879231431,178842684286994605,,,,1788428879228323,1788428879228324,1788428879231431,,,http_data_plane,,,,,3107
server,peer_replication_get_delta,completed,1788428879270155,178842684286994605,178842684114093203,21,,1788428879269930,1788428879269935,1788428879270155,,,"delta_len=28,sent_us=1788428879252690",,,,,220
server,membership_directory_read,completed,1788428879564228,178842684286994605,,,,,1788428879503669,1788428879564228,,,poll:175 descriptors,,,,,60559
server,peer_replication_get_delta,completed,1788428880433477,178842684286994605,178842684114092204,21,,1788428880433310,1788428880433333,1788428880433477,,,"delta_len=62,sent_us=1788428879970840",,,,,144
server,client_mutation,completed,1788428879731725,178842684286994605,,,,1788428879728984,1788428879728985,1788428879731725,,,http_data_plane,,,,,2740
server,client_mutation,completed,1788428880227992,178842684286994605,,,,1788428880225874,1788428880225874,1788428880227992,,,http_data_plane,,,,,2118
server,peer_replication_get_delta,completed,1788428880433564,178842684286994605,178842683849156802,21,,1788428880433539,1788428880433541,1788428880433564,,,"delta_len=36,sent_us=1788428880133187",,,,,23
server,peer_replication_get_delta,completed,1788428880433591,178842684286994605,178842684114090205,21,,1788428880433570,1788428880433572,1788428880433591,,,"delta_len=33,sent_us=1788428880383426",,,,,19
server,peer_replication_pull_request,sent,1788428880433602,178842684286994605,,,,,,,,,connected_peers=22,,,,,
server,peer_replication_merge_delta,completed,1788428880464477,178842684286994605,,21,,1788428880460327,1788428880464462,1788428880464477,,,"delta_len=11,sent_us=1788428880444887",,,,,15
server,client_mutation,completed,1788428880733227,178842684286994605,,,,1788428880731133,1788428880731133,1788428880733227,,,http_data_plane,,,,,2094
server,peer_replication_get_delta,completed,1788428880836909,178842684286994605,178842683849158805,21,,1788428880836774,1788428880836779,1788428880836909,,,"delta_len=29,sent_us=1788428880794024",,,,,130
server,peer_replication_pull_request,sent,1788428880978096,178842684286994605,,,,,,,,,connected_peers=22,,,,,
server,peer_replication_merge_delta,completed,1788428881050449,178842684286994605,,21,,1788428881039039,1788428881050396,1788428881050449,,,"delta_len=32,sent_us=1788428881025508",,,,,53
server,peer_replication_get_delta,completed,1788428881099424,178842684286994605,178842684426432102,21,,1788428881099260,1788428881099265,1788428881099424,,,"delta_len=136,sent_us=1788428881086597",,,,,159
server,client_mutation,completed,1788428881231378,178842684286994605,,,,1788428881229323,1788428881229323,1788428881231378,,,http_data_plane,,,,,2055
server,peer_replication_get_delta,completed,1788428881358414,178842684286994605,178842684286997603,21,,1788428881358270,1788428881358273,1788428881358414,,,"delta_len=62,sent_us=1788428881357714",,,,,141
server,client_mutation,completed,1788428881727823,178842684286994605,,,,1788428881725634,1788428881725634,1788428881727823,,,http_data_plane,,,,,2189
server,peer_replication_pull_request,sent,1788428881978181,178842684286994605,,,,,,,,,connected_peers=22,,,,,
server,peer_replication_merge_delta,completed,1788428882069398,178842684286994605,,21,,1788428882066071,1788428882069389,1788428882069398,,,"delta_len=3,sent_us=1788428882024060",,,,,9
server,client_mutation,completed,1788428882229204,178842684286994605,,,,1788428882226898,1788428882226898,1788428882229204,,,http_data_plane,,,,,2306
server,peer_replication_get_delta,completed,1788428882268275,178842684286994605,178842684114093203,21,,1788428882267996,1788428882268000,1788428882268275,,,"delta_len=22,sent_us=1788428882252698",,,,,275
server,client_mutation,completed,1788428882727640,178842684286994605,,,,1788428882725753,1788428882725753,1788428882727640,,,http_data_plane,,,,,1887
server,peer_replication_pull_request,sent,1788428882977124,178842684286994605,,,,,,,,,connected_peers=22,,,,,
server,peer_replication_merge_delta,completed,1788428882987088,178842684286994605,,21,,1788428882979641,1788428882986876,1788428882987088,,,"delta_len=74,sent_us=1788428882977905",,,,,212
server,client_mutation,completed,1788428883228871,178842684286994605,,,,1788428883226157,1788428883226157,1788428883228871,,,http_data_plane,,,,,2714
server,client_mutation,completed,1788428883729428,178842684286994605,,,,1788428883726620,1788428883726621,1788428883729428,,,http_data_plane,,,,,2807
server,peer_replication_pull_request,sent,1788428883977524,178842684286994605,,,,,,,,,connected_peers=22,,,,,
server,peer_replication_merge_delta,completed,1788428884059861,178842684286994605,,21,,1788428884049146,1788428884059834,1788428884059861,,,"delta_len=26,sent_us=1788428884027648",,,,,27
server,client_mutation,completed,1788428884234094,178842684286994605,,,,1788428884227527,1788428884227527,1788428884234094,,,http_data_plane,,,,,6567
server,peer_replication_get_delta,completed,1788428884268509,178842684286994605,178842684114093203,21,,1788428884268353,1788428884268368,1788428884268509,,,"delta_len=29,sent_us=1788428884252941",,,,,141
server,membership_directory_read,completed,1788428884551672,178842684286994605,,,,,1788428884503053,1788428884551672,,,poll:177 descriptors,,,,,48619
server,client_mutation,completed,1788428884728129,178842684286994605,,,,1788428884725751,1788428884725751,1788428884728129,,,http_data_plane,,,,,2378
server,peer_replication_pull_request,sent,1788428884977622,178842684286994605,,,,,,,,,connected_peers=21,,,,,
server,peer_replication_merge_delta,completed,1788428885011814,178842684286994605,,21,,1788428884997975,1788428885011785,1788428885011814,,,"delta_len=32,sent_us=1788428884992303",,,,,29
server,client_mutation,completed,1788428885227866,178842684286994605,,,,1788428885225627,1788428885225627,1788428885227866,,,http_data_plane,,,,,2239
server,peer_replication_get_delta,completed,1788428885428996,178842684286994605,178842683956182204,21,,1788428885428073,1788428885428079,1788428885428996,,,"delta_len=175,sent_us=1788428885408753",,,,,917
server,client_mutation,completed,1788428885728967,178842684286994605,,,,1788428885726494,1788428885726494,1788428885728967,,,http_data_plane,,,,,2473
server,peer_replication_pull_request,sent,1788428885977227,178842684286994605,,,,,,,,,connected_peers=21,,,,,
server,peer_replication_merge_delta,completed,1788428886042142,178842684286994605,,21,,1788428886036209,1788428886042115,1788428886042142,,,"delta_len=28,sent_us=1788428886022131",,,,,27
server,client_mutation,completed,1788428886228639,178842684286994605,,,,1788428886226230,1788428886226230,1788428886228639,,,http_data_plane,,,,,2409
server,peer_replication_get_delta,completed,1788428886267819,178842684286994605,178842684114093203,21,,1788428886267679,1788428886267686,1788428886267819,,,"delta_len=21,sent_us=1788428886252455",,,,,133
server,client_mutation,completed,1788428886727833,178842684286994605,,,,1788428886725590,1788428886725590,1788428886727833,,,http_data_plane,,,,,2243
server,peer_replication_pull_request,sent,1788428886977927,178842684286994605,,,,,,,,,connected_peers=21,,,,,
server,gc_observed,start,1788428887001993,178842684286994605,,22,,,,,,,,,,,,
server,gc_observed,completed,1788428887755511,178842684286994605,,22,,,,,,,,,,,,
server,peer_replication_merge_delta,completed,1788428887763348,178842684286994605,,22,,1788428887001992,1788428887763318,1788428887763348,,,"delta_len=44,sent_us=1788428886995838",,,,,30
server,client_mutation,completed,1788428887756859,178842684286994605,,,,1788428887225931,1788428887225931,1788428887756859,,,http_data_plane,,,,,530928
server,peer_replication_get_delta,completed,1788428887763643,178842684286994605,178842683956184202,22,,1788428887763404,1788428887763405,1788428887763643,,,"delta_len=58,sent_us=1788428887060686",,,,,238
server,client_mutation,completed,1788428887758095,178842684286994605,,,,1788428887726503,1788428887726503,1788428887758095,,,http_data_plane,,,,,31592
server,peer_replication_get_delta,completed,1788428887763755,178842684286994605,178842684286997603,22,,1788428887763674,1788428887763676,1788428887763755,,,"delta_len=136,sent_us=1788428887358447",,,,,79
server,peer_replication_get_delta,completed,1788428887926507,178842684286994605,178842684286996604,22,,1788428887926351,1788428887926356,1788428887926507,,,"delta_len=126,sent_us=1788428887924758",,,,,151
server,peer_replication_pull_request,sent,1788428887977433,178842684286994605,,,,,,,,,connected_peers=21,,,,,
server,peer_replication_merge_delta,completed,1788428888029023,178842684286994605,,22,,1788428888015836,1788428888029012,1788428888029023,,,"delta_len=7,sent_us=1788428887996362",,,,,11
server,client_mutation,completed,1788428888230735,178842684286994605,,,,1788428888229720,1788428888229720,1788428888230735,,,http_data_plane,,,,,1015
server,client_mutation,completed,1788428888736677,178842684286994605,,,,1788428888725633,1788428888725633,1788428888736677,,,http_data_plane,,,,,11044
server,peer_replication_get_delta,completed,1788428888763930,178842684286994605,178842684114094202,22,,1788428888763785,1788428888763791,1788428888763930,,,"delta_len=20,sent_us=1788428888748606",,,,,139
server,peer_replication_get_delta,completed,1788428888890621,178842684286994605,178842683849157805,22,,1788428888890477,1788428888890480,1788428888890621,,,"delta_len=100,sent_us=1788428888848510",,,,,141
server,peer_replication_pull_request,sent,1788428888977230,178842684286994605,,,,,,,,,connected_peers=21,,,,,
server,peer_replication_get_delta,completed,1788428889077646,178842684286994605,178842683956184202,22,,1788428889077391,1788428889077406,1788428889077646,,,"delta_len=5,sent_us=1788428889060579",,,,,240
server,client_mutation,completed,1788428889230269,178842684286994605,,,,1788428889225940,1788428889225940,1788428889230269,,,http_data_plane,,,,,4329
server,peer_replication_get_delta,completed,1788428889278520,178842684286994605,178842683956185205,22,,1788428889277989,1788428889277993,1788428889278520,,,"delta_len=65,sent_us=1788428889260319",,,,,527
server,peer_replication_get_delta,completed,1788428889427373,178842684286994605,178842684286993605,22,,1788428889427209,1788428889427214,1788428889427373,,,"delta_len=26,sent_us=1788428889426106",,,,,159
server,membership_directory_read,completed,1788428889557717,178842684286994605,,,,,1788428889502965,1788428889557717,,,poll:176 descriptors,,,,,54752
server,client_mutation,completed,1788428889727219,178842684286994605,,,,1788428889725863,1788428889725863,1788428889727219,,,http_data_plane,,,,,1356
server,peer_replication_pull_request,sent,1788428889977293,178842684286994605,,,,,,,,,connected_peers=21,,,,,
server,peer_replication_get_delta,completed,1788428890099290,178842684286994605,178842684426432102,22,,1788428890098983,1788428890098989,1788428890099290,,,"delta_len=76,sent_us=1788428890086801",,,,,301
server,client_mutation,completed,1788428890239986,178842684286994605,,,,1788428890228598,1788428890228598,1788428890239986,,,http_data_plane,,,,,11388
server,peer_replication_get_delta,completed,1788428890268052,178842684286994605,178842684114093203,22,,1788428890267918,1788428890267926,1788428890268052,,,"delta_len=5,sent_us=1788428890252869",,,,,126
server,client_mutation,completed,1788428890727948,178842684286994605,,,,1788428890725960,1788428890725960,1788428890727948,,,http_data_plane,,,,,1988
server,peer_replication_get_delta,completed,1788428890925886,178842684286994605,178842684286996604,22,,1788428890925741,1788428890925746,1788428890925886,,,"delta_len=13,sent_us=1788428890924825",,,,,140
server,peer_replication_pull_request,sent,1788428890977315,178842684286994605,,,,,,,,,connected_peers=21,,,,,
server,peer_replication_merge_delta,completed,1788428891032430,178842684286994605,,22,,1788428891016865,1788428891032280,1788428891032430,,,"delta_len=180,sent_us=1788428890996217",,,,,150
server,client_mutation,completed,1788428891226969,178842684286994605,,,,1788428891225721,1788428891225721,1788428891226969,,,http_data_plane,,,,,1248
server,peer_replication_get_delta,completed,1788428891268396,178842684286994605,178842684114093203,22,,1788428891268166,1788428891268172,1788428891268396,,,"delta_len=33,sent_us=1788428891252913",,,,,224
server,peer_replication_get_delta,completed,1788428891283565,178842684286994605,178842683956185205,22,,1788428891278547,1788428891278551,1788428891283565,,,"delta_len=41,sent_us=1788428891260979",,,,,5014
server,peer_replication_get_delta,completed,1788428891428466,178842684286994605,178842683956182204,22,,1788428891428339,1788428891428345,1788428891428466,,,"delta_len=5,sent_us=1788428891408777",,,,,121
server,client_mutation,completed,1788428891726842,178842684286994605,,,,1788428891725636,1788428891725636,1788428891726842,,,http_data_plane,,,,,1206
server,peer_replication_pull_request,sent,1788428891977835,178842684286994605,,,,,,,,,connected_peers=21,,,,,
server,peer_replication_merge_delta,completed,1788428891988042,178842684286994605,,22,,1788428891981217,1788428891987983,1788428891988042,,,"delta_len=81,sent_us=1788428891979684",,,,,59
server,peer_replication_get_delta,completed,1788428892078228,178842684286994605,178842683956184202,22,,1788428892078068,1788428892078075,1788428892078228,,,"delta_len=75,sent_us=1788428892061347",,,,,153
server,client_mutation,completed,1788428892226839,178842684286994605,,,,1788428892225593,1788428892225593,1788428892226839,,,http_data_plane,,,,,1246
server,peer_replication_get_delta,completed,1788428892398196,178842684286994605,178842684114090205,22,,1788428892398038,1788428892398043,1788428892398196,,,"delta_len=90,sent_us=1788428892383037",,,,,153
server,peer_replication_get_delta,completed,1788428892429121,178842684286994605,178842683956182204,22,,1788428892428974,1788428892428979,1788428892429121,,,"delta_len=83,sent_us=1788428892409492",,,,,142
server,peer_replication_get_delta,completed,1788428892578353,178842684286994605,178842683956183203,22,,1788428892578200,1788428892578204,1788428892578353,,,"delta_len=64,sent_us=1788428892560675",,,,,149
server,client_mutation,completed,1788428892727079,178842684286994605,,,,1788428892725699,1788428892725699,1788428892727079,,,http_data_plane,,,,,1380
server,peer_replication_pull_request,sent,1788428892977038,178842684286994605,,,,,,,,,connected_peers=21,,,,,
server,peer_replication_get_delta,completed,1788428893077752,178842684286994605,178842683956184202,22,,1788428893077608,1788428893077613,1788428893077752,,,"delta_len=2,sent_us=1788428893060671",,,,,139
server,client_mutation,completed,1788428893226803,178842684286994605,,,,1788428893225619,1788428893225619,1788428893226803,,,http_data_plane,,,,,1184
server,client_mutation,completed,1788428893727131,178842684286994605,,,,1788428893725617,1788428893725617,1788428893727131,,,http_data_plane,,,,,1514
server,peer_replication_pull_request,sent,1788428893977220,178842684286994605,,,,,,,,,connected_peers=21,,,,,
server,peer_replication_merge_delta,completed,1788428894023550,178842684286994605,,22,,1788428894015532,1788428894023327,1788428894023550,,,"delta_len=90,sent_us=1788428893995123",,,,,223
server,client_mutation,completed,1788428894226764,178842684286994605,,,,1788428894225708,1788428894225708,1788428894226764,,,http_data_plane,,,,,1056
server,membership_directory_read,completed,1788428894559043,178842684286994605,,,,,1788428894503882,1788428894559043,,,poll:176 descriptors,,,,,55161
server,client_mutation,completed,1788428894726807,178842684286994605,,,,1788428894725570,1788428894725570,1788428894726807,,,http_data_plane,,,,,1237
server,peer_replication_get_delta,completed,1788428894926055,178842684286994605,178842684286996604,22,,1788428894925911,1788428894925916,1788428894926055,,,"delta_len=122,sent_us=1788428894924990",,,,,139
server,peer_replication_pull_request,sent,1788428894977399,178842684286994605,,,,,,,,,connected_peers=21,,,,,
server,peer_replication_get_delta,completed,1788428895098916,178842684286994605,178842684426432102,22,,1788428895098749,1788428895098754,1788428895098916,,,"delta_len=47,sent_us=1788428895086988",,,,,162
server,client_mutation,completed,1788428895226800,178842684286994605,,,,1788428895225615,1788428895225615,1788428895226800,,,http_data_plane,,,,,1185
server,client_mutation,completed,1788428895726714,178842684286994605,,,,1788428895725589,1788428895725589,1788428895726714,,,http_data_plane,,,,,1125
server,peer_replication_get_delta,completed,1788428895926184,178842684286994605,178842684286996604,22,,1788428895926045,1788428895926049,1788428895926184,,,"delta_len=2,sent_us=1788428895924932",,,,,135
server,peer_replication_pull_request,sent,1788428895977513,178842684286994605,,,,,,,,,connected_peers=21,,,,,
server,client_mutation,completed,1788428896227897,178842684286994605,,,,1788428896225574,1788428896225574,1788428896227897,,,http_data_plane,,,,,2323
server,peer_replication_get_delta,completed,1788428896359356,178842684286994605,178842684286997603,22,,1788428896359211,1788428896359222,1788428896359356,,,"delta_len=50,sent_us=1788428896358436",,,,,134
server,client_mutation,completed,1788428896726719,178842684286994605,,,,1788428896725584,1788428896725584,1788428896726719,,,http_data_plane,,,,,1135
server,peer_replication_get_delta,completed,1788428896764336,178842684286994605,178842684114094202,22,,1788428896764139,1788428896764143,1788428896764336,,,"delta_len=9,sent_us=1788428896749092",,,,,193
server,peer_replication_pull_request,sent,1788428896977329,178842684286994605,,,,,,,,,connected_peers=21,,,,,
server,peer_replication_get_delta,completed,1788428896985945,178842684286994605,178842684114092204,22,,1788428896985817,1788428896985822,1788428896985945,,,"delta_len=9,sent_us=1788428896970383",,,,,123
server,peer_replication_merge_delta,completed,1788428897018580,178842684286994605,,22,,1788428897006705,1788428897018477,1788428897018580,,,"delta_len=142,sent_us=1788428896991426",,,,,103
server,client_mutation,completed,1788428897226833,178842684286994605,,,,1788428897225565,1788428897225565,1788428897226833,,,http_data_plane,,,,,1268
server,client_mutation,completed,1788428897726802,178842684286994605,,,,1788428897725654,1788428897725654,1788428897726802,,,http_data_plane,,,,,1148
server,peer_replication_pull_request,sent,1788428897977883,178842684286994605,,,,,,,,,connected_peers=21,,,,,
server,peer_replication_merge_delta,completed,1788428898010866,178842684286994605,,22,,1788428898003885,1788428898010803,1788428898010866,,,"delta_len=57,sent_us=1788428897996541",,,,,63
server,peer_replication_get_delta,completed,1788428898098675,178842684286994605,178842684426432102,22,,1788428898098498,1788428898098502,1788428898098675,,,"delta_len=93,sent_us=1788428898086889",,,,,173
server,peer_replication_get_delta,completed,1788428898176710,178842684286994605,178842683849156802,22,,1788428898176567,1788428898176571,1788428898176710,,,"delta_len=64,sent_us=1788428898134343",,,,,139
server,client_mutation,completed,1788428898227990,178842684286994605,,,,1788428898226839,1788428898226839,1788428898227990,,,http_data_plane,,,,,1151
server,client_mutation,completed,1788428898727002,178842684286994605,,,,1788428898725633,1788428898725633,1788428898727002,,,http_data_plane,,,,,1369
server,client_mutation,completed,1788428899226729,178842684286994605,,,,1788428899225569,1788428899225569,1788428899226729,,,http_data_plane,,,,,1160
server,peer_replication_get_delta,completed,1788428899358878,178842684286994605,178842684286997603,22,,1788428899358697,1788428899358702,1788428899358878,,,"delta_len=193,sent_us=1788428899358097",,,,,176
server,membership_directory_read,completed,1788428899555870,178842684286994605,,,,,1788428899503362,1788428899555870,,,poll:176 descriptors,,,,,52508
server,client_mutation,completed,1788428899726847,178842684286994605,,,,1788428899725617,1788428899725617,1788428899726847,,,http_data_plane,,,,,1230
server,peer_replication_pull_request,sent,1788428899977934,178842684286994605,,,,,,,,,connected_peers=20,,,,,
server,peer_replication_merge_delta,completed,1788428900006111,178842684286994605,,22,,1788428899997748,1788428900006032,1788428900006111,,,"delta_len=86,sent_us=1788428899992181",,,,,79
server,client_mutation,completed,1788428900227393,178842684286994605,,,,1788428900226049,1788428900226049,1788428900227393,,,http_data_plane,,,,,1344
server,client_mutation,completed,1788428900726903,178842684286994605,,,,1788428900725788,1788428900725788,1788428900726903,,,http_data_plane,,,,,1115
server,peer_replication_get_delta,completed,1788428900763630,178842684286994605,178842684114094202,22,,1788428900763431,1788428900763443,1788428900763630,,,"delta_len=20,sent_us=1788428900748423",,,,,187
server,peer_replication_pull_request,sent,1788428900977119,178842684286994605,,,,,,,,,connected_peers=20,,,,,
server,peer_replication_merge_delta,completed,1788428901041023,178842684286994605,,22,,1788428901037134,1788428901040989,1788428901041023,,,"delta_len=41,sent_us=1788428901023476",,,,,34
server,client_mutation,completed,1788428901226837,178842684286994605,,,,1788428901225575,1788428901225575,1788428901226837,,,http_data_plane,,,,,1262
server,peer_replication_get_delta,completed,1788428901358949,178842684286994605,178842684286997603,22,,1788428901358764,1788428901358768,1788428901358949,,,"delta_len=127,sent_us=1788428901358269",,,,,181
server,client_mutation,completed,1788428901726841,178842684286994605,,,,1788428901725681,1788428901725681,1788428901726841,,,http_data_plane,,,,,1160
server,peer_replication_get_delta,completed,1788428901764240,178842684286994605,178842684114094202,22,,1788428901764103,1788428901764108,1788428901764240,,,"delta_len=16,sent_us=1788428901748716",,,,,132
server,peer_replication_pull_request,sent,1788428901977779,178842684286994605,,,,,,,,,connected_peers=20,,,,,
server,peer_replication_merge_delta,completed,1788428902007246,178842684286994605,,22,,1788428902003380,1788428902007218,1788428902007246,,,"delta_len=33,sent_us=1788428901996472",,,,,28
server,client_mutation,completed,1788428902226905,178842684286994605,,,,1788428902225615,1788428902225615,1788428902226905,,,http_data_plane,,,,,1290
server,client_mutation,completed,1788428902726921,178842684286994605,,,,1788428902725615,1788428902725615,1788428902726921,,,http_data_plane,,,,,1306
server,peer_replication_get_delta,completed,1788428902926227,178842684286994605,178842684286996604,22,,1788428902926072,1788428902926077,1788428902926227,,,"delta_len=68,sent_us=1788428902925397",,,,,150
server,peer_replication_pull_request,sent,1788428902977476,178842684286994605,,,,,,,,,connected_peers=20,,,,,
server,peer_replication_merge_delta,completed,1788428902988879,178842684286994605,,22,,1788428902979231,1788428902988795,1788428902988879,,,"delta_len=107,sent_us=1788428902978379",,,,,84
server,peer_replication_get_delta,completed,1788428903098707,178842684286994605,178842684426432102,22,,1788428903098520,1788428903098524,1788428903098707,,,"delta_len=72,sent_us=1788428903086920",,,,,183
server,client_mutation,completed,1788428903226845,178842684286994605,,,,1788428903225584,1788428903225584,1788428903226845,,,http_data_plane,,,,,1261
server,peer_replication_get_delta,completed,1788428903358782,178842684286994605,178842684286997603,22,,1788428903358635,1788428903358640,1788428903358782,,,"delta_len=21,sent_us=1788428903357923",,,,,142
server,peer_replication_get_delta,completed,1788428903428951,178842684286994605,178842683956182204,22,,1788428903428765,1788428903428771,1788428903428951,,,"delta_len=147,sent_us=1788428903409330",,,,,180
server,client_mutation,completed,1788428903726971,178842684286994605,,,,1788428903725637,1788428903725637,1788428903726971,,,http_data_plane,,,,,1334
server,peer_replication_pull_request,sent,1788428903977119,178842684286994605,,,,,,,,,connected_peers=20,,,,,
server,peer_replication_merge_delta,completed,1788428903983685,178842684286994605,,22,,1788428903979181,1788428903983649,1788428903983685,,,"delta_len=46,sent_us=1788428903978155",,,,,36
server,client_mutation,completed,1788428904227868,178842684286994605,,,,1788428904226655,1788428904226655,1788428904227868,,,http_data_plane,,,,,1213
server,peer_replication_get_delta,completed,1788428904398666,178842684286994605,178842684114090205,22,,1788428904398514,1788428904398518,1788428904398666,,,"delta_len=129,sent_us=1788428904383445",,,,,148
server,membership_directory_read,completed,1788428904557479,178842684286994605,,,,,1788428904503029,1788428904557479,,,poll:176 descriptors,,,,,54450
server,client_mutation,completed,1788428904726699,178842684286994605,,,,1788428904725597,1788428904725597,1788428904726699,,,http_data_plane,,,,,1102
server,peer_replication_get_delta,completed,1788428904836533,178842684286994605,178842683849158805,22,,1788428904836377,1788428904836383,1788428904836533,,,"delta_len=130,sent_us=1788428904794118",,,,,150
server,peer_replication_pull_request,sent,1788428904976962,178842684286994605,,,,,,,,,connected_peers=20,,,,,
server,peer_replication_merge_delta,completed,1788428905008376,178842684286994605,,22,,1788428905002919,1788428905008325,1788428905008376,,,"delta_len=56,sent_us=1788428904995729",,,,,51
server,client_mutation,completed,1788428905226652,178842684286994605,,,,1788428905225571,1788428905225571,1788428905226652,,,http_data_plane,,,,,1081
server,peer_replication_get_delta,completed,1788428905578679,178842684286994605,178842683956183203,22,,1788428905578548,1788428905578553,1788428905578679,,,"delta_len=5,sent_us=1788428905561137",,,,,126
server,client_mutation,completed,1788428905726747,178842684286994605,,,,1788428905725640,1788428905725640,1788428905726747,,,http_data_plane,,,,,1107
server,peer_replication_pull_request,sent,1788428905977590,178842684286994605,,,,,,,,,connected_peers=20,,,,,
server,peer_replication_merge_delta,completed,1788428906000400,178842684286994605,,22,,1788428905994178,1788428906000353,1788428906000400,,,"delta_len=62,sent_us=1788428905990460",,,,,47
server,peer_replication_get_delta,completed,1788428906077854,178842684286994605,178842683956184202,22,,1788428906077720,1788428906077725,1788428906077854,,,"delta_len=68,sent_us=1788428906060875",,,,,129
server,peer_replication_get_delta,completed,1788428906098439,178842684286994605,178842684426432102,22,,1788428906098301,1788428906098307,1788428906098439,,,"delta_len=80,sent_us=1788428906086656",,,,,132
server,client_mutation,completed,1788428906226596,178842684286994605,,,,1788428906225472,1788428906225472,1788428906226596,,,http_data_plane,,,,,1124
server,client_mutation,completed,1788428906726522,178842684286994605,,,,1788428906725560,1788428906725561,1788428906726522,,,http_data_plane,,,,,961
server,peer_replication_get_delta,completed,1788428906893024,178842684286994605,178842683849157805,22,,1788428906892825,1788428906892829,1788428906893024,,,"delta_len=72,sent_us=1788428906850324",,,,,195
server,peer_replication_pull_request,sent,1788428906977412,178842684286994605,,,,,,,,,connected_peers=20,,,,,
server,peer_replication_merge_delta,completed,1788428907006245,178842684286994605,,22,,1788428906998447,1788428907006136,1788428907006245,,,"delta_len=69,sent_us=1788428906992206",,,,,109
server,client_mutation,completed,1788428907226778,178842684286994605,,,,1788428907225564,1788428907225564,1788428907226778,,,http_data_plane,,,,,1214
server,peer_replication_get_delta,completed,1788428907358774,178842684286994605,178842684286997603,22,,1788428907358620,1788428907358625,1788428907358774,,,"delta_len=100,sent_us=1788428907358121",,,,,149
server,peer_replication_get_delta,completed,1788428907428323,178842684286994605,178842683956182204,22,,1788428907428157,1788428907428162,1788428907428323,,,"delta_len=122,sent_us=1788428907408799",,,,,161
server,peer_replication_get_delta,completed,1788428907681724,178842684286994605,178842684114091205,22,,1788428907681578,1788428907681583,1788428907681724,,,"delta_len=86,sent_us=1788428907666137",,,,,141
server,client_mutation,completed,1788428907726629,178842684286994605,,,,1788428907725572,1788428907725572,1788428907726629,,,http_data_plane,,,,,1057
server,client_mutation,completed,1788428908226743,178842684286994605,,,,1788428908225549,1788428908225550,1788428908226743,,,http_data_plane,,,,,1193
server,peer_replication_get_delta,completed,1788428908578332,178842684286994605,178842683956183203,22,,1788428908578190,1788428908578195,1788428908578332,,,"delta_len=87,sent_us=1788428908560817",,,,,137
server,client_mutation,completed,1788428908727242,178842684286994605,,,,1788428908725551,1788428908725552,1788428908727242,,,http_data_plane,,,,,1690
server,peer_replication_get_delta,completed,1788428908835920,178842684286994605,178842683849158805,22,,1788428908835776,1788428908835780,1788428908835920,,,"delta_len=76,sent_us=1788428908793935",,,,,140
server,peer_replication_get_delta,completed,1788428908926359,178842684286994605,178842684286996604,22,,1788428908926203,1788428908926207,1788428908926359,,,"delta_len=103,sent_us=1788428908925065",,,,,152
server,peer_replication_pull_request,sent,1788428908977742,178842684286994605,,,,,,,,,connected_peers=19,,,,,
server,peer_replication_merge_delta,completed,1788428909010151,178842684286994605,,22,,1788428909003779,1788428909010097,1788428909010151,,,"delta_len=83,sent_us=1788428908996746",,,,,54
server,peer_replication_get_delta,completed,1788428909077314,178842684286994605,178842683956184202,22,,1788428909077183,1788428909077188,1788428909077314,,,"delta_len=24,sent_us=1788428909060409",,,,,126
server,client_mutation,completed,1788428909226920,178842684286994605,,,,1788428909225564,1788428909225564,1788428909226920,,,http_data_plane,,,,,1356
server,peer_replication_get_delta,completed,1788428909267690,178842684286994605,178842684114093203,22,,1788428909267535,1788428909267541,1788428909267690,,,"delta_len=50,sent_us=1788428909252494",,,,,149
server,peer_replication_get_delta,completed,1788428909398470,178842684286994605,178842684114090205,22,,1788428909398278,1788428909398283,1788428909398470,,,"delta_len=107,sent_us=1788428909383332",,,,,187
server,peer_replication_get_delta,completed,1788428909428340,178842684286994605,178842683956182204,22,,1788428909428210,1788428909428215,1788428909428340,,,"delta_len=4,sent_us=1788428909408822",,,,,125
server,membership_directory_read,completed,1788428909560467,178842684286994605,,,,,1788428909503842,1788428909560467,,,poll:176 descriptors,,,,,56625
server,client_mutation,completed,1788428909726715,178842684286994605,,,,1788428909725540,1788428909725541,1788428909726715,,,http_data_plane,,,,,1174
server,peer_replication_pull_request,sent,1788428909977191,178842684286994605,,,,,,,,,connected_peers=19,,,,,
server,peer_replication_get_delta,completed,1788428909986425,178842684286994605,178842684114092204,22,,1788428909986278,1788428909986286,1788428909986425,,,"delta_len=45,sent_us=1788428909970423",,,,,139
server,peer_replication_merge_delta,completed,1788428910001238,178842684286994605,,22,,1788428909996809,1788428910001178,1788428910001238,,,"delta_len=40,sent_us=1788428909991290",,,,,60
server,client_mutation,completed,1788428910226566,178842684286994605,,,,1788428910225590,1788428910225590,1788428910226566,,,http_data_plane,,,,,976
server,client_mutation,completed,1788428910726607,178842684286994605,,,,1788428910725564,1788428910725564,1788428910726607,,,http_data_plane,,,,,1043
server,peer_replication_pull_request,sent,1788428910977397,178842684286994605,,,,,,,,,connected_peers=19,,,,,
server,peer_replication_merge_delta,completed,1788428911000398,178842684286994605,,22,,1788428910997103,1788428911000368,1788428911000398,,,"delta_len=29,sent_us=1788428910991594",,,,,30
server,peer_replication_get_delta,completed,1788428911223898,178842684286994605,178842683956181205,22,,1788428911223753,1788428911223759,1788428911223898,,,"delta_len=53,sent_us=1788428911204724",,,,,139
server,client_mutation,completed,1788428911226690,178842684286994605,,,,1788428911225558,1788428911225558,1788428911226690,,,http_data_plane,,,,,1132
server,client_mutation,completed,1788428911726773,178842684286994605,,,,1788428911725582,1788428911725582,1788428911726773,,,http_data_plane,,,,,1191
server,peer_replication_pull_request,sent,1788428911977710,178842684286994605,,,,,,,,,connected_peers=19,,,,,
server,peer_replication_merge_delta,completed,1788428911983813,178842684286994605,,22,,1788428911979075,1788428911983761,1788428911983813,,,"delta_len=58,sent_us=1788428911978441",,,,,52
server,peer_replication_get_delta,completed,1788428912176710,178842684286994605,178842683849156802,22,,1788428912176545,1788428912176550,1788428912176710,,,"delta_len=100,sent_us=1788428912134525",,,,,160
server,client_mutation,completed,1788428912226660,178842684286994605,,,,1788428912225618,1788428912225618,1788428912226660,,,http_data_plane,,,,,1042
server,peer_replication_get_delta,completed,1788428912429134,178842684286994605,178842683956182204,22,,1788428912428974,1788428912428979,1788428912429134,,,"delta_len=46,sent_us=1788428912409081",,,,,155
server,client_mutation,completed,1788428912726732,178842684286994605,,,,1788428912725589,1788428912725589,1788428912726732,,,http_data_plane,,,,,1143
server,peer_replication_pull_request,sent,1788428912977693,178842684286994605,,,,,,,,,connected_peers=19,,,,,
server,peer_replication_merge_delta,completed,1788428913007077,178842684286994605,,22,,1788428913002172,1788428913007032,1788428913007077,,,"delta_len=45,sent_us=1788428912995675",,,,,45
server,peer_replication_get_delta,completed,1788428913098567,178842684286994605,178842684426432102,22,,1788428913098400,1788428913098414,1788428913098567,,,"delta_len=118,sent_us=1788428913086775",,,,,153
server,client_mutation,completed,1788428913226726,178842684286994605,,,,1788428913225601,1788428913225601,1788428913226726,,,http_data_plane,,,,,1125
server,peer_replication_get_delta,completed,1788428913278304,178842684286994605,178842683956185205,22,,1788428913278167,1788428913278172,1788428913278304,,,"delta_len=3,sent_us=1788428913260650",,,,,132
server,client_mutation,completed,1788428913726736,178842684286994605,,,,1788428913725557,1788428913725557,1788428913726736,,,http_data_plane,,,,,1179
server,peer_replication_pull_request,sent,1788428913977852,178842684286994605,,,,,,,,,connected_peers=19,,,,,
server,peer_replication_merge_delta,completed,1788428914005542,178842684286994605,,22,,1788428914000737,1788428914005510,1788428914005542,,,"delta_len=38,sent_us=1788428913995020",,,,,32
server,peer_replication_get_delta,completed,1788428914077740,178842684286994605,178842683956184202,22,,1788428914077596,1788428914077601,1788428914077740,,,"delta_len=37,sent_us=1788428914060860",,,,,139
server,client_mutation,completed,1788428914227465,178842684286994605,,,,1788428914226237,1788428914226237,1788428914227465,,,http_data_plane,,,,,1228
server,membership_directory_read,completed,1788428914559145,178842684286994605,,,,,1788428914503586,1788428914559145,,,poll:176 descriptors,,,,,55559
server,peer_replication_get_delta,completed,1788428914578357,178842684286994605,178842683956183203,22,,1788428914578212,1788428914578217,1788428914578357,,,"delta_len=24,sent_us=1788428914560603",,,,,140
server,client_mutation,completed,1788428914728057,178842684286994605,,,,1788428914725777,1788428914725777,1788428914728057,,,http_data_plane,,,,,2280
server,peer_replication_get_delta,completed,1788428914837290,178842684286994605,178842683849158805,22,,1788428914837158,1788428914837163,1788428914837290,,,"delta_len=18,sent_us=1788428914794194",,,,,127
server,peer_replication_pull_request,sent,1788428914977805,178842684286994605,,,,,,,,,connected_peers=19,,,,,
server,peer_replication_merge_delta,completed,1788428915001488,178842684286994605,,22,,1788428914997872,1788428915001445,1788428915001488,,,"delta_len=32,sent_us=1788428914992237",,,,,43
server,peer_replication_get_delta,completed,1788428915175142,178842684286994605,178842683849156802,22,,1788428915175001,1788428915175007,1788428915175142,,,"delta_len=49,sent_us=1788428915133007",,,,,135
server,client_mutation,completed,1788428915226707,178842684286994605,,,,1788428915225565,1788428915225565,1788428915226707,,,http_data_plane,,,,,1142
server,client_mutation,completed,1788428915726676,178842684286994605,,,,1788428915725566,1788428915725566,1788428915726676,,,http_data_plane,,,,,1110
server,peer_replication_pull_request,sent,1788428915977604,178842684286994605,,,,,,,,,connected_peers=19,,,,,
server,peer_replication_merge_delta,completed,1788428915982488,178842684286994605,,22,,1788428915979186,1788428915982467,1788428915982488,,,"delta_len=27,sent_us=1788428915978466",,,,,21
server,peer_replication_get_delta,completed,1788428916224518,178842684286994605,178842683956181205,22,,1788428916224382,1788428916224387,1788428916224518,,,"delta_len=47,sent_us=1788428916205266",,,,,131
server,client_mutation,completed,1788428916226434,178842684286994605,,,,1788428916225470,1788428916225470,1788428916226434,,,http_data_plane,,,,,964
server,peer_replication_get_delta,completed,1788428916267885,178842684286994605,178842684114093203,22,,1788428916267742,1788428916267746,1788428916267885,,,"delta_len=46,sent_us=1788428916252645",,,,,139
server,client_mutation,completed,1788428916726696,178842684286994605,,,,1788428916725593,1788428916725593,1788428916726696,,,http_data_plane,,,,,1103
server,peer_replication_pull_request,sent,1788428916977555,178842684286994605,,,,,,,,,connected_peers=19,,,,,
server,peer_replication_merge_delta,completed,1788428917009552,178842684286994605,,22,,1788428917003444,1788428917009524,1788428917009552,,,"delta_len=38,sent_us=1788428916996474",,,,,28
server,client_mutation,completed,1788428917226967,178842684286994605,,,,1788428917225586,1788428917225586,1788428917226967,,,http_data_plane,,,,,1381
server,peer_replication_get_delta,completed,1788428917682455,178842684286994605,178842684114091205,22,,1788428917681855,1788428917681861,1788428917682455,,,"delta_len=32,sent_us=1788428917665955",,,,,594
server,client_mutation,completed,1788428917727681,178842684286994605,,,,1788428917725561,1788428917725561,1788428917727681,,,http_data_plane,,,,,2120
server,peer_replication_pull_request,sent,1788428917977873,178842684286994605,,,,,,,,,connected_peers=19,,,,,
server,peer_replication_merge_delta,completed,1788428918019179,178842684286994605,,22,,1788428918016522,1788428918019172,1788428918019179,,,"delta_len=2,sent_us=1788428917996882",,,,,7
server,client_mutation,completed,1788428918227663,178842684286994605,,,,1788428918225638,1788428918225638,1788428918227663,,,http_data_plane,,,,,2025
server,peer_replication_get_delta,completed,1788428918267932,178842684286994605,178842684114093203,22,,1788428918267791,1788428918267796,1788428918267932,,,"delta_len=16,sent_us=1788428918252581",,,,,136
server,peer_replication_get_delta,completed,1788428918358590,178842684286994605,178842684286997603,22,,1788428918358451,1788428918358463,1788428918358590,,,"delta_len=21,sent_us=1788428918357873",,,,,127
server,peer_replication_get_delta,completed,1788428918578457,178842684286994605,178842683956183203,22,,1788428918578323,1788428918578328,1788428918578457,,,"delta_len=22,sent_us=1788428918560869",,,,,129
server,client_mutation,completed,1788428918727743,178842684286994605,,,,1788428918725631,1788428918725631,1788428918727743,,,http_data_plane,,,,,2112
server,peer_replication_get_delta,completed,1788428918894380,178842684286994605,178842683849157805,22,,1788428918894246,1788428918894250,1788428918894380,,,"delta_len=24,sent_us=1788428918852167",,,,,130
server,peer_replication_get_delta,completed,1788428918926201,178842684286994605,178842684286996604,22,,1788428918926069,1788428918926073,1788428918926201,,,"delta_len=6,sent_us=1788428918925459",,,,,128
server,peer_replication_pull_request,sent,1788428918977435,178842684286994605,,,,,,,,,connected_peers=19,,,,,
server,peer_replication_merge_delta,completed,1788428919043297,178842684286994605,,22,,1788428919037122,1788428919043243,1788428919043297,,,"delta_len=66,sent_us=1788428919022332",,,,,54
server,client_mutation,completed,1788428919227592,178842684286994605,,,,1788428919225589,1788428919225589,1788428919227592,,,http_data_plane,,,,,2003
server,membership_directory_read,completed,1788428919559743,178842684286994605,,,,,1788428919504072,1788428919559743,,,poll:176 descriptors,,,,,55671
server,client_mutation,completed,1788428919727764,178842684286994605,,,,1788428919725612,1788428919725612,1788428919727764,,,http_data_plane,,,,,2152
server,peer_replication_get_delta,completed,1788428919925471,178842684286994605,178842684286996604,22,,1788428919925325,1788428919925329,1788428919925471,,,"delta_len=56,sent_us=1788428919924756",,,,,142
server,peer_replication_pull_request,sent,1788428919977867,178842684286994605,,,,,,,,,connected_peers=19,,,,,
server,peer_replication_merge_delta,completed,1788428920003873,178842684286994605,,22,,1788428919997900,1788428920003841,1788428920003873,,,"delta_len=44,sent_us=1788428919992230",,,,,32
server,client_mutation,completed,1788428920227723,178842684286994605,,,,1788428920225726,1788428920225726,1788428920227723,,,http_data_plane,,,,,1997
server,client_mutation,completed,1788428920727888,178842684286994605,,,,1788428920725590,1788428920725590,1788428920727888,,,http_data_plane,,,,,2298
server,peer_replication_pull_request,sent,1788428920978046,178842684286994605,,,,,,,,,connected_peers=19,,,,,
server,peer_replication_merge_delta,completed,1788428921050827,178842684286994605,,22,,1788428921044072,1788428921050791,1788428921050827,,,"delta_len=45,sent_us=1788428921025423",,,,,36
server,client_mutation,completed,1788428921227866,178842684286994605,,,,1788428921225585,1788428921225585,1788428921227866,,,http_data_plane,,,,,2281
server,client_mutation,completed,1788428921728047,178842684286994605,,,,1788428921725782,1788428921725783,1788428921728047,,,http_data_plane,,,,,2264
server,peer_replication_get_delta,completed,1788428921764983,178842684286994605,178842684114094202,22,,1788428921764617,1788428921764761,1788428921764983,,,"delta_len=51,sent_us=1788428921749305",,,,,222
server,peer_replication_get_delta,completed,1788428921926498,178842684286994605,178842684286996604,22,,1788428921926344,1788428921926349,1788428921926498,,,"delta_len=63,sent_us=1788428921925324",,,,,149
server,peer_replication_pull_request,sent,1788428921977909,178842684286994605,,,,,,,,,connected_peers=19,,,,,
server,peer_replication_merge_delta,completed,1788428922022744,178842684286994605,,22,,1788428922009611,1788428922022599,1788428922022744,,,"delta_len=130,sent_us=1788428921993164",,,,,145
server,peer_replication_get_delta,completed,1788428922098673,178842684286994605,178842684426432102,22,,1788428922098533,1788428922098538,1788428922098673,,,"delta_len=70,sent_us=1788428922086752",,,,,135
server,peer_replication_get_delta,completed,1788428922180702,178842684286994605,178842683849156802,22,,1788428922180354,1788428922180360,1788428922180702,,,"delta_len=143,sent_us=1788428922133927",,,,,342
server,client_mutation,completed,1788428922229338,178842684286994605,,,,1788428922226097,1788428922226097,1788428922229338,,,http_data_plane,,,,,3241
server,client_mutation,completed,1788428922729081,178842684286994605,,,,1788428922725609,1788428922725609,1788428922729081,,,http_data_plane,,,,,3472
server,peer_replication_get_delta,completed,1788428922925619,178842684286994605,178842684286996604,22,,1788428922925468,1788428922925474,1788428922925619,,,"delta_len=9,sent_us=1788428922924950",,,,,145
server,peer_replication_pull_request,sent,1788428922977205,178842684286994605,,,,,,,,,connected_peers=19,,,,,
server,peer_replication_merge_delta,completed,1788428923010042,178842684286994605,,22,,1788428923002623,1788428923009982,1788428923010042,,,"delta_len=61,sent_us=1788428922996642",,,,,60
server,peer_replication_get_delta,completed,1788428923098472,178842684286994605,178842684426432102,22,,1788428923098331,1788428923098337,1788428923098472,,,"delta_len=63,sent_us=1788428923086716",,,,,135
server,client_mutation,completed,1788428923228267,178842684286994605,,,,1788428923225587,1788428923225587,1788428923228267,,,http_data_plane,,,,,2680
server,peer_replication_get_delta,completed,1788428923278559,178842684286994605,178842683956185205,22,,1788428923278396,1788428923278401,1788428923278559,,,"delta_len=199,sent_us=1788428923260974",,,,,158
server,client_mutation,completed,1788428923727891,178842684286994605,,,,1788428923725578,1788428923725578,1788428923727891,,,http_data_plane,,,,,2313
server,peer_replication_pull_request,sent,1788428923977833,178842684286994605,,,,,,,,,connected_peers=19,,,,,
server,peer_replication_merge_delta,completed,1788428923987220,178842684286994605,,22,,1788428923979373,1788428923987158,1788428923987220,,,"delta_len=83,sent_us=1788428923978666",,,,,62
server,client_mutation,completed,1788428924228025,178842684286994605,,,,1788428924225569,1788428924225569,1788428924228025,,,http_data_plane,,,,,2456
server,membership_directory_read,completed,1788428924551970,178842684286994605,,,,,1788428924502971,1788428924551970,,,poll:176 descriptors,,,,,48999
server,client_mutation,completed,1788428924727902,178842684286994605,,,,1788428924725598,1788428924725598,1788428924727902,,,http_data_plane,,,,,2304
server,peer_replication_pull_request,sent,1788428924977828,178842684286994605,,,,,,,,,connected_peers=19,,,,,
server,peer_replication_merge_delta,completed,1788428925011388,178842684286994605,,22,,1788428925001556,1788428925010938,1788428925011388,,,"delta_len=28,sent_us=1788428924995537",,,,,450
server,client_mutation,completed,1788428925229121,178842684286994605,,,,1788428925225866,1788428925225866,1788428925229121,,,http_data_plane,,,,,3255
server,client_mutation,completed,1788428925728731,178842684286994605,,,,1788428925726499,1788428925726499,1788428925728731,,,http_data_plane,,,,,2232
server,peer_replication_pull_request,sent,1788428925977904,178842684286994605,,,,,,,,,connected_peers=19,,,,,
server,peer_replication_merge_delta,completed,1788428926014510,178842684286994605,,22,,1788428926006458,1788428926014461,1788428926014510,,,"delta_len=51,sent_us=1788428925999306",,,,,49
server,peer_replication_get_delta,completed,1788428926099291,178842684286994605,178842684426432102,22,,1788428926098730,1788428926098736,1788428926099291,,,"delta_len=85,sent_us=1788428926086760",,,,,555
server,client_mutation,completed,1788428926228479,178842684286994605,,,,1788428926225651,1788428926225651,1788428926228479,,,http_data_plane,,,,,2828
server,client_mutation,completed,1788428926728404,178842684286994605,,,,1788428926726091,1788428926726091,1788428926728404,,,http_data_plane,,,,,2313
server,peer_replication_get_delta,completed,1788428926766930,178842684286994605,178842684114094202,22,,1788428926766489,1788428926766496,1788428926766930,,,"delta_len=64,sent_us=1788428926748330",,,,,434
server,peer_replication_get_delta,completed,1788428926848875,178842684286994605,178842683849158805,22,,1788428926848585,1788428926848591,1788428926848875,,,"delta_len=48,sent_us=1788428926804687",,,,,284
server,peer_replication_get_delta,completed,1788428926891744,178842684286994605,178842683849157805,22,,1788428926891600,1788428926891605,1788428926891744,,,"delta_len=73,sent_us=1788428926849045",,,,,139
server,peer_replication_pull_request,sent,1788428926977164,178842684286994605,,,,,,,,,connected_peers=19,,,,,
server,peer_replication_merge_delta,completed,1788428927013635,178842684286994605,,22,,1788428927007661,1788428927013602,1788428927013635,,,"delta_len=35,sent_us=1788428926994986",,,,,33
server,peer_replication_get_delta,completed,1788428927078565,178842684286994605,178842683956184202,22,,1788428927078409,1788428927078415,1788428927078565,,,"delta_len=76,sent_us=1788428927060415",,,,,150
server,client_mutation,completed,1788428927227778,178842684286994605,,,,1788428927225579,1788428927225579,1788428927227778,,,http_data_plane,,,,,2199
server,client_mutation,completed,1788428927728573,178842684286994605,,,,1788428927726216,1788428927726216,1788428927728573,,,http_data_plane,,,,,2357
server,peer_replication_pull_request,sent,1788428927977731,178842684286994605,,,,,,,,,connected_peers=19,,,,,
server,peer_replication_merge_delta,completed,1788428928008503,178842684286994605,,22,,1788428927998139,1788428928008441,1788428928008503,,,"delta_len=77,sent_us=1788428927992258",,,,,62
server,client_mutation,completed,1788428928230108,178842684286994605,,,,1788428928226652,1788428928226652,1788428928230108,,,http_data_plane,,,,,3456
server,client_mutation,completed,1788428928729295,178842684286994605,,,,1788428928726665,1788428928726666,1788428928729295,,,http_data_plane,,,,,2629
server,peer_replication_pull_request,sent,1788428928977326,178842684286994605,,,,,,,,,connected_peers=19,,,,,
server,peer_replication_merge_delta,completed,1788428929044874,178842684286994605,,22,,1788428929038255,1788428929044842,1788428929044874,,,"delta_len=32,sent_us=1788428929024488",,,,,32
server,peer_replication_get_delta,completed,1788428929078116,178842684286994605,178842683956184202,22,,1788428929077675,1788428929077681,1788428929078116,,,"delta_len=46,sent_us=1788428929060890",,,,,435
server,client_mutation,completed,1788428929229525,178842684286994605,,,,1788428929225590,1788428929225590,1788428929229525,,,http_data_plane,,,,,3935
server,peer_replication_get_delta,completed,1788428929271099,178842684286994605,178842684114093203,22,,1788428929270672,1788428929270728,1788428929271099,,,"delta_len=33,sent_us=1788428929252381",,,,,371
server,membership_directory_read,completed,1788428929556959,178842684286994605,,,,,1788428929503695,1788428929556959,,,poll:176 descriptors,,,,,53264
server,client_mutation,completed,1788428929728739,178842684286994605,,,,1788428929726595,1788428929726595,1788428929728739,,,http_data_plane,,,,,2144
server,peer_replication_pull_request,sent,1788428929977950,178842684286994605,,,,,,,,,connected_peers=19,,,,,
server,peer_replication_merge_delta,completed,1788428930005557,178842684286994605,,22,,1788428929998206,1788428930005529,1788428930005557,,,"delta_len=29,sent_us=1788428929992318",,,,,28
server,peer_replication_get_delta,completed,1788428930099092,178842684286994605,178842684426432102,22,,1788428930098853,1788428930098859,1788428930099092,,,"delta_len=69,sent_us=1788428930087036",,,,,233
server,client_mutation,completed,1788428930227974,178842684286994605,,,,1788428930225783,1788428930225783,1788428930227974,,,http_data_plane,,,,,2191
server,peer_replication_get_delta,completed,1788428930426109,178842684286994605,178842684286993605,22,,1788428930425981,1788428930425986,1788428930426109,,,"delta_len=33,sent_us=1788428930425431",,,,,123
server,client_mutation,completed,1788428930727831,178842684286994605,,,,1788428930725629,1788428930725629,1788428930727831,,,http_data_plane,,,,,2202
server,peer_replication_get_delta,completed,1788428930837419,178842684286994605,178842683849158805,22,,1788428930837170,1788428930837175,1788428930837419,,,"delta_len=24,sent_us=1788428930794478",,,,,244
server,peer_replication_pull_request,sent,1788428930977169,178842684286994605,,,,,,,,,connected_peers=19,,,,,
server,peer_replication_get_delta,completed,1788428930986382,178842684286994605,178842684114092204,22,,1788428930985915,1788428930985919,1788428930986382,,,"delta_len=18,sent_us=1788428930970268",,,,,463
server,peer_replication_get_delta,completed,1788428931079036,178842684286994605,178842683956184202,22,,1788428931078819,1788428931078824,1788428931079036,,,"delta_len=19,sent_us=1788428931061342",,,,,212
server,client_mutation,completed,1788428931228148,178842684286994605,,,,1788428931225984,1788428931225984,1788428931228148,,,http_data_plane,,,,,2164
server,peer_replication_get_delta,completed,1788428931268667,178842684286994605,178842684114093203,22,,1788428931268390,1788428931268395,1788428931268667,,,"delta_len=21,sent_us=1788428931252987",,,,,272
server,peer_replication_get_delta,completed,1788428931681280,178842684286994605,178842684114091205,22,,1788428931681131,1788428931681137,1788428931681280,,,"delta_len=4,sent_us=1788428931665623",,,,,143
server,client_mutation,completed,1788428931732529,178842684286994605,,,,1788428931725638,1788428931725638,1788428931732529,,,http_data_plane,,,,,6891
server,peer_replication_pull_request,sent,1788428931977625,178842684286994605,,,,,,,,,connected_peers=19,,,,,
server,peer_replication_merge_delta,completed,1788428931984759,178842684286994605,,22,,1788428931978975,1788428931984706,1788428931984759,,,"delta_len=57,sent_us=1788428931978330",,,,,53
server,peer_replication_get_delta,completed,1788428932077525,178842684286994605,178842683956184202,22,,1788428932077385,1788428932077390,1788428932077525,,,"delta_len=43,sent_us=1788428932060618",,,,,135
server,peer_replication_get_delta,completed,1788428932098825,178842684286994605,178842684426432102,22,,1788428932098678,1788428932098683,1788428932098825,,,"delta_len=48,sent_us=1788428932087060",,,,,142
server,client_mutation,completed,1788428932228025,178842684286994605,,,,1788428932225617,1788428932225617,1788428932228025,,,http_data_plane,,,,,2408
server,peer_replication_get_delta,completed,1788428932361310,178842684286994605,178842684286997603,22,,1788428932360393,1788428932360398,1788428932361310,,,"delta_len=61,sent_us=1788428932358927",,,,,912
server,client_mutation,completed,1788428932728317,178842684286994605,,,,1788428932725659,1788428932725659,1788428932728317,,,http_data_plane,,,,,2658
server,peer_replication_get_delta,completed,1788428932766502,178842684286994605,178842684114094202,22,,1788428932765981,1788428932765987,1788428932766502,,,"delta_len=20,sent_us=1788428932748877",,,,,515
server,peer_replication_pull_request,sent,1788428932977274,178842684286994605,,,,,,,,,connected_peers=19,,,,,
server,peer_replication_merge_delta,completed,1788428933011691,178842684286994605,,22,,1788428933007415,1788428933011677,1788428933011691,,,"delta_len=13,sent_us=1788428932991848",,,,,14
server,peer_replication_get_delta,completed,1788428933098616,178842684286994605,178842684426432102,22,,1788428933098477,1788428933098482,1788428933098616,,,"delta_len=15,sent_us=1788428933086794",,,,,134
server,client_mutation,completed,1788428933227980,178842684286994605,,,,1788428933225837,1788428933225838,1788428933227980,,,http_data_plane,,,,,2142
server,client_mutation,completed,1788428933728403,178842684286994605,,,,1788428933725551,1788428933725551,1788428933728403,,,http_data_plane,,,,,2852
server,client_mutation,completed,1788428934228987,178842684286994605,,,,1788428934226845,1788428934226846,1788428934228987,,,http_data_plane,,,,,2141
server,peer_replication_get_delta,completed,1788428934359465,178842684286994605,178842684286997603,22,,1788428934359331,1788428934359336,1788428934359465,,,"delta_len=10,sent_us=1788428934358326",,,,,129
server,membership_directory_read,completed,1788428934563852,178842684286994605,,,,,1788428934502968,1788428934563852,,,poll:176 descriptors,,,,,60884
server,client_mutation,completed,1788428934728518,178842684286994605,,,,1788428934726359,1788428934726359,1788428934728518,,,http_data_plane,,,,,2159
server,peer_replication_get_delta,completed,1788428934764592,178842684286994605,178842684114094202,22,,1788428934764072,1788428934764078,1788428934764592,,,"delta_len=4,sent_us=1788428934748507",,,,,514
server,peer_replication_get_delta,completed,1788428934926195,178842684286994605,178842684286996604,22,,1788428934925592,1788428934925597,1788428934926195,,,"delta_len=10,sent_us=1788428934924584",,,,,598
server,peer_replication_pull_request,sent,1788428934977510,178842684286994605,,,,,,,,,connected_peers=18,,,,,
server,peer_replication_merge_delta,completed,1788428935012078,178842684286994605,,22,,1788428935007615,1788428935012059,1788428935012078,,,"delta_len=18,sent_us=1788428934992146",,,,,19
server,client_mutation,completed,1788428935228356,178842684286994605,,,,1788428935226138,1788428935226139,1788428935228356,,,http_data_plane,,,,,2217
server,client_mutation,completed,1788428935729121,178842684286994605,,,,1788428935726483,1788428935726483,1788428935729121,,,http_data_plane,,,,,2638
server,peer_replication_pull_request,sent,1788428935977114,178842684286994605,,,,,,,,,connected_peers=18,,,,,
server,peer_replication_merge_delta,completed,1788428936022892,178842684286994605,,22,,1788428936012304,1788428936022774,1788428936022892,,,"delta_len=108,sent_us=1788428935994459",,,,,118
server,peer_replication_get_delta,completed,1788428936077596,178842684286994605,178842683956184202,22,,1788428936077449,1788428936077456,1788428936077596,,,"delta_len=25,sent_us=1788428936060683",,,,,140
server,peer_replication_get_delta,completed,1788428936224106,178842684286994605,178842683956181205,22,,1788428936223958,1788428936223964,1788428936224106,,,"delta_len=35,sent_us=1788428936204642",,,,,142
server,client_mutation,completed,1788428936229467,178842684286994605,,,,1788428936227100,1788428936227100,1788428936229467,,,http_data_plane,,,,,2367
server,client_mutation,completed,1788428936727947,178842684286994605,,,,1788428936725880,1788428936725880,1788428936727947,,,http_data_plane,,,,,2067
server,peer_replication_pull_request,sent,1788428936977912,178842684286994605,,,,,,,,,connected_peers=18,,,,,
server,peer_replication_merge_delta,completed,1788428936990221,178842684286994605,,22,,1788428936979814,1788428936990151,1788428936990221,,,"delta_len=92,sent_us=1788428936978717",,,,,70
server,peer_replication_get_delta,completed,1788428937099128,178842684286994605,178842684426432102,22,,1788428937098835,1788428937098840,1788428937099128,,,"delta_len=52,sent_us=1788428937087110",,,,,288
server,client_mutation,completed,1788428937228367,178842684286994605,,,,1788428937226497,1788428937226497,1788428937228367,,,http_data_plane,,,,,1870
server,peer_replication_get_delta,completed,1788428937428687,178842684286994605,178842683956182204,22,,1788428937428520,1788428937428526,1788428937428687,,,"delta_len=108,sent_us=1788428937409108",,,,,161
server,client_mutation,completed,1788428937727685,178842684286994605,,,,1788428937725564,1788428937725565,1788428937727685,,,http_data_plane,,,,,2120
server,peer_replication_get_delta,completed,1788428937837121,178842684286994605,178842683849158805,22,,1788428937836775,1788428937836780,1788428937837121,,,"delta_len=116,sent_us=1788428937794425",,,,,341
server,peer_replication_pull_request,sent,1788428937977495,178842684286994605,,,,,,,,,connected_peers=18,,,,,
server,peer_replication_merge_delta,completed,1788428938004390,178842684286994605,,22,,1788428937997396,1788428938004335,1788428938004390,,,"delta_len=57,sent_us=1788428937991696",,,,,55
server,peer_replication_get_delta,completed,1788428938098508,178842684286994605,178842684426432102,22,,1788428938098371,1788428938098376,1788428938098508,,,"delta_len=53,sent_us=1788428938086680",,,,,132
server,client_mutation,completed,1788428938227717,178842684286994605,,,,1788428938225732,1788428938225732,1788428938227717,,,http_data_plane,,,,,1985
server,peer_replication_get_delta,completed,1788428938398108,178842684286994605,178842684114090205,22,,1788428938397946,1788428938397951,1788428938398108,,,"delta_len=119,sent_us=1788428938382803",,,,,157
server,peer_replication_get_delta,completed,1788428938578845,178842684286994605,178842683956183203,22,,1788428938578694,1788428938578699,1788428938578845,,,"delta_len=130,sent_us=1788428938561281",,,,,146
server,client_mutation,completed,1788428938728345,178842684286994605,,,,1788428938725614,1788428938725614,1788428938728345,,,http_data_plane,,,,,2731
server,peer_replication_get_delta,completed,1788428938890898,178842684286994605,178842683849157805,22,,1788428938890764,1788428938890769,1788428938890898,,,"delta_len=56,sent_us=1788428938848719",,,,,129
server,peer_replication_pull_request,sent,1788428938977272,178842684286994605,,,,,,,,,connected_peers=18,,,,,
server,peer_replication_merge_delta,completed,1788428938984851,178842684286994605,,22,,1788428938978645,1788428938984807,1788428938984851,,,"delta_len=61,sent_us=1788428938978014",,,,,44
server,client_mutation,completed,1788428939227805,178842684286994605,,,,1788428939225574,1788428939225575,1788428939227805,,,http_data_plane,,,,,2230
server,peer_replication_connection,established,1788428939296107,178842684286994605,178842684426433105,,,,,,,,,,,,,
server,membership_directory_read,completed,1788428939558451,178842684286994605,,,,,1788428939503615,1788428939558451,,,poll:178 descriptors,,,,,54836
server,client_mutation,completed,1788428939727986,178842684286994605,,,,1788428939725606,1788428939725606,1788428939727986,,,http_data_plane,,,,,2380
server,peer_replication_pull_request,sent,1788428939977001,178842684286994605,,,,,,,,,connected_peers=19,,,,,
server,peer_replication_merge_delta,completed,1788428940051150,178842684286994605,,22,,1788428940027654,1788428940051119,1788428940051150,,,"delta_len=15,sent_us=1788428939995782",,,,,31
server,client_mutation,completed,1788428940227880,178842684286994605,,,,1788428940225730,1788428940225730,1788428940227880,,,http_data_plane,,,,,2150
server,peer_replication_get_delta,completed,1788428940297276,178842684286994605,178842684426433105,22,,1788428940297122,1788428940297127,1788428940297276,,,"delta_len=69,sent_us=1788428940285444",,,,,149
server,peer_replication_get_delta,completed,1788428940359093,178842684286994605,178842684286997603,22,,1788428940358939,1788428940358944,1788428940359093,,,"delta_len=118,sent_us=1788428940358362",,,,,149
server,peer_replication_connection,established,1788428940506168,178842684286994605,178842684426434105,,,,,,,,,,,,,
server,peer_replication_get_delta,completed,1788428940578972,178842684286994605,178842683956183203,22,,1788428940578804,1788428940578809,1788428940578972,,,"delta_len=33,sent_us=1788428940561394",,,,,163
server,client_mutation,completed,1788428940727759,178842684286994605,,,,1788428940725606,1788428940725606,1788428940727759,,,http_data_plane,,,,,2153
server,peer_replication_pull_request,sent,1788428940977685,178842684286994605,,,,,,,,,connected_peers=20,,,,,
server,peer_replication_merge_delta,completed,1788428941003030,178842684286994605,,22,,1788428940999450,1788428941003020,1788428941003030,,,"delta_len=5,sent_us=1788428940988579",,,,,10
server,client_mutation,completed,1788428941227877,178842684286994605,,,,1788428941225755,1788428941225755,1788428941227877,,,http_data_plane,,,,,2122
server,peer_replication_get_delta,completed,1788428941278751,178842684286994605,178842683956185205,22,,1788428941278613,1788428941278619,1788428941278751,,,"delta_len=30,sent_us=1788428941261044",,,,,132
server,peer_replication_get_delta,completed,1788428941428719,178842684286994605,178842683956182204,22,,1788428941428559,1788428941428565,1788428941428719,,,"delta_len=58,sent_us=1788428941409215",,,,,154
server,client_mutation,completed,1788428941727955,178842684286994605,,,,1788428941725582,1788428941725582,1788428941727955,,,http_data_plane,,,,,2373
server,peer_replication_connection,established,1788428941755138,178842684286994605,178842684426435105,,,,,,,,,,,,,
server,peer_replication_pull_request,sent,1788428941977569,178842684286994605,,,,,,,,,connected_peers=21,,,,,
server,peer_replication_merge_delta,completed,1788428941999705,178842684286994605,,22,,1788428941993970,1788428941999647,1788428941999705,,,"delta_len=44,sent_us=1788428941990294",,,,,58
server,peer_replication_get_delta,completed,1788428942224322,178842684286994605,178842683956181205,22,,1788428942224167,1788428942224173,1788428942224322,,,"delta_len=24,sent_us=1788428942205154",,,,,149
server,client_mutation,completed,1788428942228171,178842684286994605,,,,1788428942225681,1788428942225681,1788428942228171,,,http_data_plane,,,,,2490
server,peer_replication_get_delta,completed,1788428942268127,178842684286994605,178842684114093203,22,,1788428942267986,1788428942267993,1788428942268127,,,"delta_len=58,sent_us=1788428942252635",,,,,134
server,client_mutation,completed,1788428942727875,178842684286994605,,,,1788428942725900,1788428942725900,1788428942727875,,,http_data_plane,,,,,1975
server,peer_replication_pull_request,sent,1788428942977753,178842684286994605,,,,,,,,,connected_peers=21,,,,,
server,peer_replication_merge_delta,completed,1788428942983259,178842684286994605,,22,,1788428942979043,1788428942983234,1788428942983259,,,"delta_len=21,sent_us=1788428942978475",,,,,25
server,peer_replication_get_delta,completed,1788428943078245,178842684286994605,178842683956184202,22,,1788428943078093,1788428943078097,1788428943078245,,,"delta_len=22,sent_us=1788428943061360",,,,,148
server,client_mutation,completed,1788428943227959,178842684286994605,,,,1788428943225699,1788428943225699,1788428943227959,,,http_data_plane,,,,,2260
server,client_mutation,completed,1788428943728558,178842684286994605,,,,1788428943725729,1788428943725729,1788428943728558,,,http_data_plane,,,,,2829
server,peer_replication_pull_request,sent,1788428943977100,178842684286994605,,,,,,,,,connected_peers=21,,,,,
server,peer_replication_merge_delta,completed,1788428943994401,178842684286994605,,22,,1788428943978577,1788428943994118,1788428943994401,,,"delta_len=193,sent_us=1788428943977756",,,,,283
server,client_mutation,completed,1788428944227807,178842684286994605,,,,1788428944225635,1788428944225635,1788428944227807,,,http_data_plane,,,,,2172
server,peer_replication_get_delta,completed,1788428944397986,178842684286994605,178842684114090205,22,,1788428944397847,1788428944397852,1788428944397986,,,"delta_len=39,sent_us=1788428944382839",,,,,134
server,membership_directory_read,completed,1788428944554112,178842684286994605,,,,,1788428944503298,1788428944554112,,,poll:181 descriptors,,,,,50814
server,client_mutation,completed,1788428944727723,178842684286994605,,,,1788428944725542,1788428944725543,1788428944727723,,,http_data_plane,,,,,2180
server,peer_replication_get_delta,completed,1788428944835998,178842684286994605,178842683849158805,22,,1788428944835864,1788428944835868,1788428944835998,,,"delta_len=37,sent_us=1788428944793488",,,,,130
server,peer_replication_pull_request,sent,1788428944977430,178842684286994605,,,,,,,,,connected_peers=21,,,,,
server,peer_replication_merge_delta,completed,1788428945003687,178842684286994605,,22,,1788428944997161,1788428945003623,1788428945003687,,,"delta_len=63,sent_us=1788428944991574",,,,,64
server,client_mutation,completed,1788428945227791,178842684286994605,,,,1788428945225594,1788428945225594,1788428945227791,,,http_data_plane,,,,,2197
server,peer_replication_get_delta,completed,1788428945278595,178842684286994605,178842683956185205,22,,1788428945278430,1788428945278436,1788428945278595,,,"delta_len=181,sent_us=1788428945260899",,,,,159
server,peer_replication_get_delta,completed,1788428945358663,178842684286994605,178842684286997603,22,,1788428945358522,1788428945358527,1788428945358663,,,"delta_len=59,sent_us=1788428945357917",,,,,136
server,peer_replication_get_delta,completed,1788428945514820,178842684286994605,178842684426434105,22,,1788428945514670,1788428945514675,1788428945514820,,,"delta_len=97,sent_us=1788428945504127",,,,,145
server,client_mutation,completed,1788428945728030,178842684286994605,,,,1788428945725675,1788428945725675,1788428945728030,,,http_data_plane,,,,,2355
server,peer_replication_get_delta,completed,1788428945837166,178842684286994605,178842683849158805,22,,1788428945837023,1788428945837028,1788428945837166,,,"delta_len=32,sent_us=1788428945794966",,,,,138
server,peer_replication_pull_request,sent,1788428945977535,178842684286994605,,,,,,,,,connected_peers=21,,,,,
server,peer_replication_merge_delta,completed,1788428946045391,178842684286994605,,22,,1788428946036848,1788428946045334,1788428946045391,,,"delta_len=34,sent_us=1788428946022582",,,,,57
server,client_mutation,completed,1788428946227900,178842684286994605,,,,1788428946225600,1788428946225601,1788428946227900,,,http_data_plane,,,,,2299
server,client_mutation,completed,1788428946727946,178842684286994605,,,,1788428946725605,1788428946725605,1788428946727946,,,http_data_plane,,,,,2341
server,peer_replication_pull_request,sent,1788428946977913,178842684286994605,,,,,,,,,connected_peers=21,,,,,
server,peer_replication_merge_delta,completed,1788428947069745,178842684286994605,,22,,1788428947066040,1788428947069734,1788428947069745,,,"delta_len=8,sent_us=1788428947023298",,,,,11
server,peer_replication_get_delta,completed,1788428947148801,178842684286994605,178842683849156802,22,,1788428947148662,1788428947148666,1788428947148801,,,"delta_len=3,sent_us=1788428947133735",,,,,135
server,client_mutation,completed,1788428947227756,178842684286994605,,,,1788428947225588,1788428947225588,1788428947227756,,,http_data_plane,,,,,2168
server,client_mutation,completed,1788428947728064,178842684286994605,,,,1788428947725979,1788428947725979,1788428947728064,,,http_data_plane,,,,,2085
server,peer_replication_pull_request,sent,1788428947976958,178842684286994605,,,,,,,,,connected_peers=21,,,,,
server,peer_replication_merge_delta,completed,1788428947985579,178842684286994605,,22,,1788428947978337,1788428947985505,1788428947985579,,,"delta_len=75,sent_us=1788428947977687",,,,,74
server,peer_replication_get_delta,completed,1788428948078064,178842684286994605,178842683956184202,22,,1788428948077860,1788428948077866,1788428948078064,,,"delta_len=50,sent_us=1788428948060942",,,,,198
server,client_mutation,completed,1788428948227838,178842684286994605,,,,1788428948225636,1788428948225636,1788428948227838,,,http_data_plane,,,,,2202
server,client_mutation,completed,1788428948727779,178842684286994605,,,,1788428948725579,1788428948725579,1788428948727779,,,http_data_plane,,,,,2200
server,peer_replication_get_delta,completed,1788428948763572,178842684286994605,178842684114094202,22,,1788428948763373,1788428948763378,1788428948763572,,,"delta_len=44,sent_us=1788428948748419",,,,,194
server,peer_replication_pull_request,sent,1788428948977070,178842684286994605,,,,,,,,,connected_peers=21,,,,,
server,peer_replication_merge_delta,completed,1788428949006227,178842684286994605,,22,,1788428949001631,1788428949006192,1788428949006227,,,"delta_len=19,sent_us=1788428948995081",,,,,35
server,peer_replication_get_delta,completed,1788428949177466,178842684286994605,178842683849156802,22,,1788428949177313,1788428949177319,1788428949177466,,,"delta_len=70,sent_us=1788428949134314",,,,,147
server,client_mutation,completed,1788428949227873,178842684286994605,,,,1788428949225594,1788428949225594,1788428949227873,,,http_data_plane,,,,,2279
server,membership_directory_read,completed,1788428949556508,178842684286994605,,,,,1788428949503909,1788428949556508,,,poll:181 descriptors,,,,,52599
server,client_mutation,completed,1788428949727853,178842684286994605,,,,1788428949725540,1788428949725540,1788428949727853,,,http_data_plane,,,,,2313
server,peer_replication_get_delta,completed,1788428949926423,178842684286994605,178842684286996604,22,,1788428949926199,1788428949926203,1788428949926423,,,"delta_len=24,sent_us=1788428949924827",,,,,220
server,peer_replication_pull_request,sent,1788428949977797,178842684286994605,,,,,,,,,connected_peers=21,,,,,
server,peer_replication_merge_delta,completed,1788428949984226,178842684286994605,,22,,1788428949979059,1788428949984194,1788428949984226,,,"delta_len=43,sent_us=1788428949978447",,,,,32
server,client_mutation,completed,1788428950227686,178842684286994605,,,,1788428950225573,1788428950225573,1788428950227686,,,http_data_plane,,,,,2113
server,client_mutation,completed,1788428950727830,178842684286994605,,,,1788428950725622,1788428950725622,1788428950727830,,,http_data_plane,,,,,2208
server,peer_replication_get_delta,completed,1788428950925857,178842684286994605,178842684286996604,22,,1788428950925722,1788428950925727,1788428950925857,,,"delta_len=7,sent_us=1788428950925026",,,,,130
server,peer_replication_pull_request,sent,1788428950977067,178842684286994605,,,,,,,,,connected_peers=21,,,,,
server,peer_replication_merge_delta,completed,1788428951008391,178842684286994605,,22,,1788428951000717,1788428951008306,1788428951008391,,,"delta_len=66,sent_us=1788428950994637",,,,,85
server,peer_replication_get_delta,completed,1788428951078142,178842684286994605,178842683956184202,22,,1788428951077936,1788428951077944,1788428951078142,,,"delta_len=16,sent_us=1788428951060790",,,,,198
server,client_mutation,completed,1788428951227886,178842684286994605,,,,1788428951225568,1788428951225568,1788428951227886,,,http_data_plane,,,,,2318
server,peer_replication_get_delta,completed,1788428951681222,178842684286994605,178842684114091205,22,,1788428951681081,1788428951681087,1788428951681222,,,"delta_len=12,sent_us=1788428951665664",,,,,135
server,client_mutation,completed,1788428951727760,178842684286994605,,,,1788428951725576,1788428951725576,1788428951727760,,,http_data_plane,,,,,2184
server,peer_replication_get_delta,completed,1788428951890006,178842684286994605,178842683849157805,22,,1788428951889683,1788428951889688,1788428951890006,,,"delta_len=37,sent_us=1788428951848218",,,,,318
server,peer_replication_pull_request,sent,1788428951977399,178842684286994605,,,,,,,,,connected_peers=21,,,,,
server,peer_replication_merge_delta,completed,1788428952010641,178842684286994605,,22,,1788428952003610,1788428952010565,1788428952010641,,,"delta_len=68,sent_us=1788428951995879",,,,,76
server,client_mutation,completed,1788428952227919,178842684286994605,,,,1788428952225591,1788428952225591,1788428952227919,,,http_data_plane,,,,,2328
server,peer_replication_get_delta,completed,1788428952515218,178842684286994605,178842684426434105,22,,1788428952515046,1788428952515051,1788428952515218,,,"delta_len=96,sent_us=1788428952503382",,,,,167
server,client_mutation,completed,1788428952728178,178842684286994605,,,,1788428952726106,1788428952726107,1788428952728178,,,http_data_plane,,,,,2071
server,peer_replication_pull_request,sent,1788428952977088,178842684286994605,,,,,,,,,connected_peers=21,,,,,
server,peer_replication_merge_delta,completed,1788428953007271,178842684286994605,,22,,1788428953000366,1788428953007206,1788428953007271,,,"delta_len=52,sent_us=1788428952994632",,,,,65
server,client_mutation,completed,1788428953227758,178842684286994605,,,,1788428953225519,1788428953225519,1788428953227758,,,http_data_plane,,,,,2239
server,peer_replication_get_delta,completed,1788428953579472,178842684286994605,178842683956183203,22,,1788428953579229,1788428953579235,1788428953579472,,,"delta_len=32,sent_us=1788428953560979",,,,,237
server,client_mutation,completed,1788428953728372,178842684286994605,,,,1788428953725953,1788428953725953,1788428953728372,,,http_data_plane,,,,,2419
server,peer_replication_pull_request,sent,1788428953977510,178842684286994605,,,,,,,,,connected_peers=21,,,,,
server,peer_replication_merge_delta,completed,1788428954044697,178842684286994605,,22,,1788428954038233,1788428954044661,1788428954044697,,,"delta_len=44,sent_us=1788428954023985",,,,,36
server,client_mutation,completed,1788428954227828,178842684286994605,,,,1788428954225591,1788428954225591,1788428954227828,,,http_data_plane,,,,,2237
server,peer_replication_get_delta,completed,1788428954515603,178842684286994605,178842684426434105,22,,1788428954515427,1788428954515432,1788428954515603,,,"delta_len=53,sent_us=1788428954503747",,,,,171
server,membership_directory_read,completed,1788428954558950,178842684286994605,,,,,1788428954503831,1788428954558950,,,poll:181 descriptors,,,,,55119
server,client_mutation,completed,1788428954727729,178842684286994605,,,,1788428954725534,1788428954725534,1788428954727729,,,http_data_plane,,,,,2195
server,peer_replication_get_delta,completed,1788428954891933,178842684286994605,178842683849157805,22,,1788428954891730,1788428954891735,1788428954891933,,,"delta_len=60,sent_us=1788428954850837",,,,,198
server,peer_replication_pull_request,sent,1788428954977318,178842684286994605,,,,,,,,,connected_peers=21,,,,,
server,peer_replication_merge_delta,completed,1788428955038802,178842684286994605,,22,,1788428955034951,1788428955038782,1788428955038802,,,"delta_len=14,sent_us=1788428955020891",,,,,20
server,client_mutation,completed,1788428955227861,178842684286994605,,,,1788428955225596,1788428955225596,1788428955227861,,,http_data_plane,,,,,2265
server,peer_replication_get_delta,completed,1788428955278206,178842684286994605,178842683956185205,22,,1788428955278065,1788428955278071,1788428955278206,,,"delta_len=46,sent_us=1788428955260840",,,,,135
server,peer_replication_get_delta,completed,1788428955297491,178842684286994605,178842684426433105,22,,1788428955297347,1788428955297352,1788428955297491,,,"delta_len=45,sent_us=1788428955285727",,,,,139
server,client_mutation,completed,1788428955727884,178842684286994605,,,,1788428955725580,1788428955725580,1788428955727884,,,http_data_plane,,,,,2304
server,peer_replication_pull_request,sent,1788428955977296,178842684286994605,,,,,,,,,connected_peers=21,,,,,
server,peer_replication_get_delta,completed,1788428955986119,178842684286994605,178842684114092204,22,,1788428955985975,1788428955985980,1788428955986119,,,"delta_len=33,sent_us=1788428955970504",,,,,139
server,peer_replication_merge_delta,completed,1788428956067912,178842684286994605,,22,,1788428956064697,1788428956067905,1788428956067912,,,"delta_len=2,sent_us=1788428956020551",,,,,7
server,client_mutation,completed,1788428956227813,178842684286994605,,,,1788428956225597,1788428956225597,1788428956227813,,,http_data_plane,,,,,2216
server,peer_replication_get_delta,completed,1788428956358494,178842684286994605,178842684286997603,22,,1788428956358343,1788428956358348,1788428956358494,,,"delta_len=68,sent_us=1788428956357860",,,,,146
server,peer_replication_get_delta,completed,1788428956428302,178842684286994605,178842683956182204,22,,1788428956428166,1788428956428171,1788428956428302,,,"delta_len=4,sent_us=1788428956408841",,,,,131
server,client_mutation,completed,1788428956727919,178842684286994605,,,,1788428956725685,1788428956725685,1788428956727919,,,http_data_plane,,,,,2234
server,peer_replication_pull_request,sent,1788428956977846,178842684286994605,,,,,,,,,connected_peers=21,,,,,
server,peer_replication_merge_delta,completed,1788428957077776,178842684286994605,,22,,1788428957066694,1788428957077497,1788428957077776,,,"delta_len=124,sent_us=1788428957023287",,,,,279
server,client_mutation,completed,1788428957227795,178842684286994605,,,,1788428957225589,1788428957225589,1788428957227795,,,http_data_plane,,,,,2206
server,client_mutation,completed,1788428957727817,178842684286994605,,,,1788428957725588,1788428957725588,1788428957727817,,,http_data_plane,,,,,2229
server,peer_replication_pull_request,sent,1788428957977786,178842684286994605,,,,,,,,,connected_peers=21,,,,,
server,peer_replication_merge_delta,completed,1788428957984800,178842684286994605,,22,,1788428957979303,1788428957984734,1788428957984800,,,"delta_len=43,sent_us=1788428957978403",,,,,66
server,peer_replication_get_delta,completed,1788428958078124,178842684286994605,178842683956184202,22,,1788428958077956,1788428958077961,1788428958078124,,,"delta_len=79,sent_us=1788428958060970",,,,,163
server,client_mutation,completed,1788428958228593,178842684286994605,,,,1788428958225587,1788428958225587,1788428958228593,,,http_data_plane,,,,,3006
server,peer_replication_get_delta,completed,1788428958579223,178842684286994605,178842683956183203,22,,1788428958579086,1788428958579091,1788428958579223,,,"delta_len=18,sent_us=1788428958561439",,,,,132
server,client_mutation,completed,1788428958729164,178842684286994605,,,,1788428958726155,1788428958726155,1788428958729164,,,http_data_plane,,,,,3009
server,peer_replication_pull_request,sent,1788428958978630,178842684286994605,,,,,,,,,connected_peers=21,,,,,
server,peer_replication_merge_delta,completed,1788428958988953,178842684286994605,,22,,1788428958980757,1788428958988931,1788428958988953,,,"delta_len=20,sent_us=1788428958980055",,,,,22
server,peer_replication_get_delta,completed,1788428959098582,178842684286994605,178842684426432102,22,,1788428959098433,1788428959098439,1788428959098582,,,"delta_len=62,sent_us=1788428959086682",,,,,143
server,client_mutation,completed,1788428959228186,178842684286994605,,,,1788428959225593,1788428959225593,1788428959228186,,,http_data_plane,,,,,2593
server,membership_directory_read,completed,1788428959551799,178842684286994605,,,,,1788428959503091,1788428959551799,,,poll:181 descriptors,,,,,48708
server,client_mutation,completed,1788428959727974,178842684286994605,,,,1788428959725707,1788428959725707,1788428959727974,,,http_data_plane,,,,,2267
server,peer_replication_get_delta,completed,1788428959925761,178842684286994605,178842684286996604,22,,1788428959925566,1788428959925572,1788428959925761,,,"delta_len=38,sent_us=1788428959924943",,,,,189
server,peer_replication_pull_request,sent,1788428959977116,178842684286994605,,,,,,,,,connected_peers=21,,,,,
server,peer_replication_merge_delta,completed,1788428959983238,178842684286994605,,22,,1788428959978437,1788428959983212,1788428959983238,,,"delta_len=27,sent_us=1788428959977790",,,,,26
server,client_mutation,completed,1788428960228262,178842684286994605,,,,1788428960225681,1788428960225681,1788428960228262,,,http_data_plane,,,,,2581
server,client_mutation,completed,1788428960728029,178842684286994605,,,,1788428960725868,1788428960725868,1788428960728029,,,http_data_plane,,,,,2161
server,peer_replication_pull_request,sent,1788428960976981,178842684286994605,,,,,,,,,connected_peers=21,,,,,
server,peer_replication_merge_delta,completed,1788428961004926,178842684286994605,,22,,1788428960997248,1788428961004873,1788428961004926,,,"delta_len=76,sent_us=1788428960991428",,,,,53
server,client_mutation,completed,1788428961227765,178842684286994605,,,,1788428961225558,1788428961225558,1788428961227765,,,http_data_plane,,,,,2207
server,peer_replication_get_delta,completed,1788428961426456,178842684286994605,178842684286993605,22,,1788428961426317,1788428961426322,1788428961426456,,,"delta_len=72,sent_us=1788428961425808",,,,,134
server,peer_replication_get_delta,completed,1788428961579174,178842684286994605,178842683956183203,22,,1788428961579017,1788428961579021,1788428961579174,,,"delta_len=62,sent_us=1788428961560980",,,,,153
server,client_mutation,completed,1788428961728434,178842684286994605,,,,1788428961726261,1788428961726261,1788428961728434,,,http_data_plane,,,,,2173
server,peer_replication_pull_request,sent,1788428961977385,178842684286994605,,,,,,,,,connected_peers=21,,,,,
server,peer_replication_merge_delta,completed,1788428962003180,178842684286994605,,22,,1788428961996204,1788428962003132,1788428962003180,,,"delta_len=61,sent_us=1788428961991322",,,,,48
server,peer_replication_get_delta,completed,1788428962176522,178842684286994605,178842683849156802,22,,1788428962176368,1788428962176373,1788428962176522,,,"delta_len=101,sent_us=1788428962133659",,,,,149
server,client_mutation,completed,1788428962228130,178842684286994605,,,,1788428962225715,1788428962225715,1788428962228130,,,http_data_plane,,,,,2415
server,client_mutation,completed,1788428962728248,178842684286994605,,,,1788428962725772,1788428962725772,1788428962728248,,,http_data_plane,,,,,2476
server,peer_replication_get_delta,completed,1788428962755802,178842684286994605,178842684426435105,22,,1788428962755599,1788428962755605,1788428962755802,,,"delta_len=18,sent_us=1788428962741667",,,,,197
server,peer_replication_pull_request,sent,1788428962977830,178842684286994605,,,,,,,,,connected_peers=21,,,,,
server,peer_replication_merge_delta,completed,1788428963004698,178842684286994605,,22,,1788428962998518,1788428963004630,1788428963004698,,,"delta_len=50,sent_us=1788428962992184",,,,,68
server,client_mutation,completed,1788428963228772,178842684286994605,,,,1788428963225990,1788428963225990,1788428963228772,,,http_data_plane,,,,,2782
server,peer_replication_get_delta,completed,1788428963268379,178842684286994605,178842684114093203,22,,1788428963268130,1788428963268135,1788428963268379,,,"delta_len=83,sent_us=1788428963252221",,,,,244
server,client_mutation,completed,1788428963729103,178842684286994605,,,,1788428963726648,1788428963726648,1788428963729103,,,http_data_plane,,,,,2455
server,peer_replication_get_delta,completed,1788428963926556,178842684286994605,178842684286996604,22,,1788428963926393,1788428963926398,1788428963926556,,,"delta_len=82,sent_us=1788428963925282",,,,,158
server,peer_replication_pull_request,sent,1788428963977897,178842684286994605,,,,,,,,,connected_peers=21,,,,,
server,peer_replication_merge_delta,completed,1788428963994759,178842684286994605,,22,,1788428963980700,1788428963994716,1788428963994759,,,"delta_len=43,sent_us=1788428963980061",,,,,43
server,peer_replication_get_delta,completed,1788428964177270,178842684286994605,178842683849156802,22,,1788428964177083,1788428964177092,1788428964177270,,,"delta_len=95,sent_us=1788428964134438",,,,,178
server,client_mutation,completed,1788428964227820,178842684286994605,,,,1788428964225678,1788428964225679,1788428964227820,,,http_data_plane,,,,,2141
server,membership_directory_read,completed,1788428964559452,178842684286994605,,,,,1788428964503903,1788428964559452,,,poll:181 descriptors,,,,,55549
server,client_mutation,completed,1788428964727673,178842684286994605,,,,1788428964725638,1788428964725639,1788428964727673,,,http_data_plane,,,,,2034
server,peer_replication_pull_request,sent,1788428964977176,178842684286994605,,,,,,,,,connected_peers=21,,,,,
server,peer_replication_merge_delta,completed,1788428965011032,178842684286994605,,22,,1788428965007590,1788428965011022,1788428965011032,,,"delta_len=5,sent_us=1788428964991648",,,,,10
server,client_mutation,completed,1788428965228403,178842684286994605,,,,1788428965225609,1788428965225610,1788428965228403,,,http_data_plane,,,,,2793
server,client_mutation,completed,1788428965727882,178842684286994605,,,,1788428965725623,1788428965725623,1788428965727882,,,http_data_plane,,,,,2259
server,peer_replication_get_delta,completed,1788428965926005,178842684286994605,178842684286996604,22,,1788428965925869,1788428965925874,1788428965926005,,,"delta_len=9,sent_us=1788428965925330",,,,,131
server,peer_replication_pull_request,sent,1788428965977334,178842684286994605,,,,,,,,,connected_peers=21,,,,,
server,peer_replication_merge_delta,completed,1788428966011875,178842684286994605,,22,,1788428965999822,1788428966011806,1788428966011875,,,"delta_len=87,sent_us=1788428965990257",,,,,69
server,client_mutation,completed,1788428966228048,178842684286994605,,,,1788428966225678,1788428966225678,1788428966228048,,,http_data_plane,,,,,2370
server,peer_replication_get_delta,completed,1788428966358494,178842684286994605,178842684286997603,22,,1788428966358346,1788428966358349,1788428966358494,,,"delta_len=113,sent_us=1788428966357861",,,,,145
server,peer_replication_get_delta,completed,1788428966397968,178842684286994605,178842684114090205,22,,1788428966397791,1788428966397799,1788428966397968,,,"delta_len=86,sent_us=1788428966382778",,,,,169
server,client_mutation,completed,1788428966727808,178842684286994605,,,,1788428966725763,1788428966725763,1788428966727808,,,http_data_plane,,,,,2045
server,peer_replication_get_delta,completed,1788428966840380,178842684286994605,178842683849158805,22,,1788428966840236,1788428966840241,1788428966840380,,,"delta_len=52,sent_us=1788428966798292",,,,,139
server,peer_replication_pull_request,sent,1788428966977855,178842684286994605,,,,,,,,,connected_peers=21,,,,,
server,peer_replication_merge_delta,completed,1788428967007902,178842684286994605,,22,,1788428966997852,1788428967007854,1788428967007902,,,"delta_len=52,sent_us=1788428966992229",,,,,48
server,client_mutation,completed,1788428967231714,178842684286994605,,,,1788428967226469,1788428967226469,1788428967231714,,,http_data_plane,,,,,5245
server,client_mutation,completed,1788428967728138,178842684286994605,,,,1788428967726082,1788428967726082,1788428967728138,,,http_data_plane,,,,,2056
server,peer_replication_pull_request,sent,1788428967977067,178842684286994605,,,,,,,,,connected_peers=21,,,,,
server,peer_replication_merge_delta,completed,1788428968043444,178842684286994605,,22,,1788428968035092,1788428968043262,1788428968043444,,,"delta_len=92,sent_us=1788428968021429",,,,,182
server,client_mutation,completed,1788428968227739,178842684286994605,,,,1788428968225483,1788428968225483,1788428968227739,,,http_data_plane,,,,,2256
server,client_mutation,completed,1788428968727706,178842684286994605,,,,1788428968725554,1788428968725554,1788428968727706,,,http_data_plane,,,,,2152
server,peer_replication_get_delta,completed,1788428968836828,178842684286994605,178842683849158805,22,,1788428968836680,1788428968836685,1788428968836828,,,"delta_len=62,sent_us=1788428968794512",,,,,143
server,peer_replication_pull_request,sent,1788428968977256,178842684286994605,,,,,,,,,connected_peers=21,,,,,
server,peer_replication_merge_delta,completed,1788428969006363,178842684286994605,,22,,1788428969000950,1788428969006329,1788428969006363,,,"delta_len=46,sent_us=1788428968995020",,,,,34
server,client_mutation,completed,1788428969227627,178842684286994605,,,,1788428969225583,1788428969225583,1788428969227627,,,http_data_plane,,,,,2044
server,peer_replication_get_delta,completed,1788428969297622,178842684286994605,178842684426433105,22,,1788428969297468,1788428969297472,1788428969297622,,,"delta_len=78,sent_us=1788428969285693",,,,,150
server,membership_directory_read,completed,1788428969556450,178842684286994605,,,,,1788428969503129,1788428969556450,,,poll:181 descriptors,,,,,53321
server,client_mutation,completed,1788428969727714,178842684286994605,,,,1788428969725586,1788428969725586,1788428969727714,,,http_data_plane,,,,,2128
server,peer_replication_pull_request,sent,1788428969977584,178842684286994605,,,,,,,,,connected_peers=21,,,,,
server,peer_replication_merge_delta,completed,1788428970010265,178842684286994605,,22,,1788428970001773,1788428970010214,1788428970010265,,,"delta_len=60,sent_us=1788428969995410",,,,,51
server,client_mutation,completed,1788428970227852,178842684286994605,,,,1788428970225742,1788428970225742,1788428970227852,,,http_data_plane,,,,,2110
server,client_mutation,completed,1788428970728235,178842684286994605,,,,1788428970726149,1788428970726150,1788428970728235,,,http_data_plane,,,,,2085
server,peer_replication_pull_request,sent,1788428970977180,178842684286994605,,,,,,,,,connected_peers=21,,,,,
server,peer_replication_merge_delta,completed,1788428970999123,178842684286994605,,22,,1788428970993989,1788428970999088,1788428970999123,,,"delta_len=30,sent_us=1788428970990211",,,,,35
server,client_mutation,completed,1788428971227797,178842684286994605,,,,1788428971225595,1788428971225595,1788428971227797,,,http_data_plane,,,,,2202
server,client_mutation,completed,1788428971728164,178842684286994605,,,,1788428971725751,1788428971725752,1788428971728164,,,http_data_plane,,,,,2412
server,peer_replication_pull_request,sent,1788428971977960,178842684286994605,,,,,,,,,connected_peers=21,,,,,
server,peer_replication_get_delta,completed,1788428971985661,178842684286994605,178842684114092204,22,,1788428971985516,1788428971985521,1788428971985661,,,"delta_len=33,sent_us=1788428971970021",,,,,140
server,peer_replication_merge_delta,completed,1788428972010749,178842684286994605,,22,,1788428972003477,1788428972010693,1788428972010749,,,"delta_len=52,sent_us=1788428971996582",,,,,56
server,client_mutation,completed,1788428972227949,178842684286994605,,,,1788428972225800,1788428972225800,1788428972227949,,,http_data_plane,,,,,2149
server,client_mutation,completed,1788428972727932,178842684286994605,,,,1788428972725593,1788428972725593,1788428972727932,,,http_data_plane,,,,,2339
server,peer_replication_pull_request,sent,1788428972977473,178842684286994605,,,,,,,,,connected_peers=21,,,,,
server,peer_replication_merge_delta,completed,1788428973008139,178842684286994605,,22,,1788428973002182,1788428973008106,1788428973008139,,,"delta_len=37,sent_us=1788428972995296",,,,,33
server,client_mutation,completed,1788428973227779,178842684286994605,,,,1788428973225558,1788428973225559,1788428973227779,,,http_data_plane,,,,,2220
server,peer_replication_get_delta,completed,1788428973428397,178842684286994605,178842683956182204,22,,1788428973428249,1788428973428253,1788428973428397,,,"delta_len=40,sent_us=1788428973409016",,,,,144
server,client_mutation,completed,1788428973727938,178842684286994605,,,,1788428973725704,1788428973725704,1788428973727938,,,http_data_plane,,,,,2234
server,peer_replication_pull_request,sent,1788428973977847,178842684286994605,,,,,,,,,connected_peers=21,,,,,
server,peer_replication_merge_delta,completed,1788428973985182,178842684286994605,,22,,1788428973979166,1788428973985137,1788428973985182,,,"delta_len=55,sent_us=1788428973978519",,,,,45
server,client_mutation,completed,1788428974228056,178842684286994605,,,,1788428974225665,1788428974225666,1788428974228056,,,http_data_plane,,,,,2390
server,peer_replication_get_delta,completed,1788428974515217,178842684286994605,178842684426434105,22,,1788428974515076,1788428974515081,1788428974515217,,,"delta_len=63,sent_us=1788428974503368",,,,,136
server,membership_directory_read,completed,1788428974554668,178842684286994605,,,,,1788428974502993,1788428974554668,,,poll:181 descriptors,,,,,51675
server,client_mutation,completed,1788428974727728,178842684286994605,,,,1788428974725564,1788428974725564,1788428974727728,,,http_data_plane,,,,,2164
server,peer_replication_get_delta,completed,1788428974925873,178842684286994605,178842684286996604,22,,1788428974925740,1788428974925744,1788428974925873,,,"delta_len=43,sent_us=1788428974925145",,,,,129
server,peer_replication_pull_request,sent,1788428974977075,178842684286994605,,,,,,,,,connected_peers=21,,,,,
server,peer_replication_merge_delta,completed,1788428975045041,178842684286994605,,22,,1788428975038217,1788428975045013,1788428975045041,,,"delta_len=30,sent_us=1788428975024360",,,,,28
server,client_mutation,completed,1788428975227666,178842684286994605,,,,1788428975225540,1788428975225540,1788428975227666,,,http_data_plane,,,,,2126
server,client_mutation,completed,1788428975727754,178842684286994605,,,,1788428975725605,1788428975725605,1788428975727754,,,http_data_plane,,,,,2149
server,peer_replication_pull_request,sent,1788428975977821,178842684286994605,,,,,,,,,connected_peers=21,,,,,
server,peer_replication_merge_delta,completed,1788428975985069,178842684286994605,,22,,1788428975979127,1788428975985001,1788428975985069,,,"delta_len=56,sent_us=1788428975978479",,,,,68
server,client_mutation,completed,1788428976228408,178842684286994605,,,,1788428976226083,1788428976226083,1788428976228408,,,http_data_plane,,,,,2325
server,peer_replication_get_delta,completed,1788428976268015,178842684286994605,178842684114093203,22,,1788428976267867,1788428976267873,1788428976268015,,,"delta_len=63,sent_us=1788428976252468",,,,,142
server,peer_replication_get_delta,completed,1788428976278304,178842684286994605,178842683956185205,22,,1788428976278131,1788428976278136,1788428976278304,,,"delta_len=70,sent_us=1788428976260803",,,,,168
server,client_mutation,completed,1788428976727825,178842684286994605,,,,1788428976725674,1788428976725674,1788428976727825,,,http_data_plane,,,,,2151
server,peer_replication_get_delta,completed,1788428976925211,178842684286994605,178842684286996604,22,,1788428976925069,1788428976925074,1788428976925211,,,"delta_len=19,sent_us=1788428976924571",,,,,137
server,peer_replication_pull_request,sent,1788428976977676,178842684286994605,,,,,,,,,connected_peers=21,,,,,
server,peer_replication_merge_delta,completed,1788428977008693,178842684286994605,,22,,1788428976997930,1788428977008654,1788428977008693,,,"delta_len=48,sent_us=1788428976992154",,,,,39
server,client_mutation,completed,1788428977227719,178842684286994605,,,,1788428977225560,1788428977225560,1788428977227719,,,http_data_plane,,,,,2159
server,peer_replication_get_delta,completed,1788428977428254,178842684286994605,178842683956182204,22,,1788428977428103,1788428977428107,1788428977428254,,,"delta_len=46,sent_us=1788428977408905",,,,,147
server,peer_replication_get_delta,completed,1788428977578729,178842684286994605,178842683956183203,22,,1788428977578567,1788428977578572,1788428977578729,,,"delta_len=74,sent_us=1788428977560981",,,,,157
server,client_mutation,completed,1788428977727791,178842684286994605,,,,1788428977725596,1788428977725596,1788428977727791,,,http_data_plane,,,,,2195
server,peer_replication_pull_request,sent,1788428977977632,178842684286994605,,,,,,,,,connected_peers=21,,,,,
server,peer_replication_merge_delta,completed,1788428977985592,178842684286994605,,22,,1788428977978970,1788428977985530,1788428977985592,,,"delta_len=68,sent_us=1788428977978332",,,,,62
server,client_mutation,completed,1788428978227650,178842684286994605,,,,1788428978225589,1788428978225589,1788428978227650,,,http_data_plane,,,,,2061
server,peer_replication_get_delta,completed,1788428978297796,178842684286994605,178842684426433105,22,,1788428978297638,1788428978297643,1788428978297796,,,"delta_len=116,sent_us=1788428978285992",,,,,153
server,client_mutation,completed,1788428978727927,178842684286994605,,,,1788428978725817,1788428978725817,1788428978727927,,,http_data_plane,,,,,2110
server,peer_replication_pull_request,sent,1788428978977972,178842684286994605,,,,,,,,,connected_peers=21,,,,,
server,peer_replication_merge_delta,completed,1788428978998476,178842684286994605,,22,,1788428978994701,1788428978998450,1788428978998476,,,"delta_len=16,sent_us=1788428978990974",,,,,26
server,client_mutation,completed,1788428979227891,178842684286994605,,,,1788428979225546,1788428979225546,1788428979227891,,,http_data_plane,,,,,2345
server,membership_directory_read,completed,1788428979560924,178842684286994605,,,,,1788428979503825,1788428979560924,,,poll:181 descriptors,,,,,57099
server,client_mutation,completed,1788428979728003,178842684286994605,,,,1788428979725715,1788428979725715,1788428979728003,,,http_data_plane,,,,,2288
server,peer_replication_pull_request,sent,1788428979977893,178842684286994605,,,,,,,,,connected_peers=21,,,,,
server,peer_replication_merge_delta,completed,1788428979986844,178842684286994605,,22,,1788428979979355,1788428979986794,1788428979986844,,,"delta_len=72,sent_us=1788428979978628",,,,,50
server,peer_replication_get_delta,completed,1788428980099089,178842684286994605,178842684426432102,22,,1788428980098707,1788428980098713,1788428980099089,,,"delta_len=90,sent_us=1788428980086786",,,,,376
server,client_mutation,completed,1788428980227741,178842684286994605,,,,1788428980225561,1788428980225562,1788428980227741,,,http_data_plane,,,,,2179
server,peer_replication_get_delta,completed,1788428980516392,178842684286994605,178842684426434105,22,,1788428980516167,1788428980516173,1788428980516392,,,"delta_len=40,sent_us=1788428980504101",,,,,219
server,client_mutation,completed,1788428980727794,178842684286994605,,,,1788428980725551,1788428980725551,1788428980727794,,,http_data_plane,,,,,2243
server,peer_replication_get_delta,completed,1788428980764133,178842684286994605,178842684114094202,22,,1788428980763776,1788428980763781,1788428980764133,,,"delta_len=29,sent_us=1788428980748413",,,,,352
server,peer_replication_get_delta,completed,1788428980839388,178842684286994605,178842683849158805,22,,1788428980839156,1788428980839161,1788428980839388,,,"delta_len=30,sent_us=1788428980794070",,,,,227
server,peer_replication_pull_request,sent,1788428980977895,178842684286994605,,,,,,,,,connected_peers=21,,,,,
server,peer_replication_merge_delta,completed,1788428981007068,178842684286994605,,22,,1788428981000331,1788428981007039,1788428981007068,,,"delta_len=30,sent_us=1788428980993967",,,,,29
server,client_mutation,completed,1788428981228493,178842684286994605,,,,1788428981226102,1788428981226102,1788428981228493,,,http_data_plane,,,,,2391
server,peer_replication_get_delta,completed,1788428981426837,178842684286994605,178842684286993605,22,,1788428981426561,1788428981426566,1788428981426837,,,"delta_len=38,sent_us=1788428981426042",,,,,271
server,peer_replication_get_delta,completed,1788428981478991,178842684286994605,178842684286995605,22,,1788428981478827,1788428981478832,1788428981478991,,,"delta_len=35,sent_us=1788428981478303",,,,,159
server,client_mutation,completed,1788428981727920,178842684286994605,,,,1788428981725699,1788428981725699,1788428981727920,,,http_data_plane,,,,,2221
server,peer_replication_get_delta,completed,1788428981836065,178842684286994605,178842683849158805,22,,1788428981835902,1788428981835909,1788428981836065,,,"delta_len=23,sent_us=1788428981793466",,,,,156
server,peer_replication_pull_request,sent,1788428981977624,178842684286994605,,,,,,,,,connected_peers=21,,,,,
server,peer_replication_merge_delta,completed,1788428982014494,178842684286994605,,22,,1788428982009133,1788428982014467,1788428982014494,,,"delta_len=28,sent_us=1788428981993704",,,,,27
server,client_mutation,completed,1788428982228180,178842684286994605,,,,1788428982226023,1788428982226023,1788428982228180,,,http_data_plane,,,,,2157
server,client_mutation,completed,1788428982727893,178842684286994605,,,,1788428982725571,1788428982725571,1788428982727893,,,http_data_plane,,,,,2322
server,peer_replication_pull_request,sent,1788428982977709,178842684286994605,,,,,,,,,connected_peers=21,,,,,
server,peer_replication_merge_delta,completed,1788428982995231,178842684286994605,,22,,1788428982979445,1788428982995129,1788428982995231,,,"delta_len=131,sent_us=1788428982978561",,,,,102
server,client_mutation,completed,1788428983227313,178842684286994605,,,,1788428983225642,1788428983225642,1788428983227313,,,http_data_plane,,,,,1671
server,client_mutation,completed,1788428983727467,178842684286994605,,,,1788428983725591,1788428983725591,1788428983727467,,,http_data_plane,,,,,1876
server,peer_replication_get_delta,completed,1788428983843286,178842684286994605,178842683849158805,22,,1788428983843118,1788428983843124,1788428983843286,,,"delta_len=118,sent_us=1788428983794013",,,,,162
server,peer_replication_pull_request,sent,1788428983977708,178842684286994605,,,,,,,,,connected_peers=21,,,,,
server,peer_replication_merge_delta,completed,1788428984006114,178842684286994605,,22,,1788428984001625,1788428984006085,1788428984006114,,,"delta_len=21,sent_us=1788428983995635",,,,,29
server,peer_replication_get_delta,completed,1788428984078628,178842684286994605,178842683956184202,22,,1788428984078477,1788428984078482,1788428984078628,,,"delta_len=66,sent_us=1788428984061192",,,,,146
server,client_mutation,completed,1788428984228772,178842684286994605,,,,1788428984226296,1788428984226296,1788428984228772,,,http_data_plane,,,,,2476
server,peer_replication_get_delta,completed,1788428984428329,178842684286994605,178842683956182204,22,,1788428984428161,1788428984428165,1788428984428329,,,"delta_len=91,sent_us=1788428984408822",,,,,164
server,membership_directory_read,completed,1788428984554478,178842684286994605,,,,,1788428984503837,1788428984554478,,,poll:181 descriptors,,,,,50641
server,client_mutation,completed,1788428984727850,178842684286994605,,,,1788428984725776,1788428984725776,1788428984727850,,,http_data_plane,,,,,2074
server,peer_replication_pull_request,sent,1788428984977102,178842684286994605,,,,,,,,,connected_peers=21,,,,,
server,peer_replication_merge_delta,completed,1788428984984544,178842684286994605,,22,,1788428984978596,1788428984984511,1788428984984544,,,"delta_len=47,sent_us=1788428984977862",,,,,33
server,peer_replication_get_delta,completed,1788428985224933,178842684286994605,178842683956181205,22,,1788428985224769,1788428985224775,1788428985224933,,,"delta_len=58,sent_us=1788428985205422",,,,,158
server,client_mutation,completed,1788428985228581,178842684286994605,,,,1788428985225578,1788428985225578,1788428985228581,,,http_data_plane,,,,,3003
server,peer_replication_get_delta,completed,1788428985358637,178842684286994605,178842684286997603,22,,1788428985358494,1788428985358500,1788428985358637,,,"delta_len=47,sent_us=1788428985357908",,,,,137
server,client_mutation,completed,1788428985727942,178842684286994605,,,,1788428985725660,1788428985725661,1788428985727942,,,http_data_plane,,,,,2281
server,peer_replication_get_delta,completed,1788428985763786,178842684286994605,178842684114094202,22,,1788428985763632,1788428985763638,1788428985763786,,,"delta_len=66,sent_us=1788428985748466",,,,,148
server,peer_replication_pull_request,sent,1788428985977228,178842684286994605,,,,,,,,,connected_peers=21,,,,,
server,peer_replication_merge_delta,completed,1788428986040797,178842684286994605,,22,,1788428986036602,1788428986040761,1788428986040797,,,"delta_len=18,sent_us=1788428986022883",,,,,36
server,client_mutation,completed,1788428986227879,178842684286994605,,,,1788428986225723,1788428986225723,1788428986227879,,,http_data_plane,,,,,2156
server,peer_replication_get_delta,completed,1788428986269955,178842684286994605,178842684114093203,22,,1788428986269612,1788428986269617,1788428986269955,,,"delta_len=49,sent_us=1788428986252526",,,,,338
server,client_mutation,completed,1788428986727972,178842684286994605,,,,1788428986725584,1788428986725584,1788428986727972,,,http_data_plane,,,,,2388
server,peer_replication_pull_request,sent,1788428986977879,178842684286994605,,,,,,,,,connected_peers=21,,,,,
server,peer_replication_merge_delta,completed,1788428987043342,178842684286994605,,22,,1788428987036684,1788428987043276,1788428987043342,,,"delta_len=64,sent_us=1788428987023214",,,,,66
server,peer_replication_get_delta,completed,1788428987176285,178842684286994605,178842683849156802,22,,1788428987175827,1788428987175833,1788428987176285,,,"delta_len=69,sent_us=1788428987133495",,,,,452
server,client_mutation,completed,1788428987227712,178842684286994605,,,,1788428987225534,1788428987225535,1788428987227712,,,http_data_plane,,,,,2177
server,peer_replication_get_delta,completed,1788428987426227,178842684286994605,178842684286993605,22,,1788428987426081,1788428987426086,1788428987426227,,,"delta_len=9,sent_us=1788428987425522",,,,,141
server,client_mutation,completed,1788428987728075,178842684286994605,,,,1788428987725783,1788428987725783,1788428987728075,,,http_data_plane,,,,,2292
server,peer_replication_get_delta,completed,1788428987838848,178842684286994605,178842683849158805,22,,1788428987838694,1788428987838699,1788428987838848,,,"delta_len=16,sent_us=1788428987796671",,,,,149
server,peer_replication_get_delta,completed,1788428987890148,178842684286994605,178842683849157805,22,,1788428987889993,1788428987889998,1788428987890148,,,"delta_len=9,sent_us=1788428987848554",,,,,150
server,peer_replication_pull_request,sent,1788428987977619,178842684286994605,,,,,,,,,connected_peers=21,,,,,
server,peer_replication_merge_delta,completed,1788428987982922,178842684286994605,,22,,1788428987978983,1788428987982914,1788428987982922,,,"delta_len=2,sent_us=1788428987978292",,,,,8
server,client_mutation,completed,1788428988227758,178842684286994605,,,,1788428988225596,1788428988225596,1788428988227758,,,http_data_plane,,,,,2162
server,client_mutation,completed,1788428988728108,178842684286994605,,,,1788428988725669,1788428988725669,1788428988728108,,,http_data_plane,,,,,2439
server,peer_replication_pull_request,sent,1788428988977011,178842684286994605,,,,,,,,,connected_peers=21,,,,,
server,peer_replication_merge_delta,completed,1788428989000137,178842684286994605,,22,,1788428988993724,1788428989000082,1788428989000137,,,"delta_len=55,sent_us=1788428988989957",,,,,55
server,client_mutation,completed,1788428989227990,178842684286994605,,,,1788428989225668,1788428989225668,1788428989227990,,,http_data_plane,,,,,2322
server,membership_directory_read,completed,1788428989556783,178842684286994605,,,,,1788428989503917,1788428989556783,,,poll:181 descriptors,,,,,52866
server,client_mutation,completed,1788428989729511,178842684286994605,,,,1788428989726936,1788428989726936,1788428989729511,,,http_data_plane,,,,,2575
server,peer_replication_get_delta,completed,1788428989837760,178842684286994605,178842683849158805,22,,1788428989837587,1788428989837602,1788428989837760,,,"delta_len=7,sent_us=1788428989793879",,,,,158
server,peer_replication_pull_request,sent,1788428989977189,178842684286994605,,,,,,,,,connected_peers=21,,,,,
server,peer_replication_merge_delta,completed,1788428990006431,178842684286994605,,22,,1788428990001473,1788428990006403,1788428990006431,,,"delta_len=25,sent_us=1788428989994609",,,,,28
server,client_mutation,completed,1788428990227814,178842684286994605,,,,1788428990225649,1788428990225649,1788428990227814,,,http_data_plane,,,,,2165
server,peer_replication_get_delta,completed,1788428990297524,178842684286994605,178842684426433105,22,,1788428990297378,1788428990297385,1788428990297524,,,"delta_len=24,sent_us=1788428990285766",,,,,139
server,peer_replication_get_delta,completed,1788428990578599,178842684286994605,178842683956183203,22,,1788428990578465,1788428990578470,1788428990578599,,,"delta_len=8,sent_us=1788428990560970",,,,,129
server,client_mutation,completed,1788428990727840,178842684286994605,,,,1788428990725659,1788428990725659,1788428990727840,,,http_data_plane,,,,,2181
server,peer_replication_get_delta,completed,1788428990890922,178842684286994605,178842683849157805,22,,1788428990890694,1788428990890700,1788428990890922,,,"delta_len=26,sent_us=1788428990848571",,,,,222
server,peer_replication_pull_request,sent,1788428990977271,178842684286994605,,,,,,,,,connected_peers=21,,,,,
server,peer_replication_merge_delta,completed,1788428991008488,178842684286994605,,22,,1788428991002923,1788428991008449,1788428991008488,,,"delta_len=36,sent_us=1788428990995804",,,,,39
server,client_mutation,completed,1788428991228069,178842684286994605,,,,1788428991225789,1788428991225789,1788428991228069,,,http_data_plane,,,,,2280
server,client_mutation,completed,1788428991728297,178842684286994605,,,,1788428991725608,1788428991725609,1788428991728297,,,http_data_plane,,,,,2688
server,peer_replication_get_delta,completed,1788428991763771,178842684286994605,178842684114094202,22,,1788428991763472,1788428991763476,1788428991763771,,,"delta_len=39,sent_us=1788428991748472",,,,,295
server,peer_replication_pull_request,sent,1788428991977260,178842684286994605,,,,,,,,,connected_peers=21,,,,,
server,peer_replication_merge_delta,completed,1788428992004399,178842684286994605,,22,,1788428991997900,1788428992004383,1788428992004399,,,"delta_len=14,sent_us=1788428991992129",,,,,16
server,client_mutation,completed,1788428992227689,178842684286994605,,,,1788428992225524,1788428992225524,1788428992227689,,,http_data_plane,,,,,2165
server,client_mutation,completed,1788428992727779,178842684286994605,,,,1788428992725658,1788428992725658,1788428992727779,,,http_data_plane,,,,,2121
server,peer_replication_pull_request,sent,1788428992977832,178842684286994605,,,,,,,,,connected_peers=21,,,,,
server,peer_replication_merge_delta,completed,1788428992989022,178842684286994605,,22,,1788428992979576,1788428992988930,1788428992989022,,,"delta_len=111,sent_us=1788428992978647",,,,,92
server,client_mutation,completed,1788428993228129,178842684286994605,,,,1788428993225815,1788428993225816,1788428993228129,,,http_data_plane,,,,,2313
server,client_mutation,completed,1788428993727365,178842684286994605,,,,1788428993725594,1788428993725594,1788428993727365,,,http_data_plane,,,,,1771
server,peer_replication_pull_request,sent,1788428993977408,178842684286994605,,,,,,,,,connected_peers=21,,,,,
server,peer_replication_merge_delta,completed,1788428994003329,178842684286994605,,22,,1788428993997523,1788428994003189,1788428994003329,,,"delta_len=27,sent_us=1788428993991823",,,,,140
server,peer_replication_get_delta,completed,1788428994226602,178842684286994605,178842683956181205,22,,1788428994226458,1788428994226462,1788428994226602,,,"delta_len=83,sent_us=1788428994205416",,,,,140
server,client_mutation,completed,1788428994228665,178842684286994605,,,,1788428994225750,1788428994225750,1788428994228665,,,http_data_plane,,,,,2915
server,membership_directory_read,completed,1788428994555778,178842684286994605,,,,,1788428994503154,1788428994555778,,,poll:181 descriptors,,,,,52624
server,client_mutation,completed,1788428994731644,178842684286994605,,,,1788428994727846,1788428994727846,1788428994731644,,,http_data_plane,,,,,3798
server,peer_replication_get_delta,completed,1788428994765073,178842684286994605,178842684114094202,22,,1788428994764931,1788428994764937,1788428994765073,,,"delta_len=21,sent_us=1788428994748679",,,,,136
server,peer_replication_pull_request,sent,1788428994977848,178842684286994605,,,,,,,,,connected_peers=21,,,,,
server,peer_replication_get_delta,completed,1788428994985994,178842684286994605,178842684114092204,22,,1788428994985826,1788428994985831,1788428994985994,,,"delta_len=45,sent_us=1788428994970382",,,,,163
server,peer_replication_merge_delta,completed,1788428995016927,178842684286994605,,22,,1788428995003646,1788428995016870,1788428995016927,,,"delta_len=64,sent_us=1788428994996214",,,,,57
server,client_mutation,completed,1788428995228274,178842684286994605,,,,1788428995225982,1788428995225982,1788428995228274,,,http_data_plane,,,,,2292
server,client_mutation,completed,1788428995728395,178842684286994605,,,,1788428995725562,1788428995725562,1788428995728395,,,http_data_plane,,,,,2833
server,peer_replication_pull_request,sent,1788428995977209,178842684286994605,,,,,,,,,connected_peers=21,,,,,
server,peer_replication_merge_delta,completed,1788428996013622,178842684286994605,,22,,1788428996001046,1788428996013569,1788428996013622,,,"delta_len=86,sent_us=1788428995994798",,,,,53
server,client_mutation,completed,1788428996228399,178842684286994605,,,,1788428996226310,1788428996226311,1788428996228399,,,http_data_plane,,,,,2088
server,peer_replication_get_delta,completed,1788428996428333,178842684286994605,178842683956182204,22,,1788428996428168,1788428996428172,1788428996428333,,,"delta_len=52,sent_us=1788428996409028",,,,,161
server,client_mutation,completed,1788428996727757,178842684286994605,,,,1788428996725650,1788428996725650,1788428996727757,,,http_data_plane,,,,,2107
server,peer_replication_pull_request,sent,1788428996977880,178842684286994605,,,,,,,,,connected_peers=21,,,,,
server,peer_replication_merge_delta,completed,1788428997007210,178842684286994605,,22,,1788428996998756,1788428997007157,1788428997007210,,,"delta_len=64,sent_us=1788428996992632",,,,,53
server,client_mutation,completed,1788428997227994,178842684286994605,,,,1788428997225794,1788428997225794,1788428997227994,,,http_data_plane,,,,,2200
server,client_mutation,completed,1788428997728185,178842684286994605,,,,1788428997725771,1788428997725771,1788428997728185,,,http_data_plane,,,,,2414
server,peer_replication_get_delta,completed,1788428997756041,178842684286994605,178842684426435105,22,,1788428997755834,1788428997755843,1788428997756041,,,"delta_len=67,sent_us=1788428997741789",,,,,198
server,peer_replication_pull_request,sent,1788428997977589,178842684286994605,,,,,,,,,connected_peers=21,,,,,
server,peer_replication_merge_delta,completed,1788428998020453,178842684286994605,,22,,1788428998015907,1788428998020433,1788428998020453,,,"delta_len=15,sent_us=1788428997996247",,,,,20
server,client_mutation,completed,1788428998228253,178842684286994605,,,,1788428998226089,1788428998226089,1788428998228253,,,http_data_plane,,,,,2164
server,peer_replication_get_delta,completed,1788428998358960,178842684286994605,178842684286997603,22,,1788428998358791,1788428998358797,1788428998358960,,,"delta_len=31,sent_us=1788428998358095",,,,,163
server,client_mutation,completed,1788428998727921,178842684286994605,,,,1788428998725713,1788428998725713,1788428998727921,,,http_data_plane,,,,,2208
server,peer_replication_pull_request,sent,1788428998977956,178842684286994605,,,,,,,,,connected_peers=21,,,,,
server,peer_replication_get_delta,completed,1788428999077839,178842684286994605,178842683956184202,22,,1788428999077651,1788428999077660,1788428999077839,,,"delta_len=27,sent_us=1788428999060637",,,,,179
server,client_mutation,completed,1788428999228355,178842684286994605,,,,1788428999225646,1788428999225646,1788428999228355,,,http_data_plane,,,,,2709
server,peer_replication_get_delta,completed,1788428999269284,178842684286994605,178842684114093203,22,,1788428999268743,1788428999268748,1788428999269284,,,"delta_len=76,sent_us=1788428999252175",,,,,536
server,membership_directory_read,completed,1788428999553362,178842684286994605,,,,,1788428999503873,1788428999553362,,,poll:184 descriptors,,,,,49489
server,client_mutation,completed,1788428999750167,178842684286994605,,,,1788428999726820,1788428999726820,1788428999750167,,,http_data_plane,,,,,23347
server,client_mutation,completed,1788429000227951,178842684286994605,,,,1788429000225647,1788429000225647,1788429000227951,,,http_data_plane,,,,,2304
server,peer_replication_pull_request,sent,1788429000768627,178842684286994605,,,,,,,,,connected_peers=19,,,,,
server,client_mutation,completed,1788429000726833,178842684286994605,,,,1788429000725583,1788429000725583,1788429000726833,,,http_data_plane,,,,,1250
server,peer_replication_get_delta,completed,1788429000768786,178842684286994605,178842684426432102,22,,1788429000768639,1788429000768642,1788429000768786,,,"delta_len=43,sent_us=1788428999950847",,,,,144
server,peer_replication_get_delta,completed,1788429000768882,178842684286994605,178842684114093203,22,,1788429000768805,1788429000768807,1788429000768882,,,"delta_len=98,sent_us=1788429000252987",,,,,75
server,peer_replication_pull_request,sent,1788429000977352,178842684286994605,,,,,,,,,connected_peers=19,,,,,
server,client_mutation,completed,1788429001230371,178842684286994605,,,,1788429001227244,1788429001227244,1788429001230371,,,http_data_plane,,,,,3127
server,peer_replication_get_delta,completed,1788429001297569,178842684286994605,178842684426433105,22,,1788429001297422,1788429001297430,1788429001297569,,,"delta_len=32,sent_us=1788429001285856",,,,,139
server,peer_replication_get_delta,completed,1788429001540104,178842684286994605,178842684426435105,22,,1788429001539842,1788429001539848,1788429001540104,,,"delta_len=16,sent_us=1788429001526034",,,,,256
server,client_mutation,completed,1788429001726962,178842684286994605,,,,1788429001725842,1788429001725842,1788429001726962,,,http_data_plane,,,,,1120
server,peer_replication_get_delta,completed,1788429001763545,178842684286994605,178842684114094202,22,,1788429001763360,1788429001763365,1788429001763545,,,"delta_len=16,sent_us=1788429001748297",,,,,180
server,peer_replication_get_delta,completed,1788429001926973,178842684286994605,178842684286996604,22,,1788429001926813,1788429001926819,1788429001926973,,,"delta_len=20,sent_us=1788429001926279",,,,,154
server,peer_replication_pull_request,sent,1788429001977248,178842684286994605,,,,,,,,,connected_peers=19,,,,,
server,gc_observed,start,1788429002005571,178842684286994605,,23,,,,,,,,,,,,
server,gc_observed,completed,1788429002836945,178842684286994605,,23,,,,,,,,,,,,
server,peer_replication_merge_delta,completed,1788429002861573,178842684286994605,,23,,1788429002005569,1788429002861422,1788429002861573,,,"delta_len=141,sent_us=1788429001991127",,,,,151
server,client_mutation,completed,1788429002837834,178842684286994605,,,,1788429002225938,1788429002225938,1788429002837834,,,http_data_plane,,,,,611896
server,client_mutation,completed,1788429002838939,178842684286994605,,,,1788429002739468,1788429002739468,1788429002838939,,,http_data_plane,,,,,99471
server,peer_replication_get_delta,completed,1788429002861799,178842684286994605,178842684426432102,23,,1788429002861662,1788429002861663,1788429002861799,,,"delta_len=116,sent_us=1788429002086661",,,,,136
server,peer_replication_get_delta,completed,1788429002861862,178842684286994605,178842684114091205,23,,1788429002861836,1788429002861838,1788429002861862,,,"delta_len=61,sent_us=1788429002666377",,,,,24
server,peer_replication_pull_request,sent,1788429002977274,178842684286994605,,,,,,,,,connected_peers=19,,,,,
server,peer_replication_merge_delta,completed,1788429003004151,178842684286994605,,23,,1788429003001864,1788429003004139,1788429003004151,,,"delta_len=3,sent_us=1788429002990035",,,,,12
server,client_mutation,completed,1788429003226717,178842684286994605,,,,1788429003225643,1788429003225643,1788429003226717,,,http_data_plane,,,,,1074
server,client_mutation,completed,1788429003726996,178842684286994605,,,,1788429003725768,1788429003725768,1788429003726996,,,http_data_plane,,,,,1228
server,peer_replication_pull_request,sent,1788429003976956,178842684286994605,,,,,,,,,connected_peers=19,,,,,
server,peer_replication_get_delta,completed,1788429003986749,178842684286994605,178842684114092204,23,,1788429003986560,1788429003986564,1788429003986749,,,"delta_len=71,sent_us=1788429003971106",,,,,185
server,peer_replication_merge_delta,completed,1788429004019414,178842684286994605,,23,,1788429003999186,1788429004019385,1788429004019414,,,"delta_len=39,sent_us=1788429003991587",,,,,29
server,client_mutation,completed,1788429004239792,178842684286994605,,,,1788429004230138,1788429004230138,1788429004239792,,,http_data_plane,,,,,9654
server,membership_directory_read,completed,1788429004557792,178842684286994605,,,,,1788429004503856,1788429004557792,,,poll:185 descriptors,,,,,53936
server,client_mutation,completed,1788429004727386,178842684286994605,,,,1788429004725791,1788429004725791,1788429004727386,,,http_data_plane,,,,,1595
server,peer_replication_pull_request,sent,1788429004977930,178842684286994605,,,,,,,,,connected_peers=18,,,,,
server,peer_replication_merge_delta,completed,1788429004984311,178842684286994605,,23,,1788429004979818,1788429004984262,1788429004984311,,,"delta_len=45,sent_us=1788429004978885",,,,,49
server,peer_replication_get_delta,completed,1788429005099538,178842684286994605,178842684426432102,23,,1788429005099264,1788429005099271,1788429005099538,,,"delta_len=35,sent_us=1788429005087108",,,,,267
server,client_mutation,completed,1788429005227019,178842684286994605,,,,1788429005225803,1788429005225804,1788429005227019,,,http_data_plane,,,,,1215
server,peer_replication_get_delta,completed,1788429005278236,178842684286994605,178842683956185205,23,,1788429005278099,1788429005278104,1788429005278236,,,"delta_len=33,sent_us=1788429005260818",,,,,132
server,client_mutation,completed,1788429005727356,178842684286994605,,,,1788429005726017,1788429005726018,1788429005727356,,,http_data_plane,,,,,1338
server,peer_replication_pull_request,sent,1788429005977379,178842684286994605,,,,,,,,,connected_peers=18,,,,,
server,peer_replication_merge_delta,completed,1788429006024208,178842684286994605,,23,,1788429006008170,1788429006023926,1788429006024208,,,"delta_len=143,sent_us=1788429005991921",,,,,282
server,client_mutation,completed,1788429006226621,178842684286994605,,,,1788429006225605,1788429006225605,1788429006226621,,,http_data_plane,,,,,1016
server,peer_replication_get_delta,completed,1788429006478973,178842684286994605,178842684286995605,23,,1788429006478584,1788429006478589,1788429006478973,,,"delta_len=77,sent_us=1788429006477874",,,,,384
server,client_mutation,completed,1788429006726591,178842684286994605,,,,1788429006725596,1788429006725596,1788429006726591,,,http_data_plane,,,,,995
server,peer_replication_pull_request,sent,1788429006977432,178842684286994605,,,,,,,,,connected_peers=18,,,,,
server,peer_replication_merge_delta,completed,1788429007006000,178842684286994605,,23,,1788429007002081,1788429007005981,1788429007006000,,,"delta_len=11,sent_us=1788429006990322",,,,,19
server,client_mutation,completed,1788429007226817,178842684286994605,,,,1788429007225785,1788429007225785,1788429007226817,,,http_data_plane,,,,,1032
server,peer_replication_get_delta,completed,1788429007515872,178842684286994605,178842684426434105,23,,1788429007515728,1788429007515734,1788429007515872,,,"delta_len=44,sent_us=1788429007503985",,,,,138
server,client_mutation,completed,1788429007726891,178842684286994605,,,,1788429007725579,1788429007725580,1788429007726891,,,http_data_plane,,,,,1311
server,peer_replication_get_delta,completed,1788429007925784,178842684286994605,178842684286996604,23,,1788429007925609,1788429007925613,1788429007925784,,,"delta_len=25,sent_us=1788429007924996",,,,,171
server,peer_replication_pull_request,sent,1788429007977419,178842684286994605,,,,,,,,,connected_peers=18,,,,,
server,peer_replication_get_delta,completed,1788429007986124,178842684286994605,178842684114092204,23,,1788429007985987,1788429007985992,1788429007986124,,,"delta_len=7,sent_us=1788429007970307",,,,,132
server,peer_replication_merge_delta,completed,1788429007999830,178842684286994605,,23,,1788429007997055,1788429007999811,1788429007999830,,,"delta_len=15,sent_us=1788429007991514",,,,,19
server,client_mutation,completed,1788429008227704,178842684286994605,,,,1788429008226017,1788429008226017,1788429008227704,,,http_data_plane,,,,,1687
server,peer_replication_get_delta,completed,1788429008681375,178842684286994605,178842684114091205,23,,1788429008681152,1788429008681158,1788429008681375,,,"delta_len=21,sent_us=1788429008665773",,,,,217
server,client_mutation,completed,1788429008727717,178842684286994605,,,,1788429008726422,1788429008726422,1788429008727717,,,http_data_plane,,,,,1295
server,peer_replication_pull_request,sent,1788429008977611,178842684286994605,,,,,,,,,connected_peers=18,,,,,
server,peer_replication_merge_delta,completed,1788429008986702,178842684286994605,,23,,1788429008979157,1788429008986640,1788429008986702,,,"delta_len=80,sent_us=1788429008978325",,,,,62
server,client_mutation,completed,1788429009227341,178842684286994605,,,,1788429009226088,1788429009226088,1788429009227341,,,http_data_plane,,,,,1253
server,membership_directory_read,completed,1788429009561497,178842684286994605,,,,,1788429009503692,1788429009561497,,,poll:185 descriptors,,,,,57805
server,client_mutation,completed,1788429009726692,178842684286994605,,,,1788429009725597,1788429009725597,1788429009726692,,,http_data_plane,,,,,1095
server,peer_replication_pull_request,sent,1788429009977490,178842684286994605,,,,,,,,,connected_peers=18,,,,,
server,peer_replication_merge_delta,completed,1788429010006133,178842684286994605,,23,,1788429010002750,1788429010006120,1788429010006133,,,"delta_len=11,sent_us=1788429009990318",,,,,13
server,client_mutation,completed,1788429010227078,178842684286994605,,,,1788429010225923,1788429010225923,1788429010227078,,,http_data_plane,,,,,1155
server,peer_replication_get_delta,completed,1788429010681844,178842684286994605,178842684114091205,23,,1788429010681359,1788429010681363,1788429010681844,,,"delta_len=59,sent_us=1788429010665686",,,,,481
server,client_mutation,completed,1788429010727029,178842684286994605,,,,1788429010725661,1788429010725661,1788429010727029,,,http_data_plane,,,,,1368
server,peer_replication_pull_request,sent,1788429010977136,178842684286994605,,,,,,,,,connected_peers=18,,,,,
server,peer_replication_merge_delta,completed,1788429010983277,178842684286994605,,23,,1788429010978604,1788429010983234,1788429010983277,,,"delta_len=43,sent_us=1788429010977886",,,,,43
server,client_mutation,completed,1788429011227294,178842684286994605,,,,1788429011225745,1788429011225745,1788429011227294,,,http_data_plane,,,,,1549
server,peer_replication_get_delta,completed,1788429011281142,178842684286994605,178842683956185205,23,,1788429011280898,1788429011280904,1788429011281142,,,"delta_len=55,sent_us=1788429011261911",,,,,238
server,client_mutation,completed,1788429011733378,178842684286994605,,,,1788429011726547,1788429011726548,1788429011733378,,,http_data_plane,,,,,6830
server,peer_replication_get_delta,completed,1788429011926105,178842684286994605,178842684286996604,23,,1788429011925961,1788429011925966,1788429011926105,,,"delta_len=20,sent_us=1788429011925453",,,,,139
server,peer_replication_get_delta,completed,1788429012078154,178842684286994605,178842683956184202,23,,1788429012077976,1788429012077980,1788429012078154,,,"delta_len=71,sent_us=1788429012060923",,,,,174
server,client_mutation,completed,1788429012228019,178842684286994605,,,,1788429012226890,1788429012226890,1788429012228019,,,http_data_plane,,,,,1129
server,client_mutation,completed,1788429012727035,178842684286994605,,,,1788429012725866,1788429012725866,1788429012727035,,,http_data_plane,,,,,1169
server,peer_replication_pull_request,sent,1788429012977572,178842684286994605,,,,,,,,,connected_peers=17,,,,,
server,client_mutation,completed,1788429013227246,178842684286994605,,,,1788429013225927,1788429013225927,1788429013227246,,,http_data_plane,,,,,1319
server,peer_replication_get_delta,completed,1788429013268528,178842684286994605,178842684114093203,23,,1788429013268385,1788429013268390,1788429013268528,,,"delta_len=7,sent_us=1788429013252167",,,,,138
server,peer_replication_get_delta,completed,1788429013277809,178842684286994605,178842683956185205,23,,1788429013277677,1788429013277682,1788429013277809,,,"delta_len=4,sent_us=1788429013260281",,,,,127
server,peer_replication_get_delta,completed,1788429013359929,178842684286994605,178842684286997603,23,,1788429013359704,1788429013359709,1788429013359929,,,"delta_len=17,sent_us=1788429013358402",,,,,220
server,client_mutation,completed,1788429013728280,178842684286994605,,,,1788429013727052,1788429013727052,1788429013728280,,,http_data_plane,,,,,1228
server,peer_replication_pull_request,sent,1788429013976978,178842684286994605,,,,,,,,,connected_peers=17,,,,,
server,peer_replication_merge_delta,completed,1788429014007595,178842684286994605,,23,,1788429014000515,1788429014007466,1788429014007595,,,"delta_len=38,sent_us=1788429013994645",,,,,129
server,client_mutation,completed,1788429014227596,178842684286994605,,,,1788429014226188,1788429014226189,1788429014227596,,,http_data_plane,,,,,1407
server,peer_replication_get_delta,completed,1788429014478701,178842684286994605,178842684286995605,23,,1788429014478552,1788429014478557,1788429014478701,,,"delta_len=44,sent_us=1788429014477999",,,,,144
server,membership_directory_read,completed,1788429014559627,178842684286994605,,,,,1788429014504319,1788429014559627,,,poll:185 descriptors,,,,,55308
server,client_mutation,completed,1788429014727286,178842684286994605,,,,1788429014725841,1788429014725841,1788429014727286,,,http_data_plane,,,,,1445
server,peer_replication_get_delta,completed,1788429014764739,178842684286994605,178842684114094202,23,,1788429014764495,1788429014764500,1788429014764739,,,"delta_len=45,sent_us=1788429014748560",,,,,239
server,peer_replication_pull_request,sent,1788429014977262,178842684286994605,,,,,,,,,connected_peers=17,,,,,
server,peer_replication_merge_delta,completed,1788429015038880,178842684286994605,,23,,1788429015011150,1788429015038803,1788429015038880,,,"delta_len=87,sent_us=1788429014991931",,,,,77
server,client_mutation,completed,1788429015227667,178842684286994605,,,,1788429015226326,1788429015226326,1788429015227667,,,http_data_plane,,,,,1341
server,client_mutation,completed,1788429015728115,178842684286994605,,,,1788429015726261,1788429015726261,1788429015728115,,,http_data_plane,,,,,1854
server,peer_replication_pull_request,sent,1788429015977001,178842684286994605,,,,,,,,,connected_peers=17,,,,,
server,peer_replication_merge_delta,completed,1788429016019942,178842684286994605,,23,,1788429016006734,1788429016019857,1788429016019942,,,"delta_len=122,sent_us=1788429015991191",,,,,85
server,client_mutation,completed,1788429016226706,178842684286994605,,,,1788429016225605,1788429016225605,1788429016226706,,,http_data_plane,,,,,1101
server,client_mutation,completed,1788429016726721,178842684286994605,,,,1788429016725610,1788429016725610,1788429016726721,,,http_data_plane,,,,,1111
server,peer_replication_pull_request,sent,1788429016977617,178842684286994605,,,,,,,,,connected_peers=17,,,,,
server,peer_replication_merge_delta,completed,1788429016991012,178842684286994605,,23,,1788429016979090,1788429016990899,1788429016991012,,,"delta_len=147,sent_us=1788429016978306",,,,,113
server,client_mutation,completed,1788429017226768,178842684286994605,,,,1788429017225636,1788429017225636,1788429017226768,,,http_data_plane,,,,,1132
server,peer_replication_get_delta,completed,1788429017399126,178842684286994605,178842684114090205,23,,1788429017398938,1788429017398943,1788429017399126,,,"delta_len=85,sent_us=1788429017383545",,,,,183
server,client_mutation,completed,1788429017726519,178842684286994605,,,,1788429017725571,1788429017725572,1788429017726519,,,http_data_plane,,,,,947
server,peer_replication_pull_request,sent,1788429017977366,178842684286994605,,,,,,,,,connected_peers=17,,,,,
server,peer_replication_merge_delta,completed,1788429018006781,178842684286994605,,23,,1788429018001535,1788429018006751,1788429018006781,,,"delta_len=37,sent_us=1788429017995481",,,,,30
server,client_mutation,completed,1788429018226782,178842684286994605,,,,1788429018225556,1788429018225556,1788429018226782,,,http_data_plane,,,,,1226
server,peer_replication_get_delta,completed,1788429018279851,178842684286994605,178842683956185205,23,,1788429018278811,1788429018278817,1788429018279851,,,"delta_len=76,sent_us=1788429018261007",,,,,1034
server,client_mutation,completed,1788429018726665,178842684286994605,,,,1788429018725578,1788429018725578,1788429018726665,,,http_data_plane,,,,,1087
server,peer_replication_pull_request,sent,1788429018977899,178842684286994605,,,,,,,,,connected_peers=17,,,,,
server,peer_replication_merge_delta,completed,1788429019012774,178842684286994605,,23,,1788429019007889,1788429019012725,1788429019012774,,,"delta_len=43,sent_us=1788429018992516",,,,,49
server,client_mutation,completed,1788429019227191,178842684286994605,,,,1788429019226033,1788429019226033,1788429019227191,,,http_data_plane,,,,,1158
server,membership_directory_read,completed,1788429019569372,178842684286994605,,,,,1788429019504020,1788429019569372,,,poll:185 descriptors,,,,,65352
server,client_mutation,completed,1788429019727370,178842684286994605,,,,1788429019726244,1788429019726244,1788429019727370,,,http_data_plane,,,,,1126
server,peer_replication_get_delta,completed,1788429019926583,178842684286994605,178842684286996604,23,,1788429019926414,1788429019926419,1788429019926583,,,"delta_len=34,sent_us=1788429019925077",,,,,164
server,peer_replication_pull_request,sent,1788429019977864,178842684286994605,,,,,,,,,connected_peers=17,,,,,
server,peer_replication_merge_delta,completed,1788429019985810,178842684286994605,,23,,1788429019980735,1788429019985763,1788429019985810,,,"delta_len=49,sent_us=1788429019979663",,,,,47
server,client_mutation,completed,1788429020228749,178842684286994605,,,,1788429020225671,1788429020225672,1788429020228749,,,http_data_plane,,,,,3077
server,peer_replication_get_delta,completed,1788429020269024,178842684286994605,178842684114093203,23,,1788429020268585,1788429020268591,1788429020269024,,,"delta_len=80,sent_us=1788429020252527",,,,,433
server,client_mutation,completed,1788429020726602,178842684286994605,,,,1788429020725574,1788429020725574,1788429020726602,,,http_data_plane,,,,,1028
server,peer_replication_get_delta,completed,1788429020763835,178842684286994605,178842684114094202,23,,1788429020763687,1788429020763693,1788429020763835,,,"delta_len=34,sent_us=1788429020748620",,,,,142
server,peer_replication_pull_request,sent,1788429020977713,178842684286994605,,,,,,,,,connected_peers=17,,,,,
server,peer_replication_merge_delta,completed,1788429021001780,178842684286994605,,23,,1788429020997439,1788429021001737,1788429021001780,,,"delta_len=28,sent_us=1788429020991902",,,,,43
server,client_mutation,completed,1788429021228765,178842684286994605,,,,1788429021225603,1788429021225604,1788429021228765,,,http_data_plane,,,,,3161
server,client_mutation,completed,1788429021728571,178842684286994605,,,,1788429021725721,1788429021725722,1788429021728571,,,http_data_plane,,,,,2849
server,peer_replication_pull_request,sent,1788429021977948,178842684286994605,,,,,,,,,connected_peers=17,,,,,
server,peer_replication_merge_delta,completed,1788429021984561,178842684286994605,,23,,1788429021979555,1788429021984522,1788429021984561,,,"delta_len=38,sent_us=1788429021978787",,,,,39
server,client_mutation,completed,1788429022230906,178842684286994605,,,,1788429022225773,1788429022225773,1788429022230906,,,http_data_plane,,,,,5133
server,client_mutation,completed,1788429022726846,178842684286994605,,,,1788429022725672,1788429022725672,1788429022726846,,,http_data_plane,,,,,1174
server,peer_replication_pull_request,sent,1788429022977880,178842684286994605,,,,,,,,,connected_peers=17,,,,,
server,peer_replication_merge_delta,completed,1788429022998551,178842684286994605,,23,,1788429022994542,1788429022998507,1788429022998551,,,"delta_len=37,sent_us=1788429022990802",,,,,44
server,peer_replication_get_delta,completed,1788429023078263,178842684286994605,178842683956184202,23,,1788429023078060,1788429023078065,1788429023078263,,,"delta_len=106,sent_us=1788429023060819",,,,,198
server,client_mutation,completed,1788429023226772,178842684286994605,,,,1788429023225695,1788429023225695,1788429023226772,,,http_data_plane,,,,,1077
server,peer_replication_get_delta,completed,1788429023297270,178842684286994605,178842684426433105,23,,1788429023297118,1788429023297124,1788429023297270,,,"delta_len=59,sent_us=1788429023285242",,,,,146
server,peer_replication_get_delta,completed,1788429023398653,178842684286994605,178842684114090205,23,,1788429023398504,1788429023398509,1788429023398653,,,"delta_len=88,sent_us=1788429023383522",,,,,144
server,peer_replication_get_delta,completed,1788429023681406,178842684286994605,178842684114091205,23,,1788429023681227,1788429023681232,1788429023681406,,,"delta_len=33,sent_us=1788429023665771",,,,,174
server,client_mutation,completed,1788429023727234,178842684286994605,,,,1788429023726225,1788429023726225,1788429023727234,,,http_data_plane,,,,,1009
server,peer_replication_pull_request,sent,1788429023977579,178842684286994605,,,,,,,,,connected_peers=17,,,,,
server,peer_replication_merge_delta,completed,1788429024017347,178842684286994605,,23,,1788429024006071,1788429024017260,1788429024017347,,,"delta_len=82,sent_us=1788429023991621",,,,,87
server,client_mutation,completed,1788429024228452,178842684286994605,,,,1788429024225889,1788429024225889,1788429024228452,,,http_data_plane,,,,,2563
server,peer_replication_get_delta,completed,1788429024278501,178842684286994605,178842683956185205,23,,1788429024278270,1788429024278277,1788429024278501,,,"delta_len=161,sent_us=1788429024261048",,,,,224
server,peer_replication_get_delta,completed,1788429024298234,178842684286994605,178842684426433105,23,,1788429024298071,1788429024298077,1788429024298234,,,"delta_len=77,sent_us=1788429024285867",,,,,157
server,membership_directory_read,completed,1788429024554767,178842684286994605,,,,,1788429024503818,1788429024554767,,,poll:185 descriptors,,,,,50949
server,client_mutation,completed,1788429024726701,178842684286994605,,,,1788429024725654,1788429024725655,1788429024726701,,,http_data_plane,,,,,1046
server,peer_replication_pull_request,sent,1788429024977172,178842684286994605,,,,,,,,,connected_peers=17,,,,,
server,peer_replication_get_delta,completed,1788429024986120,178842684286994605,178842684114092204,23,,1788429024985966,1788429024985971,1788429024986120,,,"delta_len=104,sent_us=1788429024970409",,,,,149
server,peer_replication_merge_delta,completed,1788429025006590,178842684286994605,,23,,1788429025001645,1788429025006569,1788429025006590,,,"delta_len=31,sent_us=1788429024995501",,,,,21
server,peer_replication_get_delta,completed,1788429025077973,178842684286994605,178842683956184202,23,,1788429025077817,1788429025077823,1788429025077973,,,"delta_len=84,sent_us=1788429025060735",,,,,150
server,peer_replication_get_delta,completed,1788429025099356,178842684286994605,178842684426432102,23,,1788429025099195,1788429025099201,1788429025099356,,,"delta_len=108,sent_us=1788429025087266",,,,,155
server,client_mutation,completed,1788429025226766,178842684286994605,,,,1788429025225852,1788429025225852,1788429025226766,,,http_data_plane,,,,,914
server,client_mutation,completed,1788429025726720,178842684286994605,,,,1788429025725667,1788429025725667,1788429025726720,,,http_data_plane,,,,,1053
server,peer_replication_pull_request,sent,1788429025977809,178842684286994605,,,,,,,,,connected_peers=17,,,,,
server,peer_replication_merge_delta,completed,1788429026005932,178842684286994605,,23,,1788429026001247,1788429026005908,1788429026005932,,,"delta_len=33,sent_us=1788429025995252",,,,,24
server,client_mutation,completed,1788429026227620,178842684286994605,,,,1788429026226175,1788429026226176,1788429026227620,,,http_data_plane,,,,,1444
server,peer_replication_get_delta,completed,1788429026359234,178842684286994605,178842684286997603,23,,1788429026359094,1788429026359099,1788429026359234,,,"delta_len=36,sent_us=1788429026358532",,,,,135
server,peer_replication_get_delta,completed,1788429026478151,178842684286994605,178842684286995605,23,,1788429026477990,1788429026477994,1788429026478151,,,"delta_len=108,sent_us=1788429026477428",,,,,157
server,client_mutation,completed,1788429026727266,178842684286994605,,,,1788429026726216,1788429026726216,1788429026727266,,,http_data_plane,,,,,1050
server,peer_replication_pull_request,sent,1788429026977345,178842684286994605,,,,,,,,,connected_peers=17,,,,,
server,peer_replication_merge_delta,completed,1788429027002811,178842684286994605,,23,,1788429026997473,1788429027002775,1788429027002811,,,"delta_len=40,sent_us=1788429026991730",,,,,36
server,client_mutation,completed,1788429027226598,178842684286994605,,,,1788429027225656,1788429027225656,1788429027226598,,,http_data_plane,,,,,942
server,client_mutation,completed,1788429027726648,178842684286994605,,,,1788429027725567,1788429027725567,1788429027726648,,,http_data_plane,,,,,1081
server,peer_replication_get_delta,completed,1788429027925683,178842684286994605,178842684286996604,23,,1788429027925527,1788429027925533,1788429027925683,,,"delta_len=14,sent_us=1788429027924965",,,,,150
server,peer_replication_pull_request,sent,1788429027977931,178842684286994605,,,,,,,,,connected_peers=17,,,,,
server,client_mutation,completed,1788429028226585,178842684286994605,,,,1788429028225578,1788429028225579,1788429028226585,,,http_data_plane,,,,,1006
server,client_mutation,completed,1788429028727298,178842684286994605,,,,1788429028726062,1788429028726062,1788429028727298,,,http_data_plane,,,,,1236
server,peer_replication_pull_request,sent,1788429028977584,178842684286994605,,,,,,,,,connected_peers=17,,,,,
server,peer_replication_merge_delta,completed,1788429028985758,178842684286994605,,23,,1788429028978805,1788429028985713,1788429028985758,,,"delta_len=59,sent_us=1788429028978274",,,,,45
server,client_mutation,completed,1788429029226765,178842684286994605,,,,1788429029225552,1788429029225552,1788429029226765,,,http_data_plane,,,,,1213
server,membership_directory_read,completed,1788429029552537,178842684286994605,,,,,1788429029503796,1788429029552537,,,poll:185 descriptors,,,,,48741
server,client_mutation,completed,1788429029727372,178842684286994605,,,,1788429029725577,1788429029725577,1788429029727372,,,http_data_plane,,,,,1795
server,peer_replication_get_delta,completed,1788429029755849,178842684286994605,178842684426435105,23,,1788429029755419,1788429029755425,1788429029755849,,,"delta_len=33,sent_us=1788429029741625",,,,,424
server,peer_replication_get_delta,completed,1788429029764081,178842684286994605,178842684114094202,23,,1788429029763936,1788429029763943,1788429029764081,,,"delta_len=12,sent_us=1788429029748546",,,,,138
server,client_mutation,completed,1788429030227125,178842684286994605,,,,1788429030225614,1788429030225614,1788429030227125,,,http_data_plane,,,,,1511
server,client_mutation,completed,1788429030726820,178842684286994605,,,,1788429030725749,1788429030725749,1788429030726820,,,http_data_plane,,,,,1071
server,peer_replication_pull_request,sent,1788429030977791,178842684286994605,,,,,,,,,connected_peers=16,,,,,
server,peer_replication_merge_delta,completed,1788429031022350,178842684286994605,,23,,1788429031007955,1788429031022182,1788429031022350,,,"delta_len=173,sent_us=1788429030992135",,,,,168
server,client_mutation,completed,1788429031226976,178842684286994605,,,,1788429031225582,1788429031225582,1788429031226976,,,http_data_plane,,,,,1394
server,peer_replication_get_delta,completed,1788429031426440,178842684286994605,178842684286993605,23,,1788429031426251,1788429031426258,1788429031426440,,,"delta_len=143,sent_us=1788429031425614",,,,,182
server,peer_replication_get_delta,completed,1788429031478364,178842684286994605,178842684286995605,23,,1788429031478204,1788429031478209,1788429031478364,,,"delta_len=159,sent_us=1788429031477658",,,,,155
server,client_mutation,completed,1788429031727334,178842684286994605,,,,1788429031725863,1788429031725863,1788429031727334,,,http_data_plane,,,,,1471
server,peer_replication_pull_request,sent,1788429031977393,178842684286994605,,,,,,,,,connected_peers=16,,,,,
server,peer_replication_merge_delta,completed,1788429031984013,178842684286994605,,23,,1788429031978840,1788429031983961,1788429031984013,,,"delta_len=43,sent_us=1788429031978301",,,,,52
server,client_mutation,completed,1788429032226770,178842684286994605,,,,1788429032225586,1788429032225586,1788429032226770,,,http_data_plane,,,,,1184
server,peer_replication_get_delta,completed,1788429032268764,178842684286994605,178842684114093203,23,,1788429032268607,1788429032268612,1788429032268764,,,"delta_len=63,sent_us=1788429032252973",,,,,152
server,peer_replication_get_delta,completed,1788429032358960,178842684286994605,178842684286997603,23,,1788429032358779,1788429032358784,1788429032358960,,,"delta_len=137,sent_us=1788429032358246",,,,,176
server,peer_replication_get_delta,completed,1788429032426513,178842684286994605,178842684286993605,23,,1788429032426379,1788429032426384,1788429032426513,,,"delta_len=2,sent_us=1788429032425873",,,,,129
server,peer_replication_get_delta,completed,1788429032478821,178842684286994605,178842684286995605,23,,1788429032478684,1788429032478691,1788429032478821,,,"delta_len=15,sent_us=1788429032478126",,,,,130
server,client_mutation,completed,1788429032726936,178842684286994605,,,,1788429032725662,1788429032725662,1788429032726936,,,http_data_plane,,,,,1274
server,peer_replication_get_delta,completed,1788429032756143,178842684286994605,178842684426435105,23,,1788429032755743,1788429032755749,1788429032756143,,,"delta_len=26,sent_us=1788429032741586",,,,,394
server,peer_replication_pull_request,sent,1788429032977727,178842684286994605,,,,,,,,,connected_peers=16,,,,,
server,peer_replication_merge_delta,completed,1788429033002649,178842684286994605,,23,,1788429032997470,1788429033002607,1788429033002649,,,"delta_len=42,sent_us=1788429032991945",,,,,42
server,client_mutation,completed,1788429033227002,178842684286994605,,,,1788429033225751,1788429033225751,1788429033227002,,,http_data_plane,,,,,1251
server,client_mutation,completed,1788429033726740,178842684286994605,,,,1788429033725538,1788429033725538,1788429033726740,,,http_data_plane,,,,,1202
server,peer_replication_get_delta,completed,1788429033755707,178842684286994605,178842684426435105,23,,1788429033755441,1788429033755446,1788429033755707,,,"delta_len=15,sent_us=1788429033741622",,,,,261
server,peer_replication_get_delta,completed,1788429033926042,178842684286994605,178842684286996604,23,,1788429033925751,1788429033925758,1788429033926042,,,"delta_len=43,sent_us=1788429033925133",,,,,284
server,peer_replication_pull_request,sent,1788429033977369,178842684286994605,,,,,,,,,connected_peers=16,,,,,
server,peer_replication_merge_delta,completed,1788429033998051,178842684286994605,,23,,1788429033994149,1788429033998010,1788429033998051,,,"delta_len=27,sent_us=1788429033990411",,,,,41
server,peer_replication_get_delta,completed,1788429034099317,178842684286994605,178842684426432102,23,,1788429034099104,1788429034099109,1788429034099317,,,"delta_len=24,sent_us=1788429034086892",,,,,208
server,client_mutation,completed,1788429034226722,178842684286994605,,,,1788429034225566,1788429034225566,1788429034226722,,,http_data_plane,,,,,1156
server,membership_directory_read,completed,1788429034552458,178842684286994605,,,,,1788429034503795,1788429034552458,,,poll:185 descriptors,,,,,48663
server,peer_replication_get_delta,completed,1788429034681772,178842684286994605,178842684114091205,23,,1788429034681548,1788429034681554,1788429034681772,,,"delta_len=19,sent_us=1788429034666180",,,,,218
server,client_mutation,completed,1788429034727228,178842684286994605,,,,1788429034725594,1788429034725594,1788429034727228,,,http_data_plane,,,,,1634
server,peer_replication_pull_request,sent,1788429034977283,178842684286994605,,,,,,,,,connected_peers=16,,,,,
server,peer_replication_merge_delta,completed,1788429034986312,178842684286994605,,23,,1788429034979650,1788429034986264,1788429034986312,,,"delta_len=63,sent_us=1788429034978712",,,,,48
server,client_mutation,completed,1788429035226800,178842684286994605,,,,1788429035225687,1788429035225687,1788429035226800,,,http_data_plane,,,,,1113
server,peer_replication_get_delta,completed,1788429035278620,178842684286994605,178842683956185205,23,,1788429035278388,1788429035278393,1788429035278620,,,"delta_len=84,sent_us=1788429035260940",,,,,227
server,client_mutation,completed,1788429035728640,178842684286994605,,,,1788429035726690,1788429035726690,1788429035728640,,,http_data_plane,,,,,1950
server,peer_replication_pull_request,sent,1788429035977616,178842684286994605,,,,,,,,,connected_peers=16,,,,,
server,peer_replication_merge_delta,completed,1788429036010375,178842684286994605,,23,,1788429035999638,1788429036010331,1788429036010375,,,"delta_len=71,sent_us=1788429035991988",,,,,44
server,peer_replication_get_delta,completed,1788429036098123,178842684286994605,178842684426432102,23,,1788429036097956,1788429036097962,1788429036098123,,,"delta_len=129,sent_us=1788429036086299",,,,,161
server,client_mutation,completed,1788429036226903,178842684286994605,,,,1788429036225613,1788429036225613,1788429036226903,,,http_data_plane,,,,,1290
server,client_mutation,completed,1788429036726786,178842684286994605,,,,1788429036725560,1788429036725560,1788429036726786,,,http_data_plane,,,,,1226
server,peer_replication_pull_request,sent,1788429036977633,178842684286994605,,,,,,,,,connected_peers=16,,,,,
server,peer_replication_merge_delta,completed,1788429037015482,178842684286994605,,23,,1788429037008185,1788429037015455,1788429037015482,,,"delta_len=32,sent_us=1788429036991814",,,,,27
server,client_mutation,completed,1788429037226679,178842684286994605,,,,1788429037225546,1788429037225547,1788429037226679,,,http_data_plane,,,,,1132
server,client_mutation,completed,1788429037726620,178842684286994605,,,,1788429037725586,1788429037725586,1788429037726620,,,http_data_plane,,,,,1034
server,peer_replication_pull_request,sent,1788429037977550,178842684286994605,,,,,,,,,connected_peers=16,,,,,
server,peer_replication_merge_delta,completed,1788429038015803,178842684286994605,,23,,1788429038007756,1788429038015733,1788429038015803,,,"delta_len=89,sent_us=1788429037991964",,,,,70
server,client_mutation,completed,1788429038227230,178842684286994605,,,,1788429038226119,1788429038226119,1788429038227230,,,http_data_plane,,,,,1111
server,client_mutation,completed,1788429038727341,178842684286994605,,,,1788429038726222,1788429038726222,1788429038727341,,,http_data_plane,,,,,1119
server,peer_replication_pull_request,sent,1788429038977758,178842684286994605,,,,,,,,,connected_peers=16,,,,,
server,peer_replication_merge_delta,completed,1788429038986755,178842684286994605,,23,,1788429038980172,1788429038986698,1788429038986755,,,"delta_len=67,sent_us=1788429038978780",,,,,57
server,client_mutation,completed,1788429039227449,178842684286994605,,,,1788429039225716,1788429039225716,1788429039227449,,,http_data_plane,,,,,1733
server,membership_directory_read,completed,1788429039555115,178842684286994605,,,,,1788429039503430,1788429039555115,,,poll:185 descriptors,,,,,51685
server,client_mutation,completed,1788429039726699,178842684286994605,,,,1788429039725561,1788429039725561,1788429039726699,,,http_data_plane,,,,,1138
server,peer_replication_get_delta,completed,1788429039764384,178842684286994605,178842684114094202,23,,1788429039764238,1788429039764244,1788429039764384,,,"delta_len=52,sent_us=1788429039748622",,,,,140
server,peer_replication_pull_request,sent,1788429039977872,178842684286994605,,,,,,,,,connected_peers=16,,,,,
server,peer_replication_merge_delta,completed,1788429040000145,178842684286994605,,23,,1788429039996817,1788429040000122,1788429040000145,,,"delta_len=18,sent_us=1788429039991802",,,,,23
server,client_mutation,completed,1788429040228242,178842684286994605,,,,1788429040226076,1788429040226076,1788429040228242,,,http_data_plane,,,,,2166
server,client_mutation,completed,1788429040727246,178842684286994605,,,,1788429040725939,1788429040725939,1788429040727246,,,http_data_plane,,,,,1307
server,peer_replication_pull_request,sent,1788429040977432,178842684286994605,,,,,,,,,connected_peers=16,,,,,
server,peer_replication_merge_delta,completed,1788429040986223,178842684286994605,,23,,1788429040981960,1788429040986196,1788429040986223,,,"delta_len=30,sent_us=1788429040980373",,,,,27
server,peer_replication_get_delta,completed,1788429041078490,178842684286994605,178842683956184202,23,,1788429041078062,1788429041078068,1788429041078490,,,"delta_len=84,sent_us=1788429041060743",,,,,422
server,client_mutation,completed,1788429041227829,178842684286994605,,,,1788429041226722,1788429041226722,1788429041227829,,,http_data_plane,,,,,1107
server,client_mutation,completed,1788429041726934,178842684286994605,,,,1788429041725844,1788429041725844,1788429041726934,,,http_data_plane,,,,,1090
server,peer_replication_pull_request,sent,1788429041976983,178842684286994605,,,,,,,,,connected_peers=16,,,,,
server,peer_replication_merge_delta,completed,1788429042002363,178842684286994605,,23,,1788429041993710,1788429042002324,1788429042002363,,,"delta_len=58,sent_us=1788429041989917",,,,,39
server,peer_replication_get_delta,completed,1788429042098684,178842684286994605,178842684426432102,23,,1788429042098429,1788429042098434,1788429042098684,,,"delta_len=75,sent_us=1788429042086537",,,,,250
server,client_mutation,completed,1788429042228541,178842684286994605,,,,1788429042226864,1788429042226864,1788429042228541,,,http_data_plane,,,,,1677
server,peer_replication_get_delta,completed,1788429042516490,178842684286994605,178842684426434105,23,,1788429042516257,1788429042516262,1788429042516490,,,"delta_len=110,sent_us=1788429042503974",,,,,228
server,client_mutation,completed,1788429042726896,178842684286994605,,,,1788429042725639,1788429042725639,1788429042726896,,,http_data_plane,,,,,1257
server,peer_replication_get_delta,completed,1788429042925867,178842684286994605,178842684286996604,23,,1788429042925720,1788429042925725,1788429042925867,,,"delta_len=7,sent_us=1788429042925009",,,,,142
server,peer_replication_pull_request,sent,1788429042977191,178842684286994605,,,,,,,,,connected_peers=16,,,,,
server,peer_replication_merge_delta,completed,1788429043005488,178842684286994605,,23,,1788429043002630,1788429043005473,1788429043005488,,,"delta_len=13,sent_us=1788429042990131",,,,,15
server,client_mutation,completed,1788429043226937,178842684286994605,,,,1788429043225908,1788429043225908,1788429043226937,,,http_data_plane,,,,,1029
server,peer_replication_get_delta,completed,1788429043359307,178842684286994605,178842684286997603,23,,1788429043359165,1788429043359173,1788429043359307,,,"delta_len=27,sent_us=1788429043358074",,,,,134
server,client_mutation,completed,1788429043726862,178842684286994605,,,,1788429043725898,1788429043725898,1788429043726862,,,http_data_plane,,,,,964
server,peer_replication_get_delta,completed,1788429043764207,178842684286994605,178842684114094202,23,,1788429043763969,1788429043763976,1788429043764207,,,"delta_len=50,sent_us=1788429043748373",,,,,231
server,peer_replication_pull_request,sent,1788429043977774,178842684286994605,,,,,,,,,connected_peers=16,,,,,
server,peer_replication_merge_delta,completed,1788429043997480,178842684286994605,,23,,1788429043994420,1788429043997458,1788429043997480,,,"delta_len=18,sent_us=1788429043990638",,,,,22
server,client_mutation,completed,1788429044226735,178842684286994605,,,,1788429044225584,1788429044225585,1788429044226735,,,http_data_plane,,,,,1150
server,membership_directory_read,completed,1788429044552610,178842684286994605,,,,,1788429044503338,1788429044552610,,,poll:185 descriptors,,,,,49272
server,client_mutation,completed,1788429044726957,178842684286994605,,,,1788429044725738,1788429044725738,1788429044726957,,,http_data_plane,,,,,1219
server,peer_replication_get_delta,completed,1788429044765043,178842684286994605,178842684114094202,23,,1788429044764895,1788429044764901,1788429044765043,,,"delta_len=11,sent_us=1788429044749304",,,,,142
server,peer_replication_pull_request,sent,1788429044977507,178842684286994605,,,,,,,,,connected_peers=16,,,,,
server,peer_replication_merge_delta,completed,1788429045039405,178842684286994605,,23,,1788429045002236,1788429045039374,1788429045039405,,,"delta_len=9,sent_us=1788429044990472",,,,,31
server,peer_replication_get_delta,completed,1788429045099382,178842684286994605,178842684426432102,23,,1788429045098936,1788429045098942,1788429045099382,,,"delta_len=3,sent_us=1788429045086862",,,,,440
server,client_mutation,completed,1788429045232122,178842684286994605,,,,1788429045229307,1788429045229307,1788429045232122,,,http_data_plane,,,,,2815
server,peer_replication_get_delta,completed,1788429045681135,178842684286994605,178842684114091205,23,,1788429045680989,1788429045680994,1788429045681135,,,"delta_len=24,sent_us=1788429045665542",,,,,141
server,client_mutation,completed,1788429045726601,178842684286994605,,,,1788429045725564,1788429045725564,1788429045726601,,,http_data_plane,,,,,1037
server,peer_replication_get_delta,completed,1788429045926169,178842684286994605,178842684286996604,23,,1788429045926013,1788429045926018,1788429045926169,,,"delta_len=21,sent_us=1788429045925166",,,,,151
server,peer_replication_pull_request,sent,1788429045977526,178842684286994605,,,,,,,,,connected_peers=16,,,,,
server,peer_replication_merge_delta,completed,1788429046017784,178842684286994605,,23,,1788429046007731,1788429046017699,1788429046017784,,,"delta_len=98,sent_us=1788429045992061",,,,,85
server,client_mutation,completed,1788429046227711,178842684286994605,,,,1788429046225808,1788429046225808,1788429046227711,,,http_data_plane,,,,,1903
server,client_mutation,completed,1788429046726733,178842684286994605,,,,1788429046725557,1788429046725557,1788429046726733,,,http_data_plane,,,,,1176
server,peer_replication_get_delta,completed,1788429046925899,178842684286994605,178842684286996604,23,,1788429046925747,1788429046925763,1788429046925899,,,"delta_len=30,sent_us=1788429046924942",,,,,136
server,peer_replication_pull_request,sent,1788429046977114,178842684286994605,,,,,,,,,connected_peers=16,,,,,
server,peer_replication_merge_delta,completed,1788429047007318,178842684286994605,,23,,1788429047000836,1788429047007007,1788429047007318,,,"delta_len=67,sent_us=1788429046994840",,,,,311
server,client_mutation,completed,1788429047226706,178842684286994605,,,,1788429047225655,1788429047225655,1788429047226706,,,http_data_plane,,,,,1051
server,client_mutation,completed,1788429047726653,178842684286994605,,,,1788429047725579,1788429047725580,1788429047726653,,,http_data_plane,,,,,1073
server,peer_replication_pull_request,sent,1788429047977546,178842684286994605,,,,,,,,,connected_peers=16,,,,,
server,peer_replication_merge_delta,completed,1788429047987650,178842684286994605,,23,,1788429047979715,1788429047987569,1788429047987650,,,"delta_len=95,sent_us=1788429047978641",,,,,81
server,client_mutation,completed,1788429048227024,178842684286994605,,,,1788429048225918,1788429048225918,1788429048227024,,,http_data_plane,,,,,1106
server,peer_replication_get_delta,completed,1788429048425994,178842684286994605,178842684286993605,23,,1788429048425847,1788429048425853,1788429048425994,,,"delta_len=32,sent_us=1788429048425213",,,,,141
server,peer_replication_get_delta,completed,1788429048478458,178842684286994605,178842684286995605,23,,1788429048478311,1788429048478317,1788429048478458,,,"delta_len=27,sent_us=1788429048477660",,,,,141
server,client_mutation,completed,1788429048726767,178842684286994605,,,,1788429048725575,1788429048725575,1788429048726767,,,http_data_plane,,,,,1192
server,peer_replication_get_delta,completed,1788429048755772,178842684286994605,178842684426435105,23,,1788429048755608,1788429048755613,1788429048755772,,,"delta_len=87,sent_us=1788429048741736",,,,,159
server,peer_replication_pull_request,sent,1788429048977585,178842684286994605,,,,,,,,,connected_peers=16,,,,,
server,peer_replication_merge_delta,completed,1788429049004864,178842684286994605,,23,,1788429048998677,1788429049004833,1788429049004864,,,"delta_len=40,sent_us=1788429048992268",,,,,31
server,peer_replication_get_delta,completed,1788429049077763,178842684286994605,178842683956184202,23,,1788429049077616,1788429049077621,1788429049077763,,,"delta_len=61,sent_us=1788429049060629",,,,,142
server,client_mutation,completed,1788429049226617,178842684286994605,,,,1788429049225574,1788429049225574,1788429049226617,,,http_data_plane,,,,,1043
server,peer_replication_get_delta,completed,1788429049479151,178842684286994605,178842684286995605,23,,1788429049478999,1788429049479005,1788429049479151,,,"delta_len=42,sent_us=1788429049478132",,,,,146
server,peer_replication_get_delta,completed,1788429049516371,178842684286994605,178842684426434105,23,,1788429049516197,1788429049516202,1788429049516371,,,"delta_len=103,sent_us=1788429049503968",,,,,169
server,membership_directory_read,completed,1788429049556281,178842684286994605,,,,,1788429049503666,1788429049556281,,,poll:185 descriptors,,,,,52615
server,peer_replication_get_delta,completed,1788429049682019,178842684286994605,178842684114091205,23,,1788429049681878,1788429049681885,1788429049682019,,,"delta_len=2,sent_us=1788429049666384",,,,,134
server,client_mutation,completed,1788429049727192,178842684286994605,,,,1788429049725527,1788429049725527,1788429049727192,,,http_data_plane,,,,,1665
server,peer_replication_pull_request,sent,1788429049977154,178842684286994605,,,,,,,,,connected_peers=16,,,,,
server,peer_replication_merge_delta,completed,1788429049980499,178842684286994605,,23,,1788429049978439,1788429049980489,1788429049980499,,,"delta_len=4,sent_us=1788429049977914",,,,,10
server,client_mutation,completed,1788429050226685,178842684286994605,,,,1788429050225597,1788429050225597,1788429050226685,,,http_data_plane,,,,,1088
server,peer_replication_get_delta,completed,1788429050359380,178842684286994605,178842684286997603,23,,1788429050359223,1788429050359229,1788429050359380,,,"delta_len=21,sent_us=1788429050358469",,,,,151
server,client_mutation,completed,1788429050727164,178842684286994605,,,,1788429050726070,1788429050726070,1788429050727164,,,http_data_plane,,,,,1094
server,peer_replication_pull_request,sent,1788429050977232,178842684286994605,,,,,,,,,connected_peers=16,,,,,
server,peer_replication_merge_delta,completed,1788429051002460,178842684286994605,,23,,1788429050997301,1788429051002419,1788429051002460,,,"delta_len=50,sent_us=1788429050991580",,,,,41
server,peer_replication_get_delta,completed,1788429051098812,178842684286994605,178842684426432102,23,,1788429051098662,1788429051098667,1788429051098812,,,"delta_len=43,sent_us=1788429051086951",,,,,145
server,client_mutation,completed,1788429051226708,178842684286994605,,,,1788429051225601,1788429051225601,1788429051226708,,,http_data_plane,,,,,1107
server,client_mutation,completed,1788429051726657,178842684286994605,,,,1788429051725627,1788429051725627,1788429051726657,,,http_data_plane,,,,,1030
server,peer_replication_pull_request,sent,1788429051977632,178842684286994605,,,,,,,,,connected_peers=16,,,,,
server,peer_replication_merge_delta,completed,1788429051983203,178842684286994605,,23,,1788429051978857,1788429051983165,1788429051983203,,,"delta_len=47,sent_us=1788429051978265",,,,,38
server,client_mutation,completed,1788429052226828,178842684286994605,,,,1788429052225613,1788429052225613,1788429052226828,,,http_data_plane,,,,,1215
server,peer_replication_get_delta,completed,1788429052359077,178842684286994605,178842684286997603,23,,1788429052358928,1788429052358933,1788429052359077,,,"delta_len=39,sent_us=1788429052357886",,,,,144
server,peer_replication_get_delta,completed,1788429052683222,178842684286994605,178842684114091205,23,,1788429052683071,1788429052683077,1788429052683222,,,"delta_len=65,sent_us=1788429052665951",,,,,145
server,client_mutation,completed,1788429052726708,178842684286994605,,,,1788429052725591,1788429052725591,1788429052726708,,,http_data_plane,,,,,1117
server,peer_replication_pull_request,sent,1788429052977708,178842684286994605,,,,,,,,,connected_peers=16,,,,,
server,peer_replication_merge_delta,completed,1788429052997587,178842684286994605,,23,,1788429052994281,1788429052997561,1788429052997587,,,"delta_len=14,sent_us=1788429052990605",,,,,26
server,client_mutation,completed,1788429053226788,178842684286994605,,,,1788429053225584,1788429053225584,1788429053226788,,,http_data_plane,,,,,1204
server,client_mutation,completed,1788429053726728,178842684286994605,,,,1788429053725780,1788429053725780,1788429053726728,,,http_data_plane,,,,,948
server,peer_replication_pull_request,sent,1788429053977633,178842684286994605,,,,,,,,,connected_peers=16,,,,,
server,peer_replication_merge_delta,completed,1788429053982647,178842684286994605,,23,,1788429053979161,1788429053982543,1788429053982647,,,"delta_len=26,sent_us=1788429053978294",,,,,104
server,client_mutation,completed,1788429054227062,178842684286994605,,,,1788429054225944,1788429054225944,1788429054227062,,,http_data_plane,,,,,1118
server,peer_replication_get_delta,completed,1788429054478763,178842684286994605,178842684286995605,23,,1788429054478603,1788429054478609,1788429054478763,,,"delta_len=28,sent_us=1788429054477865",,,,,154
server,membership_directory_read,completed,1788429054557444,178842684286994605,,,,,1788429054503098,1788429054557444,,,poll:185 descriptors,,,,,54346
server,client_mutation,completed,1788429054727367,178842684286994605,,,,1788429054725729,1788429054725729,1788429054727367,,,http_data_plane,,,,,1638
server,peer_replication_pull_request,sent,1788429054977156,178842684286994605,,,,,,,,,connected_peers=16,,,,,
server,peer_replication_merge_delta,completed,1788429054982559,178842684286994605,,23,,1788429054979775,1788429054982541,1788429054982559,,,"delta_len=17,sent_us=1788429054978484",,,,,18
server,client_mutation,completed,1788429055231609,178842684286994605,,,,1788429055228759,1788429055228759,1788429055231609,,,http_data_plane,,,,,2850
server,peer_replication_get_delta,completed,1788429055297773,178842684286994605,178842684426433105,23,,1788429055297623,1788429055297629,1788429055297773,,,"delta_len=44,sent_us=1788429055285775",,,,,144
server,peer_replication_get_delta,completed,1788429055398731,178842684286994605,178842684114090205,23,,1788429055398579,1788429055398585,1788429055398731,,,"delta_len=62,sent_us=1788429055383104",,,,,146
server,peer_replication_get_delta,completed,1788429055515840,178842684286994605,178842684426434105,23,,1788429055515696,1788429055515700,1788429055515840,,,"delta_len=46,sent_us=1788429055503855",,,,,140
server,client_mutation,completed,1788429055726678,178842684286994605,,,,1788429055725564,1788429055725564,1788429055726678,,,http_data_plane,,,,,1114
server,peer_replication_get_delta,completed,1788429055756089,178842684286994605,178842684426435105,23,,1788429055755941,1788429055755947,1788429055756089,,,"delta_len=36,sent_us=1788429055741707",,,,,142
server,peer_replication_pull_request,sent,1788429055977557,178842684286994605,,,,,,,,,connected_peers=16,,,,,
server,peer_replication_merge_delta,completed,1788429055983138,178842684286994605,,23,,1788429055979398,1788429055983099,1788429055983138,,,"delta_len=41,sent_us=1788429055978323",,,,,39
server,client_mutation,completed,1788429056226747,178842684286994605,,,,1788429056225546,1788429056225546,1788429056226747,,,http_data_plane,,,,,1201
server,peer_replication_get_delta,completed,1788429056399014,178842684286994605,178842684114090205,23,,1788429056398852,1788429056398858,1788429056399014,,,"delta_len=43,sent_us=1788429056383301",,,,,156
server,client_mutation,completed,1788429056726817,178842684286994605,,,,1788429056725806,1788429056725806,1788429056726817,,,http_data_plane,,,,,1011
server,peer_replication_pull_request,sent,1788429056977918,178842684286994605,,,,,,,,,connected_peers=16,,,,,
server,gc_observed,start,1788429056998445,178842684286994605,,24,,,,,,,,,,,,
server,gc_observed,completed,1788429057343875,178842684286994605,,24,,,,,,,,,,,,
server,peer_replication_merge_delta,completed,1788429057348554,178842684286994605,,24,,1788429056998443,1788429057348536,1788429057348554,,,"delta_len=17,sent_us=1788429056992327",,,,,18
server,client_mutation,completed,1788429057344967,178842684286994605,,,,1788429057225714,1788429057225714,1788429057344967,,,http_data_plane,,,,,119253
server,peer_replication_get_delta,completed,1788429057478475,178842684286994605,178842684286995605,24,,1788429057478374,1788429057478377,1788429057478475,,,"delta_len=61,sent_us=1788429057477784",,,,,98
server,peer_replication_get_delta,completed,1788429057681765,178842684286994605,178842684114091205,24,,1788429057681651,1788429057681655,1788429057681765,,,"delta_len=18,sent_us=1788429057666263",,,,,110
server,client_mutation,completed,1788429057726983,178842684286994605,,,,1788429057725762,1788429057725762,1788429057726983,,,http_data_plane,,,,,1221
server,peer_replication_get_delta,completed,1788429057926375,178842684286994605,178842684286996604,24,,1788429057926272,1788429057926276,1788429057926375,,,"delta_len=12,sent_us=1788429057925566",,,,,99
server,peer_replication_pull_request,sent,1788429057977785,178842684286994605,,,,,,,,,connected_peers=16,,,,,
server,peer_replication_merge_delta,refused_stale_gc,1788429058002688,178842684286994605,,23,1788429057990555,1788429058002687,,,,,"remote_gc_counter=23,current_gc_counter=24,delta_len=204",,,,,1
server,client_mutation,completed,1788429058226691,178842684286994605,,,,1788429058225572,1788429058225573,1788429058226691,,,http_data_plane,,,,,1118
server,client_mutation,completed,1788429058726834,178842684286994605,,,,1788429058725857,1788429058725857,1788429058726834,,,http_data_plane,,,,,977
server,peer_replication_pull_request,sent,1788429058977765,178842684286994605,,,,,,,,,connected_peers=16,,,,,
server,peer_replication_merge_delta,completed,1788429059017076,178842684286994605,,24,,1788429059005954,1788429059017001,1788429059017076,,,"delta_len=156,sent_us=1788429058991747",,,,,75
server,client_mutation,completed,1788429059226750,178842684286994605,,,,1788429059225712,1788429059225712,1788429059226750,,,http_data_plane,,,,,1038
server,peer_replication_connection,established,1788429059319849,178842684286994605,178842683849156806,,,,,,,,,,,,,
server,membership_directory_read,completed,1788429059653492,178842684286994605,,,,,1788429059502952,1788429059653492,,,poll:189 descriptors,,,,,150540
server,client_mutation,completed,1788429059748995,178842684286994605,,,,1788429059729644,1788429059729644,1788429059748995,,,http_data_plane,,,,,19351
server,peer_replication_pull_request,sent,1788429059977382,178842684286994605,,,,,,,,,connected_peers=17,,,,,
server,peer_replication_merge_delta,refused_stale_gc,1788429060032181,178842684286994605,,23,1788429059991824,1788429060032180,,,,,"remote_gc_counter=23,current_gc_counter=24,delta_len=132",,,,,1
server,peer_replication_get_delta,completed,1788429060098778,178842684286994605,178842684426432102,24,,1788429060098657,1788429060098662,1788429060098778,,,"delta_len=6,sent_us=1788429060086738",,,,,116
server,client_mutation,completed,1788429060232786,178842684286994605,,,,1788429060229694,1788429060229694,1788429060232786,,,http_data_plane,,,,,3092
server,peer_replication_connection,established,1788429060462214,178842684286994605,178842683849157806,,,,,,,,,,,,,
server,client_mutation,completed,1788429060727871,178842684286994605,,,,1788429060726296,1788429060726296,1788429060727871,,,http_data_plane,,,,,1575
server,peer_replication_pull_request,sent,1788429060977899,178842684286994605,,,,,,,,,connected_peers=18,,,,,
server,peer_replication_merge_delta,completed,1788429060988681,178842684286994605,,24,,1788429060980855,1788429060988593,1788429060988681,,,"delta_len=103,sent_us=1788429060979951",,,,,88
server,client_mutation,completed,1788429061226770,178842684286994605,,,,1788429061225595,1788429061225595,1788429061226770,,,http_data_plane,,,,,1175
server,peer_replication_get_delta,completed,1788429061681907,178842684286994605,178842684114091205,24,,1788429061681785,1788429061681790,1788429061681907,,,"delta_len=74,sent_us=1788429061666336",,,,,117
server,client_mutation,completed,1788429061726828,178842684286994605,,,,1788429061725573,1788429061725573,1788429061726828,,,http_data_plane,,,,,1255
server,peer_replication_connection,established,1788429061972457,178842684286994605,178842683849158806,,,,,,,,,,,,,
server,peer_replication_pull_request,sent,1788429061977639,178842684286994605,,,,,,,,,connected_peers=19,,,,,
server,peer_replication_merge_delta,completed,1788429062006435,178842684286994605,,24,,1788429061994247,1788429062006353,1788429062006435,,,"delta_len=67,sent_us=1788429061990475",,,,,82
server,peer_replication_get_delta,completed,1788429062099226,178842684286994605,178842684426432102,24,,1788429062099106,1788429062099112,1788429062099226,,,"delta_len=80,sent_us=1788429062086722",,,,,114
server,client_mutation,completed,1788429062227168,178842684286994605,,,,1788429062225880,1788429062225881,1788429062227168,,,http_data_plane,,,,,1287
server,peer_replication_get_delta,completed,1788429062358741,178842684286994605,178842684286997603,24,,1788429062358624,1788429062358630,1788429062358741,,,"delta_len=31,sent_us=1788429062357931",,,,,111
server,peer_replication_get_delta,completed,1788429062516100,178842684286994605,178842684426434105,24,,1788429062515848,1788429062515854,1788429062516100,,,"delta_len=18,sent_us=1788429062504022",,,,,246
server,client_mutation,completed,1788429062728396,178842684286994605,,,,1788429062726288,1788429062726288,1788429062728396,,,http_data_plane,,,,,2108
server,peer_replication_pull_request,sent,1788429062977852,178842684286994605,,,,,,,,,connected_peers=19,,,,,
server,peer_replication_merge_delta,completed,1788429063080682,178842684286994605,,24,,1788429063065676,1788429063080556,1788429063080682,,,"delta_len=134,sent_us=1788429063020764",,,,,126
server,client_mutation,completed,1788429063231698,178842684286994605,,,,1788429063226095,1788429063226095,1788429063231698,,,http_data_plane,,,,,5603
server,client_mutation,completed,1788429063729803,178842684286994605,,,,1788429063728222,1788429063728222,1788429063729803,,,http_data_plane,,,,,1581
server,peer_replication_pull_request,sent,1788429063977840,178842684286994605,,,,,,,,,connected_peers=19,,,,,
server,peer_replication_merge_delta,completed,1788429064005351,178842684286994605,,24,,1788429064001188,1788429064005315,1788429064005351,,,"delta_len=42,sent_us=1788429063995175",,,,,36
server,client_mutation,completed,1788429064227061,178842684286994605,,,,1788429064225809,1788429064225809,1788429064227061,,,http_data_plane,,,,,1252
server,membership_directory_read,completed,1788429064561840,178842684286994605,,,,,1788429064503325,1788429064561840,,,poll:191 descriptors,,,,,58515
server,client_mutation,completed,1788429064727127,178842684286994605,,,,1788429064725985,1788429064725985,1788429064727127,,,http_data_plane,,,,,1142
server,peer_replication_pull_request,sent,1788429064977276,178842684286994605,,,,,,,,,connected_peers=19,,,,,
server,peer_replication_merge_delta,completed,1788429064984485,178842684286994605,,24,,1788429064979766,1788429064984324,1788429064984485,,,"delta_len=17,sent_us=1788429064978568",,,,,161
server,client_mutation,completed,1788429065227260,178842684286994605,,,,1788429065225965,1788429065225965,1788429065227260,,,http_data_plane,,,,,1295
server,peer_replication_get_delta,completed,1788429065681794,178842684286994605,178842684114091205,24,,1788429065681674,1788429065681679,1788429065681794,,,"delta_len=32,sent_us=1788429065666202",,,,,115
server,client_mutation,completed,1788429065726715,178842684286994605,,,,1788429065725551,1788429065725551,1788429065726715,,,http_data_plane,,,,,1164
server,peer_replication_pull_request,sent,1788429065977577,178842684286994605,,,,,,,,,connected_peers=19,,,,,
server,peer_replication_merge_delta,completed,1788429066048599,178842684286994605,,24,,1788429066042317,1788429066048545,1788429066048599,,,"delta_len=57,sent_us=1788429066024211",,,,,54
server,client_mutation,completed,1788429066227149,178842684286994605,,,,1788429066225670,1788429066225670,1788429066227149,,,http_data_plane,,,,,1479
server,peer_replication_get_delta,completed,1788429066297460,178842684286994605,178842684426433105,24,,1788429066297333,1788429066297337,1788429066297460,,,"delta_len=55,sent_us=1788429066285677",,,,,123
server,client_mutation,completed,1788429066726772,178842684286994605,,,,1788429066725606,1788429066725606,1788429066726772,,,http_data_plane,,,,,1166
server,peer_replication_pull_request,sent,1788429066978091,178842684286994605,,,,,,,,,connected_peers=19,,,,,
server,peer_replication_merge_delta,completed,1788429067004554,178842684286994605,,24,,1788429066999927,1788429067004521,1788429067004554,,,"delta_len=35,sent_us=1788429066992866",,,,,33
server,client_mutation,completed,1788429067231671,178842684286994605,,,,1788429067227012,1788429067227012,1788429067231671,,,http_data_plane,,,,,4659
server,peer_replication_get_delta,completed,1788429067268849,178842684286994605,178842684114093203,24,,1788429067268648,1788429067268653,1788429067268849,,,"delta_len=56,sent_us=1788429067253204",,,,,196
server,peer_replication_get_delta,completed,1788429067359381,178842684286994605,178842684286997603,24,,1788429067359268,1788429067359273,1788429067359381,,,"delta_len=54,sent_us=1788429067358379",,,,,108
server,client_mutation,completed,1788429067726552,178842684286994605,,,,1788429067725558,1788429067725559,1788429067726552,,,http_data_plane,,,,,993
server,peer_replication_pull_request,sent,1788429067977558,178842684286994605,,,,,,,,,connected_peers=19,,,,,
server,peer_replication_merge_delta,completed,1788429067997556,178842684286994605,,24,,1788429067994686,1788429067997522,1788429067997556,,,"delta_len=17,sent_us=1788429067990885",,,,,34
server,client_mutation,completed,1788429068227411,178842684286994605,,,,1788429068225564,1788429068225564,1788429068227411,,,http_data_plane,,,,,1847
server,peer_replication_get_delta,completed,1788429068278388,178842684286994605,178842683956185205,24,,1788429068278269,1788429068278276,1788429068278388,,,"delta_len=35,sent_us=1788429068261040",,,,,112
server,peer_replication_get_delta,completed,1788429068426932,178842684286994605,178842684286993605,24,,1788429068426817,1788429068426823,1788429068426932,,,"delta_len=62,sent_us=1788429068426114",,,,,109
server,peer_replication_get_delta,completed,1788429068492469,178842684286994605,178842683849157806,24,,1788429068492318,1788429068492323,1788429068492469,,,"delta_len=29,sent_us=1788429068451101",,,,,146
server,client_mutation,completed,1788429068727185,178842684286994605,,,,1788429068725961,1788429068725961,1788429068727185,,,http_data_plane,,,,,1224
server,peer_replication_get_delta,completed,1788429068976502,178842684286994605,178842683849158806,24,,1788429068976387,1788429068976392,1788429068976502,,,"delta_len=22,sent_us=1788429068935500",,,,,110
server,peer_replication_pull_request,sent,1788429068977705,178842684286994605,,,,,,,,,connected_peers=19,,,,,
server,peer_replication_merge_delta,completed,1788429068987572,178842684286994605,,24,,1788429068979113,1788429068987425,1788429068987572,,,"delta_len=86,sent_us=1788429068978338",,,,,147
server,client_mutation,completed,1788429069229253,178842684286994605,,,,1788429069228075,1788429069228075,1788429069229253,,,http_data_plane,,,,,1178
server,membership_directory_read,completed,1788429069556743,178842684286994605,,,,,1788429069503316,1788429069556743,,,poll:191 descriptors,,,,,53427
server,client_mutation,completed,1788429069726915,178842684286994605,,,,1788429069725809,1788429069725809,1788429069726915,,,http_data_plane,,,,,1106
server,peer_replication_pull_request,sent,1788429069977910,178842684286994605,,,,,,,,,connected_peers=19,,,,,
server,peer_replication_merge_delta,completed,1788429070014298,178842684286994605,,24,,1788429070002040,1788429070014236,1788429070014298,,,"delta_len=66,sent_us=1788429069995731",,,,,62
server,client_mutation,completed,1788429070228866,178842684286994605,,,,1788429070226466,1788429070226466,1788429070228866,,,http_data_plane,,,,,2400
server,peer_replication_get_delta,completed,1788429070399815,178842684286994605,178842684114090205,24,,1788429070399381,1788429070399386,1788429070399815,,,"delta_len=123,sent_us=1788429070382957",,,,,429
server,client_mutation,completed,1788429070727779,178842684286994605,,,,1788429070726222,1788429070726223,1788429070727779,,,http_data_plane,,,,,1556
server,peer_replication_get_delta,completed,1788429070755797,178842684286994605,178842684426435105,24,,1788429070755685,1788429070755691,1788429070755797,,,"delta_len=27,sent_us=1788429070741706",,,,,106
server,peer_replication_pull_request,sent,1788429070977259,178842684286994605,,,,,,,,,connected_peers=19,,,,,
server,client_mutation,completed,1788429071227644,178842684286994605,,,,1788429071225826,1788429071225826,1788429071227644,,,http_data_plane,,,,,1818
server,client_mutation,completed,1788429071727759,178842684286994605,,,,1788429071725660,1788429071725660,1788429071727759,,,http_data_plane,,,,,2099
server,peer_replication_get_delta,completed,1788429071756500,178842684286994605,178842684426435105,24,,1788429071756288,1788429071756296,1788429071756500,,,"delta_len=2,sent_us=1788429071742116",,,,,204
server,peer_replication_pull_request,sent,1788429071977086,178842684286994605,,,,,,,,,connected_peers=19,,,,,
server,peer_replication_merge_delta,completed,1788429071990323,178842684286994605,,24,,1788429071981008,1788429071989589,1788429071990323,,,"delta_len=72,sent_us=1788429071978317",,,,,734
server,client_mutation,completed,1788429072229691,178842684286994605,,,,1788429072227320,1788429072227320,1788429072229691,,,http_data_plane,,,,,2371
server,client_mutation,completed,1788429072729824,178842684286994605,,,,1788429072726185,1788429072726185,1788429072729824,,,http_data_plane,,,,,3639
server,peer_replication_pull_request,sent,1788429072980104,178842684286994605,,,,,,,,,connected_peers=19,,,,,
server,peer_replication_merge_delta,completed,1788429072989167,178842684286994605,,24,,1788429072981530,1788429072989101,1788429072989167,,,"delta_len=75,sent_us=1788429072980784",,,,,66
server,client_mutation,completed,1788429073228495,178842684286994605,,,,1788429073225999,1788429073225999,1788429073228495,,,http_data_plane,,,,,2496
server,client_mutation,completed,1788429073729410,178842684286994605,,,,1788429073727133,1788429073727133,1788429073729410,,,http_data_plane,,,,,2277
server,peer_replication_pull_request,sent,1788429073977113,178842684286994605,,,,,,,,,connected_peers=19,,,,,
server,peer_replication_merge_delta,completed,1788429074012865,178842684286994605,,24,,1788429074006562,1788429074012840,1788429074012865,,,"delta_len=13,sent_us=1788429073989921",,,,,25
server,client_mutation,completed,1788429074228191,178842684286994605,,,,1788429074225809,1788429074225809,1788429074228191,,,http_data_plane,,,,,2382
server,peer_replication_get_delta,completed,1788429074399453,178842684286994605,178842684114090205,24,,1788429074399264,1788429074399270,1788429074399453,,,"delta_len=52,sent_us=1788429074383555",,,,,183
server,membership_directory_read,completed,1788429074556999,178842684286994605,,,,,1788429074503731,1788429074556999,,,poll:191 descriptors,,,,,53268
server,client_mutation,completed,1788429074728035,178842684286994605,,,,1788429074725776,1788429074725776,1788429074728035,,,http_data_plane,,,,,2259
server,peer_replication_pull_request,sent,1788429074977608,178842684286994605,,,,,,,,,connected_peers=19,,,,,
server,peer_replication_merge_delta,completed,1788429075018478,178842684286994605,,24,,1788429075008264,1788429075018465,1788429075018478,,,"delta_len=11,sent_us=1788429074991851",,,,,13
server,client_mutation,completed,1788429075228253,178842684286994605,,,,1788429075225610,1788429075225610,1788429075228253,,,http_data_plane,,,,,2643
server,client_mutation,completed,1788429075729003,178842684286994605,,,,1788429075726108,1788429075726108,1788429075729003,,,http_data_plane,,,,,2895
server,peer_replication_get_delta,completed,1788429075755765,178842684286994605,178842684426435105,24,,1788429075755647,1788429075755652,1788429075755765,,,"delta_len=28,sent_us=1788429075741517",,,,,113
server,peer_replication_pull_request,sent,1788429075978054,178842684286994605,,,,,,,,,connected_peers=19,,,,,
server,peer_replication_merge_delta,completed,1788429076044561,178842684286994605,,24,,1788429076036114,1788429076044404,1788429076044561,,,"delta_len=73,sent_us=1788429076021472",,,,,157
server,client_mutation,completed,1788429076228341,178842684286994605,,,,1788429076225926,1788429076225926,1788429076228341,,,http_data_plane,,,,,2415
server,client_mutation,completed,1788429076728183,178842684286994605,,,,1788429076725652,1788429076725652,1788429076728183,,,http_data_plane,,,,,2531
server,peer_replication_pull_request,sent,1788429076977243,178842684286994605,,,,,,,,,connected_peers=19,,,,,
server,peer_replication_merge_delta,completed,1788429076987433,178842684286994605,,24,,1788429076979368,1788429076987386,1788429076987433,,,"delta_len=69,sent_us=1788429076977867",,,,,47
server,client_mutation,completed,1788429077228772,178842684286994605,,,,1788429077226340,1788429077226340,1788429077228772,,,http_data_plane,,,,,2432
server,client_mutation,completed,1788429077727818,178842684286994605,,,,1788429077725587,1788429077725587,1788429077727818,,,http_data_plane,,,,,2231
server,peer_replication_pull_request,sent,1788429077978083,178842684286994605,,,,,,,,,connected_peers=19,,,,,
server,peer_replication_merge_delta,completed,1788429077991269,178842684286994605,,24,,1788429077980706,1788429077991196,1788429077991269,,,"delta_len=55,sent_us=1788429077979195",,,,,73
server,client_mutation,completed,1788429078228618,178842684286994605,,,,1788429078225920,1788429078225920,1788429078228618,,,http_data_plane,,,,,2698
server,client_mutation,completed,1788429078728521,178842684286994605,,,,1788429078726245,1788429078726245,1788429078728521,,,http_data_plane,,,,,2276
server,peer_replication_pull_request,sent,1788429078977707,178842684286994605,,,,,,,,,connected_peers=19,,,,,
server,peer_replication_merge_delta,completed,1788429079007208,178842684286994605,,24,,1788429078996504,1788429079007180,1788429079007208,,,"delta_len=28,sent_us=1788429078991098",,,,,28
server,peer_replication_get_delta,completed,1788429079098814,178842684286994605,178842684426432102,24,,1788429079098504,1788429079098509,1788429079098814,,,"delta_len=66,sent_us=1788429079086658",,,,,305
server,client_mutation,completed,1788429079228940,178842684286994605,,,,1788429079226162,1788429079226162,1788429079228940,,,http_data_plane,,,,,2778
server,peer_replication_get_delta,completed,1788429079280056,178842684286994605,178842683956185205,24,,1788429079277915,1788429079277922,1788429079280056,,,"delta_len=40,sent_us=1788429079260634",,,,,2134
server,membership_directory_read,completed,1788429079571257,178842684286994605,,,,,1788429079503279,1788429079571257,,,poll:191 descriptors,,,,,67978
server,client_mutation,completed,1788429079728211,178842684286994605,,,,1788429079725843,1788429079725843,1788429079728211,,,http_data_plane,,,,,2368
server,peer_replication_pull_request,sent,1788429079977232,178842684286994605,,,,,,,,,connected_peers=19,,,,,
server,peer_replication_merge_delta,completed,1788429079989131,178842684286994605,,24,,1788429079979923,1788429079989106,1788429079989131,,,"delta_len=16,sent_us=1788429079979205",,,,,25
server,client_mutation,completed,1788429080232239,178842684286994605,,,,1788429080229996,1788429080229996,1788429080232239,,,http_data_plane,,,,,2243
server,client_mutation,completed,1788429080728084,178842684286994605,,,,1788429080725749,1788429080725749,1788429080728084,,,http_data_plane,,,,,2335
server,peer_replication_pull_request,sent,1788429080977294,178842684286994605,,,,,,,,,connected_peers=19,,,,,
server,peer_replication_merge_delta,completed,1788429081001679,178842684286994605,,24,,1788429080994425,1788429081001555,1788429081001679,,,"delta_len=58,sent_us=1788429080990266",,,,,124
server,client_mutation,completed,1788429081228550,178842684286994605,,,,1788429081225907,1788429081225907,1788429081228550,,,http_data_plane,,,,,2643
server,client_mutation,completed,1788429081728718,178842684286994605,,,,1788429081726267,1788429081726267,1788429081728718,,,http_data_plane,,,,,2451
server,peer_replication_get_delta,completed,1788429081764217,178842684286994605,178842684114094202,24,,1788429081764095,1788429081764101,1788429081764217,,,"delta_len=45,sent_us=1788429081748580",,,,,116
server,peer_replication_pull_request,sent,1788429081977850,178842684286994605,,,,,,,,,connected_peers=19,,,,,
server,peer_replication_merge_delta,completed,1788429082016757,178842684286994605,,24,,1788429082003092,1788429082016734,1788429082016757,,,"delta_len=29,sent_us=1788429081990772",,,,,23
server,client_mutation,completed,1788429082227768,178842684286994605,,,,1788429082225586,1788429082225586,1788429082227768,,,http_data_plane,,,,,2182
server,client_mutation,completed,1788429082729469,178842684286994605,,,,1788429082727377,1788429082727378,1788429082729469,,,http_data_plane,,,,,2091
server,peer_replication_get_delta,completed,1788429082764731,178842684286994605,178842684114094202,24,,1788429082764466,1788429082764470,1788429082764731,,,"delta_len=26,sent_us=1788429082748901",,,,,261
server,peer_replication_get_delta,completed,1788429082926382,178842684286994605,178842684286996604,24,,1788429082926246,1788429082926251,1788429082926382,,,"delta_len=35,sent_us=1788429082925545",,,,,131
server,peer_replication_pull_request,sent,1788429082977844,178842684286994605,,,,,,,,,connected_peers=19,,,,,
server,peer_replication_merge_delta,completed,1788429082983983,178842684286994605,,24,,1788429082979457,1788429082983962,1788429082983983,,,"delta_len=25,sent_us=1788429082978538",,,,,21
server,client_mutation,completed,1788429083228976,178842684286994605,,,,1788429083226807,1788429083226807,1788429083228976,,,http_data_plane,,,,,2169
server,peer_replication_get_delta,completed,1788429083359926,178842684286994605,178842684286997603,24,,1788429083359471,1788429083359477,1788429083359926,,,"delta_len=40,sent_us=1788429083358541",,,,,449
server,client_mutation,completed,1788429083728254,178842684286994605,,,,1788429083725789,1788429083725789,1788429083728254,,,http_data_plane,,,,,2465
server,peer_replication_pull_request,sent,1788429083977786,178842684286994605,,,,,,,,,connected_peers=19,,,,,
server,peer_replication_merge_delta,completed,1788429083988866,178842684286994605,,24,,1788429083979461,1788429083988807,1788429083988866,,,"delta_len=97,sent_us=1788429083978678",,,,,59
server,client_mutation,completed,1788429084229635,178842684286994605,,,,1788429084227156,1788429084227156,1788429084229635,,,http_data_plane,,,,,2479
server,peer_replication_get_delta,completed,1788429084400848,178842684286994605,178842684114090205,24,,1788429084400506,1788429084400513,1788429084400848,,,"delta_len=98,sent_us=1788429084383074",,,,,335
server,membership_directory_read,completed,1788429084560726,178842684286994605,,,,,1788429084503960,1788429084560726,,,poll:191 descriptors,,,,,56766
server,client_mutation,completed,1788429084728001,178842684286994605,,,,1788429084725716,1788429084725717,1788429084728001,,,http_data_plane,,,,,2284
server,peer_replication_pull_request,sent,1788429084976965,178842684286994605,,,,,,,,,connected_peers=19,,,,,
server,peer_replication_merge_delta,completed,1788429085006550,178842684286994605,,24,,1788429084996681,1788429085006509,1788429085006550,,,"delta_len=77,sent_us=1788429084991082",,,,,41
server,client_mutation,completed,1788429085228001,178842684286994605,,,,1788429085225656,1788429085225656,1788429085228001,,,http_data_plane,,,,,2345
server,client_mutation,completed,1788429085728116,178842684286994605,,,,1788429085725743,1788429085725743,1788429085728116,,,http_data_plane,,,,,2373
server,peer_replication_pull_request,sent,1788429085977308,178842684286994605,,,,,,,,,connected_peers=19,,,,,
server,peer_replication_merge_delta,completed,1788429086005449,178842684286994605,,24,,1788429085997206,1788429086005405,1788429086005449,,,"delta_len=41,sent_us=1788429085991507",,,,,44
server,peer_replication_get_delta,completed,1788429086078512,178842684286994605,178842683956184202,24,,1788429086078295,1788429086078301,1788429086078512,,,"delta_len=69,sent_us=1788429086061155",,,,,211
server,client_mutation,completed,1788429086227744,178842684286994605,,,,1788429086225596,1788429086225596,1788429086227744,,,http_data_plane,,,,,2148
server,peer_replication_get_delta,completed,1788429086268600,178842684286994605,178842684114093203,24,,1788429086268482,1788429086268488,1788429086268600,,,"delta_len=47,sent_us=1788429086252984",,,,,112
server,client_mutation,completed,1788429086727837,178842684286994605,,,,1788429086725648,1788429086725648,1788429086727837,,,http_data_plane,,,,,2189
server,peer_replication_pull_request,sent,1788429086978027,178842684286994605,,,,,,,,,connected_peers=19,,,,,
server,peer_replication_merge_delta,completed,1788429086985570,178842684286994605,,24,,1788429086980666,1788429086985511,1788429086985570,,,"delta_len=35,sent_us=1788429086979429",,,,,59
server,client_mutation,completed,1788429087228508,178842684286994605,,,,1788429087225570,1788429087225570,1788429087228508,,,http_data_plane,,,,,2938
server,peer_replication_get_delta,completed,1788429087359856,178842684286994605,178842684286997603,24,,1788429087358878,1788429087359586,1788429087359856,,,"delta_len=31,sent_us=1788429087358244",,,,,270
server,peer_replication_get_delta,completed,1788429087426391,178842684286994605,178842684286993605,24,,1788429087426278,1788429087426283,1788429087426391,,,"delta_len=36,sent_us=1788429087425407",,,,,108
server,client_mutation,completed,1788429087729257,178842684286994605,,,,1788429087725733,1788429087725733,1788429087729257,,,http_data_plane,,,,,3524
server,peer_replication_pull_request,sent,1788429087977244,178842684286994605,,,,,,,,,connected_peers=19,,,,,
server,peer_replication_merge_delta,completed,1788429088000453,178842684286994605,,24,,1788429087994042,1788429088000426,1788429088000453,,,"delta_len=29,sent_us=1788429087990083",,,,,27
server,client_mutation,completed,1788429088229612,178842684286994605,,,,1788429088226035,1788429088226035,1788429088229612,,,http_data_plane,,,,,3577
server,client_mutation,completed,1788429088727693,178842684286994605,,,,1788429088725549,1788429088725549,1788429088727693,,,http_data_plane,,,,,2144
server,peer_replication_pull_request,sent,1788429088977820,178842684286994605,,,,,,,,,connected_peers=19,,,,,
server,peer_replication_merge_delta,completed,1788429089009466,178842684286994605,,24,,1788429089001493,1788429089009433,1788429089009466,,,"delta_len=43,sent_us=1788429088995588",,,,,33
server,client_mutation,completed,1788429089227741,178842684286994605,,,,1788429089225583,1788429089225583,1788429089227741,,,http_data_plane,,,,,2158
server,peer_replication_get_delta,completed,1788429089479165,178842684286994605,178842684286995605,24,,1788429089479050,1788429089479055,1788429089479165,,,"delta_len=25,sent_us=1788429089478257",,,,,110
server,membership_directory_read,completed,1788429089556536,178842684286994605,,,,,1788429089503769,1788429089556536,,,poll:191 descriptors,,,,,52767
server,client_mutation,completed,1788429089727715,178842684286994605,,,,1788429089725591,1788429089725591,1788429089727715,,,http_data_plane,,,,,2124
server,peer_replication_get_delta,completed,1788429089925979,178842684286994605,178842684286996604,24,,1788429089925851,1788429089925856,1788429089925979,,,"delta_len=6,sent_us=1788429089925148",,,,,123
server,peer_replication_pull_request,sent,1788429089977276,178842684286994605,,,,,,,,,connected_peers=19,,,,,
server,peer_replication_merge_delta,completed,1788429090019097,178842684286994605,,24,,1788429090014484,1788429090019081,1788429090019097,,,"delta_len=6,sent_us=1788429089994965",,,,,16
server,client_mutation,completed,1788429090228055,178842684286994605,,,,1788429090225592,1788429090225592,1788429090228055,,,http_data_plane,,,,,2463
server,client_mutation,completed,1788429090727745,178842684286994605,,,,1788429090725583,1788429090725583,1788429090727745,,,http_data_plane,,,,,2162
server,peer_replication_pull_request,sent,1788429090977759,178842684286994605,,,,,,,,,connected_peers=19,,,,,
server,peer_replication_merge_delta,completed,1788429090986839,178842684286994605,,24,,1788429090979084,1788429090986767,1788429090986839,,,"delta_len=82,sent_us=1788429090978403",,,,,72
server,client_mutation,completed,1788429091228732,178842684286994605,,,,1788429091225537,1788429091225537,1788429091228732,,,http_data_plane,,,,,3195
server,client_mutation,completed,1788429091727576,178842684286994605,,,,1788429091725611,1788429091725611,1788429091727576,,,http_data_plane,,,,,1965
server,peer_replication_pull_request,sent,1788429091977635,178842684286994605,,,,,,,,,connected_peers=19,,,,,
server,peer_replication_merge_delta,completed,1788429092078480,178842684286994605,,24,,1788429092067923,1788429092078403,1788429092078480,,,"delta_len=107,sent_us=1788429092026335",,,,,77
server,client_mutation,completed,1788429092227693,178842684286994605,,,,1788429092225600,1788429092225600,1788429092227693,,,http_data_plane,,,,,2093
server,peer_replication_get_delta,completed,1788429092277649,178842684286994605,178842683956185205,24,,1788429092277512,1788429092277524,1788429092277649,,,"delta_len=105,sent_us=1788429092260069",,,,,125
server,peer_replication_get_delta,completed,1788429092479086,178842684286994605,178842684286995605,24,,1788429092478650,1788429092478654,1788429092479086,,,"delta_len=94,sent_us=1788429092477802",,,,,432
server,client_mutation,completed,1788429092727816,178842684286994605,,,,1788429092725587,1788429092725587,1788429092727816,,,http_data_plane,,,,,2229
server,peer_replication_pull_request,sent,1788429092977061,178842684286994605,,,,,,,,,connected_peers=19,,,,,
server,peer_replication_get_delta,completed,1788429092985689,178842684286994605,178842684114092204,24,,1788429092985572,1788429092985578,1788429092985689,,,"delta_len=44,sent_us=1788429092970286",,,,,111
server,peer_replication_merge_delta,completed,1788429093004848,178842684286994605,,24,,1788429092997948,1788429093004810,1788429093004848,,,"delta_len=41,sent_us=1788429092991767",,,,,38
server,client_mutation,completed,1788429093227749,178842684286994605,,,,1788429093225602,1788429093225603,1788429093227749,,,http_data_plane,,,,,2146
server,client_mutation,completed,1788429093727642,178842684286994605,,,,1788429093725554,1788429093725554,1788429093727642,,,http_data_plane,,,,,2088
server,peer_replication_pull_request,sent,1788429093977036,178842684286994605,,,,,,,,,connected_peers=19,,,,,
server,peer_replication_merge_delta,completed,1788429094039096,178842684286994605,,24,,1788429094032828,1788429094039051,1788429094039096,,,"delta_len=57,sent_us=1788429094019428",,,,,45
server,client_mutation,completed,1788429094228390,178842684286994605,,,,1788429094226126,1788429094226127,1788429094228390,,,http_data_plane,,,,,2263
server,membership_directory_read,completed,1788429094562125,178842684286994605,,,,,1788429094503881,1788429094562125,,,poll:191 descriptors,,,,,58244
server,client_mutation,completed,1788429094728234,178842684286994605,,,,1788429094725801,1788429094725801,1788429094728234,,,http_data_plane,,,,,2433
server,peer_replication_get_delta,completed,1788429094927607,178842684286994605,178842684286996604,24,,1788429094927468,1788429094927473,1788429094927607,,,"delta_len=33,sent_us=1788429094924973",,,,,134
server,peer_replication_pull_request,sent,1788429094977895,178842684286994605,,,,,,,,,connected_peers=19,,,,,
server,peer_replication_merge_delta,completed,1788429095007204,178842684286994605,,24,,1788429094994698,1788429095007131,1788429095007204,,,"delta_len=55,sent_us=1788429094990688",,,,,73
server,client_mutation,completed,1788429095227881,178842684286994605,,,,1788429095225580,1788429095225580,1788429095227881,,,http_data_plane,,,,,2301
server,client_mutation,completed,1788429095727742,178842684286994605,,,,1788429095725638,1788429095725639,1788429095727742,,,http_data_plane,,,,,2103
server,peer_replication_pull_request,sent,1788429095977887,178842684286994605,,,,,,,,,connected_peers=19,,,,,
server,peer_replication_merge_delta,completed,1788429095987235,178842684286994605,,24,,1788429095980249,1788429095987195,1788429095987235,,,"delta_len=47,sent_us=1788429095978869",,,,,40
server,client_mutation,completed,1788429096228393,178842684286994605,,,,1788429096226072,1788429096226072,1788429096228393,,,http_data_plane,,,,,2321
server,client_mutation,completed,1788429096727991,178842684286994605,,,,1788429096725726,1788429096725727,1788429096727991,,,http_data_plane,,,,,2264
server,peer_replication_pull_request,sent,1788429096977069,178842684286994605,,,,,,,,,connected_peers=19,,,,,
server,peer_replication_merge_delta,completed,1788429097007755,178842684286994605,,24,,1788429096997735,1788429097007659,1788429097007755,,,"delta_len=53,sent_us=1788429096991906",,,,,96
server,client_mutation,completed,1788429097227683,178842684286994605,,,,1788429097225550,1788429097225550,1788429097227683,,,http_data_plane,,,,,2133
server,client_mutation,completed,1788429097727667,178842684286994605,,,,1788429097725580,1788429097725580,1788429097727667,,,http_data_plane,,,,,2087
server,peer_replication_pull_request,sent,1788429097977498,178842684286994605,,,,,,,,,connected_peers=19,,,,,
server,peer_replication_merge_delta,completed,1788429097999128,178842684286994605,,24,,1788429097994069,1788429097999102,1788429097999128,,,"delta_len=31,sent_us=1788429097990345",,,,,26
server,client_mutation,completed,1788429098227754,178842684286994605,,,,1788429098225553,1788429098225553,1788429098227754,,,http_data_plane,,,,,2201
server,client_mutation,completed,1788429098727807,178842684286994605,,,,1788429098725566,1788429098725566,1788429098727807,,,http_data_plane,,,,,2241
server,peer_replication_get_delta,completed,1788429098925578,178842684286994605,178842684286996604,24,,1788429098925424,1788429098925429,1788429098925578,,,"delta_len=36,sent_us=1788429098924894",,,,,149
server,peer_replication_pull_request,sent,1788429098977918,178842684286994605,,,,,,,,,connected_peers=19,,,,,
server,peer_replication_merge_delta,completed,1788429098984404,178842684286994605,,24,,1788429098979066,1788429098984366,1788429098984404,,,"delta_len=48,sent_us=1788429098978530",,,,,38
server,client_mutation,completed,1788429099227892,178842684286994605,,,,1788429099225613,1788429099225613,1788429099227892,,,http_data_plane,,,,,2279
server,peer_replication_get_delta,completed,1788429099277760,178842684286994605,178842683956185205,24,,1788429099277645,1788429099277651,1788429099277760,,,"delta_len=61,sent_us=1788429099260295",,,,,109
server,peer_replication_get_delta,completed,1788429099323604,178842684286994605,178842683849156806,24,,1788429099323470,1788429099323475,1788429099323604,,,"delta_len=55,sent_us=1788429099277839",,,,,129
server,membership_directory_read,completed,1788429099557304,178842684286994605,,,,,1788429099503049,1788429099557304,,,poll:191 descriptors,,,,,54255
server,client_mutation,completed,1788429099727659,178842684286994605,,,,1788429099725588,1788429099725588,1788429099727659,,,http_data_plane,,,,,2071
server,peer_replication_get_delta,completed,1788429099973954,178842684286994605,178842683849158806,24,,1788429099973840,1788429099973847,1788429099973954,,,"delta_len=37,sent_us=1788429099932867",,,,,107
server,peer_replication_pull_request,sent,1788429099977172,178842684286994605,,,,,,,,,connected_peers=19,,,,,
server,peer_replication_merge_delta,completed,1788429100012546,178842684286994605,,24,,1788429100007172,1788429100012518,1788429100012546,,,"delta_len=30,sent_us=1788429099991582",,,,,28
server,client_mutation,completed,1788429100227684,178842684286994605,,,,1788429100225585,1788429100225585,1788429100227684,,,http_data_plane,,,,,2099
server,client_mutation,completed,1788429100728535,178842684286994605,,,,1788429100725591,1788429100725591,1788429100728535,,,http_data_plane,,,,,2944
server,peer_replication_pull_request,sent,1788429100977475,178842684286994605,,,,,,,,,connected_peers=19,,,,,
server,peer_replication_merge_delta,completed,1788429101007687,178842684286994605,,24,,1788429100997461,1788429101007649,1788429101007687,,,"delta_len=43,sent_us=1788429100991761",,,,,38
server,peer_replication_get_delta,completed,1788429101078071,178842684286994605,178842683956184202,24,,1788429101077949,1788429101077956,1788429101078071,,,"delta_len=63,sent_us=1788429101061021",,,,,115
server,client_mutation,completed,1788429101228162,178842684286994605,,,,1788429101225589,1788429101225590,1788429101228162,,,http_data_plane,,,,,2572
server,client_mutation,completed,1788429101727824,178842684286994605,,,,1788429101725697,1788429101725697,1788429101727824,,,http_data_plane,,,,,2127
server,peer_replication_pull_request,sent,1788429101977010,178842684286994605,,,,,,,,,connected_peers=19,,,,,
server,peer_replication_merge_delta,completed,1788429102072096,178842684286994605,,24,,1788429102061032,1788429102072032,1788429102072096,,,"delta_len=105,sent_us=1788429102019650",,,,,64
server,client_mutation,completed,1788429102228120,178842684286994605,,,,1788429102225659,1788429102225659,1788429102228120,,,http_data_plane,,,,,2461
server,client_mutation,completed,1788429102727797,178842684286994605,,,,1788429102725600,1788429102725600,1788429102727797,,,http_data_plane,,,,,2197
server,peer_replication_pull_request,sent,1788429102977880,178842684286994605,,,,,,,,,connected_peers=19,,,,,
server,peer_replication_merge_delta,completed,1788429103003773,178842684286994605,,24,,1788429102998218,1788429103003741,1788429103003773,,,"delta_len=32,sent_us=1788429102992330",,,,,32
server,client_mutation,completed,1788429103228026,178842684286994605,,,,1788429103225718,1788429103225719,1788429103228026,,,http_data_plane,,,,,2307
server,peer_replication_get_delta,completed,1788429103491927,178842684286994605,178842683849157806,24,,1788429103491809,1788429103491816,1788429103491927,,,"delta_len=29,sent_us=1788429103450484",,,,,111
server,client_mutation,completed,1788429103729500,178842684286994605,,,,1788429103725989,1788429103725990,1788429103729500,,,http_data_plane,,,,,3510
server,peer_replication_get_delta,completed,1788429103925674,178842684286994605,178842684286996604,24,,1788429103925538,1788429103925544,1788429103925674,,,"delta_len=76,sent_us=1788429103924783",,,,,130
server,client_mutation,completed,1788429104228939,178842684286994605,,,,1788429104225899,1788429104225899,1788429104228939,,,http_data_plane,,,,,3040
server,peer_replication_get_delta,completed,1788429104268289,178842684286994605,178842684114093203,24,,1788429104268170,1788429104268175,1788429104268289,,,"delta_len=13,sent_us=1788429104252700",,,,,114
server,membership_directory_read,completed,1788429104559757,178842684286994605,,,,,1788429104503738,1788429104559757,,,poll:191 descriptors,,,,,56019
server,client_mutation,completed,1788429104728112,178842684286994605,,,,1788429104725627,1788429104725627,1788429104728112,,,http_data_plane,,,,,2485
server,peer_replication_pull_request,sent,1788429104977877,178842684286994605,,,,,,,,,connected_peers=18,,,,,
server,peer_replication_merge_delta,completed,1788429105014058,178842684286994605,,24,,1788429105002691,1788429105013990,1788429105014058,,,"delta_len=93,sent_us=1788429104990842",,,,,68
server,client_mutation,completed,1788429105228745,178842684286994605,,,,1788429105225802,1788429105225802,1788429105228745,,,http_data_plane,,,,,2943
server,peer_replication_get_delta,completed,1788429105479848,178842684286994605,178842684286995605,24,,1788429105479268,1788429105479274,1788429105479848,,,"delta_len=40,sent_us=1788429105477484",,,,,574
server,client_mutation,completed,1788429105727734,178842684286994605,,,,1788429105725854,1788429105725854,1788429105727734,,,http_data_plane,,,,,1880
server,peer_replication_pull_request,sent,1788429105977602,178842684286994605,,,,,,,,,connected_peers=18,,,,,
server,peer_replication_merge_delta,completed,1788429106008966,178842684286994605,,24,,1788429106000327,1788429106008887,1788429106008966,,,"delta_len=44,sent_us=1788429105991924",,,,,79
server,peer_replication_get_delta,completed,1788429106078136,178842684286994605,178842683956184202,24,,1788429106077912,1788429106077918,1788429106078136,,,"delta_len=32,sent_us=1788429106060813",,,,,218
server,peer_replication_get_delta,completed,1788429106099240,178842684286994605,178842684426432102,24,,1788429106098768,1788429106098773,1788429106099240,,,"delta_len=66,sent_us=1788429106086973",,,,,467
server,client_mutation,completed,1788429106228482,178842684286994605,,,,1788429106226028,1788429106226028,1788429106228482,,,http_data_plane,,,,,2454
server,client_mutation,completed,1788429106729010,178842684286994605,,,,1788429106725742,1788429106725743,1788429106729010,,,http_data_plane,,,,,3267
server,peer_replication_pull_request,sent,1788429106977902,178842684286994605,,,,,,,,,connected_peers=18,,,,,
server,peer_replication_merge_delta,completed,1788429107004654,178842684286994605,,24,,1788429106998247,1788429107004627,1788429107004654,,,"delta_len=29,sent_us=1788429106992279",,,,,27
server,client_mutation,completed,1788429107227845,178842684286994605,,,,1788429107225580,1788429107225580,1788429107227845,,,http_data_plane,,,,,2265
server,peer_replication_get_delta,completed,1788429107268295,178842684286994605,178842684114093203,24,,1788429107268072,1788429107268076,1788429107268295,,,"delta_len=23,sent_us=1788429107252625",,,,,219
server,peer_replication_get_delta,completed,1788429107322588,178842684286994605,178842683849156806,24,,1788429107322472,1788429107322478,1788429107322588,,,"delta_len=45,sent_us=1788429107279522",,,,,110
server,client_mutation,completed,1788429107727705,178842684286994605,,,,1788429107725601,1788429107725601,1788429107727705,,,http_data_plane,,,,,2104
server,peer_replication_pull_request,sent,1788429107977330,178842684286994605,,,,,,,,,connected_peers=18,,,,,
server,peer_replication_merge_delta,completed,1788429107987648,178842684286994605,,24,,1788429107979195,1788429107987556,1788429107987648,,,"delta_len=96,sent_us=1788429107978352",,,,,92
server,client_mutation,completed,1788429108228170,178842684286994605,,,,1788429108225690,1788429108225690,1788429108228170,,,http_data_plane,,,,,2480
server,client_mutation,completed,1788429108732153,178842684286994605,,,,1788429108726692,1788429108726692,1788429108732153,,,http_data_plane,,,,,5461
server,peer_replication_pull_request,sent,1788429108977271,178842684286994605,,,,,,,,,connected_peers=18,,,,,
server,peer_replication_merge_delta,completed,1788429108983221,178842684286994605,,24,,1788429108978967,1788429108983201,1788429108983221,,,"delta_len=17,sent_us=1788429108978213",,,,,20
server,client_mutation,completed,1788429109229652,178842684286994605,,,,1788429109225747,1788429109225747,1788429109229652,,,http_data_plane,,,,,3905
server,membership_directory_read,completed,1788429109550359,178842684286994605,,,,,1788429109503778,1788429109550359,,,poll:191 descriptors,,,,,46581
server,client_mutation,completed,1788429109728769,178842684286994605,,,,1788429109726156,1788429109726156,1788429109728769,,,http_data_plane,,,,,2613
server,peer_replication_pull_request,sent,1788429109977534,178842684286994605,,,,,,,,,connected_peers=18,,,,,
server,peer_replication_merge_delta,completed,1788429110009617,178842684286994605,,24,,1788429109997912,1788429110009568,1788429110009617,,,"delta_len=65,sent_us=1788429109992010",,,,,49
server,client_mutation,completed,1788429110228659,178842684286994605,,,,1788429110226383,1788429110226383,1788429110228659,,,http_data_plane,,,,,2276
server,peer_replication_get_delta,completed,1788429110399085,178842684286994605,178842684114090205,24,,1788429110398964,1788429110398970,1788429110399085,,,"delta_len=62,sent_us=1788429110383394",,,,,115
server,peer_replication_get_delta,completed,1788429110478774,178842684286994605,178842684286995605,24,,1788429110478639,1788429110478643,1788429110478774,,,"delta_len=44,sent_us=1788429110478136",,,,,131
server,peer_replication_get_delta,completed,1788429110681957,178842684286994605,178842684114091205,24,,1788429110681825,1788429110681832,1788429110681957,,,"delta_len=105,sent_us=1788429110666491",,,,,125
server,client_mutation,completed,1788429110728160,178842684286994605,,,,1788429110725819,1788429110725819,1788429110728160,,,http_data_plane,,,,,2341
server,peer_replication_pull_request,sent,1788429110977304,178842684286994605,,,,,,,,,connected_peers=18,,,,,
server,peer_replication_merge_delta,completed,1788429111006088,178842684286994605,,24,,1788429111002243,1788429111006072,1788429111006088,,,"delta_len=13,sent_us=1788429110990250",,,,,16
server,client_mutation,completed,1788429111228060,178842684286994605,,,,1788429111225792,1788429111225792,1788429111228060,,,http_data_plane,,,,,2268
server,peer_replication_get_delta,completed,1788429111268272,178842684286994605,178842684114093203,24,,1788429111268081,1788429111268087,1788429111268272,,,"delta_len=77,sent_us=1788429111252581",,,,,185
server,client_mutation,completed,1788429111728232,178842684286994605,,,,1788429111725719,1788429111725720,1788429111728232,,,http_data_plane,,,,,2512
server,peer_replication_get_delta,completed,1788429111925715,178842684286994605,178842684286996604,24,,1788429111925592,1788429111925598,1788429111925715,,,"delta_len=12,sent_us=1788429111924882",,,,,117
server,peer_replication_pull_request,sent,1788429111977121,178842684286994605,,,,,,,,,connected_peers=18,,,,,
server,peer_replication_merge_delta,completed,1788429111985050,178842684286994605,,24,,1788429111978465,1788429111985005,1788429111985050,,,"delta_len=52,sent_us=1788429111977868",,,,,45
server,peer_replication_get_delta,completed,1788429112098839,178842684286994605,178842684426432102,24,,1788429112098680,1788429112098686,1788429112098839,,,"delta_len=44,sent_us=1788429112086761",,,,,153
server,client_mutation,completed,1788429112227972,178842684286994605,,,,1788429112225677,1788429112225677,1788429112227972,,,http_data_plane,,,,,2295
server,client_mutation,completed,1788429112727683,178842684286994605,,,,1788429112725574,1788429112725574,1788429112727683,,,http_data_plane,,,,,2109
server,peer_replication_pull_request,sent,1788429112977597,178842684286994605,,,,,,,,,connected_peers=18,,,,,
server,peer_replication_merge_delta,completed,1788429113045132,178842684286994605,,24,,1788429113038700,1788429113045080,1788429113045132,,,"delta_len=42,sent_us=1788429113025267",,,,,52
server,client_mutation,completed,1788429113227740,178842684286994605,,,,1788429113225721,1788429113225721,1788429113227740,,,http_data_plane,,,,,2019
server,client_mutation,completed,1788429113728397,178842684286994605,,,,1788429113726234,1788429113726235,1788429113728397,,,http_data_plane,,,,,2162
server,peer_replication_pull_request,sent,1788429113977669,178842684286994605,,,,,,,,,connected_peers=18,,,,,
server,peer_replication_merge_delta,completed,1788429114007770,178842684286994605,,24,,1788429113997890,1788429114007745,1788429114007770,,,"delta_len=36,sent_us=1788429113992095",,,,,25
server,client_mutation,completed,1788429114229212,178842684286994605,,,,1788429114225599,1788429114225599,1788429114229212,,,http_data_plane,,,,,3613
server,peer_replication_get_delta,completed,1788429114426822,178842684286994605,178842684286993605,24,,1788429114426636,1788429114426641,1788429114426822,,,"delta_len=30,sent_us=1788429114425997",,,,,181
server,membership_directory_read,completed,1788429114557993,178842684286994605,,,,,1788429114503371,1788429114557993,,,poll:191 descriptors,,,,,54622
server,client_mutation,completed,1788429114729779,178842684286994605,,,,1788429114728764,1788429114728764,1788429114729779,,,http_data_plane,,,,,1015
server,peer_replication_get_delta,completed,1788429114925846,178842684286994605,178842684286996604,24,,1788429114925728,1788429114925733,1788429114925846,,,"delta_len=41,sent_us=1788429114925093",,,,,113
server,peer_replication_pull_request,sent,1788429114977167,178842684286994605,,,,,,,,,connected_peers=18,,,,,
server,peer_replication_merge_delta,completed,1788429114998688,178842684286994605,,24,,1788429114993804,1788429114998652,1788429114998688,,,"delta_len=47,sent_us=1788429114989966",,,,,36
server,client_mutation,completed,1788429115226777,178842684286994605,,,,1788429115225584,1788429115225585,1788429115226777,,,http_data_plane,,,,,1192
server,peer_replication_get_delta,completed,1788429115478178,178842684286994605,178842684286995605,24,,1788429115478054,1788429115478059,1788429115478178,,,"delta_len=51,sent_us=1788429115477494",,,,,119
server,client_mutation,completed,1788429115727292,178842684286994605,,,,1788429115725617,1788429115725617,1788429115727292,,,http_data_plane,,,,,1675
server,peer_replication_pull_request,sent,1788429115977861,178842684286994605,,,,,,,,,connected_peers=18,,,,,
server,peer_replication_merge_delta,completed,1788429116040894,178842684286994605,,24,,1788429116034056,1788429116040832,1788429116040894,,,"delta_len=68,sent_us=1788429116020648",,,,,62
server,client_mutation,completed,1788429116227581,178842684286994605,,,,1788429116225601,1788429116225601,1788429116227581,,,http_data_plane,,,,,1980
server,peer_replication_get_delta,completed,1788429116426563,178842684286994605,178842684286993605,24,,1788429116426447,1788429116426451,1788429116426563,,,"delta_len=36,sent_us=1788429116425779",,,,,112
server,client_mutation,completed,1788429116731293,178842684286994605,,,,1788429116725651,1788429116725651,1788429116731293,,,http_data_plane,,,,,5642
server,peer_replication_get_delta,completed,1788429116926386,178842684286994605,178842684286996604,24,,1788429116926273,1788429116926278,1788429116926386,,,"delta_len=11,sent_us=1788429116925253",,,,,108
server,peer_replication_pull_request,sent,1788429116977848,178842684286994605,,,,,,,,,connected_peers=18,,,,,
server,peer_replication_merge_delta,completed,1788429117006334,178842684286994605,,24,,1788429116995246,1788429117006280,1788429117006334,,,"delta_len=75,sent_us=1788429116990844",,,,,54
server,client_mutation,completed,1788429117226819,178842684286994605,,,,1788429117225601,1788429117225601,1788429117226819,,,http_data_plane,,,,,1218
server,client_mutation,completed,1788429117727309,178842684286994605,,,,1788429117725569,1788429117725569,1788429117727309,,,http_data_plane,,,,,1740
server,peer_replication_get_delta,completed,1788429117763935,178842684286994605,178842684114094202,24,,1788429117763815,1788429117763821,1788429117763935,,,"delta_len=39,sent_us=1788429117748716",,,,,114
server,peer_replication_pull_request,sent,1788429117977443,178842684286994605,,,,,,,,,connected_peers=18,,,,,
server,peer_replication_merge_delta,completed,1788429118005227,178842684286994605,,24,,1788429118001959,1788429118005208,1788429118005227,,,"delta_len=12,sent_us=1788429117990241",,,,,19
server,client_mutation,completed,1788429118227330,178842684286994605,,,,1788429118225529,1788429118225530,1788429118227330,,,http_data_plane,,,,,1800
server,client_mutation,completed,1788429118727625,178842684286994605,,,,1788429118725550,1788429118725550,1788429118727625,,,http_data_plane,,,,,2075
server,peer_replication_pull_request,sent,1788429118977305,178842684286994605,,,,,,,,,connected_peers=18,,,,,
server,peer_replication_merge_delta,completed,1788429119004627,178842684286994605,,24,,1788429119001892,1788429119004617,1788429119004627,,,"delta_len=2,sent_us=1788429118990210",,,,,10
server,client_mutation,completed,1788429119227689,178842684286994605,,,,1788429119225556,1788429119225557,1788429119227689,,,http_data_plane,,,,,2132
server,membership_directory_read,completed,1788429119560100,178842684286994605,,,,,1788429119503682,1788429119560100,,,poll:161 descriptors,,,,,56418
server,client_mutation,completed,1788429119727690,178842684286994605,,,,1788429119725567,1788429119725567,1788429119727690,,,http_data_plane,,,,,2123
server,peer_replication_pull_request,sent,1788429120797874,178842684286994605,,,,,,,,,connected_peers=15,,,,,
server,client_mutation,completed,1788429120229075,178842684286994605,,,,1788429120225847,1788429120225847,1788429120229075,,,http_data_plane,,,,,3228
server,client_mutation,completed,1788429120739870,178842684286994605,,,,1788429120729220,1788429120729220,1788429120739870,,,http_data_plane,,,,,10650
server,peer_replication_merge_delta,completed,1788429120842199,178842684286994605,,24,,1788429120827250,1788429120842137,1788429120842199,,,"delta_len=87,sent_us=1788429120811891",,,,,62
server,peer_replication_pull_request,sent,1788429120977365,178842684286994605,,,,,,,,,connected_peers=15,,,,,
server,peer_replication_merge_delta,completed,1788429120998982,178842684286994605,,24,,1788429120993814,1788429120998954,1788429120998982,,,"delta_len=33,sent_us=1788429120990112",,,,,28
server,client_mutation,completed,1788429121229667,178842684286994605,,,,1788429121227370,1788429121227370,1788429121229667,,,http_data_plane,,,,,2297
server,peer_replication_get_delta,completed,1788429121297306,178842684286994605,178842684426433105,24,,1788429121297171,1788429121297177,1788429121297306,,,"delta_len=89,sent_us=1788429121285528",,,,,129
server,client_mutation,completed,1788429121738994,178842684286994605,,,,1788429121729144,1788429121729145,1788429121738994,,,http_data_plane,,,,,9849
server,peer_replication_pull_request,sent,1788429121977024,178842684286994605,,,,,,,,,connected_peers=15,,,,,
server,client_mutation,completed,1788429122226633,178842684286994605,,,,1788429122225600,1788429122225600,1788429122226633,,,http_data_plane,,,,,1033
server,peer_replication_get_delta,completed,1788429122515010,178842684286994605,178842684426434105,24,,1788429122514820,1788429122514825,1788429122515010,,,"delta_len=43,sent_us=1788429122503207",,,,,185
server,client_mutation,completed,1788429122726721,178842684286994605,,,,1788429122725571,1788429122725571,1788429122726721,,,http_data_plane,,,,,1150
server,peer_replication_pull_request,sent,1788429122977678,178842684286994605,,,,,,,,,connected_peers=15,,,,,
server,gc_observed,start,1788429122996406,178842684286994605,,25,,,,,,,,,,,,
server,gc_observed,completed,1788429123325522,178842684286994605,,25,,,,,,,,,,,,
server,peer_replication_merge_delta,completed,1788429123331592,178842684286994605,,25,,1788429122996403,1788429123331551,1788429123331592,,,"delta_len=47,sent_us=1788429122991613",,,,,41
server,client_mutation,completed,1788429123326723,178842684286994605,,,,1788429123225737,1788429123225737,1788429123326723,,,http_data_plane,,,,,100986
server,client_mutation,completed,1788429123729002,178842684286994605,,,,1788429123725895,1788429123725895,1788429123729002,,,http_data_plane,,,,,3107
server,peer_replication_get_delta,completed,1788429123896476,178842684286994605,178842683849156806,25,,1788429123896328,1788429123896333,1788429123896476,,,"delta_len=121,sent_us=1788429123854029",,,,,143
server,peer_replication_pull_request,sent,1788429123977783,178842684286994605,,,,,,,,,connected_peers=15,,,,,
server,peer_replication_merge_delta,completed,1788429124185390,178842684286994605,,25,,1788429124181139,1788429124185361,1788429124185390,,,"delta_len=28,sent_us=1788429124169372",,,,,29
server,client_mutation,completed,1788429124227389,178842684286994605,,,,1788429124226378,1788429124226378,1788429124227389,,,http_data_plane,,,,,1011
server,membership_directory_read,completed,1788429124558233,178842684286994605,,,,,1788429124503560,1788429124558233,,,poll:161 descriptors,,,,,54673
server,client_mutation,completed,1788429124726839,178842684286994605,,,,1788429124725562,1788429124725563,1788429124726839,,,http_data_plane,,,,,1276
server,peer_replication_pull_request,sent,1788429124977721,178842684286994605,,,,,,,,,connected_peers=15,,,,,
server,client_mutation,completed,1788429125226680,178842684286994605,,,,1788429125225578,1788429125225578,1788429125226680,,,http_data_plane,,,,,1102
server,client_mutation,completed,1788429125726820,178842684286994605,,,,1788429125725555,1788429125725555,1788429125726820,,,http_data_plane,,,,,1265
server,peer_replication_pull_request,sent,1788429125977048,178842684286994605,,,,,,,,,connected_peers=15,,,,,
server,peer_replication_merge_delta,completed,1788429125998308,178842684286994605,,25,,1788429125993673,1788429125998260,1788429125998308,,,"delta_len=55,sent_us=1788429125989943",,,,,48
server,client_mutation,completed,1788429126226812,178842684286994605,,,,1788429126225593,1788429126225593,1788429126226812,,,http_data_plane,,,,,1219
server,client_mutation,completed,1788429126726644,178842684286994605,,,,1788429126725619,1788429126725619,1788429126726644,,,http_data_plane,,,,,1025
server,peer_replication_get_delta,completed,1788429126764516,178842684286994605,178842684114094202,25,,1788429126764401,1788429126764407,1788429126764516,,,"delta_len=7,sent_us=1788429126749287",,,,,109
server,peer_replication_pull_request,sent,1788429126976977,178842684286994605,,,,,,,,,connected_peers=15,,,,,
server,client_mutation,completed,1788429127226937,178842684286994605,,,,1788429127225824,1788429127225824,1788429127226937,,,http_data_plane,,,,,1113
server,client_mutation,completed,1788429127726629,178842684286994605,,,,1788429127725591,1788429127725591,1788429127726629,,,http_data_plane,,,,,1038
server,peer_replication_get_delta,completed,1788429127925992,178842684286994605,178842684286996604,25,,1788429127925883,1788429127925888,1788429127925992,,,"delta_len=9,sent_us=1788429127924759",,,,,104
server,peer_replication_pull_request,sent,1788429127977322,178842684286994605,,,,,,,,,connected_peers=15,,,,,
server,peer_replication_merge_delta,completed,1788429128009912,178842684286994605,,25,,1788429128002319,1788429128009836,1788429128009912,,,"delta_len=88,sent_us=1788429127990235",,,,,76
server,client_mutation,completed,1788429128226534,178842684286994605,,,,1788429128225604,1788429128225604,1788429128226534,,,http_data_plane,,,,,930
server,peer_replication_get_delta,completed,1788429128297400,178842684286994605,178842684426433105,25,,1788429128297291,1788429128297296,1788429128297400,,,"delta_len=9,sent_us=1788429128285644",,,,,104
server,client_mutation,completed,1788429128727439,178842684286994605,,,,1788429128725600,1788429128725600,1788429128727439,,,http_data_plane,,,,,1839
server,peer_replication_pull_request,sent,1788429128977566,178842684286994605,,,,,,,,,connected_peers=15,,,,,
server,peer_replication_merge_delta,completed,1788429128999588,178842684286994605,,25,,1788429128994416,1788429128999449,1788429128999588,,,"delta_len=59,sent_us=1788429128990533",,,,,139
server,client_mutation,completed,1788429129226767,178842684286994605,,,,1788429129225582,1788429129225582,1788429129226767,,,http_data_plane,,,,,1185
server,membership_directory_read,completed,1788429129550854,178842684286994605,,,,,1788429129503784,1788429129550854,,,poll:161 descriptors,,,,,47070
server,client_mutation,completed,1788429129726826,178842684286994605,,,,1788429129725730,1788429129725730,1788429129726826,,,http_data_plane,,,,,1096
server,peer_replication_pull_request,sent,1788429129977683,178842684286994605,,,,,,,,,connected_peers=15,,,,,
server,peer_replication_merge_delta,completed,1788429129997736,178842684286994605,,25,,1788429129994144,1788429129997711,1788429129997736,,,"delta_len=26,sent_us=1788429129990463",,,,,25
server,client_mutation,completed,1788429130227828,178842684286994605,,,,1788429130226448,1788429130226448,1788429130227828,,,http_data_plane,,,,,1380
server,client_mutation,completed,1788429130726794,178842684286994605,,,,1788429130725584,1788429130725584,1788429130726794,,,http_data_plane,,,,,1210
server,peer_replication_pull_request,sent,1788429130977791,178842684286994605,,,,,,,,,connected_peers=15,,,,,
server,peer_replication_merge_delta,completed,1788429131076617,178842684286994605,,25,,1788429131064401,1788429131076483,1788429131076617,,,"delta_len=144,sent_us=1788429131022450",,,,,134
server,client_mutation,completed,1788429131226622,178842684286994605,,,,1788429131225600,1788429131225600,1788429131226622,,,http_data_plane,,,,,1022
server,client_mutation,completed,1788429131727677,178842684286994605,,,,1788429131726389,1788429131726389,1788429131727677,,,http_data_plane,,,,,1288
server,peer_replication_get_delta,completed,1788429131925782,178842684286994605,178842684286996604,25,,1788429131925667,1788429131925671,1788429131925782,,,"delta_len=12,sent_us=1788429131924554",,,,,111
server,peer_replication_pull_request,sent,1788429131976990,178842684286994605,,,,,,,,,connected_peers=15,,,,,
server,peer_replication_merge_delta,completed,1788429132038793,178842684286994605,,25,,1788429132034495,1788429132038720,1788429132038793,,,"delta_len=42,sent_us=1788429132020808",,,,,73
server,client_mutation,completed,1788429132226940,178842684286994605,,,,1788429132225873,1788429132225873,1788429132226940,,,http_data_plane,,,,,1067
server,client_mutation,completed,1788429132726594,178842684286994605,,,,1788429132725583,1788429132725584,1788429132726594,,,http_data_plane,,,,,1010
server,peer_replication_pull_request,sent,1788429132977443,178842684286994605,,,,,,,,,connected_peers=15,,,,,
server,peer_replication_merge_delta,completed,1788429133004563,178842684286994605,,25,,1788429133002067,1788429133004547,1788429133004563,,,"delta_len=12,sent_us=1788429132990374",,,,,16
server,client_mutation,completed,1788429133227268,178842684286994605,,,,1788429133225607,1788429133225607,1788429133227268,,,http_data_plane,,,,,1661
server,client_mutation,completed,1788429133727678,178842684286994605,,,,1788429133725540,1788429133725540,1788429133727678,,,http_data_plane,,,,,2138
server,peer_replication_pull_request,sent,1788429133977626,178842684286994605,,,,,,,,,connected_peers=15,,,,,
server,peer_replication_merge_delta,completed,1788429133989243,178842684286994605,,25,,1788429133979820,1788429133989180,1788429133989243,,,"delta_len=75,sent_us=1788429133978601",,,,,63
server,client_mutation,completed,1788429134227739,178842684286994605,,,,1788429134225584,1788429134225584,1788429134227739,,,http_data_plane,,,,,2155
server,peer_replication_get_delta,completed,1788429134297745,178842684286994605,178842684426433105,25,,1788429134297623,1788429134297629,1788429134297745,,,"delta_len=25,sent_us=1788429134285933",,,,,116
server,membership_directory_read,completed,1788429134556172,178842684286994605,,,,,1788429134503225,1788429134556172,,,poll:161 descriptors,,,,,52947
server,client_mutation,completed,1788429134727701,178842684286994605,,,,1788429134725602,1788429134725603,1788429134727701,,,http_data_plane,,,,,2098
server,peer_replication_pull_request,sent,1788429134977673,178842684286994605,,,,,,,,,connected_peers=15,,,,,
server,peer_replication_merge_delta,completed,1788429135002689,178842684286994605,,25,,1788429134994482,1788429135002634,1788429135002689,,,"delta_len=76,sent_us=1788429134990691",,,,,55
server,client_mutation,completed,1788429135227603,178842684286994605,,,,1788429135225577,1788429135225577,1788429135227603,,,http_data_plane,,,,,2026
server,peer_replication_get_delta,completed,1788429135359255,178842684286994605,178842684286997603,25,,1788429135359143,1788429135359148,1788429135359255,,,"delta_len=26,sent_us=1788429135358282",,,,,107
server,client_mutation,completed,1788429135727687,178842684286994605,,,,1788429135725569,1788429135725570,1788429135727687,,,http_data_plane,,,,,2117
server,peer_replication_pull_request,sent,1788429135977716,178842684286994605,,,,,,,,,connected_peers=15,,,,,
server,client_mutation,completed,1788429136227705,178842684286994605,,,,1788429136225617,1788429136225617,1788429136227705,,,http_data_plane,,,,,2088
server,peer_replication_get_delta,completed,1788429136515295,178842684286994605,178842684426434105,25,,1788429136515180,1788429136515186,1788429136515295,,,"delta_len=19,sent_us=1788429136503455",,,,,109
server,client_mutation,completed,1788429136728623,178842684286994605,,,,1788429136725816,1788429136725816,1788429136728623,,,http_data_plane,,,,,2807
server,peer_replication_pull_request,sent,1788429136977604,178842684286994605,,,,,,,,,connected_peers=15,,,,,
server,peer_replication_merge_delta,completed,1788429137006632,178842684286994605,,25,,1788429137002196,1788429137006615,1788429137006632,,,"delta_len=16,sent_us=1788429136990398",,,,,17
server,client_mutation,completed,1788429137228103,178842684286994605,,,,1788429137225595,1788429137225595,1788429137228103,,,http_data_plane,,,,,2508
server,client_mutation,completed,1788429137728318,178842684286994605,,,,1788429137726000,1788429137726000,1788429137728318,,,http_data_plane,,,,,2318
server,peer_replication_pull_request,sent,1788429137977204,178842684286994605,,,,,,,,,connected_peers=15,,,,,
server,peer_replication_merge_delta,completed,1788429138040792,178842684286994605,,25,,1788429138033730,1788429138040740,1788429138040792,,,"delta_len=81,sent_us=1788429138020323",,,,,52
server,client_mutation,completed,1788429138228577,178842684286994605,,,,1788429138225638,1788429138225638,1788429138228577,,,http_data_plane,,,,,2939
server,client_mutation,completed,1788429138727961,178842684286994605,,,,1788429138725745,1788429138725745,1788429138727961,,,http_data_plane,,,,,2216
server,peer_replication_get_delta,completed,1788429138764422,178842684286994605,178842684114094202,25,,1788429138764291,1788429138764298,1788429138764422,,,"delta_len=44,sent_us=1788429138749214",,,,,124
server,peer_replication_get_delta,completed,1788429138973512,178842684286994605,178842683849158806,25,,1788429138973393,1788429138973399,1788429138973512,,,"delta_len=39,sent_us=1788429138932402",,,,,113
server,peer_replication_pull_request,sent,1788429138977754,178842684286994605,,,,,,,,,connected_peers=15,,,,,
server,peer_replication_merge_delta,completed,1788429139020055,178842684286994605,,25,,1788429139006017,1788429139019967,1788429139020055,,,"delta_len=123,sent_us=1788429138991683",,,,,88
server,client_mutation,completed,1788429139227837,178842684286994605,,,,1788429139225580,1788429139225580,1788429139227837,,,http_data_plane,,,,,2257
server,membership_directory_read,completed,1788429139551726,178842684286994605,,,,,1788429139503095,1788429139551726,,,poll:161 descriptors,,,,,48631
server,client_mutation,completed,1788429139727766,178842684286994605,,,,1788429139725543,1788429139725543,1788429139727766,,,http_data_plane,,,,,2223
server,peer_replication_pull_request,sent,1788429139977631,178842684286994605,,,,,,,,,connected_peers=15,,,,,
server,peer_replication_merge_delta,completed,1788429140041360,178842684286994605,,25,,1788429140036370,1788429140041314,1788429140041360,,,"delta_len=39,sent_us=1788429140022849",,,,,46
server,client_mutation,completed,1788429140227732,178842684286994605,,,,1788429140225571,1788429140225571,1788429140227732,,,http_data_plane,,,,,2161
server,client_mutation,completed,1788429140727666,178842684286994605,,,,1788429140725557,1788429140725557,1788429140727666,,,http_data_plane,,,,,2109
server,peer_replication_pull_request,sent,1788429140977521,178842684286994605,,,,,,,,,connected_peers=15,,,,,
server,peer_replication_merge_delta,completed,1788429140984870,178842684286994605,,25,,1788429140979730,1788429140984838,1788429140984870,,,"delta_len=46,sent_us=1788429140978517",,,,,32
server,client_mutation,completed,1788429141227784,178842684286994605,,,,1788429141225575,1788429141225575,1788429141227784,,,http_data_plane,,,,,2209
server,peer_replication_get_delta,completed,1788429141358681,178842684286994605,178842684286997603,25,,1788429141358562,1788429141358567,1788429141358681,,,"delta_len=32,sent_us=1788429141357777",,,,,114
server,client_mutation,completed,1788429141727477,178842684286994605,,,,1788429141725587,1788429141725587,1788429141727477,,,http_data_plane,,,,,1890
server,peer_replication_pull_request,sent,1788429141977481,178842684286994605,,,,,,,,,connected_peers=15,,,,,
server,peer_replication_merge_delta,completed,1788429142011839,178842684286994605,,25,,1788429142005261,1788429142011805,1788429142011839,,,"delta_len=44,sent_us=1788429141991430",,,,,34
server,client_mutation,completed,1788429142228776,178842684286994605,,,,1788429142226402,1788429142226402,1788429142228776,,,http_data_plane,,,,,2374
server,client_mutation,completed,1788429142728025,178842684286994605,,,,1788429142725627,1788429142725627,1788429142728025,,,http_data_plane,,,,,2398
server,client_mutation,completed,1788429143227900,178842684286994605,,,,1788429143225574,1788429143225574,1788429143227900,,,http_data_plane,,,,,2326
server,client_mutation,completed,1788429143727807,178842684286994605,,,,1788429143725556,1788429143725556,1788429143727807,,,http_data_plane,,,,,2251
server,peer_replication_pull_request,sent,1788429143977789,178842684286994605,,,,,,,,,connected_peers=14,,,,,
server,peer_replication_merge_delta,completed,1788429144002537,178842684286994605,,25,,1788429143994779,1788429144002494,1788429144002537,,,"delta_len=68,sent_us=1788429143990848",,,,,43
server,client_mutation,completed,1788429144228000,178842684286994605,,,,1788429144225843,1788429144225843,1788429144228000,,,http_data_plane,,,,,2157
server,membership_directory_read,completed,1788429144550948,178842684286994605,,,,,1788429144503877,1788429144550948,,,poll:161 descriptors,,,,,47071
server,client_mutation,completed,1788429144727706,178842684286994605,,,,1788429144725575,1788429144725575,1788429144727706,,,http_data_plane,,,,,2131
server,peer_replication_get_delta,completed,1788429144926201,178842684286994605,178842684286996604,25,,1788429144926076,1788429144926081,1788429144926201,,,"delta_len=17,sent_us=1788429144924949",,,,,120
server,peer_replication_pull_request,sent,1788429144977509,178842684286994605,,,,,,,,,connected_peers=14,,,,,
server,peer_replication_merge_delta,completed,1788429144984973,178842684286994605,,25,,1788429144979383,1788429144984926,1788429144984973,,,"delta_len=52,sent_us=1788429144978436",,,,,47
server,client_mutation,completed,1788429145227755,178842684286994605,,,,1788429145225576,1788429145225576,1788429145227755,,,http_data_plane,,,,,2179
server,client_mutation,completed,1788429145727822,178842684286994605,,,,1788429145725575,1788429145725575,1788429145727822,,,http_data_plane,,,,,2247
server,peer_replication_pull_request,sent,1788429145977855,178842684286994605,,,,,,,,,connected_peers=14,,,,,
server,peer_replication_merge_delta,completed,1788429146040774,178842684286994605,,25,,1788429146033842,1788429146040728,1788429146040774,,,"delta_len=66,sent_us=1788429146020421",,,,,46
server,client_mutation,completed,1788429146227914,178842684286994605,,,,1788429146225594,1788429146225594,1788429146227914,,,http_data_plane,,,,,2320
server,client_mutation,completed,1788429146727794,178842684286994605,,,,1788429146725574,1788429146725574,1788429146727794,,,http_data_plane,,,,,2220
server,peer_replication_pull_request,sent,1788429146977866,178842684286994605,,,,,,,,,connected_peers=14,,,,,
server,peer_replication_merge_delta,completed,1788429147020119,178842684286994605,,25,,1788429147009136,1788429147020057,1788429147020119,,,"delta_len=99,sent_us=1788429146992326",,,,,62
server,client_mutation,completed,1788429147227773,178842684286994605,,,,1788429147225550,1788429147225550,1788429147227773,,,http_data_plane,,,,,2223
server,client_mutation,completed,1788429147727647,178842684286994605,,,,1788429147725586,1788429147725586,1788429147727647,,,http_data_plane,,,,,2061
server,peer_replication_get_delta,completed,1788429147763391,178842684286994605,178842684114094202,25,,1788429147763265,1788429147763270,1788429147763391,,,"delta_len=75,sent_us=1788429147748272",,,,,121
server,peer_replication_pull_request,sent,1788429147977848,178842684286994605,,,,,,,,,connected_peers=14,,,,,
server,peer_replication_merge_delta,completed,1788429148010493,178842684286994605,,25,,1788429148007144,1788429148010476,1788429148010493,,,"delta_len=10,sent_us=1788429147992040",,,,,17
server,client_mutation,completed,1788429148227550,178842684286994605,,,,1788429148225544,1788429148225544,1788429148227550,,,http_data_plane,,,,,2006
server,peer_replication_get_delta,completed,1788429148479561,178842684286994605,178842684286995605,25,,1788429148479398,1788429148479403,1788429148479561,,,"delta_len=45,sent_us=1788429148478258",,,,,158
server,client_mutation,completed,1788429148727619,178842684286994605,,,,1788429148725515,1788429148725515,1788429148727619,,,http_data_plane,,,,,2104
server,peer_replication_pull_request,sent,1788429148977467,178842684286994605,,,,,,,,,connected_peers=14,,,,,
server,peer_replication_merge_delta,completed,1788429148984283,178842684286994605,,25,,1788429148979841,1788429148984242,1788429148984283,,,"delta_len=34,sent_us=1788429148978734",,,,,41
server,client_mutation,completed,1788429149227673,178842684286994605,,,,1788429149225515,1788429149225515,1788429149227673,,,http_data_plane,,,,,2158
server,peer_replication_get_delta,completed,1788429149321971,178842684286994605,178842683849156806,25,,1788429149321841,1788429149321846,1788429149321971,,,"delta_len=73,sent_us=1788429149278132",,,,,125
server,membership_directory_read,completed,1788429149551880,178842684286994605,,,,,1788429149503392,1788429149551880,,,poll:161 descriptors,,,,,48488
server,client_mutation,completed,1788429149727705,178842684286994605,,,,1788429149725587,1788429149725587,1788429149727705,,,http_data_plane,,,,,2118
server,peer_replication_pull_request,sent,1788429149977630,178842684286994605,,,,,,,,,connected_peers=14,,,,,
server,peer_replication_merge_delta,completed,1788429149985809,178842684286994605,,25,,1788429149979369,1788429149985760,1788429149985809,,,"delta_len=56,sent_us=1788429149978650",,,,,49
server,client_mutation,completed,1788429150228501,178842684286994605,,,,1788429150226303,1788429150226303,1788429150228501,,,http_data_plane,,,,,2198
server,client_mutation,completed,1788429150727687,178842684286994605,,,,1788429150725567,1788429150725567,1788429150727687,,,http_data_plane,,,,,2120
server,peer_replication_pull_request,sent,1788429150977613,178842684286994605,,,,,,,,,connected_peers=14,,,,,
server,peer_replication_merge_delta,completed,1788429151066967,178842684286994605,,25,,1788429151062182,1788429151066945,1788429151066967,,,"delta_len=20,sent_us=1788429151020853",,,,,22
server,client_mutation,completed,1788429151227683,178842684286994605,,,,1788429151225546,1788429151225546,1788429151227683,,,http_data_plane,,,,,2137
server,peer_replication_get_delta,completed,1788429151426141,178842684286994605,178842684286993605,25,,1788429151426006,1788429151426013,1788429151426141,,,"delta_len=68,sent_us=1788429151425143",,,,,128
server,peer_replication_get_delta,completed,1788429151516092,178842684286994605,178842684426434105,25,,1788429151515967,1788429151515974,1788429151516092,,,"delta_len=62,sent_us=1788429151503968",,,,,118
server,client_mutation,completed,1788429151727695,178842684286994605,,,,1788429151725590,1788429151725591,1788429151727695,,,http_data_plane,,,,,2104
server,peer_replication_get_delta,completed,1788429151756003,178842684286994605,178842684426435105,25,,1788429151755833,1788429151755839,1788429151756003,,,"delta_len=60,sent_us=1788429151741940",,,,,164
server,peer_replication_pull_request,sent,1788429151977502,178842684286994605,,,,,,,,,connected_peers=14,,,,,
server,peer_replication_merge_delta,completed,1788429151983689,178842684286994605,,25,,1788429151979725,1788429151983666,1788429151983689,,,"delta_len=21,sent_us=1788429151978563",,,,,23
server,client_mutation,completed,1788429152227828,178842684286994605,,,,1788429152225683,1788429152225684,1788429152227828,,,http_data_plane,,,,,2144
server,client_mutation,completed,1788429152727853,178842684286994605,,,,1788429152725769,1788429152725769,1788429152727853,,,http_data_plane,,,,,2084
server,peer_replication_pull_request,sent,1788429152977820,178842684286994605,,,,,,,,,connected_peers=14,,,,,
server,peer_replication_merge_delta,completed,1788429153018119,178842684286994605,,25,,1788429153007580,1788429153018054,1788429153018119,,,"delta_len=94,sent_us=1788429152992242",,,,,65
server,client_mutation,completed,1788429153227777,178842684286994605,,,,1788429153225558,1788429153225558,1788429153227777,,,http_data_plane,,,,,2219
server,client_mutation,completed,1788429153727692,178842684286994605,,,,1788429153725565,1788429153725566,1788429153727692,,,http_data_plane,,,,,2126
server,peer_replication_pull_request,sent,1788429153977568,178842684286994605,,,,,,,,,connected_peers=14,,,,,
server,peer_replication_merge_delta,completed,1788429154005362,178842684286994605,,25,,1788429154002141,1788429154005352,1788429154005362,,,"delta_len=4,sent_us=1788429153990433",,,,,10
server,client_mutation,completed,1788429154227857,178842684286994605,,,,1788429154225658,1788429154225658,1788429154227857,,,http_data_plane,,,,,2199
server,peer_replication_get_delta,completed,1788429154358479,178842684286994605,178842684286997603,25,,1788429154358363,1788429154358367,1788429154358479,,,"delta_len=56,sent_us=1788429154357757",,,,,112
server,membership_directory_read,completed,1788429154557751,178842684286994605,,,,,1788429154503881,1788429154557751,,,poll:161 descriptors,,,,,53870
server,client_mutation,completed,1788429154727859,178842684286994605,,,,1788429154725549,1788429154725549,1788429154727859,,,http_data_plane,,,,,2310
server,peer_replication_pull_request,sent,1788429154977891,178842684286994605,,,,,,,,,connected_peers=14,,,,,
server,peer_replication_merge_delta,completed,1788429155069690,178842684286994605,,25,,1788429155061383,1788429155069614,1788429155069690,,,"delta_len=102,sent_us=1788429155020380",,,,,76
server,client_mutation,completed,1788429155228011,178842684286994605,,,,1788429155225559,1788429155225559,1788429155228011,,,http_data_plane,,,,,2452
server,client_mutation,completed,1788429155727803,178842684286994605,,,,1788429155725545,1788429155725545,1788429155727803,,,http_data_plane,,,,,2258
server,peer_replication_get_delta,completed,1788429155764029,178842684286994605,178842684114094202,25,,1788429155763903,1788429155763910,1788429155764029,,,"delta_len=70,sent_us=1788429155748778",,,,,119
server,peer_replication_get_delta,completed,1788429155925725,178842684286994605,178842684286996604,25,,1788429155925594,1788429155925598,1788429155925725,,,"delta_len=50,sent_us=1788429155924621",,,,,127
server,peer_replication_pull_request,sent,1788429155977922,178842684286994605,,,,,,,,,connected_peers=14,,,,,
server,peer_replication_merge_delta,completed,1788429155998775,178842684286994605,,25,,1788429155994642,1788429155998744,1788429155998775,,,"delta_len=16,sent_us=1788429155990822",,,,,31
server,client_mutation,completed,1788429156227731,178842684286994605,,,,1788429156225573,1788429156225573,1788429156227731,,,http_data_plane,,,,,2158
server,client_mutation,completed,1788429156728110,178842684286994605,,,,1788429156725663,1788429156725663,1788429156728110,,,http_data_plane,,,,,2447
server,peer_replication_pull_request,sent,1788429156977048,178842684286994605,,,,,,,,,connected_peers=14,,,,,
server,peer_replication_merge_delta,completed,1788429157009085,178842684286994605,,25,,1788429157003880,1788429157009056,1788429157009085,,,"delta_len=37,sent_us=1788429156989938",,,,,29
server,client_mutation,completed,1788429157227678,178842684286994605,,,,1788429157225557,1788429157225557,1788429157227678,,,http_data_plane,,,,,2121
server,peer_replication_get_delta,completed,1788429157319914,178842684286994605,178842683849156806,25,,1788429157319798,1788429157319804,1788429157319914,,,"delta_len=38,sent_us=1788429157277753",,,,,110
server,client_mutation,completed,1788429157727722,178842684286994605,,,,1788429157725591,1788429157725591,1788429157727722,,,http_data_plane,,,,,2131
server,peer_replication_get_delta,completed,1788429157972651,178842684286994605,178842683849158806,25,,1788429157972540,1788429157972545,1788429157972651,,,"delta_len=25,sent_us=1788429157931668",,,,,106
server,peer_replication_pull_request,sent,1788429157977869,178842684286994605,,,,,,,,,connected_peers=14,,,,,
server,peer_replication_merge_delta,completed,1788429157984889,178842684286994605,,25,,1788429157980046,1788429157984855,1788429157984889,,,"delta_len=41,sent_us=1788429157978848",,,,,34
server,client_mutation,completed,1788429158227712,178842684286994605,,,,1788429158225544,1788429158225544,1788429158227712,,,http_data_plane,,,,,2168
server,peer_replication_get_delta,completed,1788429158500379,178842684286994605,178842683849157806,25,,1788429158500235,1788429158500241,1788429158500379,,,"delta_len=114,sent_us=1788429158455109",,,,,138
server,client_mutation,completed,1788429158727800,178842684286994605,,,,1788429158725591,1788429158725591,1788429158727800,,,http_data_plane,,,,,2209
server,peer_replication_pull_request,sent,1788429158977808,178842684286994605,,,,,,,,,connected_peers=14,,,,,
server,client_mutation,completed,1788429159227816,178842684286994605,,,,1788429159225593,1788429159225593,1788429159227816,,,http_data_plane,,,,,2223
server,membership_directory_read,completed,1788429159548127,178842684286994605,,,,,1788429159503142,1788429159548127,,,poll:161 descriptors,,,,,44985
server,client_mutation,completed,1788429159727453,178842684286994605,,,,1788429159725547,1788429159725547,1788429159727453,,,http_data_plane,,,,,1906
server,peer_replication_pull_request,sent,1788429159977773,178842684286994605,,,,,,,,,connected_peers=14,,,,,
server,peer_replication_merge_delta,completed,1788429159987403,178842684286994605,,25,,1788429159980104,1788429159987342,1788429159987403,,,"delta_len=76,sent_us=1788429159978785",,,,,61
server,client_mutation,completed,1788429160227997,178842684286994605,,,,1788429160225764,1788429160225764,1788429160227997,,,http_data_plane,,,,,2233
server,client_mutation,completed,1788429160728002,178842684286994605,,,,1788429160725841,1788429160725841,1788429160728002,,,http_data_plane,,,,,2161
server,peer_replication_get_delta,completed,1788429160763735,178842684286994605,178842684114094202,25,,1788429160763624,1788429160763628,1788429160763735,,,"delta_len=25,sent_us=1788429160748524",,,,,107
server,peer_replication_pull_request,sent,1788429160977328,178842684286994605,,,,,,,,,connected_peers=14,,,,,
server,peer_replication_merge_delta,completed,1788429161001158,178842684286994605,,25,,1788429160994112,1788429161000959,1788429161001158,,,"delta_len=62,sent_us=1788429160990401",,,,,199
server,client_mutation,completed,1788429161228137,178842684286994605,,,,1788429161225564,1788429161225564,1788429161228137,,,http_data_plane,,,,,2573
server,peer_replication_get_delta,completed,1788429161515771,178842684286994605,178842684426434105,25,,1788429161515644,1788429161515649,1788429161515771,,,"delta_len=65,sent_us=1788429161503778",,,,,122
server,client_mutation,completed,1788429161728052,178842684286994605,,,,1788429161725646,1788429161725647,1788429161728052,,,http_data_plane,,,,,2405
server,peer_replication_pull_request,sent,1788429161977174,178842684286994605,,,,,,,,,connected_peers=14,,,,,
server,peer_replication_merge_delta,completed,1788429162013249,178842684286994605,,25,,1788429162002485,1788429162013174,1788429162013249,,,"delta_len=90,sent_us=1788429161990212",,,,,75
server,client_mutation,completed,1788429162229288,178842684286994605,,,,1788429162226578,1788429162226578,1788429162229288,,,http_data_plane,,,,,2710
server,client_mutation,completed,1788429162728109,178842684286994605,,,,1788429162725758,1788429162725758,1788429162728109,,,http_data_plane,,,,,2351
server,peer_replication_pull_request,sent,1788429162977036,178842684286994605,,,,,,,,,connected_peers=14,,,,,
server,client_mutation,completed,1788429163228032,178842684286994605,,,,1788429163225681,1788429163225681,1788429163228032,,,http_data_plane,,,,,2351
server,client_mutation,completed,1788429163727871,178842684286994605,,,,1788429163725598,1788429163725598,1788429163727871,,,http_data_plane,,,,,2273
server,peer_replication_get_delta,completed,1788429163763958,178842684286994605,178842684114094202,25,,1788429163763826,1788429163763832,1788429163763958,,,"delta_len=36,sent_us=1788429163748731",,,,,126
server,peer_replication_pull_request,sent,1788429163977595,178842684286994605,,,,,,,,,connected_peers=14,,,,,
server,peer_replication_merge_delta,completed,1788429163988367,178842684286994605,,25,,1788429163979241,1788429163988302,1788429163988367,,,"delta_len=100,sent_us=1788429163978491",,,,,65
server,client_mutation,completed,1788429164228145,178842684286994605,,,,1788429164225724,1788429164225724,1788429164228145,,,http_data_plane,,,,,2421
server,membership_directory_read,completed,1788429164553056,178842684286994605,,,,,1788429164503201,1788429164553056,,,poll:161 descriptors,,,,,49855
server,client_mutation,completed,1788429164728650,178842684286994605,,,,1788429164725571,1788429164725571,1788429164728650,,,http_data_plane,,,,,3079
server,peer_replication_pull_request,sent,1788429164977909,178842684286994605,,,,,,,,,connected_peers=14,,,,,
server,peer_replication_merge_delta,completed,1788429165001495,178842684286994605,,25,,1788429164994682,1788429165001438,1788429165001495,,,"delta_len=58,sent_us=1788429164990948",,,,,57
server,peer_replication_get_delta,completed,1788429165098976,178842684286994605,178842684426432102,25,,1788429165098772,1788429165098777,1788429165098976,,,"delta_len=48,sent_us=1788429165087054",,,,,199
server,client_mutation,completed,1788429165227958,178842684286994605,,,,1788429165225781,1788429165225781,1788429165227958,,,http_data_plane,,,,,2177
server,client_mutation,completed,1788429165727810,178842684286994605,,,,1788429165725625,1788429165725625,1788429165727810,,,http_data_plane,,,,,2185
server,peer_replication_pull_request,sent,1788429165977886,178842684286994605,,,,,,,,,connected_peers=14,,,,,
server,peer_replication_merge_delta,completed,1788429165983158,178842684286994605,,25,,1788429165979214,1788429165983140,1788429165983158,,,"delta_len=13,sent_us=1788429165978495",,,,,18
server,client_mutation,completed,1788429166227734,178842684286994605,,,,1788429166225596,1788429166225596,1788429166227734,,,http_data_plane,,,,,2138
server,peer_replication_get_delta,completed,1788429166358662,178842684286994605,178842684286997603,25,,1788429166358553,1788429166358558,1788429166358662,,,"delta_len=14,sent_us=1788429166358010",,,,,104
server,client_mutation,completed,1788429166727798,178842684286994605,,,,1788429166725575,1788429166725575,1788429166727798,,,http_data_plane,,,,,2223
server,peer_replication_get_delta,completed,1788429166764453,178842684286994605,178842684114094202,25,,1788429166764333,1788429166764338,1788429166764453,,,"delta_len=8,sent_us=1788429166749207",,,,,115
server,peer_replication_pull_request,sent,1788429166977909,178842684286994605,,,,,,,,,connected_peers=14,,,,,
server,peer_replication_merge_delta,completed,1788429166990204,178842684286994605,,25,,1788429166980440,1788429166990127,1788429166990204,,,"delta_len=87,sent_us=1788429166979201",,,,,77
server,client_mutation,completed,1788429167227912,178842684286994605,,,,1788429167225603,1788429167225603,1788429167227912,,,http_data_plane,,,,,2309
server,peer_replication_get_delta,completed,1788429167426411,178842684286994605,178842684286993605,25,,1788429167426289,1788429167426294,1788429167426411,,,"delta_len=89,sent_us=1788429167425127",,,,,117
server,client_mutation,completed,1788429167727986,178842684286994605,,,,1788429167725592,1788429167725592,1788429167727986,,,http_data_plane,,,,,2394
server,peer_replication_pull_request,sent,1788429167977941,178842684286994605,,,,,,,,,connected_peers=14,,,,,
server,peer_replication_merge_delta,completed,1788429167985675,178842684286994605,,25,,1788429167979776,1788429167985638,1788429167985675,,,"delta_len=43,sent_us=1788429167978950",,,,,37
server,client_mutation,completed,1788429168227983,178842684286994605,,,,1788429168225599,1788429168225599,1788429168227983,,,http_data_plane,,,,,2384
server,peer_replication_get_delta,completed,1788429168358771,178842684286994605,178842684286997603,25,,1788429168358651,1788429168358656,1788429168358771,,,"delta_len=34,sent_us=1788429168358118",,,,,115
server,client_mutation,completed,1788429168727986,178842684286994605,,,,1788429168725785,1788429168725785,1788429168727986,,,http_data_plane,,,,,2201
server,peer_replication_pull_request,sent,1788429168977108,178842684286994605,,,,,,,,,connected_peers=14,,,,,
server,peer_replication_merge_delta,completed,1788429169001896,178842684286994605,,25,,1788429168994003,1788429169001861,1788429169001896,,,"delta_len=34,sent_us=1788429168990061",,,,,35
server,client_mutation,completed,1788429169228534,178842684286994605,,,,1788429169225787,1788429169225787,1788429169228534,,,http_data_plane,,,,,2747
server,membership_directory_read,completed,1788429169556438,178842684286994605,,,,,1788429169503538,1788429169556438,,,poll:161 descriptors,,,,,52900
server,client_mutation,completed,1788429169727737,178842684286994605,,,,1788429169725604,1788429169725605,1788429169727737,,,http_data_plane,,,,,2132
server,peer_replication_pull_request,sent,1788429169977593,178842684286994605,,,,,,,,,connected_peers=14,,,,,
server,peer_replication_merge_delta,completed,1788429169985157,178842684286994605,,25,,1788429169979813,1788429169985128,1788429169985157,,,"delta_len=31,sent_us=1788429169978697",,,,,29
server,client_mutation,completed,1788429170229000,178842684286994605,,,,1788429170225700,1788429170225700,1788429170229000,,,http_data_plane,,,,,3300
server,client_mutation,completed,1788429170727835,178842684286994605,,,,1788429170725622,1788429170725623,1788429170727835,,,http_data_plane,,,,,2212
server,peer_replication_pull_request,sent,1788429170977765,178842684286994605,,,,,,,,,connected_peers=14,,,,,
server,peer_replication_merge_delta,completed,1788429171003563,178842684286994605,,25,,1788429170996546,1788429171003452,1788429171003563,,,"delta_len=46,sent_us=1788429170991707",,,,,111
server,client_mutation,completed,1788429171227775,178842684286994605,,,,1788429171225693,1788429171225694,1788429171227775,,,http_data_plane,,,,,2081
server,client_mutation,completed,1788429171729513,178842684286994605,,,,1788429171725590,1788429171725590,1788429171729513,,,http_data_plane,,,,,3923
server,peer_replication_pull_request,sent,1788429171977421,178842684286994605,,,,,,,,,connected_peers=14,,,,,
server,peer_replication_merge_delta,completed,1788429171983892,178842684286994605,,25,,1788429171978924,1788429171983861,1788429171983892,,,"delta_len=45,sent_us=1788429171978205",,,,,31
server,peer_replication_get_delta,completed,1788429172098408,178842684286994605,178842684426432102,25,,1788429172098282,1788429172098288,1788429172098408,,,"delta_len=66,sent_us=1788429172086646",,,,,120
server,client_mutation,completed,1788429172228460,178842684286994605,,,,1788429172225612,1788429172225613,1788429172228460,,,http_data_plane,,,,,2847
server,client_mutation,completed,1788429172728642,178842684286994605,,,,1788429172725579,1788429172725579,1788429172728642,,,http_data_plane,,,,,3063
server,peer_replication_pull_request,sent,1788429172977617,178842684286994605,,,,,,,,,connected_peers=14,,,,,
server,peer_replication_merge_delta,completed,1788429173045146,178842684286994605,,25,,1788429173036937,1788429173045103,1788429173045146,,,"delta_len=64,sent_us=1788429173023487",,,,,43
server,client_mutation,completed,1788429173227882,178842684286994605,,,,1788429173225683,1788429173225683,1788429173227882,,,http_data_plane,,,,,2199
server,client_mutation,completed,1788429173727133,178842684286994605,,,,1788429173725745,1788429173725745,1788429173727133,,,http_data_plane,,,,,1388
server,peer_replication_get_delta,completed,1788429173976652,178842684286994605,178842683849158806,25,,1788429173976535,1788429173976540,1788429173976652,,,"delta_len=21,sent_us=1788429173932333",,,,,112
server,peer_replication_pull_request,sent,1788429173977903,178842684286994605,,,,,,,,,connected_peers=14,,,,,
server,peer_replication_merge_delta,completed,1788429174011752,178842684286994605,,25,,1788429173997856,1788429174011685,1788429174011752,,,"delta_len=74,sent_us=1788429173992238",,,,,67
server,client_mutation,completed,1788429174226811,178842684286994605,,,,1788429174225711,1788429174225711,1788429174226811,,,http_data_plane,,,,,1100
server,membership_directory_read,completed,1788429174558108,178842684286994605,,,,,1788429174503930,1788429174558108,,,poll:161 descriptors,,,,,54178
server,client_mutation,completed,1788429174726613,178842684286994605,,,,1788429174725650,1788429174725650,1788429174726613,,,http_data_plane,,,,,963
server,peer_replication_get_delta,completed,1788429174755748,178842684286994605,178842684426435105,25,,1788429174755617,1788429174755625,1788429174755748,,,"delta_len=63,sent_us=1788429174741668",,,,,123
server,peer_replication_pull_request,sent,1788429174977276,178842684286994605,,,,,,,,,connected_peers=14,,,,,
server,peer_replication_merge_delta,completed,1788429175015783,178842684286994605,,25,,1788429175007315,1788429175015763,1788429175015783,,,"delta_len=14,sent_us=1788429174991582",,,,,20
server,client_mutation,completed,1788429175226663,178842684286994605,,,,1788429175225574,1788429175225574,1788429175226663,,,http_data_plane,,,,,1089
server,client_mutation,completed,1788429175727646,178842684286994605,,,,1788429175725970,1788429175725970,1788429175727646,,,http_data_plane,,,,,1676
server,peer_replication_get_delta,completed,1788429175756558,178842684286994605,178842684426435105,25,,1788429175756440,1788429175756447,1788429175756558,,,"delta_len=16,sent_us=1788429175741507",,,,,111
server,peer_replication_get_delta,completed,1788429175764598,178842684286994605,178842684114094202,25,,1788429175764484,1788429175764489,1788429175764598,,,"delta_len=4,sent_us=1788429175749194",,,,,109
server,peer_replication_pull_request,sent,1788429175977225,178842684286994605,,,,,,,,,connected_peers=14,,,,,
server,peer_replication_merge_delta,completed,1788429175982751,178842684286994605,,25,,1788429175978597,1788429175982722,1788429175982751,,,"delta_len=30,sent_us=1788429175977892",,,,,29
server,client_mutation,completed,1788429176227802,178842684286994605,,,,1788429176225598,1788429176225598,1788429176227802,,,http_data_plane,,,,,2204
server,peer_replication_get_delta,completed,1788429176297423,178842684286994605,178842684426433105,25,,1788429176297300,1788429176297306,1788429176297423,,,"delta_len=55,sent_us=1788429176285728",,,,,117
server,peer_replication_get_delta,completed,1788429176494193,178842684286994605,178842683849157806,25,,1788429176494066,1788429176494071,1788429176494193,,,"delta_len=58,sent_us=1788429176452595",,,,,122
server,client_mutation,completed,1788429176726964,178842684286994605,,,,1788429176725730,1788429176725730,1788429176726964,,,http_data_plane,,,,,1234
server,peer_replication_pull_request,sent,1788429176977904,178842684286994605,,,,,,,,,connected_peers=14,,,,,
server,peer_replication_merge_delta,completed,1788429176982640,178842684286994605,,25,,1788429176979624,1788429176982621,1788429176982640,,,"delta_len=11,sent_us=1788429176978546",,,,,19
server,client_mutation,completed,1788429177228540,178842684286994605,,,,1788429177226233,1788429177226233,1788429177228540,,,http_data_plane,,,,,2307
server,peer_replication_get_delta,completed,1788429177515449,178842684286994605,178842684426434105,25,,1788429177515319,1788429177515326,1788429177515449,,,"delta_len=49,sent_us=1788429177503711",,,,,123
server,client_mutation,completed,1788429177728074,178842684286994605,,,,1788429177725712,1788429177725713,1788429177728074,,,http_data_plane,,,,,2361
server,peer_replication_get_delta,completed,1788429177763635,178842684286994605,178842684114094202,25,,1788429177763424,1788429177763430,1788429177763635,,,"delta_len=14,sent_us=1788429177748392",,,,,205
server,peer_replication_pull_request,sent,1788429177977144,178842684286994605,,,,,,,,,connected_peers=14,,,,,
server,peer_replication_merge_delta,completed,1788429178014819,178842684286994605,,25,,1788429178005256,1788429178014724,1788429178014819,,,"delta_len=112,sent_us=1788429177991123",,,,,95
server,client_mutation,completed,1788429178227427,178842684286994605,,,,1788429178225554,1788429178225554,1788429178227427,,,http_data_plane,,,,,1873
server,client_mutation,completed,1788429178727614,178842684286994605,,,,1788429178725469,1788429178725469,1788429178727614,,,http_data_plane,,,,,2145
server,peer_replication_pull_request,sent,1788429178977568,178842684286994605,,,,,,,,,connected_peers=14,,,,,
server,peer_replication_merge_delta,completed,1788429179009918,178842684286994605,,25,,1788429179005900,1788429179009899,1788429179009918,,,"delta_len=15,sent_us=1788429178991890",,,,,19
server,client_mutation,completed,1788429179228002,178842684286994605,,,,1788429179225821,1788429179225821,1788429179228002,,,http_data_plane,,,,,2181
server,peer_replication_connection,established,1788429179287572,178842684286994605,178842683956184206,,,,,,,,,,,,,
server,peer_replication_connection,established,1788429179371015,178842684286994605,178842684114090206,,,,,,,,,,,,,
server,membership_directory_read,completed,1788429179556657,178842684286994605,,,,,1788429179503685,1788429179556657,,,poll:164 descriptors,,,,,52972
server,client_mutation,completed,1788429179727943,178842684286994605,,,,1788429179725657,1788429179725657,1788429179727943,,,http_data_plane,,,,,2286
server,peer_replication_pull_request,sent,1788429179977912,178842684286994605,,,,,,,,,connected_peers=16,,,,,
server,peer_replication_merge_delta,completed,1788429180001485,178842684286994605,,25,,1788429179994362,1788429180001439,1788429180001485,,,"delta_len=56,sent_us=1788429179990648",,,,,46
server,client_mutation,completed,1788429180229052,178842684286994605,,,,1788429180225714,1788429180225714,1788429180229052,,,http_data_plane,,,,,3338
server,peer_replication_connection,established,1788429180316666,178842684286994605,178842683956185206,,,,,,,,,,,,,
server,client_mutation,completed,1788429180727691,178842684286994605,,,,1788429180725557,1788429180725558,1788429180727691,,,http_data_plane,,,,,2133
server,peer_replication_pull_request,sent,1788429180977541,178842684286994605,,,,,,,,,connected_peers=17,,,,,
server,peer_replication_merge_delta,completed,1788429181002371,178842684286994605,,25,,1788429180997221,1788429181002338,1788429181002371,,,"delta_len=38,sent_us=1788429180991686",,,,,33
server,client_mutation,completed,1788429181227649,178842684286994605,,,,1788429181225576,1788429181225576,1788429181227649,,,http_data_plane,,,,,2073
server,client_mutation,completed,1788429181727720,178842684286994605,,,,1788429181725607,1788429181725607,1788429181727720,,,http_data_plane,,,,,2113
server,peer_replication_get_delta,completed,1788429181764270,178842684286994605,178842684114094202,25,,1788429181764156,1788429181764162,1788429181764270,,,"delta_len=15,sent_us=1788429181749082",,,,,108
server,peer_replication_get_delta,completed,1788429181925828,178842684286994605,178842684286996604,25,,1788429181925707,1788429181925712,1788429181925828,,,"delta_len=42,sent_us=1788429181925093",,,,,116
server,peer_replication_pull_request,sent,1788429181977254,178842684286994605,,,,,,,,,connected_peers=17,,,,,
server,peer_replication_merge_delta,completed,1788429182000946,178842684286994605,,25,,1788429181993991,1788429182000899,1788429182000946,,,"delta_len=58,sent_us=1788429181990252",,,,,47
server,client_mutation,completed,1788429182227734,178842684286994605,,,,1788429182225559,1788429182225559,1788429182227734,,,http_data_plane,,,,,2175
server,peer_replication_get_delta,completed,1788429182478252,178842684286994605,178842684286995605,25,,1788429182478129,1788429182478135,1788429182478252,,,"delta_len=63,sent_us=1788429182477506",,,,,117
server,client_mutation,completed,1788429182727951,178842684286994605,,,,1788429182725603,1788429182725603,1788429182727951,,,http_data_plane,,,,,2348
server,peer_replication_pull_request,sent,1788429182977899,178842684286994605,,,,,,,,,connected_peers=17,,,,,
server,peer_replication_merge_delta,completed,1788429183006069,178842684286994605,,25,,1788429183002394,1788429183006051,1788429183006069,,,"delta_len=9,sent_us=1788429182990732",,,,,18
server,client_mutation,completed,1788429183229033,178842684286994605,,,,1788429183226904,1788429183226904,1788429183229033,,,http_data_plane,,,,,2129
server,client_mutation,completed,1788429183728309,178842684286994605,,,,1788429183725997,1788429183725997,1788429183728309,,,http_data_plane,,,,,2312
server,peer_replication_pull_request,sent,1788429183977187,178842684286994605,,,,,,,,,connected_peers=17,,,,,
server,peer_replication_merge_delta,completed,1788429184040600,178842684286994605,,25,,1788429184034032,1788429184040544,1788429184040600,,,"delta_len=49,sent_us=1788429184020346",,,,,56
server,client_mutation,completed,1788429184228086,178842684286994605,,,,1788429184225759,1788429184225759,1788429184228086,,,http_data_plane,,,,,2327
server,membership_directory_read,completed,1788429184552610,178842684286994605,,,,,1788429184503012,1788429184552610,,,poll:166 descriptors,,,,,49598
server,client_mutation,completed,1788429184727842,178842684286994605,,,,1788429184725572,1788429184725573,1788429184727842,,,http_data_plane,,,,,2269
server,client_mutation,completed,1788429185228220,178842684286994605,,,,1788429185225662,1788429185225662,1788429185228220,,,http_data_plane,,,,,2558
server,peer_replication_get_delta,completed,1788429185321993,178842684286994605,178842683849156806,25,,1788429185321883,1788429185321888,1788429185321993,,,"delta_len=29,sent_us=1788429185279535",,,,,105
server,peer_replication_get_delta,completed,1788429185358769,178842684286994605,178842684286997603,25,,1788429185358654,1788429185358659,1788429185358769,,,"delta_len=10,sent_us=1788429185358129",,,,,110
server,client_mutation,completed,1788429185727790,178842684286994605,,,,1788429185725709,1788429185725710,1788429185727790,,,http_data_plane,,,,,2080
server,peer_replication_pull_request,sent,1788429185977862,178842684286994605,,,,,,,,,connected_peers=16,,,,,
server,peer_replication_merge_delta,completed,1788429186074738,178842684286994605,,25,,1788429186062262,1788429186074612,1788429186074738,,,"delta_len=143,sent_us=1788429186020853",,,,,126
server,client_mutation,completed,1788429186227753,178842684286994605,,,,1788429186225642,1788429186225642,1788429186227753,,,http_data_plane,,,,,2111
server,peer_replication_get_delta,completed,1788429186492578,178842684286994605,178842683849157806,25,,1788429186492460,1788429186492466,1788429186492578,,,"delta_len=14,sent_us=1788429186451483",,,,,112
server,client_mutation,completed,1788429186727916,178842684286994605,,,,1788429186725628,1788429186725629,1788429186727916,,,http_data_plane,,,,,2287
server,peer_replication_pull_request,sent,1788429186977869,178842684286994605,,,,,,,,,connected_peers=16,,,,,
server,peer_replication_merge_delta,completed,1788429187045858,178842684286994605,,25,,1788429187036629,1788429187045715,1788429187045858,,,"delta_len=67,sent_us=1788429187022757",,,,,143
server,client_mutation,completed,1788429187229211,178842684286994605,,,,1788429187226715,1788429187226715,1788429187229211,,,http_data_plane,,,,,2496
server,peer_replication_get_delta,completed,1788429187426654,178842684286994605,178842684286993605,25,,1788429187426466,1788429187426472,1788429187426654,,,"delta_len=61,sent_us=1788429187425584",,,,,182
server,client_mutation,completed,1788429187728155,178842684286994605,,,,1788429187725675,1788429187725675,1788429187728155,,,http_data_plane,,,,,2480
server,peer_replication_pull_request,sent,1788429187977100,178842684286994605,,,,,,,,,connected_peers=16,,,,,
server,peer_replication_merge_delta,completed,1788429188004849,178842684286994605,,25,,1788429187996950,1788429188004789,1788429188004849,,,"delta_len=70,sent_us=1788429187991309",,,,,60
server,client_mutation,completed,1788429188228202,178842684286994605,,,,1788429188225854,1788429188225854,1788429188228202,,,http_data_plane,,,,,2348
server,peer_replication_get_delta,completed,1788429188359365,178842684286994605,178842684286997603,25,,1788429188359235,1788429188359240,1788429188359365,,,"delta_len=95,sent_us=1788429188358618",,,,,125
server,client_mutation,completed,1788429188728114,178842684286994605,,,,1788429188725763,1788429188725764,1788429188728114,,,http_data_plane,,,,,2350
server,peer_replication_get_delta,completed,1788429188764077,178842684286994605,178842684114094202,25,,1788429188763958,1788429188763963,1788429188764077,,,"delta_len=24,sent_us=1788429188748848",,,,,114
server,peer_replication_pull_request,sent,1788429188977536,178842684286994605,,,,,,,,,connected_peers=16,,,,,
server,peer_replication_merge_delta,completed,1788429189007095,178842684286994605,,25,,1788429189002290,1788429189007074,1788429189007095,,,"delta_len=20,sent_us=1788429188990521",,,,,21
server,client_mutation,completed,1788429189227991,178842684286994605,,,,1788429189225602,1788429189225602,1788429189227991,,,http_data_plane,,,,,2389
server,peer_replication_get_delta,completed,1788429189329973,178842684286994605,178842683956185206,25,,1788429189329858,1788429189329863,1788429189329973,,,"delta_len=36,sent_us=1788429189312614",,,,,110
server,membership_directory_read,completed,1788429189555129,178842684286994605,,,,,1788429189503375,1788429189555129,,,poll:166 descriptors,,,,,51754
server,client_mutation,completed,1788429189727754,178842684286994605,,,,1788429189725583,1788429189725583,1788429189727754,,,http_data_plane,,,,,2171
server,peer_replication_pull_request,sent,1788429189977704,178842684286994605,,,,,,,,,connected_peers=16,,,,,
server,peer_replication_merge_delta,completed,1788429189988067,178842684286994605,,25,,1788429189979336,1788429189987785,1788429189988067,,,"delta_len=72,sent_us=1788429189978465",,,,,282
server,client_mutation,completed,1788429190227754,178842684286994605,,,,1788429190225578,1788429190225578,1788429190227754,,,http_data_plane,,,,,2176
server,peer_replication_get_delta,completed,1788429190289328,178842684286994605,178842683956184206,25,,1788429190288789,1788429190288795,1788429190289328,,,"delta_len=100,sent_us=1788429190269477",,,,,533
server,client_mutation,completed,1788429190727919,178842684286994605,,,,1788429190725614,1788429190725614,1788429190727919,,,http_data_plane,,,,,2305
server,peer_replication_get_delta,completed,1788429190926430,178842684286994605,178842684286996604,25,,1788429190926320,1788429190926324,1788429190926430,,,"delta_len=46,sent_us=1788429190925401",,,,,106
server,peer_replication_pull_request,sent,1788429190977641,178842684286994605,,,,,,,,,connected_peers=16,,,,,
server,peer_replication_merge_delta,completed,1788429190985604,178842684286994605,,25,,1788429190979824,1788429190985331,1788429190985604,,,"delta_len=48,sent_us=1788429190978817",,,,,273
server,client_mutation,completed,1788429191227919,178842684286994605,,,,1788429191225618,1788429191225618,1788429191227919,,,http_data_plane,,,,,2301
server,peer_replication_get_delta,completed,1788429191360183,178842684286994605,178842684286997603,25,,1788429191359872,1788429191359878,1788429191360183,,,"delta_len=45,sent_us=1788429191358550",,,,,305
server,client_mutation,completed,1788429191728777,178842684286994605,,,,1788429191726476,1788429191726477,1788429191728777,,,http_data_plane,,,,,2300
server,client_mutation,completed,1788429192230476,178842684286994605,,,,1788429192227300,1788429192227300,1788429192230476,,,http_data_plane,,,,,3176
server,client_mutation,completed,1788429192728123,178842684286994605,,,,1788429192725788,1788429192725788,1788429192728123,,,http_data_plane,,,,,2335
server,peer_replication_get_delta,completed,1788429192925460,178842684286994605,178842684286996604,25,,1788429192925342,1788429192925348,1788429192925460,,,"delta_len=14,sent_us=1788429192924718",,,,,112
server,peer_replication_pull_request,sent,1788429192977863,178842684286994605,,,,,,,,,connected_peers=15,,,,,
server,peer_replication_merge_delta,completed,1788429192986390,178842684286994605,,25,,1788429192979673,1788429192986278,1788429192986390,,,"delta_len=61,sent_us=1788429192978549",,,,,112
server,client_mutation,completed,1788429193227738,178842684286994605,,,,1788429193225553,1788429193225553,1788429193227738,,,http_data_plane,,,,,2185
server,client_mutation,completed,1788429193727914,178842684286994605,,,,1788429193725504,1788429193725504,1788429193727914,,,http_data_plane,,,,,2410
server,peer_replication_pull_request,sent,1788429193977855,178842684286994605,,,,,,,,,connected_peers=15,,,,,
server,peer_replication_merge_delta,completed,1788429193982401,178842684286994605,,25,,1788429193979179,1788429193982391,1788429193982401,,,"delta_len=7,sent_us=1788429193978552",,,,,10
server,client_mutation,completed,1788429194228197,178842684286994605,,,,1788429194225608,1788429194225608,1788429194228197,,,http_data_plane,,,,,2589
server,membership_directory_read,completed,1788429194591020,178842684286994605,,,,,1788429194503835,1788429194591020,,,poll:166 descriptors,,,,,87185
server,client_mutation,completed,1788429194727861,178842684286994605,,,,1788429194725681,1788429194725681,1788429194727861,,,http_data_plane,,,,,2180
server,peer_replication_pull_request,sent,1788429194976957,178842684286994605,,,,,,,,,connected_peers=15,,,,,
server,peer_replication_merge_delta,completed,1788429195012157,178842684286994605,,25,,1788429195001980,1788429195012001,1788429195012157,,,"delta_len=98,sent_us=1788429194989804",,,,,156
server,client_mutation,completed,1788429195229451,178842684286994605,,,,1788429195225587,1788429195225587,1788429195229451,,,http_data_plane,,,,,3864
server,peer_replication_get_delta,completed,1788429195427809,178842684286994605,178842684286993605,25,,1788429195427430,1788429195427435,1788429195427809,,,"delta_len=10,sent_us=1788429195425880",,,,,374
server,client_mutation,completed,1788429195728014,178842684286994605,,,,1788429195725556,1788429195725556,1788429195728014,,,http_data_plane,,,,,2458
server,peer_replication_pull_request,sent,1788429195976969,178842684286994605,,,,,,,,,connected_peers=15,,,,,
server,peer_replication_merge_delta,completed,1788429196012603,178842684286994605,,25,,1788429196004712,1788429196012547,1788429196012603,,,"delta_len=34,sent_us=1788429195991291",,,,,56
server,client_mutation,completed,1788429196227788,178842684286994605,,,,1788429196225592,1788429196225592,1788429196227788,,,http_data_plane,,,,,2196
server,peer_replication_get_delta,completed,1788429196297535,178842684286994605,178842684426433105,25,,1788429196297419,1788429196297425,1788429196297535,,,"delta_len=15,sent_us=1788429196285814",,,,,110
server,client_mutation,completed,1788429196728278,178842684286994605,,,,1788429196726039,1788429196726039,1788429196728278,,,http_data_plane,,,,,2239
server,peer_replication_pull_request,sent,1788429196977507,178842684286994605,,,,,,,,,connected_peers=15,,,,,
server,peer_replication_merge_delta,completed,1788429197007343,178842684286994605,,25,,1788429196997533,1788429197007296,1788429197007343,,,"delta_len=53,sent_us=1788429196991909",,,,,47
server,client_mutation,completed,1788429197230394,178842684286994605,,,,1788429197227253,1788429197227253,1788429197230394,,,http_data_plane,,,,,3141
server,client_mutation,completed,1788429197729034,178842684286994605,,,,1788429197726066,1788429197726066,1788429197729034,,,http_data_plane,,,,,2968
server,peer_replication_pull_request,sent,1788429197977105,178842684286994605,,,,,,,,,connected_peers=15,,,,,
server,peer_replication_merge_delta,completed,1788429198002540,178842684286994605,,25,,1788429197993859,1788429198002005,1788429198002540,,,"delta_len=53,sent_us=1788429197989814",,,,,535
server,client_mutation,completed,1788429198227743,178842684286994605,,,,1788429198225625,1788429198225625,1788429198227743,,,http_data_plane,,,,,2118
server,peer_replication_get_delta,completed,1788429198358489,178842684286994605,178842684286997603,25,,1788429198358354,1788429198358359,1788429198358489,,,"delta_len=98,sent_us=1788429198357761",,,,,130
server,client_mutation,completed,1788429198731269,178842684286994605,,,,1788429198728879,1788429198728879,1788429198731269,,,http_data_plane,,,,,2390
server,peer_replication_pull_request,sent,1788429198977855,178842684286994605,,,,,,,,,connected_peers=15,,,,,
server,peer_replication_merge_delta,completed,1788429199029124,178842684286994605,,25,,1788429199025362,1788429199029117,1788429199029124,,,"delta_len=2,sent_us=1788429199013728",,,,,7
server,client_mutation,completed,1788429199227965,178842684286994605,,,,1788429199225771,1788429199225771,1788429199227965,,,http_data_plane,,,,,2194
server,membership_directory_read,completed,1788429199558289,178842684286994605,,,,,1788429199503162,1788429199558289,,,poll:166 descriptors,,,,,55127
server,client_mutation,completed,1788429199728531,178842684286994605,,,,1788429199726274,1788429199726274,1788429199728531,,,http_data_plane,,,,,2257
server,peer_replication_pull_request,sent,1788429199977644,178842684286994605,,,,,,,,,connected_peers=15,,,,,
server,peer_replication_merge_delta,completed,1788429200025069,178842684286994605,,25,,1788429200009809,1788429200024941,1788429200025069,,,"delta_len=100,sent_us=1788429199991575",,,,,128
server,client_mutation,completed,1788429200229400,178842684286994605,,,,1788429200226659,1788429200226659,1788429200229400,,,http_data_plane,,,,,2741
server,peer_replication_get_delta,completed,1788429200427434,178842684286994605,178842684286993605,25,,1788429200427308,1788429200427313,1788429200427434,,,"delta_len=83,sent_us=1788429200425766",,,,,121
server,client_mutation,completed,1788429200729490,178842684286994605,,,,1788429200726368,1788429200726368,1788429200729490,,,http_data_plane,,,,,3122
server,peer_replication_pull_request,sent,1788429200977654,178842684286994605,,,,,,,,,connected_peers=15,,,,,
server,peer_replication_merge_delta,completed,1788429201009272,178842684286994605,,25,,1788429201005279,1788429201009250,1788429201009272,,,"delta_len=14,sent_us=1788429200992745",,,,,22
server,client_mutation,completed,1788429201227978,178842684286994605,,,,1788429201225568,1788429201225568,1788429201227978,,,http_data_plane,,,,,2410
server,client_mutation,completed,1788429201727943,178842684286994605,,,,1788429201725728,1788429201725728,1788429201727943,,,http_data_plane,,,,,2215
server,peer_replication_get_delta,completed,1788429201763993,178842684286994605,178842684114094202,25,,1788429201763828,1788429201763834,1788429201763993,,,"delta_len=37,sent_us=1788429201748617",,,,,159
server,peer_replication_pull_request,sent,1788429201977531,178842684286994605,,,,,,,,,connected_peers=15,,,,,
server,peer_replication_merge_delta,completed,1788429202042940,178842684286994605,,25,,1788429202035218,1788429202042907,1788429202042940,,,"delta_len=45,sent_us=1788429202021569",,,,,33
server,client_mutation,completed,1788429202227735,178842684286994605,,,,1788429202225620,1788429202225620,1788429202227735,,,http_data_plane,,,,,2115
server,peer_replication_get_delta,completed,1788429202290715,178842684286994605,178842683956184206,25,,1788429202290585,1788429202290591,1788429202290715,,,"delta_len=70,sent_us=1788429202269246",,,,,124
server,client_mutation,completed,1788429202728357,178842684286994605,,,,1788429202725834,1788429202725834,1788429202728357,,,http_data_plane,,,,,2523
server,peer_replication_pull_request,sent,1788429202978347,178842684286994605,,,,,,,,,connected_peers=15,,,,,
server,peer_replication_merge_delta,completed,1788429203017322,178842684286994605,,25,,1788429203004203,1788429203017019,1788429203017322,,,"delta_len=116,sent_us=1788429202991770",,,,,303
server,client_mutation,completed,1788429203228876,178842684286994605,,,,1788429203226398,1788429203226398,1788429203228876,,,http_data_plane,,,,,2478
server,client_mutation,completed,1788429203730240,178842684286994605,,,,1788429203727783,1788429203727784,1788429203730240,,,http_data_plane,,,,,2456
server,peer_replication_get_delta,completed,1788429203759352,178842684286994605,178842684426435105,25,,1788429203759231,1788429203759235,1788429203759352,,,"delta_len=57,sent_us=1788429203741581",,,,,117
server,peer_replication_get_delta,completed,1788429203771356,178842684286994605,178842684114094202,25,,1788429203769022,1788429203769038,1788429203771356,,,"delta_len=91,sent_us=1788429203748238",,,,,2318
server,peer_replication_pull_request,sent,1788429203977149,178842684286994605,,,,,,,,,connected_peers=15,,,,,
server,peer_replication_merge_delta,completed,1788429203991448,178842684286994605,,25,,1788429203981221,1788429203991400,1788429203991448,,,"delta_len=64,sent_us=1788429203979268",,,,,48
server,peer_replication_get_delta,completed,1788429204104541,178842684286994605,178842684426432102,25,,1788429204104407,1788429204104412,1788429204104541,,,"delta_len=86,sent_us=1788429204086674",,,,,129
server,client_mutation,completed,1788429204229552,178842684286994605,,,,1788429204226689,1788429204226689,1788429204229552,,,http_data_plane,,,,,2863
server,peer_replication_get_delta,completed,1788429204426760,178842684286994605,178842684286993605,25,,1788429204426543,1788429204426549,1788429204426760,,,"delta_len=75,sent_us=1788429204425427",,,,,211
server,membership_directory_read,completed,1788429204560022,178842684286994605,,,,,1788429204503261,1788429204560022,,,poll:166 descriptors,,,,,56761
server,client_mutation,completed,1788429204727966,178842684286994605,,,,1788429204725934,1788429204725934,1788429204727966,,,http_data_plane,,,,,2032
server,peer_replication_pull_request,sent,1788429204977890,178842684286994605,,,,,,,,,connected_peers=15,,,,,
server,peer_replication_merge_delta,completed,1788429205001923,178842684286994605,,25,,1788429204997643,1788429205001903,1788429205001923,,,"delta_len=24,sent_us=1788429204992169",,,,,20
server,client_mutation,completed,1788429205227685,178842684286994605,,,,1788429205225566,1788429205225566,1788429205227685,,,http_data_plane,,,,,2119
server,peer_replication_get_delta,completed,1788429205426855,178842684286994605,178842684286993605,25,,1788429205426743,1788429205426748,1788429205426855,,,"delta_len=26,sent_us=1788429205425854",,,,,107
server,client_mutation,completed,1788429205728748,178842684286994605,,,,1788429205726115,1788429205726115,1788429205728748,,,http_data_plane,,,,,2633
server,peer_replication_pull_request,sent,1788429205977152,178842684286994605,,,,,,,,,connected_peers=15,,,,,
server,peer_replication_merge_delta,completed,1788429205998745,178842684286994605,,25,,1788429205993721,1788429205998603,1788429205998745,,,"delta_len=30,sent_us=1788429205990046",,,,,142
server,client_mutation,completed,1788429206227720,178842684286994605,,,,1788429206225593,1788429206225593,1788429206227720,,,http_data_plane,,,,,2127
server,peer_replication_get_delta,completed,1788429206358392,178842684286994605,178842684286997603,25,,1788429206358273,1788429206358278,1788429206358392,,,"delta_len=30,sent_us=1788429206357710",,,,,114
server,client_mutation,completed,1788429206728163,178842684286994605,,,,1788429206725929,1788429206725929,1788429206728163,,,http_data_plane,,,,,2234
server,peer_replication_pull_request,sent,1788429206977347,178842684286994605,,,,,,,,,connected_peers=15,,,,,
server,peer_replication_merge_delta,completed,1788429207004941,178842684286994605,,25,,1788429206997275,1788429207004905,1788429207004941,,,"delta_len=41,sent_us=1788429206991679",,,,,36
server,client_mutation,completed,1788429207228184,178842684286994605,,,,1788429207225942,1788429207225942,1788429207228184,,,http_data_plane,,,,,2242
server,client_mutation,completed,1788429207728516,178842684286994605,,,,1788429207725607,1788429207725607,1788429207728516,,,http_data_plane,,,,,2909
server,peer_replication_pull_request,sent,1788429207977680,178842684286994605,,,,,,,,,connected_peers=15,,,,,
server,peer_replication_merge_delta,completed,1788429208041168,178842684286994605,,25,,1788429208036038,1788429208041141,1788429208041168,,,"delta_len=30,sent_us=1788429208022537",,,,,27
server,client_mutation,completed,1788429208228396,178842684286994605,,,,1788429208225882,1788429208225882,1788429208228396,,,http_data_plane,,,,,2514
server,client_mutation,completed,1788429208728367,178842684286994605,,,,1788429208725687,1788429208725687,1788429208728367,,,http_data_plane,,,,,2680
server,peer_replication_pull_request,sent,1788429208977323,178842684286994605,,,,,,,,,connected_peers=15,,,,,
server,peer_replication_merge_delta,completed,1788429209003204,178842684286994605,,25,,1788429208994615,1788429209003146,1788429209003204,,,"delta_len=78,sent_us=1788429208990278",,,,,58
server,client_mutation,completed,1788429209228070,178842684286994605,,,,1788429209225718,1788429209225718,1788429209228070,,,http_data_plane,,,,,2352
server,peer_replication_get_delta,completed,1788429209330025,178842684286994605,178842683956185206,25,,1788429209329877,1788429209329883,1788429209330025,,,"delta_len=37,sent_us=1788429209312608",,,,,142
server,membership_directory_read,completed,1788429209560606,178842684286994605,,,,,1788429209503621,1788429209560606,,,poll:166 descriptors,,,,,56985
server,client_mutation,completed,1788429209728049,178842684286994605,,,,1788429209725651,1788429209725651,1788429209728049,,,http_data_plane,,,,,2398
server,peer_replication_pull_request,sent,1788429209977252,178842684286994605,,,,,,,,,connected_peers=15,,,,,
server,peer_replication_merge_delta,completed,1788429210045318,178842684286994605,,25,,1788429210039103,1788429210045278,1788429210045318,,,"delta_len=50,sent_us=1788429210022013",,,,,40
server,client_mutation,completed,1788429210228603,178842684286994605,,,,1788429210226102,1788429210226102,1788429210228603,,,http_data_plane,,,,,2501
server,client_mutation,completed,1788429210728030,178842684286994605,,,,1788429210725602,1788429210725602,1788429210728030,,,http_data_plane,,,,,2428
server,peer_replication_pull_request,sent,1788429210977893,178842684286994605,,,,,,,,,connected_peers=15,,,,,
server,peer_replication_merge_delta,completed,1788429211008890,178842684286994605,,25,,1788429211002691,1788429211008869,1788429211008890,,,"delta_len=22,sent_us=1788429210995869",,,,,21
server,client_mutation,completed,1788429211227257,178842684286994605,,,,1788429211225588,1788429211225588,1788429211227257,,,http_data_plane,,,,,1669
server,client_mutation,completed,1788429211728554,178842684286994605,,,,1788429211725800,1788429211725800,1788429211728554,,,http_data_plane,,,,,2754
server,peer_replication_pull_request,sent,1788429211977785,178842684286994605,,,,,,,,,connected_peers=15,,,,,
server,peer_replication_merge_delta,completed,1788429212000377,178842684286994605,,25,,1788429211994766,1788429212000346,1788429212000377,,,"delta_len=35,sent_us=1788429211990874",,,,,31
server,client_mutation,completed,1788429212230306,178842684286994605,,,,1788429212226276,1788429212226276,1788429212230306,,,http_data_plane,,,,,4030
server,client_mutation,completed,1788429212728948,178842684286994605,,,,1788429212726624,1788429212726624,1788429212728948,,,http_data_plane,,,,,2324
server,peer_replication_get_delta,completed,1788429212764773,178842684286994605,178842684114094202,25,,1788429212764611,1788429212764618,1788429212764773,,,"delta_len=30,sent_us=1788429212748959",,,,,155
server,peer_replication_pull_request,sent,1788429212977349,178842684286994605,,,,,,,,,connected_peers=15,,,,,
server,peer_replication_merge_delta,completed,1788429212984541,178842684286994605,,25,,1788429212978739,1788429212984491,1788429212984541,,,"delta_len=55,sent_us=1788429212978068",,,,,50
server,client_mutation,completed,1788429213232362,178842684286994605,,,,1788429213229437,1788429213229437,1788429213232362,,,http_data_plane,,,,,2925
server,client_mutation,completed,1788429213728366,178842684286994605,,,,1788429213726145,1788429213726145,1788429213728366,,,http_data_plane,,,,,2221
server,peer_replication_pull_request,sent,1788429213977334,178842684286994605,,,,,,,,,connected_peers=15,,,,,
server,peer_replication_merge_delta,completed,1788429214005913,178842684286994605,,25,,1788429213997310,1788429214005851,1788429214005913,,,"delta_len=61,sent_us=1788429213991682",,,,,62
server,client_mutation,completed,1788429214228282,178842684286994605,,,,1788429214225875,1788429214225876,1788429214228282,,,http_data_plane,,,,,2406
server,membership_directory_read,completed,1788429214554330,178842684286994605,,,,,1788429214503250,1788429214554330,,,poll:166 descriptors,,,,,51080
server,client_mutation,completed,1788429214728536,178842684286994605,,,,1788429214725997,1788429214725997,1788429214728536,,,http_data_plane,,,,,2539
server,peer_replication_pull_request,sent,1788429214977636,178842684286994605,,,,,,,,,connected_peers=15,,,,,
server,peer_replication_merge_delta,completed,1788429215002467,178842684286994605,,25,,1788429214994426,1788429215002404,1788429215002467,,,"delta_len=83,sent_us=1788429214990628",,,,,63
server,client_mutation,completed,1788429215228009,178842684286994605,,,,1788429215225654,1788429215225654,1788429215228009,,,http_data_plane,,,,,2355
server,client_mutation,completed,1788429215727814,178842684286994605,,,,1788429215725599,1788429215725600,1788429215727814,,,http_data_plane,,,,,2214
server,peer_replication_pull_request,sent,1788429215977216,178842684286994605,,,,,,,,,connected_peers=15,,,,,
server,peer_replication_merge_delta,completed,1788429216008017,178842684286994605,,25,,1788429216001570,1788429216007972,1788429216008017,,,"delta_len=41,sent_us=1788429215995409",,,,,45
server,client_mutation,completed,1788429216227790,178842684286994605,,,,1788429216225661,1788429216225661,1788429216227790,,,http_data_plane,,,,,2129
server,peer_replication_get_delta,completed,1788429216426960,178842684286994605,178842684286993605,25,,1788429216426837,1788429216426842,1788429216426960,,,"delta_len=73,sent_us=1788429216425634",,,,,118
server,client_mutation,completed,1788429216727992,178842684286994605,,,,1788429216725778,1788429216725778,1788429216727992,,,http_data_plane,,,,,2214
server,peer_replication_pull_request,sent,1788429216977164,178842684286994605,,,,,,,,,connected_peers=15,,,,,
server,peer_replication_merge_delta,completed,1788429217009820,178842684286994605,,25,,1788429217004344,1788429217009785,1788429217009820,,,"delta_len=35,sent_us=1788429216996330",,,,,35
server,client_mutation,completed,1788429217228092,178842684286994605,,,,1788429217225820,1788429217225821,1788429217228092,,,http_data_plane,,,,,2271
server,client_mutation,completed,1788429217728869,178842684286994605,,,,1788429217726574,1788429217726575,1788429217728869,,,http_data_plane,,,,,2294
server,peer_replication_pull_request,sent,1788429217977897,178842684286994605,,,,,,,,,connected_peers=15,,,,,
server,peer_replication_merge_delta,completed,1788429217985219,178842684286994605,,25,,1788429217979661,1788429217985184,1788429217985219,,,"delta_len=35,sent_us=1788429217978679",,,,,35
server,peer_replication_get_delta,completed,1788429218098754,178842684286994605,178842684426432102,25,,1788429218098449,1788429218098549,1788429218098754,,,"delta_len=54,sent_us=1788429218086684",,,,,205
server,client_mutation,completed,1788429218229357,178842684286994605,,,,1788429218226311,1788429218226312,1788429218229357,,,http_data_plane,,,,,3045
server,client_mutation,completed,1788429218727953,178842684286994605,,,,1788429218725660,1788429218725660,1788429218727953,,,http_data_plane,,,,,2293
server,peer_replication_pull_request,sent,1788429218978490,178842684286994605,,,,,,,,,connected_peers=15,,,,,
server,peer_replication_merge_delta,completed,1788429218996534,178842684286994605,,25,,1788429218984306,1788429218996487,1788429218996534,,,"delta_len=60,sent_us=1788429218982878",,,,,47
server,peer_replication_get_delta,completed,1788429219098999,178842684286994605,178842684426432102,25,,1788429219098843,1788429219098849,1788429219098999,,,"delta_len=34,sent_us=1788429219086742",,,,,150
server,client_mutation,completed,1788429219227812,178842684286994605,,,,1788429219225622,1788429219225622,1788429219227812,,,http_data_plane,,,,,2190
server,membership_directory_read,completed,1788429219561906,178842684286994605,,,,,1788429219503043,1788429219561906,,,poll:166 descriptors,,,,,58863
server,client_mutation,completed,1788429219728028,178842684286994605,,,,1788429219725728,1788429219725729,1788429219728028,,,http_data_plane,,,,,2299
server,peer_replication_get_delta,completed,1788429219926527,178842684286994605,178842684286996604,25,,1788429219926394,1788429219926400,1788429219926527,,,"delta_len=31,sent_us=1788429219925239",,,,,127
server,peer_replication_pull_request,sent,1788429219977764,178842684286994605,,,,,,,,,connected_peers=15,,,,,
server,peer_replication_merge_delta,completed,1788429219985646,178842684286994605,,25,,1788429219980156,1788429219985615,1788429219985646,,,"delta_len=39,sent_us=1788429219978937",,,,,31
server,client_mutation,completed,1788429220228968,178842684286994605,,,,1788429220225561,1788429220225561,1788429220228968,,,http_data_plane,,,,,3407
server,peer_replication_get_delta,completed,1788429220358669,178842684286994605,178842684286997603,25,,1788429220358543,1788429220358547,1788429220358669,,,"delta_len=66,sent_us=1788429220358018",,,,,122
server,peer_replication_get_delta,completed,1788429220426903,178842684286994605,178842684286993605,25,,1788429220426773,1788429220426781,1788429220426903,,,"delta_len=30,sent_us=1788429220425636",,,,,122
server,client_mutation,completed,1788429220728108,178842684286994605,,,,1788429220725893,1788429220725894,1788429220728108,,,http_data_plane,,,,,2214
server,peer_replication_pull_request,sent,1788429220977151,178842684286994605,,,,,,,,,connected_peers=15,,,,,
server,peer_replication_merge_delta,completed,1788429220986407,178842684286994605,,25,,1788429220980269,1788429220986377,1788429220986407,,,"delta_len=38,sent_us=1788429220979035",,,,,30
server,client_mutation,completed,1788429221227645,178842684286994605,,,,1788429221225597,1788429221225597,1788429221227645,,,http_data_plane,,,,,2048
server,peer_replication_get_delta,completed,1788429221330551,178842684286994605,178842683956185206,25,,1788429221330411,1788429221330416,1788429221330551,,,"delta_len=38,sent_us=1788429221312836",,,,,135
server,peer_replication_get_delta,completed,1788429221358732,178842684286994605,178842684286997603,25,,1788429221358548,1788429221358553,1788429221358732,,,"delta_len=28,sent_us=1788429221358031",,,,,179
server,peer_replication_get_delta,completed,1788429221427027,178842684286994605,178842684286993605,25,,1788429221426900,1788429221426905,1788429221427027,,,"delta_len=22,sent_us=1788429221425851",,,,,122
server,client_mutation,completed,1788429221727777,178842684286994605,,,,1788429221725558,1788429221725558,1788429221727777,,,http_data_plane,,,,,2219
server,peer_replication_pull_request,sent,1788429221978032,178842684286994605,,,,,,,,,connected_peers=15,,,,,
server,peer_replication_merge_delta,completed,1788429222009220,178842684286994605,,25,,1788429221998473,1788429222009169,1788429222009220,,,"delta_len=65,sent_us=1788429221992419",,,,,51
server,client_mutation,completed,1788429222228406,178842684286994605,,,,1788429222225885,1788429222225885,1788429222228406,,,http_data_plane,,,,,2521
server,client_mutation,completed,1788429222727862,178842684286994605,,,,1788429222725467,1788429222725467,1788429222727862,,,http_data_plane,,,,,2395
server,peer_replication_pull_request,sent,1788429222976997,178842684286994605,,,,,,,,,connected_peers=15,,,,,
server,peer_replication_merge_delta,completed,1788429223006916,178842684286994605,,25,,1788429223001824,1788429223006884,1788429223006916,,,"delta_len=35,sent_us=1788429222990035",,,,,32
server,client_mutation,completed,1788429223229521,178842684286994605,,,,1788429223226938,1788429223226938,1788429223229521,,,http_data_plane,,,,,2583
server,client_mutation,completed,1788429223727748,178842684286994605,,,,1788429223725609,1788429223725609,1788429223727748,,,http_data_plane,,,,,2139
server,peer_replication_pull_request,sent,1788429223977782,178842684286994605,,,,,,,,,connected_peers=15,,,,,
server,peer_replication_merge_delta,completed,1788429224042485,178842684286994605,,25,,1788429224036869,1788429224042448,1788429224042485,,,"delta_len=40,sent_us=1788429224023392",,,,,37
server,client_mutation,completed,1788429224228753,178842684286994605,,,,1788429224226072,1788429224226072,1788429224228753,,,http_data_plane,,,,,2681
server,membership_directory_read,completed,1788429224547350,178842684286994605,,,,,1788429224504196,1788429224547350,,,poll:166 descriptors,,,,,43154
server,client_mutation,completed,1788429224727675,178842684286994605,,,,1788429224725601,1788429224725601,1788429224727675,,,http_data_plane,,,,,2074
server,peer_replication_pull_request,sent,1788429224977641,178842684286994605,,,,,,,,,connected_peers=15,,,,,
server,peer_replication_merge_delta,completed,1788429225005517,178842684286994605,,25,,1788429224997965,1788429225005489,1788429225005517,,,"delta_len=29,sent_us=1788429224991912",,,,,28
server,client_mutation,completed,1788429225232750,178842684286994605,,,,1788429225226816,1788429225226816,1788429225232750,,,http_data_plane,,,,,5934
server,client_mutation,completed,1788429225728025,178842684286994605,,,,1788429225725569,1788429225725569,1788429225728025,,,http_data_plane,,,,,2456
server,peer_replication_pull_request,sent,1788429225977997,178842684286994605,,,,,,,,,connected_peers=15,,,,,
server,peer_replication_merge_delta,completed,1788429226042688,178842684286994605,,25,,1788429226034780,1788429226042540,1788429226042688,,,"delta_len=56,sent_us=1788429226020451",,,,,148
server,client_mutation,completed,1788429226228080,178842684286994605,,,,1788429226225697,1788429226225697,1788429226228080,,,http_data_plane,,,,,2383
server,peer_replication_get_delta,completed,1788429226358569,178842684286994605,178842684286997603,25,,1788429226358441,1788429226358446,1788429226358569,,,"delta_len=76,sent_us=1788429226357686",,,,,123
server,client_mutation,completed,1788429226728834,178842684286994605,,,,1788429226726597,1788429226726597,1788429226728834,,,http_data_plane,,,,,2237
server,peer_replication_pull_request,sent,1788429226977477,178842684286994605,,,,,,,,,connected_peers=15,,,,,
server,peer_replication_merge_delta,completed,1788429227042981,178842684286994605,,25,,1788429227035929,1788429227042933,1788429227042981,,,"delta_len=56,sent_us=1788429227021695",,,,,48
server,client_mutation,completed,1788429227228388,178842684286994605,,,,1788429227225902,1788429227225902,1788429227228388,,,http_data_plane,,,,,2486
server,client_mutation,completed,1788429227728295,178842684286994605,,,,1788429227726070,1788429227726070,1788429227728295,,,http_data_plane,,,,,2225
server,peer_replication_get_delta,completed,1788429227765899,178842684286994605,178842684114094202,25,,1788429227764369,1788429227764374,1788429227765899,,,"delta_len=39,sent_us=1788429227748256",,,,,1525
server,peer_replication_pull_request,sent,1788429227977392,178842684286994605,,,,,,,,,connected_peers=15,,,,,
server,peer_replication_merge_delta,completed,1788429228039348,178842684286994605,,25,,1788429228034175,1788429228039319,1788429228039348,,,"delta_len=34,sent_us=1788429228020530",,,,,29
server,peer_replication_get_delta,completed,1788429228098828,178842684286994605,178842684426432102,25,,1788429228098699,1788429228098706,1788429228098828,,,"delta_len=60,sent_us=1788429228087062",,,,,122
server,client_mutation,completed,1788429228227925,178842684286994605,,,,1788429228225751,1788429228225751,1788429228227925,,,http_data_plane,,,,,2174
server,client_mutation,completed,1788429228728458,178842684286994605,,,,1788429228725987,1788429228725987,1788429228728458,,,http_data_plane,,,,,2471
server,peer_replication_pull_request,sent,1788429228977271,178842684286994605,,,,,,,,,connected_peers=15,,,,,
server,peer_replication_merge_delta,completed,1788429228985670,178842684286994605,,25,,1788429228978753,1788429228985628,1788429228985670,,,"delta_len=55,sent_us=1788429228978073",,,,,42
server,client_mutation,completed,1788429229228326,178842684286994605,,,,1788429229226033,1788429229226033,1788429229228326,,,http_data_plane,,,,,2293
server,membership_directory_read,completed,1788429229554623,178842684286994605,,,,,1788429229503449,1788429229554623,,,poll:166 descriptors,,,,,51174
server,client_mutation,completed,1788429229733222,178842684286994605,,,,1788429229728589,1788429229728589,1788429229733222,,,http_data_plane,,,,,4633
server,peer_replication_pull_request,sent,1788429229979667,178842684286994605,,,,,,,,,connected_peers=15,,,,,
server,peer_replication_merge_delta,completed,1788429229990619,178842684286994605,,25,,1788429229982529,1788429229990474,1788429229990619,,,"delta_len=34,sent_us=1788429229980883",,,,,145
server,client_mutation,completed,1788429230229062,178842684286994605,,,,1788429230226844,1788429230226844,1788429230229062,,,http_data_plane,,,,,2218
server,client_mutation,completed,1788429230727930,178842684286994605,,,,1788429230726029,1788429230726029,1788429230727930,,,http_data_plane,,,,,1901
server,peer_replication_get_delta,completed,1788429230763797,178842684286994605,178842684114094202,25,,1788429230763640,1788429230763650,1788429230763797,,,"delta_len=32,sent_us=1788429230748354",,,,,147
server,peer_replication_pull_request,sent,1788429230977333,178842684286994605,,,,,,,,,connected_peers=15,,,,,
server,peer_replication_merge_delta,completed,1788429231007307,178842684286994605,,25,,1788429230995176,1788429231007226,1788429231007307,,,"delta_len=78,sent_us=1788429230990423",,,,,81
server,client_mutation,completed,1788429231228109,178842684286994605,,,,1788429231225617,1788429231225617,1788429231228109,,,http_data_plane,,,,,2492
server,peer_replication_get_delta,completed,1788429231372230,178842684286994605,178842684114090206,25,,1788429231372083,1788429231372089,1788429231372230,,,"delta_len=89,sent_us=1788429231356972",,,,,141
server,client_mutation,completed,1788429231728602,178842684286994605,,,,1788429231725594,1788429231725594,1788429231728602,,,http_data_plane,,,,,3008
server,peer_replication_pull_request,sent,1788429231977030,178842684286994605,,,,,,,,,connected_peers=15,,,,,
server,peer_replication_merge_delta,completed,1788429231984990,178842684286994605,,25,,1788429231978875,1788429231984952,1788429231984990,,,"delta_len=44,sent_us=1788429231978033",,,,,38
server,client_mutation,completed,1788429232228126,178842684286994605,,,,1788429232225642,1788429232225642,1788429232228126,,,http_data_plane,,,,,2484
server,peer_replication_get_delta,completed,1788429232426349,178842684286994605,178842684286993605,25,,1788429232426217,1788429232426222,1788429232426349,,,"delta_len=64,sent_us=1788429232425595",,,,,127
server,client_mutation,completed,1788429232727815,178842684286994605,,,,1788429232725614,1788429232725614,1788429232727815,,,http_data_plane,,,,,2201
server,peer_replication_pull_request,sent,1788429232976985,178842684286994605,,,,,,,,,connected_peers=15,,,,,
server,peer_replication_merge_delta,completed,1788429233062385,178842684286994605,,25,,1788429233050653,1788429233062343,1788429233062385,,,"delta_len=50,sent_us=1788429233036332",,,,,42
server,client_mutation,completed,1788429233228023,178842684286994605,,,,1788429233225615,1788429233225615,1788429233228023,,,http_data_plane,,,,,2408
server,peer_replication_get_delta,completed,1788429233428098,178842684286994605,178842684286993605,25,,1788429233427703,1788429233427708,1788429233428098,,,"delta_len=52,sent_us=1788429233426316",,,,,390
server,peer_replication_get_delta,completed,1788429233478695,178842684286994605,178842684286995605,25,,1788429233478561,1788429233478566,1788429233478695,,,"delta_len=35,sent_us=1788429233477800",,,,,129
server,client_mutation,completed,1788429233730083,178842684286994605,,,,1788429233727904,1788429233727904,1788429233730083,,,http_data_plane,,,,,2179
server,peer_replication_pull_request,sent,1788429233977058,178842684286994605,,,,,,,,,connected_peers=15,,,,,
server,peer_replication_merge_delta,completed,1788429234015725,178842684286994605,,25,,1788429233997249,1788429234015663,1788429234015725,,,"delta_len=84,sent_us=1788429233991354",,,,,62
server,client_mutation,completed,1788429234229495,178842684286994605,,,,1788429234226614,1788429234226614,1788429234229495,,,http_data_plane,,,,,2881
server,membership_directory_read,completed,1788429234555880,178842684286994605,,,,,1788429234503221,1788429234555880,,,poll:166 descriptors,,,,,52659
server,client_mutation,completed,1788429234728215,178842684286994605,,,,1788429234725595,1788429234725595,1788429234728215,,,http_data_plane,,,,,2620
server,peer_replication_pull_request,sent,1788429234987005,178842684286994605,,,,,,,,,connected_peers=15,,,,,
server,peer_replication_merge_delta,completed,1788429234997276,178842684286994605,,25,,1788429234989352,1788429234997216,1788429234997276,,,"delta_len=70,sent_us=1788429234988322",,,,,60
server,client_mutation,completed,1788429235229608,178842684286994605,,,,1788429235225917,1788429235225917,1788429235229608,,,http_data_plane,,,,,3691
server,client_mutation,completed,1788429235728428,178842684286994605,,,,1788429235726259,1788429235726259,1788429235728428,,,http_data_plane,,,,,2169
server,peer_replication_pull_request,sent,1788429235977730,178842684286994605,,,,,,,,,connected_peers=15,,,,,
server,peer_replication_merge_delta,completed,1788429236070077,178842684286994605,,25,,1788429236065438,1788429236069676,1788429236070077,,,"delta_len=14,sent_us=1788429236022712",,,,,401
server,client_mutation,completed,1788429236227999,178842684286994605,,,,1788429236225583,1788429236225583,1788429236227999,,,http_data_plane,,,,,2416
server,client_mutation,completed,1788429236727719,178842684286994605,,,,1788429236725578,1788429236725578,1788429236727719,,,http_data_plane,,,,,2141
server,peer_replication_pull_request,sent,1788429236977746,178842684286994605,,,,,,,,,connected_peers=15,,,,,
server,peer_replication_merge_delta,completed,1788429237007964,178842684286994605,,25,,1788429237003622,1788429237007939,1788429237007964,,,"delta_len=23,sent_us=1788429236996563",,,,,25
server,client_mutation,completed,1788429237228889,178842684286994605,,,,1788429237226169,1788429237226169,1788429237228889,,,http_data_plane,,,,,2720
server,peer_replication_get_delta,completed,1788429237427793,178842684286994605,178842684286993605,25,,1788429237427578,1788429237427584,1788429237427793,,,"delta_len=16,sent_us=1788429237426205",,,,,209
server,client_mutation,completed,1788429237727815,178842684286994605,,,,1788429237725604,1788429237725604,1788429237727815,,,http_data_plane,,,,,2211
server,peer_replication_pull_request,sent,1788429237976949,178842684286994605,,,,,,,,,connected_peers=15,,,,,
server,peer_replication_merge_delta,completed,1788429238020433,178842684286994605,,25,,1788429238003944,1788429238020389,1788429238020433,,,"delta_len=49,sent_us=1788429237995868",,,,,44
server,client_mutation,completed,1788429238228137,178842684286994605,,,,1788429238225600,1788429238225600,1788429238228137,,,http_data_plane,,,,,2537
