source,event,phase,timestamp_us,replica_pid,peer_pid,gc_marker,sent_us,received_us,start_us,end_us,insert_count,delete_count,detail,client_id,operation,value,status_code,latency_us
server,replica_init,start,1788432303079934,178842684286995611,,,,,,,,,,,,,,
server,membership_descriptor_write,completed,1788432303210391,178842684286995611,,,,,1788432303079970,1788432303210391,,,"178842684286995611,35.179.101.242:19082,52",,,,,130421
server,membership_directory_read,completed,1788432303335891,178842684286995611,,,,,1788432303210396,1788432303335891,,,init:256 descriptors,,,,,125495
server,persistent_state_fetch,completed,1788432303335946,178842684286995611,,,,,,,,,recovered_from_durability_journal,,,,,
server,replica_init,completed,1788432303335951,178842684286995611,,,,,,,,,,,,,,
server,peer_replication_connection,established,1788432303336255,178842684286995611,178842684286993612,,,,,,,,,,,,,
server,peer_replication_connection,established,1788432303336276,178842684286995611,178842684114094212,,,,,,,,,,,,,
server,peer_replication_pull_request,sent,1788432303336538,178842684286995611,,,,,,,,,connected_peers=2,,,,,
server,peer_replication_connection,established,1788432303337372,178842684286995611,178842684286994612,,,,,,,,,,,,,
server,peer_replication_connection,established,1788432303350501,178842684286995611,178842684426432108,,,,,,,,,,,,,
server,peer_replication_connection,established,1788432303350523,178842684286995611,178842684426433111,,,,,,,,,,,,,
server,peer_replication_connection,established,1788432303352417,178842684286995611,178842684426436110,,,,,,,,,,,,,
server,peer_replication_connection,established,1788432303352434,178842684286995611,178842684426434111,,,,,,,,,,,,,
server,peer_replication_connection,established,1788432303354784,178842684286995611,178842684426435111,,,,,,,,,,,,,
server,peer_replication_connection,established,1788432303355701,178842684286995611,178842684114091211,,,,,,,,,,,,,
server,peer_replication_connection,established,1788432303355785,178842684286995611,178842684114092210,,,,,,,,,,,,,
server,peer_replication_connection,established,1788432303356060,178842684286995611,178842684114093209,,,,,,,,,,,,,
server,peer_replication_connection,established,1788432303356276,178842684286995611,178842684114090212,,,,,,,,,,,,,
server,peer_replication_connection,established,1788432303358749,178842684286995611,178842683956183209,,,,,,,,,,,,,
server,peer_replication_connection,established,1788432303358879,178842684286995611,178842683956182210,,,,,,,,,,,,,
server,peer_replication_connection,established,1788432303358917,178842684286995611,178842683956181211,,,,,,,,,,,,,
server,peer_replication_connection,established,1788432303359251,178842684286995611,178842683956184212,,,,,,,,,,,,,
server,peer_replication_connection,established,1788432303359789,178842684286995611,178842683956185212,,,,,,,,,,,,,
server,peer_replication_connection,established,1788432303391738,178842684286995611,178842683849154810,,,,,,,,,,,,,
server,peer_replication_connection,established,1788432303391816,178842684286995611,178842683849156812,,,,,,,,,,,,,
server,peer_replication_connection,established,1788432303394085,178842684286995611,178842683849158812,,,,,,,,,,,,,
server,peer_replication_connection,established,1788432303395448,178842684286995611,178842683849155809,,,,,,,,,,,,,
server,peer_replication_connection,established,1788432303397176,178842684286995611,178842683849157812,,,,,,,,,,,,,
server,client_mutation,completed,1788432303639396,178842684286995611,,,,1788432303629728,1788432303629728,1788432303639396,,,http_data_plane,,,,,9668
server,client_mutation,completed,1788432303930343,178842684286995611,,,,1788432303929383,1788432303929383,1788432303930343,,,http_data_plane,,,,,960
server,client_mutation,completed,1788432304227484,178842684286995611,,,,1788432304226474,1788432304226474,1788432304227484,,,http_data_plane,,,,,1010
server,peer_replication_pull_request,sent,1788432304337455,178842684286995611,,,,,,,,,connected_peers=22,,,,,
server,client_mutation,completed,1788432304526722,178842684286995611,,,,1788432304525696,1788432304525697,1788432304526722,,,http_data_plane,,,,,1025
server,client_mutation,completed,1788432304830502,178842684286995611,,,,1788432304829382,1788432304829382,1788432304830502,,,http_data_plane,,,,,1120
server,gc_observed,start,1788432305028691,178842684286995611,,53,,,,,,,,,,,,
server,gc_observed,completed,1788432306845731,178842684286995611,,53,,,,,,,,,,,,
server,peer_replication_merge_delta,completed,1788432307137806,178842684286995611,,53,,1788432305028689,1788432307134150,1788432307137806,,,"delta_len=2621,sent_us=1788432304966449",,,,,3656
server,peer_replication_connection,established,1788432307137901,178842684286995611,178842684286996610,,,,,,,,,,,,,
server,client_mutation,completed,1788432306846643,178842684286995611,,,,1788432305127054,1788432305127054,1788432306846643,,,http_data_plane,,,,,1719589
server,client_mutation,completed,1788432306847845,178842684286995611,,,,1788432305429687,1788432305429687,1788432306847845,,,http_data_plane,,,,,1418158
server,client_mutation,completed,1788432306848693,178842684286995611,,,,1788432305725670,1788432305725670,1788432306848693,,,http_data_plane,,,,,1123023
server,peer_replication_merge_delta,completed,1788432307414811,178842684286995611,,53,,1788432307137936,1788432307414592,1788432307414811,,,"delta_len=2665,sent_us=1788432305509749",,,,,219
server,client_mutation,completed,1788432306849588,178842684286995611,,,,1788432306025832,1788432306025832,1788432306849588,,,http_data_plane,,,,,823756
server,peer_replication_pull_request,sent,1788432307419082,178842684286995611,,,,,,,,,connected_peers=23,,,,,
server,peer_replication_pull_request,sent,1788432307419091,178842684286995611,,,,,,,,,connected_peers=23,,,,,
server,client_mutation,completed,1788432306850491,178842684286995611,,,,1788432306425677,1788432306425677,1788432306850491,,,http_data_plane,,,,,424814
server,client_mutation,completed,1788432306851436,178842684286995611,,,,1788432306826544,1788432306826544,1788432306851436,,,http_data_plane,,,,,24892
server,peer_replication_pull_request,sent,1788432307419110,178842684286995611,,,,,,,,,connected_peers=23,,,,,
server,client_mutation,completed,1788432307419368,178842684286995611,,,,1788432307226592,1788432307226593,1788432307419368,,,http_data_plane,,,,,192775
server,client_mutation,completed,1788432307627690,178842684286995611,,,,1788432307626554,1788432307626555,1788432307627690,,,http_data_plane,,,,,1135
server,client_mutation,completed,1788432308027321,178842684286995611,,,,1788432308026320,1788432308026320,1788432308027321,,,http_data_plane,,,,,1001
server,membership_directory_read,completed,1788432308155389,178842684286995611,,,,,1788432308066056,1788432308155389,,,poll:256 descriptors,,,,,89333
server,peer_replication_connection,established,1788432309820346,178842684286995611,178842684286997609,,,,,,,,,,,,,
server,client_mutation,completed,1788432308436704,178842684286995611,,,,1788432308430020,1788432308430020,1788432308436704,,,http_data_plane,,,,,6684
server,client_mutation,completed,1788432308826535,178842684286995611,,,,1788432308825648,1788432308825648,1788432308826535,,,http_data_plane,,,,,887
server,client_mutation,completed,1788432309227492,178842684286995611,,,,1788432309226275,1788432309226275,1788432309227492,,,http_data_plane,,,,,1217
server,peer_replication_pull_request,sent,1788432309820424,178842684286995611,,,,,,,,,connected_peers=24,,,,,
server,peer_replication_get_delta,completed,1788432309820630,178842684286995611,178842684286993612,53,,1788432309820430,1788432309820432,1788432309820630,,,"delta_len=23,sent_us=1788432308467448",,,,,198
server,peer_replication_pull_request,sent,1788432309820656,178842684286995611,,,,,,,,,connected_peers=24,,,,,
server,client_mutation,completed,1788432309927345,178842684286995611,,,,1788432309926105,1788432309926105,1788432309927345,,,http_data_plane,,,,,1240
server,peer_replication_pull_request,sent,1788432310336658,178842684286995611,,,,,,,,,connected_peers=24,,,,,
server,client_mutation,completed,1788432310427113,178842684286995611,,,,1788432310425668,1788432310425668,1788432310427113,,,http_data_plane,,,,,1445
server,client_mutation,completed,1788432310926566,178842684286995611,,,,1788432310925562,1788432310925562,1788432310926566,,,http_data_plane,,,,,1004
server,peer_replication_pull_request,sent,1788432311336834,178842684286995611,,,,,,,,,connected_peers=24,,,,,
server,peer_replication_merge_delta,refused_stale_gc,1788432311380164,178842684286995611,,52,1788432311337529,1788432311380163,,,,,"remote_gc_counter=52,current_gc_counter=53,delta_len=8",,,,,1
server,client_mutation,completed,1788432311426871,178842684286995611,,,,1788432311425794,1788432311425794,1788432311426871,,,http_data_plane,,,,,1077
server,client_mutation,completed,1788432311927740,178842684286995611,,,,1788432311926481,1788432311926482,1788432311927740,,,http_data_plane,,,,,1258
server,peer_replication_pull_request,sent,1788432312336842,178842684286995611,,,,,,,,,connected_peers=24,,,,,
server,peer_replication_get_delta,completed,1788432312378709,178842684286995611,178842684286996610,53,,1788432312378158,1788432312378164,1788432312378709,,,"delta_len=2647,sent_us=1788432312377371",,,,,545
server,client_mutation,completed,1788432312429199,178842684286995611,,,,1788432312426633,1788432312426633,1788432312429199,,,http_data_plane,,,,,2566
server,client_mutation,completed,1788432312927850,178842684286995611,,,,1788432312926242,1788432312926242,1788432312927850,,,http_data_plane,,,,,1608
server,membership_directory_read,completed,1788432313132624,178842684286995611,,,,,1788432313065895,1788432313132624,,,poll:257 descriptors,,,,,66729
server,peer_replication_pull_request,sent,1788432313337406,178842684286995611,,,,,,,,,connected_peers=24,,,,,
server,client_mutation,completed,1788432313426693,178842684286995611,,,,1788432313425747,1788432313425747,1788432313426693,,,http_data_plane,,,,,946
server,peer_replication_get_delta,completed,1788432313545200,178842684286995611,178842684114094212,53,,1788432313544993,1788432313545000,1788432313545200,,,"delta_len=8,sent_us=1788432313529584",,,,,200
server,client_mutation,completed,1788432313926809,178842684286995611,,,,1788432313925763,1788432313925763,1788432313926809,,,http_data_plane,,,,,1046
server,peer_replication_pull_request,sent,1788432314336855,178842684286995611,,,,,,,,,connected_peers=24,,,,,
server,peer_replication_merge_delta,completed,1788432314373363,178842684286995611,,53,,1788432314340679,1788432314373032,1788432314373363,,,"delta_len=448,sent_us=1788432314337749",,,,,331
server,client_mutation,completed,1788432314436599,178842684286995611,,,,1788432314428542,1788432314428543,1788432314436599,,,http_data_plane,,,,,8056
server,client_mutation,completed,1788432314926943,178842684286995611,,,,1788432314925788,1788432314925789,1788432314926943,,,http_data_plane,,,,,1154
server,peer_replication_pull_request,sent,1788432315337334,178842684286995611,,,,,,,,,connected_peers=24,,,,,
server,client_mutation,completed,1788432315427349,178842684286995611,,,,1788432315426308,1788432315426308,1788432315427349,,,http_data_plane,,,,,1041
server,peer_replication_get_delta,completed,1788432315468005,178842684286995611,178842684286993612,53,,1788432315467791,1788432315467796,1788432315468005,,,"delta_len=4,sent_us=1788432315467038",,,,,209
server,client_mutation,completed,1788432315927124,178842684286995611,,,,1788432315925789,1788432315925789,1788432315927124,,,http_data_plane,,,,,1335
server,peer_replication_pull_request,sent,1788432316337766,178842684286995611,,,,,,,,,connected_peers=24,,,,,
server,client_mutation,completed,1788432316429475,178842684286995611,,,,1788432316425918,1788432316425918,1788432316429475,,,http_data_plane,,,,,3557
server,client_mutation,completed,1788432316927031,178842684286995611,,,,1788432316925761,1788432316925761,1788432316927031,,,http_data_plane,,,,,1270
server,peer_replication_pull_request,sent,1788432317337267,178842684286995611,,,,,,,,,connected_peers=24,,,,,
server,client_mutation,completed,1788432317426717,178842684286995611,,,,1788432317425693,1788432317425693,1788432317426717,,,http_data_plane,,,,,1024
server,client_mutation,completed,1788432317926604,178842684286995611,,,,1788432317925570,1788432317925570,1788432317926604,,,http_data_plane,,,,,1034
server,membership_directory_read,completed,1788432318128445,178842684286995611,,,,,1788432318066601,1788432318128445,,,poll:257 descriptors,,,,,61844
server,peer_replication_pull_request,sent,1788432318336967,178842684286995611,,,,,,,,,connected_peers=24,,,,,
server,client_mutation,completed,1788432318426569,178842684286995611,,,,1788432318425624,1788432318425624,1788432318426569,,,http_data_plane,,,,,945
server,client_mutation,completed,1788432318928818,178842684286995611,,,,1788432318927456,1788432318927457,1788432318928818,,,http_data_plane,,,,,1361
server,peer_replication_get_delta,completed,1788432319144625,178842684286995611,178842684286994612,53,,1788432319144396,1788432319144404,1788432319144625,,,"delta_len=7,sent_us=1788432319143076",,,,,221
server,peer_replication_pull_request,sent,1788432319337337,178842684286995611,,,,,,,,,connected_peers=24,,,,,
server,client_mutation,completed,1788432319430961,178842684286995611,,,,1788432319428485,1788432319428486,1788432319430961,,,http_data_plane,,,,,2475
server,client_mutation,completed,1788432319927431,178842684286995611,,,,1788432319925960,1788432319925960,1788432319927431,,,http_data_plane,,,,,1471
server,peer_replication_pull_request,sent,1788432320337197,178842684286995611,,,,,,,,,connected_peers=24,,,,,
server,client_mutation,completed,1788432320430761,178842684286995611,,,,1788432320429633,1788432320429633,1788432320430761,,,http_data_plane,,,,,1128
server,client_mutation,completed,1788432320927977,178842684286995611,,,,1788432320926402,1788432320926402,1788432320927977,,,http_data_plane,,,,,1575
server,client_mutation,completed,1788432321428346,178842684286995611,,,,1788432321425712,1788432321425712,1788432321428346,,,http_data_plane,,,,,2634
server,client_mutation,completed,1788432321928235,178842684286995611,,,,1788432321926199,1788432321926199,1788432321928235,,,http_data_plane,,,,,2036
server,peer_replication_pull_request,sent,1788432322337102,178842684286995611,,,,,,,,,connected_peers=23,,,,,
server,client_mutation,completed,1788432322428671,178842684286995611,,,,1788432322427119,1788432322427119,1788432322428671,,,http_data_plane,,,,,1552
server,client_mutation,completed,1788432322928213,178842684286995611,,,,1788432322926108,1788432322926109,1788432322928213,,,http_data_plane,,,,,2104
server,membership_directory_read,completed,1788432323154820,178842684286995611,,,,,1788432323065718,1788432323154820,,,poll:257 descriptors,,,,,89102
server,peer_replication_pull_request,sent,1788432323336650,178842684286995611,,,,,,,,,connected_peers=23,,,,,
server,client_mutation,completed,1788432323427710,178842684286995611,,,,1788432323425730,1788432323425730,1788432323427710,,,http_data_plane,,,,,1980
server,client_mutation,completed,1788432323930065,178842684286995611,,,,1788432323925869,1788432323925869,1788432323930065,,,http_data_plane,,,,,4196
server,peer_replication_pull_request,sent,1788432324337299,178842684286995611,,,,,,,,,connected_peers=23,,,,,
server,client_mutation,completed,1788432324428106,178842684286995611,,,,1788432324426050,1788432324426050,1788432324428106,,,http_data_plane,,,,,2056
server,client_mutation,completed,1788432324928196,178842684286995611,,,,1788432324925628,1788432324925628,1788432324928196,,,http_data_plane,,,,,2568
server,peer_replication_pull_request,sent,1788432325337480,178842684286995611,,,,,,,,,connected_peers=23,,,,,
server,client_mutation,completed,1788432325428472,178842684286995611,,,,1788432325425924,1788432325425925,1788432325428472,,,http_data_plane,,,,,2547
server,client_mutation,completed,1788432325928617,178842684286995611,,,,1788432325926254,1788432325926254,1788432325928617,,,http_data_plane,,,,,2363
server,peer_replication_pull_request,sent,1788432326336922,178842684286995611,,,,,,,,,connected_peers=23,,,,,
server,client_mutation,completed,1788432326429075,178842684286995611,,,,1788432326425622,1788432326425622,1788432326429075,,,http_data_plane,,,,,3453
server,client_mutation,completed,1788432326929129,178842684286995611,,,,1788432326926041,1788432326926041,1788432326929129,,,http_data_plane,,,,,3088
server,client_mutation,completed,1788432327427965,178842684286995611,,,,1788432327425909,1788432327425909,1788432327427965,,,http_data_plane,,,,,2056
server,client_mutation,completed,1788432327928029,178842684286995611,,,,1788432327925831,1788432327925831,1788432327928029,,,http_data_plane,,,,,2198
server,membership_directory_read,completed,1788432328125857,178842684286995611,,,,,1788432328066303,1788432328125857,,,poll:257 descriptors,,,,,59554
server,peer_replication_pull_request,sent,1788432328336624,178842684286995611,,,,,,,,,connected_peers=22,,,,,
server,peer_replication_merge_delta,completed,1788432328388312,178842684286995611,,53,,1788432328340332,1788432328387264,1788432328388312,,,"delta_len=627,sent_us=1788432328337990",,,,,1048
server,client_mutation,completed,1788432328430182,178842684286995611,,,,1788432328427889,1788432328427889,1788432328430182,,,http_data_plane,,,,,2293
server,client_mutation,completed,1788432328928222,178842684286995611,,,,1788432328925821,1788432328925821,1788432328928222,,,http_data_plane,,,,,2401
server,peer_replication_pull_request,sent,1788432329338634,178842684286995611,,,,,,,,,connected_peers=22,,,,,
server,peer_replication_merge_delta,completed,1788432329359025,178842684286995611,,53,,1788432329342495,1788432329358887,1788432329359025,,,"delta_len=153,sent_us=1788432329341266",,,,,138
server,client_mutation,completed,1788432329427962,178842684286995611,,,,1788432329425652,1788432329425652,1788432329427962,,,http_data_plane,,,,,2310
server,peer_replication_get_delta,completed,1788432329500333,178842684286995611,178842684286997609,53,,1788432329499847,1788432329499945,1788432329500333,,,"delta_len=70,sent_us=1788432329498403",,,,,388
server,client_mutation,completed,1788432329930643,178842684286995611,,,,1788432329926729,1788432329926729,1788432329930643,,,http_data_plane,,,,,3914
server,peer_replication_pull_request,sent,1788432330336909,178842684286995611,,,,,,,,,connected_peers=22,,,,,
server,client_mutation,completed,1788432330427869,178842684286995611,,,,1788432330425605,1788432330425605,1788432330427869,,,http_data_plane,,,,,2264
server,client_mutation,completed,1788432330927820,178842684286995611,,,,1788432330925609,1788432330925609,1788432330927820,,,http_data_plane,,,,,2211
server,peer_replication_pull_request,sent,1788432331337185,178842684286995611,,,,,,,,,connected_peers=22,,,,,
server,client_mutation,completed,1788432331427692,178842684286995611,,,,1788432331425592,1788432331425592,1788432331427692,,,http_data_plane,,,,,2100
server,client_mutation,completed,1788432331927740,178842684286995611,,,,1788432331925553,1788432331925553,1788432331927740,,,http_data_plane,,,,,2187
server,peer_replication_pull_request,sent,1788432332337730,178842684286995611,,,,,,,,,connected_peers=22,,,,,
server,peer_replication_merge_delta,completed,1788432332378117,178842684286995611,,53,,1788432332367953,1788432332378029,1788432332378117,,,"delta_len=120,sent_us=1788432332352215",,,,,88
server,client_mutation,completed,1788432332427722,178842684286995611,,,,1788432332425550,1788432332425550,1788432332427722,,,http_data_plane,,,,,2172
server,client_mutation,completed,1788432332928441,178842684286995611,,,,1788432332925838,1788432332925838,1788432332928441,,,http_data_plane,,,,,2603
server,membership_directory_read,completed,1788432333127795,178842684286995611,,,,,1788432333065763,1788432333127795,,,poll:257 descriptors,,,,,62032
server,peer_replication_pull_request,sent,1788432333337440,178842684286995611,,,,,,,,,connected_peers=22,,,,,
server,client_mutation,completed,1788432333428193,178842684286995611,,,,1788432333425745,1788432333425745,1788432333428193,,,http_data_plane,,,,,2448
server,client_mutation,completed,1788432333927838,178842684286995611,,,,1788432333925541,1788432333925541,1788432333927838,,,http_data_plane,,,,,2297
server,peer_replication_pull_request,sent,1788432334337025,178842684286995611,,,,,,,,,connected_peers=22,,,,,
server,client_mutation,completed,1788432334428323,178842684286995611,,,,1788432334425765,1788432334425765,1788432334428323,,,http_data_plane,,,,,2558
server,client_mutation,completed,1788432334927841,178842684286995611,,,,1788432334925705,1788432334925706,1788432334927841,,,http_data_plane,,,,,2135
server,peer_replication_pull_request,sent,1788432335337482,178842684286995611,,,,,,,,,connected_peers=22,,,,,
server,peer_replication_merge_delta,completed,1788432335353530,178842684286995611,,53,,1788432335339337,1788432335353305,1788432335353530,,,"delta_len=127,sent_us=1788432335338295",,,,,225
server,client_mutation,completed,1788432335427937,178842684286995611,,,,1788432335425752,1788432335425753,1788432335427937,,,http_data_plane,,,,,2184
server,peer_replication_get_delta,completed,1788432335468654,178842684286995611,178842684286993612,53,,1788432335468453,1788432335468460,1788432335468654,,,"delta_len=45,sent_us=1788432335467818",,,,,194
server,client_mutation,completed,1788432335927437,178842684286995611,,,,1788432335925675,1788432335925675,1788432335927437,,,http_data_plane,,,,,1762
server,client_mutation,completed,1788432336429513,178842684286995611,,,,1788432336427367,1788432336427367,1788432336429513,,,http_data_plane,,,,,2146
server,client_mutation,completed,1788432336929049,178842684286995611,,,,1788432336925994,1788432336925994,1788432336929049,,,http_data_plane,,,,,3055
server,peer_replication_pull_request,sent,1788432337336763,178842684286995611,,,,,,,,,connected_peers=21,,,,,
server,peer_replication_merge_delta,completed,1788432337350587,178842684286995611,,53,,1788432337339068,1788432337350504,1788432337350587,,,"delta_len=115,sent_us=1788432337337988",,,,,83
server,client_mutation,completed,1788432337428202,178842684286995611,,,,1788432337425911,1788432337425911,1788432337428202,,,http_data_plane,,,,,2291
server,client_mutation,completed,1788432337928219,178842684286995611,,,,1788432337925564,1788432337925564,1788432337928219,,,http_data_plane,,,,,2655
server,membership_directory_read,completed,1788432338126366,178842684286995611,,,,,1788432338066430,1788432338126366,,,poll:257 descriptors,,,,,59936
server,peer_replication_get_delta,completed,1788432338143775,178842684286995611,178842684286994612,53,,1788432338143357,1788432338143363,1788432338143775,,,"delta_len=76,sent_us=1788432338142303",,,,,412
server,peer_replication_pull_request,sent,1788432338337505,178842684286995611,,,,,,,,,connected_peers=21,,,,,
server,peer_replication_merge_delta,completed,1788432338348485,178842684286995611,,53,,1788432338340463,1788432338348435,1788432338348485,,,"delta_len=52,sent_us=1788432338339147",,,,,50
server,client_mutation,completed,1788432338428147,178842684286995611,,,,1788432338425817,1788432338425817,1788432338428147,,,http_data_plane,,,,,2330
server,peer_replication_get_delta,completed,1788432338545383,178842684286995611,178842684114094212,53,,1788432338544909,1788432338544916,1788432338545383,,,"delta_len=114,sent_us=1788432338529413",,,,,467
server,client_mutation,completed,1788432338927939,178842684286995611,,,,1788432338925627,1788432338925627,1788432338927939,,,http_data_plane,,,,,2312
server,client_mutation,completed,1788432339428373,178842684286995611,,,,1788432339425979,1788432339425979,1788432339428373,,,http_data_plane,,,,,2394
server,client_mutation,completed,1788432339927940,178842684286995611,,,,1788432339925615,1788432339925615,1788432339927940,,,http_data_plane,,,,,2325
server,peer_replication_pull_request,sent,1788432340337307,178842684286995611,,,,,,,,,connected_peers=20,,,,,
server,peer_replication_merge_delta,completed,1788432340378728,178842684286995611,,53,,1788432340367643,1788432340378646,1788432340378728,,,"delta_len=76,sent_us=1788432340351756",,,,,82
server,client_mutation,completed,1788432340428403,178842684286995611,,,,1788432340425670,1788432340425670,1788432340428403,,,http_data_plane,,,,,2733
server,peer_replication_get_delta,completed,1788432340501005,178842684286995611,178842684286997609,53,,1788432340500624,1788432340500632,1788432340501005,,,"delta_len=447,sent_us=1788432340498710",,,,,373
server,client_mutation,completed,1788432340929012,178842684286995611,,,,1788432340926323,1788432340926323,1788432340929012,,,http_data_plane,,,,,2689
server,peer_replication_pull_request,sent,1788432341337479,178842684286995611,,,,,,,,,connected_peers=20,,,,,
server,client_mutation,completed,1788432341431171,178842684286995611,,,,1788432341427993,1788432341427993,1788432341431171,,,http_data_plane,,,,,3178
server,client_mutation,completed,1788432341929926,178842684286995611,,,,1788432341927025,1788432341927025,1788432341929926,,,http_data_plane,,,,,2901
server,client_mutation,completed,1788432342428725,178842684286995611,,,,1788432342426427,1788432342426427,1788432342428725,,,http_data_plane,,,,,2298
server,client_mutation,completed,1788432342927925,178842684286995611,,,,1788432342925692,1788432342925693,1788432342927925,,,http_data_plane,,,,,2232
server,membership_directory_read,completed,1788432343132396,178842684286995611,,,,,1788432343066541,1788432343132396,,,poll:257 descriptors,,,,,65855
server,peer_replication_pull_request,sent,1788432343336995,178842684286995611,,,,,,,,,connected_peers=19,,,,,
server,client_mutation,completed,1788432343428214,178842684286995611,,,,1788432343425994,1788432343425994,1788432343428214,,,http_data_plane,,,,,2220
server,peer_replication_get_delta,completed,1788432343499455,178842684286995611,178842684286997609,53,,1788432343499019,1788432343499025,1788432343499455,,,"delta_len=6,sent_us=1788432343498288",,,,,430
server,client_mutation,completed,1788432343930143,178842684286995611,,,,1788432343927089,1788432343927089,1788432343930143,,,http_data_plane,,,,,3054
server,peer_replication_pull_request,sent,1788432344337531,178842684286995611,,,,,,,,,connected_peers=19,,,,,
server,peer_replication_merge_delta,completed,1788432344425266,178842684286995611,,53,,1788432344410852,1788432344425089,1788432344425266,,,"delta_len=190,sent_us=1788432344395070",,,,,177
server,client_mutation,completed,1788432344427691,178842684286995611,,,,1788432344425589,1788432344425589,1788432344427691,,,http_data_plane,,,,,2102
server,client_mutation,completed,1788432344931382,178842684286995611,,,,1788432344928680,1788432344928680,1788432344931382,,,http_data_plane,,,,,2702
server,peer_replication_pull_request,sent,1788432345337136,178842684286995611,,,,,,,,,connected_peers=19,,,,,
server,client_mutation,completed,1788432345427829,178842684286995611,,,,1788432345425616,1788432345425617,1788432345427829,,,http_data_plane,,,,,2212
server,client_mutation,completed,1788432345927952,178842684286995611,,,,1788432345925585,1788432345925585,1788432345927952,,,http_data_plane,,,,,2367
server,peer_replication_pull_request,sent,1788432346336751,178842684286995611,,,,,,,,,connected_peers=19,,,,,
server,peer_replication_merge_delta,completed,1788432346422546,178842684286995611,,53,,1788432346410830,1788432346422443,1788432346422546,,,"delta_len=112,sent_us=1788432346395160",,,,,103
server,client_mutation,completed,1788432346428277,178842684286995611,,,,1788432346425644,1788432346425644,1788432346428277,,,http_data_plane,,,,,2633
server,client_mutation,completed,1788432346928049,178842684286995611,,,,1788432346925967,1788432346925967,1788432346928049,,,http_data_plane,,,,,2082
server,peer_replication_pull_request,sent,1788432347337182,178842684286995611,,,,,,,,,connected_peers=19,,,,,
server,client_mutation,completed,1788432347427705,178842684286995611,,,,1788432347425554,1788432347425554,1788432347427705,,,http_data_plane,,,,,2151
server,client_mutation,completed,1788432347928073,178842684286995611,,,,1788432347925636,1788432347925637,1788432347928073,,,http_data_plane,,,,,2436
server,membership_directory_read,completed,1788432348135770,178842684286995611,,,,,1788432348066468,1788432348135770,,,poll:257 descriptors,,,,,69302
server,client_mutation,completed,1788432348428032,178842684286995611,,,,1788432348425740,1788432348425740,1788432348428032,,,http_data_plane,,,,,2292
server,client_mutation,completed,1788432348927865,178842684286995611,,,,1788432348925598,1788432348925598,1788432348927865,,,http_data_plane,,,,,2267
server,peer_replication_pull_request,sent,1788432349337496,178842684286995611,,,,,,,,,connected_peers=18,,,,,
server,client_mutation,completed,1788432349429687,178842684286995611,,,,1788432349426712,1788432349426713,1788432349429687,,,http_data_plane,,,,,2974
server,client_mutation,completed,1788432349930077,178842684286995611,,,,1788432349927222,1788432349927222,1788432349930077,,,http_data_plane,,,,,2855
server,client_mutation,completed,1788432350427794,178842684286995611,,,,1788432350425794,1788432350425794,1788432350427794,,,http_data_plane,,,,,2000
server,client_mutation,completed,1788432350927863,178842684286995611,,,,1788432350925698,1788432350925698,1788432350927863,,,http_data_plane,,,,,2165
server,client_mutation,completed,1788432351427948,178842684286995611,,,,1788432351425625,1788432351425625,1788432351427948,,,http_data_plane,,,,,2323
server,peer_replication_get_delta,completed,1788432351546001,178842684286995611,178842684114094212,53,,1788432351545671,1788432351545677,1788432351546001,,,"delta_len=16,sent_us=1788432351529763",,,,,324
server,client_mutation,completed,1788432351928103,178842684286995611,,,,1788432351925925,1788432351925925,1788432351928103,,,http_data_plane,,,,,2178
server,client_mutation,completed,1788432352428088,178842684286995611,,,,1788432352425754,1788432352425754,1788432352428088,,,http_data_plane,,,,,2334
server,client_mutation,completed,1788432352928802,178842684286995611,,,,1788432352925560,1788432352925561,1788432352928802,,,http_data_plane,,,,,3241
server,membership_directory_read,completed,1788432353129603,178842684286995611,,,,,1788432353065634,1788432353129603,,,poll:257 descriptors,,,,,63969
server,peer_replication_pull_request,sent,1788432353337122,178842684286995611,,,,,,,,,connected_peers=15,,,,,
server,peer_replication_merge_delta,completed,1788432353373492,178842684286995611,,53,,1788432353340263,1788432353373284,1788432353373492,,,"delta_len=381,sent_us=1788432353338257",,,,,208
server,client_mutation,completed,1788432353427899,178842684286995611,,,,1788432353425752,1788432353425752,1788432353427899,,,http_data_plane,,,,,2147
server,peer_replication_get_delta,completed,1788432353873147,178842684286995611,178842684286996610,53,,1788432353872925,1788432353872935,1788432353873147,,,"delta_len=152,sent_us=1788432353872107",,,,,212
server,client_mutation,completed,1788432353929608,178842684286995611,,,,1788432353926559,1788432353926559,1788432353929608,,,http_data_plane,,,,,3049
server,peer_replication_pull_request,sent,1788432354337144,178842684286995611,,,,,,,,,connected_peers=15,,,,,
server,peer_replication_merge_delta,completed,1788432354346113,178842684286995611,,53,,1788432354338753,1788432354345963,1788432354346113,,,"delta_len=53,sent_us=1788432354337948",,,,,150
server,client_mutation,completed,1788432354427755,178842684286995611,,,,1788432354425581,1788432354425581,1788432354427755,,,http_data_plane,,,,,2174
server,client_mutation,completed,1788432354927906,178842684286995611,,,,1788432354925667,1788432354925667,1788432354927906,,,http_data_plane,,,,,2239
server,peer_replication_get_delta,completed,1788432355144323,178842684286995611,178842684286994612,53,,1788432355144050,1788432355144057,1788432355144323,,,"delta_len=19,sent_us=1788432355143005",,,,,266
server,peer_replication_pull_request,sent,1788432355336792,178842684286995611,,,,,,,,,connected_peers=15,,,,,
server,client_mutation,completed,1788432355427896,178842684286995611,,,,1788432355425594,1788432355425594,1788432355427896,,,http_data_plane,,,,,2302
server,client_mutation,completed,1788432355932226,178842684286995611,,,,1788432355928511,1788432355928511,1788432355932226,,,http_data_plane,,,,,3715
server,peer_replication_pull_request,sent,1788432356337463,178842684286995611,,,,,,,,,connected_peers=15,,,,,
server,peer_replication_merge_delta,completed,1788432356344085,178842684286995611,,53,,1788432356339113,1788432356344063,1788432356344085,,,"delta_len=18,sent_us=1788432356338261",,,,,22
server,client_mutation,completed,1788432356427821,178842684286995611,,,,1788432356425646,1788432356425646,1788432356427821,,,http_data_plane,,,,,2175
server,peer_replication_get_delta,completed,1788432356873866,178842684286995611,178842684286996610,53,,1788432356873660,1788432356873667,1788432356873866,,,"delta_len=59,sent_us=1788432356871940",,,,,199
server,client_mutation,completed,1788432356929232,178842684286995611,,,,1788432356925743,1788432356925743,1788432356929232,,,http_data_plane,,,,,3489
server,peer_replication_pull_request,sent,1788432357336972,178842684286995611,,,,,,,,,connected_peers=15,,,,,
server,peer_replication_merge_delta,completed,1788432357346470,178842684286995611,,53,,1788432357338478,1788432357346403,1788432357346470,,,"delta_len=73,sent_us=1788432357337755",,,,,67
server,client_mutation,completed,1788432357427648,178842684286995611,,,,1788432357425514,1788432357425514,1788432357427648,,,http_data_plane,,,,,2134
server,client_mutation,completed,1788432357928020,178842684286995611,,,,1788432357925796,1788432357925796,1788432357928020,,,http_data_plane,,,,,2224
server,membership_directory_read,completed,1788432358133056,178842684286995611,,,,,1788432358066084,1788432358133056,,,poll:258 descriptors,,,,,66972
server,peer_replication_pull_request,sent,1788432358337525,178842684286995611,,,,,,,,,connected_peers=15,,,,,
server,client_mutation,completed,1788432358429576,178842684286995611,,,,1788432358426554,1788432358426555,1788432358429576,,,http_data_plane,,,,,3021
server,client_mutation,completed,1788432358928368,178842684286995611,,,,1788432358925581,1788432358925581,1788432358928368,,,http_data_plane,,,,,2787
server,peer_replication_pull_request,sent,1788432359336979,178842684286995611,,,,,,,,,connected_peers=15,,,,,
server,client_mutation,completed,1788432359427903,178842684286995611,,,,1788432359425793,1788432359425793,1788432359427903,,,http_data_plane,,,,,2110
server,client_mutation,completed,1788432359929044,178842684286995611,,,,1788432359925698,1788432359925698,1788432359929044,,,http_data_plane,,,,,3346
server,peer_replication_pull_request,sent,1788432360337197,178842684286995611,,,,,,,,,connected_peers=15,,,,,
server,client_mutation,completed,1788432360426846,178842684286995611,,,,1788432360425738,1788432360425738,1788432360426846,,,http_data_plane,,,,,1108
server,client_mutation,completed,1788432360927543,178842684286995611,,,,1788432360926327,1788432360926327,1788432360927543,,,http_data_plane,,,,,1216
server,client_mutation,completed,1788432361428952,178842684286995611,,,,1788432361425656,1788432361425656,1788432361428952,,,http_data_plane,,,,,3296
server,client_mutation,completed,1788432361927465,178842684286995611,,,,1788432361925622,1788432361925622,1788432361927465,,,http_data_plane,,,,,1843
server,client_mutation,completed,1788432362428827,178842684286995611,,,,1788432362426304,1788432362426304,1788432362428827,,,http_data_plane,,,,,2523
server,client_mutation,completed,1788432362927645,178842684286995611,,,,1788432362925539,1788432362925539,1788432362927645,,,http_data_plane,,,,,2106
server,membership_directory_read,completed,1788432363121008,178842684286995611,,,,,1788432363066036,1788432363121008,,,poll:262 descriptors,,,,,54972
server,client_mutation,completed,1788432363427695,178842684286995611,,,,1788432363425729,1788432363425729,1788432363427695,,,http_data_plane,,,,,1966
server,peer_replication_pull_request,sent,1788432364299089,178842684286995611,,,,,,,,,connected_peers=12,,,,,
server,client_mutation,completed,1788432363927845,178842684286995611,,,,1788432363925672,1788432363925672,1788432363927845,,,http_data_plane,,,,,2173
server,peer_replication_pull_request,sent,1788432364336982,178842684286995611,,,,,,,,,connected_peers=12,,,,,
server,peer_replication_merge_delta,completed,1788432364344071,178842684286995611,,53,,1788432364339304,1788432364344046,1788432364344071,,,"delta_len=26,sent_us=1788432364338210",,,,,25
server,client_mutation,completed,1788432364428307,178842684286995611,,,,1788432364426059,1788432364426059,1788432364428307,,,http_data_plane,,,,,2248
server,client_mutation,completed,1788432364927921,178842684286995611,,,,1788432364925840,1788432364925840,1788432364927921,,,http_data_plane,,,,,2081
server,peer_replication_pull_request,sent,1788432365337033,178842684286995611,,,,,,,,,connected_peers=12,,,,,
server,client_mutation,completed,1788432365428077,178842684286995611,,,,1788432365425610,1788432365425610,1788432365428077,,,http_data_plane,,,,,2467
server,client_mutation,completed,1788432365927703,178842684286995611,,,,1788432365925632,1788432365925632,1788432365927703,,,http_data_plane,,,,,2071
server,client_mutation,completed,1788432366427814,178842684286995611,,,,1788432366425716,1788432366425716,1788432366427814,,,http_data_plane,,,,,2098
server,client_mutation,completed,1788432366928521,178842684286995611,,,,1788432366925944,1788432366925944,1788432366928521,,,http_data_plane,,,,,2577
server,client_mutation,completed,1788432367426644,178842684286995611,,,,1788432367425747,1788432367425747,1788432367426644,,,http_data_plane,,,,,897
server,peer_replication_get_delta,completed,1788432367872907,178842684286995611,178842684286996610,53,,1788432367872683,1788432367872690,1788432367872907,,,"delta_len=23,sent_us=1788432367872004",,,,,217
server,client_mutation,completed,1788432367926779,178842684286995611,,,,1788432367925559,1788432367925559,1788432367926779,,,http_data_plane,,,,,1220
server,membership_directory_read,completed,1788432368131378,178842684286995611,,,,,1788432368065737,1788432368131378,,,poll:262 descriptors,,,,,65641
server,peer_replication_pull_request,sent,1788432368337042,178842684286995611,,,,,,,,,connected_peers=10,,,,,
server,client_mutation,completed,1788432368426725,178842684286995611,,,,1788432368425667,1788432368425668,1788432368426725,,,http_data_plane,,,,,1057
server,client_mutation,completed,1788432368926666,178842684286995611,,,,1788432368925583,1788432368925583,1788432368926666,,,http_data_plane,,,,,1083
server,peer_replication_get_delta,completed,1788432369143874,178842684286995611,178842684286994612,53,,1788432369143661,1788432369143670,1788432369143874,,,"delta_len=43,sent_us=1788432369142828",,,,,204
server,peer_replication_pull_request,sent,1788432369337340,178842684286995611,,,,,,,,,connected_peers=10,,,,,
server,client_mutation,completed,1788432369427155,178842684286995611,,,,1788432369425642,1788432369425642,1788432369427155,,,http_data_plane,,,,,1513
server,client_mutation,completed,1788432369926968,178842684286995611,,,,1788432369925560,1788432369925560,1788432369926968,,,http_data_plane,,,,,1408
server,peer_replication_pull_request,sent,1788432370337221,178842684286995611,,,,,,,,,connected_peers=10,,,,,
server,gc_observed,start,1788432370341477,178842684286995611,,54,,,,,,,,,,,,
server,gc_observed,completed,1788432371288407,178842684286995611,,54,,,,,,,,,,,,
server,peer_replication_merge_delta,completed,1788432371323271,178842684286995611,,54,,1788432370341475,1788432371322903,1788432371323271,,,"delta_len=353,sent_us=1788432370339124",,,,,368
server,client_mutation,completed,1788432371289431,178842684286995611,,,,1788432370425842,1788432370425842,1788432371289431,,,http_data_plane,,,,,863589
server,client_mutation,completed,1788432371290434,178842684286995611,,,,1788432370929639,1788432370929639,1788432371290434,,,http_data_plane,,,,,360795
server,peer_replication_pull_request,sent,1788432371337088,178842684286995611,,,,,,,,,connected_peers=10,,,,,
server,peer_replication_merge_delta,completed,1788432371345865,178842684286995611,,54,,1788432371340181,1788432371345803,1788432371345865,,,"delta_len=36,sent_us=1788432371338232",,,,,62
server,client_mutation,completed,1788432371426841,178842684286995611,,,,1788432371425732,1788432371425732,1788432371426841,,,http_data_plane,,,,,1109
server,client_mutation,completed,1788432371927579,178842684286995611,,,,1788432371926413,1788432371926413,1788432371927579,,,http_data_plane,,,,,1166
server,peer_replication_get_delta,completed,1788432372171770,178842684286995611,178842684286996610,54,,1788432372171413,1788432372171421,1788432372171770,,,"delta_len=45,sent_us=1788432372170776",,,,,349
server,peer_replication_pull_request,sent,1788432372337115,178842684286995611,,,,,,,,,connected_peers=10,,,,,
server,peer_replication_merge_delta,completed,1788432372343876,178842684286995611,,54,,1788432372338736,1788432372343840,1788432372343876,,,"delta_len=45,sent_us=1788432372338000",,,,,36
server,client_mutation,completed,1788432372426940,178842684286995611,,,,1788432372425814,1788432372425814,1788432372426940,,,http_data_plane,,,,,1126
server,client_mutation,completed,1788432372926935,178842684286995611,,,,1788432372925577,1788432372925578,1788432372926935,,,http_data_plane,,,,,1357
server,membership_directory_read,completed,1788432373133553,178842684286995611,,,,,1788432373065713,1788432373133553,,,poll:262 descriptors,,,,,67840
server,client_mutation,completed,1788432373426473,178842684286995611,,,,1788432373425510,1788432373425510,1788432373426473,,,http_data_plane,,,,,963
server,client_mutation,completed,1788432373926936,178842684286995611,,,,1788432373925702,1788432373925702,1788432373926936,,,http_data_plane,,,,,1234
server,peer_replication_pull_request,sent,1788432374336981,178842684286995611,,,,,,,,,connected_peers=9,,,,,
server,peer_replication_merge_delta,completed,1788432374342288,178842684286995611,,54,,1788432374339173,1788432374342273,1788432374342288,,,"delta_len=10,sent_us=1788432374338150",,,,,15
server,client_mutation,completed,1788432374427223,178842684286995611,,,,1788432374425637,1788432374425638,1788432374427223,,,http_data_plane,,,,,1585
server,client_mutation,completed,1788432374926684,178842684286995611,,,,1788432374925629,1788432374925629,1788432374926684,,,http_data_plane,,,,,1055
server,client_mutation,completed,1788432375427202,178842684286995611,,,,1788432375425760,1788432375425760,1788432375427202,,,http_data_plane,,,,,1442
server,peer_replication_get_delta,completed,1788432375873293,178842684286995611,178842684286996610,54,,1788432375873044,1788432375873053,1788432375873293,,,"delta_len=7,sent_us=1788432375872043",,,,,240
server,client_mutation,completed,1788432375926741,178842684286995611,,,,1788432375925592,1788432375925592,1788432375926741,,,http_data_plane,,,,,1149
server,peer_replication_pull_request,sent,1788432376337234,178842684286995611,,,,,,,,,connected_peers=8,,,,,
server,peer_replication_merge_delta,completed,1788432376360463,178842684286995611,,54,,1788432376343256,1788432376360351,1788432376360463,,,"delta_len=175,sent_us=1788432376338404",,,,,112
server,client_mutation,completed,1788432376430630,178842684286995611,,,,1788432376429489,1788432376429489,1788432376430630,,,http_data_plane,,,,,1141
server,peer_replication_get_delta,completed,1788432376499380,178842684286995611,178842684286997609,54,,1788432376499131,1788432376499138,1788432376499380,,,"delta_len=178,sent_us=1788432376497970",,,,,242
server,client_mutation,completed,1788432376927061,178842684286995611,,,,1788432376926029,1788432376926029,1788432376927061,,,http_data_plane,,,,,1032
server,peer_replication_pull_request,sent,1788432377337133,178842684286995611,,,,,,,,,connected_peers=8,,,,,
server,peer_replication_merge_delta,completed,1788432377347977,178842684286995611,,54,,1788432377339922,1788432377347899,1788432377347977,,,"delta_len=75,sent_us=1788432377338107",,,,,78
server,client_mutation,completed,1788432377427367,178842684286995611,,,,1788432377425694,1788432377425694,1788432377427367,,,http_data_plane,,,,,1673
server,client_mutation,completed,1788432377926994,178842684286995611,,,,1788432377925725,1788432377925725,1788432377926994,,,http_data_plane,,,,,1269
server,membership_directory_read,completed,1788432378126254,178842684286995611,,,,,1788432378065798,1788432378126254,,,poll:262 descriptors,,,,,60456
server,client_mutation,completed,1788432378427689,178842684286995611,,,,1788432378426475,1788432378426475,1788432378427689,,,http_data_plane,,,,,1214
server,peer_replication_get_delta,completed,1788432378498768,178842684286995611,178842684286997609,54,,1788432378498543,1788432378498549,1788432378498768,,,"delta_len=79,sent_us=1788432378497850",,,,,219
server,client_mutation,completed,1788432378928228,178842684286995611,,,,1788432378926345,1788432378926345,1788432378928228,,,http_data_plane,,,,,1883
server,peer_replication_pull_request,sent,1788432379336561,178842684286995611,,,,,,,,,connected_peers=7,,,,,
server,client_mutation,completed,1788432379428692,178842684286995611,,,,1788432379426110,1788432379426110,1788432379428692,,,http_data_plane,,,,,2582
server,client_mutation,completed,1788432379927232,178842684286995611,,,,1788432379925911,1788432379925911,1788432379927232,,,http_data_plane,,,,,1321
server,peer_replication_pull_request,sent,1788432380337811,178842684286995611,,,,,,,,,connected_peers=7,,,,,
server,client_mutation,completed,1788432380427222,178842684286995611,,,,1788432380426095,1788432380426095,1788432380427222,,,http_data_plane,,,,,1127
server,peer_replication_get_delta,completed,1788432380468986,178842684286995611,178842684286993612,54,,1788432380468627,1788432380468634,1788432380468986,,,"delta_len=71,sent_us=1788432380467414",,,,,352
server,client_mutation,completed,1788432380926677,178842684286995611,,,,1788432380925634,1788432380925634,1788432380926677,,,http_data_plane,,,,,1043
server,peer_replication_pull_request,sent,1788432381336908,178842684286995611,,,,,,,,,connected_peers=7,,,,,
server,peer_replication_merge_delta,completed,1788432381424052,178842684286995611,,54,,1788432381410893,1788432381423932,1788432381424052,,,"delta_len=158,sent_us=1788432381395101",,,,,120
server,client_mutation,completed,1788432381426974,178842684286995611,,,,1788432381426002,1788432381426002,1788432381426974,,,http_data_plane,,,,,972
server,client_mutation,completed,1788432381926780,178842684286995611,,,,1788432381925704,1788432381925704,1788432381926780,,,http_data_plane,,,,,1076
server,peer_replication_pull_request,sent,1788432382336890,178842684286995611,,,,,,,,,connected_peers=7,,,,,
server,peer_replication_merge_delta,completed,1788432382344673,178842684286995611,,54,,1788432382338609,1788432382344618,1788432382344673,,,"delta_len=49,sent_us=1788432382337834",,,,,55
server,client_mutation,completed,1788432382427574,178842684286995611,,,,1788432382425552,1788432382425552,1788432382427574,,,http_data_plane,,,,,2022
server,client_mutation,completed,1788432382926869,178842684286995611,,,,1788432382925679,1788432382925680,1788432382926869,,,http_data_plane,,,,,1189
server,membership_directory_read,completed,1788432383129969,178842684286995611,,,,,1788432383065853,1788432383129969,,,poll:262 descriptors,,,,,64116
server,peer_replication_pull_request,sent,1788432383337495,178842684286995611,,,,,,,,,connected_peers=7,,,,,
server,client_mutation,completed,1788432383430366,178842684286995611,,,,1788432383427142,1788432383427142,1788432383430366,,,http_data_plane,,,,,3224
server,client_mutation,completed,1788432383926647,178842684286995611,,,,1788432383925559,1788432383925559,1788432383926647,,,http_data_plane,,,,,1088
server,peer_replication_pull_request,sent,1788432384336738,178842684286995611,,,,,,,,,connected_peers=7,,,,,
server,peer_replication_merge_delta,completed,1788432384344033,178842684286995611,,54,,1788432384339226,1788432384343991,1788432384344033,,,"delta_len=43,sent_us=1788432384337855",,,,,42
server,client_mutation,completed,1788432384426707,178842684286995611,,,,1788432384425666,1788432384425666,1788432384426707,,,http_data_plane,,,,,1041
server,client_mutation,completed,1788432384927312,178842684286995611,,,,1788432384925782,1788432384925782,1788432384927312,,,http_data_plane,,,,,1530
server,peer_replication_pull_request,sent,1788432385336705,178842684286995611,,,,,,,,,connected_peers=7,,,,,
server,peer_replication_merge_delta,completed,1788432385343573,178842684286995611,,54,,1788432385338326,1788432385343487,1788432385343573,,,"delta_len=36,sent_us=1788432385337504",,,,,86
server,client_mutation,completed,1788432385428310,178842684286995611,,,,1788432385426883,1788432385426884,1788432385428310,,,http_data_plane,,,,,1426
server,client_mutation,completed,1788432385926977,178842684286995611,,,,1788432385925855,1788432385925855,1788432385926977,,,http_data_plane,,,,,1122
server,peer_replication_get_delta,completed,1788432386144299,178842684286995611,178842684286994612,54,,1788432386143921,1788432386143928,1788432386144299,,,"delta_len=31,sent_us=1788432386142946",,,,,371
server,peer_replication_pull_request,sent,1788432386336913,178842684286995611,,,,,,,,,connected_peers=7,,,,,
server,peer_replication_merge_delta,completed,1788432386405860,178842684286995611,,54,,1788432386402100,1788432386405824,1788432386405860,,,"delta_len=26,sent_us=1788432386395119",,,,,36
server,client_mutation,completed,1788432386429018,178842684286995611,,,,1788432386425653,1788432386425653,1788432386429018,,,http_data_plane,,,,,3365
server,client_mutation,completed,1788432386926543,178842684286995611,,,,1788432386925577,1788432386925577,1788432386926543,,,http_data_plane,,,,,966
server,peer_replication_pull_request,sent,1788432387337056,178842684286995611,,,,,,,,,connected_peers=7,,,,,
server,peer_replication_merge_delta,completed,1788432387344931,178842684286995611,,54,,1788432387339175,1788432387344858,1788432387344931,,,"delta_len=59,sent_us=1788432387337893",,,,,73
server,client_mutation,completed,1788432387426708,178842684286995611,,,,1788432387425589,1788432387425589,1788432387426708,,,http_data_plane,,,,,1119
server,client_mutation,completed,1788432387926855,178842684286995611,,,,1788432387925617,1788432387925617,1788432387926855,,,http_data_plane,,,,,1238
server,membership_directory_read,completed,1788432388133775,178842684286995611,,,,,1788432388065714,1788432388133775,,,poll:262 descriptors,,,,,68061
server,peer_replication_pull_request,sent,1788432388337310,178842684286995611,,,,,,,,,connected_peers=7,,,,,
server,client_mutation,completed,1788432388426603,178842684286995611,,,,1788432388425581,1788432388425581,1788432388426603,,,http_data_plane,,,,,1022
server,peer_replication_get_delta,completed,1788432388872731,178842684286995611,178842684286996610,54,,1788432388872481,1788432388872487,1788432388872731,,,"delta_len=34,sent_us=1788432388871809",,,,,244
server,client_mutation,completed,1788432388928243,178842684286995611,,,,1788432388927018,1788432388927018,1788432388928243,,,http_data_plane,,,,,1225
server,peer_replication_pull_request,sent,1788432389337313,178842684286995611,,,,,,,,,connected_peers=7,,,,,
server,peer_replication_merge_delta,completed,1788432389419732,178842684286995611,,54,,1788432389410793,1788432389419673,1788432389419732,,,"delta_len=92,sent_us=1788432389395135",,,,,59
server,client_mutation,completed,1788432389426535,178842684286995611,,,,1788432389425557,1788432389425557,1788432389426535,,,http_data_plane,,,,,978
server,client_mutation,completed,1788432389929085,178842684286995611,,,,1788432389927107,1788432389927108,1788432389929085,,,http_data_plane,,,,,1977
server,peer_replication_pull_request,sent,1788432390337149,178842684286995611,,,,,,,,,connected_peers=7,,,,,
server,peer_replication_merge_delta,completed,1788432390344604,178842684286995611,,54,,1788432390339184,1788432390344528,1788432390344604,,,"delta_len=44,sent_us=1788432390338021",,,,,76
server,client_mutation,completed,1788432390426571,178842684286995611,,,,1788432390425552,1788432390425552,1788432390426571,,,http_data_plane,,,,,1019
server,client_mutation,completed,1788432390927452,178842684286995611,,,,1788432390925636,1788432390925636,1788432390927452,,,http_data_plane,,,,,1816
server,peer_replication_pull_request,sent,1788432391337546,178842684286995611,,,,,,,,,connected_peers=7,,,,,
server,peer_replication_merge_delta,completed,1788432391413567,178842684286995611,,54,,1788432391410712,1788432391413553,1788432391413567,,,"delta_len=11,sent_us=1788432391395099",,,,,14
server,client_mutation,completed,1788432391426897,178842684286995611,,,,1788432391425569,1788432391425569,1788432391426897,,,http_data_plane,,,,,1328
server,client_mutation,completed,1788432391926967,178842684286995611,,,,1788432391925553,1788432391925553,1788432391926967,,,http_data_plane,,,,,1414
server,peer_replication_pull_request,sent,1788432392337027,178842684286995611,,,,,,,,,connected_peers=7,,,,,
server,peer_replication_merge_delta,completed,1788432392347659,178842684286995611,,54,,1788432392339489,1788432392347465,1788432392347659,,,"delta_len=68,sent_us=1788432392338688",,,,,194
server,client_mutation,completed,1788432392427177,178842684286995611,,,,1788432392425697,1788432392425697,1788432392427177,,,http_data_plane,,,,,1480
server,client_mutation,completed,1788432392927074,178842684286995611,,,,1788432392925586,1788432392925586,1788432392927074,,,http_data_plane,,,,,1488
server,membership_directory_read,completed,1788432393140189,178842684286995611,,,,,1788432393066017,1788432393140189,,,poll:262 descriptors,,,,,74172
server,peer_replication_pull_request,sent,1788432393337022,178842684286995611,,,,,,,,,connected_peers=7,,,,,
server,client_mutation,completed,1788432393427082,178842684286995611,,,,1788432393425558,1788432393425558,1788432393427082,,,http_data_plane,,,,,1524
server,client_mutation,completed,1788432393927185,178842684286995611,,,,1788432393925843,1788432393925843,1788432393927185,,,http_data_plane,,,,,1342
server,peer_replication_pull_request,sent,1788432394337222,178842684286995611,,,,,,,,,connected_peers=7,,,,,
server,client_mutation,completed,1788432394426776,178842684286995611,,,,1788432394425572,1788432394425572,1788432394426776,,,http_data_plane,,,,,1204
server,client_mutation,completed,1788432394927346,178842684286995611,,,,1788432394925628,1788432394925628,1788432394927346,,,http_data_plane,,,,,1718
server,peer_replication_pull_request,sent,1788432395336727,178842684286995611,,,,,,,,,connected_peers=7,,,,,
server,client_mutation,completed,1788432395428537,178842684286995611,,,,1788432395426665,1788432395426665,1788432395428537,,,http_data_plane,,,,,1872
server,peer_replication_get_delta,completed,1788432395874001,178842684286995611,178842684286996610,54,,1788432395873697,1788432395873704,1788432395874001,,,"delta_len=15,sent_us=1788432395871913",,,,,297
server,client_mutation,completed,1788432395929284,178842684286995611,,,,1788432395925667,1788432395925667,1788432395929284,,,http_data_plane,,,,,3617
server,peer_replication_pull_request,sent,1788432396337605,178842684286995611,,,,,,,,,connected_peers=7,,,,,
server,peer_replication_merge_delta,completed,1788432396355901,178842684286995611,,54,,1788432396341254,1788432396355789,1788432396355901,,,"delta_len=114,sent_us=1788432396339344",,,,,112
server,client_mutation,completed,1788432396439617,178842684286995611,,,,1788432396436667,1788432396436667,1788432396439617,,,http_data_plane,,,,,2950
server,client_mutation,completed,1788432396930608,178842684286995611,,,,1788432396927470,1788432396927470,1788432396930608,,,http_data_plane,,,,,3138
server,peer_replication_pull_request,sent,1788432397337225,178842684286995611,,,,,,,,,connected_peers=7,,,,,
server,peer_replication_merge_delta,completed,1788432397349515,178842684286995611,,54,,1788432397341536,1788432397349457,1788432397349515,,,"delta_len=49,sent_us=1788432397340253",,,,,58
server,client_mutation,completed,1788432397428019,178842684286995611,,,,1788432397425674,1788432397425674,1788432397428019,,,http_data_plane,,,,,2345
server,peer_replication_get_delta,completed,1788432397471316,178842684286995611,178842684286993612,54,,1788432397470614,1788432397470623,1788432397471316,,,"delta_len=73,sent_us=1788432397467681",,,,,693
server,peer_replication_get_delta,completed,1788432397873209,178842684286995611,178842684286996610,54,,1788432397872970,1788432397872976,1788432397873209,,,"delta_len=31,sent_us=1788432397872249",,,,,233
server,client_mutation,completed,1788432397927806,178842684286995611,,,,1788432397925620,1788432397925620,1788432397927806,,,http_data_plane,,,,,2186
server,membership_directory_read,completed,1788432398128304,178842684286995611,,,,,1788432398065847,1788432398128304,,,poll:262 descriptors,,,,,62457
server,peer_replication_pull_request,sent,1788432398336944,178842684286995611,,,,,,,,,connected_peers=7,,,,,
server,peer_replication_merge_delta,completed,1788432398343865,178842684286995611,,54,,1788432398338682,1788432398343847,1788432398343865,,,"delta_len=11,sent_us=1788432398337968",,,,,18
server,client_mutation,completed,1788432398427977,178842684286995611,,,,1788432398425805,1788432398425805,1788432398427977,,,http_data_plane,,,,,2172
server,peer_replication_get_delta,completed,1788432398873443,178842684286995611,178842684286996610,54,,1788432398873228,1788432398873235,1788432398873443,,,"delta_len=13,sent_us=1788432398872292",,,,,208
server,client_mutation,completed,1788432398927871,178842684286995611,,,,1788432398925607,1788432398925607,1788432398927871,,,http_data_plane,,,,,2264
server,peer_replication_pull_request,sent,1788432399336984,178842684286995611,,,,,,,,,connected_peers=7,,,,,
server,peer_replication_merge_delta,completed,1788432399424166,178842684286995611,,54,,1788432399411707,1788432399424091,1788432399424166,,,"delta_len=85,sent_us=1788432399395066",,,,,75
server,client_mutation,completed,1788432399427711,178842684286995611,,,,1788432399425564,1788432399425565,1788432399427711,,,http_data_plane,,,,,2146
server,client_mutation,completed,1788432399927866,178842684286995611,,,,1788432399925592,1788432399925592,1788432399927866,,,http_data_plane,,,,,2274
server,peer_replication_pull_request,sent,1788432400337002,178842684286995611,,,,,,,,,connected_peers=7,,,,,
server,peer_replication_merge_delta,completed,1788432400346786,178842684286995611,,54,,1788432400339111,1788432400346731,1788432400346786,,,"delta_len=52,sent_us=1788432400338088",,,,,55
server,client_mutation,completed,1788432400427755,178842684286995611,,,,1788432400425575,1788432400425575,1788432400427755,,,http_data_plane,,,,,2180
server,client_mutation,completed,1788432400927999,178842684286995611,,,,1788432400925791,1788432400925791,1788432400927999,,,http_data_plane,,,,,2208
server,peer_replication_pull_request,sent,1788432401338923,178842684286995611,,,,,,,,,connected_peers=7,,,,,
server,client_mutation,completed,1788432401428561,178842684286995611,,,,1788432401426024,1788432401426025,1788432401428561,,,http_data_plane,,,,,2536
server,peer_replication_get_delta,completed,1788432401547552,178842684286995611,178842684114094212,54,,1788432401546544,1788432401546550,1788432401547552,,,"delta_len=22,sent_us=1788432401530175",,,,,1002
server,peer_replication_get_delta,completed,1788432401873259,178842684286995611,178842684286996610,54,,1788432401873011,1788432401873016,1788432401873259,,,"delta_len=14,sent_us=1788432401871985",,,,,243
server,client_mutation,completed,1788432401928137,178842684286995611,,,,1788432401925570,1788432401925570,1788432401928137,,,http_data_plane,,,,,2567
server,peer_replication_pull_request,sent,1788432402337259,178842684286995611,,,,,,,,,connected_peers=7,,,,,
server,peer_replication_merge_delta,completed,1788432402366685,178842684286995611,,54,,1788432402358246,1788432402366626,1788432402366685,,,"delta_len=41,sent_us=1788432402351770",,,,,59
server,client_mutation,completed,1788432402427860,178842684286995611,,,,1788432402425782,1788432402425782,1788432402427860,,,http_data_plane,,,,,2078
server,peer_replication_get_delta,completed,1788432402499605,178842684286995611,178842684286997609,54,,1788432402498691,1788432402498699,1788432402499605,,,"delta_len=29,sent_us=1788432402497857",,,,,906
server,client_mutation,completed,1788432402928191,178842684286995611,,,,1788432402925841,1788432402925842,1788432402928191,,,http_data_plane,,,,,2349
server,membership_directory_read,completed,1788432403129942,178842684286995611,,,,,1788432403065580,1788432403129942,,,poll:262 descriptors,,,,,64362
server,peer_replication_pull_request,sent,1788432403337556,178842684286995611,,,,,,,,,connected_peers=7,,,,,
server,client_mutation,completed,1788432403428223,178842684286995611,,,,1788432403425863,1788432403425863,1788432403428223,,,http_data_plane,,,,,2360
server,client_mutation,completed,1788432403931165,178842684286995611,,,,1788432403925953,1788432403925953,1788432403931165,,,http_data_plane,,,,,5212
server,peer_replication_pull_request,sent,1788432404337925,178842684286995611,,,,,,,,,connected_peers=7,,,,,
server,peer_replication_merge_delta,completed,1788432404353897,178842684286995611,,54,,1788432404342941,1788432404353835,1788432404353897,,,"delta_len=82,sent_us=1788432404339995",,,,,62
server,client_mutation,completed,1788432404432359,178842684286995611,,,,1788432404429970,1788432404429970,1788432404432359,,,http_data_plane,,,,,2389
server,client_mutation,completed,1788432404932502,178842684286995611,,,,1788432404926616,1788432404926616,1788432404932502,,,http_data_plane,,,,,5886
server,peer_replication_pull_request,sent,1788432405337558,178842684286995611,,,,,,,,,connected_peers=7,,,,,
server,peer_replication_merge_delta,completed,1788432405350807,178842684286995611,,54,,1788432405340828,1788432405350711,1788432405350807,,,"delta_len=51,sent_us=1788432405339691",,,,,96
server,client_mutation,completed,1788432405431689,178842684286995611,,,,1788432405425593,1788432405425593,1788432405431689,,,http_data_plane,,,,,6096
server,peer_replication_get_delta,completed,1788432405499341,178842684286995611,178842684286997609,54,,1788432405498691,1788432405498698,1788432405499341,,,"delta_len=28,sent_us=1788432405498056",,,,,643
server,peer_replication_get_delta,completed,1788432405874211,178842684286995611,178842684286996610,54,,1788432405873880,1788432405873887,1788432405874211,,,"delta_len=33,sent_us=1788432405872139",,,,,324
server,client_mutation,completed,1788432405933232,178842684286995611,,,,1788432405931089,1788432405931089,1788432405933232,,,http_data_plane,,,,,2143
server,peer_replication_pull_request,sent,1788432406337476,178842684286995611,,,,,,,,,connected_peers=7,,,,,
server,peer_replication_merge_delta,completed,1788432406347406,178842684286995611,,54,,1788432406340702,1788432406347371,1788432406347406,,,"delta_len=35,sent_us=1788432406338391",,,,,35
server,client_mutation,completed,1788432406428242,178842684286995611,,,,1788432406426114,1788432406426114,1788432406428242,,,http_data_plane,,,,,2128
server,peer_replication_get_delta,completed,1788432406499793,178842684286995611,178842684286997609,54,,1788432406499258,1788432406499263,1788432406499793,,,"delta_len=37,sent_us=1788432406498314",,,,,530
server,client_mutation,completed,1788432406929555,178842684286995611,,,,1788432406926554,1788432406926555,1788432406929555,,,http_data_plane,,,,,3000
server,peer_replication_pull_request,sent,1788432407352069,178842684286995611,,,,,,,,,connected_peers=7,,,,,
server,peer_replication_merge_delta,completed,1788432407413734,178842684286995611,,54,,1788432407409760,1788432407413719,1788432407413734,,,"delta_len=6,sent_us=1788432407359227",,,,,15
server,client_mutation,completed,1788432407428700,178842684286995611,,,,1788432407425776,1788432407425776,1788432407428700,,,http_data_plane,,,,,2924
server,client_mutation,completed,1788432407948985,178842684286995611,,,,1788432407932804,1788432407932804,1788432407948985,,,http_data_plane,,,,,16181
server,membership_directory_read,completed,1788432408138081,178842684286995611,,,,,1788432408066440,1788432408138081,,,poll:262 descriptors,,,,,71641
server,peer_replication_pull_request,sent,1788432408337365,178842684286995611,,,,,,,,,connected_peers=7,,,,,
server,peer_replication_merge_delta,completed,1788432408353301,178842684286995611,,54,,1788432408343485,1788432408353208,1788432408353301,,,"delta_len=63,sent_us=1788432408341436",,,,,93
server,client_mutation,completed,1788432408427996,178842684286995611,,,,1788432408425683,1788432408425683,1788432408427996,,,http_data_plane,,,,,2313
server,client_mutation,completed,1788432408927885,178842684286995611,,,,1788432408925717,1788432408925717,1788432408927885,,,http_data_plane,,,,,2168
server,peer_replication_pull_request,sent,1788432409337049,178842684286995611,,,,,,,,,connected_peers=7,,,,,
server,peer_replication_merge_delta,completed,1788432409350705,178842684286995611,,54,,1788432409339773,1788432409350656,1788432409350705,,,"delta_len=47,sent_us=1788432409338010",,,,,49
server,client_mutation,completed,1788432409428878,178842684286995611,,,,1788432409426226,1788432409426226,1788432409428878,,,http_data_plane,,,,,2652
server,peer_replication_get_delta,completed,1788432409545216,178842684286995611,178842684114094212,54,,1788432409544997,1788432409545004,1788432409545216,,,"delta_len=65,sent_us=1788432409529496",,,,,212
server,client_mutation,completed,1788432409929374,178842684286995611,,,,1788432409926504,1788432409926504,1788432409929374,,,http_data_plane,,,,,2870
server,peer_replication_pull_request,sent,1788432410337333,178842684286995611,,,,,,,,,connected_peers=7,,,,,
server,peer_replication_merge_delta,completed,1788432410344188,178842684286995611,,54,,1788432410339309,1788432410344171,1788432410344188,,,"delta_len=10,sent_us=1788432410338308",,,,,17
server,client_mutation,completed,1788432410428769,178842684286995611,,,,1788432410426369,1788432410426369,1788432410428769,,,http_data_plane,,,,,2400
server,client_mutation,completed,1788432410928357,178842684286995611,,,,1788432410925878,1788432410925879,1788432410928357,,,http_data_plane,,,,,2478
server,peer_replication_pull_request,sent,1788432411336791,178842684286995611,,,,,,,,,connected_peers=7,,,,,
server,peer_replication_merge_delta,completed,1788432411375748,178842684286995611,,54,,1788432411367157,1788432411375677,1788432411375748,,,"delta_len=71,sent_us=1788432411351368",,,,,71
server,client_mutation,completed,1788432411430817,178842684286995611,,,,1788432411427192,1788432411427192,1788432411430817,,,http_data_plane,,,,,3625
server,peer_replication_get_delta,completed,1788432411498760,178842684286995611,178842684286997609,54,,1788432411498500,1788432411498506,1788432411498760,,,"delta_len=34,sent_us=1788432411497857",,,,,254
server,peer_replication_get_delta,completed,1788432411874801,178842684286995611,178842684286996610,54,,1788432411874457,1788432411874464,1788432411874801,,,"delta_len=38,sent_us=1788432411872962",,,,,337
server,client_mutation,completed,1788432411935675,178842684286995611,,,,1788432411929148,1788432411929148,1788432411935675,,,http_data_plane,,,,,6527
server,peer_replication_pull_request,sent,1788432412337769,178842684286995611,,,,,,,,,connected_peers=7,,,,,
server,peer_replication_merge_delta,completed,1788432412358853,178842684286995611,,54,,1788432412344423,1788432412358816,1788432412358853,,,"delta_len=47,sent_us=1788432412342822",,,,,37
server,client_mutation,completed,1788432412427858,178842684286995611,,,,1788432412425485,1788432412425485,1788432412427858,,,http_data_plane,,,,,2373
server,peer_replication_get_delta,completed,1788432412876017,178842684286995611,178842684286996610,54,,1788432412875710,1788432412875717,1788432412876017,,,"delta_len=48,sent_us=1788432412872167",,,,,300
server,client_mutation,completed,1788432412929336,178842684286995611,,,,1788432412926688,1788432412926688,1788432412929336,,,http_data_plane,,,,,2648
server,membership_directory_read,completed,1788432413137133,178842684286995611,,,,,1788432413066682,1788432413137133,,,poll:262 descriptors,,,,,70451
server,peer_replication_pull_request,sent,1788432413337429,178842684286995611,,,,,,,,,connected_peers=7,,,,,
server,peer_replication_merge_delta,completed,1788432413347324,178842684286995611,,54,,1788432413341400,1788432413347305,1788432413347324,,,"delta_len=17,sent_us=1788432413340277",,,,,19
server,client_mutation,completed,1788432413430569,178842684286995611,,,,1788432413426189,1788432413426189,1788432413430569,,,http_data_plane,,,,,4380
server,peer_replication_get_delta,completed,1788432413876333,178842684286995611,178842684286996610,54,,1788432413876015,1788432413876021,1788432413876333,,,"delta_len=19,sent_us=1788432413874504",,,,,312
server,client_mutation,completed,1788432413931672,178842684286995611,,,,1788432413928644,1788432413928644,1788432413931672,,,http_data_plane,,,,,3028
server,peer_replication_pull_request,sent,1788432414337458,178842684286995611,,,,,,,,,connected_peers=7,,,,,
server,peer_replication_merge_delta,completed,1788432414346383,178842684286995611,,54,,1788432414339993,1788432414346351,1788432414346383,,,"delta_len=27,sent_us=1788432414338986",,,,,32
server,client_mutation,completed,1788432414427923,178842684286995611,,,,1788432414425664,1788432414425664,1788432414427923,,,http_data_plane,,,,,2259
server,client_mutation,completed,1788432414928460,178842684286995611,,,,1788432414925791,1788432414925791,1788432414928460,,,http_data_plane,,,,,2669
server,peer_replication_pull_request,sent,1788432415336611,178842684286995611,,,,,,,,,connected_peers=7,,,,,
server,peer_replication_merge_delta,completed,1788432415343011,178842684286995611,,54,,1788432415338225,1788432415342993,1788432415343011,,,"delta_len=16,sent_us=1788432415337451",,,,,18
server,client_mutation,completed,1788432415427646,178842684286995611,,,,1788432415425565,1788432415425565,1788432415427646,,,http_data_plane,,,,,2081
server,peer_replication_get_delta,completed,1788432415546194,178842684286995611,178842684114094212,54,,1788432415545693,1788432415545705,1788432415546194,,,"delta_len=55,sent_us=1788432415529664",,,,,489
server,peer_replication_get_delta,completed,1788432415873675,178842684286995611,178842684286996610,54,,1788432415873467,1788432415873472,1788432415873675,,,"delta_len=16,sent_us=1788432415872426",,,,,203
server,client_mutation,completed,1788432415928267,178842684286995611,,,,1788432415925885,1788432415925885,1788432415928267,,,http_data_plane,,,,,2382
server,peer_replication_get_delta,completed,1788432416143743,178842684286995611,178842684286994612,54,,1788432416143388,1788432416143394,1788432416143743,,,"delta_len=35,sent_us=1788432416142582",,,,,349
server,peer_replication_pull_request,sent,1788432416336781,178842684286995611,,,,,,,,,connected_peers=7,,,,,
server,client_mutation,completed,1788432416427900,178842684286995611,,,,1788432416425585,1788432416425586,1788432416427900,,,http_data_plane,,,,,2314
server,client_mutation,completed,1788432416928258,178842684286995611,,,,1788432416925822,1788432416925822,1788432416928258,,,http_data_plane,,,,,2436
server,peer_replication_pull_request,sent,1788432417337368,178842684286995611,,,,,,,,,connected_peers=7,,,,,
server,peer_replication_merge_delta,completed,1788432417356320,178842684286995611,,54,,1788432417340800,1788432417356228,1788432417356320,,,"delta_len=135,sent_us=1788432417339705",,,,,92
server,client_mutation,completed,1788432417429390,178842684286995611,,,,1788432417426700,1788432417426700,1788432417429390,,,http_data_plane,,,,,2690
server,client_mutation,completed,1788432417929034,178842684286995611,,,,1788432417926386,1788432417926387,1788432417929034,,,http_data_plane,,,,,2647
server,membership_directory_read,completed,1788432418130560,178842684286995611,,,,,1788432418066878,1788432418130560,,,poll:262 descriptors,,,,,63682
server,peer_replication_pull_request,sent,1788432418337141,178842684286995611,,,,,,,,,connected_peers=7,,,,,
server,peer_replication_merge_delta,completed,1788432418346394,178842684286995611,,54,,1788432418339213,1788432418346313,1788432418346394,,,"delta_len=45,sent_us=1788432418338126",,,,,81
server,client_mutation,completed,1788432418427756,178842684286995611,,,,1788432418425598,1788432418425598,1788432418427756,,,http_data_plane,,,,,2158
server,client_mutation,completed,1788432418927862,178842684286995611,,,,1788432418925604,1788432418925604,1788432418927862,,,http_data_plane,,,,,2258
server,peer_replication_pull_request,sent,1788432419337112,178842684286995611,,,,,,,,,connected_peers=7,,,,,
server,peer_replication_merge_delta,completed,1788432419361675,178842684286995611,,54,,1788432419357378,1788432419361665,1788432419361675,,,"delta_len=5,sent_us=1788432419351618",,,,,10
server,client_mutation,completed,1788432419427992,178842684286995611,,,,1788432419425592,1788432419425592,1788432419427992,,,http_data_plane,,,,,2400
server,peer_replication_connection,established,1788432419492793,178842684286995611,178842684426432112,,,,,,,,,,,,,
server,peer_replication_get_delta,completed,1788432419872852,178842684286995611,178842684286996610,54,,1788432419872646,1788432419872654,1788432419872852,,,"delta_len=13,sent_us=1788432419871808",,,,,198
server,client_mutation,completed,1788432419927765,178842684286995611,,,,1788432419925621,1788432419925621,1788432419927765,,,http_data_plane,,,,,2144
server,peer_replication_pull_request,sent,1788432420337854,178842684286995611,,,,,,,,,connected_peers=8,,,,,
server,client_mutation,completed,1788432420428022,178842684286995611,,,,1788432420425636,1788432420425636,1788432420428022,,,http_data_plane,,,,,2386
server,peer_replication_connection,established,1788432420779275,178842684286995611,178842684426433112,,,,,,,,,,,,,
server,client_mutation,completed,1788432420928038,178842684286995611,,,,1788432420925811,1788432420925811,1788432420928038,,,http_data_plane,,,,,2227
server,peer_replication_pull_request,sent,1788432421337099,178842684286995611,,,,,,,,,connected_peers=9,,,,,
server,peer_replication_merge_delta,completed,1788432421345230,178842684286995611,,54,,1788432421339123,1788432421345184,1788432421345230,,,"delta_len=43,sent_us=1788432421338126",,,,,46
server,client_mutation,completed,1788432421427971,178842684286995611,,,,1788432421425724,1788432421425724,1788432421427971,,,http_data_plane,,,,,2247
server,peer_replication_get_delta,completed,1788432421828383,178842684286995611,178842684426433112,54,,1788432421827595,1788432421827604,1788432421828383,,,"delta_len=2459,sent_us=1788432421768572",,,,,779
server,client_mutation,completed,1788432421928794,178842684286995611,,,,1788432421925634,1788432421925634,1788432421928794,,,http_data_plane,,,,,3160
server,peer_replication_connection,established,1788432422134986,178842684286995611,178842684426434112,,,,,,,,,,,,,
server,peer_replication_pull_request,sent,1788432422339139,178842684286995611,,,,,,,,,connected_peers=10,,,,,
server,peer_replication_merge_delta,completed,1788432422353197,178842684286995611,,54,,1788432422341473,1788432422353049,1788432422353197,,,"delta_len=79,sent_us=1788432422340175",,,,,148
server,client_mutation,completed,1788432422429243,178842684286995611,,,,1788432422426789,1788432422426789,1788432422429243,,,http_data_plane,,,,,2454
server,peer_replication_get_delta,completed,1788432422545319,178842684286995611,178842684114094212,54,,1788432422545093,1788432422545102,1788432422545319,,,"delta_len=78,sent_us=1788432422529448",,,,,217
server,client_mutation,completed,1788432422929943,178842684286995611,,,,1788432422926482,1788432422926482,1788432422929943,,,http_data_plane,,,,,3461
server,membership_directory_read,completed,1788432423128815,178842684286995611,,,,,1788432423065955,1788432423128815,,,poll:266 descriptors,,,,,62860
server,peer_replication_pull_request,sent,1788432423337475,178842684286995611,,,,,,,,,connected_peers=10,,,,,
server,peer_replication_merge_delta,completed,1788432423369936,178842684286995611,,54,,1788432423362189,1788432423369867,1788432423369936,,,"delta_len=63,sent_us=1788432423350450",,,,,69
server,client_mutation,completed,1788432423427979,178842684286995611,,,,1788432423425599,1788432423425599,1788432423427979,,,http_data_plane,,,,,2380
server,client_mutation,completed,1788432423927862,178842684286995611,,,,1788432423925663,1788432423925663,1788432423927862,,,http_data_plane,,,,,2199
server,peer_replication_pull_request,sent,1788432424337337,178842684286995611,,,,,,,,,connected_peers=10,,,,,
server,peer_replication_merge_delta,completed,1788432424362541,178842684286995611,,54,,1788432424357981,1788432424362530,1788432424362541,,,"delta_len=4,sent_us=1788432424351831",,,,,11
server,client_mutation,completed,1788432424428320,178842684286995611,,,,1788432424426093,1788432424426093,1788432424428320,,,http_data_plane,,,,,2227
server,peer_replication_get_delta,completed,1788432424499176,178842684286995611,178842684286997609,54,,1788432424498962,1788432424498968,1788432424499176,,,"delta_len=42,sent_us=1788432424498304",,,,,208
server,peer_replication_get_delta,completed,1788432424827269,178842684286995611,178842684426433112,54,,1788432424827049,1788432424827053,1788432424827269,,,"delta_len=11,sent_us=1788432424768927",,,,,216
server,client_mutation,completed,1788432424927972,178842684286995611,,,,1788432424925683,1788432424925683,1788432424927972,,,http_data_plane,,,,,2289
server,peer_replication_pull_request,sent,1788432425337072,178842684286995611,,,,,,,,,connected_peers=10,,,,,
server,client_mutation,completed,1788432425429421,178842684286995611,,,,1788432425427215,1788432425427215,1788432425429421,,,http_data_plane,,,,,2206
server,peer_replication_get_delta,completed,1788432425873595,178842684286995611,178842684286996610,54,,1788432425872943,1788432425872950,1788432425873595,,,"delta_len=13,sent_us=1788432425871941",,,,,645
server,client_mutation,completed,1788432425927805,178842684286995611,,,,1788432425925561,1788432425925561,1788432425927805,,,http_data_plane,,,,,2244
server,peer_replication_pull_request,sent,1788432426338146,178842684286995611,,,,,,,,,connected_peers=10,,,,,
server,peer_replication_merge_delta,completed,1788432426414762,178842684286995611,,54,,1788432426405370,1788432426414692,1788432426414762,,,"delta_len=70,sent_us=1788432426393432",,,,,70
server,client_mutation,completed,1788432426427663,178842684286995611,,,,1788432426425614,1788432426425614,1788432426427663,,,http_data_plane,,,,,2049
server,client_mutation,completed,1788432426928140,178842684286995611,,,,1788432426925889,1788432426925889,1788432426928140,,,http_data_plane,,,,,2251
server,peer_replication_pull_request,sent,1788432427337239,178842684286995611,,,,,,,,,connected_peers=10,,,,,
server,peer_replication_merge_delta,completed,1788432427375961,178842684286995611,,54,,1788432427367626,1788432427375892,1788432427375961,,,"delta_len=91,sent_us=1788432427351752",,,,,69
server,client_mutation,completed,1788432427428029,178842684286995611,,,,1788432427425572,1788432427425572,1788432427428029,,,http_data_plane,,,,,2457
server,client_mutation,completed,1788432427928250,178842684286995611,,,,1788432427925828,1788432427925829,1788432427928250,,,http_data_plane,,,,,2421
server,membership_directory_read,completed,1788432428124569,178842684286995611,,,,,1788432428066060,1788432428124569,,,poll:268 descriptors,,,,,58509
server,peer_replication_pull_request,sent,1788432428337475,178842684286995611,,,,,,,,,connected_peers=10,,,,,
server,client_mutation,completed,1788432428427695,178842684286995611,,,,1788432428425569,1788432428425570,1788432428427695,,,http_data_plane,,,,,2125
server,peer_replication_get_delta,completed,1788432428499286,178842684286995611,178842684286997609,54,,1788432428499070,1788432428499078,1788432428499286,,,"delta_len=94,sent_us=1788432428498352",,,,,208
server,client_mutation,completed,1788432428927952,178842684286995611,,,,1788432428925661,1788432428925662,1788432428927952,,,http_data_plane,,,,,2290
server,peer_replication_pull_request,sent,1788432429339051,178842684286995611,,,,,,,,,connected_peers=10,,,,,
server,peer_replication_merge_delta,completed,1788432429352540,178842684286995611,,54,,1788432429341275,1788432429352325,1788432429352540,,,"delta_len=103,sent_us=1788432429340031",,,,,215
server,client_mutation,completed,1788432429428417,178842684286995611,,,,1788432429426069,1788432429426070,1788432429428417,,,http_data_plane,,,,,2347
server,client_mutation,completed,1788432429928404,178842684286995611,,,,1788432429926004,1788432429926004,1788432429928404,,,http_data_plane,,,,,2400
server,peer_replication_pull_request,sent,1788432430337445,178842684286995611,,,,,,,,,connected_peers=10,,,,,
server,peer_replication_merge_delta,completed,1788432430348578,178842684286995611,,54,,1788432430343859,1788432430348541,1788432430348578,,,"delta_len=26,sent_us=1788432430338284",,,,,37
server,client_mutation,completed,1788432430427832,178842684286995611,,,,1788432430425628,1788432430425628,1788432430427832,,,http_data_plane,,,,,2204
server,client_mutation,completed,1788432430929583,178842684286995611,,,,1788432430926913,1788432430926913,1788432430929583,,,http_data_plane,,,,,2670
server,peer_replication_pull_request,sent,1788432431336702,178842684286995611,,,,,,,,,connected_peers=10,,,,,
server,client_mutation,completed,1788432431428011,178842684286995611,,,,1788432431425582,1788432431425582,1788432431428011,,,http_data_plane,,,,,2429
server,peer_replication_get_delta,completed,1788432431468296,178842684286995611,178842684286993612,54,,1788432431468077,1788432431468083,1788432431468296,,,"delta_len=12,sent_us=1788432431467428",,,,,213
server,peer_replication_get_delta,completed,1788432431872730,178842684286995611,178842684286996610,54,,1788432431872519,1788432431872525,1788432431872730,,,"delta_len=18,sent_us=1788432431871900",,,,,205
server,client_mutation,completed,1788432431928054,178842684286995611,,,,1788432431925733,1788432431925734,1788432431928054,,,http_data_plane,,,,,2320
server,peer_replication_pull_request,sent,1788432432337211,178842684286995611,,,,,,,,,connected_peers=10,,,,,
server,peer_replication_merge_delta,completed,1788432432346765,178842684286995611,,54,,1788432432339423,1788432432346709,1788432432346765,,,"delta_len=47,sent_us=1788432432338245",,,,,56
server,client_mutation,completed,1788432432427808,178842684286995611,,,,1788432432425628,1788432432425628,1788432432427808,,,http_data_plane,,,,,2180
server,client_mutation,completed,1788432432927569,178842684286995611,,,,1788432432925513,1788432432925513,1788432432927569,,,http_data_plane,,,,,2056
server,membership_directory_read,completed,1788432433130777,178842684286995611,,,,,1788432433066414,1788432433130777,,,poll:268 descriptors,,,,,64363
server,peer_replication_pull_request,sent,1788432433337318,178842684286995611,,,,,,,,,connected_peers=10,,,,,
server,peer_replication_merge_delta,completed,1788432433342536,178842684286995611,,54,,1788432433339079,1788432433342528,1788432433342536,,,"delta_len=2,sent_us=1788432433338234",,,,,8
server,client_mutation,completed,1788432433427867,178842684286995611,,,,1788432433425626,1788432433425626,1788432433427867,,,http_data_plane,,,,,2241
server,peer_replication_get_delta,completed,1788432433499662,178842684286995611,178842684286997609,54,,1788432433499384,1788432433499390,1788432433499662,,,"delta_len=34,sent_us=1788432433498720",,,,,272
server,client_mutation,completed,1788432433928152,178842684286995611,,,,1788432433925593,1788432433925594,1788432433928152,,,http_data_plane,,,,,2558
server,peer_replication_pull_request,sent,1788432434337435,178842684286995611,,,,,,,,,connected_peers=10,,,,,
server,peer_replication_merge_delta,completed,1788432434379070,178842684286995611,,54,,1788432434365303,1788432434378852,1788432434379070,,,"delta_len=162,sent_us=1788432434352760",,,,,218
server,client_mutation,completed,1788432434427937,178842684286995611,,,,1788432434425744,1788432434425744,1788432434427937,,,http_data_plane,,,,,2193
server,client_mutation,completed,1788432434928143,178842684286995611,,,,1788432434925960,1788432434925960,1788432434928143,,,http_data_plane,,,,,2183
server,peer_replication_pull_request,sent,1788432435337249,178842684286995611,,,,,,,,,connected_peers=10,,,,,
server,peer_replication_merge_delta,completed,1788432435348503,178842684286995611,,54,,1788432435338773,1788432435348435,1788432435348503,,,"delta_len=78,sent_us=1788432435338001",,,,,68
server,client_mutation,completed,1788432435428092,178842684286995611,,,,1788432435425806,1788432435425807,1788432435428092,,,http_data_plane,,,,,2285
server,client_mutation,completed,1788432435927784,178842684286995611,,,,1788432435925551,1788432435925551,1788432435927784,,,http_data_plane,,,,,2233
server,peer_replication_pull_request,sent,1788432436337804,178842684286995611,,,,,,,,,connected_peers=10,,,,,
server,peer_replication_merge_delta,completed,1788432436373081,178842684286995611,,54,,1788432436363942,1788432436373014,1788432436373081,,,"delta_len=67,sent_us=1788432436350733",,,,,67
server,client_mutation,completed,1788432436430399,178842684286995611,,,,1788432436427974,1788432436427974,1788432436430399,,,http_data_plane,,,,,2425
server,client_mutation,completed,1788432436927891,178842684286995611,,,,1788432436925616,1788432436925616,1788432436927891,,,http_data_plane,,,,,2275
server,peer_replication_pull_request,sent,1788432437337451,178842684286995611,,,,,,,,,connected_peers=10,,,,,
server,peer_replication_merge_delta,completed,1788432437365628,178842684286995611,,54,,1788432437356007,1788432437365597,1788432437365628,,,"delta_len=31,sent_us=1788432437350465",,,,,31
server,client_mutation,completed,1788432437428452,178842684286995611,,,,1788432437425906,1788432437425906,1788432437428452,,,http_data_plane,,,,,2546
server,peer_replication_get_delta,completed,1788432437499336,178842684286995611,178842684286997609,54,,1788432437499094,1788432437499100,1788432437499336,,,"delta_len=125,sent_us=1788432437498555",,,,,236
server,client_mutation,completed,1788432437929765,178842684286995611,,,,1788432437926892,1788432437926892,1788432437929765,,,http_data_plane,,,,,2873
server,membership_directory_read,completed,1788432438135256,178842684286995611,,,,,1788432438065828,1788432438135256,,,poll:268 descriptors,,,,,69428
server,peer_replication_pull_request,sent,1788432438337347,178842684286995611,,,,,,,,,connected_peers=10,,,,,
server,peer_replication_merge_delta,completed,1788432438344247,178842684286995611,,54,,1788432438339232,1788432438344225,1788432438344247,,,"delta_len=20,sent_us=1788432438338401",,,,,22
server,client_mutation,completed,1788432438428274,178842684286995611,,,,1788432438425691,1788432438425691,1788432438428274,,,http_data_plane,,,,,2583
server,client_mutation,completed,1788432438927790,178842684286995611,,,,1788432438925574,1788432438925575,1788432438927790,,,http_data_plane,,,,,2215
server,peer_replication_pull_request,sent,1788432439337343,178842684286995611,,,,,,,,,connected_peers=10,,,,,
server,peer_replication_merge_delta,completed,1788432439412749,178842684286995611,,54,,1788432439405415,1788432439412711,1788432439412749,,,"delta_len=38,sent_us=1788432439393269",,,,,38
server,client_mutation,completed,1788432439429189,178842684286995611,,,,1788432439426369,1788432439426369,1788432439429189,,,http_data_plane,,,,,2820
server,client_mutation,completed,1788432439929758,178842684286995611,,,,1788432439925622,1788432439925623,1788432439929758,,,http_data_plane,,,,,4135
server,peer_replication_pull_request,sent,1788432440336881,178842684286995611,,,,,,,,,connected_peers=10,,,,,
server,peer_replication_merge_delta,completed,1788432440369964,178842684286995611,,54,,1788432440362009,1788432440369913,1788432440369964,,,"delta_len=63,sent_us=1788432440349915",,,,,51
server,client_mutation,completed,1788432440427783,178842684286995611,,,,1788432440425623,1788432440425623,1788432440427783,,,http_data_plane,,,,,2160
server,client_mutation,completed,1788432440929814,178842684286995611,,,,1788432440927624,1788432440927625,1788432440929814,,,http_data_plane,,,,,2189
server,peer_replication_pull_request,sent,1788432441337048,178842684286995611,,,,,,,,,connected_peers=10,,,,,
server,peer_replication_merge_delta,completed,1788432441345191,178842684286995611,,54,,1788432441339314,1788432441345164,1788432441345191,,,"delta_len=23,sent_us=1788432441338298",,,,,27
server,client_mutation,completed,1788432441427993,178842684286995611,,,,1788432441425701,1788432441425701,1788432441427993,,,http_data_plane,,,,,2292
server,peer_replication_get_delta,completed,1788432441780823,178842684286995611,178842684426433112,54,,1788432441780599,1788432441780608,1788432441780823,,,"delta_len=42,sent_us=1788432441768706",,,,,215
server,client_mutation,completed,1788432441927818,178842684286995611,,,,1788432441925614,1788432441925614,1788432441927818,,,http_data_plane,,,,,2204
server,peer_replication_pull_request,sent,1788432442336940,178842684286995611,,,,,,,,,connected_peers=10,,,,,
server,client_mutation,completed,1788432442428800,178842684286995611,,,,1788432442425643,1788432442425643,1788432442428800,,,http_data_plane,,,,,3157
server,client_mutation,completed,1788432442929176,178842684286995611,,,,1788432442926456,1788432442926456,1788432442929176,,,http_data_plane,,,,,2720
server,membership_directory_read,completed,1788432443119041,178842684286995611,,,,,1788432443065990,1788432443119041,,,poll:268 descriptors,,,,,53051
server,peer_replication_pull_request,sent,1788432443336620,178842684286995611,,,,,,,,,connected_peers=10,,,,,
server,peer_replication_merge_delta,completed,1788432443420428,178842684286995611,,54,,1788432443405742,1788432443420349,1788432443420428,,,"delta_len=114,sent_us=1788432443393430",,,,,79
server,client_mutation,completed,1788432443430101,178842684286995611,,,,1788432443425887,1788432443425887,1788432443430101,,,http_data_plane,,,,,4214
server,client_mutation,completed,1788432443927729,178842684286995611,,,,1788432443925530,1788432443925530,1788432443927729,,,http_data_plane,,,,,2199
server,peer_replication_pull_request,sent,1788432444337858,178842684286995611,,,,,,,,,connected_peers=10,,,,,
server,peer_replication_merge_delta,completed,1788432444344875,178842684286995611,,54,,1788432444339287,1788432444344838,1788432444344875,,,"delta_len=38,sent_us=1788432444338604",,,,,37
server,client_mutation,completed,1788432444428118,178842684286995611,,,,1788432444425840,1788432444425840,1788432444428118,,,http_data_plane,,,,,2278
server,peer_replication_get_delta,completed,1788432444780495,178842684286995611,178842684426433112,54,,1788432444780261,1788432444780267,1788432444780495,,,"delta_len=38,sent_us=1788432444768491",,,,,228
server,client_mutation,completed,1788432444929218,178842684286995611,,,,1788432444925603,1788432444925603,1788432444929218,,,http_data_plane,,,,,3615
server,peer_replication_pull_request,sent,1788432445337502,178842684286995611,,,,,,,,,connected_peers=10,,,,,
server,peer_replication_merge_delta,completed,1788432445409919,178842684286995611,,54,,1788432445405206,1788432445409895,1788432445409919,,,"delta_len=8,sent_us=1788432445393180",,,,,24
server,client_mutation,completed,1788432445427895,178842684286995611,,,,1788432445425601,1788432445425601,1788432445427895,,,http_data_plane,,,,,2294
server,client_mutation,completed,1788432445928158,178842684286995611,,,,1788432445925955,1788432445925955,1788432445928158,,,http_data_plane,,,,,2203
server,peer_replication_pull_request,sent,1788432446337271,178842684286995611,,,,,,,,,connected_peers=10,,,,,
server,client_mutation,completed,1788432446428067,178842684286995611,,,,1788432446425583,1788432446425583,1788432446428067,,,http_data_plane,,,,,2484
server,client_mutation,completed,1788432446928670,178842684286995611,,,,1788432446926450,1788432446926450,1788432446928670,,,http_data_plane,,,,,2220
server,peer_replication_pull_request,sent,1788432447337195,178842684286995611,,,,,,,,,connected_peers=10,,,,,
server,peer_replication_merge_delta,completed,1788432447353043,178842684286995611,,54,,1788432447340191,1788432447352968,1788432447353043,,,"delta_len=126,sent_us=1788432447338617",,,,,75
server,client_mutation,completed,1788432447427786,178842684286995611,,,,1788432447425629,1788432447425629,1788432447427786,,,http_data_plane,,,,,2157
server,client_mutation,completed,1788432447927994,178842684286995611,,,,1788432447925675,1788432447925675,1788432447927994,,,http_data_plane,,,,,2319
server,membership_directory_read,completed,1788432448125575,178842684286995611,,,,,1788432448066290,1788432448125575,,,poll:268 descriptors,,,,,59285
server,peer_replication_pull_request,sent,1788432448337388,178842684286995611,,,,,,,,,connected_peers=10,,,,,
server,peer_replication_merge_delta,completed,1788432448353608,178842684286995611,,54,,1788432448340843,1788432448353523,1788432448353608,,,"delta_len=123,sent_us=1788432448338404",,,,,85
server,client_mutation,completed,1788432448428202,178842684286995611,,,,1788432448425922,1788432448425922,1788432448428202,,,http_data_plane,,,,,2280
server,client_mutation,completed,1788432448928035,178842684286995611,,,,1788432448925559,1788432448925559,1788432448928035,,,http_data_plane,,,,,2476
server,peer_replication_pull_request,sent,1788432449337109,178842684286995611,,,,,,,,,connected_peers=10,,,,,
server,peer_replication_merge_delta,completed,1788432449362700,178842684286995611,,54,,1788432449357511,1788432449362678,1788432449362700,,,"delta_len=17,sent_us=1788432449351653",,,,,22
server,client_mutation,completed,1788432449428578,178842684286995611,,,,1788432449426182,1788432449426182,1788432449428578,,,http_data_plane,,,,,2396
server,peer_replication_get_delta,completed,1788432449873304,178842684286995611,178842684286996610,54,,1788432449872944,1788432449872951,1788432449873304,,,"delta_len=37,sent_us=1788432449871972",,,,,353
server,client_mutation,completed,1788432449929336,178842684286995611,,,,1788432449926760,1788432449926760,1788432449929336,,,http_data_plane,,,,,2576
server,peer_replication_pull_request,sent,1788432450336632,178842684286995611,,,,,,,,,connected_peers=10,,,,,
server,peer_replication_merge_delta,completed,1788432450404908,178842684286995611,,54,,1788432450398602,1788432450404879,1788432450404908,,,"delta_len=28,sent_us=1788432450393201",,,,,29
server,client_mutation,completed,1788432450428225,178842684286995611,,,,1788432450425773,1788432450425774,1788432450428225,,,http_data_plane,,,,,2451
server,client_mutation,completed,1788432450927849,178842684286995611,,,,1788432450925583,1788432450925583,1788432450927849,,,http_data_plane,,,,,2266
server,peer_replication_pull_request,sent,1788432451337015,178842684286995611,,,,,,,,,connected_peers=10,,,,,
server,peer_replication_merge_delta,completed,1788432451406059,178842684286995611,,54,,1788432451397098,1788432451405970,1788432451406059,,,"delta_len=53,sent_us=1788432451393209",,,,,89
server,client_mutation,completed,1788432451429125,178842684286995611,,,,1788432451426779,1788432451426779,1788432451429125,,,http_data_plane,,,,,2346
server,peer_replication_get_delta,completed,1788432451920055,178842684286995611,178842684286996610,54,,1788432451919767,1788432451919774,1788432451920055,,,"delta_len=46,sent_us=1788432451871784",,,,,281
server,client_mutation,completed,1788432451928045,178842684286995611,,,,1788432451926062,1788432451926062,1788432451928045,,,http_data_plane,,,,,1983
server,peer_replication_pull_request,sent,1788432452337063,178842684286995611,,,,,,,,,connected_peers=10,,,,,
server,peer_replication_merge_delta,completed,1788432452404257,178842684286995611,,54,,1788432452397085,1788432452404202,1788432452404257,,,"delta_len=38,sent_us=1788432452393258",,,,,55
server,client_mutation,completed,1788432452427758,178842684286995611,,,,1788432452425707,1788432452425707,1788432452427758,,,http_data_plane,,,,,2051
server,peer_replication_get_delta,completed,1788432452589177,178842684286995611,178842684114094212,54,,1788432452588953,1788432452588960,1788432452589177,,,"delta_len=52,sent_us=1788432452529727",,,,,217
server,client_mutation,completed,1788432452929917,178842684286995611,,,,1788432452927022,1788432452927022,1788432452929917,,,http_data_plane,,,,,2895
server,membership_directory_read,completed,1788432453127449,178842684286995611,,,,,1788432453065867,1788432453127449,,,poll:268 descriptors,,,,,61582
server,peer_replication_pull_request,sent,1788432453336720,178842684286995611,,,,,,,,,connected_peers=10,,,,,
server,peer_replication_merge_delta,completed,1788432453345089,178842684286995611,,54,,1788432453338237,1788432453345051,1788432453345089,,,"delta_len=44,sent_us=1788432453337569",,,,,38
server,client_mutation,completed,1788432453427801,178842684286995611,,,,1788432453425536,1788432453425536,1788432453427801,,,http_data_plane,,,,,2265
server,client_mutation,completed,1788432453928561,178842684286995611,,,,1788432453926060,1788432453926060,1788432453928561,,,http_data_plane,,,,,2501
server,peer_replication_pull_request,sent,1788432454336873,178842684286995611,,,,,,,,,connected_peers=10,,,,,
server,peer_replication_merge_delta,completed,1788432454412568,178842684286995611,,54,,1788432454405048,1788432454412482,1788432454412568,,,"delta_len=65,sent_us=1788432454393162",,,,,86
server,client_mutation,completed,1788432454427854,178842684286995611,,,,1788432454425643,1788432454425643,1788432454427854,,,http_data_plane,,,,,2211
server,client_mutation,completed,1788432454928973,178842684286995611,,,,1788432454926076,1788432454926077,1788432454928973,,,http_data_plane,,,,,2896
server,peer_replication_pull_request,sent,1788432455337832,178842684286995611,,,,,,,,,connected_peers=10,,,,,
server,peer_replication_merge_delta,completed,1788432455350199,178842684286995611,,54,,1788432455341382,1788432455350131,1788432455350199,,,"delta_len=86,sent_us=1788432455340212",,,,,68
server,client_mutation,completed,1788432455427881,178842684286995611,,,,1788432455425590,1788432455425590,1788432455427881,,,http_data_plane,,,,,2291
server,client_mutation,completed,1788432455928749,178842684286995611,,,,1788432455925838,1788432455925839,1788432455928749,,,http_data_plane,,,,,2910
server,peer_replication_pull_request,sent,1788432456336974,178842684286995611,,,,,,,,,connected_peers=10,,,,,
server,client_mutation,completed,1788432456428130,178842684286995611,,,,1788432456426078,1788432456426079,1788432456428130,,,http_data_plane,,,,,2051
server,peer_replication_get_delta,completed,1788432456499029,178842684286995611,178842684286997609,54,,1788432456498663,1788432456498670,1788432456499029,,,"delta_len=50,sent_us=1788432456497798",,,,,359
server,client_mutation,completed,1788432456927809,178842684286995611,,,,1788432456925704,1788432456925704,1788432456927809,,,http_data_plane,,,,,2105
server,peer_replication_pull_request,sent,1788432457338297,178842684286995611,,,,,,,,,connected_peers=10,,,,,
server,peer_replication_merge_delta,completed,1788432457348557,178842684286995611,,54,,1788432457340737,1788432457348516,1788432457348557,,,"delta_len=50,sent_us=1788432457339994",,,,,41
server,client_mutation,completed,1788432457428646,178842684286995611,,,,1788432457425873,1788432457425873,1788432457428646,,,http_data_plane,,,,,2773
server,client_mutation,completed,1788432457928112,178842684286995611,,,,1788432457925811,1788432457925811,1788432457928112,,,http_data_plane,,,,,2301
server,membership_directory_read,completed,1788432458129423,178842684286995611,,,,,1788432458065814,1788432458129423,,,poll:268 descriptors,,,,,63609
server,peer_replication_pull_request,sent,1788432458337087,178842684286995611,,,,,,,,,connected_peers=10,,,,,
server,peer_replication_merge_delta,completed,1788432458373666,178842684286995611,,54,,1788432458363041,1788432458373626,1788432458373666,,,"delta_len=52,sent_us=1788432458350247",,,,,40
server,client_mutation,completed,1788432458429452,178842684286995611,,,,1788432458425702,1788432458425702,1788432458429452,,,http_data_plane,,,,,3750
server,peer_replication_get_delta,completed,1788432458498958,178842684286995611,178842684286997609,54,,1788432458498664,1788432458498676,1788432458498958,,,"delta_len=45,sent_us=1788432458497814",,,,,282
server,client_mutation,completed,1788432458929168,178842684286995611,,,,1788432458926133,1788432458926133,1788432458929168,,,http_data_plane,,,,,3035
server,peer_replication_pull_request,sent,1788432459337741,178842684286995611,,,,,,,,,connected_peers=10,,,,,
server,client_mutation,completed,1788432459427934,178842684286995611,,,,1788432459425718,1788432459425718,1788432459427934,,,http_data_plane,,,,,2216
server,peer_replication_get_delta,completed,1788432459498677,178842684286995611,178842684286997609,54,,1788432459498485,1788432459498492,1788432459498677,,,"delta_len=2,sent_us=1788432459497872",,,,,185
server,client_mutation,completed,1788432459927977,178842684286995611,,,,1788432459925656,1788432459925656,1788432459927977,,,http_data_plane,,,,,2321
server,peer_replication_pull_request,sent,1788432460337343,178842684286995611,,,,,,,,,connected_peers=10,,,,,
server,peer_replication_merge_delta,completed,1788432460344443,178842684286995611,,54,,1788432460338973,1788432460344424,1788432460344443,,,"delta_len=14,sent_us=1788432460338271",,,,,19
server,client_mutation,completed,1788432460427860,178842684286995611,,,,1788432460425604,1788432460425604,1788432460427860,,,http_data_plane,,,,,2256
server,client_mutation,completed,1788432460927782,178842684286995611,,,,1788432460925588,1788432460925588,1788432460927782,,,http_data_plane,,,,,2194
server,peer_replication_pull_request,sent,1788432461336727,178842684286995611,,,,,,,,,connected_peers=10,,,,,
server,peer_replication_merge_delta,completed,1788432461352298,178842684286995611,,54,,1788432461341845,1788432461352234,1788432461352298,,,"delta_len=77,sent_us=1788432461340739",,,,,64
server,client_mutation,completed,1788432461427888,178842684286995611,,,,1788432461425592,1788432461425592,1788432461427888,,,http_data_plane,,,,,2296
server,client_mutation,completed,1788432461928052,178842684286995611,,,,1788432461925760,1788432461925761,1788432461928052,,,http_data_plane,,,,,2291
server,peer_replication_pull_request,sent,1788432462337216,178842684286995611,,,,,,,,,connected_peers=10,,,,,
server,peer_replication_merge_delta,completed,1788432462343573,178842684286995611,,54,,1788432462339288,1788432462343563,1788432462343573,,,"delta_len=2,sent_us=1788432462338129",,,,,10
server,client_mutation,completed,1788432462427917,178842684286995611,,,,1788432462425700,1788432462425700,1788432462427917,,,http_data_plane,,,,,2217
server,peer_replication_get_delta,completed,1788432462873925,178842684286995611,178842684286996610,54,,1788432462873605,1788432462873612,1788432462873925,,,"delta_len=8,sent_us=1788432462871732",,,,,313
server,client_mutation,completed,1788432462928232,178842684286995611,,,,1788432462925820,1788432462925821,1788432462928232,,,http_data_plane,,,,,2411
server,membership_directory_read,completed,1788432463131860,178842684286995611,,,,,1788432463066057,1788432463131860,,,poll:268 descriptors,,,,,65803
server,peer_replication_pull_request,sent,1788432463337403,178842684286995611,,,,,,,,,connected_peers=10,,,,,
server,client_mutation,completed,1788432463427788,178842684286995611,,,,1788432463425593,1788432463425593,1788432463427788,,,http_data_plane,,,,,2195
server,client_mutation,completed,1788432463928474,178842684286995611,,,,1788432463926239,1788432463926240,1788432463928474,,,http_data_plane,,,,,2234
server,peer_replication_pull_request,sent,1788432464336931,178842684286995611,,,,,,,,,connected_peers=10,,,,,
server,peer_replication_merge_delta,completed,1788432464377704,178842684286995611,,54,,1788432464361900,1788432464377584,1788432464377704,,,"delta_len=163,sent_us=1788432464349940",,,,,120
server,client_mutation,completed,1788432464427809,178842684286995611,,,,1788432464425650,1788432464425650,1788432464427809,,,http_data_plane,,,,,2159
server,client_mutation,completed,1788432464928390,178842684286995611,,,,1788432464925665,1788432464925665,1788432464928390,,,http_data_plane,,,,,2725
server,peer_replication_pull_request,sent,1788432465336808,178842684286995611,,,,,,,,,connected_peers=10,,,,,
server,peer_replication_merge_delta,completed,1788432465417621,178842684286995611,,54,,1788432465404867,1788432465417546,1788432465417621,,,"delta_len=102,sent_us=1788432465393037",,,,,75
server,client_mutation,completed,1788432465428079,178842684286995611,,,,1788432465425607,1788432465425607,1788432465428079,,,http_data_plane,,,,,2472
server,client_mutation,completed,1788432465927662,178842684286995611,,,,1788432465925553,1788432465925553,1788432465927662,,,http_data_plane,,,,,2109
server,peer_replication_pull_request,sent,1788432466336815,178842684286995611,,,,,,,,,connected_peers=10,,,,,
server,peer_replication_merge_delta,completed,1788432466362094,178842684286995611,,54,,1788432466357177,1788432466362058,1788432466362094,,,"delta_len=17,sent_us=1788432466351395",,,,,36
server,client_mutation,completed,1788432466428925,178842684286995611,,,,1788432466425864,1788432466425864,1788432466428925,,,http_data_plane,,,,,3061
server,client_mutation,completed,1788432466928229,178842684286995611,,,,1788432466925817,1788432466925817,1788432466928229,,,http_data_plane,,,,,2412
server,peer_replication_pull_request,sent,1788432467336861,178842684286995611,,,,,,,,,connected_peers=10,,,,,
server,peer_replication_merge_delta,completed,1788432467344536,178842684286995611,,54,,1788432467338307,1788432467344501,1788432467344536,,,"delta_len=38,sent_us=1788432467337657",,,,,35
server,client_mutation,completed,1788432467427684,178842684286995611,,,,1788432467425596,1788432467425597,1788432467427684,,,http_data_plane,,,,,2087
server,peer_replication_get_delta,completed,1788432467468645,178842684286995611,178842684286993612,54,,1788432467468421,1788432467468427,1788432467468645,,,"delta_len=46,sent_us=1788432467467693",,,,,218
server,client_mutation,completed,1788432467927785,178842684286995611,,,,1788432467925620,1788432467925621,1788432467927785,,,http_data_plane,,,,,2164
server,membership_directory_read,completed,1788432468125721,178842684286995611,,,,,1788432468065689,1788432468125721,,,poll:268 descriptors,,,,,60032
server,peer_replication_pull_request,sent,1788432468337196,178842684286995611,,,,,,,,,connected_peers=10,,,,,
server,client_mutation,completed,1788432468427900,178842684286995611,,,,1788432468425670,1788432468425670,1788432468427900,,,http_data_plane,,,,,2230
server,peer_replication_get_delta,completed,1788432468872679,178842684286995611,178842684286996610,54,,1788432468872479,1788432468872485,1788432468872679,,,"delta_len=2,sent_us=1788432468871846",,,,,194
server,client_mutation,completed,1788432468927883,178842684286995611,,,,1788432468925641,1788432468925641,1788432468927883,,,http_data_plane,,,,,2242
server,peer_replication_pull_request,sent,1788432469337366,178842684286995611,,,,,,,,,connected_peers=10,,,,,
server,peer_replication_merge_delta,completed,1788432469347121,178842684286995611,,54,,1788432469340348,1788432469347092,1788432469347121,,,"delta_len=30,sent_us=1788432469339305",,,,,29
server,client_mutation,completed,1788432469427831,178842684286995611,,,,1788432469425621,1788432469425621,1788432469427831,,,http_data_plane,,,,,2210
server,peer_replication_get_delta,completed,1788432469498961,178842684286995611,178842684286997609,54,,1788432469498710,1788432469498727,1788432469498961,,,"delta_len=8,sent_us=1788432469498133",,,,,234
server,peer_replication_get_delta,completed,1788432469872669,178842684286995611,178842684286996610,54,,1788432469872453,1788432469872461,1788432469872669,,,"delta_len=6,sent_us=1788432469871745",,,,,208
server,client_mutation,completed,1788432469927694,178842684286995611,,,,1788432469925565,1788432469925565,1788432469927694,,,http_data_plane,,,,,2129
server,peer_replication_pull_request,sent,1788432470336820,178842684286995611,,,,,,,,,connected_peers=10,,,,,
server,client_mutation,completed,1788432470427890,178842684286995611,,,,1788432470425619,1788432470425619,1788432470427890,,,http_data_plane,,,,,2271
server,client_mutation,completed,1788432470927674,178842684286995611,,,,1788432470925581,1788432470925581,1788432470927674,,,http_data_plane,,,,,2093
server,peer_replication_pull_request,sent,1788432471337067,178842684286995611,,,,,,,,,connected_peers=10,,,,,
server,peer_replication_merge_delta,completed,1788432471359823,178842684286995611,,54,,1788432471343953,1788432471359607,1788432471359823,,,"delta_len=148,sent_us=1788432471342601",,,,,216
server,client_mutation,completed,1788432471429024,178842684286995611,,,,1788432471426367,1788432471426367,1788432471429024,,,http_data_plane,,,,,2657
server,client_mutation,completed,1788432471928362,178842684286995611,,,,1788432471925813,1788432471925813,1788432471928362,,,http_data_plane,,,,,2549
server,peer_replication_pull_request,sent,1788432472337439,178842684286995611,,,,,,,,,connected_peers=10,,,,,
server,peer_replication_merge_delta,completed,1788432472344904,178842684286995611,,54,,1788432472338971,1788432472344859,1788432472344904,,,"delta_len=41,sent_us=1788432472338258",,,,,45
server,client_mutation,completed,1788432472427999,178842684286995611,,,,1788432472425554,1788432472425554,1788432472427999,,,http_data_plane,,,,,2445
server,client_mutation,completed,1788432472927834,178842684286995611,,,,1788432472925565,1788432472925565,1788432472927834,,,http_data_plane,,,,,2269
server,membership_directory_read,completed,1788432473130431,178842684286995611,,,,,1788432473065731,1788432473130431,,,poll:268 descriptors,,,,,64700
server,peer_replication_pull_request,sent,1788432473337140,178842684286995611,,,,,,,,,connected_peers=10,,,,,
server,peer_replication_merge_delta,completed,1788432473346447,178842684286995611,,54,,1788432473338745,1788432473346410,1788432473346447,,,"delta_len=46,sent_us=1788432473337923",,,,,37
server,client_mutation,completed,1788432473427732,178842684286995611,,,,1788432473425578,1788432473425578,1788432473427732,,,http_data_plane,,,,,2154
server,client_mutation,completed,1788432473927901,178842684286995611,,,,1788432473925663,1788432473925664,1788432473927901,,,http_data_plane,,,,,2237
server,peer_replication_pull_request,sent,1788432474337107,178842684286995611,,,,,,,,,connected_peers=10,,,,,
server,peer_replication_merge_delta,completed,1788432474348124,178842684286995611,,54,,1788432474341351,1788432474348070,1788432474348124,,,"delta_len=56,sent_us=1788432474339464",,,,,54
server,client_mutation,completed,1788432474428101,178842684286995611,,,,1788432474425810,1788432474425810,1788432474428101,,,http_data_plane,,,,,2291
server,client_mutation,completed,1788432474927709,178842684286995611,,,,1788432474925549,1788432474925549,1788432474927709,,,http_data_plane,,,,,2160
server,peer_replication_pull_request,sent,1788432475336925,178842684286995611,,,,,,,,,connected_peers=10,,,,,
server,peer_replication_merge_delta,completed,1788432475363757,178842684286995611,,54,,1788432475357279,1788432475363712,1788432475363757,,,"delta_len=50,sent_us=1788432475351452",,,,,45
server,client_mutation,completed,1788432475427937,178842684286995611,,,,1788432475425812,1788432475425812,1788432475427937,,,http_data_plane,,,,,2125
server,peer_replication_get_delta,completed,1788432475468602,178842684286995611,178842684286993612,54,,1788432475468395,1788432475468401,1788432475468602,,,"delta_len=72,sent_us=1788432475467754",,,,,201
server,client_mutation,completed,1788432475928075,178842684286995611,,,,1788432475925607,1788432475925608,1788432475928075,,,http_data_plane,,,,,2467
server,peer_replication_pull_request,sent,1788432476337063,178842684286995611,,,,,,,,,connected_peers=10,,,,,
server,peer_replication_merge_delta,completed,1788432476361316,178842684286995611,,54,,1788432476357324,1788432476361300,1788432476361316,,,"delta_len=10,sent_us=1788432476351547",,,,,16
server,client_mutation,completed,1788432476427782,178842684286995611,,,,1788432476425567,1788432476425567,1788432476427782,,,http_data_plane,,,,,2215
server,client_mutation,completed,1788432476927777,178842684286995611,,,,1788432476925641,1788432476925642,1788432476927777,,,http_data_plane,,,,,2135
server,peer_replication_pull_request,sent,1788432477336924,178842684286995611,,,,,,,,,connected_peers=10,,,,,
server,peer_replication_merge_delta,completed,1788432477344296,178842684286995611,,54,,1788432477338455,1788432477344244,1788432477344296,,,"delta_len=38,sent_us=1788432477337727",,,,,52
server,client_mutation,completed,1788432477427702,178842684286995611,,,,1788432477425590,1788432477425590,1788432477427702,,,http_data_plane,,,,,2112
server,peer_replication_get_delta,completed,1788432477494007,178842684286995611,178842684426432112,54,,1788432477493786,1788432477493792,1788432477494007,,,"delta_len=56,sent_us=1788432477482080",,,,,215
server,peer_replication_get_delta,completed,1788432477872988,178842684286995611,178842684286996610,54,,1788432477872779,1788432477872788,1788432477872988,,,"delta_len=26,sent_us=1788432477871752",,,,,200
server,client_mutation,completed,1788432477927736,178842684286995611,,,,1788432477925585,1788432477925585,1788432477927736,,,http_data_plane,,,,,2151
server,membership_directory_read,completed,1788432478135316,178842684286995611,,,,,1788432478066353,1788432478135316,,,poll:268 descriptors,,,,,68963
server,peer_replication_pull_request,sent,1788432478336874,178842684286995611,,,,,,,,,connected_peers=10,,,,,
server,client_mutation,completed,1788432478428580,178842684286995611,,,,1788432478426369,1788432478426369,1788432478428580,,,http_data_plane,,,,,2211
server,client_mutation,completed,1788432478927732,178842684286995611,,,,1788432478925564,1788432478925564,1788432478927732,,,http_data_plane,,,,,2168
server,peer_replication_pull_request,sent,1788432479337390,178842684286995611,,,,,,,,,connected_peers=10,,,,,
server,peer_replication_merge_delta,completed,1788432479377700,178842684286995611,,54,,1788432479367636,1788432479377621,1788432479377700,,,"delta_len=89,sent_us=1788432479351942",,,,,79
server,client_mutation,completed,1788432479428026,178842684286995611,,,,1788432479425801,1788432479425801,1788432479428026,,,http_data_plane,,,,,2225
server,client_mutation,completed,1788432479930595,178842684286995611,,,,1788432479928331,1788432479928331,1788432479930595,,,http_data_plane,,,,,2264
server,peer_replication_pull_request,sent,1788432480336780,178842684286995611,,,,,,,,,connected_peers=10,,,,,
server,peer_replication_merge_delta,completed,1788432480413699,178842684286995611,,54,,1788432480402360,1788432480413662,1788432480413699,,,"delta_len=39,sent_us=1788432480401098",,,,,37
server,client_mutation,completed,1788432480428986,178842684286995611,,,,1788432480426855,1788432480426855,1788432480428986,,,http_data_plane,,,,,2131
server,client_mutation,completed,1788432480938981,178842684286995611,,,,1788432480928002,1788432480928002,1788432480938981,,,http_data_plane,,,,,10979
server,peer_replication_pull_request,sent,1788432481337195,178842684286995611,,,,,,,,,connected_peers=10,,,,,
server,client_mutation,completed,1788432481428282,178842684286995611,,,,1788432481425665,1788432481425665,1788432481428282,,,http_data_plane,,,,,2617
server,client_mutation,completed,1788432481927949,178842684286995611,,,,1788432481925776,1788432481925776,1788432481927949,,,http_data_plane,,,,,2173
server,peer_replication_pull_request,sent,1788432482337133,178842684286995611,,,,,,,,,connected_peers=10,,,,,
server,peer_replication_merge_delta,completed,1788432482430297,178842684286995611,,54,,1788432482419284,1788432482430234,1788432482430297,,,"delta_len=57,sent_us=1788432482403077",,,,,63
server,client_mutation,completed,1788432482432439,178842684286995611,,,,1788432482429614,1788432482429614,1788432482432439,,,http_data_plane,,,,,2825
server,peer_replication_merge_delta,completed,1788432482909630,178842684286995611,,54,,1788432482899240,1788432482909613,1788432482909630,,,"delta_len=38,sent_us=1788432482894515",,,,,17
server,peer_replication_get_delta,completed,1788432482909913,178842684286995611,178842684286996610,54,,1788432482909700,1788432482909705,1788432482909913,,,"delta_len=40,sent_us=1788432482894772",,,,,208
server,client_mutation,completed,1788432482926867,178842684286995611,,,,1788432482925784,1788432482925785,1788432482926867,,,http_data_plane,,,,,1082
server,gc_init,start,1788432482997217,178842684286995611,,55,,,,,,,previous_gc_marker=54,,,,,
server,gc_membership_descriptor_write,completed,1788432483048650,178842684286995611,,55,,,,,,,"178842684286995611,35.179.101.242:19082,55",,,,,
server,membership_directory_read,completed,1788432483122168,178842684286995611,,55,,,1788432483048685,1788432483122168,,,gc_validation:272 descriptors,,,,,73483
server,gc_init,aborted,1788432483189510,178842684286995611,,55,,,,,,,membership_changed,,,,,
server,membership_directory_read,completed,1788432483379379,178842684286995611,,55,,,1788432483189546,1788432483379379,,,gc_abort_refresh:271 descriptors,,,,,189833
server,peer_replication_pull_request,sent,1788432483379462,178842684286995611,,,,,,,,,connected_peers=10,,,,,
server,client_mutation,completed,1788432483426916,178842684286995611,,,,1788432483425700,1788432483425700,1788432483426916,,,http_data_plane,,,,,1216
server,membership_directory_read,completed,1788432483467815,178842684286995611,,,,,1788432483379484,1788432483467815,,,poll:271 descriptors,,,,,88331
server,client_mutation,completed,1788432483959425,178842684286995611,,,,1788432483949645,1788432483949645,1788432483959425,,,http_data_plane,,,,,9780
server,client_mutation,completed,1788432484426814,178842684286995611,,,,1788432484425704,1788432484425704,1788432484426814,,,http_data_plane,,,,,1110
server,client_mutation,completed,1788432484927160,178842684286995611,,,,1788432484926234,1788432484926234,1788432484927160,,,http_data_plane,,,,,926
server,client_mutation,completed,1788432485427448,178842684286995611,,,,1788432485425999,1788432485425999,1788432485427448,,,http_data_plane,,,,,1449
server,peer_replication_get_delta,completed,1788432486094742,178842684286995611,178842684426434112,54,,1788432486094406,1788432486094409,1788432486094742,,,"delta_len=77,sent_us=1788432485123859",,,,,333
server,peer_replication_pull_request,sent,1788432486094779,178842684286995611,,,,,,,,,connected_peers=10,,,,,
server,client_mutation,completed,1788432485926659,178842684286995611,,,,1788432485925704,1788432485925704,1788432485926659,,,http_data_plane,,,,,955
server,gc_observed,start,1788432486094794,178842684286995611,,55,,,,,,,,,,,,
server,gc_observed,completed,1788432486945458,178842684286995611,,55,,,,,,,,,,,,
server,peer_replication_merge_delta,completed,1788432486954277,178842684286995611,,55,,1788432486094792,1788432486954241,1788432486954277,,,"delta_len=49,sent_us=1788432485367230",,,,,36
server,client_mutation,completed,1788432486947297,178842684286995611,,,,1788432486426242,1788432486426242,1788432486947297,,,http_data_plane,,,,,521055
server,client_mutation,completed,1788432486948254,178842684286995611,,,,1788432486926247,1788432486926247,1788432486948254,,,http_data_plane,,,,,22007
server,peer_replication_get_delta,completed,1788432486954593,178842684286995611,178842684286996610,55,,1788432486954380,1788432486954382,1788432486954593,,,"delta_len=20,sent_us=1788432485872597",,,,,211
server,peer_replication_get_delta,completed,1788432486954656,178842684286995611,178842684286997609,55,,1788432486954616,1788432486954619,1788432486954656,,,"delta_len=35,sent_us=1788432485920374",,,,,37
server,peer_replication_merge_delta,completed,1788432486978075,178842684286995611,,55,,1788432486954686,1788432486977787,1788432486978075,,,"delta_len=268,sent_us=1788432486107849",,,,,288
server,peer_replication_get_delta,completed,1788432486978314,178842684286995611,178842684114094212,55,,1788432486978123,1788432486978126,1788432486978314,,,"delta_len=31,sent_us=1788432486530494",,,,,188
server,peer_replication_pull_request,sent,1788432486978353,178842684286995611,,,,,,,,,connected_peers=10,,,,,
server,peer_replication_pull_request,sent,1788432486978361,178842684286995611,,,,,,,,,connected_peers=10,,,,,
server,peer_replication_merge_delta,completed,1788432486989253,178842684286995611,,55,,1788432486983333,1788432486989210,1788432486989253,,,"delta_len=46,sent_us=1788432486980691",,,,,43
server,peer_replication_merge_delta,completed,1788432487052015,178842684286995611,,55,,1788432487045365,1788432487051966,1788432487052015,,,"delta_len=79,sent_us=1788432487033451",,,,,49
server,peer_replication_pull_request,sent,1788432487336887,178842684286995611,,,,,,,,,connected_peers=10,,,,,
server,client_mutation,completed,1788432487426753,178842684286995611,,,,1788432487425607,1788432487425607,1788432487426753,,,http_data_plane,,,,,1146
server,client_mutation,completed,1788432487926677,178842684286995611,,,,1788432487925577,1788432487925577,1788432487926677,,,http_data_plane,,,,,1100
server,membership_directory_read,completed,1788432488131247,178842684286995611,,,,,1788432488066449,1788432488131247,,,poll:271 descriptors,,,,,64798
server,peer_replication_pull_request,sent,1788432488336891,178842684286995611,,,,,,,,,connected_peers=10,,,,,
server,peer_replication_merge_delta,completed,1788432488342245,178842684286995611,,55,,1788432488338569,1788432488342217,1788432488342245,,,"delta_len=25,sent_us=1788432488337714",,,,,28
server,client_mutation,completed,1788432488426620,178842684286995611,,,,1788432488425560,1788432488425560,1788432488426620,,,http_data_plane,,,,,1060
server,client_mutation,completed,1788432488926529,178842684286995611,,,,1788432488925570,1788432488925570,1788432488926529,,,http_data_plane,,,,,959
server,peer_replication_pull_request,sent,1788432489337508,178842684286995611,,,,,,,,,connected_peers=10,,,,,
server,peer_replication_merge_delta,completed,1788432489362826,178842684286995611,,55,,1788432489358097,1788432489362792,1788432489362826,,,"delta_len=36,sent_us=1788432489352255",,,,,34
server,client_mutation,completed,1788432489426448,178842684286995611,,,,1788432489425532,1788432489425532,1788432489426448,,,http_data_plane,,,,,916
server,client_mutation,completed,1788432489926980,178842684286995611,,,,1788432489925839,1788432489925839,1788432489926980,,,http_data_plane,,,,,1141
server,peer_replication_pull_request,sent,1788432490337038,178842684286995611,,,,,,,,,connected_peers=10,,,,,
server,client_mutation,completed,1788432490426548,178842684286995611,,,,1788432490425563,1788432490425563,1788432490426548,,,http_data_plane,,,,,985
server,client_mutation,completed,1788432490926516,178842684286995611,,,,1788432490925569,1788432490925569,1788432490926516,,,http_data_plane,,,,,947
server,peer_replication_pull_request,sent,1788432491336632,178842684286995611,,,,,,,,,connected_peers=10,,,,,
server,peer_replication_merge_delta,completed,1788432491344625,178842684286995611,,55,,1788432491339184,1788432491344577,1788432491344625,,,"delta_len=51,sent_us=1788432491337942",,,,,48
server,client_mutation,completed,1788432491426740,178842684286995611,,,,1788432491425600,1788432491425600,1788432491426740,,,http_data_plane,,,,,1140
server,peer_replication_get_delta,completed,1788432491873111,178842684286995611,178842684286996610,55,,1788432491872892,1788432491872897,1788432491873111,,,"delta_len=45,sent_us=1788432491871908",,,,,214
server,client_mutation,completed,1788432491926943,178842684286995611,,,,1788432491925608,1788432491925608,1788432491926943,,,http_data_plane,,,,,1335
server,peer_replication_pull_request,sent,1788432492337890,178842684286995611,,,,,,,,,connected_peers=10,,,,,
server,peer_replication_merge_delta,completed,1788432492408728,178842684286995611,,55,,1788432492404897,1788432492408703,1788432492408728,,,"delta_len=27,sent_us=1788432492393184",,,,,25
server,client_mutation,completed,1788432492426810,178842684286995611,,,,1788432492425610,1788432492425610,1788432492426810,,,http_data_plane,,,,,1200
server,client_mutation,completed,1788432492926559,178842684286995611,,,,1788432492925597,1788432492925597,1788432492926559,,,http_data_plane,,,,,962
server,membership_directory_read,completed,1788432493134565,178842684286995611,,,,,1788432493066272,1788432493134565,,,poll:271 descriptors,,,,,68293
server,peer_replication_pull_request,sent,1788432493337124,178842684286995611,,,,,,,,,connected_peers=10,,,,,
server,peer_replication_merge_delta,completed,1788432493367723,178842684286995611,,55,,1788432493362252,1788432493367675,1788432493367723,,,"delta_len=58,sent_us=1788432493350307",,,,,48
server,client_mutation,completed,1788432493426595,178842684286995611,,,,1788432493425558,1788432493425559,1788432493426595,,,http_data_plane,,,,,1036
server,client_mutation,completed,1788432493926596,178842684286995611,,,,1788432493925559,1788432493925559,1788432493926596,,,http_data_plane,,,,,1037
server,peer_replication_get_delta,completed,1788432494135935,178842684286995611,178842684426434112,55,,1788432494135730,1788432494135736,1788432494135935,,,"delta_len=41,sent_us=1788432494123930",,,,,199
server,peer_replication_pull_request,sent,1788432494337429,178842684286995611,,,,,,,,,connected_peers=10,,,,,
server,peer_replication_merge_delta,completed,1788432494341956,178842684286995611,,55,,1788432494339446,1788432494341943,1788432494341956,,,"delta_len=8,sent_us=1788432494338571",,,,,13
server,client_mutation,completed,1788432494426922,178842684286995611,,,,1788432494425598,1788432494425598,1788432494426922,,,http_data_plane,,,,,1324
server,peer_replication_get_delta,completed,1788432494498963,178842684286995611,178842684286997609,55,,1788432494498701,1788432494498707,1788432494498963,,,"delta_len=87,sent_us=1788432494497975",,,,,256
server,client_mutation,completed,1788432494926831,178842684286995611,,,,1788432494925556,1788432494925556,1788432494926831,,,http_data_plane,,,,,1275
server,peer_replication_pull_request,sent,1788432495336913,178842684286995611,,,,,,,,,connected_peers=10,,,,,
server,peer_replication_merge_delta,completed,1788432495366455,178842684286995611,,55,,1788432495361742,1788432495366427,1788432495366455,,,"delta_len=25,sent_us=1788432495349895",,,,,28
server,client_mutation,completed,1788432495427194,178842684286995611,,,,1788432495425674,1788432495425675,1788432495427194,,,http_data_plane,,,,,1519
server,peer_replication_get_delta,completed,1788432495468810,178842684286995611,178842684286993612,55,,1788432495468588,1788432495468596,1788432495468810,,,"delta_len=72,sent_us=1788432495467784",,,,,214
server,client_mutation,completed,1788432495926561,178842684286995611,,,,1788432495925621,1788432495925622,1788432495926561,,,http_data_plane,,,,,939
server,peer_replication_pull_request,sent,1788432496336849,178842684286995611,,,,,,,,,connected_peers=10,,,,,
server,client_mutation,completed,1788432496426687,178842684286995611,,,,1788432496425584,1788432496425584,1788432496426687,,,http_data_plane,,,,,1103
server,client_mutation,completed,1788432496926853,178842684286995611,,,,1788432496925563,1788432496925563,1788432496926853,,,http_data_plane,,,,,1290
server,peer_replication_pull_request,sent,1788432497336850,178842684286995611,,,,,,,,,connected_peers=10,,,,,
server,peer_replication_merge_delta,completed,1788432497372601,178842684286995611,,55,,1788432497366953,1788432497372534,1788432497372601,,,"delta_len=61,sent_us=1788432497351385",,,,,67
server,client_mutation,completed,1788432497426586,178842684286995611,,,,1788432497425551,1788432497425551,1788432497426586,,,http_data_plane,,,,,1035
server,peer_replication_get_delta,completed,1788432497499601,178842684286995611,178842684286997609,55,,1788432497499323,1788432497499330,1788432497499601,,,"delta_len=25,sent_us=1788432497498633",,,,,271
server,peer_replication_get_delta,completed,1788432497545329,178842684286995611,178842684114094212,55,,1788432497545130,1788432497545136,1788432497545329,,,"delta_len=13,sent_us=1788432497529676",,,,,193
server,peer_replication_get_delta,completed,1788432497780972,178842684286995611,178842684426433112,55,,1788432497780770,1788432497780776,1788432497780972,,,"delta_len=24,sent_us=1788432497768995",,,,,196
server,peer_replication_get_delta,completed,1788432497873399,178842684286995611,178842684286996610,55,,1788432497873188,1788432497873193,1788432497873399,,,"delta_len=54,sent_us=1788432497872509",,,,,206
server,client_mutation,completed,1788432497926684,178842684286995611,,,,1788432497925567,1788432497925568,1788432497926684,,,http_data_plane,,,,,1116
server,membership_directory_read,completed,1788432498135910,178842684286995611,,,,,1788432498066584,1788432498135910,,,poll:271 descriptors,,,,,69326
server,peer_replication_pull_request,sent,1788432498337411,178842684286995611,,,,,,,,,connected_peers=10,,,,,
server,peer_replication_merge_delta,completed,1788432498369931,178842684286995611,,55,,1788432498367471,1788432498369924,1788432498369931,,,"delta_len=2,sent_us=1788432498351925",,,,,7
server,client_mutation,completed,1788432498426566,178842684286995611,,,,1788432498425525,1788432498425525,1788432498426566,,,http_data_plane,,,,,1041
server,peer_replication_get_delta,completed,1788432498493761,178842684286995611,178842684426432112,55,,1788432498493545,1788432498493552,1788432498493761,,,"delta_len=29,sent_us=1788432498481767",,,,,209
server,peer_replication_get_delta,completed,1788432498499639,178842684286995611,178842684286997609,55,,1788432498499382,1788432498499388,1788432498499639,,,"delta_len=4,sent_us=1788432498498785",,,,,251
server,client_mutation,completed,1788432498926845,178842684286995611,,,,1788432498925906,1788432498925906,1788432498926845,,,http_data_plane,,,,,939
server,peer_replication_pull_request,sent,1788432499337287,178842684286995611,,,,,,,,,connected_peers=10,,,,,
server,peer_replication_merge_delta,completed,1788432499355789,178842684286995611,,55,,1788432499339587,1788432499355492,1788432499355789,,,"delta_len=229,sent_us=1788432499338197",,,,,297
server,client_mutation,completed,1788432499426720,178842684286995611,,,,1788432499425586,1788432499425586,1788432499426720,,,http_data_plane,,,,,1134
server,peer_replication_get_delta,completed,1788432499467619,178842684286995611,178842684286993612,55,,1788432499467342,1788432499467348,1788432499467619,,,"delta_len=58,sent_us=1788432499466783",,,,,271
server,client_mutation,completed,1788432499926557,178842684286995611,,,,1788432499925599,1788432499925599,1788432499926557,,,http_data_plane,,,,,958
server,peer_replication_pull_request,sent,1788432500337491,178842684286995611,,,,,,,,,connected_peers=10,,,,,
server,peer_replication_merge_delta,completed,1788432500342228,178842684286995611,,55,,1788432500339186,1788432500342211,1788432500342228,,,"delta_len=12,sent_us=1788432500338393",,,,,17
server,client_mutation,completed,1788432500426701,178842684286995611,,,,1788432500425639,1788432500425639,1788432500426701,,,http_data_plane,,,,,1062
server,peer_replication_get_delta,completed,1788432500468429,178842684286995611,178842684286993612,55,,1788432500468226,1788432500468232,1788432500468429,,,"delta_len=12,sent_us=1788432500467549",,,,,197
server,client_mutation,completed,1788432500926786,178842684286995611,,,,1788432500925610,1788432500925611,1788432500926786,,,http_data_plane,,,,,1175
server,peer_replication_get_delta,completed,1788432501136625,178842684286995611,178842684426434112,55,,1788432501136365,1788432501136371,1788432501136625,,,"delta_len=174,sent_us=1788432501124568",,,,,254
server,peer_replication_pull_request,sent,1788432501337122,178842684286995611,,,,,,,,,connected_peers=10,,,,,
server,peer_replication_merge_delta,completed,1788432501373013,178842684286995611,,55,,1788432501362143,1788432501372916,1788432501373013,,,"delta_len=144,sent_us=1788432501350063",,,,,97
server,client_mutation,completed,1788432501426550,178842684286995611,,,,1788432501425569,1788432501425569,1788432501426550,,,http_data_plane,,,,,981
server,peer_replication_get_delta,completed,1788432501545389,178842684286995611,178842684114094212,55,,1788432501545163,1788432501545170,1788432501545389,,,"delta_len=83,sent_us=1788432501529520",,,,,219
server,client_mutation,completed,1788432501926729,178842684286995611,,,,1788432501925576,1788432501925577,1788432501926729,,,http_data_plane,,,,,1152
server,peer_replication_get_delta,completed,1788432502136470,178842684286995611,178842684426434112,55,,1788432502136242,1788432502136250,1788432502136470,,,"delta_len=67,sent_us=1788432502124240",,,,,220
server,peer_replication_pull_request,sent,1788432502336972,178842684286995611,,,,,,,,,connected_peers=10,,,,,
server,peer_replication_merge_delta,completed,1788432502360271,178842684286995611,,55,,1788432502357260,1788432502360253,1788432502360271,,,"delta_len=15,sent_us=1788432502351472",,,,,18
server,client_mutation,completed,1788432502426814,178842684286995611,,,,1788432502425599,1788432502425599,1788432502426814,,,http_data_plane,,,,,1215
server,client_mutation,completed,1788432502926618,178842684286995611,,,,1788432502925551,1788432502925552,1788432502926618,,,http_data_plane,,,,,1066
server,membership_directory_read,completed,1788432503127342,178842684286995611,,,,,1788432503066323,1788432503127342,,,poll:271 descriptors,,,,,61019
server,peer_replication_pull_request,sent,1788432503336959,178842684286995611,,,,,,,,,connected_peers=10,,,,,
server,peer_replication_merge_delta,completed,1788432503343664,178842684286995611,,55,,1788432503338867,1788432503343637,1788432503343664,,,"delta_len=30,sent_us=1788432503338078",,,,,27
server,client_mutation,completed,1788432503426666,178842684286995611,,,,1788432503425619,1788432503425619,1788432503426666,,,http_data_plane,,,,,1047
server,client_mutation,completed,1788432503926598,178842684286995611,,,,1788432503925598,1788432503925598,1788432503926598,,,http_data_plane,,,,,1000
server,peer_replication_pull_request,sent,1788432504336629,178842684286995611,,,,,,,,,connected_peers=10,,,,,
server,peer_replication_merge_delta,completed,1788432504358378,178842684286995611,,55,,1788432504353919,1788432504358339,1788432504358378,,,"delta_len=43,sent_us=1788432504350075",,,,,39
server,client_mutation,completed,1788432504426864,178842684286995611,,,,1788432504425615,1788432504425615,1788432504426864,,,http_data_plane,,,,,1249
server,client_mutation,completed,1788432504926610,178842684286995611,,,,1788432504925579,1788432504925579,1788432504926610,,,http_data_plane,,,,,1031
server,peer_replication_pull_request,sent,1788432505336680,178842684286995611,,,,,,,,,connected_peers=10,,,,,
server,peer_replication_merge_delta,completed,1788432505358869,178842684286995611,,55,,1788432505353643,1788432505358830,1788432505358869,,,"delta_len=54,sent_us=1788432505349615",,,,,39
server,client_mutation,completed,1788432505426660,178842684286995611,,,,1788432505425554,1788432505425554,1788432505426660,,,http_data_plane,,,,,1106
server,peer_replication_get_delta,completed,1788432505589109,178842684286995611,178842684114094212,55,,1788432505588874,1788432505588881,1788432505589109,,,"delta_len=49,sent_us=1788432505529921",,,,,228
server,client_mutation,completed,1788432505926569,178842684286995611,,,,1788432505925569,1788432505925569,1788432505926569,,,http_data_plane,,,,,1000
server,peer_replication_pull_request,sent,1788432506336586,178842684286995611,,,,,,,,,connected_peers=10,,,,,
server,peer_replication_merge_delta,completed,1788432506342367,178842684286995611,,55,,1788432506338068,1788432506342323,1788432506342367,,,"delta_len=38,sent_us=1788432506337390",,,,,44
server,client_mutation,completed,1788432506426827,178842684286995611,,,,1788432506425534,1788432506425534,1788432506426827,,,http_data_plane,,,,,1293
server,peer_replication_get_delta,completed,1788432506872663,178842684286995611,178842684286996610,55,,1788432506872420,1788432506872426,1788432506872663,,,"delta_len=53,sent_us=1788432506871760",,,,,237
server,client_mutation,completed,1788432506927678,178842684286995611,,,,1788432506925774,1788432506925775,1788432506927678,,,http_data_plane,,,,,1903
server,peer_replication_pull_request,sent,1788432507337104,178842684286995611,,,,,,,,,connected_peers=10,,,,,
server,peer_replication_merge_delta,completed,1788432507359069,178842684286995611,,55,,1788432507353810,1788432507359033,1788432507359069,,,"delta_len=57,sent_us=1788432507349965",,,,,36
server,client_mutation,completed,1788432507426639,178842684286995611,,,,1788432507425582,1788432507425583,1788432507426639,,,http_data_plane,,,,,1056
server,peer_replication_get_delta,completed,1788432507499599,178842684286995611,178842684286997609,55,,1788432507499270,1788432507499277,1788432507499599,,,"delta_len=76,sent_us=1788432507498519",,,,,322
server,client_mutation,completed,1788432507926601,178842684286995611,,,,1788432507925549,1788432507925549,1788432507926601,,,http_data_plane,,,,,1052
server,membership_directory_read,completed,1788432508123067,178842684286995611,,,,,1788432508066149,1788432508123067,,,poll:271 descriptors,,,,,56918
server,peer_replication_pull_request,sent,1788432508337542,178842684286995611,,,,,,,,,connected_peers=10,,,,,
server,peer_replication_merge_delta,completed,1788432508341672,178842684286995611,,55,,1788432508339004,1788432508341661,1788432508341672,,,"delta_len=4,sent_us=1788432508338270",,,,,11
server,client_mutation,completed,1788432508426623,178842684286995611,,,,1788432508425592,1788432508425593,1788432508426623,,,http_data_plane,,,,,1030
server,peer_replication_get_delta,completed,1788432508780764,178842684286995611,178842684426433112,55,,1788432508780554,1788432508780561,1788432508780764,,,"delta_len=62,sent_us=1788432508768843",,,,,203
server,client_mutation,completed,1788432508926589,178842684286995611,,,,1788432508925549,1788432508925549,1788432508926589,,,http_data_plane,,,,,1040
server,peer_replication_pull_request,sent,1788432509336615,178842684286995611,,,,,,,,,connected_peers=10,,,,,
server,peer_replication_merge_delta,completed,1788432509342339,178842684286995611,,55,,1788432509338334,1788432509342313,1788432509342339,,,"delta_len=30,sent_us=1788432509337506",,,,,26
server,client_mutation,completed,1788432509426716,178842684286995611,,,,1788432509425549,1788432509425549,1788432509426716,,,http_data_plane,,,,,1167
server,client_mutation,completed,1788432509927270,178842684286995611,,,,1788432509925648,1788432509925648,1788432509927270,,,http_data_plane,,,,,1622
server,peer_replication_pull_request,sent,1788432510336594,178842684286995611,,,,,,,,,connected_peers=10,,,,,
server,peer_replication_merge_delta,completed,1788432510374737,178842684286995611,,55,,1788432510366712,1788432510374682,1788432510374737,,,"delta_len=73,sent_us=1788432510351018",,,,,55
server,client_mutation,completed,1788432510427667,178842684286995611,,,,1788432510425588,1788432510425588,1788432510427667,,,http_data_plane,,,,,2079
server,peer_replication_get_delta,completed,1788432510498847,178842684286995611,178842684286997609,55,,1788432510498639,1788432510498645,1788432510498847,,,"delta_len=22,sent_us=1788432510497813",,,,,202
server,client_mutation,completed,1788432510927733,178842684286995611,,,,1788432510925621,1788432510925621,1788432510927733,,,http_data_plane,,,,,2112
server,peer_replication_pull_request,sent,1788432511336807,178842684286995611,,,,,,,,,connected_peers=10,,,,,
server,client_mutation,completed,1788432511427664,178842684286995611,,,,1788432511425554,1788432511425554,1788432511427664,,,http_data_plane,,,,,2110
server,peer_replication_get_delta,completed,1788432511589086,178842684286995611,178842684114094212,55,,1788432511588854,1788432511588862,1788432511589086,,,"delta_len=12,sent_us=1788432511529516",,,,,224
server,client_mutation,completed,1788432511927677,178842684286995611,,,,1788432511925543,1788432511925543,1788432511927677,,,http_data_plane,,,,,2134
server,peer_replication_pull_request,sent,1788432512336713,178842684286995611,,,,,,,,,connected_peers=10,,,,,
server,client_mutation,completed,1788432512428074,178842684286995611,,,,1788432512425638,1788432512425639,1788432512428074,,,http_data_plane,,,,,2435
server,client_mutation,completed,1788432512927701,178842684286995611,,,,1788432512925552,1788432512925552,1788432512927701,,,http_data_plane,,,,,2149
server,membership_directory_read,completed,1788432513128888,178842684286995611,,,,,1788432513066495,1788432513128888,,,poll:271 descriptors,,,,,62393
server,peer_replication_pull_request,sent,1788432513336645,178842684286995611,,,,,,,,,connected_peers=10,,,,,
server,peer_replication_merge_delta,completed,1788432513347771,178842684286995611,,55,,1788432513338279,1788432513347693,1788432513347771,,,"delta_len=109,sent_us=1788432513337489",,,,,78
server,client_mutation,completed,1788432513427683,178842684286995611,,,,1788432513425560,1788432513425560,1788432513427683,,,http_data_plane,,,,,2123
server,client_mutation,completed,1788432513927704,178842684286995611,,,,1788432513925571,1788432513925571,1788432513927704,,,http_data_plane,,,,,2133
server,peer_replication_pull_request,sent,1788432514336852,178842684286995611,,,,,,,,,connected_peers=10,,,,,
server,peer_replication_merge_delta,completed,1788432514375155,178842684286995611,,55,,1788432514361865,1788432514375059,1788432514375155,,,"delta_len=172,sent_us=1788432514349832",,,,,96
server,client_mutation,completed,1788432514427743,178842684286995611,,,,1788432514425566,1788432514425566,1788432514427743,,,http_data_plane,,,,,2177
server,client_mutation,completed,1788432514927441,178842684286995611,,,,1788432514925530,1788432514925530,1788432514927441,,,http_data_plane,,,,,1911
server,peer_replication_pull_request,sent,1788432515336607,178842684286995611,,,,,,,,,connected_peers=10,,,,,
server,peer_replication_merge_delta,completed,1788432515342544,178842684286995611,,55,,1788432515338697,1788432515342524,1788432515342544,,,"delta_len=12,sent_us=1788432515337818",,,,,20
server,client_mutation,completed,1788432515427629,178842684286995611,,,,1788432515425573,1788432515425573,1788432515427629,,,http_data_plane,,,,,2056
server,peer_replication_get_delta,completed,1788432515499781,178842684286995611,178842684286997609,55,,1788432515499473,1788432515499480,1788432515499781,,,"delta_len=56,sent_us=1788432515498769",,,,,301
server,client_mutation,completed,1788432515927811,178842684286995611,,,,1788432515925665,1788432515925665,1788432515927811,,,http_data_plane,,,,,2146
server,peer_replication_pull_request,sent,1788432516336979,178842684286995611,,,,,,,,,connected_peers=10,,,,,
server,peer_replication_merge_delta,completed,1788432516360327,178842684286995611,,55,,1788432516353756,1788432516360298,1788432516360327,,,"delta_len=26,sent_us=1788432516349952",,,,,29
server,client_mutation,completed,1788432516427721,178842684286995611,,,,1788432516425570,1788432516425570,1788432516427721,,,http_data_plane,,,,,2151
server,client_mutation,completed,1788432516928051,178842684286995611,,,,1788432516925624,1788432516925625,1788432516928051,,,http_data_plane,,,,,2426
server,peer_replication_pull_request,sent,1788432517337148,178842684286995611,,,,,,,,,connected_peers=10,,,,,
server,peer_replication_merge_delta,completed,1788432517344703,178842684286995611,,55,,1788432517338801,1788432517344665,1788432517344703,,,"delta_len=38,sent_us=1788432517338029",,,,,38
server,client_mutation,completed,1788432517427940,178842684286995611,,,,1788432517425569,1788432517425569,1788432517427940,,,http_data_plane,,,,,2371
server,peer_replication_get_delta,completed,1788432517499752,178842684286995611,178842684286997609,55,,1788432517499325,1788432517499332,1788432517499752,,,"delta_len=53,sent_us=1788432517498135",,,,,420
server,client_mutation,completed,1788432517927788,178842684286995611,,,,1788432517925593,1788432517925593,1788432517927788,,,http_data_plane,,,,,2195
server,membership_directory_read,completed,1788432518132023,178842684286995611,,,,,1788432518065518,1788432518132023,,,poll:271 descriptors,,,,,66505
server,peer_replication_pull_request,sent,1788432518337116,178842684286995611,,,,,,,,,connected_peers=10,,,,,
server,peer_replication_merge_delta,completed,1788432518343702,178842684286995611,,55,,1788432518338798,1788432518343673,1788432518343702,,,"delta_len=29,sent_us=1788432518338037",,,,,29
server,client_mutation,completed,1788432518427678,178842684286995611,,,,1788432518425532,1788432518425533,1788432518427678,,,http_data_plane,,,,,2145
server,client_mutation,completed,1788432518927737,178842684286995611,,,,1788432518925550,1788432518925551,1788432518927737,,,http_data_plane,,,,,2186
server,peer_replication_pull_request,sent,1788432519336718,178842684286995611,,,,,,,,,connected_peers=10,,,,,
server,peer_replication_merge_delta,completed,1788432519372619,178842684286995611,,55,,1788432519361783,1788432519372543,1788432519372619,,,"delta_len=122,sent_us=1788432519349687",,,,,76
server,client_mutation,completed,1788432519427657,178842684286995611,,,,1788432519425563,1788432519425563,1788432519427657,,,http_data_plane,,,,,2094
server,client_mutation,completed,1788432519927681,178842684286995611,,,,1788432519925564,1788432519925564,1788432519927681,,,http_data_plane,,,,,2117
server,peer_replication_pull_request,sent,1788432520336734,178842684286995611,,,,,,,,,connected_peers=10,,,,,
server,client_mutation,completed,1788432520427751,178842684286995611,,,,1788432520425567,1788432520425567,1788432520427751,,,http_data_plane,,,,,2184
server,peer_replication_get_delta,completed,1788432520872834,178842684286995611,178842684286996610,55,,1788432520872635,1788432520872641,1788432520872834,,,"delta_len=7,sent_us=1788432520871980",,,,,193
server,client_mutation,completed,1788432520927698,178842684286995611,,,,1788432520925554,1788432520925554,1788432520927698,,,http_data_plane,,,,,2144
server,peer_replication_pull_request,sent,1788432521336871,178842684286995611,,,,,,,,,connected_peers=10,,,,,
server,peer_replication_merge_delta,completed,1788432521371769,178842684286995611,,55,,1788432521362033,1788432521371698,1788432521371769,,,"delta_len=96,sent_us=1788432521349901",,,,,71
server,client_mutation,completed,1788432521427808,178842684286995611,,,,1788432521425542,1788432521425542,1788432521427808,,,http_data_plane,,,,,2266
server,client_mutation,completed,1788432521927698,178842684286995611,,,,1788432521925572,1788432521925572,1788432521927698,,,http_data_plane,,,,,2126
server,peer_replication_pull_request,sent,1788432522337542,178842684286995611,,,,,,,,,connected_peers=10,,,,,
server,peer_replication_merge_delta,completed,1788432522352980,178842684286995611,,55,,1788432522340053,1788432522352935,1788432522352980,,,"delta_len=59,sent_us=1788432522338584",,,,,45
server,client_mutation,completed,1788432522428412,178842684286995611,,,,1788432522426215,1788432522426215,1788432522428412,,,http_data_plane,,,,,2197
server,client_mutation,completed,1788432522929145,178842684286995611,,,,1788432522926415,1788432522926415,1788432522929145,,,http_data_plane,,,,,2730
server,membership_directory_read,completed,1788432523126244,178842684286995611,,,,,1788432523067002,1788432523126244,,,poll:271 descriptors,,,,,59242
server,peer_replication_pull_request,sent,1788432523337292,178842684286995611,,,,,,,,,connected_peers=10,,,,,
server,peer_replication_merge_delta,completed,1788432523364352,178842684286995611,,55,,1788432523357750,1788432523364322,1788432523364352,,,"delta_len=30,sent_us=1788432523351807",,,,,30
server,client_mutation,completed,1788432523427757,178842684286995611,,,,1788432523425562,1788432523425562,1788432523427757,,,http_data_plane,,,,,2195
server,client_mutation,completed,1788432523927724,178842684286995611,,,,1788432523925582,1788432523925583,1788432523927724,,,http_data_plane,,,,,2141
server,peer_replication_pull_request,sent,1788432524337726,178842684286995611,,,,,,,,,connected_peers=10,,,,,
server,peer_replication_merge_delta,completed,1788432524360984,178842684286995611,,55,,1788432524354902,1788432524360945,1788432524360984,,,"delta_len=45,sent_us=1788432524351025",,,,,39
server,client_mutation,completed,1788432524428551,178842684286995611,,,,1788432524426277,1788432524426277,1788432524428551,,,http_data_plane,,,,,2274
server,peer_replication_get_delta,completed,1788432524493335,178842684286995611,178842684426432112,55,,1788432524493085,1788432524493096,1788432524493335,,,"delta_len=61,sent_us=1788432524481446",,,,,239
server,peer_replication_get_delta,completed,1788432524873685,178842684286995611,178842684286996610,55,,1788432524873479,1788432524873485,1788432524873685,,,"delta_len=46,sent_us=1788432524872430",,,,,200
server,client_mutation,completed,1788432524927705,178842684286995611,,,,1788432524925597,1788432524925597,1788432524927705,,,http_data_plane,,,,,2108
server,peer_replication_pull_request,sent,1788432525336795,178842684286995611,,,,,,,,,connected_peers=10,,,,,
server,client_mutation,completed,1788432525427787,178842684286995611,,,,1788432525425549,1788432525425549,1788432525427787,,,http_data_plane,,,,,2238
server,client_mutation,completed,1788432525927742,178842684286995611,,,,1788432525925544,1788432525925544,1788432525927742,,,http_data_plane,,,,,2198
server,peer_replication_pull_request,sent,1788432526336780,178842684286995611,,,,,,,,,connected_peers=10,,,,,
server,peer_replication_merge_delta,completed,1788432526373398,178842684286995611,,55,,1788432526361852,1788432526373307,1788432526373398,,,"delta_len=125,sent_us=1788432526349786",,,,,91
server,client_mutation,completed,1788432526428352,178842684286995611,,,,1788432526426044,1788432526426044,1788432526428352,,,http_data_plane,,,,,2308
server,client_mutation,completed,1788432526927784,178842684286995611,,,,1788432526925584,1788432526925584,1788432526927784,,,http_data_plane,,,,,2200
server,peer_replication_get_delta,completed,1788432527143955,178842684286995611,178842684286994612,55,,1788432527143703,1788432527143710,1788432527143955,,,"delta_len=91,sent_us=1788432527142778",,,,,245
server,peer_replication_pull_request,sent,1788432527337413,178842684286995611,,,,,,,,,connected_peers=10,,,,,
server,peer_replication_merge_delta,completed,1788432527358038,178842684286995611,,55,,1788432527354110,1788432527358025,1788432527358038,,,"delta_len=10,sent_us=1788432527350359",,,,,13
server,client_mutation,completed,1788432527427800,178842684286995611,,,,1788432527425578,1788432527425578,1788432527427800,,,http_data_plane,,,,,2222
server,client_mutation,completed,1788432527927747,178842684286995611,,,,1788432527925619,1788432527925619,1788432527927747,,,http_data_plane,,,,,2128
server,membership_directory_read,completed,1788432528131414,178842684286995611,,,,,1788432528065546,1788432528131414,,,poll:271 descriptors,,,,,65868
server,peer_replication_pull_request,sent,1788432528337139,178842684286995611,,,,,,,,,connected_peers=10,,,,,
server,peer_replication_merge_delta,completed,1788432528346711,178842684286995611,,55,,1788432528340894,1788432528346694,1788432528346711,,,"delta_len=15,sent_us=1788432528338384",,,,,17
server,client_mutation,completed,1788432528427921,178842684286995611,,,,1788432528425610,1788432528425610,1788432528427921,,,http_data_plane,,,,,2311
server,client_mutation,completed,1788432528927772,178842684286995611,,,,1788432528925567,1788432528925567,1788432528927772,,,http_data_plane,,,,,2205
server,peer_replication_pull_request,sent,1788432529336854,178842684286995611,,,,,,,,,connected_peers=10,,,,,
server,peer_replication_merge_delta,completed,1788432529348384,178842684286995611,,55,,1788432529339952,1788432529348340,1788432529348384,,,"delta_len=42,sent_us=1788432529338152",,,,,44
server,client_mutation,completed,1788432529427899,178842684286995611,,,,1788432529425614,1788432529425614,1788432529427899,,,http_data_plane,,,,,2285
server,client_mutation,completed,1788432529927676,178842684286995611,,,,1788432529925556,1788432529925556,1788432529927676,,,http_data_plane,,,,,2120
server,peer_replication_pull_request,sent,1788432530336707,178842684286995611,,,,,,,,,connected_peers=10,,,,,
server,client_mutation,completed,1788432530427842,178842684286995611,,,,1788432530425606,1788432530425606,1788432530427842,,,http_data_plane,,,,,2236
server,client_mutation,completed,1788432530928497,178842684286995611,,,,1788432530925942,1788432530925942,1788432530928497,,,http_data_plane,,,,,2555
server,peer_replication_pull_request,sent,1788432531336701,178842684286995611,,,,,,,,,connected_peers=10,,,,,
server,peer_replication_merge_delta,completed,1788432531371698,178842684286995611,,55,,1788432531362012,1788432531371624,1788432531371698,,,"delta_len=79,sent_us=1788432531349743",,,,,74
server,client_mutation,completed,1788432531427729,178842684286995611,,,,1788432531425626,1788432531425626,1788432531427729,,,http_data_plane,,,,,2103
server,peer_replication_get_delta,completed,1788432531589726,178842684286995611,178842684114094212,55,,1788432531589516,1788432531589522,1788432531589726,,,"delta_len=12,sent_us=1788432531529412",,,,,204
server,client_mutation,completed,1788432531927903,178842684286995611,,,,1788432531925653,1788432531925653,1788432531927903,,,http_data_plane,,,,,2250
server,peer_replication_pull_request,sent,1788432532337154,178842684286995611,,,,,,,,,connected_peers=10,,,,,
server,peer_replication_merge_delta,completed,1788432532343986,178842684286995611,,55,,1788432532338510,1788432532343961,1788432532343986,,,"delta_len=31,sent_us=1788432532337866",,,,,25
server,client_mutation,completed,1788432532427866,178842684286995611,,,,1788432532425605,1788432532425605,1788432532427866,,,http_data_plane,,,,,2261
server,client_mutation,completed,1788432532928145,178842684286995611,,,,1788432532926020,1788432532926020,1788432532928145,,,http_data_plane,,,,,2125
server,membership_directory_read,completed,1788432533122915,178842684286995611,,,,,1788432533066625,1788432533122915,,,poll:271 descriptors,,,,,56290
server,peer_replication_get_delta,completed,1788432533143250,178842684286995611,178842684286994612,55,,1788432533143029,1788432533143037,1788432533143250,,,"delta_len=29,sent_us=1788432533142353",,,,,213
server,peer_replication_pull_request,sent,1788432533336709,178842684286995611,,,,,,,,,connected_peers=10,,,,,
server,peer_replication_merge_delta,completed,1788432533351140,178842684286995611,,55,,1788432533339037,1788432533351045,1788432533351140,,,"delta_len=146,sent_us=1788432533337688",,,,,95
server,client_mutation,completed,1788432533427884,178842684286995611,,,,1788432533425576,1788432533425576,1788432533427884,,,http_data_plane,,,,,2308
server,client_mutation,completed,1788432533933286,178842684286995611,,,,1788432533930438,1788432533930438,1788432533933286,,,http_data_plane,,,,,2848
server,peer_replication_pull_request,sent,1788432534336761,178842684286995611,,,,,,,,,connected_peers=10,,,,,
server,peer_replication_merge_delta,completed,1788432534344039,178842684286995611,,55,,1788432534338556,1788432534344011,1788432534344039,,,"delta_len=38,sent_us=1788432534337673",,,,,28
server,client_mutation,completed,1788432534427758,178842684286995611,,,,1788432534425596,1788432534425597,1788432534427758,,,http_data_plane,,,,,2161
server,client_mutation,completed,1788432534927643,178842684286995611,,,,1788432534925522,1788432534925522,1788432534927643,,,http_data_plane,,,,,2121
server,peer_replication_pull_request,sent,1788432535336645,178842684286995611,,,,,,,,,connected_peers=10,,,,,
server,client_mutation,completed,1788432535427583,178842684286995611,,,,1788432535425553,1788432535425553,1788432535427583,,,http_data_plane,,,,,2030
server,peer_replication_get_delta,completed,1788432535468403,178842684286995611,178842684286993612,55,,1788432535468201,1788432535468206,1788432535468403,,,"delta_len=22,sent_us=1788432535467639",,,,,197
server,client_mutation,completed,1788432535927901,178842684286995611,,,,1788432535925603,1788432535925603,1788432535927901,,,http_data_plane,,,,,2298
server,peer_replication_pull_request,sent,1788432536337227,178842684286995611,,,,,,,,,connected_peers=10,,,,,
server,peer_replication_merge_delta,completed,1788432536359650,178842684286995611,,55,,1788432536354127,1788432536359612,1788432536359650,,,"delta_len=35,sent_us=1788432536350324",,,,,38
server,client_mutation,completed,1788432536427702,178842684286995611,,,,1788432536425675,1788432536425675,1788432536427702,,,http_data_plane,,,,,2027
server,client_mutation,completed,1788432536927801,178842684286995611,,,,1788432536925667,1788432536925667,1788432536927801,,,http_data_plane,,,,,2134
server,peer_replication_pull_request,sent,1788432537336692,178842684286995611,,,,,,,,,connected_peers=10,,,,,
server,peer_replication_merge_delta,completed,1788432537358920,178842684286995611,,55,,1788432537353414,1788432537358857,1788432537358920,,,"delta_len=38,sent_us=1788432537349604",,,,,63
server,client_mutation,completed,1788432537427678,178842684286995611,,,,1788432537425583,1788432537425583,1788432537427678,,,http_data_plane,,,,,2095
server,peer_replication_get_delta,completed,1788432537499652,178842684286995611,178842684286997609,55,,1788432537499398,1788432537499404,1788432537499652,,,"delta_len=13,sent_us=1788432537498506",,,,,248
server,client_mutation,completed,1788432537927721,178842684286995611,,,,1788432537925669,1788432537925669,1788432537927721,,,http_data_plane,,,,,2052
server,membership_directory_read,completed,1788432538136853,178842684286995611,,,,,1788432538066406,1788432538136853,,,poll:271 descriptors,,,,,70447
server,peer_replication_pull_request,sent,1788432538337381,178842684286995611,,,,,,,,,connected_peers=10,,,,,
server,peer_replication_merge_delta,completed,1788432538364564,178842684286995611,,55,,1788432538358104,1788432538364509,1788432538364564,,,"delta_len=58,sent_us=1788432538352176",,,,,55
server,client_mutation,completed,1788432538427668,178842684286995611,,,,1788432538425576,1788432538425576,1788432538427668,,,http_data_plane,,,,,2092
server,client_mutation,completed,1788432538927808,178842684286995611,,,,1788432538925542,1788432538925542,1788432538927808,,,http_data_plane,,,,,2266
server,peer_replication_pull_request,sent,1788432539336884,178842684286995611,,,,,,,,,connected_peers=10,,,,,
server,client_mutation,completed,1788432539428352,178842684286995611,,,,1788432539425580,1788432539425581,1788432539428352,,,http_data_plane,,,,,2771
server,client_mutation,completed,1788432539927926,178842684286995611,,,,1788432539925581,1788432539925581,1788432539927926,,,http_data_plane,,,,,2345
server,peer_replication_pull_request,sent,1788432540337886,178842684286995611,,,,,,,,,connected_peers=10,,,,,
server,peer_replication_merge_delta,completed,1788432540347301,178842684286995611,,55,,1788432540339430,1788432540347246,1788432540347301,,,"delta_len=77,sent_us=1788432540338649",,,,,55
server,client_mutation,completed,1788432540427788,178842684286995611,,,,1788432540425534,1788432540425534,1788432540427788,,,http_data_plane,,,,,2254
server,client_mutation,completed,1788432540927770,178842684286995611,,,,1788432540925557,1788432540925557,1788432540927770,,,http_data_plane,,,,,2213
server,peer_replication_get_delta,completed,1788432541143085,178842684286995611,178842684286994612,55,,1788432541142865,1788432541142872,1788432541143085,,,"delta_len=19,sent_us=1788432541142173",,,,,213
server,peer_replication_pull_request,sent,1788432541336575,178842684286995611,,,,,,,,,connected_peers=10,,,,,
server,peer_replication_merge_delta,completed,1788432541373979,178842684286995611,,55,,1788432541361590,1788432541373878,1788432541373979,,,"delta_len=149,sent_us=1788432541349656",,,,,101
server,client_mutation,completed,1788432541428184,178842684286995611,,,,1788432541425666,1788432541425666,1788432541428184,,,http_data_plane,,,,,2518
server,peer_replication_connection,established,1788432541696014,178842684286995611,178842683849155813,,,,,,,,,,,,,
server,client_mutation,completed,1788432541927869,178842684286995611,,,,1788432541925521,1788432541925521,1788432541927869,,,http_data_plane,,,,,2348
server,peer_replication_get_delta,completed,1788432542136372,178842684286995611,178842684426434112,55,,1788432542136152,1788432542136158,1788432542136372,,,"delta_len=42,sent_us=1788432542124448",,,,,214
server,peer_replication_pull_request,sent,1788432542336843,178842684286995611,,,,,,,,,connected_peers=11,,,,,
server,client_mutation,completed,1788432542427837,178842684286995611,,,,1788432542425598,1788432542425598,1788432542427837,,,http_data_plane,,,,,2239
server,client_mutation,completed,1788432542928860,178842684286995611,,,,1788432542926148,1788432542926148,1788432542928860,,,http_data_plane,,,,,2712
server,membership_directory_read,completed,1788432543128099,178842684286995611,,,,,1788432543065631,1788432543128099,,,poll:274 descriptors,,,,,62468
server,peer_replication_pull_request,sent,1788432543337449,178842684286995611,,,,,,,,,connected_peers=11,,,,,
server,peer_replication_merge_delta,completed,1788432543344715,178842684286995611,,55,,1788432543338983,1788432543344664,1788432543344715,,,"delta_len=33,sent_us=1788432543338280",,,,,51
server,client_mutation,completed,1788432543427862,178842684286995611,,,,1788432543425584,1788432543425584,1788432543427862,,,http_data_plane,,,,,2278
server,peer_replication_get_delta,completed,1788432543499262,178842684286995611,178842684286997609,55,,1788432543499048,1788432543499054,1788432543499262,,,"delta_len=44,sent_us=1788432543498164",,,,,208
server,client_mutation,completed,1788432543927896,178842684286995611,,,,1788432543925699,1788432543925699,1788432543927896,,,http_data_plane,,,,,2197
server,peer_replication_pull_request,sent,1788432544337138,178842684286995611,,,,,,,,,connected_peers=11,,,,,
server,client_mutation,completed,1788432544427809,178842684286995611,,,,1788432544425548,1788432544425548,1788432544427809,,,http_data_plane,,,,,2261
server,client_mutation,completed,1788432544927987,178842684286995611,,,,1788432544925609,1788432544925609,1788432544927987,,,http_data_plane,,,,,2378
server,peer_replication_pull_request,sent,1788432545337098,178842684286995611,,,,,,,,,connected_peers=11,,,,,
server,peer_replication_merge_delta,completed,1788432545364283,178842684286995611,,55,,1788432545357474,1788432545364205,1788432545364283,,,"delta_len=63,sent_us=1788432545351571",,,,,78
server,client_mutation,completed,1788432545427724,178842684286995611,,,,1788432545425562,1788432545425562,1788432545427724,,,http_data_plane,,,,,2162
server,peer_replication_connection,established,1788432545467948,178842684286995611,178842683849156813,,,,,,,,,,,,,
server,peer_replication_get_delta,completed,1788432545497676,178842684286995611,178842683849156813,55,,1788432545497099,1788432545497105,1788432545497676,,,"delta_len=3374,sent_us=1788432545455701",,,,,571
server,peer_replication_get_delta,completed,1788432545499653,178842684286995611,178842684286997609,55,,1788432545499374,1788432545499380,1788432545499653,,,"delta_len=55,sent_us=1788432545498407",,,,,273
server,client_mutation,completed,1788432545927983,178842684286995611,,,,1788432545925586,1788432545925586,1788432545927983,,,http_data_plane,,,,,2397
server,peer_replication_pull_request,sent,1788432546337224,178842684286995611,,,,,,,,,connected_peers=12,,,,,
server,peer_replication_merge_delta,completed,1788432546348571,178842684286995611,,55,,1788432546338591,1788432546348476,1788432546348571,,,"delta_len=103,sent_us=1788432546337915",,,,,95
server,client_mutation,completed,1788432546427734,178842684286995611,,,,1788432546425576,1788432546425577,1788432546427734,,,http_data_plane,,,,,2157
server,peer_replication_get_delta,completed,1788432546780819,178842684286995611,178842684426433112,55,,1788432546780558,1788432546780564,1788432546780819,,,"delta_len=33,sent_us=1788432546768788",,,,,255
server,client_mutation,completed,1788432546927687,178842684286995611,,,,1788432546925536,1788432546925536,1788432546927687,,,http_data_plane,,,,,2151
server,peer_replication_pull_request,sent,1788432547336836,178842684286995611,,,,,,,,,connected_peers=12,,,,,
server,peer_replication_merge_delta,completed,1788432547342094,178842684286995611,,55,,1788432547338168,1788432547342070,1788432547342094,,,"delta_len=11,sent_us=1788432547337559",,,,,24
server,client_mutation,completed,1788432547427697,178842684286995611,,,,1788432547425562,1788432547425562,1788432547427697,,,http_data_plane,,,,,2135
server,peer_replication_get_delta,completed,1788432547545834,178842684286995611,178842684114094212,55,,1788432547545613,1788432547545620,1788432547545834,,,"delta_len=39,sent_us=1788432547529930",,,,,214
server,client_mutation,completed,1788432547927746,178842684286995611,,,,1788432547925604,1788432547925605,1788432547927746,,,http_data_plane,,,,,2141
server,membership_directory_read,completed,1788432548133966,178842684286995611,,,,,1788432548066478,1788432548133966,,,poll:275 descriptors,,,,,67488
server,peer_replication_pull_request,sent,1788432548337052,178842684286995611,,,,,,,,,connected_peers=12,,,,,
server,peer_replication_merge_delta,completed,1788432548362682,178842684286995611,,55,,1788432548357373,1788432548362649,1788432548362682,,,"delta_len=29,sent_us=1788432548351557",,,,,33
server,client_mutation,completed,1788432548427672,178842684286995611,,,,1788432548425581,1788432548425581,1788432548427672,,,http_data_plane,,,,,2091
server,peer_replication_connection,established,1788432548713894,178842684286995611,178842683849157813,,,,,,,,,,,,,
server,peer_replication_get_delta,completed,1788432548872889,178842684286995611,178842684286996610,55,,1788432548872676,1788432548872682,1788432548872889,,,"delta_len=30,sent_us=1788432548871700",,,,,207
server,client_mutation,completed,1788432548927784,178842684286995611,,,,1788432548925555,1788432548925555,1788432548927784,,,http_data_plane,,,,,2229
server,peer_replication_pull_request,sent,1788432549336830,178842684286995611,,,,,,,,,connected_peers=13,,,,,
server,peer_replication_merge_delta,completed,1788432549374988,178842684286995611,,55,,1788432549366962,1788432549374940,1788432549374988,,,"delta_len=76,sent_us=1788432549351296",,,,,48
server,client_mutation,completed,1788432549427786,178842684286995611,,,,1788432549425594,1788432549425594,1788432549427786,,,http_data_plane,,,,,2192
server,peer_replication_get_delta,completed,1788432549780125,178842684286995611,178842684426433112,55,,1788432549779907,1788432549779914,1788432549780125,,,"delta_len=63,sent_us=1788432549768106",,,,,211
server,peer_replication_get_delta,completed,1788432549873584,178842684286995611,178842684286996610,55,,1788432549873355,1788432549873363,1788432549873584,,,"delta_len=38,sent_us=1788432549872650",,,,,221
server,client_mutation,completed,1788432549927696,178842684286995611,,,,1788432549925573,1788432549925573,1788432549927696,,,http_data_plane,,,,,2123
server,peer_replication_pull_request,sent,1788432550336946,178842684286995611,,,,,,,,,connected_peers=13,,,,,
server,peer_replication_merge_delta,completed,1788432550432387,178842684286995611,,55,,1788432550424125,1788432550432274,1788432550432387,,,"delta_len=78,sent_us=1788432550381867",,,,,113
server,client_mutation,completed,1788432550434570,178842684286995611,,,,1788432550425835,1788432550425835,1788432550434570,,,http_data_plane,,,,,8735
server,client_mutation,completed,1788432550927743,178842684286995611,,,,1788432550925541,1788432550925541,1788432550927743,,,http_data_plane,,,,,2202
server,peer_replication_pull_request,sent,1788432551336825,178842684286995611,,,,,,,,,connected_peers=13,,,,,
server,peer_replication_merge_delta,completed,1788432551401553,178842684286995611,,55,,1788432551397856,1788432551401535,1788432551401553,,,"delta_len=9,sent_us=1788432551384479",,,,,18
server,client_mutation,completed,1788432551427646,178842684286995611,,,,1788432551425610,1788432551425610,1788432551427646,,,http_data_plane,,,,,2036
server,client_mutation,completed,1788432551927758,178842684286995611,,,,1788432551925685,1788432551925685,1788432551927758,,,http_data_plane,,,,,2073
server,peer_replication_pull_request,sent,1788432552337440,178842684286995611,,,,,,,,,connected_peers=13,,,,,
server,peer_replication_merge_delta,completed,1788432552361332,178842684286995611,,55,,1788432552354662,1788432552361282,1788432552361332,,,"delta_len=59,sent_us=1788432552350843",,,,,50
server,client_mutation,completed,1788432552427968,178842684286995611,,,,1788432552425791,1788432552425791,1788432552427968,,,http_data_plane,,,,,2177
server,client_mutation,completed,1788432552927735,178842684286995611,,,,1788432552925568,1788432552925568,1788432552927735,,,http_data_plane,,,,,2167
server,membership_directory_read,completed,1788432553128681,178842684286995611,,,,,1788432553065965,1788432553128681,,,poll:276 descriptors,,,,,62716
server,peer_replication_pull_request,sent,1788432553337161,178842684286995611,,,,,,,,,connected_peers=13,,,,,
server,peer_replication_merge_delta,completed,1788432553402147,178842684286995611,,55,,1788432553395837,1788432553402103,1788432553402147,,,"delta_len=47,sent_us=1788432553382307",,,,,44
server,client_mutation,completed,1788432553427590,178842684286995611,,,,1788432553425596,1788432553425597,1788432553427590,,,http_data_plane,,,,,1993
server,client_mutation,completed,1788432553927732,178842684286995611,,,,1788432553925596,1788432553925596,1788432553927732,,,http_data_plane,,,,,2136
server,peer_replication_pull_request,sent,1788432554337066,178842684286995611,,,,,,,,,connected_peers=13,,,,,
server,peer_replication_merge_delta,completed,1788432554347785,178842684286995611,,55,,1788432554339705,1788432554347680,1788432554347785,,,"delta_len=62,sent_us=1788432554338298",,,,,105
server,client_mutation,completed,1788432554427961,178842684286995611,,,,1788432554425621,1788432554425621,1788432554427961,,,http_data_plane,,,,,2340
server,peer_replication_get_delta,completed,1788432554500199,178842684286995611,178842684286997609,55,,1788432554499953,1788432554499961,1788432554500199,,,"delta_len=63,sent_us=1788432554498606",,,,,238
server,client_mutation,completed,1788432554928463,178842684286995611,,,,1788432554925725,1788432554925725,1788432554928463,,,http_data_plane,,,,,2738
server,peer_replication_pull_request,sent,1788432555336690,178842684286995611,,,,,,,,,connected_peers=13,,,,,
server,client_mutation,completed,1788432555427712,178842684286995611,,,,1788432555425765,1788432555425765,1788432555427712,,,http_data_plane,,,,,1947
server,client_mutation,completed,1788432555927741,178842684286995611,,,,1788432555925572,1788432555925572,1788432555927741,,,http_data_plane,,,,,2169
server,peer_replication_pull_request,sent,1788432556337726,178842684286995611,,,,,,,,,connected_peers=13,,,,,
server,peer_replication_merge_delta,completed,1788432556363743,178842684286995611,,55,,1788432556358206,1788432556363694,1788432556363743,,,"delta_len=35,sent_us=1788432556352337",,,,,49
server,client_mutation,completed,1788432556427783,178842684286995611,,,,1788432556425622,1788432556425622,1788432556427783,,,http_data_plane,,,,,2161
server,client_mutation,completed,1788432556927861,178842684286995611,,,,1788432556925575,1788432556925575,1788432556927861,,,http_data_plane,,,,,2286
server,peer_replication_pull_request,sent,1788432557336929,178842684286995611,,,,,,,,,connected_peers=13,,,,,
server,client_mutation,completed,1788432557427721,178842684286995611,,,,1788432557425561,1788432557425561,1788432557427721,,,http_data_plane,,,,,2160
server,peer_replication_get_delta,completed,1788432557781114,178842684286995611,178842684426433112,55,,1788432557780796,1788432557780803,1788432557781114,,,"delta_len=25,sent_us=1788432557768985",,,,,311
server,client_mutation,completed,1788432557927880,178842684286995611,,,,1788432557925631,1788432557925631,1788432557927880,,,http_data_plane,,,,,2249
server,membership_directory_read,completed,1788432558130875,178842684286995611,,,,,1788432558065564,1788432558130875,,,poll:276 descriptors,,,,,65311
server,peer_replication_pull_request,sent,1788432558337471,178842684286995611,,,,,,,,,connected_peers=13,,,,,
server,peer_replication_merge_delta,completed,1788432558373041,178842684286995611,,55,,1788432558362313,1788432558372950,1788432558373041,,,"delta_len=136,sent_us=1788432558350394",,,,,91
server,client_mutation,completed,1788432558427842,178842684286995611,,,,1788432558425582,1788432558425582,1788432558427842,,,http_data_plane,,,,,2260
server,client_mutation,completed,1788432558931493,178842684286995611,,,,1788432558925609,1788432558925609,1788432558931493,,,http_data_plane,,,,,5884
server,peer_replication_pull_request,sent,1788432559336731,178842684286995611,,,,,,,,,connected_peers=13,,,,,
server,client_mutation,completed,1788432559427495,178842684286995611,,,,1788432559425626,1788432559425626,1788432559427495,,,http_data_plane,,,,,1869
server,peer_replication_get_delta,completed,1788432559493677,178842684286995611,178842684426432112,55,,1788432559493453,1788432559493460,1788432559493677,,,"delta_len=23,sent_us=1788432559481806",,,,,217
server,peer_replication_get_delta,completed,1788432559742150,178842684286995611,178842683849157813,55,,1788432559741936,1788432559741943,1788432559742150,,,"delta_len=13,sent_us=1788432559701260",,,,,207
server,client_mutation,completed,1788432559928682,178842684286995611,,,,1788432559926296,1788432559926296,1788432559928682,,,http_data_plane,,,,,2386
server,peer_replication_pull_request,sent,1788432560336828,178842684286995611,,,,,,,,,connected_peers=13,,,,,
server,client_mutation,completed,1788432560427822,178842684286995611,,,,1788432560425573,1788432560425573,1788432560427822,,,http_data_plane,,,,,2249
server,peer_replication_get_delta,completed,1788432560499100,178842684286995611,178842684286997609,55,,1788432560498847,1788432560498853,1788432560499100,,,"delta_len=6,sent_us=1788432560498064",,,,,247
server,peer_replication_get_delta,completed,1788432560546026,178842684286995611,178842684114094212,55,,1788432560545767,1788432560545774,1788432560546026,,,"delta_len=14,sent_us=1788432560530296",,,,,252
server,client_mutation,completed,1788432560927781,178842684286995611,,,,1788432560925602,1788432560925602,1788432560927781,,,http_data_plane,,,,,2179
server,peer_replication_pull_request,sent,1788432561336998,178842684286995611,,,,,,,,,connected_peers=13,,,,,
server,peer_replication_merge_delta,completed,1788432561372660,178842684286995611,,55,,1788432561362071,1788432561372571,1788432561372660,,,"delta_len=120,sent_us=1788432561350065",,,,,89
server,client_mutation,completed,1788432561427726,178842684286995611,,,,1788432561425549,1788432561425549,1788432561427726,,,http_data_plane,,,,,2177
server,client_mutation,completed,1788432561927976,178842684286995611,,,,1788432561925709,1788432561925709,1788432561927976,,,http_data_plane,,,,,2267
server,peer_replication_pull_request,sent,1788432562337097,178842684286995611,,,,,,,,,connected_peers=13,,,,,
server,peer_replication_merge_delta,completed,1788432562365253,178842684286995611,,55,,1788432562357525,1788432562365190,1788432562365253,,,"delta_len=61,sent_us=1788432562351694",,,,,63
server,client_mutation,completed,1788432562428180,178842684286995611,,,,1788432562425550,1788432562425550,1788432562428180,,,http_data_plane,,,,,2630
server,client_mutation,completed,1788432562928074,178842684286995611,,,,1788432562925582,1788432562925582,1788432562928074,,,http_data_plane,,,,,2492
server,membership_directory_read,completed,1788432563127304,178842684286995611,,,,,1788432563065933,1788432563127304,,,poll:276 descriptors,,,,,61371
server,peer_replication_pull_request,sent,1788432563336879,178842684286995611,,,,,,,,,connected_peers=13,,,,,
server,peer_replication_merge_delta,completed,1788432563360968,178842684286995611,,55,,1788432563353799,1788432563360929,1788432563360968,,,"delta_len=47,sent_us=1788432563349925",,,,,39
server,client_mutation,completed,1788432563431160,178842684286995611,,,,1788432563428163,1788432563428163,1788432563431160,,,http_data_plane,,,,,2997
server,peer_replication_get_delta,completed,1788432563738144,178842684286995611,178842683849155813,55,,1788432563737916,1788432563737924,1788432563738144,,,"delta_len=108,sent_us=1788432563654820",,,,,220
server,client_mutation,completed,1788432563927834,178842684286995611,,,,1788432563925678,1788432563925678,1788432563927834,,,http_data_plane,,,,,2156
server,peer_replication_get_delta,completed,1788432564143866,178842684286995611,178842684286994612,55,,1788432564143632,1788432564143641,1788432564143866,,,"delta_len=46,sent_us=1788432564142534",,,,,225
server,peer_replication_pull_request,sent,1788432564337269,178842684286995611,,,,,,,,,connected_peers=13,,,,,
server,peer_replication_merge_delta,completed,1788432564346570,178842684286995611,,55,,1788432564339737,1788432564346511,1788432564346570,,,"delta_len=56,sent_us=1788432564338568",,,,,59
server,client_mutation,completed,1788432564429144,178842684286995611,,,,1788432564426024,1788432564426024,1788432564429144,,,http_data_plane,,,,,3120
server,client_mutation,completed,1788432564928276,178842684286995611,,,,1788432564926034,1788432564926034,1788432564928276,,,http_data_plane,,,,,2242
server,peer_replication_pull_request,sent,1788432565336747,178842684286995611,,,,,,,,,connected_peers=13,,,,,
server,peer_replication_merge_delta,completed,1788432565348474,178842684286995611,,55,,1788432565343102,1788432565348436,1788432565348474,,,"delta_len=20,sent_us=1788432565341745",,,,,38
server,client_mutation,completed,1788432565428125,178842684286995611,,,,1788432565425801,1788432565425801,1788432565428125,,,http_data_plane,,,,,2324
server,client_mutation,completed,1788432565928355,178842684286995611,,,,1788432565926138,1788432565926138,1788432565928355,,,http_data_plane,,,,,2217
server,peer_replication_pull_request,sent,1788432566337491,178842684286995611,,,,,,,,,connected_peers=13,,,,,
server,peer_replication_merge_delta,completed,1788432566400501,178842684286995611,,55,,1788432566394071,1788432566400451,1788432566400501,,,"delta_len=52,sent_us=1788432566380537",,,,,50
server,client_mutation,completed,1788432566427626,178842684286995611,,,,1788432566425536,1788432566425536,1788432566427626,,,http_data_plane,,,,,2090
server,client_mutation,completed,1788432566928873,178842684286995611,,,,1788432566926487,1788432566926488,1788432566928873,,,http_data_plane,,,,,2385
server,peer_replication_pull_request,sent,1788432567337227,178842684286995611,,,,,,,,,connected_peers=13,,,,,
server,peer_replication_merge_delta,completed,1788432567363145,178842684286995611,,55,,1788432567357518,1788432567363110,1788432567363145,,,"delta_len=40,sent_us=1788432567351701",,,,,35
server,client_mutation,completed,1788432567427693,178842684286995611,,,,1788432567425568,1788432567425568,1788432567427693,,,http_data_plane,,,,,2125
server,client_mutation,completed,1788432567927655,178842684286995611,,,,1788432567925614,1788432567925614,1788432567927655,,,http_data_plane,,,,,2041
server,membership_directory_read,completed,1788432568125623,178842684286995611,,,,,1788432568066487,1788432568125623,,,poll:276 descriptors,,,,,59136
server,peer_replication_pull_request,sent,1788432568337239,178842684286995611,,,,,,,,,connected_peers=13,,,,,
server,peer_replication_merge_delta,completed,1788432568364053,178842684286995611,,55,,1788432568357576,1788432568364007,1788432568364053,,,"delta_len=59,sent_us=1788432568351725",,,,,46
server,client_mutation,completed,1788432568427723,178842684286995611,,,,1788432568425579,1788432568425579,1788432568427723,,,http_data_plane,,,,,2144
server,client_mutation,completed,1788432568928181,178842684286995611,,,,1788432568925983,1788432568925983,1788432568928181,,,http_data_plane,,,,,2198
server,peer_replication_get_delta,completed,1788432569144269,178842684286995611,178842684286994612,55,,1788432569143995,1788432569144003,1788432569144269,,,"delta_len=69,sent_us=1788432569142754",,,,,266
server,peer_replication_pull_request,sent,1788432569336857,178842684286995611,,,,,,,,,connected_peers=13,,,,,
server,peer_replication_merge_delta,completed,1788432569345657,178842684286995611,,55,,1788432569339086,1788432569345612,1788432569345657,,,"delta_len=51,sent_us=1788432569338064",,,,,45
server,client_mutation,completed,1788432569428097,178842684286995611,,,,1788432569425561,1788432569425561,1788432569428097,,,http_data_plane,,,,,2536
server,client_mutation,completed,1788432569929183,178842684286995611,,,,1788432569926807,1788432569926807,1788432569929183,,,http_data_plane,,,,,2376
server,peer_replication_pull_request,sent,1788432570337365,178842684286995611,,,,,,,,,connected_peers=13,,,,,
server,client_mutation,completed,1788432570427392,178842684286995611,,,,1788432570425566,1788432570425566,1788432570427392,,,http_data_plane,,,,,1826
server,peer_replication_merge_delta,completed,1788432570483293,178842684286995611,,55,,1788432570471621,1788432570483212,1788432570483293,,,"delta_len=111,sent_us=1788432570429370",,,,,81
server,peer_replication_get_delta,completed,1788432570786946,178842684286995611,178842683849157813,55,,1788432570786706,1788432570786714,1788432570786946,,,"delta_len=105,sent_us=1788432570701322",,,,,232
server,client_mutation,completed,1788432570927726,178842684286995611,,,,1788432570925573,1788432570925573,1788432570927726,,,http_data_plane,,,,,2153
server,peer_replication_get_delta,completed,1788432571143642,178842684286995611,178842684286994612,55,,1788432571143314,1788432571143321,1788432571143642,,,"delta_len=98,sent_us=1788432571142615",,,,,321
server,peer_replication_pull_request,sent,1788432571337110,178842684286995611,,,,,,,,,connected_peers=13,,,,,
server,client_mutation,completed,1788432571427752,178842684286995611,,,,1788432571425559,1788432571425559,1788432571427752,,,http_data_plane,,,,,2193
server,peer_replication_merge_delta,completed,1788432571450463,178842684286995611,,55,,1788432571443355,1788432571450357,1788432571450463,,,"delta_len=46,sent_us=1788432571429463",,,,,106
server,client_mutation,completed,1788432571928052,178842684286995611,,,,1788432571925755,1788432571925755,1788432571928052,,,http_data_plane,,,,,2297
server,peer_replication_pull_request,sent,1788432572337086,178842684286995611,,,,,,,,,connected_peers=13,,,,,
server,peer_replication_merge_delta,completed,1788432572370795,178842684286995611,,55,,1788432572362313,1788432572370737,1788432572370795,,,"delta_len=74,sent_us=1788432572350052",,,,,58
server,client_mutation,completed,1788432572427818,178842684286995611,,,,1788432572425621,1788432572425622,1788432572427818,,,http_data_plane,,,,,2196
server,client_mutation,completed,1788432572927840,178842684286995611,,,,1788432572925586,1788432572925586,1788432572927840,,,http_data_plane,,,,,2254
server,membership_directory_read,completed,1788432573123846,178842684286995611,,,,,1788432573065701,1788432573123846,,,poll:276 descriptors,,,,,58145
server,peer_replication_pull_request,sent,1788432573336649,178842684286995611,,,,,,,,,connected_peers=13,,,,,
server,peer_replication_merge_delta,completed,1788432573343694,178842684286995611,,55,,1788432573338444,1788432573343672,1788432573343694,,,"delta_len=19,sent_us=1788432573337535",,,,,22
server,client_mutation,completed,1788432573427716,178842684286995611,,,,1788432573425547,1788432573425548,1788432573427716,,,http_data_plane,,,,,2168
server,client_mutation,completed,1788432573927721,178842684286995611,,,,1788432573925577,1788432573925577,1788432573927721,,,http_data_plane,,,,,2144
server,peer_replication_pull_request,sent,1788432574336831,178842684286995611,,,,,,,,,connected_peers=13,,,,,
server,client_mutation,completed,1788432574427793,178842684286995611,,,,1788432574425566,1788432574425566,1788432574427793,,,http_data_plane,,,,,2227
server,peer_replication_merge_delta,completed,1788432574449975,178842684286995611,,55,,1788432574443753,1788432574449934,1788432574449975,,,"delta_len=48,sent_us=1788432574430393",,,,,41
server,client_mutation,completed,1788432574928142,178842684286995611,,,,1788432574925971,1788432574925971,1788432574928142,,,http_data_plane,,,,,2171
server,peer_replication_pull_request,sent,1788432575337150,178842684286995611,,,,,,,,,connected_peers=13,,,,,
server,peer_replication_merge_delta,completed,1788432575345108,178842684286995611,,55,,1788432575339105,1788432575345074,1788432575345108,,,"delta_len=42,sent_us=1788432575338159",,,,,34
server,client_mutation,completed,1788432575427743,178842684286995611,,,,1788432575425629,1788432575425629,1788432575427743,,,http_data_plane,,,,,2114
server,client_mutation,completed,1788432575927690,178842684286995611,,,,1788432575925561,1788432575925561,1788432575927690,,,http_data_plane,,,,,2129
server,peer_replication_pull_request,sent,1788432576336827,178842684286995611,,,,,,,,,connected_peers=13,,,,,
server,peer_replication_merge_delta,completed,1788432576347333,178842684286995611,,55,,1788432576339297,1788432576347284,1788432576347333,,,"delta_len=68,sent_us=1788432576338251",,,,,49
server,client_mutation,completed,1788432576427978,178842684286995611,,,,1788432576425720,1788432576425720,1788432576427978,,,http_data_plane,,,,,2258
server,client_mutation,completed,1788432576928008,178842684286995611,,,,1788432576925581,1788432576925581,1788432576928008,,,http_data_plane,,,,,2427
server,peer_replication_pull_request,sent,1788432577337085,178842684286995611,,,,,,,,,connected_peers=13,,,,,
server,peer_replication_merge_delta,completed,1788432577359909,178842684286995611,,55,,1788432577354104,1788432577359867,1788432577359909,,,"delta_len=44,sent_us=1788432577350202",,,,,42
server,client_mutation,completed,1788432577428518,178842684286995611,,,,1788432577425885,1788432577425885,1788432577428518,,,http_data_plane,,,,,2633
server,client_mutation,completed,1788432577927719,178842684286995611,,,,1788432577925554,1788432577925554,1788432577927719,,,http_data_plane,,,,,2165
server,membership_directory_read,completed,1788432578123005,178842684286995611,,,,,1788432578066445,1788432578123005,,,poll:276 descriptors,,,,,56560
server,peer_replication_pull_request,sent,1788432578337546,178842684286995611,,,,,,,,,connected_peers=13,,,,,
server,peer_replication_merge_delta,completed,1788432578402111,178842684286995611,,55,,1788432578397042,1788432578402080,1788432578402111,,,"delta_len=31,sent_us=1788432578383249",,,,,31
server,client_mutation,completed,1788432578427690,178842684286995611,,,,1788432578425538,1788432578425538,1788432578427690,,,http_data_plane,,,,,2152
server,client_mutation,completed,1788432578927694,178842684286995611,,,,1788432578925548,1788432578925548,1788432578927694,,,http_data_plane,,,,,2146
server,peer_replication_pull_request,sent,1788432579336770,178842684286995611,,,,,,,,,connected_peers=13,,,,,
server,peer_replication_merge_delta,completed,1788432579368817,178842684286995611,,55,,1788432579361612,1788432579368763,1788432579368817,,,"delta_len=64,sent_us=1788432579349754",,,,,54
server,client_mutation,completed,1788432579427706,178842684286995611,,,,1788432579425526,1788432579425526,1788432579427706,,,http_data_plane,,,,,2180
server,peer_replication_get_delta,completed,1788432579873562,178842684286995611,178842684286996610,55,,1788432579873326,1788432579873331,1788432579873562,,,"delta_len=54,sent_us=1788432579872650",,,,,231
server,client_mutation,completed,1788432579927889,178842684286995611,,,,1788432579925593,1788432579925593,1788432579927889,,,http_data_plane,,,,,2296
server,peer_replication_pull_request,sent,1788432580337860,178842684286995611,,,,,,,,,connected_peers=13,,,,,
server,peer_replication_merge_delta,completed,1788432580367401,178842684286995611,,55,,1788432580362622,1788432580367383,1788432580367401,,,"delta_len=18,sent_us=1788432580350827",,,,,18
server,client_mutation,completed,1788432580427713,178842684286995611,,,,1788432580425613,1788432580425613,1788432580427713,,,http_data_plane,,,,,2100
server,peer_replication_get_delta,completed,1788432580872893,178842684286995611,178842684286996610,55,,1788432580872678,1788432580872685,1788432580872893,,,"delta_len=12,sent_us=1788432580871887",,,,,208
server,client_mutation,completed,1788432580927711,178842684286995611,,,,1788432580925579,1788432580925579,1788432580927711,,,http_data_plane,,,,,2132
server,peer_replication_pull_request,sent,1788432581336770,178842684286995611,,,,,,,,,connected_peers=13,,,,,
server,peer_replication_merge_delta,completed,1788432581342683,178842684286995611,,55,,1788432581338309,1788432581342664,1788432581342683,,,"delta_len=14,sent_us=1788432581337623",,,,,19
server,client_mutation,completed,1788432581427865,178842684286995611,,,,1788432581425588,1788432581425588,1788432581427865,,,http_data_plane,,,,,2277
server,client_mutation,completed,1788432581927751,178842684286995611,,,,1788432581925630,1788432581925630,1788432581927751,,,http_data_plane,,,,,2121
server,peer_replication_pull_request,sent,1788432582336810,178842684286995611,,,,,,,,,connected_peers=13,,,,,
server,peer_replication_merge_delta,completed,1788432582344317,178842684286995611,,55,,1788432582338307,1788432582344275,1788432582344317,,,"delta_len=34,sent_us=1788432582337665",,,,,42
server,client_mutation,completed,1788432582427922,178842684286995611,,,,1788432582425643,1788432582425643,1788432582427922,,,http_data_plane,,,,,2279
server,client_mutation,completed,1788432582927942,178842684286995611,,,,1788432582925594,1788432582925594,1788432582927942,,,http_data_plane,,,,,2348
server,membership_directory_read,completed,1788432583129296,178842684286995611,,,,,1788432583065859,1788432583129296,,,poll:276 descriptors,,,,,63437
server,peer_replication_pull_request,sent,1788432583336821,178842684286995611,,,,,,,,,connected_peers=13,,,,,
server,peer_replication_merge_delta,completed,1788432583375853,178842684286995611,,55,,1788432583367021,1788432583375780,1788432583375853,,,"delta_len=92,sent_us=1788432583351307",,,,,73
server,client_mutation,completed,1788432583428018,178842684286995611,,,,1788432583425821,1788432583425821,1788432583428018,,,http_data_plane,,,,,2197
server,client_mutation,completed,1788432583927754,178842684286995611,,,,1788432583925587,1788432583925587,1788432583927754,,,http_data_plane,,,,,2167
server,peer_replication_pull_request,sent,1788432584337071,178842684286995611,,,,,,,,,connected_peers=13,,,,,
server,client_mutation,completed,1788432584427865,178842684286995611,,,,1788432584425583,1788432584425583,1788432584427865,,,http_data_plane,,,,,2282
server,peer_replication_get_delta,completed,1788432584545815,178842684286995611,178842684114094212,55,,1788432584545394,1788432584545402,1788432584545815,,,"delta_len=39,sent_us=1788432584529750",,,,,413
server,client_mutation,completed,1788432584928024,178842684286995611,,,,1788432584926049,1788432584926050,1788432584928024,,,http_data_plane,,,,,1974
server,peer_replication_get_delta,completed,1788432585144362,178842684286995611,178842684286994612,55,,1788432585144082,1788432585144089,1788432585144362,,,"delta_len=50,sent_us=1788432585142198",,,,,273
server,peer_replication_pull_request,sent,1788432585336807,178842684286995611,,,,,,,,,connected_peers=13,,,,,
server,client_mutation,completed,1788432585428304,178842684286995611,,,,1788432585426141,1788432585426141,1788432585428304,,,http_data_plane,,,,,2163
server,client_mutation,completed,1788432585928001,178842684286995611,,,,1788432585925787,1788432585925787,1788432585928001,,,http_data_plane,,,,,2214
server,peer_replication_pull_request,sent,1788432586337077,178842684286995611,,,,,,,,,connected_peers=13,,,,,
server,peer_replication_merge_delta,completed,1788432586349343,178842684286995611,,55,,1788432586340454,1788432586349211,1788432586349343,,,"delta_len=60,sent_us=1788432586338674",,,,,132
server,client_mutation,completed,1788432586428371,178842684286995611,,,,1788432586425943,1788432586425943,1788432586428371,,,http_data_plane,,,,,2428
server,client_mutation,completed,1788432586927831,178842684286995611,,,,1788432586925636,1788432586925637,1788432586927831,,,http_data_plane,,,,,2194
server,peer_replication_pull_request,sent,1788432587337248,178842684286995611,,,,,,,,,connected_peers=13,,,,,
server,client_mutation,completed,1788432587428082,178842684286995611,,,,1788432587425598,1788432587425598,1788432587428082,,,http_data_plane,,,,,2484
server,client_mutation,completed,1788432587928428,178842684286995611,,,,1788432587926099,1788432587926099,1788432587928428,,,http_data_plane,,,,,2329
server,membership_directory_read,completed,1788432588140778,178842684286995611,,,,,1788432588066222,1788432588140778,,,poll:276 descriptors,,,,,74556
server,peer_replication_pull_request,sent,1788432588337232,178842684286995611,,,,,,,,,connected_peers=13,,,,,
server,peer_replication_merge_delta,completed,1788432588351396,178842684286995611,,55,,1788432588339250,1788432588351303,1788432588351396,,,"delta_len=157,sent_us=1788432588338200",,,,,93
server,client_mutation,completed,1788432588428378,178842684286995611,,,,1788432588425840,1788432588425840,1788432588428378,,,http_data_plane,,,,,2538
server,client_mutation,completed,1788432588928013,178842684286995611,,,,1788432588925722,1788432588925722,1788432588928013,,,http_data_plane,,,,,2291
server,peer_replication_pull_request,sent,1788432589337120,178842684286995611,,,,,,,,,connected_peers=13,,,,,
server,peer_replication_merge_delta,completed,1788432589349214,178842684286995611,,55,,1788432589339333,1788432589349119,1788432589349214,,,"delta_len=106,sent_us=1788432589338353",,,,,95
server,client_mutation,completed,1788432589427860,178842684286995611,,,,1788432589425565,1788432589425565,1788432589427860,,,http_data_plane,,,,,2295
server,peer_replication_get_delta,completed,1788432589780034,178842684286995611,178842684426433112,55,,1788432589779794,1788432589779800,1788432589780034,,,"delta_len=117,sent_us=1788432589768078",,,,,234
server,client_mutation,completed,1788432589928123,178842684286995611,,,,1788432589925855,1788432589925855,1788432589928123,,,http_data_plane,,,,,2268
server,peer_replication_pull_request,sent,1788432590337261,178842684286995611,,,,,,,,,connected_peers=13,,,,,
server,peer_replication_merge_delta,completed,1788432590344352,178842684286995611,,55,,1788432590339405,1788432590344333,1788432590344352,,,"delta_len=17,sent_us=1788432590338362",,,,,19
server,client_mutation,completed,1788432590427758,178842684286995611,,,,1788432590425562,1788432590425562,1788432590427758,,,http_data_plane,,,,,2196
server,client_mutation,completed,1788432590927658,178842684286995611,,,,1788432590925572,1788432590925572,1788432590927658,,,http_data_plane,,,,,2086
server,peer_replication_pull_request,sent,1788432591336749,178842684286995611,,,,,,,,,connected_peers=13,,,,,
server,peer_replication_merge_delta,completed,1788432591346826,178842684286995611,,55,,1788432591338774,1788432591346726,1788432591346826,,,"delta_len=65,sent_us=1788432591337897",,,,,100
server,client_mutation,completed,1788432591428095,178842684286995611,,,,1788432591425643,1788432591425643,1788432591428095,,,http_data_plane,,,,,2452
server,peer_replication_get_delta,completed,1788432591873669,178842684286995611,178842684286996610,55,,1788432591873166,1788432591873174,1788432591873669,,,"delta_len=49,sent_us=1788432591871802",,,,,495
server,client_mutation,completed,1788432591928094,178842684286995611,,,,1788432591925676,1788432591925676,1788432591928094,,,http_data_plane,,,,,2418
server,peer_replication_pull_request,sent,1788432592336841,178842684286995611,,,,,,,,,connected_peers=13,,,,,
server,peer_replication_merge_delta,completed,1788432592371005,178842684286995611,,55,,1788432592362119,1788432592370951,1788432592371005,,,"delta_len=66,sent_us=1788432592350047",,,,,54
server,client_mutation,completed,1788432592428058,178842684286995611,,,,1788432592425649,1788432592425649,1788432592428058,,,http_data_plane,,,,,2409
server,peer_replication_get_delta,completed,1788432592499231,178842684286995611,178842684286997609,55,,1788432592498877,1788432592498884,1788432592499231,,,"delta_len=50,sent_us=1788432592497832",,,,,347
server,peer_replication_get_delta,completed,1788432592698468,178842684286995611,178842683849155813,55,,1788432592698218,1788432592698225,1788432592698468,,,"delta_len=117,sent_us=1788432592655026",,,,,243
server,client_mutation,completed,1788432592929530,178842684286995611,,,,1788432592926402,1788432592926402,1788432592929530,,,http_data_plane,,,,,3128
server,membership_directory_read,completed,1788432593134927,178842684286995611,,,,,1788432593066211,1788432593134927,,,poll:276 descriptors,,,,,68716
server,peer_replication_pull_request,sent,1788432593336756,178842684286995611,,,,,,,,,connected_peers=13,,,,,
server,peer_replication_merge_delta,completed,1788432593406178,178842684286995611,,55,,1788432593395785,1788432593406119,1788432593406178,,,"delta_len=55,sent_us=1788432593381752",,,,,59
server,client_mutation,completed,1788432593429489,178842684286995611,,,,1788432593426193,1788432593426193,1788432593429489,,,http_data_plane,,,,,3296
server,client_mutation,completed,1788432593927950,178842684286995611,,,,1788432593925946,1788432593925946,1788432593927950,,,http_data_plane,,,,,2004
server,peer_replication_pull_request,sent,1788432594336972,178842684286995611,,,,,,,,,connected_peers=13,,,,,
server,client_mutation,completed,1788432594427862,178842684286995611,,,,1788432594425607,1788432594425607,1788432594427862,,,http_data_plane,,,,,2255
server,client_mutation,completed,1788432594927902,178842684286995611,,,,1788432594925738,1788432594925738,1788432594927902,,,http_data_plane,,,,,2164
server,peer_replication_pull_request,sent,1788432595337038,178842684286995611,,,,,,,,,connected_peers=13,,,,,
server,peer_replication_merge_delta,completed,1788432595371221,178842684286995611,,55,,1788432595362020,1788432595371149,1788432595371221,,,"delta_len=102,sent_us=1788432595350132",,,,,72
server,client_mutation,completed,1788432595427942,178842684286995611,,,,1788432595425710,1788432595425710,1788432595427942,,,http_data_plane,,,,,2232
server,client_mutation,completed,1788432595928226,178842684286995611,,,,1788432595925926,1788432595925926,1788432595928226,,,http_data_plane,,,,,2300
server,peer_replication_pull_request,sent,1788432596337303,178842684286995611,,,,,,,,,connected_peers=13,,,,,
server,peer_replication_merge_delta,completed,1788432596347172,178842684286995611,,55,,1788432596338872,1788432596347100,1788432596347172,,,"delta_len=57,sent_us=1788432596338084",,,,,72
server,client_mutation,completed,1788432596428075,178842684286995611,,,,1788432596425805,1788432596425805,1788432596428075,,,http_data_plane,,,,,2270
server,peer_replication_get_delta,completed,1788432596786909,178842684286995611,178842683849157813,55,,1788432596786638,1788432596786645,1788432596786909,,,"delta_len=56,sent_us=1788432596701158",,,,,264
server,client_mutation,completed,1788432596928216,178842684286995611,,,,1788432596925868,1788432596925868,1788432596928216,,,http_data_plane,,,,,2348
server,peer_replication_get_delta,completed,1788432597143070,178842684286995611,178842684286994612,55,,1788432597142845,1788432597142850,1788432597143070,,,"delta_len=45,sent_us=1788432597142203",,,,,220
server,peer_replication_pull_request,sent,1788432597337531,178842684286995611,,,,,,,,,connected_peers=13,,,,,
server,peer_replication_merge_delta,completed,1788432597345522,178842684286995611,,55,,1788432597340302,1788432597345496,1788432597345522,,,"delta_len=20,sent_us=1788432597339688",,,,,26
server,client_mutation,completed,1788432597427832,178842684286995611,,,,1788432597425571,1788432597425571,1788432597427832,,,http_data_plane,,,,,2261
server,client_mutation,completed,1788432597927726,178842684286995611,,,,1788432597925622,1788432597925622,1788432597927726,,,http_data_plane,,,,,2104
server,membership_directory_read,completed,1788432598133681,178842684286995611,,,,,1788432598065587,1788432598133681,,,poll:276 descriptors,,,,,68094
server,peer_replication_pull_request,sent,1788432598337326,178842684286995611,,,,,,,,,connected_peers=13,,,,,
server,peer_replication_merge_delta,completed,1788432598369770,178842684286995611,,55,,1788432598362414,1788432598369616,1788432598369770,,,"delta_len=61,sent_us=1788432598350564",,,,,154
server,client_mutation,completed,1788432598427858,178842684286995611,,,,1788432598425750,1788432598425751,1788432598427858,,,http_data_plane,,,,,2107
server,peer_replication_get_delta,completed,1788432598492083,178842684286995611,178842684426432112,55,,1788432598491837,1788432598491846,1788432598492083,,,"delta_len=73,sent_us=1788432598481214",,,,,237
server,peer_replication_get_delta,completed,1788432598546029,178842684286995611,178842684114094212,55,,1788432598545805,1788432598545812,1788432598546029,,,"delta_len=69,sent_us=1788432598530309",,,,,217
server,client_mutation,completed,1788432598929327,178842684286995611,,,,1788432598927052,1788432598927052,1788432598929327,,,http_data_plane,,,,,2275
server,peer_replication_pull_request,sent,1788432599337753,178842684286995611,,,,,,,,,connected_peers=13,,,,,
server,client_mutation,completed,1788432599427803,178842684286995611,,,,1788432599425562,1788432599425562,1788432599427803,,,http_data_plane,,,,,2241
server,peer_replication_get_delta,completed,1788432599492584,178842684286995611,178842684426432112,55,,1788432599492324,1788432599492335,1788432599492584,,,"delta_len=2,sent_us=1788432599481393",,,,,249
server,client_mutation,completed,1788432599928164,178842684286995611,,,,1788432599925689,1788432599925689,1788432599928164,,,http_data_plane,,,,,2475
server,peer_replication_pull_request,sent,1788432600336841,178842684286995611,,,,,,,,,connected_peers=13,,,,,
server,client_mutation,completed,1788432600427828,178842684286995611,,,,1788432600425589,1788432600425589,1788432600427828,,,http_data_plane,,,,,2239
server,peer_replication_merge_delta,completed,1788432600479383,178842684286995611,,55,,1788432600471983,1788432600479332,1788432600479383,,,"delta_len=56,sent_us=1788432600429912",,,,,51
server,client_mutation,completed,1788432600928016,178842684286995611,,,,1788432600925807,1788432600925807,1788432600928016,,,http_data_plane,,,,,2209
server,peer_replication_pull_request,sent,1788432601337273,178842684286995611,,,,,,,,,connected_peers=13,,,,,
server,client_mutation,completed,1788432601428934,178842684286995611,,,,1788432601426319,1788432601426319,1788432601428934,,,http_data_plane,,,,,2615
server,client_mutation,completed,1788432601928001,178842684286995611,,,,1788432601925749,1788432601925749,1788432601928001,,,http_data_plane,,,,,2252
server,peer_replication_get_delta,completed,1788432602174088,178842684286995611,178842684426434112,55,,1788432602173855,1788432602173863,1788432602174088,,,"delta_len=44,sent_us=1788432602161391",,,,,225
server,peer_replication_pull_request,sent,1788432602337546,178842684286995611,,,,,,,,,connected_peers=13,,,,,
server,peer_replication_merge_delta,completed,1788432602368084,178842684286995611,,55,,1788432602359405,1788432602368046,1788432602368084,,,"delta_len=40,sent_us=1788432602352490",,,,,38
server,client_mutation,completed,1788432602429961,178842684286995611,,,,1788432602426631,1788432602426631,1788432602429961,,,http_data_plane,,,,,3330
server,peer_replication_merge_delta,completed,1788432602760193,178842684286995611,,55,,1788432602751329,1788432602760151,1788432602760193,,,"delta_len=46,sent_us=1788432602749474",,,,,42
server,client_mutation,completed,1788432602928849,178842684286995611,,,,1788432602926317,1788432602926317,1788432602928849,,,http_data_plane,,,,,2532
server,membership_directory_read,completed,1788432603138619,178842684286995611,,,,,1788432603065882,1788432603138619,,,poll:279 descriptors,,,,,72737
server,client_mutation,completed,1788432603431150,178842684286995611,,,,1788432603428972,1788432603428972,1788432603431150,,,http_data_plane,,,,,2178
server,client_mutation,completed,1788432603928939,178842684286995611,,,,1788432603926388,1788432603926388,1788432603928939,,,http_data_plane,,,,,2551
server,client_mutation,completed,1788432604427829,178842684286995611,,,,1788432604425708,1788432604425708,1788432604427829,,,http_data_plane,,,,,2121
server,client_mutation,completed,1788432604931821,178842684286995611,,,,1788432604929631,1788432604929631,1788432604931821,,,http_data_plane,,,,,2190
server,peer_replication_get_delta,completed,1788432605119865,178842684286995611,178842684286997609,55,,1788432605119643,1788432605119646,1788432605119865,,,"delta_len=49,sent_us=1788432603497905",,,,,219
server,peer_replication_get_delta,completed,1788432605119960,178842684286995611,178842683849156813,55,,1788432605119887,1788432605119917,1788432605119960,,,"delta_len=41,sent_us=1788432603582202",,,,,43
server,peer_replication_pull_request,sent,1788432605119975,178842684286995611,,,,,,,,,connected_peers=12,,,,,
server,peer_replication_pull_request,sent,1788432605119983,178842684286995611,,,,,,,,,connected_peers=12,,,,,
server,peer_replication_merge_delta,completed,1788432605135442,178842684286995611,,55,,1788432605121857,1788432605135367,1788432605135442,,,"delta_len=102,sent_us=1788432605120845",,,,,75
server,peer_replication_get_delta,completed,1788432605144422,178842684286995611,178842684426433112,55,,1788432605144183,1788432605144190,1788432605144422,,,"delta_len=80,sent_us=1788432605132112",,,,,232
server,peer_replication_pull_request,sent,1788432605338149,178842684286995611,,,,,,,,,connected_peers=12,,,,,
server,client_mutation,completed,1788432605428026,178842684286995611,,,,1788432605425715,1788432605425715,1788432605428026,,,http_data_plane,,,,,2311
server,peer_replication_get_delta,completed,1788432605492664,178842684286995611,178842684426432112,55,,1788432605492435,1788432605492441,1788432605492664,,,"delta_len=41,sent_us=1788432605481712",,,,,223
server,peer_replication_merge_delta,completed,1788432605560544,178842684286995611,,55,,1788432605552726,1788432605560503,1788432605560544,,,"delta_len=55,sent_us=1788432605551695",,,,,41
server,client_mutation,completed,1788432605932362,178842684286995611,,,,1788432605928949,1788432605928949,1788432605932362,,,http_data_plane,,,,,3413
server,peer_replication_pull_request,sent,1788432606337398,178842684286995611,,,,,,,,,connected_peers=12,,,,,
server,peer_replication_merge_delta,completed,1788432606346155,178842684286995611,,55,,1788432606340936,1788432606346140,1788432606346155,,,"delta_len=12,sent_us=1788432606339428",,,,,15
server,client_mutation,completed,1788432606429364,178842684286995611,,,,1788432606426270,1788432606426270,1788432606429364,,,http_data_plane,,,,,3094
server,peer_replication_get_delta,completed,1788432606744053,178842684286995611,178842683849157813,55,,1788432606743808,1788432606743817,1788432606744053,,,"delta_len=81,sent_us=1788432606701198",,,,,236
server,client_mutation,completed,1788432606928159,178842684286995611,,,,1788432606925602,1788432606925602,1788432606928159,,,http_data_plane,,,,,2557
server,peer_replication_pull_request,sent,1788432607337312,178842684286995611,,,,,,,,,connected_peers=12,,,,,
server,peer_replication_merge_delta,completed,1788432607433383,178842684286995611,,55,,1788432607422272,1788432607433326,1788432607433383,,,"delta_len=76,sent_us=1788432607381022",,,,,57
server,client_mutation,completed,1788432607435736,178842684286995611,,,,1788432607429593,1788432607429593,1788432607435736,,,http_data_plane,,,,,6143
server,peer_replication_get_delta,completed,1788432607780328,178842684286995611,178842684426433112,55,,1788432607780100,1788432607780107,1788432607780328,,,"delta_len=20,sent_us=1788432607768213",,,,,221
server,client_mutation,completed,1788432607926970,178842684286995611,,,,1788432607925796,1788432607925797,1788432607926970,,,http_data_plane,,,,,1173
server,membership_directory_read,completed,1788432608126272,178842684286995611,,,,,1788432608066167,1788432608126272,,,poll:281 descriptors,,,,,60105
server,peer_replication_pull_request,sent,1788432608336838,178842684286995611,,,,,,,,,connected_peers=12,,,,,
server,peer_replication_merge_delta,completed,1788432608384668,178842684286995611,,55,,1788432608367045,1788432608384619,1788432608384668,,,"delta_len=54,sent_us=1788432608351336",,,,,49
server,client_mutation,completed,1788432608426771,178842684286995611,,,,1788432608425619,1788432608425619,1788432608426771,,,http_data_plane,,,,,1152
server,peer_replication_get_delta,completed,1788432608467984,178842684286995611,178842684286993612,55,,1788432608467736,1788432608467745,1788432608467984,,,"delta_len=58,sent_us=1788432608466763",,,,,239
server,peer_replication_get_delta,completed,1788432608492641,178842684286995611,178842684426432112,55,,1788432608492398,1788432608492405,1788432608492641,,,"delta_len=100,sent_us=1788432608481734",,,,,236
server,client_mutation,completed,1788432608926542,178842684286995611,,,,1788432608925583,1788432608925583,1788432608926542,,,http_data_plane,,,,,959
server,peer_replication_pull_request,sent,1788432609336771,178842684286995611,,,,,,,,,connected_peers=12,,,,,
server,gc_observed,start,1788432609353682,178842684286995611,,56,,,,,,,,,,,,
server,gc_observed,completed,1788432610336839,178842684286995611,,56,,,,,,,,,,,,
server,peer_replication_merge_delta,completed,1788432610345218,178842684286995611,,56,,1788432609353680,1788432610345141,1788432610345218,,,"delta_len=49,sent_us=1788432609349796",,,,,77
server,client_mutation,completed,1788432610338018,178842684286995611,,,,1788432609426254,1788432609426254,1788432610338018,,,http_data_plane,,,,,911764
server,peer_replication_pull_request,sent,1788432610345305,178842684286995611,,,,,,,,,connected_peers=12,,,,,
server,client_mutation,completed,1788432610339228,178842684286995611,,,,1788432609927092,1788432609927092,1788432610339228,,,http_data_plane,,,,,412136
server,peer_replication_get_delta,completed,1788432610345551,178842684286995611,178842684114094212,56,,1788432610345323,1788432610345325,1788432610345551,,,"delta_len=35,sent_us=1788432609530325",,,,,226
server,peer_replication_merge_delta,completed,1788432610364949,178842684286995611,,56,,1788432610362178,1788432610364940,1788432610364949,,,"delta_len=3,sent_us=1788432610358337",,,,,9
server,client_mutation,completed,1788432610427465,178842684286995611,,,,1788432610426495,1788432610426496,1788432610427465,,,http_data_plane,,,,,969
server,client_mutation,completed,1788432610926714,178842684286995611,,,,1788432610925733,1788432610925733,1788432610926714,,,http_data_plane,,,,,981
server,peer_replication_get_delta,completed,1788432611144162,178842684286995611,178842684286994612,56,,1788432611143812,1788432611143819,1788432611144162,,,"delta_len=75,sent_us=1788432611142823",,,,,343
server,peer_replication_pull_request,sent,1788432611336640,178842684286995611,,,,,,,,,connected_peers=12,,,,,
server,peer_replication_merge_delta,completed,1788432611365240,178842684286995611,,56,,1788432611362163,1788432611365228,1788432611365240,,,"delta_len=4,sent_us=1788432611349679",,,,,12
server,client_mutation,completed,1788432611427420,178842684286995611,,,,1788432611425602,1788432611425602,1788432611427420,,,http_data_plane,,,,,1818
server,peer_replication_get_delta,completed,1788432611498824,178842684286995611,178842684286997609,56,,1788432611498517,1788432611498524,1788432611498824,,,"delta_len=22,sent_us=1788432611497947",,,,,300
server,client_mutation,completed,1788432611927079,178842684286995611,,,,1788432611926036,1788432611926036,1788432611927079,,,http_data_plane,,,,,1043
server,peer_replication_pull_request,sent,1788432612337198,178842684286995611,,,,,,,,,connected_peers=12,,,,,
server,client_mutation,completed,1788432612426676,178842684286995611,,,,1788432612425537,1788432612425538,1788432612426676,,,http_data_plane,,,,,1138
server,peer_replication_merge_delta,completed,1788432612448003,178842684286995611,,56,,1788432612442403,1788432612447943,1788432612448003,,,"delta_len=54,sent_us=1788432612428740",,,,,60
server,peer_replication_get_delta,completed,1788432612499622,178842684286995611,178842684286997609,56,,1788432612499344,1788432612499350,1788432612499622,,,"delta_len=27,sent_us=1788432612498695",,,,,272
server,peer_replication_get_delta,completed,1788432612545645,178842684286995611,178842684114094212,56,,1788432612545300,1788432612545307,1788432612545645,,,"delta_len=28,sent_us=1788432612529817",,,,,338
server,client_mutation,completed,1788432612927185,178842684286995611,,,,1788432612925729,1788432612925729,1788432612927185,,,http_data_plane,,,,,1456
server,membership_directory_read,completed,1788432613128059,178842684286995611,,,,,1788432613066145,1788432613128059,,,poll:281 descriptors,,,,,61914
server,peer_replication_pull_request,sent,1788432613336688,178842684286995611,,,,,,,,,connected_peers=12,,,,,
server,peer_replication_merge_delta,completed,1788432613343036,178842684286995611,,56,,1788432613338405,1788432613342995,1788432613343036,,,"delta_len=45,sent_us=1788432613337676",,,,,41
server,client_mutation,completed,1788432613427070,178842684286995611,,,,1788432613425577,1788432613425577,1788432613427070,,,http_data_plane,,,,,1493
server,peer_replication_get_delta,completed,1788432613468314,178842684286995611,178842684286993612,56,,1788432613467955,1788432613467973,1788432613468314,,,"delta_len=86,sent_us=1788432613467056",,,,,341
server,peer_replication_get_delta,completed,1788432613492117,178842684286995611,178842684426432112,56,,1788432613491885,1788432613491890,1788432613492117,,,"delta_len=53,sent_us=1788432613481155",,,,,227
server,client_mutation,completed,1788432613926670,178842684286995611,,,,1788432613925576,1788432613925576,1788432613926670,,,http_data_plane,,,,,1094
server,peer_replication_pull_request,sent,1788432614336820,178842684286995611,,,,,,,,,connected_peers=12,,,,,
server,peer_replication_merge_delta,completed,1788432614369564,178842684286995611,,56,,1788432614362034,1788432614369502,1788432614369564,,,"delta_len=78,sent_us=1788432614350030",,,,,62
server,client_mutation,completed,1788432614426645,178842684286995611,,,,1788432614425553,1788432614425553,1788432614426645,,,http_data_plane,,,,,1092
server,peer_replication_get_delta,completed,1788432614468624,178842684286995611,178842684286993612,56,,1788432614468392,1788432614468399,1788432614468624,,,"delta_len=80,sent_us=1788432614467681",,,,,225
server,peer_replication_get_delta,completed,1788432614498713,178842684286995611,178842684286997609,56,,1788432614498472,1788432614498479,1788432614498713,,,"delta_len=64,sent_us=1788432614497780",,,,,234
server,client_mutation,completed,1788432614926547,178842684286995611,,,,1788432614925603,1788432614925603,1788432614926547,,,http_data_plane,,,,,944
server,peer_replication_pull_request,sent,1788432615337499,178842684286995611,,,,,,,,,connected_peers=12,,,,,
server,peer_replication_merge_delta,completed,1788432615342841,178842684286995611,,56,,1788432615340209,1788432615342833,1788432615342841,,,"delta_len=2,sent_us=1788432615339252",,,,,8
server,client_mutation,completed,1788432615427849,178842684286995611,,,,1788432615426260,1788432615426260,1788432615427849,,,http_data_plane,,,,,1589
server,client_mutation,completed,1788432615926839,178842684286995611,,,,1788432615925630,1788432615925630,1788432615926839,,,http_data_plane,,,,,1209
server,peer_replication_pull_request,sent,1788432616336908,178842684286995611,,,,,,,,,connected_peers=12,,,,,
server,peer_replication_merge_delta,completed,1788432616352554,178842684286995611,,56,,1788432616338739,1788432616352414,1788432616352554,,,"delta_len=174,sent_us=1788432616337859",,,,,140
server,client_mutation,completed,1788432616426756,178842684286995611,,,,1788432616425622,1788432616425622,1788432616426756,,,http_data_plane,,,,,1134
server,client_mutation,completed,1788432616926787,178842684286995611,,,,1788432616925802,1788432616925802,1788432616926787,,,http_data_plane,,,,,985
server,peer_replication_pull_request,sent,1788432617336907,178842684286995611,,,,,,,,,connected_peers=12,,,,,
server,client_mutation,completed,1788432617427273,178842684286995611,,,,1788432617425679,1788432617425679,1788432617427273,,,http_data_plane,,,,,1594
server,peer_replication_merge_delta,completed,1788432617483917,178842684286995611,,56,,1788432617471961,1788432617483848,1788432617483917,,,"delta_len=76,sent_us=1788432617428882",,,,,69
server,client_mutation,completed,1788432617927670,178842684286995611,,,,1788432617925921,1788432617925921,1788432617927670,,,http_data_plane,,,,,1749
server,membership_directory_read,completed,1788432618137033,178842684286995611,,,,,1788432618065786,1788432618137033,,,poll:281 descriptors,,,,,71247
server,peer_replication_get_delta,completed,1788432618144408,178842684286995611,178842684286994612,56,,1788432618144173,1788432618144179,1788432618144408,,,"delta_len=65,sent_us=1788432618143209",,,,,229
server,peer_replication_pull_request,sent,1788432618336870,178842684286995611,,,,,,,,,connected_peers=12,,,,,
server,peer_replication_merge_delta,completed,1788432618346158,178842684286995611,,56,,1788432618340084,1788432618346115,1788432618346158,,,"delta_len=37,sent_us=1788432618338597",,,,,43
server,client_mutation,completed,1788432618426823,178842684286995611,,,,1788432618425575,1788432618425575,1788432618426823,,,http_data_plane,,,,,1248
server,client_mutation,completed,1788432618928083,178842684286995611,,,,1788432618926885,1788432618926886,1788432618928083,,,http_data_plane,,,,,1197
server,peer_replication_pull_request,sent,1788432619336665,178842684286995611,,,,,,,,,connected_peers=12,,,,,
server,peer_replication_merge_delta,completed,1788432619345144,178842684286995611,,56,,1788432619338226,1788432619345092,1788432619345144,,,"delta_len=75,sent_us=1788432619337472",,,,,52
server,client_mutation,completed,1788432619426936,178842684286995611,,,,1788432619425624,1788432619425624,1788432619426936,,,http_data_plane,,,,,1312
server,client_mutation,completed,1788432619926964,178842684286995611,,,,1788432619925854,1788432619925854,1788432619926964,,,http_data_plane,,,,,1110
server,peer_replication_pull_request,sent,1788432620337914,178842684286995611,,,,,,,,,connected_peers=12,,,,,
server,peer_replication_merge_delta,completed,1788432620399736,178842684286995611,,56,,1788432620395065,1788432620399713,1788432620399736,,,"delta_len=27,sent_us=1788432620381323",,,,,23
server,client_mutation,completed,1788432620426957,178842684286995611,,,,1788432620425725,1788432620425725,1788432620426957,,,http_data_plane,,,,,1232
server,client_mutation,completed,1788432620926852,178842684286995611,,,,1788432620925855,1788432620925855,1788432620926852,,,http_data_plane,,,,,997
server,peer_replication_get_delta,completed,1788432621136464,178842684286995611,178842684426434112,56,,1788432621136209,1788432621136216,1788432621136464,,,"delta_len=32,sent_us=1788432621124452",,,,,248
server,peer_replication_get_delta,completed,1788432621143889,178842684286995611,178842684286994612,56,,1788432621143654,1788432621143662,1788432621143889,,,"delta_len=33,sent_us=1788432621142279",,,,,227
server,peer_replication_pull_request,sent,1788432621337705,178842684286995611,,,,,,,,,connected_peers=12,,,,,
server,peer_replication_merge_delta,completed,1788432621359985,178842684286995611,,56,,1788432621355020,1788432621359955,1788432621359985,,,"delta_len=26,sent_us=1788432621351119",,,,,30
server,client_mutation,completed,1788432621426900,178842684286995611,,,,1788432621425687,1788432621425687,1788432621426900,,,http_data_plane,,,,,1213
server,peer_replication_get_delta,completed,1788432621468370,178842684286995611,178842684286993612,56,,1788432621468151,1788432621468158,1788432621468370,,,"delta_len=30,sent_us=1788432621467395",,,,,212
server,client_mutation,completed,1788432621928186,178842684286995611,,,,1788432621926648,1788432621926648,1788432621928186,,,http_data_plane,,,,,1538
server,peer_replication_get_delta,completed,1788432622143973,178842684286995611,178842684286994612,56,,1788432622143746,1788432622143753,1788432622143973,,,"delta_len=28,sent_us=1788432622142965",,,,,220
server,peer_replication_pull_request,sent,1788432622337477,178842684286995611,,,,,,,,,connected_peers=12,,,,,
server,peer_replication_merge_delta,completed,1788432622348744,178842684286995611,,56,,1788432622341033,1788432622348704,1788432622348744,,,"delta_len=54,sent_us=1788432622339249",,,,,40
server,client_mutation,completed,1788432622426843,178842684286995611,,,,1788432622425751,1788432622425751,1788432622426843,,,http_data_plane,,,,,1092
server,peer_replication_get_delta,completed,1788432622493022,178842684286995611,178842684426432112,56,,1788432622492722,1788432622492729,1788432622493022,,,"delta_len=79,sent_us=1788432622481984",,,,,293
server,client_mutation,completed,1788432622927206,178842684286995611,,,,1788432622925794,1788432622925794,1788432622927206,,,http_data_plane,,,,,1412
server,membership_directory_read,completed,1788432623134824,178842684286995611,,,,,1788432623066248,1788432623134824,,,poll:281 descriptors,,,,,68576
server,peer_replication_pull_request,sent,1788432623337427,178842684286995611,,,,,,,,,connected_peers=12,,,,,
server,peer_replication_merge_delta,completed,1788432623342777,178842684286995611,,56,,1788432623339748,1788432623342766,1788432623342777,,,"delta_len=5,sent_us=1788432623338453",,,,,11
server,client_mutation,completed,1788432623426600,178842684286995611,,,,1788432623425623,1788432623425623,1788432623426600,,,http_data_plane,,,,,977
server,client_mutation,completed,1788432623927068,178842684286995611,,,,1788432623925746,1788432623925746,1788432623927068,,,http_data_plane,,,,,1322
server,peer_replication_pull_request,sent,1788432624337233,178842684286995611,,,,,,,,,connected_peers=12,,,,,
server,peer_replication_merge_delta,completed,1788432624349321,178842684286995611,,56,,1788432624340354,1788432624349242,1788432624349321,,,"delta_len=93,sent_us=1788432624338681",,,,,79
server,client_mutation,completed,1788432624429766,178842684286995611,,,,1788432624428332,1788432624428332,1788432624429766,,,http_data_plane,,,,,1434
server,client_mutation,completed,1788432624927328,178842684286995611,,,,1788432624926365,1788432624926365,1788432624927328,,,http_data_plane,,,,,963
server,peer_replication_pull_request,sent,1788432625336962,178842684286995611,,,,,,,,,connected_peers=12,,,,,
server,peer_replication_merge_delta,completed,1788432625399768,178842684286995611,,56,,1788432625393617,1788432625399689,1788432625399768,,,"delta_len=37,sent_us=1788432625379682",,,,,79
server,client_mutation,completed,1788432625427054,178842684286995611,,,,1788432625425681,1788432625425681,1788432625427054,,,http_data_plane,,,,,1373
server,client_mutation,completed,1788432625927436,178842684286995611,,,,1788432625926244,1788432625926244,1788432625927436,,,http_data_plane,,,,,1192
server,peer_replication_pull_request,sent,1788432626336885,178842684286995611,,,,,,,,,connected_peers=12,,,,,
server,peer_replication_merge_delta,completed,1788432626350512,178842684286995611,,56,,1788432626339964,1788432626350431,1788432626350512,,,"delta_len=91,sent_us=1788432626338536",,,,,81
server,client_mutation,completed,1788432626427716,178842684286995611,,,,1788432626426361,1788432626426361,1788432626427716,,,http_data_plane,,,,,1355
server,client_mutation,completed,1788432626926914,178842684286995611,,,,1788432626925648,1788432626925648,1788432626926914,,,http_data_plane,,,,,1266
server,peer_replication_pull_request,sent,1788432627337271,178842684286995611,,,,,,,,,connected_peers=12,,,,,
server,peer_replication_merge_delta,completed,1788432627354745,178842684286995611,,56,,1788432627351905,1788432627354730,1788432627354745,,,"delta_len=11,sent_us=1788432627348175",,,,,15
server,client_mutation,completed,1788432627426566,178842684286995611,,,,1788432627425564,1788432627425564,1788432627426566,,,http_data_plane,,,,,1002
server,client_mutation,completed,1788432627926490,178842684286995611,,,,1788432627925573,1788432627925574,1788432627926490,,,http_data_plane,,,,,916
server,membership_directory_read,completed,1788432628134493,178842684286995611,,,,,1788432628066418,1788432628134493,,,poll:281 descriptors,,,,,68075
server,peer_replication_pull_request,sent,1788432628336996,178842684286995611,,,,,,,,,connected_peers=12,,,,,
server,peer_replication_merge_delta,completed,1788432628344765,178842684286995611,,56,,1788432628341746,1788432628344752,1788432628344765,,,"delta_len=10,sent_us=1788432628339453",,,,,13
server,client_mutation,completed,1788432628426464,178842684286995611,,,,1788432628425562,1788432628425562,1788432628426464,,,http_data_plane,,,,,902
server,client_mutation,completed,1788432628926947,178842684286995611,,,,1788432628925594,1788432628925594,1788432628926947,,,http_data_plane,,,,,1353
server,peer_replication_pull_request,sent,1788432629337489,178842684286995611,,,,,,,,,connected_peers=12,,,,,
server,peer_replication_merge_delta,completed,1788432629362385,178842684286995611,,56,,1788432629359126,1788432629362369,1788432629362385,,,"delta_len=10,sent_us=1788432629348246",,,,,16
server,client_mutation,completed,1788432629426619,178842684286995611,,,,1788432629425590,1788432629425591,1788432629426619,,,http_data_plane,,,,,1028
server,client_mutation,completed,1788432629926908,178842684286995611,,,,1788432629925773,1788432629925773,1788432629926908,,,http_data_plane,,,,,1135
server,peer_replication_get_delta,completed,1788432630136567,178842684286995611,178842684426434112,56,,1788432630136319,1788432630136326,1788432630136567,,,"delta_len=114,sent_us=1788432630124526",,,,,241
server,peer_replication_pull_request,sent,1788432630337139,178842684286995611,,,,,,,,,connected_peers=12,,,,,
server,peer_replication_merge_delta,completed,1788432630346029,178842684286995611,,56,,1788432630339228,1788432630345995,1788432630346029,,,"delta_len=20,sent_us=1788432630338321",,,,,34
server,client_mutation,completed,1788432630427391,178842684286995611,,,,1788432630426199,1788432630426199,1788432630427391,,,http_data_plane,,,,,1192
server,peer_replication_get_delta,completed,1788432630697374,178842684286995611,178842683849155813,56,,1788432630697137,1788432630697145,1788432630697374,,,"delta_len=42,sent_us=1788432630655191",,,,,229
server,peer_replication_get_delta,completed,1788432630780979,178842684286995611,178842684426433112,56,,1788432630780741,1788432630780749,1788432630780979,,,"delta_len=28,sent_us=1788432630768887",,,,,230
server,client_mutation,completed,1788432630927715,178842684286995611,,,,1788432630926229,1788432630926229,1788432630927715,,,http_data_plane,,,,,1486
server,peer_replication_pull_request,sent,1788432631337204,178842684286995611,,,,,,,,,connected_peers=12,,,,,
server,peer_replication_merge_delta,completed,1788432631371186,178842684286995611,,56,,1788432631362735,1788432631371108,1788432631371186,,,"delta_len=85,sent_us=1788432631350575",,,,,78
server,client_mutation,completed,1788432631426757,178842684286995611,,,,1788432631425608,1788432631425608,1788432631426757,,,http_data_plane,,,,,1149
server,client_mutation,completed,1788432631926857,178842684286995611,,,,1788432631925556,1788432631925556,1788432631926857,,,http_data_plane,,,,,1301
server,peer_replication_pull_request,sent,1788432632336944,178842684286995611,,,,,,,,,connected_peers=12,,,,,
server,peer_replication_merge_delta,completed,1788432632437335,178842684286995611,,56,,1788432632426853,1788432632437274,1788432632437335,,,"delta_len=102,sent_us=1788432632380888",,,,,61
server,client_mutation,completed,1788432632426896,178842684286995611,,,,1788432632425712,1788432632425712,1788432632426896,,,http_data_plane,,,,,1184
server,peer_replication_get_delta,completed,1788432632545968,178842684286995611,178842684114094212,56,,1788432632545719,1788432632545726,1788432632545968,,,"delta_len=74,sent_us=1788432632529822",,,,,242
server,peer_replication_get_delta,completed,1788432632872864,178842684286995611,178842684286996610,56,,1788432632872620,1788432632872625,1788432632872864,,,"delta_len=87,sent_us=1788432632871948",,,,,239
server,client_mutation,completed,1788432632932559,178842684286995611,,,,1788432632928997,1788432632928997,1788432632932559,,,http_data_plane,,,,,3562
server,membership_directory_read,completed,1788432633124479,178842684286995611,,,,,1788432633065817,1788432633124479,,,poll:281 descriptors,,,,,58662
server,peer_replication_get_delta,completed,1788432633143671,178842684286995611,178842684286994612,56,,1788432633143352,1788432633143359,1788432633143671,,,"delta_len=65,sent_us=1788432633142651",,,,,312
server,peer_replication_pull_request,sent,1788432633337257,178842684286995611,,,,,,,,,connected_peers=12,,,,,
server,client_mutation,completed,1788432633426692,178842684286995611,,,,1788432633425598,1788432633425599,1788432633426692,,,http_data_plane,,,,,1093
server,peer_replication_merge_delta,completed,1788432633479181,178842684286995611,,56,,1788432633471488,1788432633479122,1788432633479181,,,"delta_len=85,sent_us=1788432633429357",,,,,59
server,client_mutation,completed,1788432633927182,178842684286995611,,,,1788432633925812,1788432633925812,1788432633927182,,,http_data_plane,,,,,1370
server,peer_replication_pull_request,sent,1788432634337422,178842684286995611,,,,,,,,,connected_peers=12,,,,,
server,peer_replication_merge_delta,completed,1788432634347285,178842684286995611,,56,,1788432634339222,1788432634347226,1788432634347285,,,"delta_len=76,sent_us=1788432634338340",,,,,59
server,client_mutation,completed,1788432634427079,178842684286995611,,,,1788432634425866,1788432634425866,1788432634427079,,,http_data_plane,,,,,1213
server,peer_replication_get_delta,completed,1788432634872717,178842684286995611,178842684286996610,56,,1788432634872477,1788432634872485,1788432634872717,,,"delta_len=23,sent_us=1788432634871771",,,,,232
server,client_mutation,completed,1788432634927059,178842684286995611,,,,1788432634925812,1788432634925812,1788432634927059,,,http_data_plane,,,,,1247
server,peer_replication_pull_request,sent,1788432635337261,178842684286995611,,,,,,,,,connected_peers=12,,,,,
server,client_mutation,completed,1788432635426955,178842684286995611,,,,1788432635425915,1788432635425915,1788432635426955,,,http_data_plane,,,,,1040
server,peer_replication_merge_delta,completed,1788432635447600,178842684286995611,,56,,1788432635441636,1788432635447563,1788432635447600,,,"delta_len=34,sent_us=1788432635428283",,,,,37
server,client_mutation,completed,1788432635926962,178842684286995611,,,,1788432635925793,1788432635925794,1788432635926962,,,http_data_plane,,,,,1168
server,peer_replication_get_delta,completed,1788432636144616,178842684286995611,178842684286994612,56,,1788432636144313,1788432636144319,1788432636144616,,,"delta_len=37,sent_us=1788432636143409",,,,,297
server,peer_replication_pull_request,sent,1788432636337199,178842684286995611,,,,,,,,,connected_peers=12,,,,,
server,client_mutation,completed,1788432636430075,178842684286995611,,,,1788432636426974,1788432636426974,1788432636430075,,,http_data_plane,,,,,3101
server,peer_replication_merge_delta,completed,1788432636447815,178842684286995611,,56,,1788432636442244,1788432636447790,1788432636447815,,,"delta_len=24,sent_us=1788432636428389",,,,,25
server,client_mutation,completed,1788432636930161,178842684286995611,,,,1788432636928858,1788432636928858,1788432636930161,,,http_data_plane,,,,,1303
server,peer_replication_get_delta,completed,1788432637136829,178842684286995611,178842684426434112,56,,1788432637136577,1788432637136584,1788432637136829,,,"delta_len=47,sent_us=1788432637124478",,,,,245
server,peer_replication_pull_request,sent,1788432637337309,178842684286995611,,,,,,,,,connected_peers=12,,,,,
server,peer_replication_merge_delta,completed,1788432637341770,178842684286995611,,56,,1788432637338837,1788432637341753,1788432637341770,,,"delta_len=14,sent_us=1788432637338142",,,,,17
server,client_mutation,completed,1788432637427471,178842684286995611,,,,1788432637425937,1788432637425937,1788432637427471,,,http_data_plane,,,,,1534
server,peer_replication_get_delta,completed,1788432637788295,178842684286995611,178842683849157813,56,,1788432637788027,1788432637788033,1788432637788295,,,"delta_len=27,sent_us=1788432637701089",,,,,262
server,client_mutation,completed,1788432637926908,178842684286995611,,,,1788432637925837,1788432637925837,1788432637926908,,,http_data_plane,,,,,1071
server,membership_directory_read,completed,1788432638124947,178842684286995611,,,,,1788432638065591,1788432638124947,,,poll:281 descriptors,,,,,59356
server,peer_replication_pull_request,sent,1788432638336578,178842684286995611,,,,,,,,,connected_peers=12,,,,,
server,peer_replication_merge_delta,completed,1788432638343649,178842684286995611,,56,,1788432638338240,1788432638343480,1788432638343649,,,"delta_len=39,sent_us=1788432638337313",,,,,169
server,client_mutation,completed,1788432638426765,178842684286995611,,,,1788432638425679,1788432638425679,1788432638426765,,,http_data_plane,,,,,1086
server,client_mutation,completed,1788432638926925,178842684286995611,,,,1788432638925631,1788432638925631,1788432638926925,,,http_data_plane,,,,,1294
server,peer_replication_pull_request,sent,1788432639337316,178842684286995611,,,,,,,,,connected_peers=12,,,,,
server,client_mutation,completed,1788432639426625,178842684286995611,,,,1788432639425587,1788432639425587,1788432639426625,,,http_data_plane,,,,,1038
server,peer_replication_get_delta,completed,1788432639873477,178842684286995611,178842684286996610,56,,1788432639873247,1788432639873255,1788432639873477,,,"delta_len=7,sent_us=1788432639872344",,,,,222
server,client_mutation,completed,1788432639933279,178842684286995611,,,,1788432639932142,1788432639932142,1788432639933279,,,http_data_plane,,,,,1137
server,peer_replication_pull_request,sent,1788432640337498,178842684286995611,,,,,,,,,connected_peers=12,,,,,
server,peer_replication_merge_delta,completed,1788432640368798,178842684286995611,,56,,1788432640359744,1788432640368699,1788432640368798,,,"delta_len=91,sent_us=1788432640348591",,,,,99
server,client_mutation,completed,1788432640426778,178842684286995611,,,,1788432640425725,1788432640425725,1788432640426778,,,http_data_plane,,,,,1053
server,client_mutation,completed,1788432640926678,178842684286995611,,,,1788432640925608,1788432640925608,1788432640926678,,,http_data_plane,,,,,1070
server,peer_replication_pull_request,sent,1788432641336756,178842684286995611,,,,,,,,,connected_peers=12,,,,,
server,client_mutation,completed,1788432641427711,178842684286995611,,,,1788432641426545,1788432641426545,1788432641427711,,,http_data_plane,,,,,1166
server,peer_replication_merge_delta,completed,1788432641456736,178842684286995611,,56,,1788432641444312,1788432641456693,1788432641456736,,,"delta_len=29,sent_us=1788432641429343",,,,,43
server,client_mutation,completed,1788432641927028,178842684286995611,,,,1788432641925690,1788432641925690,1788432641927028,,,http_data_plane,,,,,1338
server,peer_replication_get_delta,completed,1788432642137379,178842684286995611,178842684426434112,56,,1788432642136944,1788432642136951,1788432642137379,,,"delta_len=18,sent_us=1788432642124576",,,,,428
server,peer_replication_get_delta,completed,1788432642144544,178842684286995611,178842684286994612,56,,1788432642144287,1788432642144293,1788432642144544,,,"delta_len=46,sent_us=1788432642143218",,,,,251
server,peer_replication_pull_request,sent,1788432642337273,178842684286995611,,,,,,,,,connected_peers=12,,,,,
server,peer_replication_merge_delta,completed,1788432642351489,178842684286995611,,56,,1788432642341239,1788432642351450,1788432642351489,,,"delta_len=48,sent_us=1788432642339425",,,,,39
server,client_mutation,completed,1788432642427385,178842684286995611,,,,1788432642425751,1788432642425751,1788432642427385,,,http_data_plane,,,,,1634
server,client_mutation,completed,1788432642927109,178842684286995611,,,,1788432642925754,1788432642925755,1788432642927109,,,http_data_plane,,,,,1354
server,membership_directory_read,completed,1788432643133169,178842684286995611,,,,,1788432643066400,1788432643133169,,,poll:281 descriptors,,,,,66769
server,peer_replication_pull_request,sent,1788432643336965,178842684286995611,,,,,,,,,connected_peers=12,,,,,
server,peer_replication_merge_delta,completed,1788432643352772,178842684286995611,,56,,1788432643347574,1788432643352756,1788432643352772,,,"delta_len=12,sent_us=1788432643337905",,,,,16
server,client_mutation,completed,1788432643427315,178842684286995611,,,,1788432643425963,1788432643425963,1788432643427315,,,http_data_plane,,,,,1352
server,client_mutation,completed,1788432643926827,178842684286995611,,,,1788432643925595,1788432643925595,1788432643926827,,,http_data_plane,,,,,1232
server,peer_replication_get_delta,completed,1788432644136522,178842684286995611,178842684426434112,56,,1788432644136298,1788432644136306,1788432644136522,,,"delta_len=33,sent_us=1788432644124551",,,,,216
server,peer_replication_pull_request,sent,1788432644337016,178842684286995611,,,,,,,,,connected_peers=12,,,,,
server,peer_replication_merge_delta,completed,1788432644344044,178842684286995611,,56,,1788432644338661,1788432644343884,1788432644344044,,,"delta_len=35,sent_us=1788432644337826",,,,,160
server,client_mutation,completed,1788432644426952,178842684286995611,,,,1788432644425835,1788432644425835,1788432644426952,,,http_data_plane,,,,,1117
server,client_mutation,completed,1788432644927366,178842684286995611,,,,1788432644925956,1788432644925956,1788432644927366,,,http_data_plane,,,,,1410
server,peer_replication_pull_request,sent,1788432645337276,178842684286995611,,,,,,,,,connected_peers=12,,,,,
server,peer_replication_merge_delta,completed,1788432645349565,178842684286995611,,56,,1788432645346366,1788432645349557,1788432645349565,,,"delta_len=2,sent_us=1788432645340107",,,,,8
server,client_mutation,completed,1788432645427006,178842684286995611,,,,1788432645425872,1788432645425872,1788432645427006,,,http_data_plane,,,,,1134
server,peer_replication_get_delta,completed,1788432645492909,178842684286995611,178842684426432112,56,,1788432645492628,1788432645492635,1788432645492909,,,"delta_len=25,sent_us=1788432645481697",,,,,274
server,client_mutation,completed,1788432645926782,178842684286995611,,,,1788432645925693,1788432645925693,1788432645926782,,,http_data_plane,,,,,1089
server,peer_replication_pull_request,sent,1788432646336901,178842684286995611,,,,,,,,,connected_peers=12,,,,,
server,client_mutation,completed,1788432646427746,178842684286995611,,,,1788432646426444,1788432646426444,1788432646427746,,,http_data_plane,,,,,1302
server,peer_replication_merge_delta,completed,1788432646485668,178842684286995611,,56,,1788432646472199,1788432646485566,1788432646485668,,,"delta_len=194,sent_us=1788432646429641",,,,,102
server,peer_replication_get_delta,completed,1788432646736807,178842684286995611,178842683849155813,56,,1788432646736590,1788432646736596,1788432646736807,,,"delta_len=35,sent_us=1788432646654914",,,,,211
server,client_mutation,completed,1788432646927101,178842684286995611,,,,1788432646926032,1788432646926032,1788432646927101,,,http_data_plane,,,,,1069
server,peer_replication_pull_request,sent,1788432647337383,178842684286995611,,,,,,,,,connected_peers=12,,,,,
server,client_mutation,completed,1788432647427784,178842684286995611,,,,1788432647425587,1788432647425587,1788432647427784,,,http_data_plane,,,,,2197
server,peer_replication_merge_delta,completed,1788432647447499,178842684286995611,,56,,1788432647442690,1788432647447463,1788432647447499,,,"delta_len=41,sent_us=1788432647429316",,,,,36
server,peer_replication_get_delta,completed,1788432647873516,178842684286995611,178842684286996610,56,,1788432647873281,1788432647873288,1788432647873516,,,"delta_len=115,sent_us=1788432647872489",,,,,228
server,client_mutation,completed,1788432647927460,178842684286995611,,,,1788432647926236,1788432647926236,1788432647927460,,,http_data_plane,,,,,1224
server,membership_directory_read,completed,1788432648132015,178842684286995611,,,,,1788432648066300,1788432648132015,,,poll:281 descriptors,,,,,65715
server,peer_replication_pull_request,sent,1788432648336855,178842684286995611,,,,,,,,,connected_peers=12,,,,,
server,peer_replication_merge_delta,completed,1788432648344510,178842684286995611,,56,,1788432648338509,1788432648344435,1788432648344510,,,"delta_len=59,sent_us=1788432648337793",,,,,75
server,client_mutation,completed,1788432648427098,178842684286995611,,,,1788432648425739,1788432648425739,1788432648427098,,,http_data_plane,,,,,1359
server,client_mutation,completed,1788432648926635,178842684286995611,,,,1788432648925604,1788432648925604,1788432648926635,,,http_data_plane,,,,,1031
server,peer_replication_pull_request,sent,1788432649336683,178842684286995611,,,,,,,,,connected_peers=12,,,,,
server,client_mutation,completed,1788432649427235,178842684286995611,,,,1788432649425578,1788432649425578,1788432649427235,,,http_data_plane,,,,,1657
server,peer_replication_merge_delta,completed,1788432649449630,178842684286995611,,56,,1788432649443082,1788432649449588,1788432649449630,,,"delta_len=50,sent_us=1788432649429642",,,,,42
server,peer_replication_get_delta,completed,1788432649696427,178842684286995611,178842683849155813,56,,1788432649696194,1788432649696201,1788432649696427,,,"delta_len=94,sent_us=1788432649655008",,,,,226
server,client_mutation,completed,1788432649926537,178842684286995611,,,,1788432649925585,1788432649925585,1788432649926537,,,http_data_plane,,,,,952
server,peer_replication_get_delta,completed,1788432650136588,178842684286995611,178842684426434112,56,,1788432650136315,1788432650136326,1788432650136588,,,"delta_len=62,sent_us=1788432650124456",,,,,262
server,peer_replication_get_delta,completed,1788432650143942,178842684286995611,178842684286994612,56,,1788432650143496,1788432650143599,1788432650143942,,,"delta_len=62,sent_us=1788432650142932",,,,,343
server,peer_replication_pull_request,sent,1788432650337512,178842684286995611,,,,,,,,,connected_peers=12,,,,,
server,client_mutation,completed,1788432650426670,178842684286995611,,,,1788432650425669,1788432650425669,1788432650426670,,,http_data_plane,,,,,1001
server,client_mutation,completed,1788432650926932,178842684286995611,,,,1788432650925953,1788432650925953,1788432650926932,,,http_data_plane,,,,,979
server,peer_replication_pull_request,sent,1788432651336964,178842684286995611,,,,,,,,,connected_peers=12,,,,,
server,peer_replication_merge_delta,completed,1788432651372919,178842684286995611,,56,,1788432651362020,1788432651372701,1788432651372919,,,"delta_len=136,sent_us=1788432651350007",,,,,218
server,client_mutation,completed,1788432651426989,178842684286995611,,,,1788432651425718,1788432651425718,1788432651426989,,,http_data_plane,,,,,1271
server,client_mutation,completed,1788432651927807,178842684286995611,,,,1788432651926510,1788432651926511,1788432651927807,,,http_data_plane,,,,,1296
server,peer_replication_pull_request,sent,1788432652337362,178842684286995611,,,,,,,,,connected_peers=12,,,,,
server,client_mutation,completed,1788432652429422,178842684286995611,,,,1788432652428221,1788432652428221,1788432652429422,,,http_data_plane,,,,,1201
server,client_mutation,completed,1788432652930648,178842684286995611,,,,1788432652926457,1788432652926457,1788432652930648,,,http_data_plane,,,,,4191
server,membership_directory_read,completed,1788432653126332,178842684286995611,,,,,1788432653066550,1788432653126332,,,poll:281 descriptors,,,,,59782
server,peer_replication_pull_request,sent,1788432653336934,178842684286995611,,,,,,,,,connected_peers=12,,,,,
server,peer_replication_merge_delta,completed,1788432653357298,178842684286995611,,56,,1788432653351694,1788432653357259,1788432653357298,,,"delta_len=47,sent_us=1788432653347705",,,,,39
server,client_mutation,completed,1788432653426636,178842684286995611,,,,1788432653425614,1788432653425614,1788432653426636,,,http_data_plane,,,,,1022
server,peer_replication_get_delta,completed,1788432653788299,178842684286995611,178842683849157813,56,,1788432653787891,1788432653787898,1788432653788299,,,"delta_len=24,sent_us=1788432653701870",,,,,401
server,client_mutation,completed,1788432653926703,178842684286995611,,,,1788432653925572,1788432653925572,1788432653926703,,,http_data_plane,,,,,1131
server,peer_replication_pull_request,sent,1788432654336781,178842684286995611,,,,,,,,,connected_peers=12,,,,,
server,peer_replication_merge_delta,completed,1788432654436003,178842684286995611,,56,,1788432654425936,1788432654435943,1788432654436003,,,"delta_len=82,sent_us=1788432654385030",,,,,60
server,client_mutation,completed,1788432654426728,178842684286995611,,,,1788432654425595,1788432654425595,1788432654426728,,,http_data_plane,,,,,1133
server,peer_replication_get_delta,completed,1788432654743643,178842684286995611,178842683849157813,56,,1788432654743104,1788432654743110,1788432654743643,,,"delta_len=62,sent_us=1788432654701038",,,,,533
server,client_mutation,completed,1788432654928686,178842684286995611,,,,1788432654926039,1788432654926040,1788432654928686,,,http_data_plane,,,,,2646
server,peer_replication_pull_request,sent,1788432655337457,178842684286995611,,,,,,,,,connected_peers=12,,,,,
server,client_mutation,completed,1788432655427680,178842684286995611,,,,1788432655426237,1788432655426237,1788432655427680,,,http_data_plane,,,,,1443
server,peer_replication_merge_delta,completed,1788432655449362,178842684286995611,,56,,1788432655444067,1788432655449333,1788432655449362,,,"delta_len=25,sent_us=1788432655430693",,,,,29
server,peer_replication_get_delta,completed,1788432655697441,178842684286995611,178842683849155813,56,,1788432655697220,1788432655697227,1788432655697441,,,"delta_len=24,sent_us=1788432655655739",,,,,214
server,client_mutation,completed,1788432655939223,178842684286995611,,,,1788432655926747,1788432655926748,1788432655939223,,,http_data_plane,,,,,12475
server,peer_replication_pull_request,sent,1788432656337415,178842684286995611,,,,,,,,,connected_peers=12,,,,,
server,peer_replication_merge_delta,completed,1788432656439147,178842684286995611,,56,,1788432656424567,1788432656439096,1788432656439147,,,"delta_len=66,sent_us=1788432656382968",,,,,51
server,client_mutation,completed,1788432656440704,178842684286995611,,,,1788432656426213,1788432656426213,1788432656440704,,,http_data_plane,,,,,14491
server,client_mutation,completed,1788432656926960,178842684286995611,,,,1788432656925821,1788432656925822,1788432656926960,,,http_data_plane,,,,,1138
server,peer_replication_pull_request,sent,1788432657337136,178842684286995611,,,,,,,,,connected_peers=12,,,,,
server,peer_replication_merge_delta,completed,1788432657399882,178842684286995611,,56,,1788432657394388,1788432657399850,1788432657399882,,,"delta_len=39,sent_us=1788432657380959",,,,,32
server,client_mutation,completed,1788432657426938,178842684286995611,,,,1788432657425773,1788432657425773,1788432657426938,,,http_data_plane,,,,,1165
server,client_mutation,completed,1788432657927486,178842684286995611,,,,1788432657925750,1788432657925750,1788432657927486,,,http_data_plane,,,,,1736
server,membership_directory_read,completed,1788432658130012,178842684286995611,,,,,1788432658066247,1788432658130012,,,poll:281 descriptors,,,,,63765
server,peer_replication_get_delta,completed,1788432658136492,178842684286995611,178842684426434112,56,,1788432658136220,1788432658136230,1788432658136492,,,"delta_len=28,sent_us=1788432658124263",,,,,262
server,peer_replication_pull_request,sent,1788432658337055,178842684286995611,,,,,,,,,connected_peers=12,,,,,
server,peer_replication_merge_delta,completed,1788432658404135,178842684286995611,,56,,1788432658399707,1788432658404105,1788432658404135,,,"delta_len=26,sent_us=1788432658386172",,,,,30
server,client_mutation,completed,1788432658427387,178842684286995611,,,,1788432658425695,1788432658425695,1788432658427387,,,http_data_plane,,,,,1692
server,peer_replication_get_delta,completed,1788432658497715,178842684286995611,178842683849156813,56,,1788432658497484,1788432658497490,1788432658497715,,,"delta_len=29,sent_us=1788432658456611",,,,,225
server,peer_replication_get_delta,completed,1788432658874119,178842684286995611,178842684286996610,56,,1788432658873904,1788432658873911,1788432658874119,,,"delta_len=35,sent_us=1788432658873276",,,,,208
server,client_mutation,completed,1788432658926765,178842684286995611,,,,1788432658925722,1788432658925722,1788432658926765,,,http_data_plane,,,,,1043
server,peer_replication_pull_request,sent,1788432659337071,178842684286995611,,,,,,,,,connected_peers=12,,,,,
server,peer_replication_merge_delta,completed,1788432659342624,178842684286995611,,56,,1788432659339073,1788432659342601,1788432659342624,,,"delta_len=12,sent_us=1788432659338327",,,,,23
server,client_mutation,completed,1788432659426601,178842684286995611,,,,1788432659425568,1788432659425568,1788432659426601,,,http_data_plane,,,,,1033
server,peer_replication_get_delta,completed,1788432659492726,178842684286995611,178842684426432112,56,,1788432659492495,1788432659492502,1788432659492726,,,"delta_len=34,sent_us=1788432659481724",,,,,224
server,client_mutation,completed,1788432659928864,178842684286995611,,,,1788432659925966,1788432659925967,1788432659928864,,,http_data_plane,,,,,2897
server,peer_replication_pull_request,sent,1788432660337322,178842684286995611,,,,,,,,,connected_peers=12,,,,,
server,peer_replication_merge_delta,completed,1788432660368279,178842684286995611,,56,,1788432660361333,1788432660368243,1788432660368279,,,"delta_len=35,sent_us=1788432660355513",,,,,36
server,client_mutation,completed,1788432660427800,178842684286995611,,,,1788432660425887,1788432660425887,1788432660427800,,,http_data_plane,,,,,1913
server,peer_replication_connection,established,1788432660517624,178842684286995611,178842683956183213,,,,,,,,,,,,,
server,client_mutation,completed,1788432660928147,178842684286995611,,,,1788432660925979,1788432660925980,1788432660928147,,,http_data_plane,,,,,2167
server,peer_replication_get_delta,completed,1788432661138105,178842684286995611,178842684426434112,56,,1788432661136487,1788432661136495,1788432661138105,,,"delta_len=61,sent_us=1788432661124023",,,,,1610
server,peer_replication_pull_request,sent,1788432661336613,178842684286995611,,,,,,,,,connected_peers=13,,,,,
server,peer_replication_merge_delta,completed,1788432661374200,178842684286995611,,56,,1788432661361526,1788432661374117,1788432661374200,,,"delta_len=141,sent_us=1788432661349586",,,,,83
server,client_mutation,completed,1788432661427995,178842684286995611,,,,1788432661425707,1788432661425707,1788432661427995,,,http_data_plane,,,,,2288
server,peer_replication_get_delta,completed,1788432661571801,178842684286995611,178842683956183213,56,,1788432661571184,1788432661571190,1788432661571801,,,"delta_len=2887,sent_us=1788432661498797",,,,,611
server,client_mutation,completed,1788432661927847,178842684286995611,,,,1788432661925618,1788432661925618,1788432661927847,,,http_data_plane,,,,,2229
server,peer_replication_pull_request,sent,1788432662336670,178842684286995611,,,,,,,,,connected_peers=13,,,,,
server,client_mutation,completed,1788432662427809,178842684286995611,,,,1788432662425532,1788432662425532,1788432662427809,,,http_data_plane,,,,,2277
server,peer_replication_connection,established,1788432662786554,178842684286995611,178842683956184213,,,,,,,,,,,,,
server,client_mutation,completed,1788432662928339,178842684286995611,,,,1788432662925660,1788432662925660,1788432662928339,,,http_data_plane,,,,,2679
server,membership_directory_read,completed,1788432663130259,178842684286995611,,,,,1788432663065961,1788432663130259,,,poll:286 descriptors,,,,,64298
server,peer_replication_pull_request,sent,1788432663336720,178842684286995611,,,,,,,,,connected_peers=14,,,,,
server,peer_replication_merge_delta,completed,1788432663344003,178842684286995611,,56,,1788432663338375,1788432663343938,1788432663344003,,,"delta_len=26,sent_us=1788432663337612",,,,,65
server,client_mutation,completed,1788432663428123,178842684286995611,,,,1788432663425628,1788432663425628,1788432663428123,,,http_data_plane,,,,,2495
server,client_mutation,completed,1788432663927853,178842684286995611,,,,1788432663925571,1788432663925571,1788432663927853,,,http_data_plane,,,,,2282
server,peer_replication_pull_request,sent,1788432664336880,178842684286995611,,,,,,,,,connected_peers=14,,,,,
server,peer_replication_merge_delta,completed,1788432664345317,178842684286995611,,56,,1788432664338569,1788432664345257,1788432664345317,,,"delta_len=55,sent_us=1788432664337798",,,,,60
server,client_mutation,completed,1788432664428030,178842684286995611,,,,1788432664425589,1788432664425589,1788432664428030,,,http_data_plane,,,,,2441
server,peer_replication_get_delta,completed,1788432664873202,178842684286995611,178842684286996610,56,,1788432664872992,1788432664872997,1788432664873202,,,"delta_len=12,sent_us=1788432664872010",,,,,205
server,client_mutation,completed,1788432664927802,178842684286995611,,,,1788432664925602,1788432664925602,1788432664927802,,,http_data_plane,,,,,2200
server,peer_replication_connection,established,1788432665202860,178842684286995611,178842683956185213,,,,,,,,,,,,,
server,peer_replication_pull_request,sent,1788432665337055,178842684286995611,,,,,,,,,connected_peers=15,,,,,
server,peer_replication_merge_delta,completed,1788432665377721,178842684286995611,,56,,1788432665368343,1788432665377629,1788432665377721,,,"delta_len=95,sent_us=1788432665352632",,,,,92
server,client_mutation,completed,1788432665427799,178842684286995611,,,,1788432665425595,1788432665425596,1788432665427799,,,http_data_plane,,,,,2203
server,client_mutation,completed,1788432665928102,178842684286995611,,,,1788432665926210,1788432665926211,1788432665928102,,,http_data_plane,,,,,1891
server,peer_replication_pull_request,sent,1788432666336866,178842684286995611,,,,,,,,,connected_peers=15,,,,,
server,client_mutation,completed,1788432666427731,178842684286995611,,,,1788432666425612,1788432666425612,1788432666427731,,,http_data_plane,,,,,2119
server,peer_replication_merge_delta,completed,1788432666447699,178842684286995611,,56,,1788432666441730,1788432666447650,1788432666447699,,,"delta_len=41,sent_us=1788432666428334",,,,,49
server,peer_replication_get_delta,completed,1788432666468416,178842684286995611,178842684286993612,56,,1788432666468176,1788432666468185,1788432666468416,,,"delta_len=48,sent_us=1788432666467447",,,,,231
server,client_mutation,completed,1788432666927918,178842684286995611,,,,1788432666925681,1788432666925682,1788432666927918,,,http_data_plane,,,,,2236
server,peer_replication_pull_request,sent,1788432667336957,178842684286995611,,,,,,,,,connected_peers=15,,,,,
server,peer_replication_merge_delta,completed,1788432667365511,178842684286995611,,56,,1788432667358655,1788432667365468,1788432667365511,,,"delta_len=59,sent_us=1788432667347812",,,,,43
server,client_mutation,completed,1788432667427720,178842684286995611,,,,1788432667425576,1788432667425576,1788432667427720,,,http_data_plane,,,,,2144
server,client_mutation,completed,1788432667927670,178842684286995611,,,,1788432667925561,1788432667925561,1788432667927670,,,http_data_plane,,,,,2109
server,membership_directory_read,completed,1788432668132006,178842684286995611,,,,,1788432668066488,1788432668132006,,,poll:287 descriptors,,,,,65518
server,peer_replication_pull_request,sent,1788432668337485,178842684286995611,,,,,,,,,connected_peers=15,,,,,
server,client_mutation,completed,1788432668427862,178842684286995611,,,,1788432668425605,1788432668425605,1788432668427862,,,http_data_plane,,,,,2257
server,peer_replication_get_delta,completed,1788432668561387,178842684286995611,178842683956183213,56,,1788432668561169,1788432668561175,1788432668561387,,,"delta_len=26,sent_us=1788432668499059",,,,,212
server,client_mutation,completed,1788432668928262,178842684286995611,,,,1788432668925972,1788432668925972,1788432668928262,,,http_data_plane,,,,,2290
server,peer_replication_pull_request,sent,1788432669337306,178842684286995611,,,,,,,,,connected_peers=15,,,,,
server,peer_replication_merge_delta,completed,1788432669347394,178842684286995611,,56,,1788432669339051,1788432669347327,1788432669347394,,,"delta_len=65,sent_us=1788432669338204",,,,,67
server,client_mutation,completed,1788432669427753,178842684286995611,,,,1788432669425580,1788432669425581,1788432669427753,,,http_data_plane,,,,,2172
server,client_mutation,completed,1788432669928258,178842684286995611,,,,1788432669925827,1788432669925827,1788432669928258,,,http_data_plane,,,,,2431
server,peer_replication_pull_request,sent,1788432670336615,178842684286995611,,,,,,,,,connected_peers=15,,,,,
server,peer_replication_merge_delta,completed,1788432670361747,178842684286995611,,56,,1788432670356915,1788432670361713,1788432670361747,,,"delta_len=25,sent_us=1788432670351078",,,,,34
server,client_mutation,completed,1788432670427828,178842684286995611,,,,1788432670425566,1788432670425566,1788432670427828,,,http_data_plane,,,,,2262
server,peer_replication_get_delta,completed,1788432670779463,178842684286995611,178842684426433112,56,,1788432670779243,1788432670779249,1788432670779463,,,"delta_len=25,sent_us=1788432670768700",,,,,214
server,client_mutation,completed,1788432670927894,178842684286995611,,,,1788432670925595,1788432670925595,1788432670927894,,,http_data_plane,,,,,2299
server,peer_replication_pull_request,sent,1788432671336984,178842684286995611,,,,,,,,,connected_peers=15,,,,,
server,client_mutation,completed,1788432671428055,178842684286995611,,,,1788432671425836,1788432671425836,1788432671428055,,,http_data_plane,,,,,2219
server,client_mutation,completed,1788432671928056,178842684286995611,,,,1788432671925601,1788432671925601,1788432671928056,,,http_data_plane,,,,,2455
server,peer_replication_pull_request,sent,1788432672337278,178842684286995611,,,,,,,,,connected_peers=15,,,,,
server,peer_replication_merge_delta,completed,1788432672352686,178842684286995611,,56,,1788432672340123,1788432672352618,1788432672352686,,,"delta_len=85,sent_us=1788432672338533",,,,,68
server,client_mutation,completed,1788432672427784,178842684286995611,,,,1788432672425580,1788432672425580,1788432672427784,,,http_data_plane,,,,,2204
server,client_mutation,completed,1788432672927685,178842684286995611,,,,1788432672925544,1788432672925544,1788432672927685,,,http_data_plane,,,,,2141
server,membership_directory_read,completed,1788432673134254,178842684286995611,,,,,1788432673066527,1788432673134254,,,poll:287 descriptors,,,,,67727
server,peer_replication_pull_request,sent,1788432673336845,178842684286995611,,,,,,,,,connected_peers=15,,,,,
server,peer_replication_merge_delta,completed,1788432673383385,178842684286995611,,56,,1788432673374433,1788432673383292,1788432673383385,,,"delta_len=100,sent_us=1788432673355292",,,,,93
server,client_mutation,completed,1788432673427802,178842684286995611,,,,1788432673425604,1788432673425604,1788432673427802,,,http_data_plane,,,,,2198
server,client_mutation,completed,1788432673927735,178842684286995611,,,,1788432673925591,1788432673925591,1788432673927735,,,http_data_plane,,,,,2144
server,peer_replication_pull_request,sent,1788432674336959,178842684286995611,,,,,,,,,connected_peers=15,,,,,
server,peer_replication_merge_delta,completed,1788432674363769,178842684286995611,,56,,1788432674357291,1788432674363592,1788432674363769,,,"delta_len=51,sent_us=1788432674351423",,,,,177
server,client_mutation,completed,1788432674427741,178842684286995611,,,,1788432674425591,1788432674425592,1788432674427741,,,http_data_plane,,,,,2149
server,client_mutation,completed,1788432674929389,178842684286995611,,,,1788432674927051,1788432674927051,1788432674929389,,,http_data_plane,,,,,2338
server,peer_replication_pull_request,sent,1788432675336703,178842684286995611,,,,,,,,,connected_peers=15,,,,,
server,peer_replication_merge_delta,completed,1788432675359696,178842684286995611,,56,,1788432675353564,1788432675359656,1788432675359696,,,"delta_len=49,sent_us=1788432675349712",,,,,40
server,client_mutation,completed,1788432675427725,178842684286995611,,,,1788432675425593,1788432675425593,1788432675427725,,,http_data_plane,,,,,2132
server,client_mutation,completed,1788432675928052,178842684286995611,,,,1788432675925974,1788432675925974,1788432675928052,,,http_data_plane,,,,,2078
server,peer_replication_pull_request,sent,1788432676337231,178842684286995611,,,,,,,,,connected_peers=15,,,,,
server,peer_replication_merge_delta,completed,1788432676345747,178842684286995611,,56,,1788432676339003,1788432676345685,1788432676345747,,,"delta_len=57,sent_us=1788432676338069",,,,,62
server,client_mutation,completed,1788432676427636,178842684286995611,,,,1788432676425784,1788432676425784,1788432676427636,,,http_data_plane,,,,,1852
server,peer_replication_get_delta,completed,1788432676492543,178842684286995611,178842684426432112,56,,1788432676492246,1788432676492254,1788432676492543,,,"delta_len=144,sent_us=1788432676481684",,,,,289
server,peer_replication_get_delta,completed,1788432676788214,178842684286995611,178842683849157813,56,,1788432676787895,1788432676787903,1788432676788214,,,"delta_len=58,sent_us=1788432676701737",,,,,311
server,client_mutation,completed,1788432676927837,178842684286995611,,,,1788432676925596,1788432676925596,1788432676927837,,,http_data_plane,,,,,2241
server,peer_replication_get_delta,completed,1788432677216454,178842684286995611,178842683956185213,56,,1788432677216195,1788432677216202,1788432677216454,,,"delta_len=59,sent_us=1788432677196806",,,,,252
server,peer_replication_pull_request,sent,1788432677336901,178842684286995611,,,,,,,,,connected_peers=15,,,,,
server,client_mutation,completed,1788432677427983,178842684286995611,,,,1788432677425587,1788432677425587,1788432677427983,,,http_data_plane,,,,,2396
server,peer_replication_merge_delta,completed,1788432677448331,178842684286995611,,56,,1788432677443208,1788432677448300,1788432677448331,,,"delta_len=29,sent_us=1788432677429282",,,,,31
server,peer_replication_get_delta,completed,1788432677873092,178842684286995611,178842684286996610,56,,1788432677872863,1788432677872868,1788432677873092,,,"delta_len=63,sent_us=1788432677872320",,,,,224
server,client_mutation,completed,1788432677927702,178842684286995611,,,,1788432677925606,1788432677925606,1788432677927702,,,http_data_plane,,,,,2096
server,membership_directory_read,completed,1788432678134537,178842684286995611,,,,,1788432678065780,1788432678134537,,,poll:287 descriptors,,,,,68757
server,peer_replication_pull_request,sent,1788432678337254,178842684286995611,,,,,,,,,connected_peers=15,,,,,
server,client_mutation,completed,1788432678427743,178842684286995611,,,,1788432678425571,1788432678425571,1788432678427743,,,http_data_plane,,,,,2172
server,peer_replication_merge_delta,completed,1788432678446527,178842684286995611,,56,,1788432678442061,1788432678446505,1788432678446527,,,"delta_len=16,sent_us=1788432678428736",,,,,22
server,peer_replication_get_delta,completed,1788432678872928,178842684286995611,178842684286996610,56,,1788432678872702,1788432678872708,1788432678872928,,,"delta_len=12,sent_us=1788432678872039",,,,,220
server,client_mutation,completed,1788432678927763,178842684286995611,,,,1788432678925606,1788432678925607,1788432678927763,,,http_data_plane,,,,,2156
server,peer_replication_pull_request,sent,1788432679336788,178842684286995611,,,,,,,,,connected_peers=15,,,,,
server,peer_replication_merge_delta,completed,1788432679345811,178842684286995611,,56,,1788432679338256,1788432679345716,1788432679345811,,,"delta_len=77,sent_us=1788432679337530",,,,,95
server,client_mutation,completed,1788432679427692,178842684286995611,,,,1788432679425575,1788432679425575,1788432679427692,,,http_data_plane,,,,,2117
server,peer_replication_get_delta,completed,1788432679873423,178842684286995611,178842684286996610,56,,1788432679873189,1788432679873195,1788432679873423,,,"delta_len=49,sent_us=1788432679872581",,,,,228
server,client_mutation,completed,1788432679928284,178842684286995611,,,,1788432679925714,1788432679925714,1788432679928284,,,http_data_plane,,,,,2570
server,peer_replication_pull_request,sent,1788432680337365,178842684286995611,,,,,,,,,connected_peers=15,,,,,
server,peer_replication_merge_delta,completed,1788432680435423,178842684286995611,,56,,1788432680427039,1788432680435323,1788432680435423,,,"delta_len=62,sent_us=1788432680384637",,,,,100
server,client_mutation,completed,1788432680427921,178842684286995611,,,,1788432680425574,1788432680425574,1788432680427921,,,http_data_plane,,,,,2347
server,peer_replication_get_delta,completed,1788432680697713,178842684286995611,178842683849155813,56,,1788432680697484,1788432680697490,1788432680697713,,,"delta_len=69,sent_us=1788432680655282",,,,,223
server,client_mutation,completed,1788432680928227,178842684286995611,,,,1788432680926048,1788432680926049,1788432680928227,,,http_data_plane,,,,,2178
server,peer_replication_pull_request,sent,1788432681337134,178842684286995611,,,,,,,,,connected_peers=15,,,,,
server,peer_replication_merge_delta,completed,1788432681346589,178842684286995611,,56,,1788432681339042,1788432681346527,1788432681346589,,,"delta_len=41,sent_us=1788432681338094",,,,,62
server,client_mutation,completed,1788432681427827,178842684286995611,,,,1788432681425645,1788432681425645,1788432681427827,,,http_data_plane,,,,,2182
server,client_mutation,completed,1788432681927726,178842684286995611,,,,1788432681925553,1788432681925553,1788432681927726,,,http_data_plane,,,,,2173
server,peer_replication_pull_request,sent,1788432682336825,178842684286995611,,,,,,,,,connected_peers=15,,,,,
server,peer_replication_merge_delta,completed,1788432682344163,178842684286995611,,56,,1788432682338371,1788432682344124,1788432682344163,,,"delta_len=37,sent_us=1788432682337645",,,,,39
server,client_mutation,completed,1788432682427757,178842684286995611,,,,1788432682425564,1788432682425564,1788432682427757,,,http_data_plane,,,,,2193
server,peer_replication_get_delta,completed,1788432682696021,178842684286995611,178842683849155813,56,,1788432682695801,1788432682695808,1788432682696021,,,"delta_len=42,sent_us=1788432682654576",,,,,213
server,peer_replication_get_delta,completed,1788432682787235,178842684286995611,178842683956184213,56,,1788432682786996,1788432682787003,1788432682787235,,,"delta_len=51,sent_us=1788432682767845",,,,,232
server,client_mutation,completed,1788432682927789,178842684286995611,,,,1788432682925630,1788432682925630,1788432682927789,,,http_data_plane,,,,,2159
server,membership_directory_read,completed,1788432683121849,178842684286995611,,,,,1788432683065641,1788432683121849,,,poll:287 descriptors,,,,,56208
server,peer_replication_pull_request,sent,1788432683337485,178842684286995611,,,,,,,,,connected_peers=15,,,,,
server,peer_replication_merge_delta,completed,1788432683398603,178842684286995611,,56,,1788432683395905,1788432683398586,1788432683398603,,,"delta_len=12,sent_us=1788432683381701",,,,,17
server,client_mutation,completed,1788432683426483,178842684286995611,,,,1788432683425530,1788432683425530,1788432683426483,,,http_data_plane,,,,,953
server,peer_replication_get_delta,completed,1788432683492754,178842684286995611,178842684426432112,56,,1788432683492402,1788432683492412,1788432683492754,,,"delta_len=53,sent_us=1788432683481641",,,,,342
server,peer_replication_get_delta,completed,1788432683498089,178842684286995611,178842683849156813,56,,1788432683497798,1788432683497807,1788432683498089,,,"delta_len=50,sent_us=1788432683455988",,,,,282
server,client_mutation,completed,1788432683926654,178842684286995611,,,,1788432683925595,1788432683925595,1788432683926654,,,http_data_plane,,,,,1059
server,peer_replication_pull_request,sent,1788432684337619,178842684286995611,,,,,,,,,connected_peers=15,,,,,
server,peer_replication_merge_delta,completed,1788432684343665,178842684286995611,,56,,1788432684339176,1788432684343633,1788432684343665,,,"delta_len=32,sent_us=1788432684338556",,,,,32
server,client_mutation,completed,1788432684426549,178842684286995611,,,,1788432684425578,1788432684425578,1788432684426549,,,http_data_plane,,,,,971
server,client_mutation,completed,1788432684927288,178842684286995611,,,,1788432684925541,1788432684925541,1788432684927288,,,http_data_plane,,,,,1747
server,peer_replication_pull_request,sent,1788432685337424,178842684286995611,,,,,,,,,connected_peers=15,,,,,
server,peer_replication_merge_delta,completed,1788432685381313,178842684286995611,,56,,1788432685374644,1788432685381263,1788432685381313,,,"delta_len=65,sent_us=1788432685355684",,,,,50
server,client_mutation,completed,1788432685426675,178842684286995611,,,,1788432685425539,1788432685425539,1788432685426675,,,http_data_plane,,,,,1136
server,client_mutation,completed,1788432685926632,178842684286995611,,,,1788432685925542,1788432685925542,1788432685926632,,,http_data_plane,,,,,1090
server,peer_replication_pull_request,sent,1788432686336712,178842684286995611,,,,,,,,,connected_peers=15,,,,,
server,peer_replication_merge_delta,completed,1788432686365583,178842684286995611,,56,,1788432686358382,1788432686365516,1788432686365583,,,"delta_len=71,sent_us=1788432686347606",,,,,67
server,client_mutation,completed,1788432686426467,178842684286995611,,,,1788432686425556,1788432686425556,1788432686426467,,,http_data_plane,,,,,911
server,client_mutation,completed,1788432686927180,178842684286995611,,,,1788432686925545,1788432686925546,1788432686927180,,,http_data_plane,,,,,1634
server,peer_replication_pull_request,sent,1788432687337283,178842684286995611,,,,,,,,,connected_peers=15,,,,,
server,client_mutation,completed,1788432687426766,178842684286995611,,,,1788432687425545,1788432687425545,1788432687426766,,,http_data_plane,,,,,1221
server,client_mutation,completed,1788432687927297,178842684286995611,,,,1788432687925568,1788432687925568,1788432687927297,,,http_data_plane,,,,,1729
server,membership_directory_read,completed,1788432688130827,178842684286995611,,,,,1788432688066330,1788432688130827,,,poll:287 descriptors,,,,,64497
server,peer_replication_pull_request,sent,1788432688337380,178842684286995611,,,,,,,,,connected_peers=15,,,,,
server,peer_replication_merge_delta,completed,1788432688438523,178842684286995611,,56,,1788432688427026,1788432688438437,1788432688438523,,,"delta_len=133,sent_us=1788432688382588",,,,,86
server,client_mutation,completed,1788432688427649,178842684286995611,,,,1788432688425587,1788432688425587,1788432688427649,,,http_data_plane,,,,,2062
server,client_mutation,completed,1788432688928159,178842684286995611,,,,1788432688925709,1788432688925709,1788432688928159,,,http_data_plane,,,,,2450
server,peer_replication_pull_request,sent,1788432689337171,178842684286995611,,,,,,,,,connected_peers=15,,,,,
server,peer_replication_merge_delta,completed,1788432689357540,178842684286995611,,56,,1788432689352606,1788432689357514,1788432689357540,,,"delta_len=27,sent_us=1788432689348882",,,,,26
server,client_mutation,completed,1788432689427828,178842684286995611,,,,1788432689425557,1788432689425558,1788432689427828,,,http_data_plane,,,,,2270
server,client_mutation,completed,1788432689927891,178842684286995611,,,,1788432689925581,1788432689925581,1788432689927891,,,http_data_plane,,,,,2310
server,peer_replication_pull_request,sent,1788432690337342,178842684286995611,,,,,,,,,connected_peers=15,,,,,
server,peer_replication_merge_delta,completed,1788432690365847,178842684286995611,,56,,1788432690359665,1788432690365831,1788432690365847,,,"delta_len=9,sent_us=1788432690348273",,,,,16
server,client_mutation,completed,1788432690427892,178842684286995611,,,,1788432690425894,1788432690425894,1788432690427892,,,http_data_plane,,,,,1998
server,client_mutation,completed,1788432690928366,178842684286995611,,,,1788432690925782,1788432690925782,1788432690928366,,,http_data_plane,,,,,2584
server,peer_replication_pull_request,sent,1788432691340006,178842684286995611,,,,,,,,,connected_peers=15,,,,,
server,client_mutation,completed,1788432691431163,178842684286995611,,,,1788432691427304,1788432691427304,1788432691431163,,,http_data_plane,,,,,3859
server,peer_replication_merge_delta,completed,1788432691486000,178842684286995611,,56,,1788432691475395,1788432691485925,1788432691486000,,,"delta_len=84,sent_us=1788432691431183",,,,,75
server,client_mutation,completed,1788432691929205,178842684286995611,,,,1788432691925877,1788432691925877,1788432691929205,,,http_data_plane,,,,,3328
server,peer_replication_pull_request,sent,1788432692337291,178842684286995611,,,,,,,,,connected_peers=15,,,,,
server,peer_replication_merge_delta,completed,1788432692349893,178842684286995611,,56,,1788432692339423,1788432692349850,1788432692349893,,,"delta_len=57,sent_us=1788432692338276",,,,,43
server,client_mutation,completed,1788432692428065,178842684286995611,,,,1788432692425904,1788432692425905,1788432692428065,,,http_data_plane,,,,,2160
server,peer_replication_get_delta,completed,1788432692779322,178842684286995611,178842684426433112,56,,1788432692779094,1788432692779101,1788432692779322,,,"delta_len=68,sent_us=1788432692768422",,,,,221
server,client_mutation,completed,1788432692927740,178842684286995611,,,,1788432692925576,1788432692925577,1788432692927740,,,http_data_plane,,,,,2163
server,membership_directory_read,completed,1788432693133259,178842684286995611,,,,,1788432693065600,1788432693133259,,,poll:287 descriptors,,,,,67659
server,peer_replication_pull_request,sent,1788432693336986,178842684286995611,,,,,,,,,connected_peers=15,,,,,
server,peer_replication_merge_delta,completed,1788432693405107,178842684286995611,,56,,1788432693397540,1788432693405089,1788432693405107,,,"delta_len=17,sent_us=1788432693383042",,,,,18
server,client_mutation,completed,1788432693427971,178842684286995611,,,,1788432693425813,1788432693425813,1788432693427971,,,http_data_plane,,,,,2158
server,client_mutation,completed,1788432693929259,178842684286995611,,,,1788432693925670,1788432693925670,1788432693929259,,,http_data_plane,,,,,3589
server,peer_replication_pull_request,sent,1788432694336569,178842684286995611,,,,,,,,,connected_peers=15,,,,,
server,peer_replication_merge_delta,completed,1788432694360016,178842684286995611,,56,,1788432694351432,1788432694359967,1788432694360016,,,"delta_len=47,sent_us=1788432694347400",,,,,49
server,client_mutation,completed,1788432694427966,178842684286995611,,,,1788432694425641,1788432694425641,1788432694427966,,,http_data_plane,,,,,2325
server,peer_replication_get_delta,completed,1788432694498935,178842684286995611,178842684286997609,56,,1788432694498667,1788432694498672,1788432694498935,,,"delta_len=44,sent_us=1788432694498040",,,,,263
server,client_mutation,completed,1788432694927695,178842684286995611,,,,1788432694925587,1788432694925587,1788432694927695,,,http_data_plane,,,,,2108
server,peer_replication_pull_request,sent,1788432695336773,178842684286995611,,,,,,,,,connected_peers=15,,,,,
server,peer_replication_merge_delta,completed,1788432695385107,178842684286995611,,56,,1788432695374541,1788432695385015,1788432695385107,,,"delta_len=95,sent_us=1788432695355146",,,,,92
server,client_mutation,completed,1788432695428339,178842684286995611,,,,1788432695425800,1788432695425800,1788432695428339,,,http_data_plane,,,,,2539
server,peer_replication_get_delta,completed,1788432695499151,178842684286995611,178842684286997609,56,,1788432695498877,1788432695498883,1788432695499151,,,"delta_len=90,sent_us=1788432695498123",,,,,268
server,peer_replication_get_delta,completed,1788432695744130,178842684286995611,178842683849157813,56,,1788432695743692,1788432695743700,1788432695744130,,,"delta_len=85,sent_us=1788432695701321",,,,,430
server,client_mutation,completed,1788432695928046,178842684286995611,,,,1788432695925612,1788432695925612,1788432695928046,,,http_data_plane,,,,,2434
server,peer_replication_pull_request,sent,1788432696337162,178842684286995611,,,,,,,,,connected_peers=15,,,,,
server,peer_replication_merge_delta,completed,1788432696359909,178842684286995611,,56,,1788432696352343,1788432696359875,1788432696359909,,,"delta_len=33,sent_us=1788432696348360",,,,,34
server,client_mutation,completed,1788432696427979,178842684286995611,,,,1788432696425672,1788432696425672,1788432696427979,,,http_data_plane,,,,,2307
server,peer_replication_get_delta,completed,1788432696492878,178842684286995611,178842684426432112,56,,1788432696492591,1788432696492601,1788432696492878,,,"delta_len=68,sent_us=1788432696482034",,,,,277
server,client_mutation,completed,1788432696928108,178842684286995611,,,,1788432696925814,1788432696925815,1788432696928108,,,http_data_plane,,,,,2293
server,peer_replication_pull_request,sent,1788432697336648,178842684286995611,,,,,,,,,connected_peers=15,,,,,
server,peer_replication_merge_delta,completed,1788432697401641,178842684286995611,,56,,1788432697395471,1788432697400572,1788432697401641,,,"delta_len=31,sent_us=1788432697382059",,,,,1069
server,client_mutation,completed,1788432697427982,178842684286995611,,,,1788432697425783,1788432697425784,1788432697427982,,,http_data_plane,,,,,2198
server,client_mutation,completed,1788432697927944,178842684286995611,,,,1788432697925583,1788432697925583,1788432697927944,,,http_data_plane,,,,,2361
server,peer_replication_get_delta,completed,1788432698135632,178842684286995611,178842684426434112,56,,1788432698135257,1788432698135264,1788432698135632,,,"delta_len=36,sent_us=1788432698123567",,,,,368
server,membership_directory_read,completed,1788432698136191,178842684286995611,,,,,1788432698065929,1788432698136191,,,poll:287 descriptors,,,,,70262
server,peer_replication_pull_request,sent,1788432698336994,178842684286995611,,,,,,,,,connected_peers=15,,,,,
server,peer_replication_merge_delta,completed,1788432698343954,178842684286995611,,56,,1788432698338641,1788432698343931,1788432698343954,,,"delta_len=22,sent_us=1788432698338004",,,,,23
server,client_mutation,completed,1788432698427801,178842684286995611,,,,1788432698425577,1788432698425577,1788432698427801,,,http_data_plane,,,,,2224
server,client_mutation,completed,1788432698929727,178842684286995611,,,,1788432698926733,1788432698926733,1788432698929727,,,http_data_plane,,,,,2994
server,peer_replication_get_delta,completed,1788432699135912,178842684286995611,178842684426434112,56,,1788432699135680,1788432699135686,1788432699135912,,,"delta_len=24,sent_us=1788432699123587",,,,,226
server,peer_replication_pull_request,sent,1788432699337845,178842684286995611,,,,,,,,,connected_peers=15,,,,,
server,peer_replication_merge_delta,completed,1788432699376589,178842684286995611,,56,,1788432699368700,1788432699376525,1788432699376589,,,"delta_len=78,sent_us=1788432699352747",,,,,64
server,client_mutation,completed,1788432699428925,178842684286995611,,,,1788432699425680,1788432699425680,1788432699428925,,,http_data_plane,,,,,3245
server,client_mutation,completed,1788432699928210,178842684286995611,,,,1788432699925969,1788432699925970,1788432699928210,,,http_data_plane,,,,,2240
server,peer_replication_pull_request,sent,1788432700337190,178842684286995611,,,,,,,,,connected_peers=15,,,,,
server,client_mutation,completed,1788432700427970,178842684286995611,,,,1788432700425702,1788432700425702,1788432700427970,,,http_data_plane,,,,,2268
server,client_mutation,completed,1788432700929325,178842684286995611,,,,1788432700926528,1788432700926528,1788432700929325,,,http_data_plane,,,,,2797
server,peer_replication_pull_request,sent,1788432701336759,178842684286995611,,,,,,,,,connected_peers=15,,,,,
server,peer_replication_merge_delta,completed,1788432701359845,178842684286995611,,56,,1788432701352461,1788432701359804,1788432701359845,,,"delta_len=43,sent_us=1788432701347601",,,,,41
server,client_mutation,completed,1788432701427782,178842684286995611,,,,1788432701425590,1788432701425590,1788432701427782,,,http_data_plane,,,,,2192
server,peer_replication_get_delta,completed,1788432701492698,178842684286995611,178842684426432112,56,,1788432701492476,1788432701492482,1788432701492698,,,"delta_len=10,sent_us=1788432701481759",,,,,216
server,client_mutation,completed,1788432701929112,178842684286995611,,,,1788432701926578,1788432701926578,1788432701929112,,,http_data_plane,,,,,2534
server,peer_replication_pull_request,sent,1788432702336746,178842684286995611,,,,,,,,,connected_peers=15,,,,,
server,peer_replication_merge_delta,completed,1788432702434175,178842684286995611,,56,,1788432702423814,1788432702434125,1788432702434175,,,"delta_len=64,sent_us=1788432702382501",,,,,50
server,client_mutation,completed,1788432702436505,178842684286995611,,,,1788432702426086,1788432702426087,1788432702436505,,,http_data_plane,,,,,10418
server,client_mutation,completed,1788432702929188,178842684286995611,,,,1788432702926261,1788432702926261,1788432702929188,,,http_data_plane,,,,,2927
server,membership_directory_read,completed,1788432703149244,178842684286995611,,,,,1788432703066097,1788432703149244,,,poll:287 descriptors,,,,,83147
server,peer_replication_pull_request,sent,1788432703336887,178842684286995611,,,,,,,,,connected_peers=15,,,,,
server,peer_replication_merge_delta,completed,1788432703357963,178842684286995611,,56,,1788432703351493,1788432703357934,1788432703357963,,,"delta_len=34,sent_us=1788432703347674",,,,,29
server,client_mutation,completed,1788432703429309,178842684286995611,,,,1788432703426945,1788432703426946,1788432703429309,,,http_data_plane,,,,,2363
server,peer_replication_get_delta,completed,1788432703499144,178842684286995611,178842684286997609,56,,1788432703498884,1788432703498889,1788432703499144,,,"delta_len=39,sent_us=1788432703498378",,,,,255
server,peer_replication_get_delta,completed,1788432703780044,178842684286995611,178842684426433112,56,,1788432703779721,1788432703779729,1788432703780044,,,"delta_len=22,sent_us=1788432703768728",,,,,315
server,client_mutation,completed,1788432703927717,178842684286995611,,,,1788432703925578,1788432703925578,1788432703927717,,,http_data_plane,,,,,2139
server,peer_replication_pull_request,sent,1788432704337401,178842684286995611,,,,,,,,,connected_peers=15,,,,,
server,peer_replication_merge_delta,completed,1788432704430020,178842684286995611,,56,,1788432704421499,1788432704429958,1788432704430020,,,"delta_len=85,sent_us=1788432704380177",,,,,62
server,client_mutation,completed,1788432704432197,178842684286995611,,,,1788432704425918,1788432704425918,1788432704432197,,,http_data_plane,,,,,6279
server,peer_replication_get_delta,completed,1788432704499323,178842684286995611,178842684286997609,56,,1788432704498961,1788432704498966,1788432704499323,,,"delta_len=87,sent_us=1788432704498121",,,,,357
server,client_mutation,completed,1788432704928172,178842684286995611,,,,1788432704925938,1788432704925939,1788432704928172,,,http_data_plane,,,,,2233
server,peer_replication_pull_request,sent,1788432705336588,178842684286995611,,,,,,,,,connected_peers=15,,,,,
server,peer_replication_merge_delta,completed,1788432705367649,178842684286995611,,56,,1788432705359400,1788432705367588,1788432705367649,,,"delta_len=60,sent_us=1788432705348399",,,,,61
server,client_mutation,completed,1788432705428843,178842684286995611,,,,1788432705426107,1788432705426107,1788432705428843,,,http_data_plane,,,,,2736
server,peer_replication_get_delta,completed,1788432705493340,178842684286995611,178842684426432112,56,,1788432705492866,1788432705492872,1788432705493340,,,"delta_len=71,sent_us=1788432705481937",,,,,468
server,client_mutation,completed,1788432705927721,178842684286995611,,,,1788432705925595,1788432705925595,1788432705927721,,,http_data_plane,,,,,2126
server,peer_replication_pull_request,sent,1788432706337688,178842684286995611,,,,,,,,,connected_peers=15,,,,,
server,peer_replication_merge_delta,completed,1788432706404533,178842684286995611,,56,,1788432706396452,1788432706404494,1788432706404533,,,"delta_len=43,sent_us=1788432706382537",,,,,39
server,client_mutation,completed,1788432706427865,178842684286995611,,,,1788432706425603,1788432706425603,1788432706427865,,,http_data_plane,,,,,2262
server,peer_replication_get_delta,completed,1788432706787430,178842684286995611,178842683956184213,56,,1788432706787175,1788432706787181,1788432706787430,,,"delta_len=140,sent_us=1788432706768180",,,,,249
server,client_mutation,completed,1788432706929491,178842684286995611,,,,1788432706925874,1788432706925874,1788432706929491,,,http_data_plane,,,,,3617
server,peer_replication_pull_request,sent,1788432707336885,178842684286995611,,,,,,,,,connected_peers=15,,,,,
server,peer_replication_merge_delta,completed,1788432707432089,178842684286995611,,56,,1788432707424231,1788432707432036,1788432707432089,,,"delta_len=65,sent_us=1788432707405044",,,,,53
server,client_mutation,completed,1788432707434270,178842684286995611,,,,1788432707425897,1788432707425897,1788432707434270,,,http_data_plane,,,,,8373
server,client_mutation,completed,1788432707929155,178842684286995611,,,,1788432707926345,1788432707926345,1788432707929155,,,http_data_plane,,,,,2810
server,membership_directory_read,completed,1788432708125907,178842684286995611,,,,,1788432708066210,1788432708125907,,,poll:287 descriptors,,,,,59697
server,peer_replication_pull_request,sent,1788432708337364,178842684286995611,,,,,,,,,connected_peers=15,,,,,
server,peer_replication_merge_delta,completed,1788432708403189,178842684286995611,,56,,1788432708396780,1788432708403141,1788432708403189,,,"delta_len=44,sent_us=1788432708383035",,,,,48
server,client_mutation,completed,1788432708427875,178842684286995611,,,,1788432708425626,1788432708425627,1788432708427875,,,http_data_plane,,,,,2248
server,peer_replication_get_delta,completed,1788432708499407,178842684286995611,178842684286997609,56,,1788432708498996,1788432708499002,1788432708499407,,,"delta_len=45,sent_us=1788432708498050",,,,,405
server,client_mutation,completed,1788432708928176,178842684286995611,,,,1788432708925978,1788432708925978,1788432708928176,,,http_data_plane,,,,,2198
server,peer_replication_pull_request,sent,1788432709337695,178842684286995611,,,,,,,,,connected_peers=15,,,,,
server,peer_replication_merge_delta,completed,1788432709389342,178842684286995611,,56,,1788432709370445,1788432709389265,1788432709389342,,,"delta_len=85,sent_us=1788432709353377",,,,,77
server,client_mutation,completed,1788432709428167,178842684286995611,,,,1788432709425787,1788432709425787,1788432709428167,,,http_data_plane,,,,,2380
server,client_mutation,completed,1788432709928375,178842684286995611,,,,1788432709926060,1788432709926061,1788432709928375,,,http_data_plane,,,,,2314
server,peer_replication_pull_request,sent,1788432710336690,178842684286995611,,,,,,,,,connected_peers=15,,,,,
server,peer_replication_merge_delta,completed,1788432710401306,178842684286995611,,56,,1788432710396200,1788432710401279,1788432710401306,,,"delta_len=31,sent_us=1788432710382604",,,,,27
server,client_mutation,completed,1788432710427757,178842684286995611,,,,1788432710425626,1788432710425627,1788432710427757,,,http_data_plane,,,,,2130
server,client_mutation,completed,1788432710927726,178842684286995611,,,,1788432710925577,1788432710925577,1788432710927726,,,http_data_plane,,,,,2149
server,peer_replication_pull_request,sent,1788432711336946,178842684286995611,,,,,,,,,connected_peers=15,,,,,
server,peer_replication_merge_delta,completed,1788432711434312,178842684286995611,,56,,1788432711424241,1788432711434019,1788432711434312,,,"delta_len=58,sent_us=1788432711382029",,,,,293
server,client_mutation,completed,1788432711437286,178842684286995611,,,,1788432711426120,1788432711426120,1788432711437286,,,http_data_plane,,,,,11166
server,peer_replication_get_delta,completed,1788432711498165,178842684286995611,178842683849156813,56,,1788432711497904,1788432711497909,1788432711498165,,,"delta_len=42,sent_us=1788432711456792",,,,,256
server,peer_replication_get_delta,completed,1788432711788401,178842684286995611,178842683956184213,56,,1788432711788075,1788432711788081,1788432711788401,,,"delta_len=68,sent_us=1788432711767740",,,,,320
server,client_mutation,completed,1788432711928853,178842684286995611,,,,1788432711926096,1788432711926096,1788432711928853,,,http_data_plane,,,,,2757
server,peer_replication_pull_request,sent,1788432712337287,178842684286995611,,,,,,,,,connected_peers=15,,,,,
server,client_mutation,completed,1788432712427840,178842684286995611,,,,1788432712425603,1788432712425603,1788432712427840,,,http_data_plane,,,,,2237
server,client_mutation,completed,1788432712927684,178842684286995611,,,,1788432712925593,1788432712925593,1788432712927684,,,http_data_plane,,,,,2091
server,membership_directory_read,completed,1788432713146151,178842684286995611,,,,,1788432713065562,1788432713146151,,,poll:287 descriptors,,,,,80589
server,peer_replication_pull_request,sent,1788432713336764,178842684286995611,,,,,,,,,connected_peers=15,,,,,
server,peer_replication_merge_delta,completed,1788432713432074,178842684286995611,,56,,1788432713424021,1788432713432015,1788432713432074,,,"delta_len=77,sent_us=1788432713404851",,,,,59
server,client_mutation,completed,1788432713433901,178842684286995611,,,,1788432713425888,1788432713425888,1788432713433901,,,http_data_plane,,,,,8013
server,peer_replication_get_delta,completed,1788432713696172,178842684286995611,178842683849155813,56,,1788432713695845,1788432713695852,1788432713696172,,,"delta_len=36,sent_us=1788432713654406",,,,,320
server,client_mutation,completed,1788432713928973,178842684286995611,,,,1788432713926093,1788432713926093,1788432713928973,,,http_data_plane,,,,,2880
server,peer_replication_pull_request,sent,1788432714337036,178842684286995611,,,,,,,,,connected_peers=15,,,,,
server,peer_replication_merge_delta,completed,1788432714351894,178842684286995611,,56,,1788432714339269,1788432714351785,1788432714351894,,,"delta_len=85,sent_us=1788432714338111",,,,,109
server,client_mutation,completed,1788432714427203,178842684286995611,,,,1788432714425598,1788432714425599,1788432714427203,,,http_data_plane,,,,,1604
server,client_mutation,completed,1788432714927439,178842684286995611,,,,1788432714925595,1788432714925595,1788432714927439,,,http_data_plane,,,,,1844
server,peer_replication_pull_request,sent,1788432715336627,178842684286995611,,,,,,,,,connected_peers=15,,,,,
server,client_mutation,completed,1788432715427840,178842684286995611,,,,1788432715425621,1788432715425621,1788432715427840,,,http_data_plane,,,,,2219
server,peer_replication_get_delta,completed,1788432715873346,178842684286995611,178842684286996610,56,,1788432715873100,1788432715873106,1788432715873346,,,"delta_len=26,sent_us=1788432715871813",,,,,240
server,client_mutation,completed,1788432715927710,178842684286995611,,,,1788432715925603,1788432715925603,1788432715927710,,,http_data_plane,,,,,2107
server,peer_replication_pull_request,sent,1788432716337380,178842684286995611,,,,,,,,,connected_peers=15,,,,,
server,peer_replication_merge_delta,completed,1788432716434215,178842684286995611,,56,,1788432716425918,1788432716434164,1788432716434215,,,"delta_len=60,sent_us=1788432716382931",,,,,51
server,client_mutation,completed,1788432716436743,178842684286995611,,,,1788432716426041,1788432716426041,1788432716436743,,,http_data_plane,,,,,10702
server,peer_replication_get_delta,completed,1788432716873281,178842684286995611,178842684286996610,56,,1788432716873046,1788432716873053,1788432716873281,,,"delta_len=38,sent_us=1788432716871961",,,,,228
server,client_mutation,completed,1788432716928083,178842684286995611,,,,1788432716925632,1788432716925632,1788432716928083,,,http_data_plane,,,,,2451
server,peer_replication_pull_request,sent,1788432717336711,178842684286995611,,,,,,,,,connected_peers=15,,,,,
server,peer_replication_merge_delta,completed,1788432717372066,178842684286995611,,56,,1788432717367014,1788432717371999,1788432717372066,,,"delta_len=30,sent_us=1788432717351342",,,,,67
server,client_mutation,completed,1788432717427982,178842684286995611,,,,1788432717425971,1788432717425971,1788432717427982,,,http_data_plane,,,,,2011
server,peer_replication_get_delta,completed,1788432717518363,178842684286995611,178842683956183213,56,,1788432717518140,1788432717518147,1788432717518363,,,"delta_len=20,sent_us=1788432717499211",,,,,216
server,client_mutation,completed,1788432717927830,178842684286995611,,,,1788432717925770,1788432717925770,1788432717927830,,,http_data_plane,,,,,2060
server,membership_directory_read,completed,1788432718125927,178842684286995611,,,,,1788432718065482,1788432718125927,,,poll:287 descriptors,,,,,60445
server,peer_replication_pull_request,sent,1788432718337517,178842684286995611,,,,,,,,,connected_peers=15,,,,,
server,client_mutation,completed,1788432718428223,178842684286995611,,,,1788432718426037,1788432718426037,1788432718428223,,,http_data_plane,,,,,2186
server,client_mutation,completed,1788432718927899,178842684286995611,,,,1788432718925547,1788432718925548,1788432718927899,,,http_data_plane,,,,,2351
