[2026-08-19T13:52:55.250Z INFO  gresse::http_server] running CRDT HTTP server
[2026-08-19T13:52:55.250Z INFO  gresse::http_server] listening for HTTP on 0.0.0.0:18081
[2026-08-19T13:52:55.284Z INFO  gresse::replica] replica 178714744544926857 initiating runtime at bind_http=0.0.0.0:18081 bind_internal=0.0.0.0:19081 advertised_internal=13.193.126.237:19081
[2026-08-19T13:52:56.052Z INFO  gresse::object_storage] object storage connection established: backend=s3, bucket=gresse-geo-035351467464-20260819104151-566c04, region=eu-north-1, endpoint=AWS default endpoint resolution, first_operation=get, object_path=acm-sec-geo-churn-smoke-20260819T135045Z-25226496/persistent.json
[2026-08-19T13:52:56.234Z INFO  gresse::network] replica 178714744544926857 registered bidirectional network channel for replica 178714744544926854
[2026-08-19T13:52:56.319Z INFO  gresse::replica] replica 178714744544926857 discovered 27 membership descriptors during init
[2026-08-19T13:52:56.319Z INFO  gresse::network] replica 178714744544926857 discovered network member NetworkMember { pid: 178714744544926831, address: 16.170.40.83:19080, final_counter: None }
[2026-08-19T13:52:56.319Z INFO  gresse::network] replica 178714744544926857 discovered network member NetworkMember { pid: 178714744544926832, address: 16.170.40.83:19081, final_counter: None }
[2026-08-19T13:52:56.319Z INFO  gresse::network] replica 178714744544926857 discovered network member NetworkMember { pid: 178714744544926833, address: 16.170.40.83:19082, final_counter: None }
[2026-08-19T13:52:56.319Z INFO  gresse::network] replica 178714744544926857 discovered network member NetworkMember { pid: 178714744544926834, address: 16.170.40.83:19083, final_counter: None }
[2026-08-19T13:52:56.319Z INFO  gresse::network] replica 178714744544926857 discovered network member NetworkMember { pid: 178714744544926835, address: 16.170.40.83:19084, final_counter: None }
[2026-08-19T13:52:56.319Z INFO  gresse::network] replica 178714744544926857 discovered network member NetworkMember { pid: 178714744544926836, address: 63.186.69.1:19080, final_counter: None }
[2026-08-19T13:52:56.319Z INFO  gresse::network] replica 178714744544926857 discovered network member NetworkMember { pid: 178714744544926837, address: 63.186.69.1:19081, final_counter: None }
[2026-08-19T13:52:56.319Z INFO  gresse::network] replica 178714744544926857 discovered network member NetworkMember { pid: 178714744544926838, address: 63.186.69.1:19082, final_counter: None }
[2026-08-19T13:52:56.319Z INFO  gresse::network] replica 178714744544926857 discovered network member NetworkMember { pid: 178714744544926839, address: 63.186.69.1:19083, final_counter: None }
[2026-08-19T13:52:56.319Z INFO  gresse::network] replica 178714744544926857 discovered network member NetworkMember { pid: 178714744544926840, address: 63.186.69.1:19084, final_counter: None }
[2026-08-19T13:52:56.319Z INFO  gresse::network] replica 178714744544926857 discovered network member NetworkMember { pid: 178714744544926841, address: 13.219.225.164:19080, final_counter: None }
[2026-08-19T13:52:56.319Z INFO  gresse::network] replica 178714744544926857 discovered network member NetworkMember { pid: 178714744544926842, address: 13.219.225.164:19081, final_counter: None }
[2026-08-19T13:52:56.319Z INFO  gresse::network] replica 178714744544926857 discovered network member NetworkMember { pid: 178714744544926843, address: 13.219.225.164:19082, final_counter: None }
[2026-08-19T13:52:56.319Z INFO  gresse::network] replica 178714744544926857 discovered network member NetworkMember { pid: 178714744544926844, address: 13.219.225.164:19083, final_counter: None }
[2026-08-19T13:52:56.319Z INFO  gresse::network] replica 178714744544926857 discovered network member NetworkMember { pid: 178714744544926845, address: 13.219.225.164:19084, final_counter: None }
[2026-08-19T13:52:56.319Z INFO  gresse::network] replica 178714744544926857 discovered network member NetworkMember { pid: 178714744544926846, address: 54.184.138.82:19080, final_counter: None }
[2026-08-19T13:52:56.319Z INFO  gresse::network] replica 178714744544926857 discovered network member NetworkMember { pid: 178714744544926847, address: 54.184.138.82:19081, final_counter: None }
[2026-08-19T13:52:56.319Z INFO  gresse::network] replica 178714744544926857 discovered network member NetworkMember { pid: 178714744544926848, address: 54.184.138.82:19082, final_counter: None }
[2026-08-19T13:52:56.319Z INFO  gresse::network] replica 178714744544926857 discovered network member NetworkMember { pid: 178714744544926849, address: 54.184.138.82:19083, final_counter: None }
[2026-08-19T13:52:56.319Z INFO  gresse::network] replica 178714744544926857 discovered network member NetworkMember { pid: 178714744544926850, address: 54.184.138.82:19084, final_counter: None }
[2026-08-19T13:52:56.319Z INFO  gresse::network] replica 178714744544926857 discovered network member NetworkMember { pid: 178714744544926851, address: 47.129.167.193:19080, final_counter: None }
[2026-08-19T13:52:56.319Z INFO  gresse::network] replica 178714744544926857 discovered network member NetworkMember { pid: 178714744544926852, address: 47.129.167.193:19081, final_counter: None }
[2026-08-19T13:52:56.319Z INFO  gresse::network] replica 178714744544926857 discovered network member NetworkMember { pid: 178714744544926853, address: 47.129.167.193:19082, final_counter: None }
[2026-08-19T13:52:56.319Z INFO  gresse::network] replica 178714744544926857 discovered network member NetworkMember { pid: 178714744544926855, address: 47.129.167.193:19084, final_counter: None }
[2026-08-19T13:52:56.319Z INFO  gresse::network] replica 178714744544926857 discovered network member NetworkMember { pid: 178714744544926856, address: 13.193.126.237:19080, final_counter: None }
[2026-08-19T13:52:56.321Z INFO  gresse::network] replica 178714744544926857 registered bidirectional network channel for replica 178714744544926856
[2026-08-19T13:52:56.322Z INFO  gresse::replica] replica 178714744544926857 startup completed
[2026-08-19T13:52:56.322Z INFO  gresse::replica] replica 178714744544926857 established peer replication connection with replica 178714744544926854
[2026-08-19T13:52:56.322Z INFO  gresse::replica] replica 178714744544926857 established peer replication connection with replica 178714744544926856
[2026-08-19T13:52:56.383Z INFO  gresse::network] replica 178714744544926857 registered bidirectional network channel for replica 178714744544926844
[2026-08-19T13:52:56.383Z INFO  gresse::replica] replica 178714744544926857 established peer replication connection with replica 178714744544926844
[2026-08-19T13:52:56.456Z INFO  gresse::network] replica 178714744544926857 registered bidirectional network channel for replica 178714744544926851
[2026-08-19T13:52:56.456Z INFO  gresse::replica] replica 178714744544926857 established peer replication connection with replica 178714744544926851
[2026-08-19T13:52:56.458Z INFO  gresse::network] replica 178714744544926857 registered bidirectional network channel for replica 178714744544926853
[2026-08-19T13:52:56.458Z INFO  gresse::network] replica 178714744544926857 registered bidirectional network channel for replica 178714744544926852
[2026-08-19T13:52:56.458Z INFO  gresse::replica] replica 178714744544926857 established peer replication connection with replica 178714744544926853
[2026-08-19T13:52:56.458Z INFO  gresse::replica] replica 178714744544926857 established peer replication connection with replica 178714744544926852
[2026-08-19T13:52:56.458Z INFO  gresse::network] replica 178714744544926857 registered bidirectional network channel for replica 178714744544926855
[2026-08-19T13:52:56.458Z INFO  gresse::replica] replica 178714744544926857 established peer replication connection with replica 178714744544926855
[2026-08-19T13:52:56.513Z INFO  gresse::network] replica 178714744544926857 registered bidirectional network channel for replica 178714744544926849
[2026-08-19T13:52:56.513Z INFO  gresse::replica] replica 178714744544926857 established peer replication connection with replica 178714744544926849
[2026-08-19T13:52:56.514Z INFO  gresse::network] replica 178714744544926857 registered bidirectional network channel for replica 178714744544926847
[2026-08-19T13:52:56.514Z INFO  gresse::replica] replica 178714744544926857 established peer replication connection with replica 178714744544926847
[2026-08-19T13:52:56.515Z INFO  gresse::network] replica 178714744544926857 registered bidirectional network channel for replica 178714744544926846
[2026-08-19T13:52:56.515Z INFO  gresse::replica] replica 178714744544926857 established peer replication connection with replica 178714744544926846
[2026-08-19T13:52:56.515Z INFO  gresse::network] replica 178714744544926857 registered bidirectional network channel for replica 178714744544926850
[2026-08-19T13:52:56.515Z INFO  gresse::replica] replica 178714744544926857 established peer replication connection with replica 178714744544926850
[2026-08-19T13:52:56.518Z INFO  gresse::network] replica 178714744544926857 registered bidirectional network channel for replica 178714744544926848
[2026-08-19T13:52:56.518Z INFO  gresse::replica] replica 178714744544926857 established peer replication connection with replica 178714744544926848
[2026-08-19T13:52:56.611Z INFO  gresse::network] replica 178714744544926857 registered bidirectional network channel for replica 178714744544926845
[2026-08-19T13:52:56.611Z INFO  gresse::replica] replica 178714744544926857 established peer replication connection with replica 178714744544926845
[2026-08-19T13:52:56.611Z INFO  gresse::replica] replica 178714744544926857 established peer replication connection with replica 178714744544926843
[2026-08-19T13:52:56.611Z INFO  gresse::network] replica 178714744544926857 registered bidirectional network channel for replica 178714744544926843
[2026-08-19T13:52:56.611Z INFO  gresse::network] replica 178714744544926857 registered bidirectional network channel for replica 178714744544926842
[2026-08-19T13:52:56.611Z INFO  gresse::replica] replica 178714744544926857 established peer replication connection with replica 178714744544926842
[2026-08-19T13:52:56.619Z INFO  gresse::network] replica 178714744544926857 registered bidirectional network channel for replica 178714744544926841
[2026-08-19T13:52:56.619Z INFO  gresse::replica] replica 178714744544926857 established peer replication connection with replica 178714744544926841
[2026-08-19T13:52:56.766Z INFO  gresse::network] replica 178714744544926857 registered bidirectional network channel for replica 178714744544926838
[2026-08-19T13:52:56.766Z INFO  gresse::replica] replica 178714744544926857 established peer replication connection with replica 178714744544926838
[2026-08-19T13:52:56.767Z INFO  gresse::network] replica 178714744544926857 registered bidirectional network channel for replica 178714744544926839
[2026-08-19T13:52:56.767Z INFO  gresse::replica] replica 178714744544926857 established peer replication connection with replica 178714744544926839
[2026-08-19T13:52:56.788Z INFO  gresse::network] replica 178714744544926857 registered bidirectional network channel for replica 178714744544926840
[2026-08-19T13:52:56.788Z INFO  gresse::replica] replica 178714744544926857 established peer replication connection with replica 178714744544926840
[2026-08-19T13:52:56.792Z INFO  gresse::network] replica 178714744544926857 registered bidirectional network channel for replica 178714744544926837
[2026-08-19T13:52:56.792Z INFO  gresse::replica] replica 178714744544926857 established peer replication connection with replica 178714744544926837
[2026-08-19T13:52:56.794Z INFO  gresse::network] replica 178714744544926857 registered bidirectional network channel for replica 178714744544926836
[2026-08-19T13:52:56.794Z INFO  gresse::replica] replica 178714744544926857 established peer replication connection with replica 178714744544926836
[2026-08-19T13:52:56.804Z INFO  gresse::network] replica 178714744544926857 registered bidirectional network channel for replica 178714744544926831
[2026-08-19T13:52:56.804Z INFO  gresse::replica] replica 178714744544926857 established peer replication connection with replica 178714744544926831
[2026-08-19T13:52:56.806Z INFO  gresse::network] replica 178714744544926857 registered bidirectional network channel for replica 178714744544926835
[2026-08-19T13:52:56.806Z INFO  gresse::replica] replica 178714744544926857 established peer replication connection with replica 178714744544926835
[2026-08-19T13:52:56.806Z INFO  gresse::network] replica 178714744544926857 registered bidirectional network channel for replica 178714744544926833
[2026-08-19T13:52:56.806Z INFO  gresse::replica] replica 178714744544926857 established peer replication connection with replica 178714744544926833
[2026-08-19T13:52:56.809Z INFO  gresse::network] replica 178714744544926857 registered bidirectional network channel for replica 178714744544926832
[2026-08-19T13:52:56.809Z INFO  gresse::replica] replica 178714744544926857 established peer replication connection with replica 178714744544926832
[2026-08-19T13:52:56.833Z INFO  gresse::network] replica 178714744544926857 registered bidirectional network channel for replica 178714744544926834
[2026-08-19T13:52:56.833Z INFO  gresse::replica] replica 178714744544926857 established peer replication connection with replica 178714744544926834
[2026-08-19T13:53:04.751Z INFO  gresse::network] replica 178714744544926857 registered bidirectional network channel for replica 178714744544926858
[2026-08-19T13:53:04.751Z INFO  gresse::replica] replica 178714744544926857 established peer replication connection with replica 178714744544926858
[2026-08-19T13:53:13.013Z INFO  gresse::network] replica 178714744544926857 registered bidirectional network channel for replica 178714744544926859
[2026-08-19T13:53:13.013Z INFO  gresse::replica] replica 178714744544926857 established peer replication connection with replica 178714744544926859
[2026-08-19T13:53:21.295Z INFO  gresse::network] replica 178714744544926857 registered bidirectional network channel for replica 178714744544926860
[2026-08-19T13:53:21.295Z INFO  gresse::replica] replica 178714744544926857 established peer replication connection with replica 178714744544926860
[2026-08-19T13:55:25.812Z INFO  gresse::network] replica 178714744544926857 registered bidirectional network channel for replica 178714744544926861
[2026-08-19T13:55:25.812Z INFO  gresse::replica] replica 178714744544926857 established peer replication connection with replica 178714744544926861
[2026-08-19T13:55:26.323Z WARN  gresse::network] peer connection write failed: Broken pipe (os error 32)
[2026-08-19T13:55:27.431Z INFO  gresse::network] replica 178714744544926857 registered bidirectional network channel for replica 178714744544926862
[2026-08-19T13:55:27.431Z INFO  gresse::replica] replica 178714744544926857 established peer replication connection with replica 178714744544926862
[2026-08-19T13:55:43.322Z WARN  gresse::network] peer connection write failed: Broken pipe (os error 32)
[2026-08-19T13:56:09.322Z WARN  gresse::replica] replica 178714744544926857 deferred pull request to peer 178714744544926831: channel closed
[2026-08-19T13:56:14.322Z WARN  gresse::replica] replica 178714744544926857 deferred pull request to peer 178714744544926843: channel closed
[2026-08-19T13:56:15.551Z INFO  gresse::replica] replica 178714744544926857 observed shutdown descriptor for replica 178714744544926837 with final counter Some(2)
[2026-08-19T13:56:15.815Z INFO  gresse::replica] replica 178714744544926857 observed shutdown descriptor for replica 178714744544926849 with final counter Some(1)
[2026-08-19T13:56:20.546Z INFO  gresse::replica] replica 178714744544926857 observed shutdown descriptor for replica 178714744544926837 with final counter Some(2)
[2026-08-19T13:56:20.810Z INFO  gresse::replica] replica 178714744544926857 observed shutdown descriptor for replica 178714744544926849 with final counter Some(1)
[2026-08-19T13:56:25.546Z INFO  gresse::replica] replica 178714744544926857 observed shutdown descriptor for replica 178714744544926837 with final counter Some(2)
[2026-08-19T13:56:25.811Z INFO  gresse::replica] replica 178714744544926857 observed shutdown descriptor for replica 178714744544926849 with final counter Some(1)
[2026-08-19T13:56:30.555Z INFO  gresse::replica] replica 178714744544926857 observed shutdown descriptor for replica 178714744544926837 with final counter Some(2)
[2026-08-19T13:56:30.823Z INFO  gresse::replica] replica 178714744544926857 observed shutdown descriptor for replica 178714744544926849 with final counter Some(1)
[2026-08-19T13:56:35.547Z INFO  gresse::replica] replica 178714744544926857 observed shutdown descriptor for replica 178714744544926837 with final counter Some(2)
[2026-08-19T13:56:35.811Z INFO  gresse::replica] replica 178714744544926857 observed shutdown descriptor for replica 178714744544926849 with final counter Some(1)
[2026-08-19T13:56:40.555Z INFO  gresse::replica] replica 178714744544926857 observed shutdown descriptor for replica 178714744544926837 with final counter Some(2)
[2026-08-19T13:56:40.822Z INFO  gresse::replica] replica 178714744544926857 observed shutdown descriptor for replica 178714744544926849 with final counter Some(1)
[2026-08-19T13:56:45.546Z INFO  gresse::replica] replica 178714744544926857 observed shutdown descriptor for replica 178714744544926837 with final counter Some(2)
[2026-08-19T13:56:45.816Z INFO  gresse::replica] replica 178714744544926857 observed shutdown descriptor for replica 178714744544926849 with final counter Some(1)
[2026-08-19T13:56:50.551Z INFO  gresse::replica] replica 178714744544926857 observed shutdown descriptor for replica 178714744544926837 with final counter Some(2)
[2026-08-19T13:56:50.817Z INFO  gresse::replica] replica 178714744544926857 observed shutdown descriptor for replica 178714744544926849 with final counter Some(1)
[2026-08-19T13:56:55.553Z INFO  gresse::replica] replica 178714744544926857 observed shutdown descriptor for replica 178714744544926837 with final counter Some(2)
[2026-08-19T13:56:55.817Z INFO  gresse::replica] replica 178714744544926857 observed shutdown descriptor for replica 178714744544926849 with final counter Some(1)
[2026-08-19T13:56:56.080Z INFO  gresse::network] replica 178714744544926857 registered bidirectional network channel for replica 178714744544926863
[2026-08-19T13:56:56.081Z INFO  gresse::replica] replica 178714744544926857 established peer replication connection with replica 178714744544926863
[2026-08-19T13:56:58.361Z INFO  gresse::network] replica 178714744544926857 registered bidirectional network channel for replica 178714744544926864
[2026-08-19T13:56:58.361Z INFO  gresse::replica] replica 178714744544926857 established peer replication connection with replica 178714744544926864
[2026-08-19T13:57:00.550Z INFO  gresse::replica] replica 178714744544926857 observed shutdown descriptor for replica 178714744544926837 with final counter Some(2)
[2026-08-19T13:57:00.816Z INFO  gresse::replica] replica 178714744544926857 observed shutdown descriptor for replica 178714744544926849 with final counter Some(1)
[2026-08-19T13:57:05.548Z INFO  gresse::replica] replica 178714744544926857 observed shutdown descriptor for replica 178714744544926837 with final counter Some(2)
[2026-08-19T13:57:05.824Z INFO  gresse::replica] replica 178714744544926857 observed shutdown descriptor for replica 178714744544926849 with final counter Some(1)
[2026-08-19T13:57:10.555Z INFO  gresse::replica] replica 178714744544926857 observed shutdown descriptor for replica 178714744544926837 with final counter Some(2)
[2026-08-19T13:57:10.825Z INFO  gresse::replica] replica 178714744544926857 observed shutdown descriptor for replica 178714744544926849 with final counter Some(1)
[2026-08-19T13:57:15.555Z INFO  gresse::replica] replica 178714744544926857 observed shutdown descriptor for replica 178714744544926837 with final counter Some(2)
[2026-08-19T13:57:15.821Z INFO  gresse::replica] replica 178714744544926857 observed shutdown descriptor for replica 178714744544926849 with final counter Some(1)
[2026-08-19T13:57:20.553Z INFO  gresse::replica] replica 178714744544926857 observed shutdown descriptor for replica 178714744544926837 with final counter Some(2)
[2026-08-19T13:57:20.819Z INFO  gresse::replica] replica 178714744544926857 observed shutdown descriptor for replica 178714744544926849 with final counter Some(1)
[2026-08-19T13:57:25.549Z INFO  gresse::replica] replica 178714744544926857 observed shutdown descriptor for replica 178714744544926837 with final counter Some(2)
[2026-08-19T13:57:25.816Z INFO  gresse::replica] replica 178714744544926857 observed shutdown descriptor for replica 178714744544926849 with final counter Some(1)
[2026-08-19T13:57:30.546Z INFO  gresse::replica] replica 178714744544926857 observed shutdown descriptor for replica 178714744544926837 with final counter Some(2)
[2026-08-19T13:57:30.810Z INFO  gresse::replica] replica 178714744544926857 observed shutdown descriptor for replica 178714744544926849 with final counter Some(1)
[2026-08-19T13:57:35.546Z INFO  gresse::replica] replica 178714744544926857 observed shutdown descriptor for replica 178714744544926837 with final counter Some(2)
[2026-08-19T13:57:35.810Z INFO  gresse::replica] replica 178714744544926857 observed shutdown descriptor for replica 178714744544926849 with final counter Some(1)
[2026-08-19T13:57:40.546Z INFO  gresse::replica] replica 178714744544926857 observed shutdown descriptor for replica 178714744544926837 with final counter Some(2)
[2026-08-19T13:57:40.813Z INFO  gresse::replica] replica 178714744544926857 observed shutdown descriptor for replica 178714744544926849 with final counter Some(1)
[2026-08-19T13:57:45.545Z INFO  gresse::replica] replica 178714744544926857 observed shutdown descriptor for replica 178714744544926837 with final counter Some(2)
[2026-08-19T13:57:45.809Z INFO  gresse::replica] replica 178714744544926857 observed shutdown descriptor for replica 178714744544926849 with final counter Some(1)
[2026-08-19T13:57:50.551Z INFO  gresse::replica] replica 178714744544926857 observed shutdown descriptor for replica 178714744544926837 with final counter Some(2)
[2026-08-19T13:57:50.820Z INFO  gresse::replica] replica 178714744544926857 observed shutdown descriptor for replica 178714744544926849 with final counter Some(1)
[2026-08-19T13:57:55.546Z INFO  gresse::replica] replica 178714744544926857 observed shutdown descriptor for replica 178714744544926837 with final counter Some(2)
[2026-08-19T13:57:55.813Z INFO  gresse::replica] replica 178714744544926857 observed shutdown descriptor for replica 178714744544926849 with final counter Some(1)
[2026-08-19T13:58:00.818Z INFO  gresse::replica] replica 178714744544926857 observed shutdown descriptor for replica 178714744544926837 with final counter Some(2)
[2026-08-19T13:58:01.096Z INFO  gresse::replica] replica 178714744544926857 observed shutdown descriptor for replica 178714744544926849 with final counter Some(1)
[2026-08-19T13:58:05.558Z INFO  gresse::replica] replica 178714744544926857 observed shutdown descriptor for replica 178714744544926837 with final counter Some(2)
[2026-08-19T13:58:05.834Z INFO  gresse::replica] replica 178714744544926857 observed shutdown descriptor for replica 178714744544926849 with final counter Some(1)
[2026-08-19T13:58:10.563Z INFO  gresse::replica] replica 178714744544926857 observed shutdown descriptor for replica 178714744544926837 with final counter Some(2)
[2026-08-19T13:58:10.842Z INFO  gresse::replica] replica 178714744544926857 observed shutdown descriptor for replica 178714744544926849 with final counter Some(1)
[2026-08-19T13:58:15.562Z INFO  gresse::replica] replica 178714744544926857 observed shutdown descriptor for replica 178714744544926837 with final counter Some(2)
[2026-08-19T13:58:15.837Z INFO  gresse::replica] replica 178714744544926857 observed shutdown descriptor for replica 178714744544926849 with final counter Some(1)
[2026-08-19T13:58:20.560Z INFO  gresse::replica] replica 178714744544926857 observed shutdown descriptor for replica 178714744544926837 with final counter Some(2)
[2026-08-19T13:58:20.841Z INFO  gresse::replica] replica 178714744544926857 observed shutdown descriptor for replica 178714744544926849 with final counter Some(1)
[2026-08-19T13:58:25.563Z INFO  gresse::replica] replica 178714744544926857 observed shutdown descriptor for replica 178714744544926837 with final counter Some(2)
[2026-08-19T13:58:25.842Z INFO  gresse::replica] replica 178714744544926857 observed shutdown descriptor for replica 178714744544926849 with final counter Some(1)
[2026-08-19T13:58:30.561Z INFO  gresse::replica] replica 178714744544926857 observed shutdown descriptor for replica 178714744544926837 with final counter Some(2)
[2026-08-19T13:58:30.836Z INFO  gresse::replica] replica 178714744544926857 observed shutdown descriptor for replica 178714744544926849 with final counter Some(1)
[2026-08-19T13:58:35.562Z INFO  gresse::replica] replica 178714744544926857 observed shutdown descriptor for replica 178714744544926837 with final counter Some(2)
[2026-08-19T13:58:35.838Z INFO  gresse::replica] replica 178714744544926857 observed shutdown descriptor for replica 178714744544926849 with final counter Some(1)
[2026-08-19T13:58:40.561Z INFO  gresse::replica] replica 178714744544926857 observed shutdown descriptor for replica 178714744544926837 with final counter Some(2)
[2026-08-19T13:58:40.839Z INFO  gresse::replica] replica 178714744544926857 observed shutdown descriptor for replica 178714744544926849 with final counter Some(1)
[2026-08-19T13:58:45.562Z INFO  gresse::replica] replica 178714744544926857 observed shutdown descriptor for replica 178714744544926837 with final counter Some(2)
[2026-08-19T13:58:45.839Z INFO  gresse::replica] replica 178714744544926857 observed shutdown descriptor for replica 178714744544926849 with final counter Some(1)
[2026-08-19T13:58:50.558Z INFO  gresse::replica] replica 178714744544926857 observed shutdown descriptor for replica 178714744544926837 with final counter Some(2)
[2026-08-19T13:58:50.838Z INFO  gresse::replica] replica 178714744544926857 observed shutdown descriptor for replica 178714744544926849 with final counter Some(1)
[2026-08-19T13:58:55.558Z INFO  gresse::replica] replica 178714744544926857 observed shutdown descriptor for replica 178714744544926837 with final counter Some(2)
[2026-08-19T13:58:55.833Z INFO  gresse::replica] replica 178714744544926857 observed shutdown descriptor for replica 178714744544926849 with final counter Some(1)
[2026-08-19T13:59:00.584Z INFO  gresse::replica] replica 178714744544926857 observed shutdown descriptor for replica 178714744544926837 with final counter Some(2)
[2026-08-19T13:59:00.862Z INFO  gresse::replica] replica 178714744544926857 observed shutdown descriptor for replica 178714744544926849 with final counter Some(1)
[2026-08-19T13:59:05.797Z INFO  gresse::replica] replica 178714744544926857 observed shutdown descriptor for replica 178714744544926837 with final counter Some(2)
[2026-08-19T13:59:06.062Z INFO  gresse::replica] replica 178714744544926857 observed shutdown descriptor for replica 178714744544926849 with final counter Some(1)
[2026-08-19T13:59:10.553Z INFO  gresse::replica] replica 178714744544926857 observed shutdown descriptor for replica 178714744544926837 with final counter Some(2)
[2026-08-19T13:59:10.817Z INFO  gresse::replica] replica 178714744544926857 observed shutdown descriptor for replica 178714744544926849 with final counter Some(1)
[2026-08-19T13:59:15.556Z INFO  gresse::replica] replica 178714744544926857 observed shutdown descriptor for replica 178714744544926837 with final counter Some(2)
[2026-08-19T13:59:15.821Z INFO  gresse::replica] replica 178714744544926857 observed shutdown descriptor for replica 178714744544926849 with final counter Some(1)
[2026-08-19T13:59:20.553Z INFO  gresse::replica] replica 178714744544926857 observed shutdown descriptor for replica 178714744544926837 with final counter Some(2)
[2026-08-19T13:59:20.819Z INFO  gresse::replica] replica 178714744544926857 observed shutdown descriptor for replica 178714744544926849 with final counter Some(1)
[2026-08-19T13:59:25.549Z INFO  gresse::replica] replica 178714744544926857 observed shutdown descriptor for replica 178714744544926837 with final counter Some(2)
[2026-08-19T13:59:25.813Z INFO  gresse::replica] replica 178714744544926857 observed shutdown descriptor for replica 178714744544926849 with final counter Some(1)
[2026-08-19T13:59:30.556Z INFO  gresse::replica] replica 178714744544926857 observed shutdown descriptor for replica 178714744544926837 with final counter Some(2)
[2026-08-19T13:59:30.823Z INFO  gresse::replica] replica 178714744544926857 observed shutdown descriptor for replica 178714744544926849 with final counter Some(1)
[2026-08-19T13:59:35.556Z INFO  gresse::replica] replica 178714744544926857 observed shutdown descriptor for replica 178714744544926837 with final counter Some(2)
[2026-08-19T13:59:35.823Z INFO  gresse::replica] replica 178714744544926857 observed shutdown descriptor for replica 178714744544926849 with final counter Some(1)
[2026-08-19T13:59:40.555Z INFO  gresse::replica] replica 178714744544926857 observed shutdown descriptor for replica 178714744544926837 with final counter Some(2)
[2026-08-19T13:59:40.825Z INFO  gresse::replica] replica 178714744544926857 observed shutdown descriptor for replica 178714744544926849 with final counter Some(1)
[2026-08-19T13:59:45.558Z INFO  gresse::replica] replica 178714744544926857 observed shutdown descriptor for replica 178714744544926837 with final counter Some(2)
[2026-08-19T13:59:45.827Z INFO  gresse::replica] replica 178714744544926857 observed shutdown descriptor for replica 178714744544926849 with final counter Some(1)
[2026-08-19T13:59:50.561Z INFO  gresse::replica] replica 178714744544926857 observed shutdown descriptor for replica 178714744544926837 with final counter Some(2)
[2026-08-19T13:59:50.849Z INFO  gresse::replica] replica 178714744544926857 observed shutdown descriptor for replica 178714744544926849 with final counter Some(1)
[2026-08-19T13:59:55.556Z INFO  gresse::replica] replica 178714744544926857 observed shutdown descriptor for replica 178714744544926837 with final counter Some(2)
[2026-08-19T13:59:55.820Z INFO  gresse::replica] replica 178714744544926857 observed shutdown descriptor for replica 178714744544926849 with final counter Some(1)
[2026-08-19T14:00:00.553Z INFO  gresse::replica] replica 178714744544926857 observed shutdown descriptor for replica 178714744544926837 with final counter Some(2)
[2026-08-19T14:00:00.826Z INFO  gresse::replica] replica 178714744544926857 observed shutdown descriptor for replica 178714744544926849 with final counter Some(1)
[2026-08-19T14:00:05.565Z INFO  gresse::replica] replica 178714744544926857 observed shutdown descriptor for replica 178714744544926837 with final counter Some(2)
[2026-08-19T14:00:05.848Z INFO  gresse::replica] replica 178714744544926857 observed shutdown descriptor for replica 178714744544926849 with final counter Some(1)
[2026-08-19T14:00:06.127Z INFO  gresse::replica] replica 178714744544926857 observed shutdown descriptor for replica 178714744544926861 with final counter Some(3)
[2026-08-19T14:00:10.570Z INFO  gresse::replica] replica 178714744544926857 observed shutdown descriptor for replica 178714744544926832 with final counter Some(5)
[2026-08-19T14:00:10.849Z INFO  gresse::replica] replica 178714744544926857 observed shutdown descriptor for replica 178714744544926833 with final counter Some(4)
[2026-08-19T14:00:11.129Z INFO  gresse::replica] replica 178714744544926857 observed shutdown descriptor for replica 178714744544926834 with final counter Some(4)
[2026-08-19T14:00:11.412Z INFO  gresse::replica] replica 178714744544926857 observed shutdown descriptor for replica 178714744544926835 with final counter Some(4)
[2026-08-19T14:00:11.692Z INFO  gresse::replica] replica 178714744544926857 observed shutdown descriptor for replica 178714744544926837 with final counter Some(2)
[2026-08-19T14:00:11.970Z INFO  gresse::replica] replica 178714744544926857 observed shutdown descriptor for replica 178714744544926849 with final counter Some(1)
[2026-08-19T14:00:12.249Z INFO  gresse::replica] replica 178714744544926857 observed shutdown descriptor for replica 178714744544926861 with final counter Some(3)
[2026-08-19T14:00:15.565Z INFO  gresse::replica] replica 178714744544926857 observed shutdown descriptor for replica 178714744544926832 with final counter Some(5)
[2026-08-19T14:00:15.845Z INFO  gresse::replica] replica 178714744544926857 observed shutdown descriptor for replica 178714744544926833 with final counter Some(4)
[2026-08-19T14:00:16.123Z INFO  gresse::replica] replica 178714744544926857 observed shutdown descriptor for replica 178714744544926834 with final counter Some(4)
[2026-08-19T14:00:16.402Z INFO  gresse::replica] replica 178714744544926857 observed shutdown descriptor for replica 178714744544926835 with final counter Some(4)
[2026-08-19T14:00:16.686Z INFO  gresse::replica] replica 178714744544926857 observed shutdown descriptor for replica 178714744544926836 with final counter Some(4)
[2026-08-19T14:00:16.969Z INFO  gresse::replica] replica 178714744544926857 observed shutdown descriptor for replica 178714744544926837 with final counter Some(2)
[2026-08-19T14:00:17.248Z INFO  gresse::replica] replica 178714744544926857 observed shutdown descriptor for replica 178714744544926838 with final counter Some(4)
[2026-08-19T14:00:17.529Z INFO  gresse::replica] replica 178714744544926857 observed shutdown descriptor for replica 178714744544926839 with final counter Some(4)
[2026-08-19T14:00:17.812Z INFO  gresse::replica] replica 178714744544926857 observed shutdown descriptor for replica 178714744544926849 with final counter Some(1)
[2026-08-19T14:00:18.092Z INFO  gresse::replica] replica 178714744544926857 observed shutdown descriptor for replica 178714744544926861 with final counter Some(3)
[2026-08-19T14:00:18.371Z INFO  gresse::replica] replica 178714744544926857 observed shutdown descriptor for replica 178714744544926863 with final counter Some(1)
[2026-08-19T14:00:20.574Z INFO  gresse::replica] replica 178714744544926857 observed shutdown descriptor for replica 178714744544926832 with final counter Some(5)
[2026-08-19T14:00:20.853Z INFO  gresse::replica] replica 178714744544926857 observed shutdown descriptor for replica 178714744544926833 with final counter Some(4)
[2026-08-19T14:00:21.131Z INFO  gresse::replica] replica 178714744544926857 observed shutdown descriptor for replica 178714744544926834 with final counter Some(4)
[2026-08-19T14:00:21.411Z INFO  gresse::replica] replica 178714744544926857 observed shutdown descriptor for replica 178714744544926835 with final counter Some(4)
[2026-08-19T14:00:21.692Z INFO  gresse::replica] replica 178714744544926857 observed shutdown descriptor for replica 178714744544926836 with final counter Some(4)
[2026-08-19T14:00:21.973Z INFO  gresse::replica] replica 178714744544926857 observed shutdown descriptor for replica 178714744544926837 with final counter Some(2)
[2026-08-19T14:00:22.254Z INFO  gresse::replica] replica 178714744544926857 observed shutdown descriptor for replica 178714744544926838 with final counter Some(4)
[2026-08-19T14:00:22.549Z INFO  gresse::replica] replica 178714744544926857 observed shutdown descriptor for replica 178714744544926839 with final counter Some(4)
[2026-08-19T14:00:22.829Z INFO  gresse::replica] replica 178714744544926857 observed shutdown descriptor for replica 178714744544926840 with final counter Some(4)
[2026-08-19T14:00:23.107Z INFO  gresse::replica] replica 178714744544926857 observed shutdown descriptor for replica 178714744544926841 with final counter Some(4)
[2026-08-19T14:00:23.383Z INFO  gresse::replica] replica 178714744544926857 observed shutdown descriptor for replica 178714744544926849 with final counter Some(1)
[2026-08-19T14:00:23.664Z INFO  gresse::replica] replica 178714744544926857 observed shutdown descriptor for replica 178714744544926861 with final counter Some(3)
[2026-08-19T14:00:23.942Z INFO  gresse::replica] replica 178714744544926857 observed shutdown descriptor for replica 178714744544926863 with final counter Some(1)
[2026-08-19T14:00:25.571Z INFO  gresse::replica] replica 178714744544926857 observed shutdown descriptor for replica 178714744544926832 with final counter Some(5)
[2026-08-19T14:00:25.851Z INFO  gresse::replica] replica 178714744544926857 observed shutdown descriptor for replica 178714744544926833 with final counter Some(4)
[2026-08-19T14:00:26.129Z INFO  gresse::replica] replica 178714744544926857 observed shutdown descriptor for replica 178714744544926834 with final counter Some(4)
[2026-08-19T14:00:26.410Z INFO  gresse::replica] replica 178714744544926857 observed shutdown descriptor for replica 178714744544926835 with final counter Some(4)
[2026-08-19T14:00:26.690Z INFO  gresse::replica] replica 178714744544926857 observed shutdown descriptor for replica 178714744544926836 with final counter Some(4)
[2026-08-19T14:00:26.969Z INFO  gresse::replica] replica 178714744544926857 observed shutdown descriptor for replica 178714744544926837 with final counter Some(2)
[2026-08-19T14:00:27.247Z INFO  gresse::replica] replica 178714744544926857 observed shutdown descriptor for replica 178714744544926838 with final counter Some(4)
[2026-08-19T14:00:27.523Z INFO  gresse::replica] replica 178714744544926857 observed shutdown descriptor for replica 178714744544926839 with final counter Some(4)
[2026-08-19T14:00:27.800Z INFO  gresse::replica] replica 178714744544926857 observed shutdown descriptor for replica 178714744544926840 with final counter Some(4)
[2026-08-19T14:00:28.080Z INFO  gresse::replica] replica 178714744544926857 observed shutdown descriptor for replica 178714744544926841 with final counter Some(4)
[2026-08-19T14:00:28.361Z INFO  gresse::replica] replica 178714744544926857 observed shutdown descriptor for replica 178714744544926842 with final counter Some(4)
[2026-08-19T14:00:28.640Z INFO  gresse::replica] replica 178714744544926857 observed shutdown descriptor for replica 178714744544926849 with final counter Some(1)
[2026-08-19T14:00:28.919Z INFO  gresse::replica] replica 178714744544926857 observed shutdown descriptor for replica 178714744544926861 with final counter Some(3)
[2026-08-19T14:00:29.196Z INFO  gresse::replica] replica 178714744544926857 observed shutdown descriptor for replica 178714744544926863 with final counter Some(1)
[2026-08-19T14:00:30.579Z INFO  gresse::replica] replica 178714744544926857 observed shutdown descriptor for replica 178714744544926832 with final counter Some(5)
[2026-08-19T14:00:30.857Z INFO  gresse::replica] replica 178714744544926857 observed shutdown descriptor for replica 178714744544926833 with final counter Some(4)
[2026-08-19T14:00:31.133Z INFO  gresse::replica] replica 178714744544926857 observed shutdown descriptor for replica 178714744544926834 with final counter Some(4)
[2026-08-19T14:00:31.414Z INFO  gresse::replica] replica 178714744544926857 observed shutdown descriptor for replica 178714744544926835 with final counter Some(4)
[2026-08-19T14:00:31.695Z INFO  gresse::replica] replica 178714744544926857 observed shutdown descriptor for replica 178714744544926836 with final counter Some(4)
[2026-08-19T14:00:31.974Z INFO  gresse::replica] replica 178714744544926857 observed shutdown descriptor for replica 178714744544926837 with final counter Some(2)
[2026-08-19T14:00:32.252Z INFO  gresse::replica] replica 178714744544926857 observed shutdown descriptor for replica 178714744544926838 with final counter Some(4)
[2026-08-19T14:00:32.529Z INFO  gresse::replica] replica 178714744544926857 observed shutdown descriptor for replica 178714744544926839 with final counter Some(4)
[2026-08-19T14:00:32.806Z INFO  gresse::replica] replica 178714744544926857 observed shutdown descriptor for replica 178714744544926840 with final counter Some(4)
[2026-08-19T14:00:33.084Z INFO  gresse::replica] replica 178714744544926857 observed shutdown descriptor for replica 178714744544926841 with final counter Some(4)
[2026-08-19T14:00:33.365Z INFO  gresse::replica] replica 178714744544926857 observed shutdown descriptor for replica 178714744544926842 with final counter Some(4)
[2026-08-19T14:00:33.645Z INFO  gresse::replica] replica 178714744544926857 observed shutdown descriptor for replica 178714744544926849 with final counter Some(1)
[2026-08-19T14:00:33.922Z INFO  gresse::replica] replica 178714744544926857 observed shutdown descriptor for replica 178714744544926861 with final counter Some(3)
[2026-08-19T14:00:34.206Z INFO  gresse::replica] replica 178714744544926857 observed shutdown descriptor for replica 178714744544926862 with final counter Some(2)
[2026-08-19T14:00:34.488Z INFO  gresse::replica] replica 178714744544926857 observed shutdown descriptor for replica 178714744544926863 with final counter Some(1)
[2026-08-19T14:00:35.561Z INFO  gresse::replica] replica 178714744544926857 observed shutdown descriptor for replica 178714744544926832 with final counter Some(5)
[2026-08-19T14:00:35.844Z INFO  gresse::replica] replica 178714744544926857 observed shutdown descriptor for replica 178714744544926833 with final counter Some(4)
[2026-08-19T14:00:36.127Z INFO  gresse::replica] replica 178714744544926857 observed shutdown descriptor for replica 178714744544926834 with final counter Some(4)
[2026-08-19T14:00:36.409Z INFO  gresse::replica] replica 178714744544926857 observed shutdown descriptor for replica 178714744544926835 with final counter Some(4)
[2026-08-19T14:00:36.688Z INFO  gresse::replica] replica 178714744544926857 observed shutdown descriptor for replica 178714744544926836 with final counter Some(4)
[2026-08-19T14:00:36.967Z INFO  gresse::replica] replica 178714744544926857 observed shutdown descriptor for replica 178714744544926837 with final counter Some(2)
[2026-08-19T14:00:37.246Z INFO  gresse::replica] replica 178714744544926857 observed shutdown descriptor for replica 178714744544926838 with final counter Some(4)
[2026-08-19T14:00:37.526Z INFO  gresse::replica] replica 178714744544926857 observed shutdown descriptor for replica 178714744544926839 with final counter Some(4)
[2026-08-19T14:00:37.805Z INFO  gresse::replica] replica 178714744544926857 observed shutdown descriptor for replica 178714744544926840 with final counter Some(4)
[2026-08-19T14:00:38.085Z INFO  gresse::replica] replica 178714744544926857 observed shutdown descriptor for replica 178714744544926841 with final counter Some(4)
[2026-08-19T14:00:38.365Z INFO  gresse::replica] replica 178714744544926857 observed shutdown descriptor for replica 178714744544926842 with final counter Some(4)
[2026-08-19T14:00:38.641Z INFO  gresse::replica] replica 178714744544926857 observed shutdown descriptor for replica 178714744544926844 with final counter Some(4)
[2026-08-19T14:00:38.923Z INFO  gresse::replica] replica 178714744544926857 observed shutdown descriptor for replica 178714744544926849 with final counter Some(1)
[2026-08-19T14:00:39.200Z INFO  gresse::replica] replica 178714744544926857 observed shutdown descriptor for replica 178714744544926861 with final counter Some(3)
[2026-08-19T14:00:39.481Z INFO  gresse::replica] replica 178714744544926857 observed shutdown descriptor for replica 178714744544926862 with final counter Some(2)
[2026-08-19T14:00:39.760Z INFO  gresse::replica] replica 178714744544926857 observed shutdown descriptor for replica 178714744544926863 with final counter Some(1)
[2026-08-19T14:00:40.570Z INFO  gresse::replica] replica 178714744544926857 observed shutdown descriptor for replica 178714744544926832 with final counter Some(5)
[2026-08-19T14:00:40.853Z INFO  gresse::replica] replica 178714744544926857 observed shutdown descriptor for replica 178714744544926833 with final counter Some(4)
[2026-08-19T14:00:41.133Z INFO  gresse::replica] replica 178714744544926857 observed shutdown descriptor for replica 178714744544926834 with final counter Some(4)
[2026-08-19T14:00:41.412Z INFO  gresse::replica] replica 178714744544926857 observed shutdown descriptor for replica 178714744544926835 with final counter Some(4)
[2026-08-19T14:00:41.695Z INFO  gresse::replica] replica 178714744544926857 observed shutdown descriptor for replica 178714744544926836 with final counter Some(4)
[2026-08-19T14:00:41.977Z INFO  gresse::replica] replica 178714744544926857 observed shutdown descriptor for replica 178714744544926837 with final counter Some(2)
[2026-08-19T14:00:42.262Z INFO  gresse::replica] replica 178714744544926857 observed shutdown descriptor for replica 178714744544926838 with final counter Some(4)
[2026-08-19T14:00:42.543Z INFO  gresse::replica] replica 178714744544926857 observed shutdown descriptor for replica 178714744544926839 with final counter Some(4)
[2026-08-19T14:00:42.826Z INFO  gresse::replica] replica 178714744544926857 observed shutdown descriptor for replica 178714744544926840 with final counter Some(4)
[2026-08-19T14:00:43.108Z INFO  gresse::replica] replica 178714744544926857 observed shutdown descriptor for replica 178714744544926841 with final counter Some(4)
[2026-08-19T14:00:43.390Z INFO  gresse::replica] replica 178714744544926857 observed shutdown descriptor for replica 178714744544926842 with final counter Some(4)
[2026-08-19T14:00:43.668Z INFO  gresse::replica] replica 178714744544926857 observed shutdown descriptor for replica 178714744544926844 with final counter Some(4)
[2026-08-19T14:00:44.429Z INFO  gresse::replica] replica 178714744544926857 observed shutdown descriptor for replica 178714744544926845 with final counter Some(4)
[2026-08-19T14:00:44.694Z INFO  gresse::replica] replica 178714744544926857 observed shutdown descriptor for replica 178714744544926849 with final counter Some(1)
[2026-08-19T14:00:44.962Z INFO  gresse::replica] replica 178714744544926857 observed shutdown descriptor for replica 178714744544926861 with final counter Some(3)
[2026-08-19T14:00:45.227Z INFO  gresse::replica] replica 178714744544926857 observed shutdown descriptor for replica 178714744544926862 with final counter Some(2)
[2026-08-19T14:00:45.492Z INFO  gresse::replica] replica 178714744544926857 observed shutdown descriptor for replica 178714744544926863 with final counter Some(1)
[2026-08-19T14:00:46.281Z INFO  gresse::replica] replica 178714744544926857 observed shutdown descriptor for replica 178714744544926832 with final counter Some(5)
[2026-08-19T14:00:46.543Z INFO  gresse::replica] replica 178714744544926857 observed shutdown descriptor for replica 178714744544926833 with final counter Some(4)
[2026-08-19T14:00:46.812Z INFO  gresse::replica] replica 178714744544926857 observed shutdown descriptor for replica 178714744544926834 with final counter Some(4)
[2026-08-19T14:00:47.080Z INFO  gresse::replica] replica 178714744544926857 observed shutdown descriptor for replica 178714744544926835 with final counter Some(4)
[2026-08-19T14:00:47.348Z INFO  gresse::replica] replica 178714744544926857 observed shutdown descriptor for replica 178714744544926836 with final counter Some(4)
[2026-08-19T14:00:47.614Z INFO  gresse::replica] replica 178714744544926857 observed shutdown descriptor for replica 178714744544926837 with final counter Some(2)
[2026-08-19T14:00:47.881Z INFO  gresse::replica] replica 178714744544926857 observed shutdown descriptor for replica 178714744544926838 with final counter Some(4)
[2026-08-19T14:00:48.148Z INFO  gresse::replica] replica 178714744544926857 observed shutdown descriptor for replica 178714744544926839 with final counter Some(4)
[2026-08-19T14:00:48.416Z INFO  gresse::replica] replica 178714744544926857 observed shutdown descriptor for replica 178714744544926840 with final counter Some(4)
[2026-08-19T14:00:48.683Z INFO  gresse::replica] replica 178714744544926857 observed shutdown descriptor for replica 178714744544926841 with final counter Some(4)
[2026-08-19T14:00:48.950Z INFO  gresse::replica] replica 178714744544926857 observed shutdown descriptor for replica 178714744544926842 with final counter Some(4)
[2026-08-19T14:00:49.219Z INFO  gresse::replica] replica 178714744544926857 observed shutdown descriptor for replica 178714744544926844 with final counter Some(4)
[2026-08-19T14:00:49.487Z INFO  gresse::replica] replica 178714744544926857 observed shutdown descriptor for replica 178714744544926845 with final counter Some(4)
[2026-08-19T14:00:49.756Z INFO  gresse::replica] replica 178714744544926857 observed shutdown descriptor for replica 178714744544926849 with final counter Some(1)
[2026-08-19T14:00:50.020Z INFO  gresse::replica] replica 178714744544926857 observed shutdown descriptor for replica 178714744544926861 with final counter Some(3)
[2026-08-19T14:00:50.284Z INFO  gresse::replica] replica 178714744544926857 observed shutdown descriptor for replica 178714744544926862 with final counter Some(2)
[2026-08-19T14:00:50.549Z INFO  gresse::replica] replica 178714744544926857 observed shutdown descriptor for replica 178714744544926863 with final counter Some(1)
[2026-08-19T14:00:51.331Z INFO  gresse::replica] replica 178714744544926857 observed shutdown descriptor for replica 178714744544926832 with final counter Some(5)
[2026-08-19T14:00:51.596Z INFO  gresse::replica] replica 178714744544926857 observed shutdown descriptor for replica 178714744544926833 with final counter Some(4)
[2026-08-19T14:00:51.867Z INFO  gresse::replica] replica 178714744544926857 observed shutdown descriptor for replica 178714744544926834 with final counter Some(4)
[2026-08-19T14:00:52.136Z INFO  gresse::replica] replica 178714744544926857 observed shutdown descriptor for replica 178714744544926835 with final counter Some(4)
[2026-08-19T14:00:52.404Z INFO  gresse::replica] replica 178714744544926857 observed shutdown descriptor for replica 178714744544926836 with final counter Some(4)
[2026-08-19T14:00:52.674Z INFO  gresse::replica] replica 178714744544926857 observed shutdown descriptor for replica 178714744544926837 with final counter Some(2)
[2026-08-19T14:00:52.943Z INFO  gresse::replica] replica 178714744544926857 observed shutdown descriptor for replica 178714744544926838 with final counter Some(4)
[2026-08-19T14:00:53.208Z INFO  gresse::replica] replica 178714744544926857 observed shutdown descriptor for replica 178714744544926839 with final counter Some(4)
[2026-08-19T14:00:53.474Z INFO  gresse::replica] replica 178714744544926857 observed shutdown descriptor for replica 178714744544926840 with final counter Some(4)
[2026-08-19T14:00:53.739Z INFO  gresse::replica] replica 178714744544926857 observed shutdown descriptor for replica 178714744544926841 with final counter Some(4)
[2026-08-19T14:00:54.003Z INFO  gresse::replica] replica 178714744544926857 observed shutdown descriptor for replica 178714744544926842 with final counter Some(4)
[2026-08-19T14:00:54.272Z INFO  gresse::replica] replica 178714744544926857 observed shutdown descriptor for replica 178714744544926844 with final counter Some(4)
[2026-08-19T14:00:54.538Z INFO  gresse::replica] replica 178714744544926857 observed shutdown descriptor for replica 178714744544926845 with final counter Some(4)
[2026-08-19T14:00:54.803Z INFO  gresse::replica] replica 178714744544926857 observed shutdown descriptor for replica 178714744544926846 with final counter Some(4)
[2026-08-19T14:00:55.071Z INFO  gresse::replica] replica 178714744544926857 observed shutdown descriptor for replica 178714744544926849 with final counter Some(1)
[2026-08-19T14:00:55.340Z INFO  gresse::replica] replica 178714744544926857 observed shutdown descriptor for replica 178714744544926861 with final counter Some(3)
[2026-08-19T14:00:55.604Z INFO  gresse::replica] replica 178714744544926857 observed shutdown descriptor for replica 178714744544926862 with final counter Some(2)
[2026-08-19T14:00:55.871Z INFO  gresse::replica] replica 178714744544926857 observed shutdown descriptor for replica 178714744544926863 with final counter Some(1)
[2026-08-19T14:00:56.412Z INFO  gresse::replica] replica 178714744544926857 observed shutdown descriptor for replica 178714744544926832 with final counter Some(5)
[2026-08-19T14:00:56.676Z INFO  gresse::replica] replica 178714744544926857 observed shutdown descriptor for replica 178714744544926833 with final counter Some(4)
[2026-08-19T14:00:56.940Z INFO  gresse::replica] replica 178714744544926857 observed shutdown descriptor for replica 178714744544926834 with final counter Some(4)
[2026-08-19T14:00:57.203Z INFO  gresse::replica] replica 178714744544926857 observed shutdown descriptor for replica 178714744544926835 with final counter Some(4)
[2026-08-19T14:00:57.471Z INFO  gresse::replica] replica 178714744544926857 observed shutdown descriptor for replica 178714744544926836 with final counter Some(4)
[2026-08-19T14:00:57.740Z INFO  gresse::replica] replica 178714744544926857 observed shutdown descriptor for replica 178714744544926837 with final counter Some(2)
[2026-08-19T14:00:58.008Z INFO  gresse::replica] replica 178714744544926857 observed shutdown descriptor for replica 178714744544926838 with final counter Some(4)
[2026-08-19T14:00:58.273Z INFO  gresse::replica] replica 178714744544926857 observed shutdown descriptor for replica 178714744544926839 with final counter Some(4)
[2026-08-19T14:00:58.541Z INFO  gresse::replica] replica 178714744544926857 observed shutdown descriptor for replica 178714744544926840 with final counter Some(4)
[2026-08-19T14:00:58.804Z INFO  gresse::replica] replica 178714744544926857 observed shutdown descriptor for replica 178714744544926841 with final counter Some(4)
[2026-08-19T14:00:59.073Z INFO  gresse::replica] replica 178714744544926857 observed shutdown descriptor for replica 178714744544926842 with final counter Some(4)
[2026-08-19T14:00:59.340Z INFO  gresse::replica] replica 178714744544926857 observed shutdown descriptor for replica 178714744544926844 with final counter Some(4)
[2026-08-19T14:00:59.611Z INFO  gresse::replica] replica 178714744544926857 observed shutdown descriptor for replica 178714744544926845 with final counter Some(4)
[2026-08-19T14:00:59.877Z INFO  gresse::replica] replica 178714744544926857 observed shutdown descriptor for replica 178714744544926846 with final counter Some(4)
[2026-08-19T14:01:00.147Z INFO  gresse::replica] replica 178714744544926857 observed shutdown descriptor for replica 178714744544926849 with final counter Some(1)
[2026-08-19T14:01:00.413Z INFO  gresse::replica] replica 178714744544926857 observed shutdown descriptor for replica 178714744544926861 with final counter Some(3)
[2026-08-19T14:01:00.680Z INFO  gresse::replica] replica 178714744544926857 observed shutdown descriptor for replica 178714744544926862 with final counter Some(2)
[2026-08-19T14:01:00.946Z INFO  gresse::replica] replica 178714744544926857 observed shutdown descriptor for replica 178714744544926863 with final counter Some(1)
[2026-08-19T14:01:01.496Z INFO  gresse::replica] replica 178714744544926857 observed shutdown descriptor for replica 178714744544926832 with final counter Some(5)
[2026-08-19T14:01:01.768Z INFO  gresse::replica] replica 178714744544926857 observed shutdown descriptor for replica 178714744544926833 with final counter Some(4)
[2026-08-19T14:01:02.038Z INFO  gresse::replica] replica 178714744544926857 observed shutdown descriptor for replica 178714744544926834 with final counter Some(4)
[2026-08-19T14:01:02.305Z INFO  gresse::replica] replica 178714744544926857 observed shutdown descriptor for replica 178714744544926835 with final counter Some(4)
[2026-08-19T14:01:02.586Z INFO  gresse::replica] replica 178714744544926857 observed shutdown descriptor for replica 178714744544926836 with final counter Some(4)
[2026-08-19T14:01:02.850Z INFO  gresse::replica] replica 178714744544926857 observed shutdown descriptor for replica 178714744544926837 with final counter Some(2)
[2026-08-19T14:01:03.124Z INFO  gresse::replica] replica 178714744544926857 observed shutdown descriptor for replica 178714744544926838 with final counter Some(4)
[2026-08-19T14:01:03.390Z INFO  gresse::replica] replica 178714744544926857 observed shutdown descriptor for replica 178714744544926839 with final counter Some(4)
[2026-08-19T14:01:03.658Z INFO  gresse::replica] replica 178714744544926857 observed shutdown descriptor for replica 178714744544926840 with final counter Some(4)
[2026-08-19T14:01:03.927Z INFO  gresse::replica] replica 178714744544926857 observed shutdown descriptor for replica 178714744544926841 with final counter Some(4)
[2026-08-19T14:01:04.193Z INFO  gresse::replica] replica 178714744544926857 observed shutdown descriptor for replica 178714744544926842 with final counter Some(4)
[2026-08-19T14:01:04.457Z INFO  gresse::replica] replica 178714744544926857 observed shutdown descriptor for replica 178714744544926844 with final counter Some(4)
[2026-08-19T14:01:04.728Z INFO  gresse::replica] replica 178714744544926857 observed shutdown descriptor for replica 178714744544926845 with final counter Some(4)
[2026-08-19T14:01:04.998Z INFO  gresse::replica] replica 178714744544926857 observed shutdown descriptor for replica 178714744544926846 with final counter Some(4)
[2026-08-19T14:01:05.267Z INFO  gresse::replica] replica 178714744544926857 observed shutdown descriptor for replica 178714744544926847 with final counter Some(4)
[2026-08-19T14:01:05.535Z INFO  gresse::replica] replica 178714744544926857 observed shutdown descriptor for replica 178714744544926849 with final counter Some(1)
[2026-08-19T14:01:05.803Z INFO  gresse::replica] replica 178714744544926857 observed shutdown descriptor for replica 178714744544926861 with final counter Some(3)
[2026-08-19T14:01:06.071Z INFO  gresse::replica] replica 178714744544926857 observed shutdown descriptor for replica 178714744544926862 with final counter Some(2)
[2026-08-19T14:01:06.337Z INFO  gresse::replica] replica 178714744544926857 observed shutdown descriptor for replica 178714744544926863 with final counter Some(1)
[2026-08-19T14:01:06.880Z INFO  gresse::replica] replica 178714744544926857 observed shutdown descriptor for replica 178714744544926832 with final counter Some(5)
[2026-08-19T14:01:07.146Z INFO  gresse::replica] replica 178714744544926857 observed shutdown descriptor for replica 178714744544926833 with final counter Some(4)
[2026-08-19T14:01:07.412Z INFO  gresse::replica] replica 178714744544926857 observed shutdown descriptor for replica 178714744544926834 with final counter Some(4)
[2026-08-19T14:01:07.677Z INFO  gresse::replica] replica 178714744544926857 observed shutdown descriptor for replica 178714744544926835 with final counter Some(4)
[2026-08-19T14:01:07.941Z INFO  gresse::replica] replica 178714744544926857 observed shutdown descriptor for replica 178714744544926836 with final counter Some(4)
[2026-08-19T14:01:08.206Z INFO  gresse::replica] replica 178714744544926857 observed shutdown descriptor for replica 178714744544926837 with final counter Some(2)
[2026-08-19T14:01:08.478Z INFO  gresse::replica] replica 178714744544926857 observed shutdown descriptor for replica 178714744544926838 with final counter Some(4)
[2026-08-19T14:01:08.744Z INFO  gresse::replica] replica 178714744544926857 observed shutdown descriptor for replica 178714744544926839 with final counter Some(4)
[2026-08-19T14:01:09.008Z INFO  gresse::replica] replica 178714744544926857 observed shutdown descriptor for replica 178714744544926840 with final counter Some(4)
[2026-08-19T14:01:09.270Z INFO  gresse::replica] replica 178714744544926857 observed shutdown descriptor for replica 178714744544926841 with final counter Some(4)
[2026-08-19T14:01:09.536Z INFO  gresse::replica] replica 178714744544926857 observed shutdown descriptor for replica 178714744544926842 with final counter Some(4)
[2026-08-19T14:01:09.802Z INFO  gresse::replica] replica 178714744544926857 observed shutdown descriptor for replica 178714744544926844 with final counter Some(4)
[2026-08-19T14:01:10.070Z INFO  gresse::replica] replica 178714744544926857 observed shutdown descriptor for replica 178714744544926845 with final counter Some(4)
[2026-08-19T14:01:10.340Z INFO  gresse::replica] replica 178714744544926857 observed shutdown descriptor for replica 178714744544926846 with final counter Some(4)
[2026-08-19T14:01:10.609Z INFO  gresse::replica] replica 178714744544926857 observed shutdown descriptor for replica 178714744544926847 with final counter Some(4)
[2026-08-19T14:01:10.874Z INFO  gresse::replica] replica 178714744544926857 observed shutdown descriptor for replica 178714744544926849 with final counter Some(1)
[2026-08-19T14:01:11.142Z INFO  gresse::replica] replica 178714744544926857 observed shutdown descriptor for replica 178714744544926861 with final counter Some(3)
[2026-08-19T14:01:11.410Z INFO  gresse::replica] replica 178714744544926857 observed shutdown descriptor for replica 178714744544926862 with final counter Some(2)
[2026-08-19T14:01:11.683Z INFO  gresse::replica] replica 178714744544926857 observed shutdown descriptor for replica 178714744544926863 with final counter Some(1)
[2026-08-19T14:01:12.476Z INFO  gresse::replica] replica 178714744544926857 observed shutdown descriptor for replica 178714744544926832 with final counter Some(5)
[2026-08-19T14:01:12.743Z INFO  gresse::replica] replica 178714744544926857 observed shutdown descriptor for replica 178714744544926833 with final counter Some(4)
[2026-08-19T14:01:13.010Z INFO  gresse::replica] replica 178714744544926857 observed shutdown descriptor for replica 178714744544926834 with final counter Some(4)
[2026-08-19T14:01:13.279Z INFO  gresse::replica] replica 178714744544926857 observed shutdown descriptor for replica 178714744544926835 with final counter Some(4)
[2026-08-19T14:01:13.549Z INFO  gresse::replica] replica 178714744544926857 observed shutdown descriptor for replica 178714744544926836 with final counter Some(4)
[2026-08-19T14:01:13.816Z INFO  gresse::replica] replica 178714744544926857 observed shutdown descriptor for replica 178714744544926837 with final counter Some(2)
[2026-08-19T14:01:14.085Z INFO  gresse::replica] replica 178714744544926857 observed shutdown descriptor for replica 178714744544926838 with final counter Some(4)
[2026-08-19T14:01:14.356Z INFO  gresse::replica] replica 178714744544926857 observed shutdown descriptor for replica 178714744544926839 with final counter Some(4)
[2026-08-19T14:01:14.623Z INFO  gresse::replica] replica 178714744544926857 observed shutdown descriptor for replica 178714744544926840 with final counter Some(4)
[2026-08-19T14:01:14.891Z INFO  gresse::replica] replica 178714744544926857 observed shutdown descriptor for replica 178714744544926841 with final counter Some(4)
[2026-08-19T14:01:15.160Z INFO  gresse::replica] replica 178714744544926857 observed shutdown descriptor for replica 178714744544926842 with final counter Some(4)
[2026-08-19T14:01:15.429Z INFO  gresse::replica] replica 178714744544926857 observed shutdown descriptor for replica 178714744544926844 with final counter Some(4)
[2026-08-19T14:01:15.696Z INFO  gresse::replica] replica 178714744544926857 observed shutdown descriptor for replica 178714744544926845 with final counter Some(4)
[2026-08-19T14:01:15.965Z INFO  gresse::replica] replica 178714744544926857 observed shutdown descriptor for replica 178714744544926846 with final counter Some(4)
[2026-08-19T14:01:16.233Z INFO  gresse::replica] replica 178714744544926857 observed shutdown descriptor for replica 178714744544926847 with final counter Some(4)
[2026-08-19T14:01:16.501Z INFO  gresse::replica] replica 178714744544926857 observed shutdown descriptor for replica 178714744544926848 with final counter Some(4)
[2026-08-19T14:01:16.768Z INFO  gresse::replica] replica 178714744544926857 observed shutdown descriptor for replica 178714744544926849 with final counter Some(1)
[2026-08-19T14:01:17.035Z INFO  gresse::replica] replica 178714744544926857 observed shutdown descriptor for replica 178714744544926861 with final counter Some(3)
[2026-08-19T14:01:17.302Z INFO  gresse::replica] replica 178714744544926857 observed shutdown descriptor for replica 178714744544926862 with final counter Some(2)
[2026-08-19T14:01:17.570Z INFO  gresse::replica] replica 178714744544926857 observed shutdown descriptor for replica 178714744544926863 with final counter Some(1)
[2026-08-19T14:01:18.114Z INFO  gresse::replica] replica 178714744544926857 observed shutdown descriptor for replica 178714744544926832 with final counter Some(5)
[2026-08-19T14:01:18.381Z INFO  gresse::replica] replica 178714744544926857 observed shutdown descriptor for replica 178714744544926833 with final counter Some(4)
[2026-08-19T14:01:18.653Z INFO  gresse::replica] replica 178714744544926857 observed shutdown descriptor for replica 178714744544926834 with final counter Some(4)
[2026-08-19T14:01:18.923Z INFO  gresse::replica] replica 178714744544926857 observed shutdown descriptor for replica 178714744544926835 with final counter Some(4)
[2026-08-19T14:01:19.189Z INFO  gresse::replica] replica 178714744544926857 observed shutdown descriptor for replica 178714744544926836 with final counter Some(4)
[2026-08-19T14:01:19.457Z INFO  gresse::replica] replica 178714744544926857 observed shutdown descriptor for replica 178714744544926837 with final counter Some(2)
[2026-08-19T14:01:19.725Z INFO  gresse::replica] replica 178714744544926857 observed shutdown descriptor for replica 178714744544926838 with final counter Some(4)
[2026-08-19T14:01:19.990Z INFO  gresse::replica] replica 178714744544926857 observed shutdown descriptor for replica 178714744544926839 with final counter Some(4)
[2026-08-19T14:01:20.261Z INFO  gresse::replica] replica 178714744544926857 observed shutdown descriptor for replica 178714744544926840 with final counter Some(4)
[2026-08-19T14:01:20.531Z INFO  gresse::replica] replica 178714744544926857 observed shutdown descriptor for replica 178714744544926841 with final counter Some(4)
[2026-08-19T14:01:20.802Z INFO  gresse::replica] replica 178714744544926857 observed shutdown descriptor for replica 178714744544926842 with final counter Some(4)
[2026-08-19T14:01:21.069Z INFO  gresse::replica] replica 178714744544926857 observed shutdown descriptor for replica 178714744544926844 with final counter Some(4)
[2026-08-19T14:01:21.337Z INFO  gresse::replica] replica 178714744544926857 observed shutdown descriptor for replica 178714744544926845 with final counter Some(4)
[2026-08-19T14:01:21.609Z INFO  gresse::replica] replica 178714744544926857 observed shutdown descriptor for replica 178714744544926846 with final counter Some(4)
[2026-08-19T14:01:21.879Z INFO  gresse::replica] replica 178714744544926857 observed shutdown descriptor for replica 178714744544926847 with final counter Some(4)
[2026-08-19T14:01:22.147Z INFO  gresse::replica] replica 178714744544926857 observed shutdown descriptor for replica 178714744544926848 with final counter Some(4)
[2026-08-19T14:01:22.416Z INFO  gresse::replica] replica 178714744544926857 observed shutdown descriptor for replica 178714744544926849 with final counter Some(1)
[2026-08-19T14:01:22.686Z INFO  gresse::replica] replica 178714744544926857 observed shutdown descriptor for replica 178714744544926861 with final counter Some(3)
[2026-08-19T14:01:22.953Z INFO  gresse::replica] replica 178714744544926857 observed shutdown descriptor for replica 178714744544926862 with final counter Some(2)
[2026-08-19T14:01:23.222Z INFO  gresse::replica] replica 178714744544926857 observed shutdown descriptor for replica 178714744544926863 with final counter Some(1)
[2026-08-19T14:01:23.489Z INFO  gresse::replica] replica 178714744544926857 observed shutdown descriptor for replica 178714744544926864 with final counter Some(1)
[2026-08-19T14:01:24.035Z INFO  gresse::replica] replica 178714744544926857 observed shutdown descriptor for replica 178714744544926832 with final counter Some(5)
[2026-08-19T14:01:24.306Z INFO  gresse::replica] replica 178714744544926857 observed shutdown descriptor for replica 178714744544926833 with final counter Some(4)
[2026-08-19T14:01:24.574Z INFO  gresse::replica] replica 178714744544926857 observed shutdown descriptor for replica 178714744544926834 with final counter Some(4)
[2026-08-19T14:01:24.845Z INFO  gresse::replica] replica 178714744544926857 observed shutdown descriptor for replica 178714744544926835 with final counter Some(4)
[2026-08-19T14:01:25.114Z INFO  gresse::replica] replica 178714744544926857 observed shutdown descriptor for replica 178714744544926836 with final counter Some(4)
[2026-08-19T14:01:25.383Z INFO  gresse::replica] replica 178714744544926857 observed shutdown descriptor for replica 178714744544926837 with final counter Some(2)
[2026-08-19T14:01:25.650Z INFO  gresse::replica] replica 178714744544926857 observed shutdown descriptor for replica 178714744544926838 with final counter Some(4)
[2026-08-19T14:01:25.916Z INFO  gresse::replica] replica 178714744544926857 observed shutdown descriptor for replica 178714744544926839 with final counter Some(4)
[2026-08-19T14:01:26.186Z INFO  gresse::replica] replica 178714744544926857 observed shutdown descriptor for replica 178714744544926840 with final counter Some(4)
[2026-08-19T14:01:26.457Z INFO  gresse::replica] replica 178714744544926857 observed shutdown descriptor for replica 178714744544926841 with final counter Some(4)
[2026-08-19T14:01:26.726Z INFO  gresse::replica] replica 178714744544926857 observed shutdown descriptor for replica 178714744544926842 with final counter Some(4)
[2026-08-19T14:01:26.994Z INFO  gresse::replica] replica 178714744544926857 observed shutdown descriptor for replica 178714744544926844 with final counter Some(4)
[2026-08-19T14:01:27.260Z INFO  gresse::replica] replica 178714744544926857 observed shutdown descriptor for replica 178714744544926845 with final counter Some(4)
[2026-08-19T14:01:27.598Z INFO  gresse::replica] replica 178714744544926857 observed shutdown descriptor for replica 178714744544926846 with final counter Some(4)
[2026-08-19T14:01:27.865Z INFO  gresse::replica] replica 178714744544926857 observed shutdown descriptor for replica 178714744544926847 with final counter Some(4)
[2026-08-19T14:01:28.136Z INFO  gresse::replica] replica 178714744544926857 observed shutdown descriptor for replica 178714744544926848 with final counter Some(4)
[2026-08-19T14:01:28.405Z INFO  gresse::replica] replica 178714744544926857 observed shutdown descriptor for replica 178714744544926849 with final counter Some(1)
[2026-08-19T14:01:28.669Z INFO  gresse::replica] replica 178714744544926857 observed shutdown descriptor for replica 178714744544926861 with final counter Some(3)
[2026-08-19T14:01:28.940Z INFO  gresse::replica] replica 178714744544926857 observed shutdown descriptor for replica 178714744544926862 with final counter Some(2)
[2026-08-19T14:01:29.206Z INFO  gresse::replica] replica 178714744544926857 observed shutdown descriptor for replica 178714744544926863 with final counter Some(1)
[2026-08-19T14:01:29.474Z INFO  gresse::replica] replica 178714744544926857 observed shutdown descriptor for replica 178714744544926864 with final counter Some(1)
[2026-08-19T14:01:30.024Z INFO  gresse::replica] replica 178714744544926857 observed shutdown descriptor for replica 178714744544926832 with final counter Some(5)
[2026-08-19T14:01:30.289Z INFO  gresse::replica] replica 178714744544926857 observed shutdown descriptor for replica 178714744544926833 with final counter Some(4)
[2026-08-19T14:01:30.557Z INFO  gresse::replica] replica 178714744544926857 observed shutdown descriptor for replica 178714744544926834 with final counter Some(4)
[2026-08-19T14:01:30.825Z INFO  gresse::replica] replica 178714744544926857 observed shutdown descriptor for replica 178714744544926835 with final counter Some(4)
[2026-08-19T14:01:31.093Z INFO  gresse::replica] replica 178714744544926857 observed shutdown descriptor for replica 178714744544926836 with final counter Some(4)
[2026-08-19T14:01:31.359Z INFO  gresse::replica] replica 178714744544926857 observed shutdown descriptor for replica 178714744544926837 with final counter Some(2)
[2026-08-19T14:01:31.629Z INFO  gresse::replica] replica 178714744544926857 observed shutdown descriptor for replica 178714744544926838 with final counter Some(4)
[2026-08-19T14:01:31.898Z INFO  gresse::replica] replica 178714744544926857 observed shutdown descriptor for replica 178714744544926839 with final counter Some(4)
[2026-08-19T14:01:32.166Z INFO  gresse::replica] replica 178714744544926857 observed shutdown descriptor for replica 178714744544926840 with final counter Some(4)
[2026-08-19T14:01:32.431Z INFO  gresse::replica] replica 178714744544926857 observed shutdown descriptor for replica 178714744544926841 with final counter Some(4)
[2026-08-19T14:01:32.703Z INFO  gresse::replica] replica 178714744544926857 observed shutdown descriptor for replica 178714744544926842 with final counter Some(4)
[2026-08-19T14:01:32.971Z INFO  gresse::replica] replica 178714744544926857 observed shutdown descriptor for replica 178714744544926844 with final counter Some(4)
[2026-08-19T14:01:33.243Z INFO  gresse::replica] replica 178714744544926857 observed shutdown descriptor for replica 178714744544926845 with final counter Some(4)
[2026-08-19T14:01:33.511Z INFO  gresse::replica] replica 178714744544926857 observed shutdown descriptor for replica 178714744544926846 with final counter Some(4)
[2026-08-19T14:01:33.781Z INFO  gresse::replica] replica 178714744544926857 observed shutdown descriptor for replica 178714744544926847 with final counter Some(4)
[2026-08-19T14:01:34.050Z INFO  gresse::replica] replica 178714744544926857 observed shutdown descriptor for replica 178714744544926848 with final counter Some(4)
[2026-08-19T14:01:34.317Z INFO  gresse::replica] replica 178714744544926857 observed shutdown descriptor for replica 178714744544926849 with final counter Some(1)
[2026-08-19T14:01:34.584Z INFO  gresse::replica] replica 178714744544926857 observed shutdown descriptor for replica 178714744544926850 with final counter Some(4)
[2026-08-19T14:01:34.850Z INFO  gresse::replica] replica 178714744544926857 observed shutdown descriptor for replica 178714744544926861 with final counter Some(3)
[2026-08-19T14:01:35.121Z INFO  gresse::replica] replica 178714744544926857 observed shutdown descriptor for replica 178714744544926862 with final counter Some(2)
[2026-08-19T14:01:35.388Z INFO  gresse::replica] replica 178714744544926857 observed shutdown descriptor for replica 178714744544926863 with final counter Some(1)
[2026-08-19T14:01:35.654Z INFO  gresse::replica] replica 178714744544926857 observed shutdown descriptor for replica 178714744544926864 with final counter Some(1)
[2026-08-19T14:01:36.201Z INFO  gresse::replica] replica 178714744544926857 observed shutdown descriptor for replica 178714744544926832 with final counter Some(5)
[2026-08-19T14:01:36.468Z INFO  gresse::replica] replica 178714744544926857 observed shutdown descriptor for replica 178714744544926833 with final counter Some(4)
[2026-08-19T14:01:36.738Z INFO  gresse::replica] replica 178714744544926857 observed shutdown descriptor for replica 178714744544926834 with final counter Some(4)
[2026-08-19T14:01:37.007Z INFO  gresse::replica] replica 178714744544926857 observed shutdown descriptor for replica 178714744544926835 with final counter Some(4)
[2026-08-19T14:01:37.279Z INFO  gresse::replica] replica 178714744544926857 observed shutdown descriptor for replica 178714744544926836 with final counter Some(4)
[2026-08-19T14:01:37.550Z INFO  gresse::replica] replica 178714744544926857 observed shutdown descriptor for replica 178714744544926837 with final counter Some(2)
[2026-08-19T14:01:37.816Z INFO  gresse::replica] replica 178714744544926857 observed shutdown descriptor for replica 178714744544926838 with final counter Some(4)
[2026-08-19T14:01:38.085Z INFO  gresse::replica] replica 178714744544926857 observed shutdown descriptor for replica 178714744544926839 with final counter Some(4)
[2026-08-19T14:01:38.354Z INFO  gresse::replica] replica 178714744544926857 observed shutdown descriptor for replica 178714744544926840 with final counter Some(4)
[2026-08-19T14:01:38.625Z INFO  gresse::replica] replica 178714744544926857 observed shutdown descriptor for replica 178714744544926841 with final counter Some(4)
[2026-08-19T14:01:39.385Z INFO  gresse::replica] replica 178714744544926857 observed shutdown descriptor for replica 178714744544926842 with final counter Some(4)
[2026-08-19T14:01:39.651Z INFO  gresse::replica] replica 178714744544926857 observed shutdown descriptor for replica 178714744544926844 with final counter Some(4)
[2026-08-19T14:01:39.920Z INFO  gresse::replica] replica 178714744544926857 observed shutdown descriptor for replica 178714744544926845 with final counter Some(4)
[2026-08-19T14:01:40.185Z INFO  gresse::replica] replica 178714744544926857 observed shutdown descriptor for replica 178714744544926846 with final counter Some(4)
[2026-08-19T14:01:40.456Z INFO  gresse::replica] replica 178714744544926857 observed shutdown descriptor for replica 178714744544926847 with final counter Some(4)
[2026-08-19T14:01:40.723Z INFO  gresse::replica] replica 178714744544926857 observed shutdown descriptor for replica 178714744544926848 with final counter Some(4)
[2026-08-19T14:01:40.990Z INFO  gresse::replica] replica 178714744544926857 observed shutdown descriptor for replica 178714744544926849 with final counter Some(1)
[2026-08-19T14:01:41.259Z INFO  gresse::replica] replica 178714744544926857 observed shutdown descriptor for replica 178714744544926850 with final counter Some(4)
[2026-08-19T14:01:41.523Z INFO  gresse::replica] replica 178714744544926857 observed shutdown descriptor for replica 178714744544926861 with final counter Some(3)
[2026-08-19T14:01:41.788Z INFO  gresse::replica] replica 178714744544926857 observed shutdown descriptor for replica 178714744544926862 with final counter Some(2)
[2026-08-19T14:01:42.057Z INFO  gresse::replica] replica 178714744544926857 observed shutdown descriptor for replica 178714744544926863 with final counter Some(1)
[2026-08-19T14:01:42.326Z INFO  gresse::replica] replica 178714744544926857 observed shutdown descriptor for replica 178714744544926864 with final counter Some(1)
[2026-08-19T14:01:43.105Z INFO  gresse::replica] replica 178714744544926857 observed shutdown descriptor for replica 178714744544926832 with final counter Some(5)
[2026-08-19T14:01:43.370Z INFO  gresse::replica] replica 178714744544926857 observed shutdown descriptor for replica 178714744544926833 with final counter Some(4)
[2026-08-19T14:01:43.638Z INFO  gresse::replica] replica 178714744544926857 observed shutdown descriptor for replica 178714744544926834 with final counter Some(4)
[2026-08-19T14:01:43.903Z INFO  gresse::replica] replica 178714744544926857 observed shutdown descriptor for replica 178714744544926835 with final counter Some(4)
[2026-08-19T14:01:44.168Z INFO  gresse::replica] replica 178714744544926857 observed shutdown descriptor for replica 178714744544926836 with final counter Some(4)
[2026-08-19T14:01:44.439Z INFO  gresse::replica] replica 178714744544926857 observed shutdown descriptor for replica 178714744544926837 with final counter Some(2)
[2026-08-19T14:01:44.709Z INFO  gresse::replica] replica 178714744544926857 observed shutdown descriptor for replica 178714744544926838 with final counter Some(4)
[2026-08-19T14:01:44.980Z INFO  gresse::replica] replica 178714744544926857 observed shutdown descriptor for replica 178714744544926839 with final counter Some(4)
[2026-08-19T14:01:45.245Z INFO  gresse::replica] replica 178714744544926857 observed shutdown descriptor for replica 178714744544926840 with final counter Some(4)
[2026-08-19T14:01:45.513Z INFO  gresse::replica] replica 178714744544926857 observed shutdown descriptor for replica 178714744544926841 with final counter Some(4)
[2026-08-19T14:01:45.782Z INFO  gresse::replica] replica 178714744544926857 observed shutdown descriptor for replica 178714744544926842 with final counter Some(4)
[2026-08-19T14:01:46.052Z INFO  gresse::replica] replica 178714744544926857 observed shutdown descriptor for replica 178714744544926844 with final counter Some(4)
[2026-08-19T14:01:46.319Z INFO  gresse::replica] replica 178714744544926857 observed shutdown descriptor for replica 178714744544926845 with final counter Some(4)
[2026-08-19T14:01:46.586Z INFO  gresse::replica] replica 178714744544926857 observed shutdown descriptor for replica 178714744544926846 with final counter Some(4)
[2026-08-19T14:01:46.855Z INFO  gresse::replica] replica 178714744544926857 observed shutdown descriptor for replica 178714744544926847 with final counter Some(4)
[2026-08-19T14:01:47.119Z INFO  gresse::replica] replica 178714744544926857 observed shutdown descriptor for replica 178714744544926848 with final counter Some(4)
[2026-08-19T14:01:47.387Z INFO  gresse::replica] replica 178714744544926857 observed shutdown descriptor for replica 178714744544926849 with final counter Some(1)
[2026-08-19T14:01:47.653Z INFO  gresse::replica] replica 178714744544926857 observed shutdown descriptor for replica 178714744544926850 with final counter Some(4)
[2026-08-19T14:01:47.921Z INFO  gresse::replica] replica 178714744544926857 observed shutdown descriptor for replica 178714744544926851 with final counter Some(4)
[2026-08-19T14:01:48.189Z INFO  gresse::replica] replica 178714744544926857 observed shutdown descriptor for replica 178714744544926861 with final counter Some(3)
[2026-08-19T14:01:48.455Z INFO  gresse::replica] replica 178714744544926857 observed shutdown descriptor for replica 178714744544926862 with final counter Some(2)
[2026-08-19T14:01:48.718Z INFO  gresse::replica] replica 178714744544926857 observed shutdown descriptor for replica 178714744544926863 with final counter Some(1)
[2026-08-19T14:01:48.984Z INFO  gresse::replica] replica 178714744544926857 observed shutdown descriptor for replica 178714744544926864 with final counter Some(1)
[2026-08-19T14:01:49.518Z INFO  gresse::replica] replica 178714744544926857 observed shutdown descriptor for replica 178714744544926832 with final counter Some(5)
[2026-08-19T14:01:49.784Z INFO  gresse::replica] replica 178714744544926857 observed shutdown descriptor for replica 178714744544926833 with final counter Some(4)
[2026-08-19T14:01:50.047Z INFO  gresse::replica] replica 178714744544926857 observed shutdown descriptor for replica 178714744544926834 with final counter Some(4)
[2026-08-19T14:01:50.313Z INFO  gresse::replica] replica 178714744544926857 observed shutdown descriptor for replica 178714744544926835 with final counter Some(4)
[2026-08-19T14:01:50.581Z INFO  gresse::replica] replica 178714744544926857 observed shutdown descriptor for replica 178714744544926836 with final counter Some(4)
[2026-08-19T14:01:50.847Z INFO  gresse::replica] replica 178714744544926857 observed shutdown descriptor for replica 178714744544926837 with final counter Some(2)
[2026-08-19T14:01:51.116Z INFO  gresse::replica] replica 178714744544926857 observed shutdown descriptor for replica 178714744544926838 with final counter Some(4)
[2026-08-19T14:01:51.385Z INFO  gresse::replica] replica 178714744544926857 observed shutdown descriptor for replica 178714744544926839 with final counter Some(4)
[2026-08-19T14:01:51.651Z INFO  gresse::replica] replica 178714744544926857 observed shutdown descriptor for replica 178714744544926840 with final counter Some(4)
[2026-08-19T14:01:51.921Z INFO  gresse::replica] replica 178714744544926857 observed shutdown descriptor for replica 178714744544926841 with final counter Some(4)
[2026-08-19T14:01:52.192Z INFO  gresse::replica] replica 178714744544926857 observed shutdown descriptor for replica 178714744544926842 with final counter Some(4)
[2026-08-19T14:01:52.457Z INFO  gresse::replica] replica 178714744544926857 observed shutdown descriptor for replica 178714744544926844 with final counter Some(4)
[2026-08-19T14:01:52.726Z INFO  gresse::replica] replica 178714744544926857 observed shutdown descriptor for replica 178714744544926845 with final counter Some(4)
[2026-08-19T14:01:52.991Z INFO  gresse::replica] replica 178714744544926857 observed shutdown descriptor for replica 178714744544926846 with final counter Some(4)
[2026-08-19T14:01:53.257Z INFO  gresse::replica] replica 178714744544926857 observed shutdown descriptor for replica 178714744544926847 with final counter Some(4)
[2026-08-19T14:01:53.522Z INFO  gresse::replica] replica 178714744544926857 observed shutdown descriptor for replica 178714744544926848 with final counter Some(4)
[2026-08-19T14:01:53.791Z INFO  gresse::replica] replica 178714744544926857 observed shutdown descriptor for replica 178714744544926849 with final counter Some(1)
[2026-08-19T14:01:54.059Z INFO  gresse::replica] replica 178714744544926857 observed shutdown descriptor for replica 178714744544926850 with final counter Some(4)
[2026-08-19T14:01:54.329Z INFO  gresse::replica] replica 178714744544926857 observed shutdown descriptor for replica 178714744544926851 with final counter Some(4)
[2026-08-19T14:01:54.597Z INFO  gresse::replica] replica 178714744544926857 observed shutdown descriptor for replica 178714744544926861 with final counter Some(3)
[2026-08-19T14:01:54.869Z INFO  gresse::replica] replica 178714744544926857 observed shutdown descriptor for replica 178714744544926862 with final counter Some(2)
[2026-08-19T14:01:55.138Z INFO  gresse::replica] replica 178714744544926857 observed shutdown descriptor for replica 178714744544926863 with final counter Some(1)
[2026-08-19T14:01:55.404Z INFO  gresse::replica] replica 178714744544926857 observed shutdown descriptor for replica 178714744544926864 with final counter Some(1)
[2026-08-19T14:01:55.940Z INFO  gresse::replica] replica 178714744544926857 observed shutdown descriptor for replica 178714744544926832 with final counter Some(5)
[2026-08-19T14:01:56.209Z INFO  gresse::replica] replica 178714744544926857 observed shutdown descriptor for replica 178714744544926833 with final counter Some(4)
[2026-08-19T14:01:56.476Z INFO  gresse::replica] replica 178714744544926857 observed shutdown descriptor for replica 178714744544926834 with final counter Some(4)
[2026-08-19T14:01:56.741Z INFO  gresse::replica] replica 178714744544926857 observed shutdown descriptor for replica 178714744544926835 with final counter Some(4)
[2026-08-19T14:01:57.006Z INFO  gresse::replica] replica 178714744544926857 observed shutdown descriptor for replica 178714744544926836 with final counter Some(4)
[2026-08-19T14:01:57.274Z INFO  gresse::replica] replica 178714744544926857 observed shutdown descriptor for replica 178714744544926837 with final counter Some(2)
[2026-08-19T14:01:57.539Z INFO  gresse::replica] replica 178714744544926857 observed shutdown descriptor for replica 178714744544926838 with final counter Some(4)
[2026-08-19T14:01:57.806Z INFO  gresse::replica] replica 178714744544926857 observed shutdown descriptor for replica 178714744544926839 with final counter Some(4)
[2026-08-19T14:01:58.072Z INFO  gresse::replica] replica 178714744544926857 observed shutdown descriptor for replica 178714744544926840 with final counter Some(4)
[2026-08-19T14:01:58.341Z INFO  gresse::replica] replica 178714744544926857 observed shutdown descriptor for replica 178714744544926841 with final counter Some(4)
[2026-08-19T14:01:58.607Z INFO  gresse::replica] replica 178714744544926857 observed shutdown descriptor for replica 178714744544926842 with final counter Some(4)
[2026-08-19T14:01:58.874Z INFO  gresse::replica] replica 178714744544926857 observed shutdown descriptor for replica 178714744544926844 with final counter Some(4)
[2026-08-19T14:01:59.142Z INFO  gresse::replica] replica 178714744544926857 observed shutdown descriptor for replica 178714744544926845 with final counter Some(4)
[2026-08-19T14:01:59.413Z INFO  gresse::replica] replica 178714744544926857 observed shutdown descriptor for replica 178714744544926846 with final counter Some(4)
[2026-08-19T14:01:59.684Z INFO  gresse::replica] replica 178714744544926857 observed shutdown descriptor for replica 178714744544926847 with final counter Some(4)
[2026-08-19T14:01:59.951Z INFO  gresse::replica] replica 178714744544926857 observed shutdown descriptor for replica 178714744544926848 with final counter Some(4)
[2026-08-19T14:02:00.218Z INFO  gresse::replica] replica 178714744544926857 observed shutdown descriptor for replica 178714744544926849 with final counter Some(1)
[2026-08-19T14:02:00.486Z INFO  gresse::replica] replica 178714744544926857 observed shutdown descriptor for replica 178714744544926850 with final counter Some(4)
[2026-08-19T14:02:00.756Z INFO  gresse::replica] replica 178714744544926857 observed shutdown descriptor for replica 178714744544926851 with final counter Some(4)
[2026-08-19T14:02:01.024Z INFO  gresse::replica] replica 178714744544926857 observed shutdown descriptor for replica 178714744544926852 with final counter Some(4)
[2026-08-19T14:02:01.296Z INFO  gresse::replica] replica 178714744544926857 observed shutdown descriptor for replica 178714744544926861 with final counter Some(3)
[2026-08-19T14:02:01.566Z INFO  gresse::replica] replica 178714744544926857 observed shutdown descriptor for replica 178714744544926862 with final counter Some(2)
[2026-08-19T14:02:01.836Z INFO  gresse::replica] replica 178714744544926857 observed shutdown descriptor for replica 178714744544926863 with final counter Some(1)
[2026-08-19T14:02:02.109Z INFO  gresse::replica] replica 178714744544926857 observed shutdown descriptor for replica 178714744544926864 with final counter Some(1)
[2026-08-19T14:02:02.656Z INFO  gresse::replica] replica 178714744544926857 observed shutdown descriptor for replica 178714744544926832 with final counter Some(5)
[2026-08-19T14:02:02.923Z INFO  gresse::replica] replica 178714744544926857 observed shutdown descriptor for replica 178714744544926833 with final counter Some(4)
[2026-08-19T14:02:03.193Z INFO  gresse::replica] replica 178714744544926857 observed shutdown descriptor for replica 178714744544926834 with final counter Some(4)
[2026-08-19T14:02:03.461Z INFO  gresse::replica] replica 178714744544926857 observed shutdown descriptor for replica 178714744544926835 with final counter Some(4)
[2026-08-19T14:02:03.729Z INFO  gresse::replica] replica 178714744544926857 observed shutdown descriptor for replica 178714744544926836 with final counter Some(4)
[2026-08-19T14:02:03.995Z INFO  gresse::replica] replica 178714744544926857 observed shutdown descriptor for replica 178714744544926837 with final counter Some(2)
[2026-08-19T14:02:04.263Z INFO  gresse::replica] replica 178714744544926857 observed shutdown descriptor for replica 178714744544926838 with final counter Some(4)
[2026-08-19T14:02:04.534Z INFO  gresse::replica] replica 178714744544926857 observed shutdown descriptor for replica 178714744544926839 with final counter Some(4)
[2026-08-19T14:02:04.799Z INFO  gresse::replica] replica 178714744544926857 observed shutdown descriptor for replica 178714744544926840 with final counter Some(4)
[2026-08-19T14:02:05.071Z INFO  gresse::replica] replica 178714744544926857 observed shutdown descriptor for replica 178714744544926841 with final counter Some(4)
[2026-08-19T14:02:05.337Z INFO  gresse::replica] replica 178714744544926857 observed shutdown descriptor for replica 178714744544926842 with final counter Some(4)
[2026-08-19T14:02:05.612Z INFO  gresse::replica] replica 178714744544926857 observed shutdown descriptor for replica 178714744544926844 with final counter Some(4)
[2026-08-19T14:02:05.879Z INFO  gresse::replica] replica 178714744544926857 observed shutdown descriptor for replica 178714744544926845 with final counter Some(4)
[2026-08-19T14:02:06.148Z INFO  gresse::replica] replica 178714744544926857 observed shutdown descriptor for replica 178714744544926846 with final counter Some(4)
[2026-08-19T14:02:06.913Z INFO  gresse::replica] replica 178714744544926857 observed shutdown descriptor for replica 178714744544926847 with final counter Some(4)
[2026-08-19T14:02:07.182Z INFO  gresse::replica] replica 178714744544926857 observed shutdown descriptor for replica 178714744544926848 with final counter Some(4)
[2026-08-19T14:02:07.449Z INFO  gresse::replica] replica 178714744544926857 observed shutdown descriptor for replica 178714744544926849 with final counter Some(1)
[2026-08-19T14:02:07.713Z INFO  gresse::replica] replica 178714744544926857 observed shutdown descriptor for replica 178714744544926850 with final counter Some(4)
[2026-08-19T14:02:07.978Z INFO  gresse::replica] replica 178714744544926857 observed shutdown descriptor for replica 178714744544926851 with final counter Some(4)
[2026-08-19T14:02:08.246Z INFO  gresse::replica] replica 178714744544926857 observed shutdown descriptor for replica 178714744544926852 with final counter Some(4)
[2026-08-19T14:02:08.513Z INFO  gresse::replica] replica 178714744544926857 observed shutdown descriptor for replica 178714744544926861 with final counter Some(3)
[2026-08-19T14:02:08.783Z INFO  gresse::replica] replica 178714744544926857 observed shutdown descriptor for replica 178714744544926862 with final counter Some(2)
[2026-08-19T14:02:09.051Z INFO  gresse::replica] replica 178714744544926857 observed shutdown descriptor for replica 178714744544926863 with final counter Some(1)
[2026-08-19T14:02:09.316Z INFO  gresse::replica] replica 178714744544926857 observed shutdown descriptor for replica 178714744544926864 with final counter Some(1)
[2026-08-19T14:02:10.110Z INFO  gresse::replica] replica 178714744544926857 observed shutdown descriptor for replica 178714744544926832 with final counter Some(5)
[2026-08-19T14:02:10.374Z INFO  gresse::replica] replica 178714744544926857 observed shutdown descriptor for replica 178714744544926833 with final counter Some(4)
[2026-08-19T14:02:10.640Z INFO  gresse::replica] replica 178714744544926857 observed shutdown descriptor for replica 178714744544926834 with final counter Some(4)
[2026-08-19T14:02:10.909Z INFO  gresse::replica] replica 178714744544926857 observed shutdown descriptor for replica 178714744544926835 with final counter Some(4)
[2026-08-19T14:02:11.178Z INFO  gresse::replica] replica 178714744544926857 observed shutdown descriptor for replica 178714744544926836 with final counter Some(4)
[2026-08-19T14:02:11.446Z INFO  gresse::replica] replica 178714744544926857 observed shutdown descriptor for replica 178714744544926837 with final counter Some(2)
[2026-08-19T14:02:11.713Z INFO  gresse::replica] replica 178714744544926857 observed shutdown descriptor for replica 178714744544926838 with final counter Some(4)
[2026-08-19T14:02:11.979Z INFO  gresse::replica] replica 178714744544926857 observed shutdown descriptor for replica 178714744544926839 with final counter Some(4)
[2026-08-19T14:02:12.251Z INFO  gresse::replica] replica 178714744544926857 observed shutdown descriptor for replica 178714744544926840 with final counter Some(4)
[2026-08-19T14:02:12.518Z INFO  gresse::replica] replica 178714744544926857 observed shutdown descriptor for replica 178714744544926841 with final counter Some(4)
[2026-08-19T14:02:12.787Z INFO  gresse::replica] replica 178714744544926857 observed shutdown descriptor for replica 178714744544926842 with final counter Some(4)
[2026-08-19T14:02:13.050Z INFO  gresse::replica] replica 178714744544926857 observed shutdown descriptor for replica 178714744544926844 with final counter Some(4)
[2026-08-19T14:02:13.316Z INFO  gresse::replica] replica 178714744544926857 observed shutdown descriptor for replica 178714744544926845 with final counter Some(4)
[2026-08-19T14:02:13.581Z INFO  gresse::replica] replica 178714744544926857 observed shutdown descriptor for replica 178714744544926846 with final counter Some(4)
[2026-08-19T14:02:13.861Z INFO  gresse::replica] replica 178714744544926857 observed shutdown descriptor for replica 178714744544926847 with final counter Some(4)
[2026-08-19T14:02:14.126Z INFO  gresse::replica] replica 178714744544926857 observed shutdown descriptor for replica 178714744544926848 with final counter Some(4)
[2026-08-19T14:02:14.390Z INFO  gresse::replica] replica 178714744544926857 observed shutdown descriptor for replica 178714744544926849 with final counter Some(1)
[2026-08-19T14:02:14.660Z INFO  gresse::replica] replica 178714744544926857 observed shutdown descriptor for replica 178714744544926850 with final counter Some(4)
[2026-08-19T14:02:14.928Z INFO  gresse::replica] replica 178714744544926857 observed shutdown descriptor for replica 178714744544926851 with final counter Some(4)
[2026-08-19T14:02:15.200Z INFO  gresse::replica] replica 178714744544926857 observed shutdown descriptor for replica 178714744544926852 with final counter Some(4)
[2026-08-19T14:02:15.466Z INFO  gresse::replica] replica 178714744544926857 observed shutdown descriptor for replica 178714744544926853 with final counter Some(4)
[2026-08-19T14:02:15.736Z INFO  gresse::replica] replica 178714744544926857 observed shutdown descriptor for replica 178714744544926861 with final counter Some(3)
[2026-08-19T14:02:16.007Z INFO  gresse::replica] replica 178714744544926857 observed shutdown descriptor for replica 178714744544926862 with final counter Some(2)
[2026-08-19T14:02:16.277Z INFO  gresse::replica] replica 178714744544926857 observed shutdown descriptor for replica 178714744544926863 with final counter Some(1)
[2026-08-19T14:02:16.546Z INFO  gresse::replica] replica 178714744544926857 observed shutdown descriptor for replica 178714744544926864 with final counter Some(1)
[2026-08-19T14:02:17.333Z INFO  gresse::replica] replica 178714744544926857 observed shutdown descriptor for replica 178714744544926832 with final counter Some(5)
[2026-08-19T14:02:17.601Z INFO  gresse::replica] replica 178714744544926857 observed shutdown descriptor for replica 178714744544926833 with final counter Some(4)
[2026-08-19T14:02:17.867Z INFO  gresse::replica] replica 178714744544926857 observed shutdown descriptor for replica 178714744544926834 with final counter Some(4)
[2026-08-19T14:02:18.138Z INFO  gresse::replica] replica 178714744544926857 observed shutdown descriptor for replica 178714744544926835 with final counter Some(4)
[2026-08-19T14:02:18.406Z INFO  gresse::replica] replica 178714744544926857 observed shutdown descriptor for replica 178714744544926836 with final counter Some(4)
[2026-08-19T14:02:18.672Z INFO  gresse::replica] replica 178714744544926857 observed shutdown descriptor for replica 178714744544926837 with final counter Some(2)
[2026-08-19T14:02:18.939Z INFO  gresse::replica] replica 178714744544926857 observed shutdown descriptor for replica 178714744544926838 with final counter Some(4)
[2026-08-19T14:02:19.206Z INFO  gresse::replica] replica 178714744544926857 observed shutdown descriptor for replica 178714744544926839 with final counter Some(4)
[2026-08-19T14:02:19.476Z INFO  gresse::replica] replica 178714744544926857 observed shutdown descriptor for replica 178714744544926840 with final counter Some(4)
[2026-08-19T14:02:19.743Z INFO  gresse::replica] replica 178714744544926857 observed shutdown descriptor for replica 178714744544926841 with final counter Some(4)
[2026-08-19T14:02:20.013Z INFO  gresse::replica] replica 178714744544926857 observed shutdown descriptor for replica 178714744544926842 with final counter Some(4)
[2026-08-19T14:02:20.283Z INFO  gresse::replica] replica 178714744544926857 observed shutdown descriptor for replica 178714744544926844 with final counter Some(4)
[2026-08-19T14:02:20.549Z INFO  gresse::replica] replica 178714744544926857 observed shutdown descriptor for replica 178714744544926845 with final counter Some(4)
[2026-08-19T14:02:20.815Z INFO  gresse::replica] replica 178714744544926857 observed shutdown descriptor for replica 178714744544926846 with final counter Some(4)
[2026-08-19T14:02:21.081Z INFO  gresse::replica] replica 178714744544926857 observed shutdown descriptor for replica 178714744544926847 with final counter Some(4)
[2026-08-19T14:02:21.348Z INFO  gresse::replica] replica 178714744544926857 observed shutdown descriptor for replica 178714744544926848 with final counter Some(4)
[2026-08-19T14:02:21.615Z INFO  gresse::replica] replica 178714744544926857 observed shutdown descriptor for replica 178714744544926849 with final counter Some(1)
[2026-08-19T14:02:21.885Z INFO  gresse::replica] replica 178714744544926857 observed shutdown descriptor for replica 178714744544926850 with final counter Some(4)
[2026-08-19T14:02:22.152Z INFO  gresse::replica] replica 178714744544926857 observed shutdown descriptor for replica 178714744544926851 with final counter Some(4)
[2026-08-19T14:02:22.418Z INFO  gresse::replica] replica 178714744544926857 observed shutdown descriptor for replica 178714744544926852 with final counter Some(4)
[2026-08-19T14:02:22.684Z INFO  gresse::replica] replica 178714744544926857 observed shutdown descriptor for replica 178714744544926853 with final counter Some(4)
[2026-08-19T14:02:22.953Z INFO  gresse::replica] replica 178714744544926857 observed shutdown descriptor for replica 178714744544926861 with final counter Some(3)
[2026-08-19T14:02:23.222Z INFO  gresse::replica] replica 178714744544926857 observed shutdown descriptor for replica 178714744544926862 with final counter Some(2)
[2026-08-19T14:02:23.488Z INFO  gresse::replica] replica 178714744544926857 observed shutdown descriptor for replica 178714744544926863 with final counter Some(1)
[2026-08-19T14:02:23.753Z INFO  gresse::replica] replica 178714744544926857 observed shutdown descriptor for replica 178714744544926864 with final counter Some(1)
[2026-08-19T14:02:24.299Z INFO  gresse::replica] replica 178714744544926857 observed shutdown descriptor for replica 178714744544926832 with final counter Some(5)
[2026-08-19T14:02:24.566Z INFO  gresse::replica] replica 178714744544926857 observed shutdown descriptor for replica 178714744544926833 with final counter Some(4)
[2026-08-19T14:02:24.831Z INFO  gresse::replica] replica 178714744544926857 observed shutdown descriptor for replica 178714744544926834 with final counter Some(4)
[2026-08-19T14:02:25.099Z INFO  gresse::replica] replica 178714744544926857 observed shutdown descriptor for replica 178714744544926835 with final counter Some(4)
[2026-08-19T14:02:25.367Z INFO  gresse::replica] replica 178714744544926857 observed shutdown descriptor for replica 178714744544926836 with final counter Some(4)
[2026-08-19T14:02:25.635Z INFO  gresse::replica] replica 178714744544926857 observed shutdown descriptor for replica 178714744544926837 with final counter Some(2)
[2026-08-19T14:02:25.906Z INFO  gresse::replica] replica 178714744544926857 observed shutdown descriptor for replica 178714744544926838 with final counter Some(4)
[2026-08-19T14:02:26.174Z INFO  gresse::replica] replica 178714744544926857 observed shutdown descriptor for replica 178714744544926839 with final counter Some(4)
[2026-08-19T14:02:26.444Z INFO  gresse::replica] replica 178714744544926857 observed shutdown descriptor for replica 178714744544926840 with final counter Some(4)
[2026-08-19T14:02:26.709Z INFO  gresse::replica] replica 178714744544926857 observed shutdown descriptor for replica 178714744544926841 with final counter Some(4)
[2026-08-19T14:02:26.974Z INFO  gresse::replica] replica 178714744544926857 observed shutdown descriptor for replica 178714744544926842 with final counter Some(4)
[2026-08-19T14:02:27.239Z INFO  gresse::replica] replica 178714744544926857 observed shutdown descriptor for replica 178714744544926844 with final counter Some(4)
[2026-08-19T14:02:27.505Z INFO  gresse::replica] replica 178714744544926857 observed shutdown descriptor for replica 178714744544926845 with final counter Some(4)
[2026-08-19T14:02:27.771Z INFO  gresse::replica] replica 178714744544926857 observed shutdown descriptor for replica 178714744544926846 with final counter Some(4)
[2026-08-19T14:02:28.040Z INFO  gresse::replica] replica 178714744544926857 observed shutdown descriptor for replica 178714744544926847 with final counter Some(4)
[2026-08-19T14:02:28.305Z INFO  gresse::replica] replica 178714744544926857 observed shutdown descriptor for replica 178714744544926848 with final counter Some(4)
[2026-08-19T14:02:28.573Z INFO  gresse::replica] replica 178714744544926857 observed shutdown descriptor for replica 178714744544926849 with final counter Some(1)
[2026-08-19T14:02:28.839Z INFO  gresse::replica] replica 178714744544926857 observed shutdown descriptor for replica 178714744544926850 with final counter Some(4)
[2026-08-19T14:02:29.109Z INFO  gresse::replica] replica 178714744544926857 observed shutdown descriptor for replica 178714744544926851 with final counter Some(4)
[2026-08-19T14:02:29.381Z INFO  gresse::replica] replica 178714744544926857 observed shutdown descriptor for replica 178714744544926852 with final counter Some(4)
[2026-08-19T14:02:29.649Z INFO  gresse::replica] replica 178714744544926857 observed shutdown descriptor for replica 178714744544926853 with final counter Some(4)
[2026-08-19T14:02:29.916Z INFO  gresse::replica] replica 178714744544926857 observed shutdown descriptor for replica 178714744544926854 with final counter Some(4)
[2026-08-19T14:02:30.184Z INFO  gresse::replica] replica 178714744544926857 observed shutdown descriptor for replica 178714744544926861 with final counter Some(3)
[2026-08-19T14:02:30.447Z INFO  gresse::replica] replica 178714744544926857 observed shutdown descriptor for replica 178714744544926862 with final counter Some(2)
[2026-08-19T14:02:30.715Z INFO  gresse::replica] replica 178714744544926857 observed shutdown descriptor for replica 178714744544926863 with final counter Some(1)
[2026-08-19T14:02:30.984Z INFO  gresse::replica] replica 178714744544926857 observed shutdown descriptor for replica 178714744544926864 with final counter Some(1)
[2026-08-19T14:02:31.531Z INFO  gresse::replica] replica 178714744544926857 observed shutdown descriptor for replica 178714744544926832 with final counter Some(5)
[2026-08-19T14:02:31.798Z INFO  gresse::replica] replica 178714744544926857 observed shutdown descriptor for replica 178714744544926833 with final counter Some(4)
[2026-08-19T14:02:32.070Z INFO  gresse::replica] replica 178714744544926857 observed shutdown descriptor for replica 178714744544926834 with final counter Some(4)
[2026-08-19T14:02:32.340Z INFO  gresse::replica] replica 178714744544926857 observed shutdown descriptor for replica 178714744544926835 with final counter Some(4)
[2026-08-19T14:02:32.603Z INFO  gresse::replica] replica 178714744544926857 observed shutdown descriptor for replica 178714744544926836 with final counter Some(4)
[2026-08-19T14:02:32.869Z INFO  gresse::replica] replica 178714744544926857 observed shutdown descriptor for replica 178714744544926837 with final counter Some(2)
[2026-08-19T14:02:33.134Z INFO  gresse::replica] replica 178714744544926857 observed shutdown descriptor for replica 178714744544926838 with final counter Some(4)
[2026-08-19T14:02:33.403Z INFO  gresse::replica] replica 178714744544926857 observed shutdown descriptor for replica 178714744544926839 with final counter Some(4)
[2026-08-19T14:02:33.667Z INFO  gresse::replica] replica 178714744544926857 observed shutdown descriptor for replica 178714744544926840 with final counter Some(4)
[2026-08-19T14:02:33.936Z INFO  gresse::replica] replica 178714744544926857 observed shutdown descriptor for replica 178714744544926841 with final counter Some(4)
[2026-08-19T14:02:34.699Z INFO  gresse::replica] replica 178714744544926857 observed shutdown descriptor for replica 178714744544926842 with final counter Some(4)
[2026-08-19T14:02:34.965Z INFO  gresse::replica] replica 178714744544926857 observed shutdown descriptor for replica 178714744544926844 with final counter Some(4)
[2026-08-19T14:02:35.236Z INFO  gresse::replica] replica 178714744544926857 observed shutdown descriptor for replica 178714744544926845 with final counter Some(4)
[2026-08-19T14:02:35.506Z INFO  gresse::replica] replica 178714744544926857 observed shutdown descriptor for replica 178714744544926846 with final counter Some(4)
[2026-08-19T14:02:35.775Z INFO  gresse::replica] replica 178714744544926857 observed shutdown descriptor for replica 178714744544926847 with final counter Some(4)
[2026-08-19T14:02:36.042Z INFO  gresse::replica] replica 178714744544926857 observed shutdown descriptor for replica 178714744544926848 with final counter Some(4)
[2026-08-19T14:02:36.308Z INFO  gresse::replica] replica 178714744544926857 observed shutdown descriptor for replica 178714744544926849 with final counter Some(1)
[2026-08-19T14:02:36.576Z INFO  gresse::replica] replica 178714744544926857 observed shutdown descriptor for replica 178714744544926850 with final counter Some(4)
[2026-08-19T14:02:36.849Z INFO  gresse::replica] replica 178714744544926857 observed shutdown descriptor for replica 178714744544926851 with final counter Some(4)
[2026-08-19T14:02:37.117Z INFO  gresse::replica] replica 178714744544926857 observed shutdown descriptor for replica 178714744544926852 with final counter Some(4)
[2026-08-19T14:02:37.385Z INFO  gresse::replica] replica 178714744544926857 observed shutdown descriptor for replica 178714744544926853 with final counter Some(4)
[2026-08-19T14:02:37.654Z INFO  gresse::replica] replica 178714744544926857 observed shutdown descriptor for replica 178714744544926854 with final counter Some(4)
[2026-08-19T14:02:37.920Z INFO  gresse::replica] replica 178714744544926857 observed shutdown descriptor for replica 178714744544926861 with final counter Some(3)
[2026-08-19T14:02:38.192Z INFO  gresse::replica] replica 178714744544926857 observed shutdown descriptor for replica 178714744544926862 with final counter Some(2)
[2026-08-19T14:02:38.460Z INFO  gresse::replica] replica 178714744544926857 observed shutdown descriptor for replica 178714744544926863 with final counter Some(1)
[2026-08-19T14:02:38.729Z INFO  gresse::replica] replica 178714744544926857 observed shutdown descriptor for replica 178714744544926864 with final counter Some(1)
[2026-08-19T14:02:39.522Z INFO  gresse::replica] replica 178714744544926857 observed shutdown descriptor for replica 178714744544926832 with final counter Some(5)
[2026-08-19T14:02:39.789Z INFO  gresse::replica] replica 178714744544926857 observed shutdown descriptor for replica 178714744544926833 with final counter Some(4)
[2026-08-19T14:02:40.056Z INFO  gresse::replica] replica 178714744544926857 observed shutdown descriptor for replica 178714744544926834 with final counter Some(4)
[2026-08-19T14:02:40.328Z INFO  gresse::replica] replica 178714744544926857 observed shutdown descriptor for replica 178714744544926835 with final counter Some(4)
[2026-08-19T14:02:40.594Z INFO  gresse::replica] replica 178714744544926857 observed shutdown descriptor for replica 178714744544926836 with final counter Some(4)
[2026-08-19T14:02:40.862Z INFO  gresse::replica] replica 178714744544926857 observed shutdown descriptor for replica 178714744544926837 with final counter Some(2)
[2026-08-19T14:02:41.133Z INFO  gresse::replica] replica 178714744544926857 observed shutdown descriptor for replica 178714744544926838 with final counter Some(4)
[2026-08-19T14:02:41.402Z INFO  gresse::replica] replica 178714744544926857 observed shutdown descriptor for replica 178714744544926839 with final counter Some(4)
[2026-08-19T14:02:41.670Z INFO  gresse::replica] replica 178714744544926857 observed shutdown descriptor for replica 178714744544926840 with final counter Some(4)
[2026-08-19T14:02:41.938Z INFO  gresse::replica] replica 178714744544926857 observed shutdown descriptor for replica 178714744544926841 with final counter Some(4)
[2026-08-19T14:02:42.211Z INFO  gresse::replica] replica 178714744544926857 observed shutdown descriptor for replica 178714744544926842 with final counter Some(4)
[2026-08-19T14:02:42.479Z INFO  gresse::replica] replica 178714744544926857 observed shutdown descriptor for replica 178714744544926844 with final counter Some(4)
[2026-08-19T14:02:42.750Z INFO  gresse::replica] replica 178714744544926857 observed shutdown descriptor for replica 178714744544926845 with final counter Some(4)
[2026-08-19T14:02:43.017Z INFO  gresse::replica] replica 178714744544926857 observed shutdown descriptor for replica 178714744544926846 with final counter Some(4)
[2026-08-19T14:02:43.283Z INFO  gresse::replica] replica 178714744544926857 observed shutdown descriptor for replica 178714744544926847 with final counter Some(4)
[2026-08-19T14:02:43.551Z INFO  gresse::replica] replica 178714744544926857 observed shutdown descriptor for replica 178714744544926848 with final counter Some(4)
[2026-08-19T14:02:43.820Z INFO  gresse::replica] replica 178714744544926857 observed shutdown descriptor for replica 178714744544926849 with final counter Some(1)
[2026-08-19T14:02:44.087Z INFO  gresse::replica] replica 178714744544926857 observed shutdown descriptor for replica 178714744544926850 with final counter Some(4)
[2026-08-19T14:02:44.353Z INFO  gresse::replica] replica 178714744544926857 observed shutdown descriptor for replica 178714744544926851 with final counter Some(4)
[2026-08-19T14:02:44.621Z INFO  gresse::replica] replica 178714744544926857 observed shutdown descriptor for replica 178714744544926852 with final counter Some(4)
[2026-08-19T14:02:44.888Z INFO  gresse::replica] replica 178714744544926857 observed shutdown descriptor for replica 178714744544926853 with final counter Some(4)
[2026-08-19T14:02:45.155Z INFO  gresse::replica] replica 178714744544926857 observed shutdown descriptor for replica 178714744544926854 with final counter Some(4)
[2026-08-19T14:02:45.419Z INFO  gresse::replica] replica 178714744544926857 observed shutdown descriptor for replica 178714744544926855 with final counter Some(4)
[2026-08-19T14:02:45.683Z INFO  gresse::replica] replica 178714744544926857 observed shutdown descriptor for replica 178714744544926861 with final counter Some(3)
[2026-08-19T14:02:45.953Z INFO  gresse::replica] replica 178714744544926857 observed shutdown descriptor for replica 178714744544926862 with final counter Some(2)
[2026-08-19T14:02:46.220Z INFO  gresse::replica] replica 178714744544926857 observed shutdown descriptor for replica 178714744544926863 with final counter Some(1)
[2026-08-19T14:02:46.491Z INFO  gresse::replica] replica 178714744544926857 observed shutdown descriptor for replica 178714744544926864 with final counter Some(1)
[2026-08-19T14:02:47.283Z INFO  gresse::replica] replica 178714744544926857 observed shutdown descriptor for replica 178714744544926832 with final counter Some(5)
[2026-08-19T14:02:47.552Z INFO  gresse::replica] replica 178714744544926857 observed shutdown descriptor for replica 178714744544926833 with final counter Some(4)
[2026-08-19T14:02:47.822Z INFO  gresse::replica] replica 178714744544926857 observed shutdown descriptor for replica 178714744544926834 with final counter Some(4)
[2026-08-19T14:02:48.090Z INFO  gresse::replica] replica 178714744544926857 observed shutdown descriptor for replica 178714744544926835 with final counter Some(4)
[2026-08-19T14:02:48.357Z INFO  gresse::replica] replica 178714744544926857 observed shutdown descriptor for replica 178714744544926836 with final counter Some(4)
[2026-08-19T14:02:48.655Z INFO  gresse::replica] replica 178714744544926857 observed shutdown descriptor for replica 178714744544926837 with final counter Some(2)
[2026-08-19T14:02:48.927Z INFO  gresse::replica] replica 178714744544926857 observed shutdown descriptor for replica 178714744544926838 with final counter Some(4)
[2026-08-19T14:02:49.192Z INFO  gresse::replica] replica 178714744544926857 observed shutdown descriptor for replica 178714744544926839 with final counter Some(4)
[2026-08-19T14:02:49.462Z INFO  gresse::replica] replica 178714744544926857 observed shutdown descriptor for replica 178714744544926840 with final counter Some(4)
[2026-08-19T14:02:49.728Z INFO  gresse::replica] replica 178714744544926857 observed shutdown descriptor for replica 178714744544926841 with final counter Some(4)
[2026-08-19T14:02:49.997Z INFO  gresse::replica] replica 178714744544926857 observed shutdown descriptor for replica 178714744544926842 with final counter Some(4)
[2026-08-19T14:02:50.264Z INFO  gresse::replica] replica 178714744544926857 observed shutdown descriptor for replica 178714744544926844 with final counter Some(4)
[2026-08-19T14:02:50.535Z INFO  gresse::replica] replica 178714744544926857 observed shutdown descriptor for replica 178714744544926845 with final counter Some(4)
[2026-08-19T14:02:50.800Z INFO  gresse::replica] replica 178714744544926857 observed shutdown descriptor for replica 178714744544926846 with final counter Some(4)
[2026-08-19T14:02:51.069Z INFO  gresse::replica] replica 178714744544926857 observed shutdown descriptor for replica 178714744544926847 with final counter Some(4)
[2026-08-19T14:02:51.337Z INFO  gresse::replica] replica 178714744544926857 observed shutdown descriptor for replica 178714744544926848 with final counter Some(4)
[2026-08-19T14:02:51.606Z INFO  gresse::replica] replica 178714744544926857 observed shutdown descriptor for replica 178714744544926849 with final counter Some(1)
[2026-08-19T14:02:51.876Z INFO  gresse::replica] replica 178714744544926857 observed shutdown descriptor for replica 178714744544926850 with final counter Some(4)
[2026-08-19T14:02:52.142Z INFO  gresse::replica] replica 178714744544926857 observed shutdown descriptor for replica 178714744544926851 with final counter Some(4)
[2026-08-19T14:02:52.407Z INFO  gresse::replica] replica 178714744544926857 observed shutdown descriptor for replica 178714744544926852 with final counter Some(4)
[2026-08-19T14:02:52.677Z INFO  gresse::replica] replica 178714744544926857 observed shutdown descriptor for replica 178714744544926853 with final counter Some(4)
[2026-08-19T14:02:52.942Z INFO  gresse::replica] replica 178714744544926857 observed shutdown descriptor for replica 178714744544926854 with final counter Some(4)
[2026-08-19T14:02:53.211Z INFO  gresse::replica] replica 178714744544926857 observed shutdown descriptor for replica 178714744544926855 with final counter Some(4)
[2026-08-19T14:02:53.478Z INFO  gresse::replica] replica 178714744544926857 observed shutdown descriptor for replica 178714744544926856 with final counter Some(4)
[2026-08-19T14:02:53.746Z INFO  gresse::replica] replica 178714744544926857 observed shutdown descriptor for replica 178714744544926861 with final counter Some(3)
[2026-08-19T14:02:54.011Z INFO  gresse::replica] replica 178714744544926857 observed shutdown descriptor for replica 178714744544926862 with final counter Some(2)
[2026-08-19T14:02:54.278Z INFO  gresse::replica] replica 178714744544926857 observed shutdown descriptor for replica 178714744544926863 with final counter Some(1)
[2026-08-19T14:02:54.546Z INFO  gresse::replica] replica 178714744544926857 observed shutdown descriptor for replica 178714744544926864 with final counter Some(1)
[2026-08-19T14:02:54.819Z INFO  gresse::replica] shutdown signal received for replica 178714744544926857
[2026-08-19T14:02:54.819Z INFO  gresse::replica] replica 178714744544926857 shutting down with 3 connected writers
[2026-08-19T14:02:55.337Z INFO  gresse::network] network manager for replica 178714744544926857 shutdown complete
[2026-08-19T14:02:55.337Z INFO  gresse::http_server] http server received shutdown signal
[2026-08-19T14:02:55.337Z INFO  gresse::http_server] http server shutdown complete
