source,event,phase,timestamp_us,replica_pid,peer_pid,gc_marker,sent_us,received_us,start_us,end_us,insert_count,delete_count,detail,client_id,operation,value,status_code,latency_us
client,client_request,completed,1777560156025288,3,,,1777560156002835,1777560156025288,1777560156002835,1777560156025288,,,,client-3-7,Remove,-2904874,200,22453
client,client_request,completed,1777560156048317,3,,,1777560156025463,1777560156048317,1777560156025463,1777560156048317,,,,client-3-7,Insert,11202641,200,22854
client,client_request,completed,1777560156072450,3,,,1777560156050741,1777560156072450,1777560156050741,1777560156072450,,,,client-3-7,Insert,-9176452,200,21709
client,client_request,completed,1777560156089958,3,,,1777560156073966,1777560156089958,1777560156073966,1777560156089958,,,,client-3-7,Insert,-5279757,200,15992
client,client_request,completed,1777560156129528,3,,,1777560156090100,1777560156129528,1777560156090100,1777560156129528,,,,client-3-7,Remove,-4645034,200,39428
client,client_request,completed,1777560156153283,3,,,1777560156129653,1777560156153283,1777560156129653,1777560156153283,,,,client-3-7,Insert,-3030999,200,23630
client,client_request,completed,1777560156171795,3,,,1777560156153412,1777560156171795,1777560156153412,1777560156171795,,,,client-3-7,Remove,16694867,200,18383
client,client_request,completed,1777560156196875,3,,,1777560156178911,1777560156196875,1777560156178911,1777560156196875,,,,client-3-7,Remove,-10223811,200,17964
client,client_request,completed,1777560156206998,3,,,1777560156197005,1777560156206998,1777560156197005,1777560156206998,,,,client-3-7,Insert,11683228,200,9993
client,client_request,completed,1777560156226021,3,,,1777560156207110,1777560156226021,1777560156207110,1777560156226021,,,,client-3-7,Insert,13243096,200,18911
client,client_request,completed,1777560156229797,3,,,1777560156226156,1777560156229797,1777560156226156,1777560156229797,,,,client-3-7,Remove,4656347,200,3641
client,client_request,completed,1777560156254638,3,,,1777560156229928,1777560156254638,1777560156229928,1777560156254638,,,,client-3-7,Insert,2653775,200,24710
client,client_request,completed,1777560156275319,3,,,1777560156254748,1777560156275319,1777560156254748,1777560156275319,,,,client-3-7,Remove,8414123,200,20571
client,client_request,completed,1777560156294289,3,,,1777560156275457,1777560156294289,1777560156275457,1777560156294289,,,,client-3-7,Insert,-3766101,200,18832
client,client_request,completed,1777560156308954,3,,,1777560156296425,1777560156308954,1777560156296425,1777560156308954,,,,client-3-7,Remove,10976694,200,12529
client,client_request,completed,1777560156333518,3,,,1777560156309059,1777560156333518,1777560156309059,1777560156333518,,,,client-3-7,Insert,1888649,200,24459
client,client_request,completed,1777560156368221,3,,,1777560156333660,1777560156368221,1777560156333660,1777560156368221,,,,client-3-7,Insert,-9466320,200,34561
client,client_request,completed,1777560156388060,3,,,1777560156371750,1777560156388060,1777560156371750,1777560156388060,,,,client-3-7,Remove,13010782,200,16310
client,client_request,completed,1777560156419926,3,,,1777560156392469,1777560156419926,1777560156392469,1777560156419926,,,,client-3-7,Remove,-11389409,200,27457
client,client_request,completed,1777560156467976,3,,,1777560156423179,1777560156467976,1777560156423179,1777560156467976,,,,client-3-7,Insert,12179911,200,44797
client,client_request,completed,1777560156502712,3,,,1777560156471422,1777560156502712,1777560156471422,1777560156502712,,,,client-3-7,Remove,-4350750,200,31290
client,client_request,completed,1777560156527373,3,,,1777560156515197,1777560156527373,1777560156515197,1777560156527373,,,,client-3-7,Insert,1778110,200,12176
client,client_request,completed,1777560156542322,3,,,1777560156527510,1777560156542322,1777560156527510,1777560156542322,,,,client-3-7,Remove,1494651,200,14812
client,client_request,completed,1777560156553373,3,,,1777560156542441,1777560156553373,1777560156542441,1777560156553373,,,,client-3-7,Insert,15395685,200,10932
client,client_request,completed,1777560156573463,3,,,1777560156553508,1777560156573463,1777560156553508,1777560156573463,,,,client-3-7,Insert,15264557,200,19955
client,client_request,completed,1777560156615952,3,,,1777560156575230,1777560156615952,1777560156575230,1777560156615952,,,,client-3-7,Insert,2932457,200,40722
client,client_request,completed,1777560156641097,3,,,1777560156618589,1777560156641097,1777560156618589,1777560156641097,,,,client-3-7,Remove,3232856,200,22508
client,client_request,completed,1777560156657351,3,,,1777560156641233,1777560156657351,1777560156641233,1777560156657351,,,,client-3-7,Remove,7650703,200,16118
client,client_request,completed,1777560156684745,3,,,1777560156657480,1777560156684745,1777560156657480,1777560156684745,,,,client-3-7,Remove,4077610,200,27265
client,client_request,completed,1777560156708990,3,,,1777560156687177,1777560156708990,1777560156687177,1777560156708990,,,,client-3-7,Insert,-16078776,200,21813
client,client_request,completed,1777560156728649,3,,,1777560156710456,1777560156728649,1777560156710456,1777560156728649,,,,client-3-7,Insert,13034531,200,18193
client,client_request,completed,1777560156769486,3,,,1777560156728784,1777560156769486,1777560156728784,1777560156769486,,,,client-3-7,Insert,-2230600,200,40702
client,client_request,completed,1777560156844395,3,,,1777560156773471,1777560156844395,1777560156773471,1777560156844395,,,,client-3-7,Insert,13884512,200,70924
client,client_request,completed,1777560156866087,3,,,1777560156853650,1777560156866087,1777560156853650,1777560156866087,,,,client-3-7,Remove,12829192,200,12437
client,client_request,completed,1777560156889051,3,,,1777560156866224,1777560156889051,1777560156866224,1777560156889051,,,,client-3-7,Remove,-3316765,200,22827
client,client_request,completed,1777560156951143,3,,,1777560156892260,1777560156951143,1777560156892260,1777560156951143,,,,client-3-7,Insert,9137384,200,58883
client,client_request,completed,1777560156962378,3,,,1777560156951280,1777560156962378,1777560156951280,1777560156962378,,,,client-3-7,Insert,7907620,200,11098
client,client_request,completed,1777560156991672,3,,,1777560156962482,1777560156991672,1777560156962482,1777560156991672,,,,client-3-7,Remove,-9953156,200,29190
client,client_request,completed,1777560157037482,3,,,1777560156991787,1777560157037482,1777560156991787,1777560157037482,,,,client-3-7,Remove,-13296904,200,45695
client,client_request,completed,1777560157083779,3,,,1777560157040444,1777560157083779,1777560157040444,1777560157083779,,,,client-3-7,Insert,677226,200,43335
client,client_request,completed,1777560157114534,3,,,1777560157083924,1777560157114534,1777560157083924,1777560157114534,,,,client-3-7,Insert,16211698,200,30610
client,client_request,completed,1777560157130712,3,,,1777560157114645,1777560157130712,1777560157114645,1777560157130712,,,,client-3-7,Insert,-6128479,200,16067
client,client_request,completed,1777560157162843,3,,,1777560157130825,1777560157162843,1777560157130825,1777560157162843,,,,client-3-7,Insert,-12995826,200,32018
client,client_request,completed,1777560157200080,3,,,1777560157162980,1777560157200080,1777560157162980,1777560157200080,,,,client-3-7,Remove,12352765,200,37100
client,client_request,completed,1777560157225242,3,,,1777560157200237,1777560157225242,1777560157200237,1777560157225242,,,,client-3-7,Remove,-15286097,200,25005
client,client_request,completed,1777560157242257,3,,,1777560157225359,1777560157242257,1777560157225359,1777560157242257,,,,client-3-7,Remove,-10385188,200,16898
client,client_request,completed,1777560157276153,3,,,1777560157246635,1777560157276153,1777560157246635,1777560157276153,,,,client-3-7,Insert,-7581665,200,29518
client,client_request,completed,1777560157293765,3,,,1777560157278350,1777560157293765,1777560157278350,1777560157293765,,,,client-3-7,Remove,-7402922,200,15415
client,client_request,completed,1777560157332172,3,,,1777560157305736,1777560157332172,1777560157305736,1777560157332172,,,,client-3-7,Remove,-4432912,200,26436
client,client_request,completed,1777560157389188,3,,,1777560157339395,1777560157389188,1777560157339395,1777560157389188,,,,client-3-7,Insert,-11159953,200,49793
client,client_request,completed,1777560157425834,3,,,1777560157389322,1777560157425834,1777560157389322,1777560157425834,,,,client-3-7,Remove,-1220543,200,36512
client,client_request,completed,1777560157465414,3,,,1777560157428639,1777560157465414,1777560157428639,1777560157465414,,,,client-3-7,Remove,16619749,200,36775
client,client_request,completed,1777560157496946,3,,,1777560157465522,1777560157496946,1777560157465522,1777560157496946,,,,client-3-7,Insert,-15693477,200,31424
client,client_request,completed,1777560157533572,3,,,1777560157497074,1777560157533572,1777560157497074,1777560157533572,,,,client-3-7,Remove,13745580,200,36498
client,client_request,completed,1777560157574313,3,,,1777560157533664,1777560157574313,1777560157533664,1777560157574313,,,,client-3-7,Insert,-9348697,200,40649
client,client_request,completed,1777560157604252,3,,,1777560157574448,1777560157604252,1777560157574448,1777560157604252,,,,client-3-7,Insert,-4756789,200,29804
client,client_request,completed,1777560157631351,3,,,1777560157607259,1777560157631351,1777560157607259,1777560157631351,,,,client-3-7,Insert,13353280,200,24092
client,client_request,completed,1777560157652596,3,,,1777560157631498,1777560157652596,1777560157631498,1777560157652596,,,,client-3-7,Insert,9190044,200,21098
client,client_request,completed,1777560157697555,3,,,1777560157655930,1777560157697555,1777560157655930,1777560157697555,,,,client-3-7,Insert,7922987,200,41625
client,client_request,completed,1777560157745046,3,,,1777560157697688,1777560157745046,1777560157697688,1777560157745046,,,,client-3-7,Remove,5975809,200,47358
client,client_request,completed,1777560157835370,3,,,1777560157745169,1777560157835370,1777560157745169,1777560157835370,,,,client-3-7,Insert,-677660,200,90201
client,client_request,completed,1777560157860644,3,,,1777560157847564,1777560157860644,1777560157847564,1777560157860644,,,,client-3-7,Insert,11182843,200,13080
client,client_request,completed,1777560157908866,3,,,1777560157860821,1777560157908866,1777560157860821,1777560157908866,,,,client-3-7,Remove,13033832,200,48045
client,client_request,completed,1777560157942909,3,,,1777560157908991,1777560157942909,1777560157908991,1777560157942909,,,,client-3-7,Insert,-9128092,200,33918
client,client_request,completed,1777560157981049,3,,,1777560157943014,1777560157981049,1777560157943014,1777560157981049,,,,client-3-7,Insert,-414982,200,38035
client,client_request,completed,1777560158020351,3,,,1777560157981193,1777560158020351,1777560157981193,1777560158020351,,,,client-3-7,Insert,-4892436,200,39158
client,client_request,completed,1777560158039145,3,,,1777560158020484,1777560158039145,1777560158020484,1777560158039145,,,,client-3-7,Remove,15241092,200,18661
client,client_request,completed,1777560158058373,3,,,1777560158039254,1777560158058373,1777560158039254,1777560158058373,,,,client-3-7,Remove,6152152,200,19119
client,client_request,completed,1777560158085568,3,,,1777560158058503,1777560158085568,1777560158058503,1777560158085568,,,,client-3-7,Remove,-4307179,200,27065
client,client_request,completed,1777560158112425,3,,,1777560158085704,1777560158112425,1777560158085704,1777560158112425,,,,client-3-7,Insert,9582661,200,26721
client,client_request,completed,1777560158157966,3,,,1777560158114110,1777560158157966,1777560158114110,1777560158157966,,,,client-3-7,Remove,-9607913,200,43856
client,client_request,completed,1777560158185923,3,,,1777560158160319,1777560158185923,1777560158160319,1777560158185923,,,,client-3-7,Remove,14961834,200,25604
client,client_request,completed,1777560158210162,3,,,1777560158188672,1777560158210162,1777560158188672,1777560158210162,,,,client-3-7,Insert,-2007688,200,21490
client,client_request,completed,1777560158225193,3,,,1777560158210280,1777560158225193,1777560158210280,1777560158225193,,,,client-3-7,Insert,16392635,200,14913
client,client_request,completed,1777560158262535,3,,,1777560158225304,1777560158262535,1777560158225304,1777560158262535,,,,client-3-7,Remove,-6521344,200,37231
client,client_request,completed,1777560158290413,3,,,1777560158262659,1777560158290413,1777560158262659,1777560158290413,,,,client-3-7,Remove,-2561259,200,27754
client,client_request,completed,1777560158327075,3,,,1777560158292771,1777560158327075,1777560158292771,1777560158327075,,,,client-3-7,Remove,6007913,200,34304
client,client_request,completed,1777560158363374,3,,,1777560158327189,1777560158363374,1777560158327189,1777560158363374,,,,client-3-7,Remove,-16498723,200,36185
client,client_request,completed,1777560158387197,3,,,1777560158363513,1777560158387197,1777560158363513,1777560158387197,,,,client-3-7,Insert,15746438,200,23684
client,client_request,completed,1777560158400578,3,,,1777560158387304,1777560158400578,1777560158387304,1777560158400578,,,,client-3-7,Insert,15166122,200,13274
client,client_request,completed,1777560158478044,3,,,1777560158400727,1777560158478044,1777560158400727,1777560158478044,,,,client-3-7,Remove,-3490239,200,77317
client,client_request,completed,1777560158516639,3,,,1777560158478159,1777560158516639,1777560158478159,1777560158516639,,,,client-3-7,Insert,16670510,200,38480
client,client_request,completed,1777560158561774,3,,,1777560158516776,1777560158561774,1777560158516776,1777560158561774,,,,client-3-7,Remove,12025723,200,44998
client,client_request,completed,1777560158607273,3,,,1777560158561885,1777560158607273,1777560158561885,1777560158607273,,,,client-3-7,Remove,-6407965,200,45388
client,client_request,completed,1777560158652697,3,,,1777560158607394,1777560158652697,1777560158607394,1777560158652697,,,,client-3-7,Remove,-3940410,200,45303
client,client_request,completed,1777560158694929,3,,,1777560158652835,1777560158694929,1777560158652835,1777560158694929,,,,client-3-7,Remove,-2390683,200,42094
client,client_request,completed,1777560158742039,3,,,1777560158695098,1777560158742039,1777560158695098,1777560158742039,,,,client-3-7,Insert,11648926,200,46941
client,client_request,completed,1777560158831806,3,,,1777560158742175,1777560158831806,1777560158742175,1777560158831806,,,,client-3-7,Insert,3653036,200,89631
client,client_request,completed,1777560158879315,3,,,1777560158831941,1777560158879315,1777560158831941,1777560158879315,,,,client-3-7,Remove,-14272239,200,47374
client,client_request,completed,1777560158931779,3,,,1777560158882109,1777560158931779,1777560158882109,1777560158931779,,,,client-3-7,Insert,7275013,200,49670
client,client_request,completed,1777560158946193,3,,,1777560158934165,1777560158946193,1777560158934165,1777560158946193,,,,client-3-7,Insert,15315176,200,12028
client,client_request,completed,1777560158976308,3,,,1777560158946334,1777560158976308,1777560158946334,1777560158976308,,,,client-3-7,Insert,6282286,200,29974
client,client_request,completed,1777560159027295,3,,,1777560158976431,1777560159027295,1777560158976431,1777560159027295,,,,client-3-7,Insert,-3278519,200,50864
client,client_request,completed,1777560159088503,3,,,1777560159027396,1777560159088503,1777560159027396,1777560159088503,,,,client-3-7,Insert,-5132780,200,61107
client,client_request,completed,1777560159151434,3,,,1777560159107471,1777560159151434,1777560159107471,1777560159151434,,,,client-3-7,Remove,-14286037,200,43963
client,client_request,completed,1777560159161329,3,,,1777560159151554,1777560159161329,1777560159151554,1777560159161329,,,,client-3-7,Insert,12815668,200,9775
client,client_request,completed,1777560159191247,3,,,1777560159165949,1777560159191247,1777560159165949,1777560159191247,,,,client-3-7,Remove,-2677268,200,25298
client,client_request,completed,1777560159223677,3,,,1777560159191369,1777560159223677,1777560159191369,1777560159223677,,,,client-3-7,Insert,-12267989,200,32308
client,client_request,completed,1777560159274608,3,,,1777560159223814,1777560159274608,1777560159223814,1777560159274608,,,,client-3-7,Remove,13283956,200,50794
client,client_request,completed,1777560159305922,3,,,1777560159274745,1777560159305922,1777560159274745,1777560159305922,,,,client-3-7,Remove,12829195,200,31177
client,client_request,completed,1777560159342411,3,,,1777560159309106,1777560159342411,1777560159309106,1777560159342411,,,,client-3-7,Insert,-6253339,200,33305
client,client_request,completed,1777560159375974,3,,,1777560159349300,1777560159375974,1777560159349300,1777560159375974,,,,client-3-7,Insert,-8198654,200,26674
client,client_request,completed,1777560159450627,3,,,1777560159378661,1777560159450627,1777560159378661,1777560159450627,,,,client-3-7,Remove,-173155,200,71966
client,client_request,completed,1777560159524761,3,,,1777560159455676,1777560159524761,1777560159455676,1777560159524761,,,,client-3-7,Remove,-11883892,200,69085
client,client_request,completed,1777560159615712,3,,,1777560159524902,1777560159615712,1777560159524902,1777560159615712,,,,client-3-7,Remove,2688393,200,90810
client,client_request,completed,1777560159672242,3,,,1777560159629717,1777560159672242,1777560159629717,1777560159672242,,,,client-3-7,Remove,4512824,200,42525
client,client_request,completed,1777560159714511,3,,,1777560159680593,1777560159714511,1777560159680593,1777560159714511,,,,client-3-7,Insert,9717322,200,33918
client,client_request,completed,1777560159774728,3,,,1777560159721263,1777560159774728,1777560159721263,1777560159774728,,,,client-3-7,Remove,3118641,200,53465
client,client_request,completed,1777560159841987,3,,,1777560159774844,1777560159841987,1777560159774844,1777560159841987,,,,client-3-7,Insert,16391298,200,67143
client,client_request,completed,1777560159853619,3,,,1777560159842127,1777560159853619,1777560159842127,1777560159853619,,,,client-3-7,Insert,10696777,200,11492
client,client_request,completed,1777560159887491,3,,,1777560159853739,1777560159887491,1777560159853739,1777560159887491,,,,client-3-7,Remove,-8632610,200,33752
client,client_request,completed,1777560159907718,3,,,1777560159887609,1777560159907718,1777560159887609,1777560159907718,,,,client-3-7,Insert,2055211,200,20109
client,client_request,completed,1777560159997561,3,,,1777560159907859,1777560159997561,1777560159907859,1777560159997561,,,,client-3-7,Insert,6320096,200,89702
client,client_request,completed,1777560160035728,3,,,1777560159997691,1777560160035728,1777560159997691,1777560160035728,,,,client-3-7,Insert,-16579849,200,38037
client,client_request,completed,1777560160069274,3,,,1777560160038979,1777560160069274,1777560160038979,1777560160069274,,,,client-3-7,Insert,2981471,200,30295
client,client_request,completed,1777560160139552,3,,,1777560160098902,1777560160139552,1777560160098902,1777560160139552,,,,client-3-7,Remove,2287340,200,40650
client,client_request,completed,1777560160169505,3,,,1777560160139677,1777560160169505,1777560160139677,1777560160169505,,,,client-3-7,Insert,13496925,200,29828
client,client_request,completed,1777560160241416,3,,,1777560160169638,1777560160241416,1777560160169638,1777560160241416,,,,client-3-7,Insert,2986941,200,71778
client,client_request,completed,1777560160277822,3,,,1777560160241561,1777560160277822,1777560160241561,1777560160277822,,,,client-3-7,Remove,-2203028,200,36261
client,client_request,completed,1777560160305234,3,,,1777560160277966,1777560160305234,1777560160277966,1777560160305234,,,,client-3-7,Remove,12225507,200,27268
client,client_request,completed,1777560160387927,3,,,1777560160311830,1777560160387927,1777560160311830,1777560160387927,,,,client-3-7,Insert,9015975,200,76097
client,client_request,completed,1777560160434225,3,,,1777560160388062,1777560160434225,1777560160388062,1777560160434225,,,,client-3-7,Insert,-10511967,200,46163
client,client_request,completed,1777560160465872,3,,,1777560160434371,1777560160465872,1777560160434371,1777560160465872,,,,client-3-7,Remove,-12423359,200,31501
client,client_request,completed,1777560160503662,3,,,1777560160466011,1777560160503662,1777560160466011,1777560160503662,,,,client-3-7,Insert,-1980626,200,37651
client,client_request,completed,1777560160544210,3,,,1777560160503806,1777560160544210,1777560160503806,1777560160544210,,,,client-3-7,Remove,3414837,200,40404
client,client_request,completed,1777560160572670,3,,,1777560160544370,1777560160572670,1777560160544370,1777560160572670,,,,client-3-7,Remove,4285198,200,28300
client,client_request,completed,1777560160606634,3,,,1777560160575252,1777560160606634,1777560160575252,1777560160606634,,,,client-3-7,Insert,9772726,200,31382
client,client_request,completed,1777560160637843,3,,,1777560160606796,1777560160637843,1777560160606796,1777560160637843,,,,client-3-7,Remove,9212777,200,31047
client,client_request,completed,1777560160676037,3,,,1777560160637950,1777560160676037,1777560160637950,1777560160676037,,,,client-3-7,Insert,2293994,200,38087
client,client_request,completed,1777560160732569,3,,,1777560160676165,1777560160732569,1777560160676165,1777560160732569,,,,client-3-7,Remove,3910375,200,56404
client,client_request,completed,1777560160843078,3,,,1777560160744412,1777560160843078,1777560160744412,1777560160843078,,,,client-3-7,Insert,5240737,200,98666
client,client_request,completed,1777560160871802,3,,,1777560160849736,1777560160871802,1777560160849736,1777560160871802,,,,client-3-7,Remove,935798,200,22066
client,client_request,completed,1777560160942865,3,,,1777560160874035,1777560160942865,1777560160874035,1777560160942865,,,,client-3-7,Remove,-7246813,200,68830
client,client_request,completed,1777560160992104,3,,,1777560160942994,1777560160992104,1777560160942994,1777560160992104,,,,client-3-7,Remove,-9246976,200,49110
client,client_request,completed,1777560161005359,3,,,1777560160992279,1777560161005359,1777560160992279,1777560161005359,,,,client-3-7,Remove,14718135,200,13080
client,client_request,completed,1777560161042271,3,,,1777560161005501,1777560161042271,1777560161005501,1777560161042271,,,,client-3-7,Insert,7360616,200,36770
client,client_request,completed,1777560161053869,3,,,1777560161042377,1777560161053869,1777560161042377,1777560161053869,,,,client-3-7,Remove,-8348408,200,11492
client,client_request,completed,1777560161062690,3,,,1777560161053976,1777560161062690,1777560161053976,1777560161062690,,,,client-3-7,Remove,-11638562,200,8714
client,client_request,completed,1777560161079886,3,,,1777560161062807,1777560161079886,1777560161062807,1777560161079886,,,,client-3-7,Insert,9375573,200,17079
client,client_request,completed,1777560161134602,3,,,1777560161080003,1777560161134602,1777560161080003,1777560161134602,,,,client-3-7,Insert,-4327992,200,54599
client,client_request,completed,1777560161167963,3,,,1777560161134713,1777560161167963,1777560161134713,1777560161167963,,,,client-3-7,Insert,-13170900,200,33250
client,client_request,completed,1777560161208552,3,,,1777560161175710,1777560161208552,1777560161175710,1777560161208552,,,,client-3-7,Insert,-11849272,200,32842
client,client_request,completed,1777560161228994,3,,,1777560161211451,1777560161228994,1777560161211451,1777560161228994,,,,client-3-7,Remove,-817109,200,17543
client,client_request,completed,1777560161259037,3,,,1777560161229103,1777560161259037,1777560161229103,1777560161259037,,,,client-3-7,Remove,13026544,200,29934
client,client_request,completed,1777560161300455,3,,,1777560161259150,1777560161300455,1777560161259150,1777560161300455,,,,client-3-7,Insert,-16093249,200,41305
client,client_request,completed,1777560161311346,3,,,1777560161302494,1777560161311346,1777560161302494,1777560161311346,,,,client-3-7,Insert,661757,200,8852
client,client_request,completed,1777560161351939,3,,,1777560161313437,1777560161351939,1777560161313437,1777560161351939,,,,client-3-7,Insert,8985801,200,38502
client,client_request,completed,1777560161377349,3,,,1777560161352078,1777560161377349,1777560161352078,1777560161377349,,,,client-3-7,Insert,8548513,200,25271
client,client_request,completed,1777560161420404,3,,,1777560161380593,1777560161420404,1777560161380593,1777560161420404,,,,client-3-7,Insert,-348262,200,39811
client,client_request,completed,1777560161458556,3,,,1777560161420505,1777560161458556,1777560161420505,1777560161458556,,,,client-3-7,Insert,10261393,200,38051
client,client_request,completed,1777560161501852,3,,,1777560161463843,1777560161501852,1777560161463843,1777560161501852,,,,client-3-7,Insert,-6358238,200,38009
client,client_request,completed,1777560161513507,3,,,1777560161502003,1777560161513507,1777560161502003,1777560161513507,,,,client-3-7,Insert,13976335,200,11504
client,client_request,completed,1777560161556619,3,,,1777560161513616,1777560161556619,1777560161513616,1777560161556619,,,,client-3-7,Insert,-13526306,200,43003
client,client_request,completed,1777560161610974,3,,,1777560161556798,1777560161610974,1777560161556798,1777560161610974,,,,client-3-7,Insert,4844550,200,54176
client,client_request,completed,1777560161634146,3,,,1777560161611082,1777560161634146,1777560161611082,1777560161634146,,,,client-3-7,Remove,-3572855,200,23064
client,client_request,completed,1777560161664946,3,,,1777560161634265,1777560161664946,1777560161634265,1777560161664946,,,,client-3-7,Insert,-12612780,200,30681
client,client_request,completed,1777560161677996,3,,,1777560161665076,1777560161677996,1777560161665076,1777560161677996,,,,client-3-7,Insert,7480217,200,12920
client,client_request,completed,1777560161713993,3,,,1777560161681107,1777560161713993,1777560161681107,1777560161713993,,,,client-3-7,Insert,14259687,200,32886
client,client_request,completed,1777560161758403,3,,,1777560161722551,1777560161758403,1777560161722551,1777560161758403,,,,client-3-7,Insert,-11849344,200,35852
client,client_request,completed,1777560161839757,3,,,1777560161758566,1777560161839757,1777560161758566,1777560161839757,,,,client-3-7,Insert,-14029404,200,81191
client,client_request,completed,1777560161892991,3,,,1777560161839927,1777560161892991,1777560161839927,1777560161892991,,,,client-3-7,Remove,-3368582,200,53064
client,client_request,completed,1777560161951063,3,,,1777560161893109,1777560161951063,1777560161893109,1777560161951063,,,,client-3-7,Insert,8240812,200,57954
client,client_request,completed,1777560162008497,3,,,1777560161971195,1777560162008497,1777560161971195,1777560162008497,,,,client-3-7,Remove,12822904,200,37302
client,client_request,completed,1777560162087719,3,,,1777560162020563,1777560162087719,1777560162020563,1777560162087719,,,,client-3-7,Insert,9055664,200,67156
client,client_request,completed,1777560162141113,3,,,1777560162087864,1777560162141113,1777560162087864,1777560162141113,,,,client-3-7,Remove,-15005942,200,53249
client,client_request,completed,1777560162185670,3,,,1777560162141225,1777560162185670,1777560162141225,1777560162185670,,,,client-3-7,Remove,12033016,200,44445
client,client_request,completed,1777560162243283,3,,,1777560162199877,1777560162243283,1777560162199877,1777560162243283,,,,client-3-7,Remove,-1075473,200,43406
client,client_request,completed,1777560162269912,3,,,1777560162243422,1777560162269912,1777560162243422,1777560162269912,,,,client-3-7,Insert,-2107476,200,26490
client,client_request,completed,1777560162323447,3,,,1777560162273250,1777560162323447,1777560162273250,1777560162323447,,,,client-3-7,Remove,14618994,200,50197
client,client_request,completed,1777560162383743,3,,,1777560162326114,1777560162383743,1777560162326114,1777560162383743,,,,client-3-7,Remove,-369487,200,57629
client,client_request,completed,1777560162432254,3,,,1777560162383881,1777560162432254,1777560162383881,1777560162432254,,,,client-3-7,Remove,469749,200,48373
client,client_request,completed,1777560162495975,3,,,1777560162441929,1777560162495975,1777560162441929,1777560162495975,,,,client-3-7,Remove,14431652,200,54046
client,client_request,completed,1777560162546666,3,,,1777560162496117,1777560162546666,1777560162496117,1777560162546666,,,,client-3-7,Remove,15116815,200,50549
client,client_request,completed,1777560162563894,3,,,1777560162546796,1777560162563894,1777560162546796,1777560162563894,,,,client-3-7,Insert,-12103382,200,17098
client,client_request,completed,1777560162606253,3,,,1777560162568103,1777560162606253,1777560162568103,1777560162606253,,,,client-3-7,Remove,-1495158,200,38150
client,client_request,completed,1777560162659612,3,,,1777560162606374,1777560162659612,1777560162606374,1777560162659612,,,,client-3-7,Remove,-14158118,200,53238
client,client_request,completed,1777560162691162,3,,,1777560162659734,1777560162691162,1777560162659734,1777560162691162,,,,client-3-7,Remove,-16243614,200,31428
client,client_request,completed,1777560162730725,3,,,1777560162711353,1777560162730725,1777560162711353,1777560162730725,,,,client-3-7,Insert,-263760,200,19372
client,client_request,completed,1777560162770030,3,,,1777560162730865,1777560162770030,1777560162730865,1777560162770030,,,,client-3-7,Remove,8982475,200,39165
client,client_request,completed,1777560162844994,3,,,1777560162770168,1777560162844994,1777560162770168,1777560162844994,,,,client-3-7,Insert,-4749395,200,74826
client,client_request,completed,1777560162880303,3,,,1777560162845094,1777560162880303,1777560162845094,1777560162880303,,,,client-3-7,Remove,148343,200,35209
client,client_request,completed,1777560162941725,3,,,1777560162890969,1777560162941725,1777560162890969,1777560162941725,,,,client-3-7,Remove,4830982,200,50756
client,client_request,completed,1777560162975717,3,,,1777560162948017,1777560162975717,1777560162948017,1777560162975717,,,,client-3-7,Remove,-2833557,200,27700
client,client_request,completed,1777560163029093,3,,,1777560162975815,1777560163029093,1777560162975815,1777560163029093,,,,client-3-7,Remove,-4361328,200,53278
client,client_request,completed,1777560163055534,3,,,1777560163033153,1777560163055534,1777560163033153,1777560163055534,,,,client-3-7,Remove,11935640,200,22381
client,client_request,completed,1777560163087576,3,,,1777560163057571,1777560163087576,1777560163057571,1777560163087576,,,,client-3-7,Insert,6018972,200,30005
client,client_request,completed,1777560163109066,3,,,1777560163087683,1777560163109066,1777560163087683,1777560163109066,,,,client-3-7,Remove,-10539363,200,21383
client,client_request,completed,1777560163144596,3,,,1777560163112063,1777560163144596,1777560163112063,1777560163144596,,,,client-3-7,Insert,-11140865,200,32533
client,client_request,completed,1777560163160905,3,,,1777560163147427,1777560163160905,1777560163147427,1777560163160905,,,,client-3-7,Remove,-14411131,200,13478
client,client_request,completed,1777560163174574,3,,,1777560163163919,1777560163174574,1777560163163919,1777560163174574,,,,client-3-7,Insert,9930614,200,10655
client,client_request,completed,1777560163210171,3,,,1777560163174638,1777560163210171,1777560163174638,1777560163210171,,,,client-3-7,Insert,12843410,200,35533
client,client_request,completed,1777560163235426,3,,,1777560163213062,1777560163235426,1777560163213062,1777560163235426,,,,client-3-7,Insert,7828078,200,22364
client,client_request,completed,1777560163268498,3,,,1777560163239729,1777560163268498,1777560163239729,1777560163268498,,,,client-3-7,Remove,-13675387,200,28769
client,client_request,completed,1777560163306368,3,,,1777560163270574,1777560163306368,1777560163270574,1777560163306368,,,,client-3-7,Remove,8498967,200,35794
client,client_request,completed,1777560163326101,3,,,1777560163309775,1777560163326101,1777560163309775,1777560163326101,,,,client-3-7,Insert,-16660468,200,16326
client,client_request,completed,1777560163368162,3,,,1777560163327973,1777560163368162,1777560163327973,1777560163368162,,,,client-3-7,Insert,14675807,200,40189
client,client_request,completed,1777560163417115,3,,,1777560163371523,1777560163417115,1777560163371523,1777560163417115,,,,client-3-7,Remove,-2030042,200,45592
client,client_request,completed,1777560163438261,3,,,1777560163422734,1777560163438261,1777560163422734,1777560163438261,,,,client-3-7,Insert,1341658,200,15527
client,client_request,completed,1777560163464877,3,,,1777560163438394,1777560163464877,1777560163438394,1777560163464877,,,,client-3-7,Insert,15349088,200,26483
client,client_request,completed,1777560163499332,3,,,1777560163464947,1777560163499332,1777560163464947,1777560163499332,,,,client-3-7,Insert,-8828600,200,34385
client,client_request,completed,1777560163534051,3,,,1777560163506754,1777560163534051,1777560163506754,1777560163534051,,,,client-3-7,Remove,-415349,200,27297
client,client_request,completed,1777560163565545,3,,,1777560163534183,1777560163565545,1777560163534183,1777560163565545,,,,client-3-7,Remove,11489904,200,31362
client,client_request,completed,1777560163578841,3,,,1777560163565690,1777560163578841,1777560163565690,1777560163578841,,,,client-3-7,Remove,7462728,200,13151
client,client_request,completed,1777560163599124,3,,,1777560163578913,1777560163599124,1777560163578913,1777560163599124,,,,client-3-7,Remove,13539518,200,20211
client,client_request,completed,1777560163626260,3,,,1777560163599241,1777560163626260,1777560163599241,1777560163626260,,,,client-3-7,Remove,-8749385,200,27019
client,client_request,completed,1777560163677613,3,,,1777560163628736,1777560163677613,1777560163628736,1777560163677613,,,,client-3-7,Insert,-10475399,200,48877
client,client_request,completed,1777560163705488,3,,,1777560163677742,1777560163705488,1777560163677742,1777560163705488,,,,client-3-7,Remove,-6925150,200,27746
client,client_request,completed,1777560163722959,3,,,1777560163705561,1777560163722959,1777560163705561,1777560163722959,,,,client-3-7,Remove,-2066625,200,17398
client,client_request,completed,1777560163760949,3,,,1777560163723039,1777560163760949,1777560163723039,1777560163760949,,,,client-3-7,Remove,8128948,200,37910
client,client_request,completed,1777560163826681,3,,,1777560163761062,1777560163826681,1777560163761062,1777560163826681,,,,client-3-7,Remove,8149763,200,65619
client,client_request,completed,1777560163864927,3,,,1777560163828922,1777560163864927,1777560163828922,1777560163864927,,,,client-3-7,Insert,-15824614,200,36005
client,client_request,completed,1777560163895914,3,,,1777560163865055,1777560163895914,1777560163865055,1777560163895914,,,,client-3-7,Insert,-9452723,200,30859
client,client_request,completed,1777560163924123,3,,,1777560163896044,1777560163924123,1777560163896044,1777560163924123,,,,client-3-7,Remove,3385610,200,28079
client,client_request,completed,1777560163955492,3,,,1777560163929991,1777560163955492,1777560163929991,1777560163955492,,,,client-3-7,Remove,5064861,200,25501
client,client_request,completed,1777560163964434,3,,,1777560163955601,1777560163964434,1777560163955601,1777560163964434,,,,client-3-7,Remove,5051536,200,8833
client,client_request,completed,1777560163993517,3,,,1777560163964543,1777560163993517,1777560163964543,1777560163993517,,,,client-3-7,Remove,-5893957,200,28974
client,client_request,completed,1777560164013775,3,,,1777560163993625,1777560164013775,1777560163993625,1777560164013775,,,,client-3-7,Insert,-2893628,200,20150
client,client_request,completed,1777560164055501,3,,,1777560164013899,1777560164055501,1777560164013899,1777560164055501,,,,client-3-7,Insert,-14959105,200,41602
client,client_request,completed,1777560164083540,3,,,1777560164057335,1777560164083540,1777560164057335,1777560164083540,,,,client-3-7,Insert,-8961570,200,26205
client,client_request,completed,1777560164095179,3,,,1777560164084867,1777560164095179,1777560164084867,1777560164095179,,,,client-3-7,Remove,-7830923,200,10312
client,client_request,completed,1777560164134661,3,,,1777560164099349,1777560164134661,1777560164099349,1777560164134661,,,,client-3-7,Insert,-6737584,200,35312
client,client_request,completed,1777560164158814,3,,,1777560164136716,1777560164158814,1777560164136716,1777560164158814,,,,client-3-7,Remove,-660399,200,22098
client,client_request,completed,1777560164204288,3,,,1777560164158892,1777560164204288,1777560164158892,1777560164204288,,,,client-3-7,Insert,15322058,200,45396
client,client_request,completed,1777560164246186,3,,,1777560164207262,1777560164246186,1777560164207262,1777560164246186,,,,client-3-7,Remove,11101799,200,38924
client,client_request,completed,1777560164307482,3,,,1777560164246313,1777560164307482,1777560164246313,1777560164307482,,,,client-3-7,Insert,-11728718,200,61169
client,client_request,completed,1777560164341472,3,,,1777560164312448,1777560164341472,1777560164312448,1777560164341472,,,,client-3-7,Insert,10238559,200,29024
client,client_request,completed,1777560164373928,3,,,1777560164344501,1777560164373928,1777560164344501,1777560164373928,,,,client-3-7,Insert,-10787994,200,29427
client,client_request,completed,1777560164410895,3,,,1777560164374058,1777560164410895,1777560164374058,1777560164410895,,,,client-3-7,Insert,-5126238,200,36837
client,client_request,completed,1777560164437371,3,,,1777560164410997,1777560164437371,1777560164410997,1777560164437371,,,,client-3-7,Remove,-1285862,200,26374
client,client_request,completed,1777560164498785,3,,,1777560164441560,1777560164498785,1777560164441560,1777560164498785,,,,client-3-7,Insert,-7528628,200,57225
client,client_request,completed,1777560164509405,3,,,1777560164499382,1777560164509405,1777560164499382,1777560164509405,,,,client-3-7,Insert,-9760159,200,10023
client,client_request,completed,1777560164527734,3,,,1777560164510728,1777560164527734,1777560164510728,1777560164527734,,,,client-3-7,Insert,-3483972,200,17006
client,client_request,completed,1777560164575781,3,,,1777560164529150,1777560164575781,1777560164529150,1777560164575781,,,,client-3-7,Insert,10243247,200,46631
client,client_request,completed,1777560164610792,3,,,1777560164585304,1777560164610792,1777560164585304,1777560164610792,,,,client-3-7,Remove,14911190,200,25488
client,client_request,completed,1777560164664933,3,,,1777560164610915,1777560164664933,1777560164610915,1777560164664933,,,,client-3-7,Insert,-6527588,200,54018
client,client_request,completed,1777560164693800,3,,,1777560164675404,1777560164693800,1777560164675404,1777560164693800,,,,client-3-7,Remove,-12798497,200,18396
client,client_request,completed,1777560164710472,3,,,1777560164693955,1777560164710472,1777560164693955,1777560164710472,,,,client-3-7,Insert,11041376,200,16517
client,client_request,completed,1777560164734900,3,,,1777560164710553,1777560164734900,1777560164710553,1777560164734900,,,,client-3-7,Remove,3300816,200,24347
client,client_request,completed,1777560164769894,3,,,1777560164735002,1777560164769894,1777560164735002,1777560164769894,,,,client-3-7,Remove,-133542,200,34892
client,client_request,completed,1777560164836803,3,,,1777560164772247,1777560164836803,1777560164772247,1777560164836803,,,,client-3-7,Insert,3979731,200,64556
client,client_request,completed,1777560164869336,3,,,1777560164842769,1777560164869336,1777560164842769,1777560164869336,,,,client-3-7,Remove,-11320571,200,26567
client,client_request,completed,1777560164904550,3,,,1777560164871134,1777560164904550,1777560164871134,1777560164904550,,,,client-3-7,Remove,14910473,200,33416
client,client_request,completed,1777560164944391,3,,,1777560164904672,1777560164944391,1777560164904672,1777560164944391,,,,client-3-7,Insert,-2977749,200,39719
client,client_request,completed,1777560164985317,3,,,1777560164944517,1777560164985317,1777560164944517,1777560164985317,,,,client-3-7,Insert,-647174,200,40800
client,client_request,completed,1777560165010297,3,,,1777560164985442,1777560165010297,1777560164985442,1777560165010297,,,,client-3-7,Insert,-10501901,200,24855
client,client_request,completed,1777560165051049,3,,,1777560165010404,1777560165051049,1777560165010404,1777560165051049,,,,client-3-7,Insert,15106625,200,40645
client,client_request,completed,1777560165065136,3,,,1777560165051136,1777560165065136,1777560165051136,1777560165065136,,,,client-3-7,Remove,4254342,200,14000
client,client_request,completed,1777560165100425,3,,,1777560165066937,1777560165100425,1777560165066937,1777560165100425,,,,client-3-7,Remove,-12386789,200,33488
client,client_request,completed,1777560165152765,3,,,1777560165112644,1777560165152765,1777560165112644,1777560165152765,,,,client-3-7,Insert,-12536809,200,40121
client,client_request,completed,1777560165185153,3,,,1777560165158209,1777560165185153,1777560165158209,1777560165185153,,,,client-3-7,Insert,10042580,200,26944
client,client_request,completed,1777560165218362,3,,,1777560165190264,1777560165218362,1777560165190264,1777560165218362,,,,client-3-7,Remove,4625899,200,28098
client,client_request,completed,1777560165244150,3,,,1777560165222191,1777560165244150,1777560165222191,1777560165244150,,,,client-3-7,Remove,2114198,200,21959
client,client_request,completed,1777560165270784,3,,,1777560165244280,1777560165270784,1777560165244280,1777560165270784,,,,client-3-7,Insert,-9485572,200,26504
client,client_request,completed,1777560165303985,3,,,1777560165279630,1777560165303985,1777560165279630,1777560165303985,,,,client-3-7,Insert,-9116288,200,24355
client,client_request,completed,1777560165331241,3,,,1777560165305090,1777560165331241,1777560165305090,1777560165331241,,,,client-3-7,Insert,-15477574,200,26151
client,client_request,completed,1777560165371597,3,,,1777560165334609,1777560165371597,1777560165334609,1777560165371597,,,,client-3-7,Insert,12230400,200,36988
client,client_request,completed,1777560165388426,3,,,1777560165371651,1777560165388426,1777560165371651,1777560165388426,,,,client-3-7,Insert,6385117,200,16775
client,client_request,completed,1777560165436672,3,,,1777560165393465,1777560165436672,1777560165393465,1777560165436672,,,,client-3-7,Insert,5177000,200,43207
client,client_request,completed,1777560165464464,3,,,1777560165436805,1777560165464464,1777560165436805,1777560165464464,,,,client-3-7,Insert,-14735345,200,27659
client,client_request,completed,1777560165511347,3,,,1777560165472066,1777560165511347,1777560165472066,1777560165511347,,,,client-3-7,Insert,-14272944,200,39281
client,client_request,completed,1777560165545743,3,,,1777560165511491,1777560165545743,1777560165511491,1777560165545743,,,,client-3-7,Remove,1148331,200,34252
client,client_request,completed,1777560165596954,3,,,1777560165547468,1777560165596954,1777560165547468,1777560165596954,,,,client-3-7,Insert,-14624225,200,49486
client,client_request,completed,1777560165624364,3,,,1777560165599877,1777560165624364,1777560165599877,1777560165624364,,,,client-3-7,Remove,2925944,200,24487
client,client_request,completed,1777560165649485,3,,,1777560165624422,1777560165649485,1777560165624422,1777560165649485,,,,client-3-7,Remove,-15627334,200,25063
client,client_request,completed,1777560165667887,3,,,1777560165651876,1777560165667887,1777560165651876,1777560165667887,,,,client-3-7,Remove,10979010,200,16011
client,client_request,completed,1777560165682114,3,,,1777560165667987,1777560165682114,1777560165667987,1777560165682114,,,,client-3-7,Insert,13733889,200,14127
client,client_request,completed,1777560165713201,3,,,1777560165685532,1777560165713201,1777560165685532,1777560165713201,,,,client-3-7,Insert,16152105,200,27669
client,client_request,completed,1777560165732142,3,,,1777560165713295,1777560165732142,1777560165713295,1777560165732142,,,,client-3-7,Insert,6708749,200,18847
client,client_request,completed,1777560165747295,3,,,1777560165734545,1777560165747295,1777560165734545,1777560165747295,,,,client-3-7,Remove,-3258283,200,12750
client,client_request,completed,1777560165835516,3,,,1777560165755477,1777560165835516,1777560165755477,1777560165835516,,,,client-3-7,Remove,-5734093,200,80039
client,client_request,completed,1777560165877909,3,,,1777560165838103,1777560165877909,1777560165838103,1777560165877909,,,,client-3-7,Insert,13392103,200,39806
client,client_request,completed,1777560165907337,3,,,1777560165878011,1777560165907337,1777560165878011,1777560165907337,,,,client-3-7,Insert,498787,200,29326
client,client_request,completed,1777560165991746,3,,,1777560165907455,1777560165991746,1777560165907455,1777560165991746,,,,client-3-7,Insert,-10422543,200,84291
client,client_request,completed,1777560166084535,3,,,1777560165996405,1777560166084535,1777560165996405,1777560166084535,,,,client-3-7,Insert,8143700,200,88130
client,client_request,completed,1777560166172866,3,,,1777560166096151,1777560166172866,1777560166096151,1777560166172866,,,,client-3-7,Insert,16190051,200,76715
client,client_request,completed,1777560166241400,3,,,1777560166179452,1777560166241400,1777560166179452,1777560166241400,,,,client-3-7,Insert,-13033305,200,61948
client,client_request,completed,1777560166290078,3,,,1777560166244565,1777560166290078,1777560166244565,1777560166290078,,,,client-3-7,Remove,1083402,200,45513
client,client_request,completed,1777560166323390,3,,,1777560166292253,1777560166323390,1777560166292253,1777560166323390,,,,client-3-7,Insert,2994031,200,31137
client,client_request,completed,1777560166334529,3,,,1777560166323535,1777560166334529,1777560166323535,1777560166334529,,,,client-3-7,Remove,466569,200,10994
client,client_request,completed,1777560166384646,3,,,1777560166336150,1777560166384646,1777560166336150,1777560166384646,,,,client-3-7,Insert,1528839,200,48496
client,client_request,completed,1777560166452697,3,,,1777560166384760,1777560166452697,1777560166384760,1777560166452697,,,,client-3-7,Remove,16692127,200,67937
client,client_request,completed,1777560166508373,3,,,1777560166452825,1777560166508373,1777560166452825,1777560166508373,,,,client-3-7,Remove,8286255,200,55548
client,client_request,completed,1777560166553591,3,,,1777560166529007,1777560166553591,1777560166529007,1777560166553591,,,,client-3-7,Remove,1034438,200,24584
client,client_request,completed,1777560166577215,3,,,1777560166553706,1777560166577215,1777560166553706,1777560166577215,,,,client-3-7,Remove,-13268515,200,23509
client,client_request,completed,1777560166600403,3,,,1777560166577316,1777560166600403,1777560166577316,1777560166600403,,,,client-3-7,Insert,-7024403,200,23087
client,client_request,completed,1777560166627438,3,,,1777560166604734,1777560166627438,1777560166604734,1777560166627438,,,,client-3-7,Insert,-4464563,200,22704
client,client_request,completed,1777560166647474,3,,,1777560166627580,1777560166647474,1777560166627580,1777560166647474,,,,client-3-7,Remove,-4166189,200,19894
client,client_request,completed,1777560166686442,3,,,1777560166647594,1777560166686442,1777560166647594,1777560166686442,,,,client-3-7,Insert,-756800,200,38848
client,client_request,completed,1777560166720613,3,,,1777560166686551,1777560166720613,1777560166686551,1777560166720613,,,,client-3-7,Insert,1624956,200,34062
client,client_request,completed,1777560166758860,3,,,1777560166723440,1777560166758860,1777560166723440,1777560166758860,,,,client-3-7,Remove,-13196940,200,35420
client,client_request,completed,1777560166833976,3,,,1777560166758954,1777560166833976,1777560166758954,1777560166833976,,,,client-3-7,Insert,15749771,200,75022
client,client_request,completed,1777560166898732,3,,,1777560166836068,1777560166898732,1777560166836068,1777560166898732,,,,client-3-7,Insert,-3340228,200,62664
client,client_request,completed,1777560166912294,3,,,1777560166898846,1777560166912294,1777560166898846,1777560166912294,,,,client-3-7,Insert,-11948052,200,13448
client,client_request,completed,1777560166955685,3,,,1777560166914452,1777560166955685,1777560166914452,1777560166955685,,,,client-3-7,Remove,3034493,200,41233
client,client_request,completed,1777560166979943,3,,,1777560166955795,1777560166979943,1777560166955795,1777560166979943,,,,client-3-7,Insert,15844102,200,24148
client,client_request,completed,1777560166996883,3,,,1777560166980058,1777560166996883,1777560166980058,1777560166996883,,,,client-3-7,Remove,-5871629,200,16825
client,client_request,completed,1777560167043664,3,,,1777560167003672,1777560167043664,1777560167003672,1777560167043664,,,,client-3-7,Remove,-14324832,200,39992
client,client_request,completed,1777560167075169,3,,,1777560167052028,1777560167075169,1777560167052028,1777560167075169,,,,client-3-7,Remove,11312929,200,23141
client,client_request,completed,1777560167117874,3,,,1777560167075259,1777560167117874,1777560167075259,1777560167117874,,,,client-3-7,Insert,13210229,200,42615
client,client_request,completed,1777560167149106,3,,,1777560167117992,1777560167149106,1777560167117992,1777560167149106,,,,client-3-7,Remove,11287677,200,31114
client,client_request,completed,1777560167216193,3,,,1777560167156160,1777560167216193,1777560167156160,1777560167216193,,,,client-3-7,Remove,-16664319,200,60033
client,client_request,completed,1777560167242071,3,,,1777560167216341,1777560167242071,1777560167216341,1777560167242071,,,,client-3-7,Remove,-12302435,200,25730
client,client_request,completed,1777560167289351,3,,,1777560167251715,1777560167289351,1777560167251715,1777560167289351,,,,client-3-7,Insert,14278309,200,37636
client,client_request,completed,1777560167324438,3,,,1777560167292437,1777560167324438,1777560167292437,1777560167324438,,,,client-3-7,Remove,-8216515,200,32001
client,client_request,completed,1777560167345530,3,,,1777560167335746,1777560167345530,1777560167335746,1777560167345530,,,,client-3-7,Insert,-2715961,200,9784
client,client_request,completed,1777560167380166,3,,,1777560167348345,1777560167380166,1777560167348345,1777560167380166,,,,client-3-7,Insert,-6045185,200,31821
client,client_request,completed,1777560167442266,3,,,1777560167382405,1777560167442266,1777560167382405,1777560167442266,,,,client-3-7,Insert,5015826,200,59861
client,client_request,completed,1777560167514365,3,,,1777560167449088,1777560167514365,1777560167449088,1777560167514365,,,,client-3-7,Remove,9670733,200,65277
client,client_request,completed,1777560167552870,3,,,1777560167516349,1777560167552870,1777560167516349,1777560167552870,,,,client-3-7,Insert,14973618,200,36521
client,client_request,completed,1777560167582263,3,,,1777560167554762,1777560167582263,1777560167554762,1777560167582263,,,,client-3-7,Insert,154658,200,27501
client,client_request,completed,1777560167600891,3,,,1777560167585922,1777560167600891,1777560167585922,1777560167600891,,,,client-3-7,Insert,-4267540,200,14969
client,client_request,completed,1777560167643511,3,,,1777560167604953,1777560167643511,1777560167604953,1777560167643511,,,,client-3-7,Remove,-11970980,200,38558
client,client_request,completed,1777560167712727,3,,,1777560167643626,1777560167712727,1777560167643626,1777560167712727,,,,client-3-7,Remove,-4011089,200,69101
client,client_request,completed,1777560167745868,3,,,1777560167712855,1777560167745868,1777560167712855,1777560167745868,,,,client-3-7,Remove,12868110,200,33013
client,client_request,completed,1777560167767273,3,,,1777560167745981,1777560167767273,1777560167745981,1777560167767273,,,,client-3-7,Remove,2696859,200,21292
client,client_request,completed,1777560167834030,3,,,1777560167767396,1777560167834030,1777560167767396,1777560167834030,,,,client-3-7,Insert,-2801645,200,66634
client,client_request,completed,1777560167870204,3,,,1777560167834142,1777560167870204,1777560167834142,1777560167870204,,,,client-3-7,Remove,13321460,200,36062
client,client_request,completed,1777560167888488,3,,,1777560167873744,1777560167888488,1777560167873744,1777560167888488,,,,client-3-7,Insert,-4224805,200,14744
client,client_request,completed,1777560167925962,3,,,1777560167892578,1777560167925962,1777560167892578,1777560167925962,,,,client-3-7,Insert,-10632146,200,33384
client,client_request,completed,1777560167959111,3,,,1777560167926060,1777560167959111,1777560167926060,1777560167959111,,,,client-3-7,Insert,5870280,200,33051
client,client_request,completed,1777560167995017,3,,,1777560167966201,1777560167995017,1777560167966201,1777560167995017,,,,client-3-7,Insert,9352764,200,28816
client,client_request,completed,1777560168020304,3,,,1777560168002471,1777560168020304,1777560168002471,1777560168020304,,,,client-3-7,Remove,-16725262,200,17833
client,client_request,completed,1777560168051821,3,,,1777560168027381,1777560168051821,1777560168027381,1777560168051821,,,,client-3-7,Insert,-11793863,200,24440
client,client_request,completed,1777560168098903,3,,,1777560168058485,1777560168098903,1777560168058485,1777560168098903,,,,client-3-7,Insert,6984279,200,40418
client,client_request,completed,1777560168124636,3,,,1777560168099015,1777560168124636,1777560168099015,1777560168124636,,,,client-3-7,Insert,-12306579,200,25621
client,client_request,completed,1777560168161771,3,,,1777560168136699,1777560168161771,1777560168136699,1777560168161771,,,,client-3-7,Remove,-11116542,200,25072
client,client_request,completed,1777560168190807,3,,,1777560168166232,1777560168190807,1777560168166232,1777560168190807,,,,client-3-7,Remove,239597,200,24575
client,client_request,completed,1777560168226587,3,,,1777560168193698,1777560168226587,1777560168193698,1777560168226587,,,,client-3-7,Remove,-5165739,200,32889
client,client_request,completed,1777560168267051,3,,,1777560168226721,1777560168267051,1777560168226721,1777560168267051,,,,client-3-7,Insert,15656460,200,40330
client,client_request,completed,1777560168295777,3,,,1777560168267178,1777560168295777,1777560168267178,1777560168295777,,,,client-3-7,Insert,1568836,200,28599
client,client_request,completed,1777560168356828,3,,,1777560168307847,1777560168356828,1777560168307847,1777560168356828,,,,client-3-7,Remove,-1539105,200,48981
client,client_request,completed,1777560168420617,3,,,1777560168356968,1777560168420617,1777560168356968,1777560168420617,,,,client-3-7,Remove,9047819,200,63649
client,client_request,completed,1777560168442444,3,,,1777560168423451,1777560168442444,1777560168423451,1777560168442444,,,,client-3-7,Remove,-881639,200,18993
client,client_request,completed,1777560168479140,3,,,1777560168442504,1777560168479140,1777560168442504,1777560168479140,,,,client-3-7,Insert,11132757,200,36636
client,client_request,completed,1777560168508031,3,,,1777560168479258,1777560168508031,1777560168479258,1777560168508031,,,,client-3-7,Insert,1595942,200,28773
client,client_request,completed,1777560168551235,3,,,1777560168510954,1777560168551235,1777560168510954,1777560168551235,,,,client-3-7,Remove,-13847243,200,40281
client,client_request,completed,1777560168584712,3,,,1777560168551344,1777560168584712,1777560168551344,1777560168584712,,,,client-3-7,Remove,-6469884,200,33368
client,client_request,completed,1777560168628849,3,,,1777560168594710,1777560168628849,1777560168594710,1777560168628849,,,,client-3-7,Insert,13763987,200,34139
client,client_request,completed,1777560168671225,3,,,1777560168628974,1777560168671225,1777560168628974,1777560168671225,,,,client-3-7,Remove,-16765169,200,42251
client,client_request,completed,1777560168722625,3,,,1777560168671337,1777560168722625,1777560168671337,1777560168722625,,,,client-3-7,Remove,13071377,200,51288
client,client_request,completed,1777560168794153,3,,,1777560168724777,1777560168794153,1777560168724777,1777560168794153,,,,client-3-7,Remove,-3107274,200,69376
client,client_request,completed,1777560168865270,3,,,1777560168795692,1777560168865270,1777560168795692,1777560168865270,,,,client-3-7,Remove,-8164832,200,69578
client,client_request,completed,1777560168889645,3,,,1777560168865394,1777560168889645,1777560168865394,1777560168889645,,,,client-3-7,Remove,10495060,200,24251
client,client_request,completed,1777560168957216,3,,,1777560168889751,1777560168957216,1777560168889751,1777560168957216,,,,client-3-7,Insert,12814231,200,67465
client,client_request,completed,1777560169008590,3,,,1777560168959990,1777560169008590,1777560168959990,1777560169008590,,,,client-3-7,Insert,4457750,200,48600
client,client_request,completed,1777560169042070,3,,,1777560169013944,1777560169042070,1777560169013944,1777560169042070,,,,client-3-7,Remove,10744700,200,28126
client,client_request,completed,1777560169063829,3,,,1777560169042180,1777560169063829,1777560169042180,1777560169063829,,,,client-3-7,Insert,14552584,200,21649
client,client_request,completed,1777560169119950,3,,,1777560169065016,1777560169119950,1777560169065016,1777560169119950,,,,client-3-7,Insert,378148,200,54934
client,client_request,completed,1777560169171335,3,,,1777560169128490,1777560169171335,1777560169128490,1777560169171335,,,,client-3-7,Remove,16101476,200,42845
client,client_request,completed,1777560169200761,3,,,1777560169174980,1777560169200761,1777560169174980,1777560169200761,,,,client-3-7,Remove,3493151,200,25781
client,client_request,completed,1777560169231277,3,,,1777560169203969,1777560169231277,1777560169203969,1777560169231277,,,,client-3-7,Remove,5926784,200,27308
client,client_request,completed,1777560169267134,3,,,1777560169232890,1777560169267134,1777560169232890,1777560169267134,,,,client-3-7,Insert,10180723,200,34244
client,client_request,completed,1777560169292878,3,,,1777560169267224,1777560169292878,1777560169267224,1777560169292878,,,,client-3-7,Insert,-4342199,200,25654
client,client_request,completed,1777560169335139,3,,,1777560169294892,1777560169335139,1777560169294892,1777560169335139,,,,client-3-7,Remove,-3219706,200,40247
client,client_request,completed,1777560169369405,3,,,1777560169335290,1777560169369405,1777560169335290,1777560169369405,,,,client-3-7,Remove,12068755,200,34115
client,client_request,completed,1777560169399015,3,,,1777560169369517,1777560169399015,1777560169369517,1777560169399015,,,,client-3-7,Insert,-13689999,200,29498
client,client_request,completed,1777560169420868,3,,,1777560169401133,1777560169420868,1777560169401133,1777560169420868,,,,client-3-7,Insert,10664399,200,19735
client,client_request,completed,1777560169475623,3,,,1777560169423106,1777560169475623,1777560169423106,1777560169475623,,,,client-3-7,Insert,3727295,200,52517
client,client_request,completed,1777560169506532,3,,,1777560169479035,1777560169506532,1777560169479035,1777560169506532,,,,client-3-7,Insert,-2688928,200,27497
client,client_request,completed,1777560169527034,3,,,1777560169506656,1777560169527034,1777560169506656,1777560169527034,,,,client-3-7,Insert,-15635635,200,20378
client,client_request,completed,1777560169548816,3,,,1777560169527762,1777560169548816,1777560169527762,1777560169548816,,,,client-3-7,Remove,-11788655,200,21054
client,client_request,completed,1777560169584930,3,,,1777560169551482,1777560169584930,1777560169551482,1777560169584930,,,,client-3-7,Insert,145220,200,33448
client,client_request,completed,1777560169654570,3,,,1777560169588967,1777560169654570,1777560169588967,1777560169654570,,,,client-3-7,Insert,-16019006,200,65603
client,client_request,completed,1777560169690705,3,,,1777560169666551,1777560169690705,1777560169666551,1777560169690705,,,,client-3-7,Remove,459991,200,24154
client,client_request,completed,1777560169726932,3,,,1777560169692896,1777560169726932,1777560169692896,1777560169726932,,,,client-3-7,Remove,-14485381,200,34036
client,client_request,completed,1777560169769456,3,,,1777560169730209,1777560169769456,1777560169730209,1777560169769456,,,,client-3-7,Remove,7471569,200,39247
client,client_request,completed,1777560169859118,3,,,1777560169773086,1777560169859118,1777560169773086,1777560169859118,,,,client-3-7,Remove,15741777,200,86032
client,client_request,completed,1777560169877169,3,,,1777560169859231,1777560169877169,1777560169859231,1777560169877169,,,,client-3-7,Insert,2268283,200,17938
client,client_request,completed,1777560169908966,3,,,1777560169877280,1777560169908966,1777560169877280,1777560169908966,,,,client-3-7,Insert,-13445915,200,31686
client,client_request,completed,1777560169962473,3,,,1777560169909097,1777560169962473,1777560169909097,1777560169962473,,,,client-3-7,Remove,-14487823,200,53376
client,client_request,completed,1777560169996862,3,,,1777560169962593,1777560169996862,1777560169962593,1777560169996862,,,,client-3-7,Remove,1560711,200,34269
client,client_request,completed,1777560170050374,3,,,1777560170000084,1777560170050374,1777560170000084,1777560170050374,,,,client-3-7,Remove,-14270366,200,50290
client,client_request,completed,1777560170073386,3,,,1777560170054861,1777560170073386,1777560170054861,1777560170073386,,,,client-3-7,Remove,15496681,200,18525
client,client_request,completed,1777560170090376,3,,,1777560170073475,1777560170090376,1777560170073475,1777560170090376,,,,client-3-7,Insert,-794955,200,16901
client,client_request,completed,1777560170123186,3,,,1777560170090479,1777560170123186,1777560170090479,1777560170123186,,,,client-3-7,Insert,-15766038,200,32707
client,client_request,completed,1777560170158222,3,,,1777560170136564,1777560170158222,1777560170136564,1777560170158222,,,,client-3-7,Remove,-16567792,200,21658
client,client_request,completed,1777560170196743,3,,,1777560170162669,1777560170196743,1777560170162669,1777560170196743,,,,client-3-7,Insert,15251923,200,34074
client,client_request,completed,1777560170231221,3,,,1777560170206213,1777560170231221,1777560170206213,1777560170231221,,,,client-3-7,Insert,10195503,200,25008
client,client_request,completed,1777560170262229,3,,,1777560170231346,1777560170262229,1777560170231346,1777560170262229,,,,client-3-7,Insert,-13394623,200,30883
client,client_request,completed,1777560170304217,3,,,1777560170262370,1777560170304217,1777560170262370,1777560170304217,,,,client-3-7,Remove,-11227847,200,41847
client,client_request,completed,1777560170331285,3,,,1777560170307192,1777560170331285,1777560170307192,1777560170331285,,,,client-3-7,Remove,-13076582,200,24093
client,client_request,completed,1777560170370764,3,,,1777560170331389,1777560170370764,1777560170331389,1777560170370764,,,,client-3-7,Remove,15830691,200,39375
client,client_request,completed,1777560170406740,3,,,1777560170373458,1777560170406740,1777560170373458,1777560170406740,,,,client-3-7,Insert,5349819,200,33282
client,client_request,completed,1777560170440635,3,,,1777560170412531,1777560170440635,1777560170412531,1777560170440635,,,,client-3-7,Insert,-14086081,200,28104
client,client_request,completed,1777560170491529,3,,,1777560170440743,1777560170491529,1777560170440743,1777560170491529,,,,client-3-7,Remove,-15490603,200,50786
client,client_request,completed,1777560170508605,3,,,1777560170491648,1777560170508605,1777560170491648,1777560170508605,,,,client-3-7,Insert,1725247,200,16957
client,client_request,completed,1777560170554852,3,,,1777560170517396,1777560170554852,1777560170517396,1777560170554852,,,,client-3-7,Remove,-8780976,200,37456
client,client_request,completed,1777560170584340,3,,,1777560170554904,1777560170584340,1777560170554904,1777560170584340,,,,client-3-7,Insert,-7707012,200,29436
client,client_request,completed,1777560170616419,3,,,1777560170592407,1777560170616419,1777560170592407,1777560170616419,,,,client-3-7,Remove,-7623023,200,24012
client,client_request,completed,1777560170642253,3,,,1777560170619173,1777560170642253,1777560170619173,1777560170642253,,,,client-3-7,Remove,8924308,200,23080
client,client_request,completed,1777560170682760,3,,,1777560170650235,1777560170682760,1777560170650235,1777560170682760,,,,client-3-7,Remove,-13123479,200,32525
client,client_request,completed,1777560170698927,3,,,1777560170684929,1777560170698927,1777560170684929,1777560170698927,,,,client-3-7,Remove,16229395,200,13998
client,client_request,completed,1777560170733625,3,,,1777560170699028,1777560170733625,1777560170699028,1777560170733625,,,,client-3-7,Insert,4184402,200,34597
client,client_request,completed,1777560170754033,3,,,1777560170741334,1777560170754033,1777560170741334,1777560170754033,,,,client-3-7,Remove,15311112,200,12699
client,client_request,completed,1777560170839134,3,,,1777560170754140,1777560170839134,1777560170754140,1777560170839134,,,,client-3-7,Remove,-9393733,200,84994
client,client_request,completed,1777560170880158,3,,,1777560170839259,1777560170880158,1777560170839259,1777560170880158,,,,client-3-7,Insert,-13558785,200,40899
client,client_request,completed,1777560170914106,3,,,1777560170882404,1777560170914106,1777560170882404,1777560170914106,,,,client-3-7,Insert,-4267861,200,31702
client,client_request,completed,1777560170955193,3,,,1777560170918444,1777560170955193,1777560170918444,1777560170955193,,,,client-3-7,Insert,2252144,200,36749
client,client_request,completed,1777560170988620,3,,,1777560170957146,1777560170988620,1777560170957146,1777560170988620,,,,client-3-7,Insert,-236719,200,31474
client,client_request,completed,1777560171016030,3,,,1777560170990301,1777560171016030,1777560170990301,1777560171016030,,,,client-3-7,Remove,2468159,200,25729
client,client_request,completed,1777560171050962,3,,,1777560171017666,1777560171050962,1777560171017666,1777560171050962,,,,client-3-7,Insert,6282178,200,33296
client,client_request,completed,1777560171071546,3,,,1777560171051067,1777560171071546,1777560171051067,1777560171071546,,,,client-3-7,Remove,-11997185,200,20479
client,client_request,completed,1777560171087731,3,,,1777560171072950,1777560171087731,1777560171072950,1777560171087731,,,,client-3-7,Insert,-9811147,200,14781
client,client_request,completed,1777560171119883,3,,,1777560171087850,1777560171119883,1777560171087850,1777560171119883,,,,client-3-7,Remove,983856,200,32033
client,client_request,completed,1777560171173342,3,,,1777560171132890,1777560171173342,1777560171132890,1777560171173342,,,,client-3-7,Remove,-2064888,200,40452
client,client_request,completed,1777560171217006,3,,,1777560171181664,1777560171217006,1777560171181664,1777560171217006,,,,client-3-7,Remove,5741370,200,35342
client,client_request,completed,1777560171238298,3,,,1777560171222591,1777560171238298,1777560171222591,1777560171238298,,,,client-3-7,Remove,14404882,200,15707
client,client_request,completed,1777560171266072,3,,,1777560171241607,1777560171266072,1777560171241607,1777560171266072,,,,client-3-7,Remove,-5268763,200,24465
client,client_request,completed,1777560171282898,3,,,1777560171266178,1777560171282898,1777560171266178,1777560171282898,,,,client-3-7,Remove,901856,200,16720
client,client_request,completed,1777560171323781,3,,,1777560171296317,1777560171323781,1777560171296317,1777560171323781,,,,client-3-7,Insert,10948526,200,27464
client,client_request,completed,1777560171342969,3,,,1777560171323889,1777560171342969,1777560171323889,1777560171342969,,,,client-3-7,Remove,2823244,200,19080
client,client_request,completed,1777560171381150,3,,,1777560171343080,1777560171381150,1777560171343080,1777560171381150,,,,client-3-7,Insert,8794624,200,38070
client,client_request,completed,1777560171398195,3,,,1777560171384184,1777560171398195,1777560171384184,1777560171398195,,,,client-3-7,Insert,-14559408,200,14011
client,client_request,completed,1777560171418910,3,,,1777560171398248,1777560171418910,1777560171398248,1777560171418910,,,,client-3-7,Insert,-21120,200,20662
client,client_request,completed,1777560171472355,3,,,1777560171435397,1777560171472355,1777560171435397,1777560171472355,,,,client-3-7,Remove,-13391152,200,36958
client,client_request,completed,1777560171501553,3,,,1777560171472465,1777560171501553,1777560171472465,1777560171501553,,,,client-3-7,Remove,-3853172,200,29088
client,client_request,completed,1777560171525613,3,,,1777560171501678,1777560171525613,1777560171501678,1777560171525613,,,,client-3-7,Remove,14237289,200,23935
client,client_request,completed,1777560171555092,3,,,1777560171525732,1777560171555092,1777560171525732,1777560171555092,,,,client-3-7,Remove,-11151886,200,29360
client,client_request,completed,1777560171572810,3,,,1777560171556969,1777560171572810,1777560171556969,1777560171572810,,,,client-3-7,Remove,-12723254,200,15841
client,client_request,completed,1777560171603366,3,,,1777560171572923,1777560171603366,1777560171572923,1777560171603366,,,,client-3-7,Insert,16354468,200,30443
client,client_request,completed,1777560171650689,3,,,1777560171617846,1777560171650689,1777560171617846,1777560171650689,,,,client-3-7,Remove,189969,200,32843
client,client_request,completed,1777560171680110,3,,,1777560171654062,1777560171680110,1777560171654062,1777560171680110,,,,client-3-7,Remove,-667321,200,26048
client,client_request,completed,1777560171717174,3,,,1777560171693908,1777560171717174,1777560171693908,1777560171717174,,,,client-3-7,Remove,8404338,200,23266
client,client_request,completed,1777560171751403,3,,,1777560171720510,1777560171751403,1777560171720510,1777560171751403,,,,client-3-7,Insert,-3460094,200,30893
client,client_request,completed,1777560171839361,3,,,1777560171753872,1777560171839361,1777560171753872,1777560171839361,,,,client-3-7,Insert,5176253,200,85489
client,client_request,completed,1777560171877803,3,,,1777560171842912,1777560171877803,1777560171842912,1777560171877803,,,,client-3-7,Insert,-12417044,200,34891
client,client_request,completed,1777560171915733,3,,,1777560171877914,1777560171915733,1777560171877914,1777560171915733,,,,client-3-7,Remove,11249357,200,37819
client,client_request,completed,1777560171938697,3,,,1777560171915783,1777560171938697,1777560171915783,1777560171938697,,,,client-3-7,Remove,-12961226,200,22914
client,client_request,completed,1777560171989234,3,,,1777560171942411,1777560171989234,1777560171942411,1777560171989234,,,,client-3-7,Insert,-4770980,200,46823
client,client_request,completed,1777560172034158,3,,,1777560171995870,1777560172034158,1777560171995870,1777560172034158,,,,client-3-7,Insert,13255514,200,38288
client,client_request,completed,1777560172064673,3,,,1777560172036521,1777560172064673,1777560172036521,1777560172064673,,,,client-3-7,Insert,-8956924,200,28152
client,client_request,completed,1777560172086587,3,,,1777560172066907,1777560172086587,1777560172066907,1777560172086587,,,,client-3-7,Insert,16581615,200,19680
client,client_request,completed,1777560172101025,3,,,1777560172088127,1777560172101025,1777560172088127,1777560172101025,,,,client-3-7,Remove,-15679606,200,12898
client,client_request,completed,1777560172139225,3,,,1777560172102741,1777560172139225,1777560172102741,1777560172139225,,,,client-3-7,Remove,8630400,200,36484
client,client_request,completed,1777560172170137,3,,,1777560172141614,1777560172170137,1777560172141614,1777560172170137,,,,client-3-7,Insert,2610063,200,28523
client,client_request,completed,1777560172203127,3,,,1777560172170253,1777560172203127,1777560172170253,1777560172203127,,,,client-3-7,Remove,-16439711,200,32874
client,client_request,completed,1777560172234479,3,,,1777560172203261,1777560172234479,1777560172203261,1777560172234479,,,,client-3-7,Remove,-6120308,200,31218
client,client_request,completed,1777560172261016,3,,,1777560172236466,1777560172261016,1777560172236466,1777560172261016,,,,client-3-7,Remove,6669443,200,24550
client,client_request,completed,1777560172284850,3,,,1777560172262819,1777560172284850,1777560172262819,1777560172284850,,,,client-3-7,Remove,2640575,200,22031
client,client_request,completed,1777560172313947,3,,,1777560172284910,1777560172313947,1777560172284910,1777560172313947,,,,client-3-7,Remove,14531702,200,29037
client,client_request,completed,1777560172351035,3,,,1777560172323007,1777560172351035,1777560172323007,1777560172351035,,,,client-3-7,Insert,-8034184,200,28028
client,client_request,completed,1777560172374154,3,,,1777560172351155,1777560172374154,1777560172351155,1777560172374154,,,,client-3-7,Insert,-4491976,200,22999
client,client_request,completed,1777560172392153,3,,,1777560172374278,1777560172392153,1777560172374278,1777560172392153,,,,client-3-7,Remove,6961958,200,17875
client,client_request,completed,1777560172426904,3,,,1777560172398639,1777560172426904,1777560172398639,1777560172426904,,,,client-3-7,Remove,-11695543,200,28265
client,client_request,completed,1777560172460876,3,,,1777560172427028,1777560172460876,1777560172427028,1777560172460876,,,,client-3-7,Insert,-11020728,200,33848
client,client_request,completed,1777560172482466,3,,,1777560172467234,1777560172482466,1777560172467234,1777560172482466,,,,client-3-7,Remove,-8733490,200,15232
client,client_request,completed,1777560172522557,3,,,1777560172482573,1777560172522557,1777560172482573,1777560172522557,,,,client-3-7,Remove,-10784266,200,39984
client,client_request,completed,1777560172551490,3,,,1777560172522680,1777560172551490,1777560172522680,1777560172551490,,,,client-3-7,Remove,-15145489,200,28810
client,client_request,completed,1777560172588053,3,,,1777560172551614,1777560172588053,1777560172551614,1777560172588053,,,,client-3-7,Remove,-14711014,200,36439
client,client_request,completed,1777560172609716,3,,,1777560172589978,1777560172609716,1777560172589978,1777560172609716,,,,client-3-7,Insert,-9769532,200,19738
client,client_request,completed,1777560172632119,3,,,1777560172616528,1777560172632119,1777560172616528,1777560172632119,,,,client-3-7,Insert,-8155521,200,15591
client,client_request,completed,1777560172675509,3,,,1777560172638405,1777560172675509,1777560172638405,1777560172675509,,,,client-3-7,Remove,-3557886,200,37104
client,client_request,completed,1777560172706252,3,,,1777560172677298,1777560172706252,1777560172677298,1777560172706252,,,,client-3-7,Insert,-13614953,200,28954
client,client_request,completed,1777560172747470,3,,,1777560172706373,1777560172747470,1777560172706373,1777560172747470,,,,client-3-7,Insert,-11153142,200,41097
client,client_request,completed,1777560172773340,3,,,1777560172749610,1777560172773340,1777560172749610,1777560172773340,,,,client-3-7,Insert,-4211748,200,23730
client,client_request,completed,1777560172862074,3,,,1777560172773468,1777560172862074,1777560172773468,1777560172862074,,,,client-3-7,Remove,7113209,200,88606
client,client_request,completed,1777560172885641,3,,,1777560172862196,1777560172885641,1777560172862196,1777560172885641,,,,client-3-7,Remove,-11286705,200,23445
client,client_request,completed,1777560172929002,3,,,1777560172887132,1777560172929002,1777560172887132,1777560172929002,,,,client-3-7,Remove,-15646621,200,41870
client,client_request,completed,1777560172953164,3,,,1777560172929137,1777560172953164,1777560172929137,1777560172953164,,,,client-3-7,Insert,10797340,200,24027
client,client_request,completed,1777560172990778,3,,,1777560172956700,1777560172990778,1777560172956700,1777560172990778,,,,client-3-7,Insert,-7253008,200,34078
client,client_request,completed,1777560173030464,3,,,1777560172997121,1777560173030464,1777560172997121,1777560173030464,,,,client-3-7,Remove,-4645545,200,33343
client,client_request,completed,1777560173061884,3,,,1777560173032687,1777560173061884,1777560173032687,1777560173061884,,,,client-3-7,Remove,-2819845,200,29197
client,client_request,completed,1777560173091015,3,,,1777560173061987,1777560173091015,1777560173061987,1777560173091015,,,,client-3-7,Insert,15502150,200,29028
client,client_request,completed,1777560173119713,3,,,1777560173093164,1777560173119713,1777560173093164,1777560173119713,,,,client-3-7,Remove,-3802890,200,26549
client,client_request,completed,1777560173160384,3,,,1777560173130824,1777560173160384,1777560173130824,1777560173160384,,,,client-3-7,Remove,-4237190,200,29560
client,client_request,completed,1777560173182341,3,,,1777560173161676,1777560173182341,1777560173161676,1777560173182341,,,,client-3-7,Insert,-3306530,200,20665
client,client_request,completed,1777560173209460,3,,,1777560173191681,1777560173209460,1777560173191681,1777560173209460,,,,client-3-7,Insert,-1768295,200,17779
client,client_request,completed,1777560173240768,3,,,1777560173212335,1777560173240768,1777560173212335,1777560173240768,,,,client-3-7,Remove,-12595429,200,28433
client,client_request,completed,1777560173269565,3,,,1777560173248239,1777560173269565,1777560173248239,1777560173269565,,,,client-3-7,Insert,10253043,200,21326
client,client_request,completed,1777560173293666,3,,,1777560173269673,1777560173293666,1777560173269673,1777560173293666,,,,client-3-7,Insert,9339009,200,23993
client,client_request,completed,1777560173329129,3,,,1777560173295581,1777560173329129,1777560173295581,1777560173329129,,,,client-3-7,Insert,-11207975,200,33548
client,client_request,completed,1777560173342180,3,,,1777560173329183,1777560173342180,1777560173329183,1777560173342180,,,,client-3-7,Insert,13299279,200,12997
client,client_request,completed,1777560173381442,3,,,1777560173346063,1777560173381442,1777560173346063,1777560173381442,,,,client-3-7,Remove,15923723,200,35379
client,client_request,completed,1777560173420583,3,,,1777560173383119,1777560173420583,1777560173383119,1777560173420583,,,,client-3-7,Insert,10472674,200,37464
client,client_request,completed,1777560173453920,3,,,1777560173420708,1777560173453920,1777560173420708,1777560173453920,,,,client-3-7,Insert,3110577,200,33212
client,client_request,completed,1777560173488799,3,,,1777560173455715,1777560173488799,1777560173455715,1777560173488799,,,,client-3-7,Insert,6443398,200,33084
client,client_request,completed,1777560173526366,3,,,1777560173491142,1777560173526366,1777560173491142,1777560173526366,,,,client-3-7,Remove,-5889864,200,35224
client,client_request,completed,1777560173552790,3,,,1777560173528922,1777560173552790,1777560173528922,1777560173552790,,,,client-3-7,Remove,-2884407,200,23868
client,client_request,completed,1777560173592544,3,,,1777560173558777,1777560173592544,1777560173558777,1777560173592544,,,,client-3-7,Remove,-9476276,200,33767
client,client_request,completed,1777560173619089,3,,,1777560173594543,1777560173619089,1777560173594543,1777560173619089,,,,client-3-7,Insert,16679204,200,24546
client,client_request,completed,1777560173657600,3,,,1777560173622727,1777560173657600,1777560173622727,1777560173657600,,,,client-3-7,Insert,3829191,200,34873
client,client_request,completed,1777560173691054,3,,,1777560173667859,1777560173691054,1777560173667859,1777560173691054,,,,client-3-7,Remove,12921738,200,23195
client,client_request,completed,1777560173726170,3,,,1777560173705298,1777560173726170,1777560173705298,1777560173726170,,,,client-3-7,Insert,12437447,200,20872
client,client_request,completed,1777560173761860,3,,,1777560173726325,1777560173761860,1777560173726325,1777560173761860,,,,client-3-7,Remove,3944282,200,35535
client,client_request,completed,1777560173849995,3,,,1777560173761982,1777560173849995,1777560173761982,1777560173849995,,,,client-3-7,Remove,-5857588,200,88013
client,client_request,completed,1777560173881751,3,,,1777560173850090,1777560173881751,1777560173850090,1777560173881751,,,,client-3-7,Insert,-5601846,200,31661
client,client_request,completed,1777560173909866,3,,,1777560173881864,1777560173909866,1777560173881864,1777560173909866,,,,client-3-7,Insert,-14023636,200,28002
client,client_request,completed,1777560173953008,3,,,1777560173913733,1777560173953008,1777560173913733,1777560173953008,,,,client-3-7,Insert,-6566558,200,39275
client,client_request,completed,1777560173985408,3,,,1777560173954424,1777560173985408,1777560173954424,1777560173985408,,,,client-3-7,Insert,-8111380,200,30984
client,client_request,completed,1777560174010672,3,,,1777560173986861,1777560174010672,1777560173986861,1777560174010672,,,,client-3-7,Insert,-3503891,200,23811
client,client_request,completed,1777560174038029,3,,,1777560174011950,1777560174038029,1777560174011950,1777560174038029,,,,client-3-7,Insert,11805862,200,26079
client,client_request,completed,1777560174065971,3,,,1777560174039893,1777560174065971,1777560174039893,1777560174065971,,,,client-3-7,Remove,13128408,200,26078
client,client_request,completed,1777560174093052,3,,,1777560174066104,1777560174093052,1777560174066104,1777560174093052,,,,client-3-7,Remove,-15159888,200,26948
client,client_request,completed,1777560174139403,3,,,1777560174094345,1777560174139403,1777560174094345,1777560174139403,,,,client-3-7,Remove,15759748,200,45058
client,client_request,completed,1777560174177249,3,,,1777560174139529,1777560174177249,1777560174139529,1777560174177249,,,,client-3-7,Remove,9701658,200,37720
client,client_request,completed,1777560174211868,3,,,1777560174177382,1777560174211868,1777560174177382,1777560174211868,,,,client-3-7,Insert,4953317,200,34486
client,client_request,completed,1777560174250734,3,,,1777560174212005,1777560174250734,1777560174212005,1777560174250734,,,,client-3-7,Insert,11180765,200,38729
client,client_request,completed,1777560174266278,3,,,1777560174250844,1777560174266278,1777560174250844,1777560174266278,,,,client-3-7,Insert,11227092,200,15434
client,client_request,completed,1777560174310847,3,,,1777560174266386,1777560174310847,1777560174266386,1777560174310847,,,,client-3-7,Insert,-2775034,200,44461
client,client_request,completed,1777560174333898,3,,,1777560174311691,1777560174333898,1777560174311691,1777560174333898,,,,client-3-7,Remove,2280223,200,22207
client,client_request,completed,1777560174354414,3,,,1777560174333986,1777560174354414,1777560174333986,1777560174354414,,,,client-3-7,Insert,891499,200,20428
client,client_request,completed,1777560174374241,3,,,1777560174354498,1777560174374241,1777560174354498,1777560174374241,,,,client-3-7,Insert,9046757,200,19743
client,client_request,completed,1777560174391954,3,,,1777560174374293,1777560174391954,1777560174374293,1777560174391954,,,,client-3-7,Insert,5785272,200,17661
client,client_request,completed,1777560174433114,3,,,1777560174396812,1777560174433114,1777560174396812,1777560174433114,,,,client-3-7,Remove,-4549740,200,36302
client,client_request,completed,1777560174460687,3,,,1777560174437172,1777560174460687,1777560174437172,1777560174460687,,,,client-3-7,Insert,-10299270,200,23515
client,client_request,completed,1777560174505060,3,,,1777560174464760,1777560174505060,1777560174464760,1777560174505060,,,,client-3-7,Insert,8855598,200,40300
client,client_request,completed,1777560174546674,3,,,1777560174512974,1777560174546674,1777560174512974,1777560174546674,,,,client-3-7,Insert,-1081676,200,33700
client,client_request,completed,1777560174571743,3,,,1777560174546792,1777560174571743,1777560174546792,1777560174571743,,,,client-3-7,Insert,-12505264,200,24951
client,client_request,completed,1777560174608781,3,,,1777560174571849,1777560174608781,1777560174571849,1777560174608781,,,,client-3-7,Remove,5051009,200,36932
client,client_request,completed,1777560174647967,3,,,1777560174608911,1777560174647967,1777560174608911,1777560174647967,,,,client-3-7,Remove,-4493834,200,39056
client,client_request,completed,1777560174695081,3,,,1777560174662989,1777560174695081,1777560174662989,1777560174695081,,,,client-3-7,Insert,-6414818,200,32092
client,client_request,completed,1777560174715290,3,,,1777560174695200,1777560174715290,1777560174695200,1777560174715290,,,,client-3-7,Remove,-7196144,200,20090
client,client_request,completed,1777560174751662,3,,,1777560174719645,1777560174751662,1777560174719645,1777560174751662,,,,client-3-7,Insert,-4944127,200,32017
client,client_request,completed,1777560174844981,3,,,1777560174753486,1777560174844981,1777560174753486,1777560174844981,,,,client-3-7,Remove,5600819,200,91495
client,client_request,completed,1777560174891344,3,,,1777560174848859,1777560174891344,1777560174848859,1777560174891344,,,,client-3-7,Insert,-699706,200,42485
client,client_request,completed,1777560174909902,3,,,1777560174897806,1777560174909902,1777560174897806,1777560174909902,,,,client-3-7,Insert,3955956,200,12096
client,client_request,completed,1777560174929582,3,,,1777560174913872,1777560174929582,1777560174913872,1777560174929582,,,,client-3-7,Remove,14186459,200,15710
client,client_request,completed,1777560174952644,3,,,1777560174929649,1777560174952644,1777560174929649,1777560174952644,,,,client-3-7,Insert,2690037,200,22995
client,client_request,completed,1777560174979921,3,,,1777560174952700,1777560174979921,1777560174952700,1777560174979921,,,,client-3-7,Remove,16129802,200,27221
client,client_request,completed,1777560175014331,3,,,1777560174980008,1777560175014331,1777560174980008,1777560175014331,,,,client-3-7,Remove,-10245493,200,34323
client,client_request,completed,1777560175058680,3,,,1777560175019179,1777560175058680,1777560175019179,1777560175058680,,,,client-3-7,Insert,14918879,200,39501
client,client_request,completed,1777560175078099,3,,,1777560175060757,1777560175078099,1777560175060757,1777560175078099,,,,client-3-7,Insert,97143,200,17342
client,client_request,completed,1777560175097089,3,,,1777560175078217,1777560175097089,1777560175078217,1777560175097089,,,,client-3-7,Insert,-6071673,200,18872
client,client_request,completed,1777560175152130,3,,,1777560175100095,1777560175152130,1777560175100095,1777560175152130,,,,client-3-7,Insert,-12325503,200,52035
client,client_request,completed,1777560175213424,3,,,1777560175156886,1777560175213424,1777560175156886,1777560175213424,,,,client-3-7,Remove,-12668249,200,56538
client,client_request,completed,1777560175243602,3,,,1777560175213532,1777560175243602,1777560175213532,1777560175243602,,,,client-3-7,Insert,15086269,200,30070
client,client_request,completed,1777560175269211,3,,,1777560175244635,1777560175269211,1777560175244635,1777560175269211,,,,client-3-7,Remove,-977620,200,24576
client,client_request,completed,1777560175305278,3,,,1777560175271268,1777560175305278,1777560175271268,1777560175305278,,,,client-3-7,Remove,11405775,200,34010
client,client_request,completed,1777560175340327,3,,,1777560175305366,1777560175340327,1777560175305366,1777560175340327,,,,client-3-7,Insert,-7175176,200,34961
client,client_request,completed,1777560175364534,3,,,1777560175343245,1777560175364534,1777560175343245,1777560175364534,,,,client-3-7,Remove,14606001,200,21289
client,client_request,completed,1777560175396289,3,,,1777560175364655,1777560175396289,1777560175364655,1777560175396289,,,,client-3-7,Insert,14978998,200,31634
client,client_request,completed,1777560175440206,3,,,1777560175396422,1777560175440206,1777560175396422,1777560175440206,,,,client-3-7,Insert,6646358,200,43784
client,client_request,completed,1777560175476349,3,,,1777560175442046,1777560175476349,1777560175442046,1777560175476349,,,,client-3-7,Remove,7550634,200,34303
client,client_request,completed,1777560175519499,3,,,1777560175476465,1777560175519499,1777560175476465,1777560175519499,,,,client-3-7,Insert,1220896,200,43034
client,client_request,completed,1777560175538960,3,,,1777560175521668,1777560175538960,1777560175521668,1777560175538960,,,,client-3-7,Insert,-7586386,200,17292
client,client_request,completed,1777560175577142,3,,,1777560175539081,1777560175577142,1777560175539081,1777560175577142,,,,client-3-7,Remove,-5833826,200,38061
client,client_request,completed,1777560175600896,3,,,1777560175577266,1777560175600896,1777560175577266,1777560175600896,,,,client-3-7,Insert,8478337,200,23630
client,client_request,completed,1777560175624970,3,,,1777560175604167,1777560175624970,1777560175604167,1777560175624970,,,,client-3-7,Insert,-635540,200,20803
client,client_request,completed,1777560175652155,3,,,1777560175629943,1777560175652155,1777560175629943,1777560175652155,,,,client-3-7,Remove,-10966421,200,22212
client,client_request,completed,1777560175690270,3,,,1777560175652308,1777560175690270,1777560175652308,1777560175690270,,,,client-3-7,Remove,11260601,200,37962
client,client_request,completed,1777560175737485,3,,,1777560175690393,1777560175737485,1777560175690393,1777560175737485,,,,client-3-7,Insert,-15760498,200,47092
client,client_request,completed,1777560175762769,3,,,1777560175737611,1777560175762769,1777560175737611,1777560175762769,,,,client-3-7,Remove,-15685071,200,25158
client,client_request,completed,1777560175856672,3,,,1777560175762868,1777560175856672,1777560175762868,1777560175856672,,,,client-3-7,Remove,-4923669,200,93804
client,client_request,completed,1777560175883552,3,,,1777560175859491,1777560175883552,1777560175859491,1777560175883552,,,,client-3-7,Insert,690678,200,24061
client,client_request,completed,1777560175918065,3,,,1777560175883652,1777560175918065,1777560175883652,1777560175918065,,,,client-3-7,Insert,15269666,200,34413
client,client_request,completed,1777560175950883,3,,,1777560175919382,1777560175950883,1777560175919382,1777560175950883,,,,client-3-7,Insert,-16651371,200,31501
client,client_request,completed,1777560176028318,3,,,1777560175965844,1777560176028318,1777560175965844,1777560176028318,,,,client-3-7,Insert,13254713,200,62474
client,client_request,completed,1777560176055469,3,,,1777560176030983,1777560176055469,1777560176030983,1777560176055469,,,,client-3-7,Remove,12294740,200,24486
client,client_request,completed,1777560176097876,3,,,1777560176057810,1777560176097876,1777560176057810,1777560176097876,,,,client-3-7,Remove,8146664,200,40066
client,client_request,completed,1777560176154829,3,,,1777560176098038,1777560176154829,1777560176098038,1777560176154829,,,,client-3-7,Insert,5715435,200,56791
client,client_request,completed,1777560176171425,3,,,1777560176154889,1777560176171425,1777560176154889,1777560176171425,,,,client-3-7,Insert,-10889136,200,16536
client,client_request,completed,1777560176197126,3,,,1777560176172553,1777560176197126,1777560176172553,1777560176197126,,,,client-3-7,Insert,-5464948,200,24573
client,client_request,completed,1777560176241027,3,,,1777560176204740,1777560176241027,1777560176204740,1777560176241027,,,,client-3-7,Remove,-15550517,200,36287
client,client_request,completed,1777560176268360,3,,,1777560176242387,1777560176268360,1777560176242387,1777560176268360,,,,client-3-7,Insert,-14896930,200,25973
client,client_request,completed,1777560176302288,3,,,1777560176269472,1777560176302288,1777560176269472,1777560176302288,,,,client-3-7,Remove,-12803606,200,32816
client,client_request,completed,1777560176334698,3,,,1777560176305282,1777560176334698,1777560176305282,1777560176334698,,,,client-3-7,Insert,15211168,200,29416
client,client_request,completed,1777560176365732,3,,,1777560176334849,1777560176365732,1777560176334849,1777560176365732,,,,client-3-7,Remove,-15217017,200,30883
client,client_request,completed,1777560176409133,3,,,1777560176365854,1777560176409133,1777560176365854,1777560176409133,,,,client-3-7,Remove,1678733,200,43279
client,client_request,completed,1777560176456972,3,,,1777560176409271,1777560176456972,1777560176409271,1777560176456972,,,,client-3-7,Remove,-6473569,200,47701
client,client_request,completed,1777560176497816,3,,,1777560176459523,1777560176497816,1777560176459523,1777560176497816,,,,client-3-7,Remove,-13826007,200,38293
client,client_request,completed,1777560176539947,3,,,1777560176501511,1777560176539947,1777560176501511,1777560176539947,,,,client-3-7,Remove,-3445031,200,38436
client,client_request,completed,1777560176566393,3,,,1777560176541362,1777560176566393,1777560176541362,1777560176566393,,,,client-3-7,Remove,7256057,200,25031
client,client_request,completed,1777560176595225,3,,,1777560176570696,1777560176595225,1777560176570696,1777560176595225,,,,client-3-7,Insert,-5707162,200,24529
client,client_request,completed,1777560176635624,3,,,1777560176595351,1777560176635624,1777560176595351,1777560176635624,,,,client-3-7,Insert,-3426300,200,40273
client,client_request,completed,1777560176669095,3,,,1777560176635750,1777560176669095,1777560176635750,1777560176669095,,,,client-3-7,Remove,-10666309,200,33345
client,client_request,completed,1777560176700045,3,,,1777560176672474,1777560176700045,1777560176672474,1777560176700045,,,,client-3-7,Remove,-6961050,200,27571
client,client_request,completed,1777560176731600,3,,,1777560176704346,1777560176731600,1777560176704346,1777560176731600,,,,client-3-7,Insert,-6225294,200,27254
client,client_request,completed,1777560176768856,3,,,1777560176731724,1777560176768856,1777560176731724,1777560176768856,,,,client-3-7,Insert,-12418331,200,37132
client,client_request,completed,1777560176860740,3,,,1777560176775331,1777560176860740,1777560176775331,1777560176860740,,,,client-3-7,Insert,-4255485,200,85409
client,client_request,completed,1777560176891287,3,,,1777560176863096,1777560176891287,1777560176863096,1777560176891287,,,,client-3-7,Insert,9179129,200,28191
client,client_request,completed,1777560176918909,3,,,1777560176891390,1777560176918909,1777560176891390,1777560176918909,,,,client-3-7,Insert,16552370,200,27519
client,client_request,completed,1777560176942339,3,,,1777560176921148,1777560176942339,1777560176921148,1777560176942339,,,,client-3-7,Remove,-15754834,200,21191
client,client_request,completed,1777560176968908,3,,,1777560176942423,1777560176968908,1777560176942423,1777560176968908,,,,client-3-7,Remove,-1207815,200,26485
client,client_request,completed,1777560177000312,3,,,1777560176973333,1777560177000312,1777560176973333,1777560177000312,,,,client-3-7,Remove,663909,200,26979
client,client_request,completed,1777560177039508,3,,,1777560177002931,1777560177039508,1777560177002931,1777560177039508,,,,client-3-7,Remove,9564967,200,36577
client,client_request,completed,1777560177080920,3,,,1777560177058398,1777560177080920,1777560177058398,1777560177080920,,,,client-3-7,Insert,-16350146,200,22522
client,client_request,completed,1777560177118259,3,,,1777560177081028,1777560177118259,1777560177081028,1777560177118259,,,,client-3-7,Remove,-6797384,200,37231
client,client_request,completed,1777560177160916,3,,,1777560177119136,1777560177160916,1777560177119136,1777560177160916,,,,client-3-7,Insert,-859056,200,41780
client,client_request,completed,1777560177207413,3,,,1777560177161029,1777560177207413,1777560177161029,1777560177207413,,,,client-3-7,Remove,12666053,200,46384
client,client_request,completed,1777560177239278,3,,,1777560177210078,1777560177239278,1777560177210078,1777560177239278,,,,client-3-7,Insert,-1897451,200,29200
client,client_request,completed,1777560177279719,3,,,1777560177240353,1777560177279719,1777560177240353,1777560177279719,,,,client-3-7,Insert,-12010520,200,39366
client,client_request,completed,1777560177317440,3,,,1777560177281760,1777560177317440,1777560177281760,1777560177317440,,,,client-3-7,Remove,13018311,200,35680
client,client_request,completed,1777560177348599,3,,,1777560177317551,1777560177348599,1777560177317551,1777560177348599,,,,client-3-7,Remove,6883540,200,31048
client,client_request,completed,1777560177390322,3,,,1777560177348949,1777560177390322,1777560177348949,1777560177390322,,,,client-3-7,Insert,-3676257,200,41373
client,client_request,completed,1777560177431612,3,,,1777560177390460,1777560177431612,1777560177390460,1777560177431612,,,,client-3-7,Remove,-3832037,200,41152
client,client_request,completed,1777560177470585,3,,,1777560177431721,1777560177470585,1777560177431721,1777560177470585,,,,client-3-7,Insert,-8100238,200,38864
client,client_request,completed,1777560177502162,3,,,1777560177470697,1777560177502162,1777560177470697,1777560177502162,,,,client-3-7,Remove,-3879435,200,31465
client,client_request,completed,1777560177525999,3,,,1777560177503959,1777560177525999,1777560177503959,1777560177525999,,,,client-3-7,Remove,-14576589,200,22040
client,client_request,completed,1777560177549490,3,,,1777560177526120,1777560177549490,1777560177526120,1777560177549490,,,,client-3-7,Insert,7718751,200,23370
client,client_request,completed,1777560177571551,3,,,1777560177549554,1777560177571551,1777560177549554,1777560177571551,,,,client-3-7,Insert,-16529703,200,21997
client,client_request,completed,1777560177602593,3,,,1777560177571964,1777560177602593,1777560177571964,1777560177602593,,,,client-3-7,Remove,-2139061,200,30629
client,client_request,completed,1777560177642361,3,,,1777560177602702,1777560177642361,1777560177602702,1777560177642361,,,,client-3-7,Remove,-3983463,200,39659
client,client_request,completed,1777560177666441,3,,,1777560177642461,1777560177666441,1777560177642461,1777560177666441,,,,client-3-7,Insert,-12440583,200,23980
client,client_request,completed,1777560177683199,3,,,1777560177666555,1777560177683199,1777560177666555,1777560177683199,,,,client-3-7,Insert,852089,200,16644
client,client_request,completed,1777560177730508,3,,,1777560177689528,1777560177730508,1777560177689528,1777560177730508,,,,client-3-7,Remove,-16062079,200,40980
client,client_request,completed,1777560177760864,3,,,1777560177730628,1777560177760864,1777560177730628,1777560177760864,,,,client-3-7,Insert,13477415,200,30236
client,client_request,completed,1777560177864827,3,,,1777560177773216,1777560177864827,1777560177773216,1777560177864827,,,,client-3-7,Insert,12111083,200,91611
client,client_request,completed,1777560177880223,3,,,1777560177864936,1777560177880223,1777560177864936,1777560177880223,,,,client-3-7,Remove,10403088,200,15287
client,client_request,completed,1777560177933315,3,,,1777560177888348,1777560177933315,1777560177888348,1777560177933315,,,,client-3-7,Insert,15309458,200,44967
client,client_request,completed,1777560177971257,3,,,1777560177933428,1777560177971257,1777560177933428,1777560177971257,,,,client-3-7,Remove,-4159338,200,37829
client,client_request,completed,1777560178010948,3,,,1777560177973020,1777560178010948,1777560177973020,1777560178010948,,,,client-3-7,Insert,-11703230,200,37928
client,client_request,completed,1777560178035887,3,,,1777560178011045,1777560178035887,1777560178011045,1777560178035887,,,,client-3-7,Remove,10161331,200,24842
client,client_request,completed,1777560178082649,3,,,1777560178040235,1777560178082649,1777560178040235,1777560178082649,,,,client-3-7,Insert,-751950,200,42414
client,client_request,completed,1777560178111092,3,,,1777560178084366,1777560178111092,1777560178084366,1777560178111092,,,,client-3-7,Insert,10655147,200,26726
client,client_request,completed,1777560178142377,3,,,1777560178112658,1777560178142377,1777560178112658,1777560178142377,,,,client-3-7,Insert,-14821322,200,29719
client,client_request,completed,1777560178178884,3,,,1777560178145271,1777560178178884,1777560178145271,1777560178178884,,,,client-3-7,Insert,-11163072,200,33613
client,client_request,completed,1777560178197916,3,,,1777560178182337,1777560178197916,1777560178182337,1777560178197916,,,,client-3-7,Insert,6353646,200,15579
client,client_request,completed,1777560178224005,3,,,1777560178197987,1777560178224005,1777560178197987,1777560178224005,,,,client-3-7,Remove,-1173959,200,26018
client,client_request,completed,1777560178245496,3,,,1777560178228711,1777560178245496,1777560178228711,1777560178245496,,,,client-3-7,Remove,-11570288,200,16785
client,client_request,completed,1777560178272461,3,,,1777560178245591,1777560178272461,1777560178245591,1777560178272461,,,,client-3-7,Remove,-5529117,200,26870
client,client_request,completed,1777560178316569,3,,,1777560178275601,1777560178316569,1777560178275601,1777560178316569,,,,client-3-7,Insert,-5726670,200,40968
client,client_request,completed,1777560178347419,3,,,1777560178318241,1777560178347419,1777560178318241,1777560178347419,,,,client-3-7,Insert,-15820630,200,29178
client,client_request,completed,1777560178372905,3,,,1777560178347527,1777560178372905,1777560178347527,1777560178372905,,,,client-3-7,Remove,8286473,200,25378
client,client_request,completed,1777560178409267,3,,,1777560178374706,1777560178409267,1777560178374706,1777560178409267,,,,client-3-7,Insert,-14745072,200,34561
client,client_request,completed,1777560178436039,3,,,1777560178409393,1777560178436039,1777560178409393,1777560178436039,,,,client-3-7,Insert,-7350649,200,26646
client,client_request,completed,1777560178468858,3,,,1777560178437978,1777560178468858,1777560178437978,1777560178468858,,,,client-3-7,Insert,12641117,200,30880
client,client_request,completed,1777560178523813,3,,,1777560178471423,1777560178523813,1777560178471423,1777560178523813,,,,client-3-7,Insert,7457782,200,52390
client,client_request,completed,1777560178543496,3,,,1777560178525711,1777560178543496,1777560178525711,1777560178543496,,,,client-3-7,Insert,-9412034,200,17785
client,client_request,completed,1777560178569241,3,,,1777560178543612,1777560178569241,1777560178543612,1777560178569241,,,,client-3-7,Insert,8197814,200,25629
client,client_request,completed,1777560178616892,3,,,1777560178569364,1777560178616892,1777560178569364,1777560178616892,,,,client-3-7,Remove,6104466,200,47528
client,client_request,completed,1777560178640697,3,,,1777560178620965,1777560178640697,1777560178620965,1777560178640697,,,,client-3-7,Remove,7455763,200,19732
client,client_request,completed,1777560178704256,3,,,1777560178655407,1777560178704256,1777560178655407,1777560178704256,,,,client-3-7,Remove,14371373,200,48849
client,client_request,completed,1777560178734300,3,,,1777560178707510,1777560178734300,1777560178707510,1777560178734300,,,,client-3-7,Insert,-2632071,200,26790
client,client_request,completed,1777560178783045,3,,,1777560178738601,1777560178783045,1777560178738601,1777560178783045,,,,client-3-7,Remove,3396402,200,44444
client,client_request,completed,1777560178876453,3,,,1777560178785266,1777560178876453,1777560178785266,1777560178876453,,,,client-3-7,Remove,-1594968,200,91187
client,client_request,completed,1777560178912323,3,,,1777560178880103,1777560178912323,1777560178880103,1777560178912323,,,,client-3-7,Insert,-5353933,200,32220
client,client_request,completed,1777560178942712,3,,,1777560178912452,1777560178942712,1777560178912452,1777560178942712,,,,client-3-7,Insert,-5460853,200,30260
client,client_request,completed,1777560178989791,3,,,1777560178942815,1777560178989791,1777560178942815,1777560178989791,,,,client-3-7,Remove,10851449,200,46976
client,client_request,completed,1777560179015375,3,,,1777560178991407,1777560179015375,1777560178991407,1777560179015375,,,,client-3-7,Insert,15729774,200,23968
client,client_request,completed,1777560179058034,3,,,1777560179016715,1777560179058034,1777560179016715,1777560179058034,,,,client-3-7,Remove,14967309,200,41319
client,client_request,completed,1777560179080297,3,,,1777560179058160,1777560179080297,1777560179058160,1777560179080297,,,,client-3-7,Insert,-5745439,200,22137
client,client_request,completed,1777560179102647,3,,,1777560179081837,1777560179102647,1777560179081837,1777560179102647,,,,client-3-7,Insert,-1849019,200,20810
client,client_request,completed,1777560179129319,3,,,1777560179103461,1777560179129319,1777560179103461,1777560179129319,,,,client-3-7,Insert,-6133696,200,25858
client,client_request,completed,1777560179158555,3,,,1777560179129426,1777560179158555,1777560179129426,1777560179158555,,,,client-3-7,Remove,-13362497,200,29129
client,client_request,completed,1777560179188708,3,,,1777560179158670,1777560179188708,1777560179158670,1777560179188708,,,,client-3-7,Remove,-661441,200,30038
client,client_request,completed,1777560179221761,3,,,1777560179190593,1777560179221761,1777560179190593,1777560179221761,,,,client-3-7,Insert,-7679747,200,31168
client,client_request,completed,1777560179250942,3,,,1777560179221864,1777560179250942,1777560179221864,1777560179250942,,,,client-3-7,Insert,-10193482,200,29078
client,client_request,completed,1777560179290383,3,,,1777560179251608,1777560179290383,1777560179251608,1777560179290383,,,,client-3-7,Remove,-11999355,200,38775
client,client_request,completed,1777560179322323,3,,,1777560179290634,1777560179322323,1777560179290634,1777560179322323,,,,client-3-7,Insert,-9786027,200,31689
client,client_request,completed,1777560179354895,3,,,1777560179322460,1777560179354895,1777560179322460,1777560179354895,,,,client-3-7,Insert,1443179,200,32435
client,client_request,completed,1777560179387615,3,,,1777560179355007,1777560179387615,1777560179355007,1777560179387615,,,,client-3-7,Remove,1562240,200,32608
client,client_request,completed,1777560179412746,3,,,1777560179387753,1777560179412746,1777560179387753,1777560179412746,,,,client-3-7,Remove,2789415,200,24993
client,client_request,completed,1777560179453556,3,,,1777560179414541,1777560179453556,1777560179414541,1777560179453556,,,,client-3-7,Remove,-7361813,200,39015
client,client_request,completed,1777560179489560,3,,,1777560179456592,1777560179489560,1777560179456592,1777560179489560,,,,client-3-7,Remove,10379555,200,32968
client,client_request,completed,1777560179529887,3,,,1777560179491526,1777560179529887,1777560179491526,1777560179529887,,,,client-3-7,Remove,15005610,200,38361
client,client_request,completed,1777560179555809,3,,,1777560179530007,1777560179555809,1777560179530007,1777560179555809,,,,client-3-7,Insert,15258998,200,25802
client,client_request,completed,1777560179572290,3,,,1777560179557300,1777560179572290,1777560179557300,1777560179572290,,,,client-3-7,Remove,16568914,200,14990
client,client_request,completed,1777560179619494,3,,,1777560179577205,1777560179619494,1777560179577205,1777560179619494,,,,client-3-7,Remove,10878263,200,42289
client,client_request,completed,1777560179645941,3,,,1777560179619604,1777560179645941,1777560179619604,1777560179645941,,,,client-3-7,Remove,8377742,200,26337
client,client_request,completed,1777560179676383,3,,,1777560179646046,1777560179676383,1777560179646046,1777560179676383,,,,client-3-7,Remove,9719065,200,30337
client,client_request,completed,1777560179701140,3,,,1777560179677667,1777560179701140,1777560179677667,1777560179701140,,,,client-3-7,Insert,-14470593,200,23473
client,client_request,completed,1777560179727388,3,,,1777560179701199,1777560179727388,1777560179701199,1777560179727388,,,,client-3-7,Insert,6037685,200,26189
client,client_request,completed,1777560179758705,3,,,1777560179729511,1777560179758705,1777560179729511,1777560179758705,,,,client-3-7,Insert,-3720034,200,29194
client,client_request,completed,1777560179863261,3,,,1777560179758823,1777560179863261,1777560179758823,1777560179863261,,,,client-3-7,Insert,11445469,200,104438
client,client_request,completed,1777560179892012,3,,,1777560179863386,1777560179892012,1777560179863386,1777560179892012,,,,client-3-7,Remove,-6447200,200,28626
client,client_request,completed,1777560179926993,3,,,1777560179893881,1777560179926993,1777560179893881,1777560179926993,,,,client-3-7,Insert,11095801,200,33112
client,client_request,completed,1777560179969050,3,,,1777560179928338,1777560179969050,1777560179928338,1777560179969050,,,,client-3-7,Insert,-12631234,200,40712
client,client_request,completed,1777560180016947,3,,,1777560179970778,1777560180016947,1777560179970778,1777560180016947,,,,client-3-7,Remove,-7305935,200,46169
client,client_request,completed,1777560180059987,3,,,1777560180024982,1777560180059987,1777560180024982,1777560180059987,,,,client-3-7,Insert,-9931632,200,35005
client,client_request,completed,1777560180081920,3,,,1777560180060089,1777560180081920,1777560180060089,1777560180081920,,,,client-3-7,Insert,10317758,200,21831
client,client_request,completed,1777560180123313,3,,,1777560180084372,1777560180123313,1777560180084372,1777560180123313,,,,client-3-7,Insert,16442740,200,38941
client,client_request,completed,1777560180156944,3,,,1777560180126694,1777560180156944,1777560180126694,1777560180156944,,,,client-3-7,Remove,-6208626,200,30250
client,client_request,completed,1777560180201705,3,,,1777560180157059,1777560180201705,1777560180157059,1777560180201705,,,,client-3-7,Insert,12926304,200,44646
client,client_request,completed,1777560180245020,3,,,1777560180206810,1777560180245020,1777560180206810,1777560180245020,,,,client-3-7,Insert,-370041,200,38210
client,client_request,completed,1777560180270901,3,,,1777560180246372,1777560180270901,1777560180246372,1777560180270901,,,,client-3-7,Remove,5300684,200,24529
client,client_request,completed,1777560180297099,3,,,1777560180271778,1777560180297099,1777560180271778,1777560180297099,,,,client-3-7,Insert,-10006907,200,25321
client,client_request,completed,1777560180327102,3,,,1777560180297995,1777560180327102,1777560180297995,1777560180327102,,,,client-3-7,Remove,2974749,200,29107
client,client_request,completed,1777560180348707,3,,,1777560180329563,1777560180348707,1777560180329563,1777560180348707,,,,client-3-7,Remove,4733049,200,19144
client,client_request,completed,1777560180388883,3,,,1777560180351659,1777560180388883,1777560180351659,1777560180388883,,,,client-3-7,Insert,5880587,200,37224
client,client_request,completed,1777560180423200,3,,,1777560180392978,1777560180423200,1777560180392978,1777560180423200,,,,client-3-7,Remove,-708538,200,30222
client,client_request,completed,1777560180459365,3,,,1777560180425101,1777560180459365,1777560180425101,1777560180459365,,,,client-3-7,Insert,-14219057,200,34264
client,client_request,completed,1777560180504678,3,,,1777560180459486,1777560180504678,1777560180459486,1777560180504678,,,,client-3-7,Insert,4773482,200,45192
client,client_request,completed,1777560180529532,3,,,1777560180507187,1777560180529532,1777560180507187,1777560180529532,,,,client-3-7,Remove,-15592834,200,22345
client,client_request,completed,1777560180557894,3,,,1777560180533921,1777560180557894,1777560180533921,1777560180557894,,,,client-3-7,Remove,11315891,200,23973
client,client_request,completed,1777560180590246,3,,,1777560180562361,1777560180590246,1777560180562361,1777560180590246,,,,client-3-7,Insert,-14457298,200,27885
client,client_request,completed,1777560180646555,3,,,1777560180590345,1777560180646555,1777560180590345,1777560180646555,,,,client-3-7,Insert,12238921,200,56210
client,client_request,completed,1777560180680737,3,,,1777560180646692,1777560180680737,1777560180646692,1777560180680737,,,,client-3-7,Remove,-2956701,200,34045
client,client_request,completed,1777560180711360,3,,,1777560180685452,1777560180711360,1777560180685452,1777560180711360,,,,client-3-7,Insert,-9923094,200,25908
client,client_request,completed,1777560180731931,3,,,1777560180713527,1777560180731931,1777560180713527,1777560180731931,,,,client-3-7,Insert,-7257950,200,18404
client,client_request,completed,1777560180835167,3,,,1777560180733225,1777560180835167,1777560180733225,1777560180835167,,,,client-3-7,Remove,-3075019,200,101942
client,client_request,completed,1777560180872598,3,,,1777560180838863,1777560180872598,1777560180838863,1777560180872598,,,,client-3-7,Insert,-13575636,200,33735
client,client_request,completed,1777560180902520,3,,,1777560180874821,1777560180902520,1777560180874821,1777560180902520,,,,client-3-7,Remove,-5181248,200,27699
client,client_request,completed,1777560180931716,3,,,1777560180904284,1777560180931716,1777560180904284,1777560180931716,,,,client-3-7,Insert,-7960982,200,27432
client,client_request,completed,1777560180969702,3,,,1777560180935613,1777560180969702,1777560180935613,1777560180969702,,,,client-3-7,Insert,7590199,200,34089
client,client_request,completed,1777560181011266,3,,,1777560180972300,1777560181011266,1777560180972300,1777560181011266,,,,client-3-7,Remove,-14319095,200,38966
client,client_request,completed,1777560181054066,3,,,1777560181012905,1777560181054066,1777560181012905,1777560181054066,,,,client-3-7,Insert,-11726140,200,41161
client,client_request,completed,1777560181077040,3,,,1777560181054174,1777560181077040,1777560181054174,1777560181077040,,,,client-3-7,Remove,3101884,200,22866
client,client_request,completed,1777560181109803,3,,,1777560181077868,1777560181109803,1777560181077868,1777560181109803,,,,client-3-7,Insert,-12918774,200,31935
client,client_request,completed,1777560181148388,3,,,1777560181110248,1777560181148388,1777560181110248,1777560181148388,,,,client-3-7,Insert,-13997730,200,38140
client,client_request,completed,1777560181184378,3,,,1777560181148640,1777560181184378,1777560181148640,1777560181184378,,,,client-3-7,Remove,-7406593,200,35738
client,client_request,completed,1777560181219438,3,,,1777560181185253,1777560181219438,1777560181185253,1777560181219438,,,,client-3-7,Insert,-3410376,200,34185
client,client_request,completed,1777560181250643,3,,,1777560181220265,1777560181250643,1777560181220265,1777560181250643,,,,client-3-7,Remove,-7817987,200,30378
client,client_request,completed,1777560181284983,3,,,1777560181250859,1777560181284983,1777560181250859,1777560181284983,,,,client-3-7,Insert,7895695,200,34124
client,client_request,completed,1777560181320304,3,,,1777560181285560,1777560181320304,1777560181285560,1777560181320304,,,,client-3-7,Remove,9445924,200,34744
client,client_request,completed,1777560181358464,3,,,1777560181320510,1777560181358464,1777560181320510,1777560181358464,,,,client-3-7,Insert,-10723180,200,37954
client,client_request,completed,1777560181395340,3,,,1777560181358648,1777560181395340,1777560181358648,1777560181395340,,,,client-3-7,Remove,6692243,200,36692
client,client_request,completed,1777560181433851,3,,,1777560181395451,1777560181433851,1777560181395451,1777560181433851,,,,client-3-7,Insert,12082450,200,38400
client,client_request,completed,1777560181469475,3,,,1777560181434211,1777560181469475,1777560181434211,1777560181469475,,,,client-3-7,Insert,-7806264,200,35264
client,client_request,completed,1777560181505762,3,,,1777560181469586,1777560181505762,1777560181469586,1777560181505762,,,,client-3-7,Remove,-9776648,200,36176
client,client_request,completed,1777560181539158,3,,,1777560181505897,1777560181539158,1777560181505897,1777560181539158,,,,client-3-7,Insert,-14413202,200,33261
client,client_request,completed,1777560181568948,3,,,1777560181539510,1777560181568948,1777560181539510,1777560181568948,,,,client-3-7,Remove,-12272614,200,29438
client,client_request,completed,1777560181601805,3,,,1777560181569055,1777560181601805,1777560181569055,1777560181601805,,,,client-3-7,Insert,-2722573,200,32750
client,client_request,completed,1777560181637772,3,,,1777560181601910,1777560181637772,1777560181601910,1777560181637772,,,,client-3-7,Insert,-12120642,200,35862
client,client_request,completed,1777560181676437,3,,,1777560181637868,1777560181676437,1777560181637868,1777560181676437,,,,client-3-7,Remove,-13493306,200,38569
client,client_request,completed,1777560181711374,3,,,1777560181676930,1777560181711374,1777560181676930,1777560181711374,,,,client-3-7,Remove,-13779298,200,34444
client,client_request,completed,1777560181747695,3,,,1777560181711576,1777560181747695,1777560181711576,1777560181747695,,,,client-3-7,Insert,9579430,200,36119
client,client_request,completed,1777560181846252,3,,,1777560181748068,1777560181846252,1777560181748068,1777560181846252,,,,client-3-7,Remove,11614817,200,98184
client,client_request,completed,1777560181875834,3,,,1777560181846399,1777560181875834,1777560181846399,1777560181875834,,,,client-3-7,Remove,15896337,200,29435
client,client_request,completed,1777560181905152,3,,,1777560181875969,1777560181905152,1777560181875969,1777560181905152,,,,client-3-7,Remove,-3152242,200,29183
client,client_request,completed,1777560181932431,3,,,1777560181905392,1777560181932431,1777560181905392,1777560181932431,,,,client-3-7,Insert,4546640,200,27039
client,client_request,completed,1777560181959571,3,,,1777560181932546,1777560181959571,1777560181932546,1777560181959571,,,,client-3-7,Remove,7910770,200,27025
client,client_request,completed,1777560181989810,3,,,1777560181959677,1777560181989810,1777560181959677,1777560181989810,,,,client-3-7,Remove,-10677761,200,30133
client,client_request,completed,1777560182016920,3,,,1777560181989921,1777560182016920,1777560181989921,1777560182016920,,,,client-3-7,Remove,107209,200,26999
client,client_request,completed,1777560182046855,3,,,1777560182017365,1777560182046855,1777560182017365,1777560182046855,,,,client-3-7,Insert,-5286333,200,29490
client,client_request,completed,1777560182075572,3,,,1777560182047001,1777560182075572,1777560182047001,1777560182075572,,,,client-3-7,Insert,15577764,200,28571
client,client_request,completed,1777560182104463,3,,,1777560182075801,1777560182104463,1777560182075801,1777560182104463,,,,client-3-7,Insert,-3991915,200,28662
client,client_request,completed,1777560182133289,3,,,1777560182104587,1777560182133289,1777560182104587,1777560182133289,,,,client-3-7,Insert,-2448789,200,28702
client,client_request,completed,1777560182162675,3,,,1777560182133390,1777560182162675,1777560182133390,1777560182162675,,,,client-3-7,Remove,-16157413,200,29285
client,client_request,completed,1777560182192319,3,,,1777560182163185,1777560182192319,1777560182163185,1777560182192319,,,,client-3-7,Insert,7046883,200,29134
client,client_request,completed,1777560182219739,3,,,1777560182192470,1777560182219739,1777560182192470,1777560182219739,,,,client-3-7,Remove,-9653641,200,27269
client,client_request,completed,1777560182245447,3,,,1777560182219832,1777560182245447,1777560182219832,1777560182245447,,,,client-3-7,Insert,-13169539,200,25615
client,client_request,completed,1777560182270097,3,,,1777560182245625,1777560182270097,1777560182245625,1777560182270097,,,,client-3-7,Remove,7089606,200,24472
client,client_request,completed,1777560182297600,3,,,1777560182270201,1777560182297600,1777560182270201,1777560182297600,,,,client-3-7,Insert,7585711,200,27399
client,client_request,completed,1777560182326155,3,,,1777560182297809,1777560182326155,1777560182297809,1777560182326155,,,,client-3-7,Remove,-3205799,200,28346
client,client_request,completed,1777560182355272,3,,,1777560182326262,1777560182355272,1777560182326262,1777560182355272,,,,client-3-7,Insert,10765963,200,29010
client,client_request,completed,1777560182383691,3,,,1777560182355518,1777560182383691,1777560182355518,1777560182383691,,,,client-3-7,Insert,12262163,200,28173
client,client_request,completed,1777560182413339,3,,,1777560182383845,1777560182413339,1777560182383845,1777560182413339,,,,client-3-7,Remove,7189353,200,29494
client,client_request,completed,1777560182441795,3,,,1777560182414036,1777560182441795,1777560182414036,1777560182441795,,,,client-3-7,Remove,-14909166,200,27759
client,client_request,completed,1777560182470960,3,,,1777560182442156,1777560182470960,1777560182442156,1777560182470960,,,,client-3-7,Remove,-3249523,200,28804
client,client_request,completed,1777560182499396,3,,,1777560182471065,1777560182499396,1777560182471065,1777560182499396,,,,client-3-7,Remove,13050971,200,28331
client,client_request,completed,1777560182526159,3,,,1777560182499604,1777560182526159,1777560182499604,1777560182526159,,,,client-3-7,Insert,3855317,200,26555
client,client_request,completed,1777560182549544,3,,,1777560182526366,1777560182549544,1777560182526366,1777560182549544,,,,client-3-7,Insert,-1308996,200,23178
client,client_request,completed,1777560182572637,3,,,1777560182549650,1777560182572637,1777560182549650,1777560182572637,,,,client-3-7,Insert,-13249148,200,22987
client,client_request,completed,1777560182598372,3,,,1777560182572771,1777560182598372,1777560182572771,1777560182598372,,,,client-3-7,Insert,8930859,200,25601
client,client_request,completed,1777560182626377,3,,,1777560182598723,1777560182626377,1777560182598723,1777560182626377,,,,client-3-7,Insert,11735481,200,27654
client,client_request,completed,1777560182655597,3,,,1777560182626488,1777560182655597,1777560182626488,1777560182655597,,,,client-3-7,Insert,-7339602,200,29109
client,client_request,completed,1777560182686735,3,,,1777560182656009,1777560182686735,1777560182656009,1777560182686735,,,,client-3-7,Remove,-12753168,200,30726
client,client_request,completed,1777560182715492,3,,,1777560182687256,1777560182715492,1777560182687256,1777560182715492,,,,client-3-7,Insert,-10534460,200,28236
client,client_request,completed,1777560182744696,3,,,1777560182715848,1777560182744696,1777560182715848,1777560182744696,,,,client-3-7,Insert,-10131938,200,28848
client,client_request,completed,1777560182773908,3,,,1777560182745385,1777560182773908,1777560182745385,1777560182773908,,,,client-3-7,Insert,-9808888,200,28523
client,client_request,completed,1777560182876310,3,,,1777560182774394,1777560182876310,1777560182774394,1777560182876310,,,,client-3-7,Remove,5762778,200,101916
client,client_request,completed,1777560182911194,3,,,1777560182876449,1777560182911194,1777560182876449,1777560182911194,,,,client-3-7,Remove,15122661,200,34745
client,client_request,completed,1777560182947273,3,,,1777560182911715,1777560182947273,1777560182911715,1777560182947273,,,,client-3-7,Insert,-7425854,200,35558
client,client_request,completed,1777560182985037,3,,,1777560182947319,1777560182985037,1777560182947319,1777560182985037,,,,client-3-7,Remove,9397525,200,37718
client,client_request,completed,1777560183025192,3,,,1777560182985141,1777560183025192,1777560182985141,1777560183025192,,,,client-3-7,Remove,1427469,200,40051
client,client_request,completed,1777560183062460,3,,,1777560183025544,1777560183062460,1777560183025544,1777560183062460,,,,client-3-7,Insert,10330836,200,36916
client,client_request,completed,1777560183099098,3,,,1777560183062583,1777560183099098,1777560183062583,1777560183099098,,,,client-3-7,Insert,15990277,200,36515
client,client_request,completed,1777560183138745,3,,,1777560183099298,1777560183138745,1777560183099298,1777560183138745,,,,client-3-7,Remove,-15181750,200,39447
client,client_request,completed,1777560183174807,3,,,1777560183139192,1777560183174807,1777560183139192,1777560183174807,,,,client-3-7,Insert,-9338338,200,35615
client,client_request,completed,1777560183211093,3,,,1777560183174906,1777560183211093,1777560183174906,1777560183211093,,,,client-3-7,Remove,-13666593,200,36187
client,client_request,completed,1777560183243972,3,,,1777560183211203,1777560183243972,1777560183211203,1777560183243972,,,,client-3-7,Insert,13307561,200,32769
client,client_request,completed,1777560183275031,3,,,1777560183244077,1777560183275031,1777560183244077,1777560183275031,,,,client-3-7,Insert,3115245,200,30954
client,client_request,completed,1777560183308668,3,,,1777560183275543,1777560183308668,1777560183275543,1777560183308668,,,,client-3-7,Insert,15637213,200,33125
client,client_request,completed,1777560183343909,3,,,1777560183308774,1777560183343909,1777560183308774,1777560183343909,,,,client-3-7,Insert,-11175270,200,35135
client,client_request,completed,1777560183379302,3,,,1777560183344015,1777560183379302,1777560183344015,1777560183379302,,,,client-3-7,Insert,6017059,200,35287
client,client_request,completed,1777560183416404,3,,,1777560183379672,1777560183416404,1777560183379672,1777560183416404,,,,client-3-7,Remove,-9237341,200,36732
client,client_request,completed,1777560183453241,3,,,1777560183416820,1777560183453241,1777560183416820,1777560183453241,,,,client-3-7,Insert,-306495,200,36421
client,client_request,completed,1777560183489982,3,,,1777560183453340,1777560183489982,1777560183453340,1777560183489982,,,,client-3-7,Remove,-3744948,200,36642
client,client_request,completed,1777560183527172,3,,,1777560183490109,1777560183527172,1777560183490109,1777560183527172,,,,client-3-7,Remove,10712299,200,37063
client,client_request,completed,1777560183558989,3,,,1777560183527308,1777560183558989,1777560183527308,1777560183558989,,,,client-3-7,Remove,12725687,200,31681
client,client_request,completed,1777560183587284,3,,,1777560183559117,1777560183587284,1777560183559117,1777560183587284,,,,client-3-7,Remove,3904141,200,28167
client,client_request,completed,1777560183623974,3,,,1777560183587632,1777560183623974,1777560183587632,1777560183623974,,,,client-3-7,Insert,10786436,200,36342
client,client_request,completed,1777560183658756,3,,,1777560183624122,1777560183658756,1777560183624122,1777560183658756,,,,client-3-7,Insert,-12821928,200,34634
client,client_request,completed,1777560183694002,3,,,1777560183658907,1777560183694002,1777560183658907,1777560183694002,,,,client-3-7,Insert,10482953,200,35095
client,client_request,completed,1777560183730571,3,,,1777560183694112,1777560183730571,1777560183694112,1777560183730571,,,,client-3-7,Insert,5936170,200,36459
client,client_request,completed,1777560183766622,3,,,1777560183730678,1777560183766622,1777560183730678,1777560183766622,,,,client-3-7,Insert,6203285,200,35944
client,client_request,completed,1777560183866708,3,,,1777560183766849,1777560183866708,1777560183766849,1777560183866708,,,,client-3-7,Remove,-13474606,200,99859
client,client_request,completed,1777560183904686,3,,,1777560183867055,1777560183904686,1777560183867055,1777560183904686,,,,client-3-7,Remove,8755216,200,37631
client,client_request,completed,1777560183940931,3,,,1777560183904804,1777560183940931,1777560183904804,1777560183940931,,,,client-3-7,Remove,-2726933,200,36127
client,client_request,completed,1777560183977499,3,,,1777560183941100,1777560183977499,1777560183941100,1777560183977499,,,,client-3-7,Remove,-13561802,200,36399
client,client_request,completed,1777560184014213,3,,,1777560183977941,1777560184014213,1777560183977941,1777560184014213,,,,client-3-7,Insert,-1378179,200,36272
client,client_request,completed,1777560184053487,3,,,1777560184014370,1777560184053487,1777560184014370,1777560184053487,,,,client-3-7,Insert,12887064,200,39117
client,client_request,completed,1777560184092510,3,,,1777560184054374,1777560184092510,1777560184054374,1777560184092510,,,,client-3-7,Remove,6010280,200,38136
client,client_request,completed,1777560184133045,3,,,1777560184092873,1777560184133045,1777560184092873,1777560184133045,,,,client-3-7,Remove,-7278001,200,40172
client,client_request,completed,1777560184170813,3,,,1777560184133175,1777560184170813,1777560184133175,1777560184170813,,,,client-3-7,Remove,-11888051,200,37638
client,client_request,completed,1777560184210995,3,,,1777560184170929,1777560184210995,1777560184170929,1777560184210995,,,,client-3-7,Remove,-11336377,200,40066
client,client_request,completed,1777560184248404,3,,,1777560184211116,1777560184248404,1777560184211116,1777560184248404,,,,client-3-7,Insert,13407464,200,37288
client,client_request,completed,1777560184285391,3,,,1777560184248792,1777560184285391,1777560184248792,1777560184285391,,,,client-3-7,Insert,-9064813,200,36599
client,client_request,completed,1777560184325169,3,,,1777560184285499,1777560184325169,1777560184285499,1777560184325169,,,,client-3-7,Insert,7942588,200,39670
client,client_request,completed,1777560184364007,3,,,1777560184325979,1777560184364007,1777560184325979,1777560184364007,,,,client-3-7,Remove,13552259,200,38028
client,client_request,completed,1777560184403574,3,,,1777560184364103,1777560184403574,1777560184364103,1777560184403574,,,,client-3-7,Insert,-7311177,200,39471
client,client_request,completed,1777560184443277,3,,,1777560184403685,1777560184443277,1777560184403685,1777560184443277,,,,client-3-7,Remove,4989545,200,39592
client,client_request,completed,1777560184481400,3,,,1777560184443409,1777560184481400,1777560184443409,1777560184481400,,,,client-3-7,Remove,-4489676,200,37991
client,client_request,completed,1777560184519652,3,,,1777560184481608,1777560184519652,1777560184481608,1777560184519652,,,,client-3-7,Insert,-741282,200,38044
client,client_request,completed,1777560184553385,3,,,1777560184519808,1777560184553385,1777560184519808,1777560184553385,,,,client-3-7,Insert,5984313,200,33577
client,client_request,completed,1777560184585363,3,,,1777560184553493,1777560184585363,1777560184553493,1777560184585363,,,,client-3-7,Insert,6905662,200,31870
client,client_request,completed,1777560184621482,3,,,1777560184585472,1777560184621482,1777560184585472,1777560184621482,,,,client-3-7,Insert,12667365,200,36010
client,client_request,completed,1777560184659969,3,,,1777560184621941,1777560184659969,1777560184621941,1777560184659969,,,,client-3-7,Insert,9555956,200,38028
client,client_request,completed,1777560184699499,3,,,1777560184660122,1777560184699499,1777560184660122,1777560184699499,,,,client-3-7,Insert,16327781,200,39377
client,client_request,completed,1777560184740171,3,,,1777560184699870,1777560184740171,1777560184699870,1777560184740171,,,,client-3-7,Insert,4220366,200,40301
client,client_request,completed,1777560184841286,3,,,1777560184740392,1777560184841286,1777560184740392,1777560184841286,,,,client-3-7,Remove,8913676,200,100894
client,client_request,completed,1777560184876329,3,,,1777560184841759,1777560184876329,1777560184841759,1777560184876329,,,,client-3-7,Insert,13167764,200,34570
client,client_request,completed,1777560184910814,3,,,1777560184876437,1777560184910814,1777560184876437,1777560184910814,,,,client-3-7,Remove,-15977981,200,34377
client,client_request,completed,1777560184942621,3,,,1777560184911028,1777560184942621,1777560184911028,1777560184942621,,,,client-3-7,Insert,-2637193,200,31593
client,client_request,completed,1777560184975387,3,,,1777560184943350,1777560184975387,1777560184943350,1777560184975387,,,,client-3-7,Remove,-12021819,200,32037
client,client_request,completed,1777560185008812,3,,,1777560184975735,1777560185008812,1777560184975735,1777560185008812,,,,client-3-7,Remove,-4531232,200,33077
client,client_request,completed,1777560185041849,3,,,1777560185009150,1777560185041849,1777560185009150,1777560185041849,,,,client-3-7,Remove,14189364,200,32699
client,client_request,completed,1777560185075557,3,,,1777560185041959,1777560185075557,1777560185041959,1777560185075557,,,,client-3-7,Remove,11755755,200,33598
client,client_request,completed,1777560185108307,3,,,1777560185075660,1777560185108307,1777560185075660,1777560185108307,,,,client-3-7,Insert,1163454,200,32647
client,client_request,completed,1777560185140893,3,,,1777560185108411,1777560185140893,1777560185108411,1777560185140893,,,,client-3-7,Remove,-2627990,200,32482
client,client_request,completed,1777560185174050,3,,,1777560185141258,1777560185174050,1777560185141258,1777560185174050,,,,client-3-7,Insert,-15935341,200,32792
client,client_request,completed,1777560185206617,3,,,1777560185174264,1777560185206617,1777560185174264,1777560185206617,,,,client-3-7,Insert,-3214084,200,32353
client,client_request,completed,1777560185236885,3,,,1777560185206738,1777560185236885,1777560185206738,1777560185236885,,,,client-3-7,Insert,12733550,200,30147
client,client_request,completed,1777560185264867,3,,,1777560185236992,1777560185264867,1777560185236992,1777560185264867,,,,client-3-7,Remove,14232935,200,27875
client,client_request,completed,1777560185292306,3,,,1777560185264966,1777560185292306,1777560185264966,1777560185292306,,,,client-3-7,Remove,-1566835,200,27340
client,client_request,completed,1777560185320643,3,,,1777560185292512,1777560185320643,1777560185292512,1777560185320643,,,,client-3-7,Insert,15168097,200,28131
client,client_request,completed,1777560185348315,3,,,1777560185320733,1777560185348315,1777560185320733,1777560185348315,,,,client-3-7,Remove,-14039117,200,27582
client,client_request,completed,1777560185375849,3,,,1777560185348408,1777560185375849,1777560185348408,1777560185375849,,,,client-3-7,Insert,-14120447,200,27441
client,client_request,completed,1777560185404445,3,,,1777560185376299,1777560185404445,1777560185376299,1777560185404445,,,,client-3-7,Insert,-4902807,200,28146
client,client_request,completed,1777560185433067,3,,,1777560185404752,1777560185433067,1777560185404752,1777560185433067,,,,client-3-7,Insert,5034923,200,28315
client,client_request,completed,1777560185461667,3,,,1777560185433460,1777560185461667,1777560185433460,1777560185461667,,,,client-3-7,Remove,5818191,200,28207
client,client_request,completed,1777560185489991,3,,,1777560185461768,1777560185489991,1777560185461768,1777560185489991,,,,client-3-7,Insert,2763699,200,28223
client,client_request,completed,1777560185517340,3,,,1777560185490176,1777560185517340,1777560185490176,1777560185517340,,,,client-3-7,Remove,-8148805,200,27164
client,client_request,completed,1777560185542268,3,,,1777560185517436,1777560185542268,1777560185517436,1777560185542268,,,,client-3-7,Remove,5903790,200,24832
client,client_request,completed,1777560185565463,3,,,1777560185542634,1777560185565463,1777560185542634,1777560185565463,,,,client-3-7,Remove,-16496515,200,22829
client,client_request,completed,1777560185589932,3,,,1777560185565595,1777560185589932,1777560185565595,1777560185589932,,,,client-3-7,Remove,85632,200,24337
client,client_request,completed,1777560185616878,3,,,1777560185590023,1777560185616878,1777560185590023,1777560185616878,,,,client-3-7,Remove,-7929333,200,26855
client,client_request,completed,1777560185646092,3,,,1777560185616973,1777560185646092,1777560185616973,1777560185646092,,,,client-3-7,Remove,-8744140,200,29119
client,client_request,completed,1777560185674155,3,,,1777560185646269,1777560185674155,1777560185646269,1777560185674155,,,,client-3-7,Remove,543407,200,27886
client,client_request,completed,1777560185701930,3,,,1777560185674605,1777560185701930,1777560185674605,1777560185701930,,,,client-3-7,Remove,-16377595,200,27325
client,client_request,completed,1777560185728874,3,,,1777560185702397,1777560185728874,1777560185702397,1777560185728874,,,,client-3-7,Insert,9057130,200,26477
client,client_request,completed,1777560185757752,3,,,1777560185729043,1777560185757752,1777560185729043,1777560185757752,,,,client-3-7,Remove,12487293,200,28709
client,client_request,completed,1777560185850625,3,,,1777560185757957,1777560185850625,1777560185757957,1777560185850625,,,,client-3-7,Remove,-10256711,200,92668
client,client_request,completed,1777560185885747,3,,,1777560185850980,1777560185885747,1777560185850980,1777560185885747,,,,client-3-7,Insert,-12399100,200,34767
client,client_request,completed,1777560185919099,3,,,1777560185886021,1777560185919099,1777560185886021,1777560185919099,,,,client-3-7,Remove,-15620468,200,33078
client,client_request,completed,1777560185952487,3,,,1777560185919214,1777560185952487,1777560185919214,1777560185952487,,,,client-3-7,Remove,-1012788,200,33273
client,client_request,completed,1777560185986293,3,,,1777560185952915,1777560185986293,1777560185952915,1777560185986293,,,,client-3-7,Insert,-4558547,200,33378
client,client_request,completed,1777560186012711,3,,,1777560185986408,1777560186012711,1777560185986408,1777560186012711,,,,client-3-7,Insert,10036717,200,26303
client,client_request,completed,1777560186035680,3,,,1777560186012807,1777560186035680,1777560186012807,1777560186035680,,,,client-3-7,Remove,367149,200,22873
client,client_request,completed,1777560186057651,3,,,1777560186035877,1777560186057651,1777560186035877,1777560186057651,,,,client-3-7,Remove,1057344,200,21774
client,client_request,completed,1777560186079853,3,,,1777560186057832,1777560186079853,1777560186057832,1777560186079853,,,,client-3-7,Remove,-5928181,200,22021
client,client_request,completed,1777560186102393,3,,,1777560186080608,1777560186102393,1777560186080608,1777560186102393,,,,client-3-7,Insert,13972282,200,21785
client,client_request,completed,1777560186124034,3,,,1777560186103231,1777560186124034,1777560186103231,1777560186124034,,,,client-3-7,Remove,-14484608,200,20803
client,client_request,completed,1777560186146364,3,,,1777560186124134,1777560186146364,1777560186124134,1777560186146364,,,,client-3-7,Insert,-10652933,200,22230
client,client_request,completed,1777560186169406,3,,,1777560186146784,1777560186169406,1777560186146784,1777560186169406,,,,client-3-7,Insert,12677921,200,22622
client,client_request,completed,1777560186191043,3,,,1777560186169644,1777560186191043,1777560186169644,1777560186191043,,,,client-3-7,Insert,3576506,200,21399
client,client_request,completed,1777560186213455,3,,,1777560186191395,1777560186213455,1777560186191395,1777560186213455,,,,client-3-7,Remove,-16469209,200,22060
client,client_request,completed,1777560186235839,3,,,1777560186213612,1777560186235839,1777560186213612,1777560186235839,,,,client-3-7,Insert,14826026,200,22227
client,client_request,completed,1777560186258581,3,,,1777560186235946,1777560186258581,1777560186235946,1777560186258581,,,,client-3-7,Insert,-13187431,200,22635
client,client_request,completed,1777560186280031,3,,,1777560186258707,1777560186280031,1777560186258707,1777560186280031,,,,client-3-7,Remove,-11621176,200,21324
client,client_request,completed,1777560186301538,3,,,1777560186280404,1777560186301538,1777560186280404,1777560186301538,,,,client-3-7,Insert,13196919,200,21134
client,client_request,completed,1777560186324301,3,,,1777560186301884,1777560186324301,1777560186301884,1777560186324301,,,,client-3-7,Remove,-589860,200,22417
client,client_request,completed,1777560186347737,3,,,1777560186324464,1777560186347737,1777560186324464,1777560186347737,,,,client-3-7,Remove,-10026011,200,23273
client,client_request,completed,1777560186369647,3,,,1777560186347987,1777560186369647,1777560186347987,1777560186369647,,,,client-3-7,Remove,-1563954,200,21660
client,client_request,completed,1777560186394536,3,,,1777560186369911,1777560186394536,1777560186369911,1777560186394536,,,,client-3-7,Remove,-1704329,200,24625
client,client_request,completed,1777560186417752,3,,,1777560186395467,1777560186417752,1777560186395467,1777560186417752,,,,client-3-7,Insert,-14860353,200,22285
client,client_request,completed,1777560186440532,3,,,1777560186417815,1777560186440532,1777560186417815,1777560186440532,,,,client-3-7,Insert,3570382,200,22717
client,client_request,completed,1777560186461960,3,,,1777560186440785,1777560186461960,1777560186440785,1777560186461960,,,,client-3-7,Remove,-81873,200,21175
client,client_request,completed,1777560186483684,3,,,1777560186462200,1777560186483684,1777560186462200,1777560186483684,,,,client-3-7,Remove,-6137776,200,21484
client,client_request,completed,1777560186506294,3,,,1777560186484145,1777560186506294,1777560186484145,1777560186506294,,,,client-3-7,Remove,6910336,200,22149
client,client_request,completed,1777560186529005,3,,,1777560186506707,1777560186529005,1777560186506707,1777560186529005,,,,client-3-7,Insert,13138495,200,22298
client,client_request,completed,1777560186550208,3,,,1777560186529401,1777560186550208,1777560186529401,1777560186550208,,,,client-3-7,Insert,4852973,200,20807
client,client_request,completed,1777560186570818,3,,,1777560186550355,1777560186570818,1777560186550355,1777560186570818,,,,client-3-7,Insert,2580110,200,20463
client,client_request,completed,1777560186592510,3,,,1777560186570976,1777560186592510,1777560186570976,1777560186592510,,,,client-3-7,Remove,-10751694,200,21534
client,client_request,completed,1777560186614424,3,,,1777560186592610,1777560186614424,1777560186592610,1777560186614424,,,,client-3-7,Insert,16370884,200,21814
client,client_request,completed,1777560186636778,3,,,1777560186614635,1777560186636778,1777560186614635,1777560186636778,,,,client-3-7,Remove,6999012,200,22143
client,client_request,completed,1777560186659346,3,,,1777560186636936,1777560186659346,1777560186636936,1777560186659346,,,,client-3-7,Remove,-5810543,200,22410
client,client_request,completed,1777560186682509,3,,,1777560186659760,1777560186682509,1777560186659760,1777560186682509,,,,client-3-7,Remove,10659928,200,22749
client,client_request,completed,1777560186706985,3,,,1777560186682630,1777560186706985,1777560186682630,1777560186706985,,,,client-3-7,Insert,3063593,200,24355
client,client_request,completed,1777560186731573,3,,,1777560186707113,1777560186731573,1777560186707113,1777560186731573,,,,client-3-7,Insert,12945846,200,24460
client,client_request,completed,1777560186755142,3,,,1777560186732397,1777560186755142,1777560186732397,1777560186755142,,,,client-3-7,Insert,3514772,200,22745
client,client_request,completed,1777560186851672,3,,,1777560186755681,1777560186851672,1777560186755681,1777560186851672,,,,client-3-7,Remove,-1128001,200,95991
client,client_request,completed,1777560186896445,3,,,1777560186851907,1777560186896445,1777560186851907,1777560186896445,,,,client-3-7,Remove,11062619,200,44538
client,client_request,completed,1777560186942036,3,,,1777560186897352,1777560186942036,1777560186897352,1777560186942036,,,,client-3-7,Insert,1155167,200,44684
client,client_request,completed,1777560186986704,3,,,1777560186942144,1777560186986704,1777560186942144,1777560186986704,,,,client-3-7,Remove,-12823337,200,44560
client,client_request,completed,1777560187029650,3,,,1777560186986923,1777560187029650,1777560186986923,1777560187029650,,,,client-3-7,Remove,9040243,200,42727
client,client_request,completed,1777560187072558,3,,,1777560187030012,1777560187072558,1777560187030012,1777560187072558,,,,client-3-7,Insert,3919669,200,42546
client,client_request,completed,1777560187116625,3,,,1777560187072662,1777560187116625,1777560187072662,1777560187116625,,,,client-3-7,Remove,4632975,200,43963
client,client_request,completed,1777560187159118,3,,,1777560187117028,1777560187159118,1777560187117028,1777560187159118,,,,client-3-7,Remove,-8443429,200,42090
client,client_request,completed,1777560187200815,3,,,1777560187159231,1777560187200815,1777560187159231,1777560187200815,,,,client-3-7,Remove,-11525508,200,41584
client,client_request,completed,1777560187243813,3,,,1777560187200921,1777560187243813,1777560187200921,1777560187243813,,,,client-3-7,Remove,-11075141,200,42892
client,client_request,completed,1777560187286383,3,,,1777560187244028,1777560187286383,1777560187244028,1777560187286383,,,,client-3-7,Remove,14213366,200,42355
client,client_request,completed,1777560187332294,3,,,1777560187286495,1777560187332294,1777560187286495,1777560187332294,,,,client-3-7,Remove,-2926201,200,45799
client,client_request,completed,1777560187379642,3,,,1777560187332409,1777560187379642,1777560187332409,1777560187379642,,,,client-3-7,Remove,12687863,200,47233
client,client_request,completed,1777560187426792,3,,,1777560187379760,1777560187426792,1777560187379760,1777560187426792,,,,client-3-7,Insert,-3080020,200,47032
client,client_request,completed,1777560187475307,3,,,1777560187427017,1777560187475307,1777560187427017,1777560187475307,,,,client-3-7,Insert,-8324081,200,48290
client,client_request,completed,1777560187520898,3,,,1777560187475456,1777560187520898,1777560187475456,1777560187520898,,,,client-3-7,Insert,10453547,200,45442
client,client_request,completed,1777560187561558,3,,,1777560187521123,1777560187561558,1777560187521123,1777560187561558,,,,client-3-7,Insert,718808,200,40435
client,client_request,completed,1777560187605496,3,,,1777560187561986,1777560187605496,1777560187561986,1777560187605496,,,,client-3-7,Remove,714092,200,43510
client,client_request,completed,1777560187654302,3,,,1777560187605951,1777560187654302,1777560187605951,1777560187654302,,,,client-3-7,Remove,-7764780,200,48351
client,client_request,completed,1777560187704836,3,,,1777560187654416,1777560187704836,1777560187654416,1777560187704836,,,,client-3-7,Insert,2584666,200,50420
client,client_request,completed,1777560187754773,3,,,1777560187705257,1777560187754773,1777560187705257,1777560187754773,,,,client-3-7,Remove,-5809858,200,49516
client,client_request,completed,1777560187862390,3,,,1777560187754902,1777560187862390,1777560187754902,1777560187862390,,,,client-3-7,Remove,-15622015,200,107488
client,client_request,completed,1777560187906393,3,,,1777560187862751,1777560187906393,1777560187862751,1777560187906393,,,,client-3-7,Insert,4204625,200,43642
client,client_request,completed,1777560187948790,3,,,1777560187906868,1777560187948790,1777560187906868,1777560187948790,,,,client-3-7,Remove,-15286736,200,41922
client,client_request,completed,1777560187992235,3,,,1777560187949165,1777560187992235,1777560187949165,1777560187992235,,,,client-3-7,Remove,16210,200,43070
client,client_request,completed,1777560188035945,3,,,1777560187992348,1777560188035945,1777560187992348,1777560188035945,,,,client-3-7,Insert,-11370735,200,43597
client,client_request,completed,1777560188080147,3,,,1777560188036062,1777560188080147,1777560188036062,1777560188080147,,,,client-3-7,Insert,5081485,200,44085
client,client_request,completed,1777560188123709,3,,,1777560188080301,1777560188123709,1777560188080301,1777560188123709,,,,client-3-7,Insert,10492415,200,43408
client,client_request,completed,1777560188166912,3,,,1777560188124409,1777560188166912,1777560188124409,1777560188166912,,,,client-3-7,Remove,5929206,200,42503
client,client_request,completed,1777560188211663,3,,,1777560188167626,1777560188211663,1777560188167626,1777560188211663,,,,client-3-7,Remove,5388859,200,44037
client,client_request,completed,1777560188252825,3,,,1777560188212512,1777560188252825,1777560188212512,1777560188252825,,,,client-3-7,Insert,8807488,200,40313
client,client_request,completed,1777560188291889,3,,,1777560188253192,1777560188291889,1777560188253192,1777560188291889,,,,client-3-7,Insert,-5640019,200,38697
client,client_request,completed,1777560188331873,3,,,1777560188292270,1777560188331873,1777560188292270,1777560188331873,,,,client-3-7,Remove,13389546,200,39603
client,client_request,completed,1777560188373082,3,,,1777560188332089,1777560188373082,1777560188332089,1777560188373082,,,,client-3-7,Remove,8306707,200,40993
client,client_request,completed,1777560188416671,3,,,1777560188373196,1777560188416671,1777560188373196,1777560188416671,,,,client-3-7,Remove,10624749,200,43475
client,client_request,completed,1777560188458013,3,,,1777560188416876,1777560188458013,1777560188416876,1777560188458013,,,,client-3-7,Remove,-6722393,200,41137
client,client_request,completed,1777560188497835,3,,,1777560188458703,1777560188497835,1777560188458703,1777560188497835,,,,client-3-7,Insert,9389124,200,39132
client,client_request,completed,1777560188532779,3,,,1777560188498273,1777560188532779,1777560188498273,1777560188532779,,,,client-3-7,Remove,2949652,200,34506
client,client_request,completed,1777560188561252,3,,,1777560188532995,1777560188561252,1777560188532995,1777560188561252,,,,client-3-7,Insert,-5396242,200,28257
client,client_request,completed,1777560188589034,3,,,1777560188561606,1777560188589034,1777560188561606,1777560188589034,,,,client-3-7,Insert,1039034,200,27428
client,client_request,completed,1777560188623295,3,,,1777560188589142,1777560188623295,1777560188589142,1777560188623295,,,,client-3-7,Remove,-158833,200,34153
client,client_request,completed,1777560188658299,3,,,1777560188623696,1777560188658299,1777560188623696,1777560188658299,,,,client-3-7,Insert,-6443900,200,34603
client,client_request,completed,1777560188693028,3,,,1777560188658414,1777560188693028,1777560188658414,1777560188693028,,,,client-3-7,Insert,2207712,200,34614
client,client_request,completed,1777560188727776,3,,,1777560188693263,1777560188727776,1777560188693263,1777560188727776,,,,client-3-7,Insert,-12408669,200,34513
client,client_request,completed,1777560188763927,3,,,1777560188727960,1777560188763927,1777560188727960,1777560188763927,,,,client-3-7,Insert,6285226,200,35967
client,client_request,completed,1777560188863082,3,,,1777560188764321,1777560188863082,1777560188764321,1777560188863082,,,,client-3-7,Remove,-11745717,200,98761
client,client_request,completed,1777560188897094,3,,,1777560188863185,1777560188897094,1777560188863185,1777560188897094,,,,client-3-7,Insert,-6607104,200,33909
client,client_request,completed,1777560188929624,3,,,1777560188897320,1777560188929624,1777560188897320,1777560188929624,,,,client-3-7,Remove,-374687,200,32304
client,client_request,completed,1777560188962556,3,,,1777560188929828,1777560188962556,1777560188929828,1777560188962556,,,,client-3-7,Remove,-16717703,200,32728
client,client_request,completed,1777560188995169,3,,,1777560188962686,1777560188995169,1777560188962686,1777560188995169,,,,client-3-7,Remove,-13634934,200,32483
client,client_request,completed,1777560189027416,3,,,1777560188995515,1777560189027416,1777560188995515,1777560189027416,,,,client-3-7,Insert,-351722,200,31901
client,client_request,completed,1777560189061262,3,,,1777560189027542,1777560189061262,1777560189027542,1777560189061262,,,,client-3-7,Insert,16226408,200,33720
client,client_request,completed,1777560189094980,3,,,1777560189061396,1777560189094980,1777560189061396,1777560189094980,,,,client-3-7,Remove,-4132637,200,33584
client,client_request,completed,1777560189129645,3,,,1777560189095082,1777560189129645,1777560189095082,1777560189129645,,,,client-3-7,Insert,8553831,200,34563
client,client_request,completed,1777560189164650,3,,,1777560189129747,1777560189164650,1777560189129747,1777560189164650,,,,client-3-7,Remove,-8284616,200,34903
client,client_request,completed,1777560189199558,3,,,1777560189164994,1777560189199558,1777560189164994,1777560189199558,,,,client-3-7,Remove,-15514430,200,34564
client,client_request,completed,1777560189235109,3,,,1777560189199669,1777560189235109,1777560189199669,1777560189235109,,,,client-3-7,Insert,5677490,200,35440
client,client_request,completed,1777560189268598,3,,,1777560189235248,1777560189268598,1777560189235248,1777560189268598,,,,client-3-7,Remove,-3698454,200,33350
client,client_request,completed,1777560189306974,3,,,1777560189268958,1777560189306974,1777560189268958,1777560189306974,,,,client-3-7,Remove,-2449619,200,38016
client,client_request,completed,1777560189347914,3,,,1777560189307085,1777560189347914,1777560189307085,1777560189347914,,,,client-3-7,Insert,12425555,200,40829
client,client_request,completed,1777560189385681,3,,,1777560189348036,1777560189385681,1777560189348036,1777560189385681,,,,client-3-7,Insert,-2323028,200,37645
client,client_request,completed,1777560189425334,3,,,1777560189385797,1777560189425334,1777560189385797,1777560189425334,,,,client-3-7,Insert,4226348,200,39537
client,client_request,completed,1777560189464513,3,,,1777560189425439,1777560189464513,1777560189425439,1777560189464513,,,,client-3-7,Insert,-9604332,200,39074
client,client_request,completed,1777560189503357,3,,,1777560189464618,1777560189503357,1777560189464618,1777560189503357,,,,client-3-7,Remove,-6782797,200,38739
client,client_request,completed,1777560189539246,3,,,1777560189503519,1777560189539246,1777560189503519,1777560189539246,,,,client-3-7,Remove,5172269,200,35727
client,client_request,completed,1777560189571415,3,,,1777560189539798,1777560189571415,1777560189539798,1777560189571415,,,,client-3-7,Remove,7281747,200,31617
client,client_request,completed,1777560189609573,3,,,1777560189571775,1777560189609573,1777560189571775,1777560189609573,,,,client-3-7,Remove,-1654822,200,37798
client,client_request,completed,1777560189650946,3,,,1777560189609737,1777560189650946,1777560189609737,1777560189650946,,,,client-3-7,Insert,1480882,200,41209
client,client_request,completed,1777560189693260,3,,,1777560189651068,1777560189693260,1777560189651068,1777560189693260,,,,client-3-7,Insert,-5636604,200,42192
client,client_request,completed,1777560189735745,3,,,1777560189693734,1777560189735745,1777560189693734,1777560189735745,,,,client-3-7,Remove,-12996441,200,42011
client,client_request,completed,1777560189839734,3,,,1777560189736117,1777560189839734,1777560189736117,1777560189839734,,,,client-3-7,Insert,-736872,200,103617
client,client_request,completed,1777560189886324,3,,,1777560189839843,1777560189886324,1777560189839843,1777560189886324,,,,client-3-7,Insert,9075231,200,46481
client,client_request,completed,1777560189930639,3,,,1777560189886723,1777560189930639,1777560189886723,1777560189930639,,,,client-3-7,Insert,7756108,200,43916
client,client_request,completed,1777560189975398,3,,,1777560189931084,1777560189975398,1777560189931084,1777560189975398,,,,client-3-7,Insert,-14277469,200,44314
client,client_request,completed,1777560190021383,3,,,1777560189975789,1777560190021383,1777560189975789,1777560190021383,,,,client-3-7,Remove,15074037,200,45594
client,client_request,completed,1777560190066112,3,,,1777560190021733,1777560190066112,1777560190021733,1777560190066112,,,,client-3-7,Remove,15978921,200,44379
client,client_request,completed,1777560190112140,3,,,1777560190066232,1777560190112140,1777560190066232,1777560190112140,,,,client-3-7,Insert,14584982,200,45908
client,client_request,completed,1777560190158004,3,,,1777560190112277,1777560190158004,1777560190112277,1777560190158004,,,,client-3-7,Remove,-1328471,200,45727
client,client_request,completed,1777560190204780,3,,,1777560190158167,1777560190204780,1777560190158167,1777560190204780,,,,client-3-7,Remove,-3988896,200,46613
client,client_request,completed,1777560190250371,3,,,1777560190204957,1777560190250371,1777560190204957,1777560190250371,,,,client-3-7,Insert,-8988805,200,45414
client,client_request,completed,1777560190295419,3,,,1777560190250485,1777560190295419,1777560190250485,1777560190295419,,,,client-3-7,Remove,-4597395,200,44934
client,client_request,completed,1777560190341202,3,,,1777560190295529,1777560190341202,1777560190295529,1777560190341202,,,,client-3-7,Insert,14117579,200,45673
client,client_request,completed,1777560190388911,3,,,1777560190341427,1777560190388911,1777560190341427,1777560190388911,,,,client-3-7,Remove,-13843553,200,47484
client,client_request,completed,1777560190433319,3,,,1777560190389066,1777560190433319,1777560190389066,1777560190433319,,,,client-3-7,Remove,-11684163,200,44253
client,client_request,completed,1777560190479739,3,,,1777560190433431,1777560190479739,1777560190433431,1777560190479739,,,,client-3-7,Insert,12805108,200,46308
client,client_request,completed,1777560190523721,3,,,1777560190479859,1777560190523721,1777560190479859,1777560190523721,,,,client-3-7,Insert,-7599210,200,43862
client,client_request,completed,1777560190559294,3,,,1777560190523833,1777560190559294,1777560190523833,1777560190559294,,,,client-3-7,Remove,5072020,200,35461
client,client_request,completed,1777560190596229,3,,,1777560190559405,1777560190596229,1777560190559405,1777560190596229,,,,client-3-7,Insert,13817087,200,36824
client,client_request,completed,1777560190637642,3,,,1777560190596453,1777560190637642,1777560190596453,1777560190637642,,,,client-3-7,Insert,3619960,200,41189
client,client_request,completed,1777560190680586,3,,,1777560190637754,1777560190680586,1777560190637754,1777560190680586,,,,client-3-7,Remove,14170931,200,42832
client,client_request,completed,1777560190722721,3,,,1777560190681066,1777560190722721,1777560190681066,1777560190722721,,,,client-3-7,Insert,-11859965,200,41655
client,client_request,completed,1777560190764562,3,,,1777560190722838,1777560190764562,1777560190722838,1777560190764562,,,,client-3-7,Insert,9843640,200,41724
client,client_request,completed,1777560190867516,3,,,1777560190764688,1777560190867516,1777560190764688,1777560190867516,,,,client-3-7,Insert,15199428,200,102828
client,client_request,completed,1777560190906836,3,,,1777560190867631,1777560190906836,1777560190867631,1777560190906836,,,,client-3-7,Remove,-7765675,200,39205
client,client_request,completed,1777560190946274,3,,,1777560190907063,1777560190946274,1777560190907063,1777560190946274,,,,client-3-7,Insert,5327124,200,39211
client,client_request,completed,1777560190984948,3,,,1777560190946384,1777560190984948,1777560190946384,1777560190984948,,,,client-3-7,Remove,-2103663,200,38564
client,client_request,completed,1777560191026866,3,,,1777560190985124,1777560191026866,1777560190985124,1777560191026866,,,,client-3-7,Insert,9167648,200,41742
client,client_request,completed,1777560191070222,3,,,1777560191027502,1777560191070222,1777560191027502,1777560191070222,,,,client-3-7,Remove,10017127,200,42720
client,client_request,completed,1777560191112732,3,,,1777560191070375,1777560191112732,1777560191070375,1777560191112732,,,,client-3-7,Remove,-10662066,200,42357
client,client_request,completed,1777560191156808,3,,,1777560191112871,1777560191156808,1777560191112871,1777560191156808,,,,client-3-7,Remove,-9954503,200,43937
client,client_request,completed,1777560191198702,3,,,1777560191156967,1777560191198702,1777560191156967,1777560191198702,,,,client-3-7,Remove,-10650444,200,41735
client,client_request,completed,1777560191238790,3,,,1777560191198816,1777560191238790,1777560191198816,1777560191238790,,,,client-3-7,Insert,15204100,200,39974
client,client_request,completed,1777560191276808,3,,,1777560191238899,1777560191276808,1777560191238899,1777560191276808,,,,client-3-7,Insert,-14746656,200,37909
client,client_request,completed,1777560191315136,3,,,1777560191276946,1777560191315136,1777560191276946,1777560191315136,,,,client-3-7,Remove,14711928,200,38190
client,client_request,completed,1777560191352450,3,,,1777560191315242,1777560191352450,1777560191315242,1777560191352450,,,,client-3-7,Insert,11904936,200,37208
client,client_request,completed,1777560191391700,3,,,1777560191352819,1777560191391700,1777560191352819,1777560191391700,,,,client-3-7,Insert,162183,200,38881
client,client_request,completed,1777560191428868,3,,,1777560191391806,1777560191428868,1777560191391806,1777560191428868,,,,client-3-7,Remove,-15626544,200,37062
client,client_request,completed,1777560191465611,3,,,1777560191429001,1777560191465611,1777560191429001,1777560191465611,,,,client-3-7,Insert,-13473481,200,36610
client,client_request,completed,1777560191502846,3,,,1777560191465779,1777560191502846,1777560191465779,1777560191502846,,,,client-3-7,Remove,1235118,200,37067
client,client_request,completed,1777560191536007,3,,,1777560191502956,1777560191536007,1777560191502956,1777560191536007,,,,client-3-7,Insert,2674596,200,33051
client,client_request,completed,1777560191567253,3,,,1777560191536115,1777560191567253,1777560191536115,1777560191567253,,,,client-3-7,Insert,-12666184,200,31138
client,client_request,completed,1777560191601421,3,,,1777560191567411,1777560191601421,1777560191567411,1777560191601421,,,,client-3-7,Insert,294175,200,34010
client,client_request,completed,1777560191637628,3,,,1777560191601552,1777560191637628,1777560191601552,1777560191637628,,,,client-3-7,Remove,11442159,200,36076
client,client_request,completed,1777560191675521,3,,,1777560191637991,1777560191675521,1777560191637991,1777560191675521,,,,client-3-7,Insert,5131735,200,37530
client,client_request,completed,1777560191714665,3,,,1777560191675744,1777560191714665,1777560191675744,1777560191714665,,,,client-3-7,Insert,5402429,200,38921
client,client_request,completed,1777560191752072,3,,,1777560191714809,1777560191752072,1777560191714809,1777560191752072,,,,client-3-7,Insert,118663,200,37263
client,client_request,completed,1777560191852364,3,,,1777560191752916,1777560191852364,1777560191752916,1777560191852364,,,,client-3-7,Remove,-9137600,200,99448
client,client_request,completed,1777560191893093,3,,,1777560191852509,1777560191893093,1777560191852509,1777560191893093,,,,client-3-7,Insert,-10137034,200,40584
client,client_request,completed,1777560191932353,3,,,1777560191893319,1777560191932353,1777560191893319,1777560191932353,,,,client-3-7,Remove,14984069,200,39034
client,client_request,completed,1777560191970801,3,,,1777560191932723,1777560191970801,1777560191932723,1777560191970801,,,,client-3-7,Remove,-15427872,200,38078
client,client_request,completed,1777560192009231,3,,,1777560191970911,1777560192009231,1777560191970911,1777560192009231,,,,client-3-7,Insert,-7164672,200,38320
client,client_request,completed,1777560192047539,3,,,1777560192009384,1777560192047539,1777560192009384,1777560192047539,,,,client-3-7,Insert,-13280497,200,38155
client,client_request,completed,1777560192086636,3,,,1777560192047654,1777560192086636,1777560192047654,1777560192086636,,,,client-3-7,Remove,-6810625,200,38982
client,client_request,completed,1777560192125787,3,,,1777560192086865,1777560192125787,1777560192086865,1777560192125787,,,,client-3-7,Insert,-7042249,200,38922
client,client_request,completed,1777560192164881,3,,,1777560192125907,1777560192164881,1777560192125907,1777560192164881,,,,client-3-7,Remove,-6076561,200,38974
client,client_request,completed,1777560192204761,3,,,1777560192165363,1777560192204761,1777560192165363,1777560192204761,,,,client-3-7,Insert,-10222177,200,39398
client,client_request,completed,1777560192242561,3,,,1777560192204870,1777560192242561,1777560192204870,1777560192242561,,,,client-3-7,Insert,-7149920,200,37691
client,client_request,completed,1777560192281675,3,,,1777560192242665,1777560192281675,1777560192242665,1777560192281675,,,,client-3-7,Remove,8547549,200,39010
client,client_request,completed,1777560192320749,3,,,1777560192281785,1777560192320749,1777560192281785,1777560192320749,,,,client-3-7,Remove,-91843,200,38964
client,client_request,completed,1777560192359656,3,,,1777560192320893,1777560192359656,1777560192320893,1777560192359656,,,,client-3-7,Remove,15442847,200,38763
client,client_request,completed,1777560192398028,3,,,1777560192359762,1777560192398028,1777560192359762,1777560192398028,,,,client-3-7,Insert,-12568411,200,38266
client,client_request,completed,1777560192436757,3,,,1777560192398137,1777560192436757,1777560192398137,1777560192436757,,,,client-3-7,Remove,-5019741,200,38620
client,client_request,completed,1777560192475542,3,,,1777560192436864,1777560192475542,1777560192436864,1777560192475542,,,,client-3-7,Insert,-9477248,200,38678
client,client_request,completed,1777560192514745,3,,,1777560192475653,1777560192514745,1777560192475653,1777560192514745,,,,client-3-7,Insert,5747307,200,39092
client,client_request,completed,1777560192545565,3,,,1777560192514861,1777560192545565,1777560192514861,1777560192545565,,,,client-3-7,Insert,-1966256,200,30704
client,client_request,completed,1777560192575624,3,,,1777560192545708,1777560192575624,1777560192545708,1777560192575624,,,,client-3-7,Insert,7179878,200,29916
client,client_request,completed,1777560192612168,3,,,1777560192575728,1777560192612168,1777560192575728,1777560192612168,,,,client-3-7,Insert,343103,200,36440
client,client_request,completed,1777560192650548,3,,,1777560192612308,1777560192650548,1777560192612308,1777560192650548,,,,client-3-7,Insert,-9782900,200,38240
client,client_request,completed,1777560192690004,3,,,1777560192650749,1777560192690004,1777560192650749,1777560192690004,,,,client-3-7,Insert,-4935318,200,39255
client,client_request,completed,1777560192728999,3,,,1777560192690118,1777560192728999,1777560192690118,1777560192728999,,,,client-3-7,Remove,-11183250,200,38881
client,client_request,completed,1777560192768158,3,,,1777560192729466,1777560192768158,1777560192729466,1777560192768158,,,,client-3-7,Insert,-12205905,200,38692
client,client_request,completed,1777560192870142,3,,,1777560192768542,1777560192870142,1777560192768542,1777560192870142,,,,client-3-7,Remove,464408,200,101600
client,client_request,completed,1777560192911112,3,,,1777560192870606,1777560192911112,1777560192870606,1777560192911112,,,,client-3-7,Insert,10958312,200,40506
client,client_request,completed,1777560192952997,3,,,1777560192911223,1777560192952997,1777560192911223,1777560192952997,,,,client-3-7,Insert,-12904397,200,41774
client,client_request,completed,1777560192996173,3,,,1777560192953095,1777560192996173,1777560192953095,1777560192996173,,,,client-3-7,Insert,-12982155,200,43078
client,client_request,completed,1777560193044057,3,,,1777560192996315,1777560193044057,1777560192996315,1777560193044057,,,,client-3-7,Remove,-2528202,200,47742
client,client_request,completed,1777560193087577,3,,,1777560193044293,1777560193087577,1777560193044293,1777560193087577,,,,client-3-7,Remove,774687,200,43284
client,client_request,completed,1777560193133702,3,,,1777560193087931,1777560193133702,1777560193087931,1777560193133702,,,,client-3-7,Remove,-12445178,200,45771
client,client_request,completed,1777560193178059,3,,,1777560193133806,1777560193178059,1777560193133806,1777560193178059,,,,client-3-7,Insert,-1894506,200,44253
client,client_request,completed,1777560193221525,3,,,1777560193178195,1777560193221525,1777560193178195,1777560193221525,,,,client-3-7,Remove,-5222205,200,43330
client,client_request,completed,1777560193265196,3,,,1777560193221976,1777560193265196,1777560193221976,1777560193265196,,,,client-3-7,Insert,16649256,200,43220
client,client_request,completed,1777560193308569,3,,,1777560193265307,1777560193308569,1777560193265307,1777560193308569,,,,client-3-7,Remove,-7514354,200,43262
client,client_request,completed,1777560193351909,3,,,1777560193308779,1777560193351909,1777560193308779,1777560193351909,,,,client-3-7,Remove,-3952795,200,43130
client,client_request,completed,1777560193398186,3,,,1777560193352021,1777560193398186,1777560193352021,1777560193398186,,,,client-3-7,Insert,1546492,200,46165
client,client_request,completed,1777560193445053,3,,,1777560193398298,1777560193445053,1777560193398298,1777560193445053,,,,client-3-7,Remove,8529347,200,46755
client,client_request,completed,1777560193491847,3,,,1777560193445430,1777560193491847,1777560193445430,1777560193491847,,,,client-3-7,Remove,-7374805,200,46417
client,client_request,completed,1777560193536516,3,,,1777560193491967,1777560193536516,1777560193491967,1777560193536516,,,,client-3-7,Remove,6311993,200,44549
client,client_request,completed,1777560193579118,3,,,1777560193536900,1777560193579118,1777560193536900,1777560193579118,,,,client-3-7,Insert,7293481,200,42218
client,client_request,completed,1777560193631014,3,,,1777560193579236,1777560193631014,1777560193579236,1777560193631014,,,,client-3-7,Remove,-12008369,200,51778
client,client_request,completed,1777560193681433,3,,,1777560193631346,1777560193681433,1777560193631346,1777560193681433,,,,client-3-7,Remove,-13571665,200,50087
client,client_request,completed,1777560193734973,3,,,1777560193681568,1777560193734973,1777560193681568,1777560193734973,,,,client-3-7,Insert,-7144862,200,53405
client,client_request,completed,1777560193843346,3,,,1777560193735117,1777560193843346,1777560193735117,1777560193843346,,,,client-3-7,Insert,538555,200,108229
client,client_request,completed,1777560193901119,3,,,1777560193843663,1777560193901119,1777560193843663,1777560193901119,,,,client-3-7,Remove,13081134,200,57456
client,client_request,completed,1777560193963942,3,,,1777560193901226,1777560193963942,1777560193901226,1777560193963942,,,,client-3-7,Remove,12407938,200,62716
client,client_request,completed,1777560194011331,3,,,1777560193964487,1777560194011331,1777560193964487,1777560194011331,,,,client-3-7,Remove,12629426,200,46844
client,client_request,completed,1777560194059035,3,,,1777560194011465,1777560194059035,1777560194011465,1777560194059035,,,,client-3-7,Remove,-16699472,200,47570
client,client_request,completed,1777560194106160,3,,,1777560194059386,1777560194106160,1777560194059386,1777560194106160,,,,client-3-7,Insert,2910354,200,46774
client,client_request,completed,1777560194153119,3,,,1777560194106266,1777560194153119,1777560194106266,1777560194153119,,,,client-3-7,Insert,-15090497,200,46853
client,client_request,completed,1777560194202567,3,,,1777560194153235,1777560194202567,1777560194153235,1777560194202567,,,,client-3-7,Insert,-1337116,200,49332
client,client_request,completed,1777560194252355,3,,,1777560194202956,1777560194252355,1777560194202956,1777560194252355,,,,client-3-7,Remove,4602217,200,49399
client,client_request,completed,1777560194303237,3,,,1777560194252506,1777560194303237,1777560194252506,1777560194303237,,,,client-3-7,Insert,-10663686,200,50731
client,client_request,completed,1777560194358547,3,,,1777560194303418,1777560194358547,1777560194303418,1777560194358547,,,,client-3-7,Insert,-9956241,200,55129
client,client_request,completed,1777560194410794,3,,,1777560194358664,1777560194410794,1777560194358664,1777560194410794,,,,client-3-7,Insert,3667073,200,52130
client,client_request,completed,1777560194465045,3,,,1777560194410932,1777560194465045,1777560194410932,1777560194465045,,,,client-3-7,Remove,15049675,200,54113
client,client_request,completed,1777560194518410,3,,,1777560194465159,1777560194518410,1777560194465159,1777560194518410,,,,client-3-7,Remove,11646116,200,53251
client,client_request,completed,1777560194562879,3,,,1777560194518548,1777560194562879,1777560194518548,1777560194562879,,,,client-3-7,Insert,-15921037,200,44331
client,client_request,completed,1777560194610696,3,,,1777560194563010,1777560194610696,1777560194563010,1777560194610696,,,,client-3-7,Remove,-10321002,200,47686
client,client_request,completed,1777560194660808,3,,,1777560194610803,1777560194660808,1777560194610803,1777560194660808,,,,client-3-7,Remove,15058026,200,50005
client,client_request,completed,1777560194710879,3,,,1777560194660955,1777560194710879,1777560194660955,1777560194710879,,,,client-3-7,Remove,-13313154,200,49924
client,client_request,completed,1777560194761643,3,,,1777560194711250,1777560194761643,1777560194711250,1777560194761643,,,,client-3-7,Insert,-16236959,200,50393
client,client_request,completed,1777560194873913,3,,,1777560194761753,1777560194873913,1777560194761753,1777560194873913,,,,client-3-7,Remove,15989984,200,112160
client,client_request,completed,1777560194924126,3,,,1777560194874020,1777560194924126,1777560194874020,1777560194924126,,,,client-3-7,Insert,2809091,200,50106
client,client_request,completed,1777560194975619,3,,,1777560194924538,1777560194975619,1777560194924538,1777560194975619,,,,client-3-7,Insert,6208981,200,51081
client,client_request,completed,1777560195026086,3,,,1777560194975771,1777560195026086,1777560194975771,1777560195026086,,,,client-3-7,Insert,-4133456,200,50315
client,client_request,completed,1777560195079110,3,,,1777560195026236,1777560195079110,1777560195026236,1777560195079110,,,,client-3-7,Insert,-328697,200,52874
client,client_request,completed,1777560195133268,3,,,1777560195079221,1777560195133268,1777560195079221,1777560195133268,,,,client-3-7,Remove,561559,200,54047
client,client_request,completed,1777560195188333,3,,,1777560195133367,1777560195188333,1777560195133367,1777560195188333,,,,client-3-7,Insert,6748877,200,54966
client,client_request,completed,1777560195240409,3,,,1777560195188558,1777560195240409,1777560195188558,1777560195240409,,,,client-3-7,Insert,15336352,200,51851
client,client_request,completed,1777560195289392,3,,,1777560195240561,1777560195289392,1777560195240561,1777560195289392,,,,client-3-7,Remove,4110595,200,48831
client,client_request,completed,1777560195344301,3,,,1777560195289499,1777560195344301,1777560195289499,1777560195344301,,,,client-3-7,Remove,-13937009,200,54802
client,client_request,completed,1777560195398899,3,,,1777560195344428,1777560195398899,1777560195344428,1777560195398899,,,,client-3-7,Insert,-9445607,200,54471
client,client_request,completed,1777560195454169,3,,,1777560195399079,1777560195454169,1777560195399079,1777560195454169,,,,client-3-7,Remove,10828645,200,55090
client,client_request,completed,1777560195508841,3,,,1777560195454276,1777560195508841,1777560195454276,1777560195508841,,,,client-3-7,Insert,-15056194,200,54565
client,client_request,completed,1777560195559161,3,,,1777560195508953,1777560195559161,1777560195508953,1777560195559161,,,,client-3-7,Remove,-9023923,200,50208
client,client_request,completed,1777560195611748,3,,,1777560195559496,1777560195611748,1777560195559496,1777560195611748,,,,client-3-7,Insert,9021597,200,52252
client,client_request,completed,1777560195671184,3,,,1777560195611853,1777560195671184,1777560195611853,1777560195671184,,,,client-3-7,Insert,-13556379,200,59331
client,client_request,completed,1777560195728317,3,,,1777560195671299,1777560195728317,1777560195671299,1777560195728317,,,,client-3-7,Remove,-5544011,200,57018
client,client_request,completed,1777560195847269,3,,,1777560195728425,1777560195847269,1777560195728425,1777560195847269,,,,client-3-7,Insert,4493385,200,118844
client,client_request,completed,1777560195908119,3,,,1777560195847376,1777560195908119,1777560195847376,1777560195908119,,,,client-3-7,Remove,5672012,200,60743
client,client_request,completed,1777560195967750,3,,,1777560195908274,1777560195967750,1777560195908274,1777560195967750,,,,client-3-7,Remove,16233428,200,59476
client,client_request,completed,1777560196029014,3,,,1777560195967861,1777560196029014,1777560195967861,1777560196029014,,,,client-3-7,Remove,-3278110,200,61153
client,client_request,completed,1777560196089426,3,,,1777560196029140,1777560196089426,1777560196029140,1777560196089426,,,,client-3-7,Remove,-12957114,200,60286
client,client_request,completed,1777560196149515,3,,,1777560196089530,1777560196149515,1777560196089530,1777560196149515,,,,client-3-7,Insert,16172457,200,59985
client,client_request,completed,1777560196210799,3,,,1777560196149651,1777560196210799,1777560196149651,1777560196210799,,,,client-3-7,Remove,-12779286,200,61148
client,client_request,completed,1777560196268754,3,,,1777560196211192,1777560196268754,1777560196211192,1777560196268754,,,,client-3-7,Insert,-6311192,200,57562
client,client_request,completed,1777560196327414,3,,,1777560196268968,1777560196327414,1777560196268968,1777560196327414,,,,client-3-7,Insert,-13650380,200,58446
client,client_request,completed,1777560196386744,3,,,1777560196327626,1777560196386744,1777560196327626,1777560196386744,,,,client-3-7,Insert,-7234013,200,59118
client,client_request,completed,1777560196447809,3,,,1777560196386989,1777560196447809,1777560196386989,1777560196447809,,,,client-3-7,Insert,-12419406,200,60820
client,client_request,completed,1777560196509977,3,,,1777560196447922,1777560196509977,1777560196447922,1777560196509977,,,,client-3-7,Remove,4696129,200,62055
client,client_request,completed,1777560196564572,3,,,1777560196510313,1777560196564572,1777560196510313,1777560196564572,,,,client-3-7,Remove,8312573,200,54259
client,client_request,completed,1777560196623486,3,,,1777560196564681,1777560196623486,1777560196564681,1777560196623486,,,,client-3-7,Remove,-7210700,200,58805
client,client_request,completed,1777560196683711,3,,,1777560196623624,1777560196683711,1777560196623624,1777560196683711,,,,client-3-7,Insert,6046128,200,60087
client,client_request,completed,1777560196745123,3,,,1777560196683822,1777560196745123,1777560196683822,1777560196745123,,,,client-3-7,Remove,-5051819,200,61301
client,client_request,completed,1777560196864277,3,,,1777560196745238,1777560196864277,1777560196745238,1777560196864277,,,,client-3-7,Insert,-11951134,200,119039
client,client_request,completed,1777560196921921,3,,,1777560196864525,1777560196921921,1777560196864525,1777560196921921,,,,client-3-7,Remove,-6728832,200,57396
client,client_request,completed,1777560196979185,3,,,1777560196922053,1777560196979185,1777560196922053,1777560196979185,,,,client-3-7,Remove,2203516,200,57132
client,client_request,completed,1777560197037451,3,,,1777560196979303,1777560197037451,1777560196979303,1777560197037451,,,,client-3-7,Remove,-10563720,200,58148
client,client_request,completed,1777560197095572,3,,,1777560197037587,1777560197095572,1777560197037587,1777560197095572,,,,client-3-7,Remove,5643212,200,57985
client,client_request,completed,1777560197153347,3,,,1777560197096255,1777560197153347,1777560197096255,1777560197153347,,,,client-3-7,Remove,8514490,200,57092
client,client_request,completed,1777560197212166,3,,,1777560197153455,1777560197212166,1777560197153455,1777560197212166,,,,client-3-7,Insert,-775141,200,58711
client,client_request,completed,1777560197266765,3,,,1777560197212653,1777560197266765,1777560197212653,1777560197266765,,,,client-3-7,Insert,5147861,200,54112
client,client_request,completed,1777560197323740,3,,,1777560197266894,1777560197323740,1777560197266894,1777560197323740,,,,client-3-7,Insert,9481613,200,56846
client,client_request,completed,1777560197381216,3,,,1777560197323846,1777560197381216,1777560197323846,1777560197381216,,,,client-3-7,Insert,-11667567,200,57370
client,client_request,completed,1777560197438593,3,,,1777560197381344,1777560197438593,1777560197381344,1777560197438593,,,,client-3-7,Insert,11451870,200,57249
client,client_request,completed,1777560197497155,3,,,1777560197438703,1777560197497155,1777560197438703,1777560197497155,,,,client-3-7,Remove,14128191,200,58452
client,client_request,completed,1777560197550264,3,,,1777560197497336,1777560197550264,1777560197497336,1777560197550264,,,,client-3-7,Insert,-1804480,200,52928
client,client_request,completed,1777560197601646,3,,,1777560197550394,1777560197601646,1777560197550394,1777560197601646,,,,client-3-7,Remove,-16100696,200,51252
client,client_request,completed,1777560197658498,3,,,1777560197601756,1777560197658498,1777560197601756,1777560197658498,,,,client-3-7,Remove,1253625,200,56742
client,client_request,completed,1777560197712434,3,,,1777560197658812,1777560197712434,1777560197658812,1777560197712434,,,,client-3-7,Insert,11287606,200,53622
client,client_request,completed,1777560197767787,3,,,1777560197712607,1777560197767787,1777560197712607,1777560197767787,,,,client-3-7,Insert,-16061448,200,55180
client,client_request,completed,1777560197887128,3,,,1777560197767897,1777560197887128,1777560197767897,1777560197887128,,,,client-3-7,Remove,7157067,200,119231
client,client_request,completed,1777560197944312,3,,,1777560197887235,1777560197944312,1777560197887235,1777560197944312,,,,client-3-7,Insert,-8987247,200,57077
client,client_request,completed,1777560198001326,3,,,1777560197944436,1777560198001326,1777560197944436,1777560198001326,,,,client-3-7,Remove,-14637442,200,56890
client,client_request,completed,1777560198058881,3,,,1777560198001675,1777560198058881,1777560198001675,1777560198058881,,,,client-3-7,Insert,2110730,200,57206
client,client_request,completed,1777560198117054,3,,,1777560198058990,1777560198117054,1777560198058990,1777560198117054,,,,client-3-7,Remove,1982231,200,58064
client,client_request,completed,1777560198176091,3,,,1777560198117156,1777560198176091,1777560198117156,1777560198176091,,,,client-3-7,Remove,-1842921,200,58935
client,client_request,completed,1777560198235327,3,,,1777560198176650,1777560198235327,1777560198176650,1777560198235327,,,,client-3-7,Insert,12073756,200,58677
client,client_request,completed,1777560198290946,3,,,1777560198235384,1777560198290946,1777560198235384,1777560198290946,,,,client-3-7,Insert,-5370795,200,55562
client,client_request,completed,1777560198347678,3,,,1777560198291052,1777560198347678,1777560198291052,1777560198347678,,,,client-3-7,Insert,853880,200,56626
client,client_request,completed,1777560198405409,3,,,1777560198347795,1777560198405409,1777560198347795,1777560198405409,,,,client-3-7,Remove,-3804839,200,57614
client,client_request,completed,1777560198466426,3,,,1777560198405631,1777560198466426,1777560198405631,1777560198466426,,,,client-3-7,Insert,-3785863,200,60795
client,client_request,completed,1777560198526250,3,,,1777560198466776,1777560198526250,1777560198466776,1777560198526250,,,,client-3-7,Insert,-13260217,200,59474
client,client_request,completed,1777560198584310,3,,,1777560198526361,1777560198584310,1777560198526361,1777560198584310,,,,client-3-7,Insert,-4489525,200,57949
client,client_request,completed,1777560198660899,3,,,1777560198584428,1777560198660899,1777560198584428,1777560198660899,,,,client-3-7,Insert,4610720,200,76471
client,client_request,completed,1777560198723497,3,,,1777560198661019,1777560198723497,1777560198661019,1777560198723497,,,,client-3-7,Remove,-10218677,200,62478
client,client_request,completed,1777560198848759,3,,,1777560198723611,1777560198848759,1777560198723611,1777560198848759,,,,client-3-7,Remove,-7423381,200,125148
client,client_request,completed,1777560198909188,3,,,1777560198848907,1777560198909188,1777560198848907,1777560198909188,,,,client-3-7,Insert,10353771,200,60281
client,client_request,completed,1777560198968946,3,,,1777560198909304,1777560198968946,1777560198909304,1777560198968946,,,,client-3-7,Insert,1157982,200,59642
client,client_request,completed,1777560199027755,3,,,1777560198969100,1777560199027755,1777560198969100,1777560199027755,,,,client-3-7,Remove,10254821,200,58655
client,client_request,completed,1777560199087686,3,,,1777560199027906,1777560199087686,1777560199027906,1777560199087686,,,,client-3-7,Insert,15980832,200,59780
client,client_request,completed,1777560199146785,3,,,1777560199088061,1777560199146785,1777560199088061,1777560199146785,,,,client-3-7,Remove,15357453,200,58724
client,client_request,completed,1777560199204920,3,,,1777560199146926,1777560199204920,1777560199146926,1777560199204920,,,,client-3-7,Remove,-5780569,200,57994
client,client_request,completed,1777560199262111,3,,,1777560199205095,1777560199262111,1777560199205095,1777560199262111,,,,client-3-7,Insert,-463096,200,57016
client,client_request,completed,1777560199320604,3,,,1777560199262229,1777560199320604,1777560199262229,1777560199320604,,,,client-3-7,Remove,10325455,200,58375
client,client_request,completed,1777560199379750,3,,,1777560199320996,1777560199379750,1777560199320996,1777560199379750,,,,client-3-7,Insert,-16132353,200,58754
client,client_request,completed,1777560199438837,3,,,1777560199380123,1777560199438837,1777560199380123,1777560199438837,,,,client-3-7,Insert,-11569074,200,58714
client,client_request,completed,1777560199497228,3,,,1777560199438949,1777560199497228,1777560199438949,1777560199497228,,,,client-3-7,Insert,6248107,200,58279
client,client_request,completed,1777560199553172,3,,,1777560199497366,1777560199553172,1777560199497366,1777560199553172,,,,client-3-7,Remove,-13782537,200,55806
client,client_request,completed,1777560199606414,3,,,1777560199553279,1777560199606414,1777560199553279,1777560199606414,,,,client-3-7,Insert,-513361,200,53135
client,client_request,completed,1777560199665225,3,,,1777560199606529,1777560199665225,1777560199606529,1777560199665225,,,,client-3-7,Remove,-11120353,200,58696
client,client_request,completed,1777560199724396,3,,,1777560199665602,1777560199724396,1777560199665602,1777560199724396,,,,client-3-7,Remove,-13660218,200,58794
client,client_request,completed,1777560199843378,3,,,1777560199724663,1777560199843378,1777560199724663,1777560199843378,,,,client-3-7,Insert,-5859043,200,118715
client,client_request,completed,1777560199928516,3,,,1777560199843734,1777560199928516,1777560199843734,1777560199928516,,,,client-3-7,Insert,-1150064,200,84782
client,client_request,completed,1777560200003386,3,,,1777560199928612,1777560200003386,1777560199928612,1777560200003386,,,,client-3-7,Insert,13267659,200,74774
client,client_request,completed,1777560200077516,3,,,1777560200003564,1777560200077516,1777560200003564,1777560200077516,,,,client-3-7,Insert,987643,200,73952
client,client_request,completed,1777560200138361,3,,,1777560200077660,1777560200138361,1777560200077660,1777560200138361,,,,client-3-7,Remove,-5680721,200,60701
client,client_request,completed,1777560200198573,3,,,1777560200138474,1777560200198573,1777560200138474,1777560200198573,,,,client-3-7,Remove,-7721904,200,60099
client,client_request,completed,1777560200258786,3,,,1777560200198674,1777560200258786,1777560200198674,1777560200258786,,,,client-3-7,Remove,-2007829,200,60112
client,client_request,completed,1777560200318589,3,,,1777560200258935,1777560200318589,1777560200258935,1777560200318589,,,,client-3-7,Insert,-11050526,200,59654
client,client_request,completed,1777560200379701,3,,,1777560200318653,1777560200379701,1777560200318653,1777560200379701,,,,client-3-7,Remove,12244598,200,61048
client,client_request,completed,1777560200441518,3,,,1777560200379764,1777560200441518,1777560200379764,1777560200441518,,,,client-3-7,Remove,-4207647,200,61754
client,client_request,completed,1777560200503117,3,,,1777560200441581,1777560200503117,1777560200441581,1777560200503117,,,,client-3-7,Insert,-5986711,200,61536
client,client_request,completed,1777560200560634,3,,,1777560200503430,1777560200560634,1777560200503430,1777560200560634,,,,client-3-7,Insert,-124908,200,57204
client,client_request,completed,1777560200619822,3,,,1777560200560710,1777560200619822,1777560200560710,1777560200619822,,,,client-3-7,Remove,-14749798,200,59112
client,client_request,completed,1777560200680238,3,,,1777560200620126,1777560200680238,1777560200620126,1777560200680238,,,,client-3-7,Insert,8037575,200,60112
client,client_request,completed,1777560200742862,3,,,1777560200680303,1777560200742862,1777560200680303,1777560200742862,,,,client-3-7,Remove,-15915488,200,62559
client,client_request,completed,1777560200864067,3,,,1777560200743298,1777560200864067,1777560200743298,1777560200864067,,,,client-3-7,Remove,2382406,200,120769
client,client_request,completed,1777560200924723,3,,,1777560200864154,1777560200924723,1777560200864154,1777560200924723,,,,client-3-7,Insert,2510943,200,60569
client,client_request,completed,1777560200986139,3,,,1777560200925065,1777560200986139,1777560200925065,1777560200986139,,,,client-3-7,Remove,10503215,200,61074
client,client_request,completed,1777560201046562,3,,,1777560200986461,1777560201046562,1777560200986461,1777560201046562,,,,client-3-7,Remove,-4836363,200,60101
client,client_request,completed,1777560201107984,3,,,1777560201046636,1777560201107984,1777560201046636,1777560201107984,,,,client-3-7,Remove,-6633862,200,61348
client,client_request,completed,1777560201171642,3,,,1777560201108044,1777560201171642,1777560201108044,1777560201171642,,,,client-3-7,Remove,14444534,200,63598
client,client_request,completed,1777560201235317,3,,,1777560201171714,1777560201235317,1777560201171714,1777560201235317,,,,client-3-7,Remove,-5504985,200,63603
client,client_request,completed,1777560201299613,3,,,1777560201235394,1777560201299613,1777560201235394,1777560201299613,,,,client-3-7,Insert,14218533,200,64219
client,client_request,completed,1777560201365171,3,,,1777560201299733,1777560201365171,1777560201299733,1777560201365171,,,,client-3-7,Remove,12953963,200,65438
client,client_request,completed,1777560201430641,3,,,1777560201365304,1777560201430641,1777560201365304,1777560201430641,,,,client-3-7,Insert,-12361503,200,65337
client,client_request,completed,1777560201494606,3,,,1777560201430873,1777560201494606,1777560201430873,1777560201494606,,,,client-3-7,Remove,10088040,200,63733
client,client_request,completed,1777560201558637,3,,,1777560201494709,1777560201558637,1777560201494709,1777560201558637,,,,client-3-7,Insert,14786628,200,63928
client,client_request,completed,1777560201622242,3,,,1777560201558755,1777560201622242,1777560201558755,1777560201622242,,,,client-3-7,Remove,-12568111,200,63487
client,client_request,completed,1777560201687490,3,,,1777560201622466,1777560201687490,1777560201622466,1777560201687490,,,,client-3-7,Remove,-11739735,200,65024
client,client_request,completed,1777560201751640,3,,,1777560201687604,1777560201751640,1777560201687604,1777560201751640,,,,client-3-7,Insert,-6772414,200,64036
client,client_request,completed,1777560201873397,3,,,1777560201751794,1777560201873397,1777560201751794,1777560201873397,,,,client-3-7,Remove,-15596219,200,121603
client,client_request,completed,1777560201941567,3,,,1777560201873509,1777560201941567,1777560201873509,1777560201941567,,,,client-3-7,Remove,12987490,200,68058
client,client_request,completed,1777560202006526,3,,,1777560201941664,1777560202006526,1777560201941664,1777560202006526,,,,client-3-7,Insert,-8367004,200,64862
client,client_request,completed,1777560202072064,3,,,1777560202006796,1777560202072064,1777560202006796,1777560202072064,,,,client-3-7,Remove,15704074,200,65268
client,client_request,completed,1777560202137701,3,,,1777560202072307,1777560202137701,1777560202072307,1777560202137701,,,,client-3-7,Remove,6302526,200,65394
client,client_request,completed,1777560202203281,3,,,1777560202137812,1777560202203281,1777560202137812,1777560202203281,,,,client-3-7,Insert,-8496581,200,65469
client,client_request,completed,1777560202265049,3,,,1777560202203388,1777560202265049,1777560202203388,1777560202265049,,,,client-3-7,Insert,-5130530,200,61661
client,client_request,completed,1777560202329620,3,,,1777560202265158,1777560202329620,1777560202265158,1777560202329620,,,,client-3-7,Insert,12187853,200,64462
client,client_request,completed,1777560202395534,3,,,1777560202329731,1777560202395534,1777560202329731,1777560202395534,,,,client-3-7,Remove,-3942691,200,65803
client,client_request,completed,1777560202462471,3,,,1777560202395642,1777560202462471,1777560202395642,1777560202462471,,,,client-3-7,Insert,-6137010,200,66829
client,client_request,completed,1777560202525639,3,,,1777560202462886,1777560202525639,1777560202462886,1777560202525639,,,,client-3-7,Remove,-239679,200,62753
client,client_request,completed,1777560202582971,3,,,1777560202525759,1777560202582971,1777560202525759,1777560202582971,,,,client-3-7,Remove,3516031,200,57212
client,client_request,completed,1777560202644599,3,,,1777560202583075,1777560202644599,1777560202583075,1777560202644599,,,,client-3-7,Insert,-15705722,200,61524
client,client_request,completed,1777560202706871,3,,,1777560202644749,1777560202706871,1777560202644749,1777560202706871,,,,client-3-7,Remove,-308906,200,62122
client,client_request,completed,1777560202770333,3,,,1777560202706975,1777560202770333,1777560202706975,1777560202770333,,,,client-3-7,Remove,1284481,200,63358
client,client_request,completed,1777560202907439,3,,,1777560202770447,1777560202907439,1777560202770447,1777560202907439,,,,client-3-7,Insert,2557799,200,136992
client,client_request,completed,1777560202990569,3,,,1777560202907596,1777560202990569,1777560202907596,1777560202990569,,,,client-3-7,Remove,-1064613,200,82973
client,client_request,completed,1777560203058521,3,,,1777560202990666,1777560203058521,1777560202990666,1777560203058521,,,,client-3-7,Insert,8512097,200,67855
client,client_request,completed,1777560203124026,3,,,1777560203058654,1777560203124026,1777560203058654,1777560203124026,,,,client-3-7,Remove,4155846,200,65372
client,client_request,completed,1777560203188488,3,,,1777560203124263,1777560203188488,1777560203124263,1777560203188488,,,,client-3-7,Remove,3923949,200,64225
client,client_request,completed,1777560203251505,3,,,1777560203188593,1777560203251505,1777560203188593,1777560203251505,,,,client-3-7,Insert,5780020,200,62912
client,client_request,completed,1777560203314021,3,,,1777560203251613,1777560203314021,1777560203251613,1777560203314021,,,,client-3-7,Remove,14562495,200,62408
client,client_request,completed,1777560203377350,3,,,1777560203314365,1777560203377350,1777560203314365,1777560203377350,,,,client-3-7,Remove,-59361,200,62985
client,client_request,completed,1777560203443060,3,,,1777560203377487,1777560203443060,1777560203377487,1777560203443060,,,,client-3-7,Insert,-3021583,200,65573
client,client_request,completed,1777560203507499,3,,,1777560203443284,1777560203507499,1777560203443284,1777560203507499,,,,client-3-7,Remove,3430082,200,64215
client,client_request,completed,1777560203570362,3,,,1777560203508287,1777560203570362,1777560203508287,1777560203570362,,,,client-3-7,Remove,13644240,200,62075
client,client_request,completed,1777560203635976,3,,,1777560203570470,1777560203635976,1777560203570470,1777560203635976,,,,client-3-7,Insert,-5180038,200,65506
client,client_request,completed,1777560203704398,3,,,1777560203636078,1777560203704398,1777560203636078,1777560203704398,,,,client-3-7,Insert,11414919,200,68320
client,client_request,completed,1777560203770803,3,,,1777560203704564,1777560203770803,1777560203704564,1777560203770803,,,,client-3-7,Remove,-4250540,200,66239
client,client_request,completed,1777560203907291,3,,,1777560203771357,1777560203907291,1777560203771357,1777560203907291,,,,client-3-7,Insert,-5001002,200,135934
client,client_request,completed,1777560203982697,3,,,1777560203907387,1777560203982697,1777560203907387,1777560203982697,,,,client-3-7,Insert,14818029,200,75310
client,client_request,completed,1777560204049674,3,,,1777560203982800,1777560204049674,1777560203982800,1777560204049674,,,,client-3-7,Remove,2111168,200,66874
client,client_request,completed,1777560204116051,3,,,1777560204049780,1777560204116051,1777560204049780,1777560204116051,,,,client-3-7,Insert,13753713,200,66271
client,client_request,completed,1777560204182669,3,,,1777560204116209,1777560204182669,1777560204116209,1777560204182669,,,,client-3-7,Remove,-8466467,200,66460
client,client_request,completed,1777560204243366,3,,,1777560204182788,1777560204243366,1777560204182788,1777560204243366,,,,client-3-7,Insert,-10399642,200,60578
client,client_request,completed,1777560204301963,3,,,1777560204243475,1777560204301963,1777560204243475,1777560204301963,,,,client-3-7,Remove,6402279,200,58488
client,client_request,completed,1777560204363231,3,,,1777560204302174,1777560204363231,1777560204302174,1777560204363231,,,,client-3-7,Remove,-3989050,200,61057
client,client_request,completed,1777560204427988,3,,,1777560204363373,1777560204427988,1777560204363373,1777560204427988,,,,client-3-7,Remove,13247866,200,64615
client,client_request,completed,1777560204491760,3,,,1777560204428145,1777560204491760,1777560204428145,1777560204491760,,,,client-3-7,Remove,5119597,200,63615
client,client_request,completed,1777560204552157,3,,,1777560204491905,1777560204552157,1777560204491905,1777560204552157,,,,client-3-7,Remove,12415942,200,60252
client,client_request,completed,1777560204608737,3,,,1777560204552285,1777560204608737,1777560204552285,1777560204608737,,,,client-3-7,Remove,2118006,200,56452
client,client_request,completed,1777560204666701,3,,,1777560204608841,1777560204666701,1777560204608841,1777560204666701,,,,client-3-7,Insert,-9048207,200,57860
client,client_request,completed,1777560204727119,3,,,1777560204666805,1777560204727119,1777560204666805,1777560204727119,,,,client-3-7,Remove,329843,200,60314
client,client_request,completed,1777560204848877,3,,,1777560204727449,1777560204848877,1777560204727449,1777560204848877,,,,client-3-7,Remove,12678655,200,121428
client,client_request,completed,1777560204909672,3,,,1777560204849345,1777560204909672,1777560204849345,1777560204909672,,,,client-3-7,Remove,-5051250,200,60327
client,client_request,completed,1777560204969781,3,,,1777560204909778,1777560204969781,1777560204909778,1777560204969781,,,,client-3-7,Remove,-11269952,200,60003
client,client_request,completed,1777560205032726,3,,,1777560204969949,1777560205032726,1777560204969949,1777560205032726,,,,client-3-7,Insert,12006663,200,62777
client,client_request,completed,1777560205096200,3,,,1777560205032833,1777560205096200,1777560205032833,1777560205096200,,,,client-3-7,Remove,2257420,200,63367
client,client_request,completed,1777560205159520,3,,,1777560205096424,1777560205159520,1777560205096424,1777560205159520,,,,client-3-7,Remove,390054,200,63096
client,client_request,completed,1777560205221271,3,,,1777560205159642,1777560205221271,1777560205159642,1777560205221271,,,,client-3-7,Insert,16010974,200,61629
client,client_request,completed,1777560205275028,3,,,1777560205221697,1777560205275028,1777560205221697,1777560205275028,,,,client-3-7,Remove,4936982,200,53331
client,client_request,completed,1777560205334501,3,,,1777560205275143,1777560205334501,1777560205275143,1777560205334501,,,,client-3-7,Insert,801955,200,59358
client,client_request,completed,1777560205397419,3,,,1777560205334616,1777560205397419,1777560205334616,1777560205397419,,,,client-3-7,Insert,13862580,200,62803
client,client_request,completed,1777560205459920,3,,,1777560205397534,1777560205459920,1777560205397534,1777560205459920,,,,client-3-7,Insert,-13504843,200,62386
client,client_request,completed,1777560205520949,3,,,1777560205460509,1777560205520949,1777560205460509,1777560205520949,,,,client-3-7,Insert,12774722,200,60440
client,client_request,completed,1777560205577601,3,,,1777560205521062,1777560205577601,1777560205521062,1777560205577601,,,,client-3-7,Remove,-2260938,200,56539
client,client_request,completed,1777560205638395,3,,,1777560205577744,1777560205638395,1777560205577744,1777560205638395,,,,client-3-7,Insert,12608128,200,60651
client,client_request,completed,1777560205701886,3,,,1777560205638531,1777560205701886,1777560205638531,1777560205701886,,,,client-3-7,Insert,-5476052,200,63355
client,client_request,completed,1777560205764699,3,,,1777560205702401,1777560205764699,1777560205702401,1777560205764699,,,,client-3-7,Remove,-11164493,200,62298
client,client_request,completed,1777560205890391,3,,,1777560205764912,1777560205890391,1777560205764912,1777560205890391,,,,client-3-7,Remove,1304464,200,125479
client,client_request,completed,1777560205956876,3,,,1777560205890504,1777560205956876,1777560205890504,1777560205956876,,,,client-3-7,Remove,10695359,200,66372
client,client_request,completed,1777560206022925,3,,,1777560205957123,1777560206022925,1777560205957123,1777560206022925,,,,client-3-7,Remove,14470776,200,65802
client,client_request,completed,1777560206088821,3,,,1777560206023056,1777560206088821,1777560206023056,1777560206088821,,,,client-3-7,Insert,15779295,200,65765
client,client_request,completed,1777560206155854,3,,,1777560206088936,1777560206155854,1777560206088936,1777560206155854,,,,client-3-7,Insert,-9418664,200,66918
client,client_request,completed,1777560206223664,3,,,1777560206155966,1777560206223664,1777560206155966,1777560206223664,,,,client-3-7,Insert,12471489,200,67698
client,client_request,completed,1777560206286273,3,,,1777560206224046,1777560206286273,1777560206224046,1777560206286273,,,,client-3-7,Remove,-12042686,200,62227
client,client_request,completed,1777560206352744,3,,,1777560206287193,1777560206352744,1777560206287193,1777560206352744,,,,client-3-7,Remove,52672,200,65551
client,client_request,completed,1777560206420508,3,,,1777560206352851,1777560206420508,1777560206352851,1777560206420508,,,,client-3-7,Insert,-869187,200,67657
client,client_request,completed,1777560206488275,3,,,1777560206420895,1777560206488275,1777560206420895,1777560206488275,,,,client-3-7,Insert,-10784518,200,67380
client,client_request,completed,1777560206550720,3,,,1777560206488435,1777560206550720,1777560206488435,1777560206550720,,,,client-3-7,Remove,-8460487,200,62285
client,client_request,completed,1777560206611320,3,,,1777560206550862,1777560206611320,1777560206550862,1777560206611320,,,,client-3-7,Remove,-16555257,200,60458
client,client_request,completed,1777560206672550,3,,,1777560206611438,1777560206672550,1777560206611438,1777560206672550,,,,client-3-7,Insert,11864313,200,61112
client,client_request,completed,1777560206734834,3,,,1777560206672659,1777560206734834,1777560206672659,1777560206734834,,,,client-3-7,Insert,-7097429,200,62175
client,client_request,completed,1777560206860028,3,,,1777560206734970,1777560206860028,1777560206734970,1777560206860028,,,,client-3-7,Remove,1302822,200,125058
client,client_request,completed,1777560206936003,3,,,1777560206860142,1777560206936003,1777560206860142,1777560206936003,,,,client-3-7,Remove,-395483,200,75861
client,client_request,completed,1777560207000433,3,,,1777560206936403,1777560207000433,1777560206936403,1777560207000433,,,,client-3-7,Insert,9253021,200,64030
client,client_request,completed,1777560207064698,3,,,1777560207000548,1777560207064698,1777560207000548,1777560207064698,,,,client-3-7,Remove,11154339,200,64150
client,client_request,completed,1777560207129558,3,,,1777560207064814,1777560207129558,1777560207064814,1777560207129558,,,,client-3-7,Insert,-6924136,200,64744
client,client_request,completed,1777560207194387,3,,,1777560207129678,1777560207194387,1777560207129678,1777560207194387,,,,client-3-7,Insert,-8894067,200,64709
client,client_request,completed,1777560207253641,3,,,1777560207194525,1777560207253641,1777560207194525,1777560207253641,,,,client-3-7,Insert,1830901,200,59116
client,client_request,completed,1777560207314674,3,,,1777560207253746,1777560207314674,1777560207253746,1777560207314674,,,,client-3-7,Remove,-1768806,200,60928
client,client_request,completed,1777560207377406,3,,,1777560207314785,1777560207377406,1777560207314785,1777560207377406,,,,client-3-7,Remove,-8858483,200,62621
client,client_request,completed,1777560207440935,3,,,1777560207377714,1777560207440935,1777560207377714,1777560207440935,,,,client-3-7,Remove,216353,200,63221
client,client_request,completed,1777560207505760,3,,,1777560207441049,1777560207505760,1777560207441049,1777560207505760,,,,client-3-7,Insert,7182443,200,64711
client,client_request,completed,1777560207568744,3,,,1777560207505875,1777560207568744,1777560207505875,1777560207568744,,,,client-3-7,Insert,6614707,200,62869
client,client_request,completed,1777560207633046,3,,,1777560207568881,1777560207633046,1777560207568881,1777560207633046,,,,client-3-7,Insert,-12429065,200,64165
client,client_request,completed,1777560207697450,3,,,1777560207633154,1777560207697450,1777560207633154,1777560207697450,,,,client-3-7,Remove,-654484,200,64296
client,client_request,completed,1777560207764530,3,,,1777560207697579,1777560207764530,1777560207697579,1777560207764530,,,,client-3-7,Insert,15632295,200,66951
client,client_request,completed,1777560207896075,3,,,1777560207764671,1777560207896075,1777560207764671,1777560207896075,,,,client-3-7,Insert,11961941,200,131404
client,client_request,completed,1777560207966175,3,,,1777560207896223,1777560207966175,1777560207896223,1777560207966175,,,,client-3-7,Remove,4887498,200,69952
client,client_request,completed,1777560208037369,3,,,1777560207966692,1777560208037369,1777560207966692,1777560208037369,,,,client-3-7,Remove,-8456187,200,70677
client,client_request,completed,1777560208108117,3,,,1777560208038156,1777560208108117,1777560208038156,1777560208108117,,,,client-3-7,Insert,12464707,200,69961
client,client_request,completed,1777560208180514,3,,,1777560208108267,1777560208180514,1777560208108267,1777560208180514,,,,client-3-7,Remove,-13004313,200,72247
client,client_request,completed,1777560208518978,3,,,1777560208180651,1777560208518978,1777560208180651,1777560208518978,,,,client-3-7,Insert,10924344,200,338327
client,client_request,completed,1777560208546215,3,,,1777560208519162,1777560208546215,1777560208519162,1777560208546215,,,,client-3-7,Remove,-2659186,200,27053
client,client_request,completed,1777560208568435,3,,,1777560208546318,1777560208568435,1777560208546318,1777560208568435,,,,client-3-7,Remove,-3213509,200,22117
client,client_request,completed,1777560208591379,3,,,1777560208568530,1777560208591379,1777560208568530,1777560208591379,,,,client-3-7,Remove,-12913571,200,22849
client,client_request,completed,1777560208615721,3,,,1777560208591481,1777560208615721,1777560208591481,1777560208615721,,,,client-3-7,Remove,-2974341,200,24240
client,client_request,completed,1777560208639564,3,,,1777560208615825,1777560208639564,1777560208615825,1777560208639564,,,,client-3-7,Insert,13997289,200,23739
client,client_request,completed,1777560208663794,3,,,1777560208639671,1777560208663794,1777560208639671,1777560208663794,,,,client-3-7,Insert,6577135,200,24123
client,client_request,completed,1777560208687900,3,,,1777560208663897,1777560208687900,1777560208663897,1777560208687900,,,,client-3-7,Insert,5033024,200,24003
client,client_request,completed,1777560208712255,3,,,1777560208688001,1777560208712255,1777560208688001,1777560208712255,,,,client-3-7,Insert,-14132482,200,24254
client,client_request,completed,1777560208736417,3,,,1777560208712404,1777560208736417,1777560208712404,1777560208736417,,,,client-3-7,Remove,-5466287,200,24013
client,client_request,completed,1777560208759999,3,,,1777560208736615,1777560208759999,1777560208736615,1777560208759999,,,,client-3-7,Remove,-7820794,200,23384
client,client_request,completed,1777560208851224,3,,,1777560208760101,1777560208851224,1777560208760101,1777560208851224,,,,client-3-7,Remove,1791988,200,91123
client,client_request,completed,1777560208882114,3,,,1777560208851330,1777560208882114,1777560208851330,1777560208882114,,,,client-3-7,Insert,-2323868,200,30784
client,client_request,completed,1777560208906984,3,,,1777560208882247,1777560208906984,1777560208882247,1777560208906984,,,,client-3-7,Insert,-13310613,200,24737
client,client_request,completed,1777560208931948,3,,,1777560208907088,1777560208931948,1777560208907088,1777560208931948,,,,client-3-7,Insert,6263076,200,24860
client,client_request,completed,1777560208956346,3,,,1777560208932050,1777560208956346,1777560208932050,1777560208956346,,,,client-3-7,Remove,7954266,200,24296
client,client_request,completed,1777560208979892,3,,,1777560208956729,1777560208979892,1777560208956729,1777560208979892,,,,client-3-7,Remove,11427070,200,23163
client,client_request,completed,1777560209003901,3,,,1777560208980005,1777560209003901,1777560208980005,1777560209003901,,,,client-3-7,Remove,7896471,200,23896
client,client_request,completed,1777560209029887,3,,,1777560209004010,1777560209029887,1777560209004010,1777560209029887,,,,client-3-7,Remove,7013368,200,25877
client,client_request,completed,1777560209055355,3,,,1777560209030193,1777560209055355,1777560209030193,1777560209055355,,,,client-3-7,Insert,-7635481,200,25162
client,client_request,completed,1777560209080110,3,,,1777560209055567,1777560209080110,1777560209055567,1777560209080110,,,,client-3-7,Insert,4507041,200,24543
client,client_request,completed,1777560209105886,3,,,1777560209080232,1777560209105886,1777560209080232,1777560209105886,,,,client-3-7,Remove,-4024896,200,25654
client,client_request,completed,1777560209131574,3,,,1777560209105995,1777560209131574,1777560209105995,1777560209131574,,,,client-3-7,Insert,-6163096,200,25579
client,client_request,completed,1777560209156939,3,,,1777560209131680,1777560209156939,1777560209131680,1777560209156939,,,,client-3-7,Remove,-8185434,200,25259
client,client_request,completed,1777560209182807,3,,,1777560209157144,1777560209182807,1777560209157144,1777560209182807,,,,client-3-7,Insert,-13861022,200,25663
client,client_request,completed,1777560209206999,3,,,1777560209183021,1777560209206999,1777560209183021,1777560209206999,,,,client-3-7,Insert,2597963,200,23978
client,client_request,completed,1777560209228758,3,,,1777560209207116,1777560209228758,1777560209207116,1777560209228758,,,,client-3-7,Remove,16400585,200,21642
client,client_request,completed,1777560209249894,3,,,1777560209228857,1777560209249894,1777560209228857,1777560209249894,,,,client-3-7,Remove,-2346843,200,21037
client,client_request,completed,1777560209272845,3,,,1777560209249994,1777560209272845,1777560209249994,1777560209272845,,,,client-3-7,Remove,-2364259,200,22851
client,client_request,completed,1777560209296033,3,,,1777560209272947,1777560209296033,1777560209272947,1777560209296033,,,,client-3-7,Insert,780901,200,23086
client,client_request,completed,1777560209319070,3,,,1777560209296401,1777560209319070,1777560209296401,1777560209319070,,,,client-3-7,Insert,10806353,200,22669
client,client_request,completed,1777560209343166,3,,,1777560209319173,1777560209343166,1777560209319173,1777560209343166,,,,client-3-7,Insert,-5512955,200,23993
client,client_request,completed,1777560209367160,3,,,1777560209343271,1777560209367160,1777560209343271,1777560209367160,,,,client-3-7,Insert,-13623308,200,23889
client,client_request,completed,1777560209391319,3,,,1777560209367295,1777560209391319,1777560209367295,1777560209391319,,,,client-3-7,Insert,-7171995,200,24024
client,client_request,completed,1777560209415439,3,,,1777560209391780,1777560209415439,1777560209391780,1777560209415439,,,,client-3-7,Insert,4236462,200,23659
client,client_request,completed,1777560209439339,3,,,1777560209415604,1777560209439339,1777560209415604,1777560209439339,,,,client-3-7,Insert,-2691667,200,23735
client,client_request,completed,1777560209464146,3,,,1777560209439792,1777560209464146,1777560209439792,1777560209464146,,,,client-3-7,Remove,-5564081,200,24354
client,client_request,completed,1777560209488775,3,,,1777560209464632,1777560209488775,1777560209464632,1777560209488775,,,,client-3-7,Insert,-16527991,200,24143
client,client_request,completed,1777560209517019,3,,,1777560209488933,1777560209517019,1777560209488933,1777560209517019,,,,client-3-7,Insert,-1623688,200,28086
client,client_request,completed,1777560209540291,3,,,1777560209517167,1777560209540291,1777560209517167,1777560209540291,,,,client-3-7,Remove,-50309,200,23124
client,client_request,completed,1777560209562935,3,,,1777560209540564,1777560209562935,1777560209540564,1777560209562935,,,,client-3-7,Remove,967522,200,22371
client,client_request,completed,1777560209583995,3,,,1777560209563029,1777560209583995,1777560209563029,1777560209583995,,,,client-3-7,Insert,4448964,200,20966
client,client_request,completed,1777560209604756,3,,,1777560209584399,1777560209604756,1777560209584399,1777560209604756,,,,client-3-7,Remove,13532355,200,20357
client,client_request,completed,1777560209627300,3,,,1777560209604964,1777560209627300,1777560209604964,1777560209627300,,,,client-3-7,Insert,16182976,200,22336
client,client_request,completed,1777560209649348,3,,,1777560209627655,1777560209649348,1777560209627655,1777560209649348,,,,client-3-7,Insert,1390556,200,21693
client,client_request,completed,1777560209674704,3,,,1777560209649480,1777560209674704,1777560209649480,1777560209674704,,,,client-3-7,Insert,11477066,200,25224
client,client_request,completed,1777560209699295,3,,,1777560209675476,1777560209699295,1777560209675476,1777560209699295,,,,client-3-7,Remove,4592612,200,23819
client,client_request,completed,1777560209730475,3,,,1777560209699642,1777560209730475,1777560209699642,1777560209730475,,,,client-3-7,Remove,4744286,200,30833
client,client_request,completed,1777560209756668,3,,,1777560209731317,1777560209756668,1777560209731317,1777560209756668,,,,client-3-7,Remove,2206931,200,25351
client,client_request,completed,1777560209847494,3,,,1777560209761276,1777560209847494,1777560209761276,1777560209847494,,,,client-3-7,Remove,-15727450,200,86218
client,client_request,completed,1777560209874868,3,,,1777560209848684,1777560209874868,1777560209848684,1777560209874868,,,,client-3-7,Remove,3997050,200,26184
client,client_request,completed,1777560209919036,3,,,1777560209874994,1777560209919036,1777560209874994,1777560209919036,,,,client-3-7,Remove,85798,200,44042
client,client_request,completed,1777560209943397,3,,,1777560209923065,1777560209943397,1777560209923065,1777560209943397,,,,client-3-7,Remove,6522289,200,20332
client,client_request,completed,1777560209976665,3,,,1777560209943501,1777560209976665,1777560209943501,1777560209976665,,,,client-3-7,Remove,15083633,200,33164
client,client_request,completed,1777560210027874,3,,,1777560209976801,1777560210027874,1777560209976801,1777560210027874,,,,client-3-7,Insert,15840467,200,51073
client,client_request,completed,1777560210068748,3,,,1777560210027984,1777560210068748,1777560210027984,1777560210068748,,,,client-3-7,Remove,-9917820,200,40764
client,client_request,completed,1777560210090964,3,,,1777560210072687,1777560210090964,1777560210072687,1777560210090964,,,,client-3-7,Insert,-1751046,200,18277
client,client_request,completed,1777560210132451,3,,,1777560210091066,1777560210132451,1777560210091066,1777560210132451,,,,client-3-7,Remove,-7599232,200,41385
client,client_request,completed,1777560210190490,3,,,1777560210143060,1777560210190490,1777560210143060,1777560210190490,,,,client-3-7,Remove,6124746,200,47430
client,client_request,completed,1777560210223871,3,,,1777560210190607,1777560210223871,1777560210190607,1777560210223871,,,,client-3-7,Remove,-5365937,200,33264
client,client_request,completed,1777560210250863,3,,,1777560210223978,1777560210250863,1777560210223978,1777560210250863,,,,client-3-7,Insert,-3348958,200,26885
client,client_request,completed,1777560210285331,3,,,1777560210252457,1777560210285331,1777560210252457,1777560210285331,,,,client-3-7,Remove,4995133,200,32874
client,client_request,completed,1777560210313774,3,,,1777560210287120,1777560210313774,1777560210287120,1777560210313774,,,,client-3-7,Remove,-10596364,200,26654
client,client_request,completed,1777560210340014,3,,,1777560210314485,1777560210340014,1777560210314485,1777560210340014,,,,client-3-7,Remove,16695963,200,25529
client,client_request,completed,1777560210369552,3,,,1777560210340127,1777560210369552,1777560210340127,1777560210369552,,,,client-3-7,Insert,685280,200,29425
client,client_request,completed,1777560210409021,3,,,1777560210369676,1777560210409021,1777560210369676,1777560210409021,,,,client-3-7,Insert,4410069,200,39345
client,client_request,completed,1777560210440145,3,,,1777560210411577,1777560210440145,1777560210411577,1777560210440145,,,,client-3-7,Remove,-11065421,200,28568
client,client_request,completed,1777560210478646,3,,,1777560210448764,1777560210478646,1777560210448764,1777560210478646,,,,client-3-7,Remove,11440760,200,29882
client,client_request,completed,1777560210509379,3,,,1777560210483642,1777560210509379,1777560210483642,1777560210509379,,,,client-3-7,Remove,16350797,200,25737
client,client_request,completed,1777560210524389,3,,,1777560210509491,1777560210524389,1777560210509491,1777560210524389,,,,client-3-7,Remove,-638646,200,14898
client,client_request,completed,1777560210548129,3,,,1777560210525818,1777560210548129,1777560210525818,1777560210548129,,,,client-3-7,Remove,-880310,200,22311
client,client_request,completed,1777560210571945,3,,,1777560210548273,1777560210571945,1777560210548273,1777560210571945,,,,client-3-7,Insert,-4591082,200,23672
client,client_request,completed,1777560210586534,3,,,1777560210572049,1777560210586534,1777560210572049,1777560210586534,,,,client-3-7,Remove,3999251,200,14485
client,client_request,completed,1777560210610160,3,,,1777560210588566,1777560210610160,1777560210588566,1777560210610160,,,,client-3-7,Insert,-14208427,200,21594
client,client_request,completed,1777560210634523,3,,,1777560210610244,1777560210634523,1777560210610244,1777560210634523,,,,client-3-7,Remove,10907599,200,24279
client,client_request,completed,1777560210662734,3,,,1777560210634650,1777560210662734,1777560210634650,1777560210662734,,,,client-3-7,Insert,4258228,200,28084
client,client_request,completed,1777560210695545,3,,,1777560210662853,1777560210695545,1777560210662853,1777560210695545,,,,client-3-7,Remove,-4763149,200,32692
client,client_request,completed,1777560210738802,3,,,1777560210695649,1777560210738802,1777560210695649,1777560210738802,,,,client-3-7,Insert,-3146262,200,43153
client,client_request,completed,1777560210787164,3,,,1777560210740207,1777560210787164,1777560210740207,1777560210787164,,,,client-3-7,Insert,6761083,200,46957
client,client_request,completed,1777560210881614,3,,,1777560210787285,1777560210881614,1777560210787285,1777560210881614,,,,client-3-7,Remove,-14520923,200,94329
client,client_request,completed,1777560210910055,3,,,1777560210881720,1777560210910055,1777560210881720,1777560210910055,,,,client-3-7,Insert,707496,200,28335
client,client_request,completed,1777560210940897,3,,,1777560210910179,1777560210940897,1777560210910179,1777560210940897,,,,client-3-7,Insert,-10645468,200,30718
client,client_request,completed,1777560210986776,3,,,1777560210948489,1777560210986776,1777560210948489,1777560210986776,,,,client-3-7,Remove,-3882334,200,38287
client,client_request,completed,1777560211027426,3,,,1777560210997005,1777560211027426,1777560210997005,1777560211027426,,,,client-3-7,Remove,-8994460,200,30421
client,client_request,completed,1777560211050778,3,,,1777560211027503,1777560211050778,1777560211027503,1777560211050778,,,,client-3-7,Remove,-16355155,200,23275
client,client_request,completed,1777560211072507,3,,,1777560211050931,1777560211072507,1777560211050931,1777560211072507,,,,client-3-7,Remove,13087824,200,21576
client,client_request,completed,1777560211098462,3,,,1777560211075423,1777560211098462,1777560211075423,1777560211098462,,,,client-3-7,Insert,-7074807,200,23039
client,client_request,completed,1777560211128616,3,,,1777560211098561,1777560211128616,1777560211098561,1777560211128616,,,,client-3-7,Insert,16516463,200,30055
client,client_request,completed,1777560211193217,3,,,1777560211131293,1777560211193217,1777560211131293,1777560211193217,,,,client-3-7,Remove,873258,200,61924
client,client_request,completed,1777560211248406,3,,,1777560211202551,1777560211248406,1777560211202551,1777560211248406,,,,client-3-7,Insert,-12978836,200,45855
client,client_request,completed,1777560211267697,3,,,1777560211251729,1777560211267697,1777560211251729,1777560211267697,,,,client-3-7,Insert,4323016,200,15968
client,client_request,completed,1777560211286913,3,,,1777560211267795,1777560211286913,1777560211267795,1777560211286913,,,,client-3-7,Remove,3611996,200,19118
client,client_request,completed,1777560211310919,3,,,1777560211287010,1777560211310919,1777560211287010,1777560211310919,,,,client-3-7,Insert,2559466,200,23909
client,client_request,completed,1777560211337508,3,,,1777560211319490,1777560211337508,1777560211319490,1777560211337508,,,,client-3-7,Insert,13538434,200,18018
client,client_request,completed,1777560211365581,3,,,1777560211337659,1777560211365581,1777560211337659,1777560211365581,,,,client-3-7,Remove,-8645516,200,27922
client,client_request,completed,1777560211397029,3,,,1777560211372735,1777560211397029,1777560211372735,1777560211397029,,,,client-3-7,Insert,-6088772,200,24294
client,client_request,completed,1777560211453381,3,,,1777560211401034,1777560211453381,1777560211401034,1777560211453381,,,,client-3-7,Insert,-12692047,200,52347
client,client_request,completed,1777560211482851,3,,,1777560211453509,1777560211482851,1777560211453509,1777560211482851,,,,client-3-7,Remove,1502260,200,29342
client,client_request,completed,1777560211502336,3,,,1777560211482973,1777560211502336,1777560211482973,1777560211502336,,,,client-3-7,Remove,-12617808,200,19363
client,client_request,completed,1777560211542874,3,,,1777560211502443,1777560211542874,1777560211502443,1777560211542874,,,,client-3-7,Remove,-12790225,200,40431
client,client_request,completed,1777560211566139,3,,,1777560211551086,1777560211566139,1777560211551086,1777560211566139,,,,client-3-7,Remove,10993877,200,15053
client,client_request,completed,1777560211622279,3,,,1777560211569331,1777560211622279,1777560211569331,1777560211622279,,,,client-3-7,Remove,1553779,200,52948
client,client_request,completed,1777560211647461,3,,,1777560211624464,1777560211647461,1777560211624464,1777560211647461,,,,client-3-7,Remove,6399987,200,22997
client,client_request,completed,1777560211700981,3,,,1777560211653844,1777560211700981,1777560211653844,1777560211700981,,,,client-3-7,Remove,-4555382,200,47137
client,client_request,completed,1777560211764117,3,,,1777560211701100,1777560211764117,1777560211701100,1777560211764117,,,,client-3-7,Insert,-2451718,200,63017
client,client_request,completed,1777560211854983,3,,,1777560211764270,1777560211854983,1777560211764270,1777560211854983,,,,client-3-7,Insert,8406595,200,90713
client,client_request,completed,1777560211874092,3,,,1777560211855077,1777560211874092,1777560211855077,1777560211874092,,,,client-3-7,Insert,-1993294,200,19015
client,client_request,completed,1777560211938542,3,,,1777560211877390,1777560211938542,1777560211877390,1777560211938542,,,,client-3-7,Insert,3765377,200,61152
client,client_request,completed,1777560211967425,3,,,1777560211938668,1777560211967425,1777560211938668,1777560211967425,,,,client-3-7,Insert,13248669,200,28757
client,client_request,completed,1777560211984581,3,,,1777560211969290,1777560211984581,1777560211969290,1777560211984581,,,,client-3-7,Insert,10929943,200,15291
client,client_request,completed,1777560212031298,3,,,1777560211987172,1777560212031298,1777560211987172,1777560212031298,,,,client-3-7,Insert,13817323,200,44126
client,client_request,completed,1777560212065682,3,,,1777560212034961,1777560212065682,1777560212034961,1777560212065682,,,,client-3-7,Remove,11088924,200,30721
client,client_request,completed,1777560212098276,3,,,1777560212067111,1777560212098276,1777560212067111,1777560212098276,,,,client-3-7,Insert,-9434193,200,31165
client,client_request,completed,1777560212138715,3,,,1777560212099055,1777560212138715,1777560212099055,1777560212138715,,,,client-3-7,Insert,-9691519,200,39660
client,client_request,completed,1777560212168138,3,,,1777560212140253,1777560212168138,1777560212140253,1777560212168138,,,,client-3-7,Insert,-6834616,200,27885
client,client_request,completed,1777560212203410,3,,,1777560212170194,1777560212203410,1777560212170194,1777560212203410,,,,client-3-7,Remove,-14412536,200,33216
client,client_request,completed,1777560212226579,3,,,1777560212204725,1777560212226579,1777560212204725,1777560212226579,,,,client-3-7,Remove,-14243799,200,21854
client,client_request,completed,1777560212252063,3,,,1777560212228595,1777560212252063,1777560212228595,1777560212252063,,,,client-3-7,Remove,-14147839,200,23468
client,client_request,completed,1777560212268829,3,,,1777560212252167,1777560212268829,1777560212252167,1777560212268829,,,,client-3-7,Remove,-5593355,200,16662
client,client_request,completed,1777560212315780,3,,,1777560212270894,1777560212315780,1777560212270894,1777560212315780,,,,client-3-7,Insert,-13583805,200,44886
client,client_request,completed,1777560212340414,3,,,1777560212316722,1777560212340414,1777560212316722,1777560212340414,,,,client-3-7,Remove,-16455506,200,23692
client,client_request,completed,1777560212379826,3,,,1777560212340845,1777560212379826,1777560212340845,1777560212379826,,,,client-3-7,Insert,3720892,200,38981
client,client_request,completed,1777560212403587,3,,,1777560212383257,1777560212403587,1777560212383257,1777560212403587,,,,client-3-7,Insert,-15721490,200,20330
client,client_request,completed,1777560212441568,3,,,1777560212403710,1777560212441568,1777560212403710,1777560212441568,,,,client-3-7,Insert,-13837721,200,37858
client,client_request,completed,1777560212460383,3,,,1777560212441690,1777560212460383,1777560212441690,1777560212460383,,,,client-3-7,Remove,-2868967,200,18693
client,client_request,completed,1777560212494795,3,,,1777560212465010,1777560212494795,1777560212465010,1777560212494795,,,,client-3-7,Insert,-7573798,200,29785
client,client_request,completed,1777560212557611,3,,,1777560212498964,1777560212557611,1777560212498964,1777560212557611,,,,client-3-7,Insert,-4822323,200,58647
client,client_request,completed,1777560212577075,3,,,1777560212558549,1777560212577075,1777560212558549,1777560212577075,,,,client-3-7,Remove,-13929890,200,18526
client,client_request,completed,1777560212610513,3,,,1777560212580789,1777560212610513,1777560212580789,1777560212610513,,,,client-3-7,Insert,-589748,200,29724
client,client_request,completed,1777560212643396,3,,,1777560212614279,1777560212643396,1777560212614279,1777560212643396,,,,client-3-7,Remove,-16433237,200,29117
client,client_request,completed,1777560212675849,3,,,1777560212646110,1777560212675849,1777560212646110,1777560212675849,,,,client-3-7,Insert,-3962097,200,29739
client,client_request,completed,1777560212712393,3,,,1777560212677564,1777560212712393,1777560212677564,1777560212712393,,,,client-3-7,Remove,-2917731,200,34829
client,client_request,completed,1777560212730818,3,,,1777560212712518,1777560212730818,1777560212712518,1777560212730818,,,,client-3-7,Remove,16200381,200,18300
client,client_request,completed,1777560212768289,3,,,1777560212732156,1777560212768289,1777560212732156,1777560212768289,,,,client-3-7,Insert,10395824,200,36133
client,client_request,completed,1777560212865524,3,,,1777560212776933,1777560212865524,1777560212776933,1777560212865524,,,,client-3-7,Insert,3602966,200,88591
client,client_request,completed,1777560212901252,3,,,1777560212867450,1777560212901252,1777560212867450,1777560212901252,,,,client-3-7,Insert,7068290,200,33802
client,client_request,completed,1777560212947524,3,,,1777560212901369,1777560212947524,1777560212901369,1777560212947524,,,,client-3-7,Insert,11903828,200,46155
client,client_request,completed,1777560212968136,3,,,1777560212949661,1777560212968136,1777560212949661,1777560212968136,,,,client-3-7,Insert,6802877,200,18475
client,client_request,completed,1777560213001266,3,,,1777560212968274,1777560213001266,1777560212968274,1777560213001266,,,,client-3-7,Remove,8562950,200,32992
client,client_request,completed,1777560213030119,3,,,1777560213003731,1777560213030119,1777560213003731,1777560213030119,,,,client-3-7,Remove,-15925678,200,26388
client,client_request,completed,1777560213066243,3,,,1777560213043716,1777560213066243,1777560213043716,1777560213066243,,,,client-3-7,Remove,-16327302,200,22527
client,client_request,completed,1777560213093506,3,,,1777560213067380,1777560213093506,1777560213067380,1777560213093506,,,,client-3-7,Insert,-14713360,200,26126
client,client_request,completed,1777560213128155,3,,,1777560213095022,1777560213128155,1777560213095022,1777560213128155,,,,client-3-7,Insert,1101021,200,33133
client,client_request,completed,1777560213171407,3,,,1777560213128282,1777560213171407,1777560213128282,1777560213171407,,,,client-3-7,Remove,6286367,200,43125
client,client_request,completed,1777560213207128,3,,,1777560213171522,1777560213207128,1777560213171522,1777560213207128,,,,client-3-7,Remove,-7592672,200,35606
client,client_request,completed,1777560213233655,3,,,1777560213211117,1777560213233655,1777560213211117,1777560213233655,,,,client-3-7,Insert,-12025087,200,22538
client,client_request,completed,1777560213270123,3,,,1777560213233784,1777560213270123,1777560213233784,1777560213270123,,,,client-3-7,Insert,4704590,200,36339
client,client_request,completed,1777560213307169,3,,,1777560213275307,1777560213307169,1777560213275307,1777560213307169,,,,client-3-7,Insert,6345261,200,31862
client,client_request,completed,1777560213330737,3,,,1777560213307280,1777560213330737,1777560213307280,1777560213330737,,,,client-3-7,Insert,4580129,200,23457
client,client_request,completed,1777560213357368,3,,,1777560213331961,1777560213357368,1777560213331961,1777560213357368,,,,client-3-7,Insert,-6317831,200,25407
client,client_request,completed,1777560213402709,3,,,1777560213357693,1777560213402709,1777560213357693,1777560213402709,,,,client-3-7,Remove,-3106744,200,45016
client,client_request,completed,1777560213442472,3,,,1777560213404644,1777560213442472,1777560213404644,1777560213442472,,,,client-3-7,Remove,5476937,200,37828
client,client_request,completed,1777560213480981,3,,,1777560213442568,1777560213480981,1777560213442568,1777560213480981,,,,client-3-7,Insert,-9275246,200,38413
client,client_request,completed,1777560213517214,3,,,1777560213481097,1777560213517214,1777560213481097,1777560213517214,,,,client-3-7,Remove,13864235,200,36117
client,client_request,completed,1777560213545088,3,,,1777560213519707,1777560213545088,1777560213519707,1777560213545088,,,,client-3-7,Insert,-13448358,200,25381
client,client_request,completed,1777560213571628,3,,,1777560213545200,1777560213571628,1777560213545200,1777560213571628,,,,client-3-7,Remove,10226644,200,26428
client,client_request,completed,1777560213603076,3,,,1777560213572043,1777560213603076,1777560213572043,1777560213603076,,,,client-3-7,Remove,16609699,200,31033
client,client_request,completed,1777560213652421,3,,,1777560213603828,1777560213652421,1777560213603828,1777560213652421,,,,client-3-7,Insert,-1908325,200,48593
client,client_request,completed,1777560213689817,3,,,1777560213654307,1777560213689817,1777560213654307,1777560213689817,,,,client-3-7,Remove,-6935226,200,35510
client,client_request,completed,1777560213724844,3,,,1777560213694623,1777560213724844,1777560213694623,1777560213724844,,,,client-3-7,Remove,-16350027,200,30221
client,client_request,completed,1777560213751934,3,,,1777560213724987,1777560213751934,1777560213724987,1777560213751934,,,,client-3-7,Insert,-4840392,200,26947
client,client_request,completed,1777560213848204,3,,,1777560213756955,1777560213848204,1777560213756955,1777560213848204,,,,client-3-7,Remove,9923007,200,91249
client,client_request,completed,1777560213899815,3,,,1777560213848330,1777560213899815,1777560213848330,1777560213899815,,,,client-3-7,Insert,2175351,200,51485
client,client_request,completed,1777560213926357,3,,,1777560213899922,1777560213926357,1777560213899922,1777560213926357,,,,client-3-7,Remove,-10281022,200,26435
client,client_request,completed,1777560213986268,3,,,1777560213928947,1777560213986268,1777560213928947,1777560213986268,,,,client-3-7,Remove,2027659,200,57321
client,client_request,completed,1777560214025411,3,,,1777560213990649,1777560214025411,1777560213990649,1777560214025411,,,,client-3-7,Insert,13309118,200,34762
client,client_request,completed,1777560214065100,3,,,1777560214029062,1777560214065100,1777560214029062,1777560214065100,,,,client-3-7,Remove,-12386773,200,36038
client,client_request,completed,1777560214099735,3,,,1777560214066642,1777560214099735,1777560214066642,1777560214099735,,,,client-3-7,Remove,-2585009,200,33093
client,client_request,completed,1777560214126012,3,,,1777560214102698,1777560214126012,1777560214102698,1777560214126012,,,,client-3-7,Insert,-13881980,200,23314
client,client_request,completed,1777560214177723,3,,,1777560214126119,1777560214177723,1777560214126119,1777560214177723,,,,client-3-7,Remove,-14903165,200,51604
client,client_request,completed,1777560214218511,3,,,1777560214177832,1777560214218511,1777560214177832,1777560214218511,,,,client-3-7,Insert,-6085960,200,40679
client,client_request,completed,1777560214260865,3,,,1777560214218629,1777560214260865,1777560214218629,1777560214260865,,,,client-3-7,Insert,-7946505,200,42236
client,client_request,completed,1777560214292279,3,,,1777560214261148,1777560214292279,1777560214261148,1777560214292279,,,,client-3-7,Insert,-3881011,200,31131
client,client_request,completed,1777560214328133,3,,,1777560214292730,1777560214328133,1777560214292730,1777560214328133,,,,client-3-7,Remove,9789137,200,35403
client,client_request,completed,1777560214365346,3,,,1777560214328298,1777560214365346,1777560214328298,1777560214365346,,,,client-3-7,Remove,9525108,200,37048
client,client_request,completed,1777560214404927,3,,,1777560214365704,1777560214404927,1777560214365704,1777560214404927,,,,client-3-7,Insert,4873076,200,39223
client,client_request,completed,1777560214443086,3,,,1777560214405599,1777560214443086,1777560214405599,1777560214443086,,,,client-3-7,Insert,3674132,200,37487
client,client_request,completed,1777560214483860,3,,,1777560214443618,1777560214483860,1777560214443618,1777560214483860,,,,client-3-7,Remove,14603051,200,40242
client,client_request,completed,1777560214523093,3,,,1777560214483987,1777560214523093,1777560214483987,1777560214523093,,,,client-3-7,Remove,8263032,200,39106
client,client_request,completed,1777560214555420,3,,,1777560214523202,1777560214555420,1777560214523202,1777560214555420,,,,client-3-7,Remove,8774460,200,32218
client,client_request,completed,1777560214586456,3,,,1777560214555513,1777560214586456,1777560214555513,1777560214586456,,,,client-3-7,Insert,-16230754,200,30943
client,client_request,completed,1777560214623595,3,,,1777560214586816,1777560214623595,1777560214586816,1777560214623595,,,,client-3-7,Remove,7082690,200,36779
client,client_request,completed,1777560214660828,3,,,1777560214623747,1777560214660828,1777560214623747,1777560214660828,,,,client-3-7,Insert,3727455,200,37081
client,client_request,completed,1777560214699370,3,,,1777560214660935,1777560214699370,1777560214660935,1777560214699370,,,,client-3-7,Remove,5429203,200,38435
client,client_request,completed,1777560214739409,3,,,1777560214699475,1777560214739409,1777560214699475,1777560214739409,,,,client-3-7,Remove,616164,200,39934
client,client_request,completed,1777560214840660,3,,,1777560214739579,1777560214840660,1777560214739579,1777560214840660,,,,client-3-7,Insert,5067209,200,101081
client,client_request,completed,1777560214886253,3,,,1777560214841172,1777560214886253,1777560214841172,1777560214886253,,,,client-3-7,Insert,2287660,200,45081
client,client_request,completed,1777560214927181,3,,,1777560214886466,1777560214927181,1777560214886466,1777560214927181,,,,client-3-7,Insert,-12561618,200,40715
client,client_request,completed,1777560214968053,3,,,1777560214927314,1777560214968053,1777560214927314,1777560214968053,,,,client-3-7,Insert,4079867,200,40739
client,client_request,completed,1777560215009544,3,,,1777560214968238,1777560215009544,1777560214968238,1777560215009544,,,,client-3-7,Remove,16379421,200,41306
client,client_request,completed,1777560215052358,3,,,1777560215010203,1777560215052358,1777560215010203,1777560215052358,,,,client-3-7,Insert,-13996918,200,42155
client,client_request,completed,1777560215094308,3,,,1777560215052756,1777560215094308,1777560215052756,1777560215094308,,,,client-3-7,Insert,7849000,200,41552
client,client_request,completed,1777560215135267,3,,,1777560215094438,1777560215135267,1777560215094438,1777560215135267,,,,client-3-7,Remove,-4081389,200,40829
client,client_request,completed,1777560215175334,3,,,1777560215135770,1777560215175334,1777560215135770,1777560215175334,,,,client-3-7,Remove,13014533,200,39564
client,client_request,completed,1777560215217258,3,,,1777560215175537,1777560215217258,1777560215175537,1777560215217258,,,,client-3-7,Remove,-15250085,200,41721
client,client_request,completed,1777560215249656,3,,,1777560215217469,1777560215249656,1777560215217469,1777560215249656,,,,client-3-7,Insert,15827685,200,32187
client,client_request,completed,1777560215281993,3,,,1777560215250087,1777560215281993,1777560215250087,1777560215281993,,,,client-3-7,Insert,-7096201,200,31906
client,client_request,completed,1777560215320158,3,,,1777560215282129,1777560215320158,1777560215282129,1777560215320158,,,,client-3-7,Insert,10639605,200,38029
client,client_request,completed,1777560215359468,3,,,1777560215320507,1777560215359468,1777560215320507,1777560215359468,,,,client-3-7,Remove,3187074,200,38961
client,client_request,completed,1777560215397982,3,,,1777560215359865,1777560215397982,1777560215359865,1777560215397982,,,,client-3-7,Remove,-533521,200,38117
client,client_request,completed,1777560215437960,3,,,1777560215398340,1777560215437960,1777560215398340,1777560215437960,,,,client-3-7,Remove,-11398058,200,39620
client,client_request,completed,1777560215478118,3,,,1777560215438158,1777560215478118,1777560215438158,1777560215478118,,,,client-3-7,Insert,-5754896,200,39960
client,client_request,completed,1777560215517471,3,,,1777560215478236,1777560215517471,1777560215478236,1777560215517471,,,,client-3-7,Remove,-15270347,200,39235
client,client_request,completed,1777560215552368,3,,,1777560215517839,1777560215552368,1777560215517839,1777560215552368,,,,client-3-7,Insert,15654440,200,34529
client,client_request,completed,1777560215583556,3,,,1777560215553123,1777560215583556,1777560215553123,1777560215583556,,,,client-3-7,Insert,-15516902,200,30433
client,client_request,completed,1777560215617101,3,,,1777560215583684,1777560215617101,1777560215583684,1777560215617101,,,,client-3-7,Insert,-4469724,200,33417
client,client_request,completed,1777560215653312,3,,,1777560215617202,1777560215653312,1777560215617202,1777560215653312,,,,client-3-7,Remove,-11389574,200,36110
client,client_request,completed,1777560215691433,3,,,1777560215653556,1777560215691433,1777560215653556,1777560215691433,,,,client-3-7,Insert,7804079,200,37877
client,client_request,completed,1777560215732421,3,,,1777560215691541,1777560215732421,1777560215691541,1777560215732421,,,,client-3-7,Insert,15893802,200,40880
client,client_request,completed,1777560215832386,3,,,1777560215732603,1777560215832386,1777560215732603,1777560215832386,,,,client-3-7,Insert,10390162,200,99783
client,client_request,completed,1777560215877071,3,,,1777560215832499,1777560215877071,1777560215832499,1777560215877071,,,,client-3-7,Remove,-13502430,200,44572
client,client_request,completed,1777560215919031,3,,,1777560215877173,1777560215919031,1777560215877173,1777560215919031,,,,client-3-7,Remove,498515,200,41858
client,client_request,completed,1777560215958613,3,,,1777560215919190,1777560215958613,1777560215919190,1777560215958613,,,,client-3-7,Insert,-4392984,200,39423
client,client_request,completed,1777560215998701,3,,,1777560215958817,1777560215998701,1777560215958817,1777560215998701,,,,client-3-7,Insert,-7205660,200,39884
client,client_request,completed,1777560216039858,3,,,1777560215999289,1777560216039858,1777560215999289,1777560216039858,,,,client-3-7,Insert,7114828,200,40569
client,client_request,completed,1777560216079168,3,,,1777560216040008,1777560216079168,1777560216040008,1777560216079168,,,,client-3-7,Remove,10902954,200,39160
client,client_request,completed,1777560216121069,3,,,1777560216079327,1777560216121069,1777560216079327,1777560216121069,,,,client-3-7,Remove,5998832,200,41742
client,client_request,completed,1777560216162127,3,,,1777560216121448,1777560216162127,1777560216121448,1777560216162127,,,,client-3-7,Remove,-10184803,200,40679
client,client_request,completed,1777560216203625,3,,,1777560216162251,1777560216203625,1777560216162251,1777560216203625,,,,client-3-7,Remove,13177271,200,41374
client,client_request,completed,1777560216241550,3,,,1777560216203768,1777560216241550,1777560216203768,1777560216241550,,,,client-3-7,Remove,-3178542,200,37782
client,client_request,completed,1777560216274523,3,,,1777560216241694,1777560216274523,1777560216241694,1777560216274523,,,,client-3-7,Remove,13203022,200,32829
client,client_request,completed,1777560216312470,3,,,1777560216275058,1777560216312470,1777560216275058,1777560216312470,,,,client-3-7,Insert,-8393731,200,37412
client,client_request,completed,1777560216353671,3,,,1777560216312857,1777560216353671,1777560216312857,1777560216353671,,,,client-3-7,Insert,-5000409,200,40814
client,client_request,completed,1777560216392930,3,,,1777560216354273,1777560216392930,1777560216354273,1777560216392930,,,,client-3-7,Insert,-11691704,200,38657
client,client_request,completed,1777560216433894,3,,,1777560216393032,1777560216433894,1777560216393032,1777560216433894,,,,client-3-7,Insert,-3783800,200,40862
client,client_request,completed,1777560216476415,3,,,1777560216433994,1777560216476415,1777560216433994,1777560216476415,,,,client-3-7,Remove,-4603013,200,42421
client,client_request,completed,1777560216516786,3,,,1777560216476963,1777560216516786,1777560216476963,1777560216516786,,,,client-3-7,Insert,-9283294,200,39823
client,client_request,completed,1777560216550121,3,,,1777560216516951,1777560216550121,1777560216516951,1777560216550121,,,,client-3-7,Remove,-11132083,200,33170
client,client_request,completed,1777560216586842,3,,,1777560216550225,1777560216586842,1777560216550225,1777560216586842,,,,client-3-7,Insert,9647255,200,36617
client,client_request,completed,1777560216626832,3,,,1777560216587237,1777560216626832,1777560216587237,1777560216626832,,,,client-3-7,Remove,-10937567,200,39595
client,client_request,completed,1777560216666560,3,,,1777560216626974,1777560216666560,1777560216626974,1777560216666560,,,,client-3-7,Insert,10469987,200,39586
client,client_request,completed,1777560216707377,3,,,1777560216666677,1777560216707377,1777560216666677,1777560216707377,,,,client-3-7,Remove,2034541,200,40700
client,client_request,completed,1777560216747608,3,,,1777560216707491,1777560216747608,1777560216707491,1777560216747608,,,,client-3-7,Remove,9956373,200,40117
client,client_request,completed,1777560216852942,3,,,1777560216747712,1777560216852942,1777560216747712,1777560216852942,,,,client-3-7,Remove,-4823279,200,105230
client,client_request,completed,1777560216896855,3,,,1777560216853056,1777560216896855,1777560216853056,1777560216896855,,,,client-3-7,Insert,2620634,200,43799
client,client_request,completed,1777560216940436,3,,,1777560216897066,1777560216940436,1777560216897066,1777560216940436,,,,client-3-7,Insert,16684727,200,43370
client,client_request,completed,1777560216983302,3,,,1777560216940547,1777560216983302,1777560216940547,1777560216983302,,,,client-3-7,Insert,-3310868,200,42755
client,client_request,completed,1777560217026542,3,,,1777560216983481,1777560217026542,1777560216983481,1777560217026542,,,,client-3-7,Remove,6553645,200,43061
client,client_request,completed,1777560217069257,3,,,1777560217026756,1777560217069257,1777560217026756,1777560217069257,,,,client-3-7,Remove,-8206258,200,42501
client,client_request,completed,1777560217112253,3,,,1777560217069542,1777560217112253,1777560217069542,1777560217112253,,,,client-3-7,Remove,77503,200,42711
client,client_request,completed,1777560217155082,3,,,1777560217112618,1777560217155082,1777560217112618,1777560217155082,,,,client-3-7,Insert,-15676657,200,42464
client,client_request,completed,1777560217197524,3,,,1777560217155945,1777560217197524,1777560217155945,1777560217197524,,,,client-3-7,Insert,5227444,200,41579
client,client_request,completed,1777560217235490,3,,,1777560217197650,1777560217235490,1777560217197650,1777560217235490,,,,client-3-7,Insert,4497312,200,37840
client,client_request,completed,1777560217270006,3,,,1777560217235596,1777560217270006,1777560217235596,1777560217270006,,,,client-3-7,Insert,10769367,200,34410
client,client_request,completed,1777560217309568,3,,,1777560217270235,1777560217309568,1777560217270235,1777560217309568,,,,client-3-7,Insert,7435571,200,39333
client,client_request,completed,1777560217352769,3,,,1777560217309672,1777560217352769,1777560217309672,1777560217352769,,,,client-3-7,Insert,9185655,200,43097
client,client_request,completed,1777560217394095,3,,,1777560217352928,1777560217394095,1777560217352928,1777560217394095,,,,client-3-7,Insert,-11465134,200,41167
client,client_request,completed,1777560217436969,3,,,1777560217394524,1777560217436969,1777560217394524,1777560217436969,,,,client-3-7,Insert,2222055,200,42445
client,client_request,completed,1777560217480132,3,,,1777560217437203,1777560217480132,1777560217437203,1777560217480132,,,,client-3-7,Insert,-13485592,200,42929
client,client_request,completed,1777560217523040,3,,,1777560217480337,1777560217523040,1777560217480337,1777560217523040,,,,client-3-7,Remove,-2910001,200,42703
client,client_request,completed,1777560217556551,3,,,1777560217523176,1777560217556551,1777560217523176,1777560217556551,,,,client-3-7,Remove,3352075,200,33375
client,client_request,completed,1777560217591719,3,,,1777560217556737,1777560217591719,1777560217556737,1777560217591719,,,,client-3-7,Insert,7125785,200,34982
client,client_request,completed,1777560217632949,3,,,1777560217591923,1777560217632949,1777560217591923,1777560217632949,,,,client-3-7,Insert,-293517,200,41026
client,client_request,completed,1777560217674968,3,,,1777560217633429,1777560217674968,1777560217633429,1777560217674968,,,,client-3-7,Insert,10309208,200,41539
client,client_request,completed,1777560217719592,3,,,1777560217675074,1777560217719592,1777560217675074,1777560217719592,,,,client-3-7,Insert,388228,200,44518
client,client_request,completed,1777560217767994,3,,,1777560217719745,1777560217767994,1777560217719745,1777560217767994,,,,client-3-7,Insert,-11474902,200,48249
client,client_request,completed,1777560217872227,3,,,1777560217768392,1777560217872227,1777560217768392,1777560217872227,,,,client-3-7,Remove,10922772,200,103835
client,client_request,completed,1777560217915308,3,,,1777560217872615,1777560217915308,1777560217872615,1777560217915308,,,,client-3-7,Insert,15796453,200,42693
client,client_request,completed,1777560217956279,3,,,1777560217915489,1777560217956279,1777560217915489,1777560217956279,,,,client-3-7,Insert,13233508,200,40790
client,client_request,completed,1777560217997325,3,,,1777560217956746,1777560217997325,1777560217956746,1777560217997325,,,,client-3-7,Insert,14606769,200,40579
client,client_request,completed,1777560218039910,3,,,1777560217997437,1777560218039910,1777560217997437,1777560218039910,,,,client-3-7,Insert,16704807,200,42473
client,client_request,completed,1777560218080854,3,,,1777560218040043,1777560218080854,1777560218040043,1777560218080854,,,,client-3-7,Insert,-13864009,200,40811
client,client_request,completed,1777560218123231,3,,,1777560218080957,1777560218123231,1777560218080957,1777560218123231,,,,client-3-7,Insert,-11139426,200,42274
client,client_request,completed,1777560218164793,3,,,1777560218123608,1777560218164793,1777560218123608,1777560218164793,,,,client-3-7,Insert,6074096,200,41185
client,client_request,completed,1777560218206627,3,,,1777560218165211,1777560218206627,1777560218165211,1777560218206627,,,,client-3-7,Remove,-4830911,200,41416
client,client_request,completed,1777560218244761,3,,,1777560218206832,1777560218244761,1777560218206832,1777560218244761,,,,client-3-7,Remove,15514948,200,37929
client,client_request,completed,1777560218286726,3,,,1777560218244988,1777560218286726,1777560218244988,1777560218286726,,,,client-3-7,Remove,16445490,200,41738
client,client_request,completed,1777560218326689,3,,,1777560218287245,1777560218326689,1777560218287245,1777560218326689,,,,client-3-7,Insert,16584870,200,39444
client,client_request,completed,1777560218368308,3,,,1777560218326794,1777560218368308,1777560218326794,1777560218368308,,,,client-3-7,Remove,-14312858,200,41514
client,client_request,completed,1777560218411601,3,,,1777560218368419,1777560218411601,1777560218368419,1777560218411601,,,,client-3-7,Remove,-6642522,200,43182
client,client_request,completed,1777560218454564,3,,,1777560218411697,1777560218454564,1777560218411697,1777560218454564,,,,client-3-7,Remove,4257132,200,42867
client,client_request,completed,1777560218497421,3,,,1777560218454677,1777560218497421,1777560218454677,1777560218497421,,,,client-3-7,Remove,-8241419,200,42744
client,client_request,completed,1777560218534746,3,,,1777560218497957,1777560218534746,1777560218497957,1777560218534746,,,,client-3-7,Remove,15226474,200,36789
client,client_request,completed,1777560218567717,3,,,1777560218534871,1777560218567717,1777560218534871,1777560218567717,,,,client-3-7,Insert,11356584,200,32846
client,client_request,completed,1777560218603411,3,,,1777560218567927,1777560218603411,1777560218567927,1777560218603411,,,,client-3-7,Remove,-8548366,200,35484
client,client_request,completed,1777560218640164,3,,,1777560218603634,1777560218640164,1777560218603634,1777560218640164,,,,client-3-7,Insert,-6860365,200,36530
client,client_request,completed,1777560218676836,3,,,1777560218640353,1777560218676836,1777560218640353,1777560218676836,,,,client-3-7,Remove,-2768275,200,36483
client,client_request,completed,1777560218726615,3,,,1777560218676945,1777560218726615,1777560218676945,1777560218726615,,,,client-3-7,Insert,-7478013,200,49670
client,client_request,completed,1777560218769324,3,,,1777560218726994,1777560218769324,1777560218726994,1777560218769324,,,,client-3-7,Remove,3328959,200,42330
client,client_request,completed,1777560218876134,3,,,1777560218769730,1777560218876134,1777560218769730,1777560218876134,,,,client-3-7,Remove,7373280,200,106404
client,client_request,completed,1777560218918149,3,,,1777560218876909,1777560218918149,1777560218876909,1777560218918149,,,,client-3-7,Insert,-951905,200,41240
client,client_request,completed,1777560218959199,3,,,1777560218918679,1777560218959199,1777560218918679,1777560218959199,,,,client-3-7,Remove,6010545,200,40520
client,client_request,completed,1777560219000122,3,,,1777560218959572,1777560219000122,1777560218959572,1777560219000122,,,,client-3-7,Remove,-9882001,200,40550
client,client_request,completed,1777560219040786,3,,,1777560219000278,1777560219040786,1777560219000278,1777560219040786,,,,client-3-7,Insert,1804839,200,40508
client,client_request,completed,1777560219083600,3,,,1777560219040899,1777560219083600,1777560219040899,1777560219083600,,,,client-3-7,Remove,-10353062,200,42701
client,client_request,completed,1777560219127381,3,,,1777560219083708,1777560219127381,1777560219083708,1777560219127381,,,,client-3-7,Remove,-6744620,200,43673
client,client_request,completed,1777560219170580,3,,,1777560219127738,1777560219170580,1777560219127738,1777560219170580,,,,client-3-7,Insert,-7256235,200,42842
client,client_request,completed,1777560219213942,3,,,1777560219170777,1777560219213942,1777560219170777,1777560219213942,,,,client-3-7,Remove,11016127,200,43165
client,client_request,completed,1777560219253119,3,,,1777560219214045,1777560219253119,1777560219214045,1777560219253119,,,,client-3-7,Remove,-13626672,200,39074
client,client_request,completed,1777560219294414,3,,,1777560219253262,1777560219294414,1777560219253262,1777560219294414,,,,client-3-7,Insert,1804266,200,41152
client,client_request,completed,1777560219340363,3,,,1777560219294764,1777560219340363,1777560219294764,1777560219340363,,,,client-3-7,Insert,16500255,200,45599
client,client_request,completed,1777560219382978,3,,,1777560219340510,1777560219382978,1777560219340510,1777560219382978,,,,client-3-7,Remove,9426074,200,42468
client,client_request,completed,1777560219426152,3,,,1777560219383175,1777560219426152,1777560219383175,1777560219426152,,,,client-3-7,Remove,-7529651,200,42977
client,client_request,completed,1777560219469846,3,,,1777560219426262,1777560219469846,1777560219426262,1777560219469846,,,,client-3-7,Insert,13229658,200,43584
client,client_request,completed,1777560219512087,3,,,1777560219469991,1777560219512087,1777560219469991,1777560219512087,,,,client-3-7,Remove,-12752913,200,42096
client,client_request,completed,1777560219549624,3,,,1777560219512220,1777560219549624,1777560219512220,1777560219549624,,,,client-3-7,Remove,-14126646,200,37404
client,client_request,completed,1777560219584396,3,,,1777560219549866,1777560219584396,1777560219549866,1777560219584396,,,,client-3-7,Insert,16546086,200,34530
client,client_request,completed,1777560219626289,3,,,1777560219584493,1777560219626289,1777560219584493,1777560219626289,,,,client-3-7,Remove,-4410641,200,41796
client,client_request,completed,1777560219668718,3,,,1777560219626425,1777560219668718,1777560219626425,1777560219668718,,,,client-3-7,Insert,-12611926,200,42293
client,client_request,completed,1777560219711491,3,,,1777560219668827,1777560219711491,1777560219668827,1777560219711491,,,,client-3-7,Remove,-8042149,200,42664
client,client_request,completed,1777560219754301,3,,,1777560219711565,1777560219754301,1777560219711565,1777560219754301,,,,client-3-7,Remove,8078194,200,42736
client,client_request,completed,1777560219856866,3,,,1777560219754429,1777560219856866,1777560219754429,1777560219856866,,,,client-3-7,Insert,16623635,200,102437
client,client_request,completed,1777560219903700,3,,,1777560219856951,1777560219903700,1777560219856951,1777560219903700,,,,client-3-7,Remove,4781374,200,46749
client,client_request,completed,1777560219947586,3,,,1777560219903769,1777560219947586,1777560219903769,1777560219947586,,,,client-3-7,Insert,-16451220,200,43817
client,client_request,completed,1777560219990780,3,,,1777560219947718,1777560219990780,1777560219947718,1777560219990780,,,,client-3-7,Remove,-7678024,200,43062
client,client_request,completed,1777560220034307,3,,,1777560219991186,1777560220034307,1777560219991186,1777560220034307,,,,client-3-7,Remove,338458,200,43121
client,client_request,completed,1777560220077644,3,,,1777560220034438,1777560220077644,1777560220034438,1777560220077644,,,,client-3-7,Insert,-13117908,200,43206
client,client_request,completed,1777560220121484,3,,,1777560220077760,1777560220121484,1777560220077760,1777560220121484,,,,client-3-7,Insert,-1022253,200,43724
client,client_request,completed,1777560220165620,3,,,1777560220121592,1777560220165620,1777560220121592,1777560220165620,,,,client-3-7,Insert,-8658205,200,44028
client,client_request,completed,1777560220209943,3,,,1777560220165725,1777560220209943,1777560220165725,1777560220209943,,,,client-3-7,Remove,7684156,200,44218
client,client_request,completed,1777560220250368,3,,,1777560220210071,1777560220250368,1777560220210071,1777560220250368,,,,client-3-7,Remove,16482428,200,40297
client,client_request,completed,1777560220288905,3,,,1777560220250931,1777560220288905,1777560220250931,1777560220288905,,,,client-3-7,Remove,14910708,200,37974
client,client_request,completed,1777560220330965,3,,,1777560220289128,1777560220330965,1777560220289128,1777560220330965,,,,client-3-7,Insert,2967382,200,41837
client,client_request,completed,1777560220374115,3,,,1777560220331067,1777560220374115,1777560220331067,1777560220374115,,,,client-3-7,Remove,8522157,200,43048
client,client_request,completed,1777560220417080,3,,,1777560220374525,1777560220417080,1777560220374525,1777560220417080,,,,client-3-7,Insert,782655,200,42555
client,client_request,completed,1777560220460900,3,,,1777560220417186,1777560220460900,1777560220417186,1777560220460900,,,,client-3-7,Insert,-9671658,200,43714
client,client_request,completed,1777560220504738,3,,,1777560220461391,1777560220504738,1777560220461391,1777560220504738,,,,client-3-7,Remove,7380115,200,43347
client,client_request,completed,1777560220549798,3,,,1777560220504868,1777560220549798,1777560220504868,1777560220549798,,,,client-3-7,Insert,-15227367,200,44930
client,client_request,completed,1777560220588334,3,,,1777560220550217,1777560220588334,1777560220550217,1777560220588334,,,,client-3-7,Insert,-14307130,200,38117
client,client_request,completed,1777560220630244,3,,,1777560220588489,1777560220630244,1777560220588489,1777560220630244,,,,client-3-7,Insert,-12590768,200,41755
client,client_request,completed,1777560220676076,3,,,1777560220630353,1777560220676076,1777560220630353,1777560220676076,,,,client-3-7,Remove,6574181,200,45723
client,client_request,completed,1777560220719632,3,,,1777560220676321,1777560220719632,1777560220676321,1777560220719632,,,,client-3-7,Insert,-16244126,200,43311
client,client_request,completed,1777560220763000,3,,,1777560220720064,1777560220763000,1777560220720064,1777560220763000,,,,client-3-7,Remove,8155061,200,42936
client,client_request,completed,1777560220872052,3,,,1777560220763125,1777560220872052,1777560220763125,1777560220872052,,,,client-3-7,Insert,14094875,200,108927
client,client_request,completed,1777560220918362,3,,,1777560220872508,1777560220918362,1777560220872508,1777560220918362,,,,client-3-7,Remove,2296810,200,45854
client,client_request,completed,1777560220963740,3,,,1777560220918512,1777560220963740,1777560220918512,1777560220963740,,,,client-3-7,Remove,-14554700,200,45228
client,client_request,completed,1777560221009638,3,,,1777560220963857,1777560221009638,1777560220963857,1777560221009638,,,,client-3-7,Remove,15677971,200,45781
client,client_request,completed,1777560221056477,3,,,1777560221010084,1777560221056477,1777560221010084,1777560221056477,,,,client-3-7,Insert,8661751,200,46393
client,client_request,completed,1777560221103984,3,,,1777560221056870,1777560221103984,1777560221056870,1777560221103984,,,,client-3-7,Remove,-14769271,200,47114
client,client_request,completed,1777560221150781,3,,,1777560221104103,1777560221150781,1777560221104103,1777560221150781,,,,client-3-7,Remove,3855304,200,46678
client,client_request,completed,1777560221197667,3,,,1777560221150886,1777560221197667,1777560221150886,1777560221197667,,,,client-3-7,Insert,-12499929,200,46781
client,client_request,completed,1777560221240025,3,,,1777560221197782,1777560221240025,1777560221197782,1777560221240025,,,,client-3-7,Remove,9000761,200,42243
client,client_request,completed,1777560221279912,3,,,1777560221240267,1777560221279912,1777560221240267,1777560221279912,,,,client-3-7,Remove,131615,200,39645
client,client_request,completed,1777560221326465,3,,,1777560221280313,1777560221326465,1777560221280313,1777560221326465,,,,client-3-7,Remove,-2663121,200,46152
client,client_request,completed,1777560221374772,3,,,1777560221326572,1777560221374772,1777560221326572,1777560221374772,,,,client-3-7,Remove,13963709,200,48200
client,client_request,completed,1777560221421148,3,,,1777560221375007,1777560221421148,1777560221375007,1777560221421148,,,,client-3-7,Insert,58292,200,46141
client,client_request,completed,1777560221469348,3,,,1777560221421260,1777560221469348,1777560221421260,1777560221469348,,,,client-3-7,Insert,-1042505,200,48088
client,client_request,completed,1777560221516841,3,,,1777560221469568,1777560221516841,1777560221469568,1777560221516841,,,,client-3-7,Remove,16648731,200,47273
client,client_request,completed,1777560221557628,3,,,1777560221517028,1777560221557628,1777560221517028,1777560221557628,,,,client-3-7,Remove,-1886212,200,40600
client,client_request,completed,1777560221598604,3,,,1777560221557749,1777560221598604,1777560221557749,1777560221598604,,,,client-3-7,Remove,-6765630,200,40855
client,client_request,completed,1777560221644269,3,,,1777560221599315,1777560221644269,1777560221599315,1777560221644269,,,,client-3-7,Remove,6511221,200,44954
client,client_request,completed,1777560221691051,3,,,1777560221644709,1777560221691051,1777560221644709,1777560221691051,,,,client-3-7,Insert,12922346,200,46342
client,client_request,completed,1777560221739600,3,,,1777560221691537,1777560221739600,1777560221691537,1777560221739600,,,,client-3-7,Remove,3563361,200,48063
client,client_request,completed,1777560221846062,3,,,1777560221739964,1777560221846062,1777560221739964,1777560221846062,,,,client-3-7,Insert,-189632,200,106098
client,client_request,completed,1777560221896170,3,,,1777560221846395,1777560221896170,1777560221846395,1777560221896170,,,,client-3-7,Remove,7543082,200,49775
client,client_request,completed,1777560221945045,3,,,1777560221896743,1777560221945045,1777560221896743,1777560221945045,,,,client-3-7,Remove,-1627186,200,48302
client,client_request,completed,1777560221991659,3,,,1777560221945152,1777560221991659,1777560221945152,1777560221991659,,,,client-3-7,Insert,3935209,200,46507
client,client_request,completed,1777560222039642,3,,,1777560221991802,1777560222039642,1777560221991802,1777560222039642,,,,client-3-7,Insert,13496432,200,47840
client,client_request,completed,1777560222087209,3,,,1777560222039949,1777560222087209,1777560222039949,1777560222087209,,,,client-3-7,Insert,-2197558,200,47260
client,client_request,completed,1777560222134673,3,,,1777560222087972,1777560222134673,1777560222087972,1777560222134673,,,,client-3-7,Insert,9389045,200,46701
client,client_request,completed,1777560222182388,3,,,1777560222134804,1777560222182388,1777560222134804,1777560222182388,,,,client-3-7,Insert,-9454561,200,47584
client,client_request,completed,1777560222228904,3,,,1777560222182493,1777560222228904,1777560222182493,1777560222228904,,,,client-3-7,Insert,14018699,200,46411
client,client_request,completed,1777560222269505,3,,,1777560222229011,1777560222269505,1777560222229011,1777560222269505,,,,client-3-7,Insert,15112906,200,40494
client,client_request,completed,1777560222314526,3,,,1777560222269654,1777560222314526,1777560222269654,1777560222314526,,,,client-3-7,Remove,7324012,200,44872
client,client_request,completed,1777560222362485,3,,,1777560222314669,1777560222362485,1777560222314669,1777560222362485,,,,client-3-7,Insert,-4456186,200,47816
client,client_request,completed,1777560222410333,3,,,1777560222362713,1777560222410333,1777560222362713,1777560222410333,,,,client-3-7,Insert,-15127971,200,47620
client,client_request,completed,1777560222459119,3,,,1777560222410782,1777560222459119,1777560222410782,1777560222459119,,,,client-3-7,Remove,-8839415,200,48337
client,client_request,completed,1777560222506833,3,,,1777560222459354,1777560222506833,1777560222459354,1777560222506833,,,,client-3-7,Insert,-13758254,200,47479
client,client_request,completed,1777560222551112,3,,,1777560222506970,1777560222551112,1777560222506970,1777560222551112,,,,client-3-7,Remove,11696995,200,44142
client,client_request,completed,1777560222590579,3,,,1777560222551216,1777560222590579,1777560222551216,1777560222590579,,,,client-3-7,Remove,6755847,200,39363
client,client_request,completed,1777560222637548,3,,,1777560222590682,1777560222637548,1777560222590682,1777560222637548,,,,client-3-7,Remove,-3748739,200,46866
client,client_request,completed,1777560222684254,3,,,1777560222637680,1777560222684254,1777560222637680,1777560222684254,,,,client-3-7,Remove,13944582,200,46574
client,client_request,completed,1777560222732284,3,,,1777560222684642,1777560222732284,1777560222684642,1777560222732284,,,,client-3-7,Insert,-14210102,200,47642
client,client_request,completed,1777560222839712,3,,,1777560222732397,1777560222839712,1777560222732397,1777560222839712,,,,client-3-7,Remove,-4040962,200,107315
client,client_request,completed,1777560222890773,3,,,1777560222839817,1777560222890773,1777560222839817,1777560222890773,,,,client-3-7,Insert,-6058769,200,50956
client,client_request,completed,1777560222939231,3,,,1777560222890922,1777560222939231,1777560222890922,1777560222939231,,,,client-3-7,Insert,-9137443,200,48309
client,client_request,completed,1777560222989257,3,,,1777560222939345,1777560222989257,1777560222939345,1777560222989257,,,,client-3-7,Remove,10409013,200,49912
client,client_request,completed,1777560223040591,3,,,1777560222989744,1777560223040591,1777560222989744,1777560223040591,,,,client-3-7,Insert,11740301,200,50847
client,client_request,completed,1777560223090055,3,,,1777560223040639,1777560223090055,1777560223040639,1777560223090055,,,,client-3-7,Insert,4946832,200,49416
client,client_request,completed,1777560223138469,3,,,1777560223090189,1777560223138469,1777560223090189,1777560223138469,,,,client-3-7,Insert,9163272,200,48280
client,client_request,completed,1777560223187410,3,,,1777560223138576,1777560223187410,1777560223138576,1777560223187410,,,,client-3-7,Insert,12027665,200,48834
client,client_request,completed,1777560223234105,3,,,1777560223187455,1777560223234105,1777560223187455,1777560223234105,,,,client-3-7,Insert,-14519042,200,46650
client,client_request,completed,1777560223274286,3,,,1777560223234261,1777560223274286,1777560223234261,1777560223274286,,,,client-3-7,Insert,-9685322,200,40025
client,client_request,completed,1777560223320923,3,,,1777560223274397,1777560223320923,1777560223274397,1777560223320923,,,,client-3-7,Insert,-8390484,200,46526
client,client_request,completed,1777560223369121,3,,,1777560223321277,1777560223369121,1777560223321277,1777560223369121,,,,client-3-7,Remove,6960313,200,47844
client,client_request,completed,1777560223418888,3,,,1777560223369262,1777560223418888,1777560223369262,1777560223418888,,,,client-3-7,Insert,-14995753,200,49626
client,client_request,completed,1777560223467532,3,,,1777560223419393,1777560223467532,1777560223419393,1777560223467532,,,,client-3-7,Remove,-15597844,200,48139
client,client_request,completed,1777560223516163,3,,,1777560223467743,1777560223516163,1777560223467743,1777560223516163,,,,client-3-7,Insert,-6935672,200,48420
client,client_request,completed,1777560223557368,3,,,1777560223516313,1777560223557368,1777560223516313,1777560223557368,,,,client-3-7,Insert,5582424,200,41055
client,client_request,completed,1777560223602223,3,,,1777560223557773,1777560223602223,1777560223557773,1777560223602223,,,,client-3-7,Insert,15354136,200,44450
client,client_request,completed,1777560223650415,3,,,1777560223602329,1777560223650415,1777560223602329,1777560223650415,,,,client-3-7,Insert,-10856992,200,48086
client,client_request,completed,1777560223698354,3,,,1777560223650528,1777560223698354,1777560223650528,1777560223698354,,,,client-3-7,Remove,-13554545,200,47826
client,client_request,completed,1777560223746846,3,,,1777560223698457,1777560223746846,1777560223698457,1777560223746846,,,,client-3-7,Remove,-789299,200,48389
client,client_request,completed,1777560223857246,3,,,1777560223747208,1777560223857246,1777560223747208,1777560223857246,,,,client-3-7,Insert,13694939,200,110038
client,client_request,completed,1777560223905347,3,,,1777560223857620,1777560223905347,1777560223857620,1777560223905347,,,,client-3-7,Insert,8190761,200,47727
client,client_request,completed,1777560223953952,3,,,1777560223905447,1777560223953952,1777560223905447,1777560223953952,,,,client-3-7,Insert,1839917,200,48505
client,client_request,completed,1777560224001453,3,,,1777560223954153,1777560224001453,1777560223954153,1777560224001453,,,,client-3-7,Remove,-7780105,200,47300
client,client_request,completed,1777560224049191,3,,,1777560224001805,1777560224049191,1777560224001805,1777560224049191,,,,client-3-7,Remove,5277056,200,47386
client,client_request,completed,1777560224096608,3,,,1777560224049308,1777560224096608,1777560224049308,1777560224096608,,,,client-3-7,Insert,8849882,200,47300
client,client_request,completed,1777560224145394,3,,,1777560224096825,1777560224145394,1777560224096825,1777560224145394,,,,client-3-7,Insert,-3624260,200,48569
client,client_request,completed,1777560224192460,3,,,1777560224145505,1777560224192460,1777560224145505,1777560224192460,,,,client-3-7,Insert,6153076,200,46955
client,client_request,completed,1777560224236419,3,,,1777560224192678,1777560224236419,1777560224192678,1777560224236419,,,,client-3-7,Remove,-2617813,200,43741
client,client_request,completed,1777560224277225,3,,,1777560224236554,1777560224277225,1777560224236554,1777560224277225,,,,client-3-7,Remove,386625,200,40671
client,client_request,completed,1777560224323816,3,,,1777560224277446,1777560224323816,1777560224277446,1777560224323816,,,,client-3-7,Insert,1756337,200,46370
client,client_request,completed,1777560224372630,3,,,1777560224323922,1777560224372630,1777560224323922,1777560224372630,,,,client-3-7,Remove,-6438352,200,48708
client,client_request,completed,1777560224421476,3,,,1777560224372735,1777560224421476,1777560224372735,1777560224421476,,,,client-3-7,Remove,6047034,200,48741
client,client_request,completed,1777560224469226,3,,,1777560224421699,1777560224469226,1777560224421699,1777560224469226,,,,client-3-7,Remove,-12457490,200,47527
client,client_request,completed,1777560224520430,3,,,1777560224469365,1777560224520430,1777560224469365,1777560224520430,,,,client-3-7,Remove,-1260211,200,51065
client,client_request,completed,1777560224564603,3,,,1777560224520813,1777560224564603,1777560224520813,1777560224564603,,,,client-3-7,Remove,-12139461,200,43790
client,client_request,completed,1777560224608537,3,,,1777560224565122,1777560224608537,1777560224565122,1777560224608537,,,,client-3-7,Insert,-6605420,200,43415
client,client_request,completed,1777560224655955,3,,,1777560224608693,1777560224655955,1777560224608693,1777560224655955,,,,client-3-7,Remove,-11515006,200,47262
client,client_request,completed,1777560224703530,3,,,1777560224656052,1777560224703530,1777560224656052,1777560224703530,,,,client-3-7,Insert,-28111,200,47478
client,client_request,completed,1777560224751744,3,,,1777560224703639,1777560224751744,1777560224703639,1777560224751744,,,,client-3-7,Remove,-6482022,200,48105
client,client_request,completed,1777560224863060,3,,,1777560224751910,1777560224863060,1777560224751910,1777560224863060,,,,client-3-7,Remove,-2195568,200,111150
client,client_request,completed,1777560224912948,3,,,1777560224863291,1777560224912948,1777560224863291,1777560224912948,,,,client-3-7,Remove,-6795871,200,49657
client,client_request,completed,1777560224961871,3,,,1777560224913058,1777560224961871,1777560224913058,1777560224961871,,,,client-3-7,Insert,-5370709,200,48813
client,client_request,completed,1777560225011957,3,,,1777560224961976,1777560225011957,1777560224961976,1777560225011957,,,,client-3-7,Insert,-8005831,200,49981
client,client_request,completed,1777560225063085,3,,,1777560225012273,1777560225063085,1777560225012273,1777560225063085,,,,client-3-7,Insert,3445969,200,50812
client,client_request,completed,1777560225113486,3,,,1777560225063431,1777560225113486,1777560225063431,1777560225113486,,,,client-3-7,Insert,4925949,200,50055
client,client_request,completed,1777560225162775,3,,,1777560225113603,1777560225162775,1777560225113603,1777560225162775,,,,client-3-7,Insert,13066534,200,49172
client,client_request,completed,1777560225211408,3,,,1777560225163291,1777560225211408,1777560225163291,1777560225211408,,,,client-3-7,Insert,-7932389,200,48117
client,client_request,completed,1777560225255181,3,,,1777560225211764,1777560225255181,1777560225211764,1777560225255181,,,,client-3-7,Remove,-14390376,200,43417
client,client_request,completed,1777560225299114,3,,,1777560225255538,1777560225299114,1777560225255538,1777560225299114,,,,client-3-7,Insert,-3724592,200,43576
client,client_request,completed,1777560225348445,3,,,1777560225299217,1777560225348445,1777560225299217,1777560225348445,,,,client-3-7,Remove,8534329,200,49228
client,client_request,completed,1777560225398262,3,,,1777560225348551,1777560225398262,1777560225348551,1777560225398262,,,,client-3-7,Insert,-1887328,200,49711
client,client_request,completed,1777560225448299,3,,,1777560225398372,1777560225448299,1777560225398372,1777560225448299,,,,client-3-7,Insert,-1986913,200,49927
client,client_request,completed,1777560225497784,3,,,1777560225448410,1777560225497784,1777560225448410,1777560225497784,,,,client-3-7,Remove,-5827930,200,49374
client,client_request,completed,1777560225543312,3,,,1777560225497956,1777560225543312,1777560225497956,1777560225543312,,,,client-3-7,Insert,15641896,200,45356
client,client_request,completed,1777560225583446,3,,,1777560225543540,1777560225583446,1777560225543540,1777560225583446,,,,client-3-7,Remove,12252796,200,39906
client,client_request,completed,1777560225633097,3,,,1777560225583547,1777560225633097,1777560225583547,1777560225633097,,,,client-3-7,Remove,8308263,200,49550
client,client_request,completed,1777560225682702,3,,,1777560225633202,1777560225682702,1777560225633202,1777560225682702,,,,client-3-7,Insert,-16148423,200,49500
client,client_request,completed,1777560225733460,3,,,1777560225682805,1777560225733460,1777560225682805,1777560225733460,,,,client-3-7,Insert,6304351,200,50655
client,client_request,completed,1777560225783977,3,,,1777560225733567,1777560225783977,1777560225733567,1777560225783977,,,,client-3-7,Insert,-6159302,200,50410
client,client_request,completed,1777560225896698,3,,,1777560225784091,1777560225896698,1777560225784091,1777560225896698,,,,client-3-7,Remove,-10214265,200,112607
client,client_request,completed,1777560225948823,3,,,1777560225896916,1777560225948823,1777560225896916,1777560225948823,,,,client-3-7,Insert,-10991425,200,51907
client,client_request,completed,1777560225998887,3,,,1777560225948916,1777560225998887,1777560225948916,1777560225998887,,,,client-3-7,Insert,-14776335,200,49971
client,client_request,completed,1777560226050524,3,,,1777560225998999,1777560226050524,1777560225998999,1777560226050524,,,,client-3-7,Insert,-4407558,200,51525
client,client_request,completed,1777560226101197,3,,,1777560226050627,1777560226101197,1777560226050627,1777560226101197,,,,client-3-7,Insert,4594922,200,50570
client,client_request,completed,1777560226152156,3,,,1777560226101303,1777560226152156,1777560226101303,1777560226152156,,,,client-3-7,Insert,3230491,200,50853
client,client_request,completed,1777560226202697,3,,,1777560226152551,1777560226202697,1777560226152551,1777560226202697,,,,client-3-7,Remove,319899,200,50146
client,client_request,completed,1777560226249726,3,,,1777560226202804,1777560226249726,1777560226202804,1777560226249726,,,,client-3-7,Insert,14078444,200,46922
client,client_request,completed,1777560226295288,3,,,1777560226249937,1777560226295288,1777560226249937,1777560226295288,,,,client-3-7,Insert,-639047,200,45351
client,client_request,completed,1777560226345237,3,,,1777560226295489,1777560226345237,1777560226295489,1777560226345237,,,,client-3-7,Insert,11606545,200,49748
client,client_request,completed,1777560226396169,3,,,1777560226345390,1777560226396169,1777560226345390,1777560226396169,,,,client-3-7,Insert,5338139,200,50779
client,client_request,completed,1777560226446827,3,,,1777560226396323,1777560226446827,1777560226396323,1777560226446827,,,,client-3-7,Insert,-6709938,200,50504
client,client_request,completed,1777560226499135,3,,,1777560226446932,1777560226499135,1777560226446932,1777560226499135,,,,client-3-7,Insert,-9108131,200,52203
client,client_request,completed,1777560226552471,3,,,1777560226499263,1777560226552471,1777560226499263,1777560226552471,,,,client-3-7,Remove,-6756225,200,53208
client,client_request,completed,1777560226603956,3,,,1777560226552933,1777560226603956,1777560226552933,1777560226603956,,,,client-3-7,Insert,13104616,200,51023
client,client_request,completed,1777560226665001,3,,,1777560226604094,1777560226665001,1777560226604094,1777560226665001,,,,client-3-7,Remove,15849596,200,60907
client,client_request,completed,1777560226715826,3,,,1777560226665129,1777560226715826,1777560226665129,1777560226715826,,,,client-3-7,Insert,-10816990,200,50697
client,client_request,completed,1777560226764226,3,,,1777560226716610,1777560226764226,1777560226716610,1777560226764226,,,,client-3-7,Remove,3345149,200,47616
client,client_request,completed,1777560226879077,3,,,1777560226764447,1777560226879077,1777560226764447,1777560226879077,,,,client-3-7,Insert,-10478931,200,114630
client,client_request,completed,1777560226930717,3,,,1777560226879182,1777560226930717,1777560226879182,1777560226930717,,,,client-3-7,Insert,-9792365,200,51535
client,client_request,completed,1777560226980780,3,,,1777560226930927,1777560226980780,1777560226930927,1777560226980780,,,,client-3-7,Insert,6717621,200,49853
client,client_request,completed,1777560227030945,3,,,1777560226980965,1777560227030945,1777560226980965,1777560227030945,,,,client-3-7,Remove,11598492,200,49980
client,client_request,completed,1777560227081465,3,,,1777560227031089,1777560227081465,1777560227031089,1777560227081465,,,,client-3-7,Remove,3941519,200,50376
client,client_request,completed,1777560227131889,3,,,1777560227081578,1777560227131889,1777560227081578,1777560227131889,,,,client-3-7,Remove,-360635,200,50311
client,client_request,completed,1777560227182047,3,,,1777560227132000,1777560227182047,1777560227132000,1777560227182047,,,,client-3-7,Remove,16752959,200,50047
client,client_request,completed,1777560227229485,3,,,1777560227182150,1777560227229485,1777560227182150,1777560227229485,,,,client-3-7,Insert,-8880922,200,47335
client,client_request,completed,1777560227268670,3,,,1777560227229625,1777560227268670,1777560227229625,1777560227268670,,,,client-3-7,Remove,-1255598,200,39045
client,client_request,completed,1777560227315253,3,,,1777560227268795,1777560227315253,1777560227268795,1777560227315253,,,,client-3-7,Insert,-7889155,200,46458
client,client_request,completed,1777560227363616,3,,,1777560227315468,1777560227363616,1777560227315468,1777560227363616,,,,client-3-7,Insert,-16711607,200,48148
client,client_request,completed,1777560227413912,3,,,1777560227363731,1777560227413912,1777560227363731,1777560227413912,,,,client-3-7,Insert,-3317955,200,50181
client,client_request,completed,1777560227463284,3,,,1777560227414061,1777560227463284,1777560227414061,1777560227463284,,,,client-3-7,Remove,9309349,200,49223
client,client_request,completed,1777560227513615,3,,,1777560227463389,1777560227513615,1777560227463389,1777560227513615,,,,client-3-7,Remove,10212014,200,50226
client,client_request,completed,1777560227558660,3,,,1777560227513714,1777560227558660,1777560227513714,1777560227558660,,,,client-3-7,Insert,5493140,200,44946
client,client_request,completed,1777560227605178,3,,,1777560227559057,1777560227605178,1777560227559057,1777560227605178,,,,client-3-7,Remove,-233149,200,46121
client,client_request,completed,1777560227657724,3,,,1777560227605553,1777560227657724,1777560227605553,1777560227657724,,,,client-3-7,Remove,-7438649,200,52171
client,client_request,completed,1777560227709770,3,,,1777560227657908,1777560227709770,1777560227657908,1777560227709770,,,,client-3-7,Insert,-2645498,200,51862
client,client_request,completed,1777560227762770,3,,,1777560227709859,1777560227762770,1777560227709859,1777560227762770,,,,client-3-7,Insert,-15802078,200,52911
client,client_request,completed,1777560227876674,3,,,1777560227762883,1777560227876674,1777560227762883,1777560227876674,,,,client-3-7,Insert,7657790,200,113791
client,client_request,completed,1777560227928129,3,,,1777560227876819,1777560227928129,1777560227876819,1777560227928129,,,,client-3-7,Remove,7569138,200,51310
client,client_request,completed,1777560227980691,3,,,1777560227928275,1777560227980691,1777560227928275,1777560227980691,,,,client-3-7,Remove,-11431977,200,52416
client,client_request,completed,1777560228034388,3,,,1777560227980807,1777560228034388,1777560227980807,1777560228034388,,,,client-3-7,Remove,-5776888,200,53581
client,client_request,completed,1777560228085690,3,,,1777560228034639,1777560228085690,1777560228034639,1777560228085690,,,,client-3-7,Insert,12953188,200,51051
client,client_request,completed,1777560228138444,3,,,1777560228085792,1777560228138444,1777560228085792,1777560228138444,,,,client-3-7,Insert,7473656,200,52652
client,client_request,completed,1777560228190988,3,,,1777560228138826,1777560228190988,1777560228138826,1777560228190988,,,,client-3-7,Insert,10272845,200,52162
client,client_request,completed,1777560228240742,3,,,1777560228191587,1777560228240742,1777560228191587,1777560228240742,,,,client-3-7,Remove,6256329,200,49155
client,client_request,completed,1777560228289764,3,,,1777560228241068,1777560228289764,1777560228241068,1777560228289764,,,,client-3-7,Remove,-16561361,200,48696
client,client_request,completed,1777560228342109,3,,,1777560228289868,1777560228342109,1777560228289868,1777560228342109,,,,client-3-7,Remove,-13283361,200,52241
client,client_request,completed,1777560228393009,3,,,1777560228342888,1777560228393009,1777560228342888,1777560228393009,,,,client-3-7,Remove,-5782692,200,50121
client,client_request,completed,1777560228445185,3,,,1777560228393379,1777560228445185,1777560228393379,1777560228445185,,,,client-3-7,Remove,-16192468,200,51806
client,client_request,completed,1777560228497091,3,,,1777560228445391,1777560228497091,1777560228445391,1777560228497091,,,,client-3-7,Insert,8351006,200,51700
client,client_request,completed,1777560228545133,3,,,1777560228497210,1777560228545133,1777560228497210,1777560228545133,,,,client-3-7,Remove,-6107983,200,47923
client,client_request,completed,1777560228590390,3,,,1777560228545241,1777560228590390,1777560228545241,1777560228590390,,,,client-3-7,Insert,12714436,200,45149
client,client_request,completed,1777560228641669,3,,,1777560228590797,1777560228641669,1777560228590797,1777560228641669,,,,client-3-7,Insert,3574091,200,50872
client,client_request,completed,1777560228694115,3,,,1777560228641876,1777560228694115,1777560228641876,1777560228694115,,,,client-3-7,Remove,-14160108,200,52239
client,client_request,completed,1777560228746660,3,,,1777560228694232,1777560228746660,1777560228694232,1777560228746660,,,,client-3-7,Remove,-7872317,200,52428
client,client_request,completed,1777560228864561,3,,,1777560228747427,1777560228864561,1777560228747427,1777560228864561,,,,client-3-7,Remove,-803982,200,117134
client,client_request,completed,1777560228930783,3,,,1777560228864677,1777560228930783,1777560228864677,1777560228930783,,,,client-3-7,Insert,6561485,200,66106
client,client_request,completed,1777560228996586,3,,,1777560228930910,1777560228996586,1777560228930910,1777560228996586,,,,client-3-7,Remove,-9800883,200,65676
client,client_request,completed,1777560229062022,3,,,1777560228996721,1777560229062022,1777560228996721,1777560229062022,,,,client-3-7,Insert,2709299,200,65301
client,client_request,completed,1777560229127897,3,,,1777560229062127,1777560229127897,1777560229062127,1777560229127897,,,,client-3-7,Insert,-15957262,200,65770
client,client_request,completed,1777560229195557,3,,,1777560229128280,1777560229195557,1777560229128280,1777560229195557,,,,client-3-7,Insert,-15728087,200,67277
client,client_request,completed,1777560229258742,3,,,1777560229196006,1777560229258742,1777560229196006,1777560229258742,,,,client-3-7,Insert,16099240,200,62736
client,client_request,completed,1777560229326729,3,,,1777560229258960,1777560229326729,1777560229258960,1777560229326729,,,,client-3-7,Remove,9562183,200,67769
client,client_request,completed,1777560229396156,3,,,1777560229327130,1777560229396156,1777560229327130,1777560229396156,,,,client-3-7,Insert,-13831610,200,69026
client,client_request,completed,1777560229464438,3,,,1777560229396296,1777560229464438,1777560229396296,1777560229464438,,,,client-3-7,Insert,-11876993,200,68142
client,client_request,completed,1777560229531609,3,,,1777560229464544,1777560229531609,1777560229464544,1777560229531609,,,,client-3-7,Remove,10726965,200,67065
client,client_request,completed,1777560229594444,3,,,1777560229531712,1777560229594444,1777560229531712,1777560229594444,,,,client-3-7,Remove,-11403053,200,62732
client,client_request,completed,1777560229661535,3,,,1777560229594651,1777560229661535,1777560229594651,1777560229661535,,,,client-3-7,Insert,12614583,200,66884
client,client_request,completed,1777560229728349,3,,,1777560229661749,1777560229728349,1777560229661749,1777560229728349,,,,client-3-7,Insert,8880347,200,66600
client,client_request,completed,1777560229853599,3,,,1777560229728501,1777560229853599,1777560229728501,1777560229853599,,,,client-3-7,Insert,-935417,200,125098
client,client_request,completed,1777560229921846,3,,,1777560229853946,1777560229921846,1777560229853946,1777560229921846,,,,client-3-7,Remove,14633223,200,67900
client,client_request,completed,1777560229989779,3,,,1777560229922068,1777560229989779,1777560229922068,1777560229989779,,,,client-3-7,Insert,-3907420,200,67711
client,client_request,completed,1777560230059082,3,,,1777560229989948,1777560230059082,1777560229989948,1777560230059082,,,,client-3-7,Remove,11041401,200,69134
client,client_request,completed,1777560230128151,3,,,1777560230059460,1777560230128151,1777560230059460,1777560230128151,,,,client-3-7,Insert,-5643906,200,68691
client,client_request,completed,1777560230196467,3,,,1777560230128427,1777560230196467,1777560230128427,1777560230196467,,,,client-3-7,Remove,-5248448,200,68040
client,client_request,completed,1777560230257495,3,,,1777560230196573,1777560230257495,1777560230196573,1777560230257495,,,,client-3-7,Insert,13187620,200,60922
client,client_request,completed,1777560230320825,3,,,1777560230257600,1777560230320825,1777560230257600,1777560230320825,,,,client-3-7,Remove,2114457,200,63225
client,client_request,completed,1777560230384814,3,,,1777560230320955,1777560230384814,1777560230320955,1777560230384814,,,,client-3-7,Insert,-15890929,200,63859
client,client_request,completed,1777560230452294,3,,,1777560230384922,1777560230452294,1777560230384922,1777560230452294,,,,client-3-7,Remove,10208685,200,67372
client,client_request,completed,1777560230518867,3,,,1777560230452442,1777560230518867,1777560230452442,1777560230518867,,,,client-3-7,Remove,12616987,200,66425
client,client_request,completed,1777560230584238,3,,,1777560230518957,1777560230584238,1777560230518957,1777560230584238,,,,client-3-7,Remove,16185492,200,65281
client,client_request,completed,1777560230648246,3,,,1777560230584314,1777560230648246,1777560230584314,1777560230648246,,,,client-3-7,Insert,-1133960,200,63932
client,client_request,completed,1777560230716282,3,,,1777560230648415,1777560230716282,1777560230648415,1777560230716282,,,,client-3-7,Remove,2813026,200,67867
client,client_request,completed,1777560230850412,3,,,1777560230716332,1777560230850412,1777560230716332,1777560230850412,,,,client-3-7,Insert,2456699,200,134080
client,client_request,completed,1777560230920319,3,,,1777560230850525,1777560230920319,1777560230850525,1777560230920319,,,,client-3-7,Remove,-8040992,200,69794
client,client_request,completed,1777560230991931,3,,,1777560230920563,1777560230991931,1777560230920563,1777560230991931,,,,client-3-7,Remove,-14810152,200,71368
client,client_request,completed,1777560231062763,3,,,1777560230992341,1777560231062763,1777560230992341,1777560231062763,,,,client-3-7,Remove,-2746957,200,70422
client,client_request,completed,1777560231132625,3,,,1777560231062900,1777560231132625,1777560231062900,1777560231132625,,,,client-3-7,Insert,-15241950,200,69725
client,client_request,completed,1777560231202825,3,,,1777560231132735,1777560231202825,1777560231132735,1777560231202825,,,,client-3-7,Remove,-12681335,200,70090
client,client_request,completed,1777560231270624,3,,,1777560231202932,1777560231270624,1777560231202932,1777560231270624,,,,client-3-7,Remove,-14127158,200,67692
client,client_request,completed,1777560231340961,3,,,1777560231270737,1777560231340961,1777560231270737,1777560231340961,,,,client-3-7,Insert,4274674,200,70224
client,client_request,completed,1777560231412565,3,,,1777560231341093,1777560231412565,1777560231341093,1777560231412565,,,,client-3-7,Remove,-11151947,200,71472
client,client_request,completed,1777560231484619,3,,,1777560231412677,1777560231484619,1777560231412677,1777560231484619,,,,client-3-7,Remove,-4262681,200,71942
client,client_request,completed,1777560231553239,3,,,1777560231484722,1777560231553239,1777560231484722,1777560231553239,,,,client-3-7,Insert,-12922131,200,68517
client,client_request,completed,1777560231621942,3,,,1777560231553293,1777560231621942,1777560231553293,1777560231621942,,,,client-3-7,Insert,5293259,200,68649
client,client_request,completed,1777560231689214,3,,,1777560231622075,1777560231689214,1777560231622075,1777560231689214,,,,client-3-7,Remove,8528839,200,67139
client,client_request,completed,1777560231757293,3,,,1777560231689320,1777560231757293,1777560231689320,1777560231757293,,,,client-3-7,Insert,-12422704,200,67973
client,client_request,completed,1777560231891942,3,,,1777560231757401,1777560231891942,1777560231757401,1777560231891942,,,,client-3-7,Remove,11156104,200,134541
client,client_request,completed,1777560231963908,3,,,1777560231892310,1777560231963908,1777560231892310,1777560231963908,,,,client-3-7,Insert,456425,200,71598
client,client_request,completed,1777560232030004,3,,,1777560231964014,1777560232030004,1777560231964014,1777560232030004,,,,client-3-7,Insert,11632892,200,65990
client,client_request,completed,1777560232096268,3,,,1777560232030096,1777560232096268,1777560232030096,1777560232096268,,,,client-3-7,Insert,2823319,200,66172
client,client_request,completed,1777560232161953,3,,,1777560232096379,1777560232161953,1777560232096379,1777560232161953,,,,client-3-7,Insert,-4057513,200,65574
client,client_request,completed,1777560232227273,3,,,1777560232162056,1777560232227273,1777560232162056,1777560232227273,,,,client-3-7,Insert,-4034249,200,65217
client,client_request,completed,1777560232287448,3,,,1777560232227482,1777560232287448,1777560232227482,1777560232287448,,,,client-3-7,Remove,8898345,200,59966
client,client_request,completed,1777560232354802,3,,,1777560232287551,1777560232354802,1777560232287551,1777560232354802,,,,client-3-7,Insert,3005269,200,67251
client,client_request,completed,1777560232422999,3,,,1777560232354908,1777560232422999,1777560232354908,1777560232422999,,,,client-3-7,Remove,-14083603,200,68091
client,client_request,completed,1777560232490794,3,,,1777560232423318,1777560232490794,1777560232423318,1777560232490794,,,,client-3-7,Insert,10062387,200,67476
client,client_request,completed,1777560232555302,3,,,1777560232490926,1777560232555302,1777560232490926,1777560232555302,,,,client-3-7,Remove,-8034523,200,64376
client,client_request,completed,1777560232619519,3,,,1777560232555412,1777560232619519,1777560232555412,1777560232619519,,,,client-3-7,Remove,-3063629,200,64107
client,client_request,completed,1777560232686944,3,,,1777560232619637,1777560232686944,1777560232619637,1777560232686944,,,,client-3-7,Remove,14738897,200,67307
client,client_request,completed,1777560232755765,3,,,1777560232687049,1777560232755765,1777560232687049,1777560232755765,,,,client-3-7,Remove,16054330,200,68716
client,client_request,completed,1777560232892435,3,,,1777560232756039,1777560232892435,1777560232756039,1777560232892435,,,,client-3-7,Remove,43335,200,136396
client,client_request,completed,1777560232980152,3,,,1777560232892647,1777560232980152,1777560232892647,1777560232980152,,,,client-3-7,Remove,-5560907,200,87505
client,client_request,completed,1777560233051076,3,,,1777560232980402,1777560233051076,1777560232980402,1777560233051076,,,,client-3-7,Insert,9845061,200,70674
client,client_request,completed,1777560233120364,3,,,1777560233051172,1777560233120364,1777560233051172,1777560233120364,,,,client-3-7,Remove,2665028,200,69192
client,client_request,completed,1777560233191794,3,,,1777560233120465,1777560233191794,1777560233120465,1777560233191794,,,,client-3-7,Insert,1739229,200,71329
client,client_request,completed,1777560233259288,3,,,1777560233191901,1777560233259288,1777560233191901,1777560233259288,,,,client-3-7,Remove,-4054328,200,67387
client,client_request,completed,1777560233329993,3,,,1777560233259438,1777560233329993,1777560233259438,1777560233329993,,,,client-3-7,Insert,-6198369,200,70555
client,client_request,completed,1777560233401456,3,,,1777560233330369,1777560233401456,1777560233330369,1777560233401456,,,,client-3-7,Insert,1096715,200,71087
client,client_request,completed,1777560233474137,3,,,1777560233401532,1777560233474137,1777560233401532,1777560233474137,,,,client-3-7,Insert,-9915381,200,72605
client,client_request,completed,1777560233544728,3,,,1777560233474282,1777560233544728,1777560233474282,1777560233544728,,,,client-3-7,Remove,15832800,200,70446
client,client_request,completed,1777560233615121,3,,,1777560233544922,1777560233615121,1777560233544922,1777560233615121,,,,client-3-7,Insert,-3330515,200,70199
client,client_request,completed,1777560233686810,3,,,1777560233615347,1777560233686810,1777560233615347,1777560233686810,,,,client-3-7,Insert,5888623,200,71463
client,client_request,completed,1777560233757185,3,,,1777560233686961,1777560233757185,1777560233686961,1777560233757185,,,,client-3-7,Remove,-16624119,200,70224
client,client_request,completed,1777560233893454,3,,,1777560233757549,1777560233893454,1777560233757549,1777560233893454,,,,client-3-7,Remove,7953391,200,135905
client,client_request,completed,1777560233966914,3,,,1777560233893667,1777560233966914,1777560233893667,1777560233966914,,,,client-3-7,Remove,-3772193,200,73247
client,client_request,completed,1777560234041182,3,,,1777560233967124,1777560234041182,1777560233967124,1777560234041182,,,,client-3-7,Remove,4771504,200,74058
client,client_request,completed,1777560234115904,3,,,1777560234041289,1777560234115904,1777560234041289,1777560234115904,,,,client-3-7,Remove,-7323830,200,74615
client,client_request,completed,1777560234188703,3,,,1777560234116131,1777560234188703,1777560234116131,1777560234188703,,,,client-3-7,Remove,-11445386,200,72572
client,client_request,completed,1777560234258370,3,,,1777560234188810,1777560234258370,1777560234188810,1777560234258370,,,,client-3-7,Remove,2163232,200,69560
client,client_request,completed,1777560234328294,3,,,1777560234258474,1777560234328294,1777560234258474,1777560234328294,,,,client-3-7,Remove,-9699467,200,69820
client,client_request,completed,1777560234401604,3,,,1777560234328403,1777560234401604,1777560234328403,1777560234401604,,,,client-3-7,Remove,-2558392,200,73201
client,client_request,completed,1777560234475485,3,,,1777560234401707,1777560234475485,1777560234401707,1777560234475485,,,,client-3-7,Insert,-12654211,200,73778
client,client_request,completed,1777560234547381,3,,,1777560234475589,1777560234547381,1777560234475589,1777560234547381,,,,client-3-7,Remove,-5013390,200,71792
client,client_request,completed,1777560234631042,3,,,1777560234547490,1777560234631042,1777560234547490,1777560234631042,,,,client-3-7,Remove,5884048,200,83552
client,client_request,completed,1777560234705654,3,,,1777560234631118,1777560234705654,1777560234631118,1777560234705654,,,,client-3-7,Remove,-14486197,200,74536
client,client_request,completed,1777560234839668,3,,,1777560234705847,1777560234839668,1777560234705847,1777560234839668,,,,client-3-7,Remove,4231324,200,133821
client,client_request,completed,1777560234913939,3,,,1777560234839789,1777560234913939,1777560234839789,1777560234913939,,,,client-3-7,Remove,-2137381,200,74150
client,client_request,completed,1777560234988873,3,,,1777560234914072,1777560234988873,1777560234914072,1777560234988873,,,,client-3-7,Insert,4129974,200,74801
client,client_request,completed,1777560235063413,3,,,1777560234989041,1777560235063413,1777560234989041,1777560235063413,,,,client-3-7,Remove,9477995,200,74372
client,client_request,completed,1777560235139324,3,,,1777560235063819,1777560235139324,1777560235063819,1777560235139324,,,,client-3-7,Insert,5419008,200,75505
client,client_request,completed,1777560235212512,3,,,1777560235139470,1777560235212512,1777560235139470,1777560235212512,,,,client-3-7,Remove,-397426,200,73042
client,client_request,completed,1777560235277750,3,,,1777560235212616,1777560235277750,1777560235212616,1777560235277750,,,,client-3-7,Insert,9324611,200,65134
client,client_request,completed,1777560235355155,3,,,1777560235277890,1777560235355155,1777560235277890,1777560235355155,,,,client-3-7,Remove,-4310468,200,77265
client,client_request,completed,1777560235429270,3,,,1777560235355250,1777560235429270,1777560235355250,1777560235429270,,,,client-3-7,Insert,-13948919,200,74020
client,client_request,completed,1777560235502305,3,,,1777560235429378,1777560235502305,1777560235429378,1777560235502305,,,,client-3-7,Insert,13361364,200,72927
client,client_request,completed,1777560235572410,3,,,1777560235502419,1777560235572410,1777560235502419,1777560235572410,,,,client-3-7,Remove,11716355,200,69991
client,client_request,completed,1777560235644100,3,,,1777560235572563,1777560235644100,1777560235572563,1777560235644100,,,,client-3-7,Remove,-10504228,200,71537
client,client_request,completed,1777560235716679,3,,,1777560235644341,1777560235716679,1777560235644341,1777560235716679,,,,client-3-7,Insert,9320652,200,72338
client,client_request,completed,1777560235790279,3,,,1777560235716792,1777560235790279,1777560235716792,1777560235790279,,,,client-3-7,Remove,-9115976,200,73487
client,client_request,completed,1777560235926027,3,,,1777560235790988,1777560235926027,1777560235790988,1777560235926027,,,,client-3-7,Insert,2160256,200,135039
client,client_request,completed,1777560235996470,3,,,1777560235926234,1777560235996470,1777560235926234,1777560235996470,,,,client-3-7,Insert,7679477,200,70236
client,client_request,completed,1777560236068856,3,,,1777560235996599,1777560236068856,1777560235996599,1777560236068856,,,,client-3-7,Insert,-8185021,200,72257
client,client_request,completed,1777560236140329,3,,,1777560236068981,1777560236140329,1777560236068981,1777560236140329,,,,client-3-7,Insert,-6021892,200,71348
client,client_request,completed,1777560236211160,3,,,1777560236140431,1777560236211160,1777560236140431,1777560236211160,,,,client-3-7,Insert,-8908068,200,70729
client,client_request,completed,1777560236275556,3,,,1777560236211260,1777560236275556,1777560236211260,1777560236275556,,,,client-3-7,Insert,-8847147,200,64296
client,client_request,completed,1777560236346614,3,,,1777560236275678,1777560236346614,1777560236275678,1777560236346614,,,,client-3-7,Remove,2147361,200,70936
client,client_request,completed,1777560236415673,3,,,1777560236346839,1777560236415673,1777560236346839,1777560236415673,,,,client-3-7,Remove,2781088,200,68834
client,client_request,completed,1777560236484803,3,,,1777560236415777,1777560236484803,1777560236415777,1777560236484803,,,,client-3-7,Insert,2251460,200,69026
client,client_request,completed,1777560236551998,3,,,1777560236485192,1777560236551998,1777560236485192,1777560236551998,,,,client-3-7,Remove,-13462784,200,66806
client,client_request,completed,1777560236616722,3,,,1777560236552139,1777560236616722,1777560236552139,1777560236616722,,,,client-3-7,Insert,-11130740,200,64583
client,client_request,completed,1777560236685700,3,,,1777560236616824,1777560236685700,1777560236616824,1777560236685700,,,,client-3-7,Remove,-5273551,200,68876
client,client_request,completed,1777560236754034,3,,,1777560236686733,1777560236754034,1777560236686733,1777560236754034,,,,client-3-7,Insert,-15451968,200,67301
client,client_request,completed,1777560236885068,3,,,1777560236754139,1777560236885068,1777560236754139,1777560236885068,,,,client-3-7,Remove,241080,200,130929
client,client_request,completed,1777560236953303,3,,,1777560236885133,1777560236953303,1777560236885133,1777560236953303,,,,client-3-7,Insert,-16277018,200,68170
client,client_request,completed,1777560237021836,3,,,1777560236953967,1777560237021836,1777560236953967,1777560237021836,,,,client-3-7,Insert,6379139,200,67869
client,client_request,completed,1777560237091775,3,,,1777560237021885,1777560237091775,1777560237021885,1777560237091775,,,,client-3-7,Insert,16090788,200,69890
client,client_request,completed,1777560237161573,3,,,1777560237091828,1777560237161573,1777560237091828,1777560237161573,,,,client-3-7,Insert,5594602,200,69745
client,client_request,completed,1777560237228953,3,,,1777560237161644,1777560237228953,1777560237161644,1777560237228953,,,,client-3-7,Remove,-1611177,200,67309
client,client_request,completed,1777560237291277,3,,,1777560237229300,1777560237291277,1777560237229300,1777560237291277,,,,client-3-7,Insert,-11401377,200,61977
client,client_request,completed,1777560237360838,3,,,1777560237291334,1777560237360838,1777560237291334,1777560237360838,,,,client-3-7,Insert,8153601,200,69504
client,client_request,completed,1777560237430323,3,,,1777560237360955,1777560237430323,1777560237360955,1777560237430323,,,,client-3-7,Insert,-9015900,200,69368
client,client_request,completed,1777560237499317,3,,,1777560237430377,1777560237499317,1777560237430377,1777560237499317,,,,client-3-7,Insert,-8658081,200,68940
client,client_request,completed,1777560237563943,3,,,1777560237499374,1777560237563943,1777560237499374,1777560237563943,,,,client-3-7,Remove,10442147,200,64569
client,client_request,completed,1777560237627830,3,,,1777560237563998,1777560237627830,1777560237563998,1777560237627830,,,,client-3-7,Remove,513199,200,63832
client,client_request,completed,1777560237695269,3,,,1777560237627885,1777560237695269,1777560237627885,1777560237695269,,,,client-3-7,Remove,16006803,200,67384
client,client_request,completed,1777560237767932,3,,,1777560237695323,1777560237767932,1777560237695323,1777560237767932,,,,client-3-7,Insert,-15919030,200,72609
client,client_request,completed,1777560237900355,3,,,1777560237768302,1777560237900355,1777560237768302,1777560237900355,,,,client-3-7,Remove,-14804107,200,132053
client,client_request,completed,1777560237970392,3,,,1777560237900475,1777560237970392,1777560237900475,1777560237970392,,,,client-3-7,Insert,7880056,200,69917
client,client_request,completed,1777560238043494,3,,,1777560237971547,1777560238043494,1777560237971547,1777560238043494,,,,client-3-7,Remove,-13890464,200,71947
client,client_request,completed,1777560238115599,3,,,1777560238043601,1777560238115599,1777560238043601,1777560238115599,,,,client-3-7,Insert,12828993,200,71998
client,client_request,completed,1777560238185696,3,,,1777560238115986,1777560238185696,1777560238115986,1777560238185696,,,,client-3-7,Remove,-11787510,200,69710
client,client_request,completed,1777560238256951,3,,,1777560238185797,1777560238256951,1777560238185797,1777560238256951,,,,client-3-7,Remove,-13370299,200,71154
client,client_request,completed,1777560238324781,3,,,1777560238257174,1777560238324781,1777560238257174,1777560238324781,,,,client-3-7,Insert,-6233541,200,67607
client,client_request,completed,1777560238394636,3,,,1777560238324912,1777560238394636,1777560238324912,1777560238394636,,,,client-3-7,Insert,-5970130,200,69724
client,client_request,completed,1777560238465263,3,,,1777560238394740,1777560238465263,1777560238394740,1777560238465263,,,,client-3-7,Remove,1928081,200,70523
client,client_request,completed,1777560238535553,3,,,1777560238465462,1777560238535553,1777560238465462,1777560238535553,,,,client-3-7,Remove,14919417,200,70091
client,client_request,completed,1777560238599562,3,,,1777560238535666,1777560238599562,1777560238535666,1777560238599562,,,,client-3-7,Remove,-9826461,200,63896
client,client_request,completed,1777560238668027,3,,,1777560238599882,1777560238668027,1777560238599882,1777560238668027,,,,client-3-7,Remove,13822540,200,68145
client,client_request,completed,1777560238737457,3,,,1777560238668529,1777560238737457,1777560238668529,1777560238737457,,,,client-3-7,Remove,15558951,200,68928
client,client_request,completed,1777560238874905,3,,,1777560238737577,1777560238874905,1777560238737577,1777560238874905,,,,client-3-7,Insert,4499280,200,137328
client,client_request,completed,1777560238947053,3,,,1777560238875021,1777560238947053,1777560238875021,1777560238947053,,,,client-3-7,Remove,-2923229,200,72032
client,client_request,completed,1777560239020645,3,,,1777560238947157,1777560239020645,1777560238947157,1777560239020645,,,,client-3-7,Remove,8807414,200,73488
client,client_request,completed,1777560239093555,3,,,1777560239020758,1777560239093555,1777560239020758,1777560239093555,,,,client-3-7,Remove,-14551020,200,72797
client,client_request,completed,1777560239168629,3,,,1777560239093938,1777560239168629,1777560239093938,1777560239168629,,,,client-3-7,Insert,12945688,200,74691
client,client_request,completed,1777560239242552,3,,,1777560239168731,1777560239242552,1777560239168731,1777560239242552,,,,client-3-7,Remove,15811645,200,73821
client,client_request,completed,1777560239311339,3,,,1777560239243009,1777560239311339,1777560239243009,1777560239311339,,,,client-3-7,Insert,-6430158,200,68330
client,client_request,completed,1777560239388432,3,,,1777560239311907,1777560239388432,1777560239311907,1777560239388432,,,,client-3-7,Insert,-16168674,200,76525
client,client_request,completed,1777560239463838,3,,,1777560239388544,1777560239463838,1777560239388544,1777560239463838,,,,client-3-7,Insert,7827068,200,75294
client,client_request,completed,1777560239540344,3,,,1777560239464069,1777560239540344,1777560239464069,1777560239540344,,,,client-3-7,Remove,-7172107,200,76275
client,client_request,completed,1777560239610896,3,,,1777560239540787,1777560239610896,1777560239540787,1777560239610896,,,,client-3-7,Remove,5532792,200,70109
client,client_request,completed,1777560239684722,3,,,1777560239611261,1777560239684722,1777560239611261,1777560239684722,,,,client-3-7,Remove,7061072,200,73461
client,client_request,completed,1777560239759434,3,,,1777560239684828,1777560239759434,1777560239684828,1777560239759434,,,,client-3-7,Insert,15745256,200,74606
client,client_request,completed,1777560239905195,3,,,1777560239759543,1777560239905195,1777560239759543,1777560239905195,,,,client-3-7,Remove,-13504526,200,145652
client,client_request,completed,1777560239995079,3,,,1777560239905353,1777560239995079,1777560239905353,1777560239995079,,,,client-3-7,Insert,-12286045,200,89726
client,client_request,completed,1777560240072126,3,,,1777560239995139,1777560240072126,1777560239995139,1777560240072126,,,,client-3-7,Insert,7970105,200,76987
client,client_request,completed,1777560240148377,3,,,1777560240072227,1777560240148377,1777560240072227,1777560240148377,,,,client-3-7,Remove,1061560,200,76150
client,client_request,completed,1777560240223586,3,,,1777560240148439,1777560240223586,1777560240148439,1777560240223586,,,,client-3-7,Remove,3542431,200,75147
client,client_request,completed,1777560240292005,3,,,1777560240223645,1777560240292005,1777560240223645,1777560240292005,,,,client-3-7,Insert,-5545425,200,68360
client,client_request,completed,1777560240367425,3,,,1777560240292057,1777560240367425,1777560240292057,1777560240367425,,,,client-3-7,Remove,14649078,200,75368
client,client_request,completed,1777560240442575,3,,,1777560240367528,1777560240442575,1777560240367528,1777560240442575,,,,client-3-7,Insert,7014577,200,75047
client,client_request,completed,1777560240517644,3,,,1777560240442686,1777560240517644,1777560240442686,1777560240517644,,,,client-3-7,Remove,3531977,200,74958
client,client_request,completed,1777560240586610,3,,,1777560240517748,1777560240586610,1777560240517748,1777560240586610,,,,client-3-7,Insert,-2393834,200,68862
client,client_request,completed,1777560240661514,3,,,1777560240586720,1777560240661514,1777560240586720,1777560240661514,,,,client-3-7,Insert,1047069,200,74794
client,client_request,completed,1777560240736951,3,,,1777560240661620,1777560240736951,1777560240661620,1777560240736951,,,,client-3-7,Insert,10145961,200,75331
client,client_request,completed,1777560240870747,3,,,1777560240737055,1777560240870747,1777560240737055,1777560240870747,,,,client-3-7,Remove,-11734945,200,133692
client,client_request,completed,1777560240945212,3,,,1777560240870874,1777560240945212,1777560240870874,1777560240945212,,,,client-3-7,Insert,-630302,200,74338
client,client_request,completed,1777560241020119,3,,,1777560240945314,1777560241020119,1777560240945314,1777560241020119,,,,client-3-7,Remove,-10370885,200,74805
client,client_request,completed,1777560241096150,3,,,1777560241020258,1777560241096150,1777560241020258,1777560241096150,,,,client-3-7,Insert,6615643,200,75892
client,client_request,completed,1777560241172098,3,,,1777560241096281,1777560241172098,1777560241096281,1777560241172098,,,,client-3-7,Remove,-5360928,200,75817
client,client_request,completed,1777560241245483,3,,,1777560241172546,1777560241245483,1777560241172546,1777560241245483,,,,client-3-7,Insert,2248941,200,72937
client,client_request,completed,1777560241319068,3,,,1777560241245625,1777560241319068,1777560241245625,1777560241319068,,,,client-3-7,Insert,-3938576,200,73443
client,client_request,completed,1777560241397977,3,,,1777560241319174,1777560241397977,1777560241319174,1777560241397977,,,,client-3-7,Insert,-1365717,200,78803
client,client_request,completed,1777560241475928,3,,,1777560241398355,1777560241475928,1777560241398355,1777560241475928,,,,client-3-7,Insert,611301,200,77573
client,client_request,completed,1777560241552539,3,,,1777560241476302,1777560241552539,1777560241476302,1777560241552539,,,,client-3-7,Remove,-9372228,200,76237
client,client_request,completed,1777560241627841,3,,,1777560241552670,1777560241627841,1777560241552670,1777560241627841,,,,client-3-7,Insert,-6787845,200,75171
client,client_request,completed,1777560241707940,3,,,1777560241628022,1777560241707940,1777560241628022,1777560241707940,,,,client-3-7,Insert,-13619254,200,79918
client,client_request,completed,1777560241846732,3,,,1777560241708140,1777560241846732,1777560241708140,1777560241846732,,,,client-3-7,Insert,-10727425,200,138592
client,client_request,completed,1777560241921377,3,,,1777560241846841,1777560241921377,1777560241846841,1777560241921377,,,,client-3-7,Remove,2730807,200,74536
client,client_request,completed,1777560241997801,3,,,1777560241921812,1777560241997801,1777560241921812,1777560241997801,,,,client-3-7,Insert,1532647,200,75989
client,client_request,completed,1777560242073232,3,,,1777560241997916,1777560242073232,1777560241997916,1777560242073232,,,,client-3-7,Remove,11070021,200,75316
client,client_request,completed,1777560242149208,3,,,1777560242073330,1777560242149208,1777560242073330,1777560242149208,,,,client-3-7,Insert,3277866,200,75878
client,client_request,completed,1777560242222849,3,,,1777560242149574,1777560242222849,1777560242149574,1777560242222849,,,,client-3-7,Remove,-4292185,200,73275
client,client_request,completed,1777560242291337,3,,,1777560242222958,1777560242291337,1777560242222958,1777560242291337,,,,client-3-7,Remove,-12224520,200,68379
client,client_request,completed,1777560242365026,3,,,1777560242291555,1777560242365026,1777560242291555,1777560242365026,,,,client-3-7,Insert,-9051572,200,73471
client,client_request,completed,1777560242438324,3,,,1777560242365229,1777560242438324,1777560242365229,1777560242438324,,,,client-3-7,Insert,9890253,200,73095
client,client_request,completed,1777560242512262,3,,,1777560242438425,1777560242512262,1777560242438425,1777560242512262,,,,client-3-7,Remove,11869623,200,73837
client,client_request,completed,1777560242579834,3,,,1777560242512352,1777560242579834,1777560242512352,1777560242579834,,,,client-3-7,Insert,-3071412,200,67482
client,client_request,completed,1777560242651330,3,,,1777560242579954,1777560242651330,1777560242579954,1777560242651330,,,,client-3-7,Remove,15039909,200,71376
client,client_request,completed,1777560242724909,3,,,1777560242651476,1777560242724909,1777560242651476,1777560242724909,,,,client-3-7,Remove,13695660,200,73433
client,client_request,completed,1777560242861078,3,,,1777560242725351,1777560242861078,1777560242725351,1777560242861078,,,,client-3-7,Remove,-16364391,200,135727
client,client_request,completed,1777560242937181,3,,,1777560242861458,1777560242937181,1777560242861458,1777560242937181,,,,client-3-7,Insert,-2668787,200,75723
client,client_request,completed,1777560243015507,3,,,1777560242937283,1777560243015507,1777560242937283,1777560243015507,,,,client-3-7,Insert,-14447643,200,78224
client,client_request,completed,1777560243092319,3,,,1777560243015616,1777560243092319,1777560243015616,1777560243092319,,,,client-3-7,Insert,9814494,200,76703
client,client_request,completed,1777560243166503,3,,,1777560243092428,1777560243166503,1777560243092428,1777560243166503,,,,client-3-7,Insert,9129015,200,74075
client,client_request,completed,1777560243240005,3,,,1777560243166606,1777560243240005,1777560243166606,1777560243240005,,,,client-3-7,Remove,16546362,200,73399
client,client_request,completed,1777560243312719,3,,,1777560243240110,1777560243312719,1777560243240110,1777560243312719,,,,client-3-7,Insert,3008835,200,72609
client,client_request,completed,1777560243392329,3,,,1777560243312825,1777560243392329,1777560243312825,1777560243392329,,,,client-3-7,Remove,3634418,200,79504
client,client_request,completed,1777560243472829,3,,,1777560243392444,1777560243472829,1777560243392444,1777560243472829,,,,client-3-7,Remove,14316602,200,80385
client,client_request,completed,1777560243550298,3,,,1777560243472967,1777560243550298,1777560243472967,1777560243550298,,,,client-3-7,Remove,9503809,200,77331
client,client_request,completed,1777560243627966,3,,,1777560243550394,1777560243627966,1777560243550394,1777560243627966,,,,client-3-7,Insert,-14887138,200,77572
client,client_request,completed,1777560243706117,3,,,1777560243628090,1777560243706117,1777560243628090,1777560243706117,,,,client-3-7,Remove,-7633800,200,78027
client,client_request,completed,1777560243786392,3,,,1777560243706223,1777560243786392,1777560243706223,1777560243786392,,,,client-3-7,Insert,-3194208,200,80169
client,client_request,completed,1777560243927122,3,,,1777560243786495,1777560243927122,1777560243786495,1777560243927122,,,,client-3-7,Insert,-14748810,200,140627
client,client_request,completed,1777560244005879,3,,,1777560243927252,1777560244005879,1777560243927252,1777560244005879,,,,client-3-7,Remove,-6241784,200,78627
client,client_request,completed,1777560244084410,3,,,1777560244006306,1777560244084410,1777560244006306,1777560244084410,,,,client-3-7,Insert,14568486,200,78104
client,client_request,completed,1777560244163520,3,,,1777560244084513,1777560244163520,1777560244084513,1777560244163520,,,,client-3-7,Remove,-12091888,200,79007
client,client_request,completed,1777560244240300,3,,,1777560244163886,1777560244240300,1777560244163886,1777560244240300,,,,client-3-7,Remove,-14141384,200,76414
client,client_request,completed,1777560244313326,3,,,1777560244240410,1777560244313326,1777560244240410,1777560244313326,,,,client-3-7,Insert,5806425,200,72916
client,client_request,completed,1777560244391860,3,,,1777560244313431,1777560244391860,1777560244313431,1777560244391860,,,,client-3-7,Insert,4762892,200,78429
client,client_request,completed,1777560244471275,3,,,1777560244392293,1777560244471275,1777560244392293,1777560244471275,,,,client-3-7,Insert,1030514,200,78982
client,client_request,completed,1777560244547284,3,,,1777560244471389,1777560244547284,1777560244471389,1777560244547284,,,,client-3-7,Insert,-15209520,200,75895
client,client_request,completed,1777560244624564,3,,,1777560244547433,1777560244624564,1777560244547433,1777560244624564,,,,client-3-7,Remove,-15783549,200,77131
client,client_request,completed,1777560244707605,3,,,1777560244624927,1777560244707605,1777560244624927,1777560244707605,,,,client-3-7,Remove,9429893,200,82678
client,client_request,completed,1777560244849109,3,,,1777560244707975,1777560244849109,1777560244707975,1777560244849109,,,,client-3-7,Insert,-8373026,200,141134
client,client_request,completed,1777560244929559,3,,,1777560244849223,1777560244929559,1777560244849223,1777560244929559,,,,client-3-7,Remove,3802455,200,80336
client,client_request,completed,1777560245009630,3,,,1777560244929759,1777560245009630,1777560244929759,1777560245009630,,,,client-3-7,Insert,15027314,200,79871
client,client_request,completed,1777560245092532,3,,,1777560245009737,1777560245092532,1777560245009737,1777560245092532,,,,client-3-7,Insert,-12478846,200,82795
client,client_request,completed,1777560245173091,3,,,1777560245092680,1777560245173091,1777560245092680,1777560245173091,,,,client-3-7,Remove,-8414931,200,80411
client,client_request,completed,1777560245252073,3,,,1777560245173192,1777560245252073,1777560245173192,1777560245252073,,,,client-3-7,Insert,13931773,200,78881
client,client_request,completed,1777560245329055,3,,,1777560245252313,1777560245329055,1777560245252313,1777560245329055,,,,client-3-7,Remove,5033323,200,76742
client,client_request,completed,1777560245408890,3,,,1777560245329183,1777560245408890,1777560245329183,1777560245408890,,,,client-3-7,Insert,4000773,200,79707
client,client_request,completed,1777560245488796,3,,,1777560245409032,1777560245488796,1777560245409032,1777560245488796,,,,client-3-7,Remove,13005271,200,79764
client,client_request,completed,1777560245564325,3,,,1777560245488905,1777560245564325,1777560245488905,1777560245564325,,,,client-3-7,Remove,-11694049,200,75420
client,client_request,completed,1777560245642434,3,,,1777560245564436,1777560245642434,1777560245564436,1777560245642434,,,,client-3-7,Insert,-7893307,200,77998
client,client_request,completed,1777560245722733,3,,,1777560245642842,1777560245722733,1777560245642842,1777560245722733,,,,client-3-7,Insert,-7064845,200,79891
client,client_request,completed,1777560245865208,3,,,1777560245722840,1777560245865208,1777560245722840,1777560245865208,,,,client-3-7,Insert,16606090,200,142368
client,client_request,completed,1777560245944437,3,,,1777560245865814,1777560245944437,1777560245865814,1777560245944437,,,,client-3-7,Remove,9632208,200,78623
client,client_request,completed,1777560246027492,3,,,1777560245945286,1777560246027492,1777560245945286,1777560246027492,,,,client-3-7,Remove,10265248,200,82206
client,client_request,completed,1777560246109859,3,,,1777560246027705,1777560246109859,1777560246027705,1777560246109859,,,,client-3-7,Insert,-2189406,200,82154
client,client_request,completed,1777560246191418,3,,,1777560246109991,1777560246191418,1777560246109991,1777560246191418,,,,client-3-7,Remove,-14347134,200,81427
client,client_request,completed,1777560246271197,3,,,1777560246191522,1777560246271197,1777560246191522,1777560246271197,,,,client-3-7,Remove,2389492,200,79675
client,client_request,completed,1777560246352795,3,,,1777560246271325,1777560246352795,1777560246271325,1777560246352795,,,,client-3-7,Insert,-9109537,200,81470
client,client_request,completed,1777560246434192,3,,,1777560246352933,1777560246434192,1777560246352933,1777560246434192,,,,client-3-7,Remove,14946549,200,81259
client,client_request,completed,1777560246516668,3,,,1777560246434301,1777560246516668,1777560246434301,1777560246516668,,,,client-3-7,Insert,10778335,200,82367
client,client_request,completed,1777560246590808,3,,,1777560246516774,1777560246590808,1777560246516774,1777560246590808,,,,client-3-7,Remove,-4981944,200,74034
client,client_request,completed,1777560246672583,3,,,1777560246590915,1777560246672583,1777560246590915,1777560246672583,,,,client-3-7,Insert,-16172319,200,81668
client,client_request,completed,1777560246752609,3,,,1777560246672693,1777560246752609,1777560246672693,1777560246752609,,,,client-3-7,Insert,10004678,200,79916
client,client_request,completed,1777560246895810,3,,,1777560246752715,1777560246895810,1777560246752715,1777560246895810,,,,client-3-7,Insert,1564167,200,143095
client,client_request,completed,1777560246975338,3,,,1777560246896033,1777560246975338,1777560246896033,1777560246975338,,,,client-3-7,Remove,-4110414,200,79305
client,client_request,completed,1777560247057913,3,,,1777560246975675,1777560247057913,1777560246975675,1777560247057913,,,,client-3-7,Remove,7741263,200,82238
client,client_request,completed,1777560247140348,3,,,1777560247058300,1777560247140348,1777560247058300,1777560247140348,,,,client-3-7,Insert,-10326316,200,82048
client,client_request,completed,1777560247222602,3,,,1777560247140458,1777560247222602,1777560247140458,1777560247222602,,,,client-3-7,Remove,14442360,200,82144
client,client_request,completed,1777560247304797,3,,,1777560247222713,1777560247304797,1777560247222713,1777560247304797,,,,client-3-7,Remove,-12616302,200,82084
client,client_request,completed,1777560247386474,3,,,1777560247305158,1777560247386474,1777560247305158,1777560247386474,,,,client-3-7,Remove,-13834009,200,81316
client,client_request,completed,1777560247467679,3,,,1777560247386588,1777560247467679,1777560247386588,1777560247467679,,,,client-3-7,Insert,-6923071,200,81091
client,client_request,completed,1777560247548310,3,,,1777560247467788,1777560247548310,1777560247467788,1777560247548310,,,,client-3-7,Insert,-13169258,200,80522
client,client_request,completed,1777560247626269,3,,,1777560247548441,1777560247626269,1777560247548441,1777560247626269,,,,client-3-7,Insert,-3452279,200,77828
client,client_request,completed,1777560247708406,3,,,1777560247626656,1777560247708406,1777560247626656,1777560247708406,,,,client-3-7,Remove,-4047162,200,81750
client,client_request,completed,1777560247848572,3,,,1777560247708622,1777560247848572,1777560247708622,1777560247848572,,,,client-3-7,Remove,-10869876,200,139950
client,client_request,completed,1777560247929909,3,,,1777560247849283,1777560247929909,1777560247849283,1777560247929909,,,,client-3-7,Remove,14644338,200,80626
client,client_request,completed,1777560248011868,3,,,1777560247930127,1777560248011868,1777560247930127,1777560248011868,,,,client-3-7,Remove,1959622,200,81741
client,client_request,completed,1777560248099857,3,,,1777560248011983,1777560248099857,1777560248011983,1777560248099857,,,,client-3-7,Remove,-6005678,200,87874
client,client_request,completed,1777560248183037,3,,,1777560248100234,1777560248183037,1777560248100234,1777560248183037,,,,client-3-7,Remove,-12142885,200,82803
client,client_request,completed,1777560248261970,3,,,1777560248183514,1777560248261970,1777560248183514,1777560248261970,,,,client-3-7,Remove,11633709,200,78456
client,client_request,completed,1777560248344672,3,,,1777560248262384,1777560248344672,1777560248262384,1777560248344672,,,,client-3-7,Insert,-8484832,200,82288
client,client_request,completed,1777560248427262,3,,,1777560248344784,1777560248427262,1777560248344784,1777560248427262,,,,client-3-7,Insert,-14781413,200,82478
client,client_request,completed,1777560248511989,3,,,1777560248427479,1777560248511989,1777560248427479,1777560248511989,,,,client-3-7,Remove,-1162898,200,84510
client,client_request,completed,1777560248589420,3,,,1777560248512094,1777560248589420,1777560248512094,1777560248589420,,,,client-3-7,Insert,-4008370,200,77326
client,client_request,completed,1777560248670261,3,,,1777560248589496,1777560248670261,1777560248589496,1777560248670261,,,,client-3-7,Insert,-7162698,200,80765
client,client_request,completed,1777560248749104,3,,,1777560248670324,1777560248749104,1777560248670324,1777560248749104,,,,client-3-7,Insert,415287,200,78780
client,client_request,completed,1777560249001736,3,,,1777560248749195,1777560249001736,1777560248749195,1777560249001736,,,,client-3-7,Remove,13209815,200,252541
