source,event,phase,timestamp_us,replica_pid,peer_pid,gc_marker,sent_us,received_us,start_us,end_us,insert_count,delete_count,detail,client_id,operation,value,status_code,latency_us
client,client_request,completed,1777560156003520,3,,,1777560155993420,1777560156003520,1777560155993420,1777560156003520,,,,client-3-3,Insert,-11707710,200,10100
client,client_request,completed,1777560156039281,3,,,1777560156009603,1777560156039281,1777560156009603,1777560156039281,,,,client-3-3,Remove,12706690,200,29678
client,client_request,completed,1777560156055757,3,,,1777560156041413,1777560156055757,1777560156041413,1777560156055757,,,,client-3-3,Remove,9476093,200,14344
client,client_request,completed,1777560156068634,3,,,1777560156056517,1777560156068634,1777560156056517,1777560156068634,,,,client-3-3,Remove,11567517,200,12117
client,client_request,completed,1777560156088888,3,,,1777560156070938,1777560156088888,1777560156070938,1777560156088888,,,,client-3-3,Remove,-7403455,200,17950
client,client_request,completed,1777560156116606,3,,,1777560156089015,1777560156116606,1777560156089015,1777560156116606,,,,client-3-3,Insert,-11930198,200,27591
client,client_request,completed,1777560156138347,3,,,1777560156118842,1777560156138347,1777560156118842,1777560156138347,,,,client-3-3,Insert,16578363,200,19505
client,client_request,completed,1777560156151357,3,,,1777560156141595,1777560156151357,1777560156141595,1777560156151357,,,,client-3-3,Insert,-2551870,200,9762
client,client_request,completed,1777560156175108,3,,,1777560156151465,1777560156175108,1777560156151465,1777560156175108,,,,client-3-3,Insert,-4325222,200,23643
client,client_request,completed,1777560156202130,3,,,1777560156175219,1777560156202130,1777560156175219,1777560156202130,,,,client-3-3,Insert,12219452,200,26911
client,client_request,completed,1777560156226492,3,,,1777560156202251,1777560156226492,1777560156202251,1777560156226492,,,,client-3-3,Remove,-5538851,200,24241
client,client_request,completed,1777560156264401,3,,,1777560156229435,1777560156264401,1777560156229435,1777560156264401,,,,client-3-3,Insert,-12284666,200,34966
client,client_request,completed,1777560156287245,3,,,1777560156265479,1777560156287245,1777560156265479,1777560156287245,,,,client-3-3,Remove,-12160528,200,21766
client,client_request,completed,1777560156299640,3,,,1777560156287379,1777560156299640,1777560156287379,1777560156299640,,,,client-3-3,Insert,-13454025,200,12261
client,client_request,completed,1777560156310467,3,,,1777560156299749,1777560156310467,1777560156299749,1777560156310467,,,,client-3-3,Insert,1838630,200,10718
client,client_request,completed,1777560156319741,3,,,1777560156310562,1777560156319741,1777560156310562,1777560156319741,,,,client-3-3,Remove,-8296885,200,9179
client,client_request,completed,1777560156338382,3,,,1777560156320715,1777560156338382,1777560156320715,1777560156338382,,,,client-3-3,Insert,11990447,200,17667
client,client_request,completed,1777560156375487,3,,,1777560156338511,1777560156375487,1777560156338511,1777560156375487,,,,client-3-3,Insert,10298071,200,36976
client,client_request,completed,1777560156401598,3,,,1777560156375624,1777560156401598,1777560156375624,1777560156401598,,,,client-3-3,Remove,13457465,200,25974
client,client_request,completed,1777560156426186,3,,,1777560156401735,1777560156426186,1777560156401735,1777560156426186,,,,client-3-3,Remove,1583507,200,24451
client,client_request,completed,1777560156439188,3,,,1777560156426300,1777560156439188,1777560156426300,1777560156439188,,,,client-3-3,Remove,16543997,200,12888
client,client_request,completed,1777560156477589,3,,,1777560156439329,1777560156477589,1777560156439329,1777560156477589,,,,client-3-3,Remove,13547147,200,38260
client,client_request,completed,1777560156522803,3,,,1777560156477703,1777560156522803,1777560156477703,1777560156522803,,,,client-3-3,Insert,-6529011,200,45100
client,client_request,completed,1777560156538583,3,,,1777560156522937,1777560156538583,1777560156522937,1777560156538583,,,,client-3-3,Remove,7529095,200,15646
client,client_request,completed,1777560156558747,3,,,1777560156540551,1777560156558747,1777560156540551,1777560156558747,,,,client-3-3,Remove,-14918662,200,18196
client,client_request,completed,1777560156592502,3,,,1777560156558903,1777560156592502,1777560156558903,1777560156592502,,,,client-3-3,Remove,-4127200,200,33599
client,client_request,completed,1777560156611526,3,,,1777560156592663,1777560156611526,1777560156592663,1777560156611526,,,,client-3-3,Insert,1462021,200,18863
client,client_request,completed,1777560156628479,3,,,1777560156611640,1777560156628479,1777560156611640,1777560156628479,,,,client-3-3,Insert,370624,200,16839
client,client_request,completed,1777560156649712,3,,,1777560156630216,1777560156649712,1777560156630216,1777560156649712,,,,client-3-3,Remove,-12795314,200,19496
client,client_request,completed,1777560156667051,3,,,1777560156649829,1777560156667051,1777560156649829,1777560156667051,,,,client-3-3,Remove,12335795,200,17222
client,client_request,completed,1777560156688470,3,,,1777560156671129,1777560156688470,1777560156671129,1777560156688470,,,,client-3-3,Remove,-4913567,200,17341
client,client_request,completed,1777560156726173,3,,,1777560156688606,1777560156726173,1777560156688606,1777560156726173,,,,client-3-3,Insert,5158692,200,37567
client,client_request,completed,1777560156746208,3,,,1777560156726305,1777560156746208,1777560156726305,1777560156746208,,,,client-3-3,Insert,15773316,200,19903
client,client_request,completed,1777560156831713,3,,,1777560156756666,1777560156831713,1777560156756666,1777560156831713,,,,client-3-3,Insert,-1852321,200,75047
client,client_request,completed,1777560156856999,3,,,1777560156837545,1777560156856999,1777560156837545,1777560156856999,,,,client-3-3,Insert,1373209,200,19454
client,client_request,completed,1777560156870958,3,,,1777560156857108,1777560156870958,1777560156857108,1777560156870958,,,,client-3-3,Insert,15471504,200,13850
client,client_request,completed,1777560156920116,3,,,1777560156879683,1777560156920116,1777560156879683,1777560156920116,,,,client-3-3,Remove,16505567,200,40433
client,client_request,completed,1777560156959611,3,,,1777560156920244,1777560156959611,1777560156920244,1777560156959611,,,,client-3-3,Insert,11359222,200,39367
client,client_request,completed,1777560156980654,3,,,1777560156959750,1777560156980654,1777560156959750,1777560156980654,,,,client-3-3,Remove,-12903561,200,20904
client,client_request,completed,1777560157024100,3,,,1777560156980791,1777560157024100,1777560156980791,1777560157024100,,,,client-3-3,Insert,13607801,200,43309
client,client_request,completed,1777560157030784,3,,,1777560157024239,1777560157030784,1777560157024239,1777560157030784,,,,client-3-3,Insert,14613819,200,6545
client,client_request,completed,1777560157060235,3,,,1777560157030892,1777560157060235,1777560157030892,1777560157060235,,,,client-3-3,Remove,-2126323,200,29343
client,client_request,completed,1777560157125340,3,,,1777560157060383,1777560157125340,1777560157060383,1777560157125340,,,,client-3-3,Insert,6170229,200,64957
client,client_request,completed,1777560157145110,3,,,1777560157125454,1777560157145110,1777560157125454,1777560157145110,,,,client-3-3,Insert,666366,200,19656
client,client_request,completed,1777560157172534,3,,,1777560157145220,1777560157172534,1777560157145220,1777560157172534,,,,client-3-3,Remove,13198197,200,27314
client,client_request,completed,1777560157203868,3,,,1777560157174300,1777560157203868,1777560157174300,1777560157203868,,,,client-3-3,Remove,15215760,200,29568
client,client_request,completed,1777560157232265,3,,,1777560157203984,1777560157232265,1777560157203984,1777560157232265,,,,client-3-3,Remove,-13791272,200,28281
client,client_request,completed,1777560157263998,3,,,1777560157235271,1777560157263998,1777560157235271,1777560157263998,,,,client-3-3,Insert,14502944,200,28727
client,client_request,completed,1777560157279372,3,,,1777560157267686,1777560157279372,1777560157267686,1777560157279372,,,,client-3-3,Remove,-1947888,200,11686
client,client_request,completed,1777560157298527,3,,,1777560157279475,1777560157298527,1777560157279475,1777560157298527,,,,client-3-3,Insert,6438328,200,19052
client,client_request,completed,1777560157314884,3,,,1777560157298648,1777560157314884,1777560157298648,1777560157314884,,,,client-3-3,Remove,7775611,200,16236
client,client_request,completed,1777560157334288,3,,,1777560157314996,1777560157334288,1777560157314996,1777560157334288,,,,client-3-3,Remove,-12532775,200,19292
client,client_request,completed,1777560157360700,3,,,1777560157336539,1777560157360700,1777560157336539,1777560157360700,,,,client-3-3,Remove,-14902663,200,24161
client,client_request,completed,1777560157378699,3,,,1777560157360827,1777560157378699,1777560157360827,1777560157378699,,,,client-3-3,Remove,-7754550,200,17872
client,client_request,completed,1777560157408356,3,,,1777560157378842,1777560157408356,1777560157378842,1777560157408356,,,,client-3-3,Remove,14851776,200,29514
client,client_request,completed,1777560157424818,3,,,1777560157408494,1777560157424818,1777560157408494,1777560157424818,,,,client-3-3,Remove,-8659811,200,16324
client,client_request,completed,1777560157434817,3,,,1777560157424948,1777560157434817,1777560157424948,1777560157434817,,,,client-3-3,Insert,2821285,200,9869
client,client_request,completed,1777560157474143,3,,,1777560157434935,1777560157474143,1777560157434935,1777560157474143,,,,client-3-3,Insert,3301475,200,39208
client,client_request,completed,1777560157518160,3,,,1777560157474270,1777560157518160,1777560157474270,1777560157518160,,,,client-3-3,Insert,11344841,200,43890
client,client_request,completed,1777560157536954,3,,,1777560157518276,1777560157536954,1777560157518276,1777560157536954,,,,client-3-3,Remove,-6118332,200,18678
client,client_request,completed,1777560157557445,3,,,1777560157537144,1777560157557445,1777560157537144,1777560157557445,,,,client-3-3,Insert,4648365,200,20301
client,client_request,completed,1777560157591151,3,,,1777560157557581,1777560157591151,1777560157557581,1777560157591151,,,,client-3-3,Insert,-4878285,200,33570
client,client_request,completed,1777560157617261,3,,,1777560157591289,1777560157617261,1777560157591289,1777560157617261,,,,client-3-3,Remove,-5354108,200,25972
client,client_request,completed,1777560157660104,3,,,1777560157617403,1777560157660104,1777560157617403,1777560157660104,,,,client-3-3,Remove,4435529,200,42701
client,client_request,completed,1777560157713105,3,,,1777560157664432,1777560157713105,1777560157664432,1777560157713105,,,,client-3-3,Remove,5574660,200,48673
client,client_request,completed,1777560157726500,3,,,1777560157713217,1777560157726500,1777560157713217,1777560157726500,,,,client-3-3,Remove,-5751905,200,13283
client,client_request,completed,1777560157747117,3,,,1777560157728695,1777560157747117,1777560157728695,1777560157747117,,,,client-3-3,Remove,-10412865,200,18422
client,client_request,completed,1777560157781476,3,,,1777560157747225,1777560157781476,1777560157747225,1777560157781476,,,,client-3-3,Remove,-4575721,200,34251
client,client_request,completed,1777560157833963,3,,,1777560157781613,1777560157833963,1777560157781613,1777560157833963,,,,client-3-3,Insert,16714540,200,52350
client,client_request,completed,1777560157874171,3,,,1777560157834096,1777560157874171,1777560157834096,1777560157874171,,,,client-3-3,Remove,6564379,200,40075
client,client_request,completed,1777560157911255,3,,,1777560157874290,1777560157911255,1777560157874290,1777560157911255,,,,client-3-3,Remove,15152186,200,36965
client,client_request,completed,1777560157930426,3,,,1777560157911368,1777560157930426,1777560157911368,1777560157930426,,,,client-3-3,Remove,6972166,200,19058
client,client_request,completed,1777560157970883,3,,,1777560157932543,1777560157970883,1777560157932543,1777560157970883,,,,client-3-3,Remove,2152452,200,38340
client,client_request,completed,1777560158044448,3,,,1777560157970979,1777560158044448,1777560157970979,1777560158044448,,,,client-3-3,Remove,9194181,200,73469
client,client_request,completed,1777560158089850,3,,,1777560158048983,1777560158089850,1777560158048983,1777560158089850,,,,client-3-3,Insert,-4262444,200,40867
client,client_request,completed,1777560158127302,3,,,1777560158089996,1777560158127302,1777560158089996,1777560158127302,,,,client-3-3,Insert,-8743158,200,37306
client,client_request,completed,1777560158148438,3,,,1777560158130520,1777560158148438,1777560158130520,1777560158148438,,,,client-3-3,Insert,5821031,200,17918
client,client_request,completed,1777560158212246,3,,,1777560158155447,1777560158212246,1777560158155447,1777560158212246,,,,client-3-3,Remove,-14837964,200,56799
client,client_request,completed,1777560158229861,3,,,1777560158212301,1777560158229861,1777560158212301,1777560158229861,,,,client-3-3,Remove,-12703841,200,17560
client,client_request,completed,1777560158268524,3,,,1777560158229988,1777560158268524,1777560158229988,1777560158268524,,,,client-3-3,Remove,-6252462,200,38536
client,client_request,completed,1777560158300414,3,,,1777560158270899,1777560158300414,1777560158270899,1777560158300414,,,,client-3-3,Insert,4161970,200,29515
client,client_request,completed,1777560158328123,3,,,1777560158306106,1777560158328123,1777560158306106,1777560158328123,,,,client-3-3,Insert,13388226,200,22017
client,client_request,completed,1777560158364928,3,,,1777560158328269,1777560158364928,1777560158328269,1777560158364928,,,,client-3-3,Remove,14838456,200,36659
client,client_request,completed,1777560158389243,3,,,1777560158365047,1777560158389243,1777560158365047,1777560158389243,,,,client-3-3,Remove,15929359,200,24196
client,client_request,completed,1777560158415598,3,,,1777560158389386,1777560158415598,1777560158389386,1777560158415598,,,,client-3-3,Insert,-8542758,200,26212
client,client_request,completed,1777560158453343,3,,,1777560158417788,1777560158453343,1777560158417788,1777560158453343,,,,client-3-3,Remove,-9926899,200,35555
client,client_request,completed,1777560158539280,3,,,1777560158492636,1777560158539280,1777560158492636,1777560158539280,,,,client-3-3,Remove,3940380,200,46644
client,client_request,completed,1777560158571875,3,,,1777560158539408,1777560158571875,1777560158539408,1777560158571875,,,,client-3-3,Remove,-386859,200,32467
client,client_request,completed,1777560158615775,3,,,1777560158579242,1777560158615775,1777560158579242,1777560158615775,,,,client-3-3,Insert,-3053255,200,36533
client,client_request,completed,1777560158654816,3,,,1777560158625686,1777560158654816,1777560158625686,1777560158654816,,,,client-3-3,Insert,9450319,200,29130
client,client_request,completed,1777560158703016,3,,,1777560158654956,1777560158703016,1777560158654956,1777560158703016,,,,client-3-3,Remove,-3894563,200,48060
client,client_request,completed,1777560158747865,3,,,1777560158718806,1777560158747865,1777560158718806,1777560158747865,,,,client-3-3,Insert,-6744866,200,29059
client,client_request,completed,1777560158854019,3,,,1777560158747978,1777560158854019,1777560158747978,1777560158854019,,,,client-3-3,Remove,-9630386,200,106041
client,client_request,completed,1777560158883685,3,,,1777560158854160,1777560158883685,1777560158854160,1777560158883685,,,,client-3-3,Remove,-4521171,200,29525
client,client_request,completed,1777560158901119,3,,,1777560158887497,1777560158901119,1777560158887497,1777560158901119,,,,client-3-3,Remove,-4733730,200,13622
client,client_request,completed,1777560158936915,3,,,1777560158909868,1777560158936915,1777560158909868,1777560158936915,,,,client-3-3,Remove,6813181,200,27047
client,client_request,completed,1777560158984205,3,,,1777560158945516,1777560158984205,1777560158945516,1777560158984205,,,,client-3-3,Insert,-1052888,200,38689
client,client_request,completed,1777560159017731,3,,,1777560158984319,1777560159017731,1777560158984319,1777560159017731,,,,client-3-3,Insert,-6499859,200,33412
client,client_request,completed,1777560159055252,3,,,1777560159017842,1777560159055252,1777560159017842,1777560159055252,,,,client-3-3,Insert,6552197,200,37410
client,client_request,completed,1777560159111008,3,,,1777560159055395,1777560159111008,1777560159055395,1777560159111008,,,,client-3-3,Insert,-9900552,200,55613
client,client_request,completed,1777560159154495,3,,,1777560159111148,1777560159154495,1777560159111148,1777560159154495,,,,client-3-3,Insert,1710605,200,43347
client,client_request,completed,1777560159184131,3,,,1777560159154630,1777560159184131,1777560159154630,1777560159184131,,,,client-3-3,Insert,-12087059,200,29501
client,client_request,completed,1777560159249622,3,,,1777560159187213,1777560159249622,1777560159187213,1777560159249622,,,,client-3-3,Insert,-9206386,200,62409
client,client_request,completed,1777560159313564,3,,,1777560159252559,1777560159313564,1777560159252559,1777560159313564,,,,client-3-3,Insert,13483563,200,61005
client,client_request,completed,1777560159352506,3,,,1777560159316393,1777560159352506,1777560159316393,1777560159352506,,,,client-3-3,Insert,322125,200,36113
client,client_request,completed,1777560159400926,3,,,1777560159356663,1777560159400926,1777560159356663,1777560159400926,,,,client-3-3,Insert,-11696218,200,44263
client,client_request,completed,1777560159437476,3,,,1777560159423635,1777560159437476,1777560159423635,1777560159437476,,,,client-3-3,Remove,11837070,200,13841
client,client_request,completed,1777560159465329,3,,,1777560159437579,1777560159465329,1777560159437579,1777560159465329,,,,client-3-3,Remove,12325879,200,27750
client,client_request,completed,1777560159549526,3,,,1777560159465418,1777560159549526,1777560159465418,1777560159549526,,,,client-3-3,Remove,16059523,200,84108
client,client_request,completed,1777560159606901,3,,,1777560159552464,1777560159606901,1777560159552464,1777560159606901,,,,client-3-3,Remove,6339260,200,54437
client,client_request,completed,1777560159651573,3,,,1777560159607032,1777560159651573,1777560159607032,1777560159651573,,,,client-3-3,Insert,-14828272,200,44541
client,client_request,completed,1777560159671760,3,,,1777560159651693,1777560159671760,1777560159651693,1777560159671760,,,,client-3-3,Remove,366571,200,20067
client,client_request,completed,1777560159726055,3,,,1777560159683257,1777560159726055,1777560159683257,1777560159726055,,,,client-3-3,Remove,-455556,200,42798
client,client_request,completed,1777560159776653,3,,,1777560159726198,1777560159776653,1777560159726198,1777560159776653,,,,client-3-3,Insert,12898851,200,50455
client,client_request,completed,1777560159840360,3,,,1777560159776822,1777560159840360,1777560159776822,1777560159840360,,,,client-3-3,Remove,3200170,200,63538
client,client_request,completed,1777560159867319,3,,,1777560159843129,1777560159867319,1777560159843129,1777560159867319,,,,client-3-3,Insert,-1670554,200,24190
client,client_request,completed,1777560159913594,3,,,1777560159867456,1777560159913594,1777560159867456,1777560159913594,,,,client-3-3,Remove,1988419,200,46138
client,client_request,completed,1777560159937606,3,,,1777560159917127,1777560159937606,1777560159917127,1777560159937606,,,,client-3-3,Remove,910202,200,20479
client,client_request,completed,1777560159978880,3,,,1777560159937750,1777560159978880,1777560159937750,1777560159978880,,,,client-3-3,Remove,2368731,200,41130
client,client_request,completed,1777560160008536,3,,,1777560159979019,1777560160008536,1777560159979019,1777560160008536,,,,client-3-3,Remove,-4973506,200,29517
client,client_request,completed,1777560160037265,3,,,1777560160016419,1777560160037265,1777560160016419,1777560160037265,,,,client-3-3,Remove,5070179,200,20846
client,client_request,completed,1777560160060140,3,,,1777560160046376,1777560160060140,1777560160046376,1777560160060140,,,,client-3-3,Remove,-9426993,200,13764
client,client_request,completed,1777560160093558,3,,,1777560160060271,1777560160093558,1777560160060271,1777560160093558,,,,client-3-3,Remove,-13496797,200,33287
client,client_request,completed,1777560160101059,3,,,1777560160095595,1777560160101059,1777560160095595,1777560160101059,,,,client-3-3,Insert,10175334,200,5464
client,client_request,completed,1777560160111847,3,,,1777560160101136,1777560160111847,1777560160101136,1777560160111847,,,,client-3-3,Insert,-6041861,200,10711
client,client_request,completed,1777560160145195,3,,,1777560160111932,1777560160145195,1777560160111932,1777560160145195,,,,client-3-3,Insert,5037145,200,33263
client,client_request,completed,1777560160184034,3,,,1777560160145323,1777560160184034,1777560160145323,1777560160184034,,,,client-3-3,Remove,-12280898,200,38711
client,client_request,completed,1777560160215405,3,,,1777560160190817,1777560160215405,1777560160190817,1777560160215405,,,,client-3-3,Remove,-10910312,200,24588
client,client_request,completed,1777560160242610,3,,,1777560160215517,1777560160242610,1777560160215517,1777560160242610,,,,client-3-3,Insert,15236437,200,27093
client,client_request,completed,1777560160293105,3,,,1777560160242687,1777560160293105,1777560160242687,1777560160293105,,,,client-3-3,Insert,-2840374,200,50418
client,client_request,completed,1777560160312422,3,,,1777560160293246,1777560160312422,1777560160293246,1777560160312422,,,,client-3-3,Remove,-665649,200,19176
client,client_request,completed,1777560160373028,3,,,1777560160317069,1777560160373028,1777560160317069,1777560160373028,,,,client-3-3,Insert,-16652953,200,55959
client,client_request,completed,1777560160423377,3,,,1777560160373175,1777560160423377,1777560160373175,1777560160423377,,,,client-3-3,Remove,-12406213,200,50202
client,client_request,completed,1777560160463222,3,,,1777560160429578,1777560160463222,1777560160429578,1777560160463222,,,,client-3-3,Insert,16608902,200,33644
client,client_request,completed,1777560160534323,3,,,1777560160463362,1777560160534323,1777560160463362,1777560160534323,,,,client-3-3,Remove,-9653704,200,70961
client,client_request,completed,1777560160574638,3,,,1777560160534444,1777560160574638,1777560160534444,1777560160574638,,,,client-3-3,Remove,4720809,200,40194
client,client_request,completed,1777560160590228,3,,,1777560160574776,1777560160590228,1777560160574776,1777560160590228,,,,client-3-3,Insert,9405591,200,15452
client,client_request,completed,1777560160638717,3,,,1777560160590340,1777560160638717,1777560160590340,1777560160638717,,,,client-3-3,Insert,-14929181,200,48377
client,client_request,completed,1777560160661175,3,,,1777560160638831,1777560160661175,1777560160638831,1777560160661175,,,,client-3-3,Insert,-4066830,200,22344
client,client_request,completed,1777560160694636,3,,,1777560160664574,1777560160694636,1777560160664574,1777560160694636,,,,client-3-3,Remove,12458296,200,30062
client,client_request,completed,1777560160732120,3,,,1777560160694752,1777560160732120,1777560160694752,1777560160732120,,,,client-3-3,Insert,-1190798,200,37368
client,client_request,completed,1777560160836753,3,,,1777560160751900,1777560160836753,1777560160751900,1777560160836753,,,,client-3-3,Insert,9849428,200,84853
client,client_request,completed,1777560160865107,3,,,1777560160847526,1777560160865107,1777560160847526,1777560160865107,,,,client-3-3,Insert,10788405,200,17581
client,client_request,completed,1777560160884939,3,,,1777560160865248,1777560160884939,1777560160865248,1777560160884939,,,,client-3-3,Remove,-4076288,200,19691
client,client_request,completed,1777560160901304,3,,,1777560160885038,1777560160901304,1777560160885038,1777560160901304,,,,client-3-3,Insert,-5146155,200,16266
client,client_request,completed,1777560160962992,3,,,1777560160904577,1777560160962992,1777560160904577,1777560160962992,,,,client-3-3,Remove,7890407,200,58415
client,client_request,completed,1777560161026535,3,,,1777560160963223,1777560161026535,1777560160963223,1777560161026535,,,,client-3-3,Remove,10519880,200,63312
client,client_request,completed,1777560161040853,3,,,1777560161026667,1777560161040853,1777560161026667,1777560161040853,,,,client-3-3,Insert,-3394436,200,14186
client,client_request,completed,1777560161101356,3,,,1777560161040959,1777560161101356,1777560161040959,1777560161101356,,,,client-3-3,Remove,1274457,200,60397
client,client_request,completed,1777560161129587,3,,,1777560161105357,1777560161129587,1777560161105357,1777560161129587,,,,client-3-3,Remove,10269807,200,24230
client,client_request,completed,1777560161169793,3,,,1777560161133640,1777560161169793,1777560161133640,1777560161169793,,,,client-3-3,Insert,-1628292,200,36153
client,client_request,completed,1777560161199775,3,,,1777560161169953,1777560161199775,1777560161169953,1777560161199775,,,,client-3-3,Remove,9210961,200,29822
client,client_request,completed,1777560161237829,3,,,1777560161199884,1777560161237829,1777560161199884,1777560161237829,,,,client-3-3,Remove,11117225,200,37945
client,client_request,completed,1777560161259700,3,,,1777560161237925,1777560161259700,1777560161237925,1777560161259700,,,,client-3-3,Insert,-6909826,200,21775
client,client_request,completed,1777560161285819,3,,,1777560161259836,1777560161285819,1777560161259836,1777560161285819,,,,client-3-3,Remove,-11529859,200,25983
client,client_request,completed,1777560161320019,3,,,1777560161285932,1777560161320019,1777560161285932,1777560161320019,,,,client-3-3,Remove,-14023222,200,34087
client,client_request,completed,1777560161336056,3,,,1777560161320144,1777560161336056,1777560161320144,1777560161336056,,,,client-3-3,Insert,-1264254,200,15912
client,client_request,completed,1777560161375682,3,,,1777560161337628,1777560161375682,1777560161337628,1777560161375682,,,,client-3-3,Insert,2721064,200,38054
client,client_request,completed,1777560161416707,3,,,1777560161375817,1777560161416707,1777560161375817,1777560161416707,,,,client-3-3,Remove,-15167357,200,40890
client,client_request,completed,1777560161453323,3,,,1777560161416820,1777560161453323,1777560161416820,1777560161453323,,,,client-3-3,Remove,-10575996,200,36503
client,client_request,completed,1777560161477675,3,,,1777560161458861,1777560161477675,1777560161458861,1777560161477675,,,,client-3-3,Remove,1944264,200,18814
client,client_request,completed,1777560161522859,3,,,1777560161477802,1777560161522859,1777560161477802,1777560161522859,,,,client-3-3,Insert,-15249144,200,45057
client,client_request,completed,1777560161559627,3,,,1777560161522991,1777560161559627,1777560161522991,1777560161559627,,,,client-3-3,Remove,8493327,200,36636
client,client_request,completed,1777560161616371,3,,,1777560161559769,1777560161616371,1777560161559769,1777560161616371,,,,client-3-3,Remove,-2068099,200,56602
client,client_request,completed,1777560161640261,3,,,1777560161616530,1777560161640261,1777560161616530,1777560161640261,,,,client-3-3,Remove,-697930,200,23731
client,client_request,completed,1777560161684963,3,,,1777560161648794,1777560161684963,1777560161648794,1777560161684963,,,,client-3-3,Remove,14595553,200,36169
client,client_request,completed,1777560161725486,3,,,1777560161688410,1777560161725486,1777560161688410,1777560161725486,,,,client-3-3,Remove,-7915264,200,37076
client,client_request,completed,1777560161788343,3,,,1777560161725634,1777560161788343,1777560161725634,1777560161788343,,,,client-3-3,Insert,-9483388,200,62709
client,client_request,completed,1777560161846040,3,,,1777560161795874,1777560161846040,1777560161795874,1777560161846040,,,,client-3-3,Remove,-12055357,200,50166
client,client_request,completed,1777560161881235,3,,,1777560161846188,1777560161881235,1777560161846188,1777560161881235,,,,client-3-3,Insert,5674040,200,35047
client,client_request,completed,1777560161924617,3,,,1777560161884762,1777560161924617,1777560161884762,1777560161924617,,,,client-3-3,Remove,-14541376,200,39855
client,client_request,completed,1777560161941604,3,,,1777560161924757,1777560161941604,1777560161924757,1777560161941604,,,,client-3-3,Remove,-10628168,200,16847
client,client_request,completed,1777560162004290,3,,,1777560161946335,1777560162004290,1777560161946335,1777560162004290,,,,client-3-3,Remove,9875076,200,57955
client,client_request,completed,1777560162063644,3,,,1777560162004416,1777560162063644,1777560162004416,1777560162063644,,,,client-3-3,Insert,-7205957,200,59228
client,client_request,completed,1777560162096059,3,,,1777560162067628,1777560162096059,1777560162067628,1777560162096059,,,,client-3-3,Remove,16320878,200,28431
client,client_request,completed,1777560162125398,3,,,1777560162096200,1777560162125398,1777560162096200,1777560162125398,,,,client-3-3,Remove,-14641255,200,29198
client,client_request,completed,1777560162157492,3,,,1777560162125525,1777560162157492,1777560162125525,1777560162157492,,,,client-3-3,Insert,13159712,200,31967
client,client_request,completed,1777560162217989,3,,,1777560162157625,1777560162217989,1777560162157625,1777560162217989,,,,client-3-3,Insert,12618338,200,60364
client,client_request,completed,1777560162285421,3,,,1777560162218114,1777560162285421,1777560162218114,1777560162285421,,,,client-3-3,Insert,-10629276,200,67307
client,client_request,completed,1777560162328390,3,,,1777560162285562,1777560162328390,1777560162285562,1777560162328390,,,,client-3-3,Remove,2071902,200,42828
client,client_request,completed,1777560162417780,3,,,1777560162334407,1777560162417780,1777560162334407,1777560162417780,,,,client-3-3,Insert,-6875248,200,83373
client,client_request,completed,1777560162468729,3,,,1777560162417920,1777560162468729,1777560162417920,1777560162468729,,,,client-3-3,Insert,1579458,200,50809
client,client_request,completed,1777560162521724,3,,,1777560162473737,1777560162521724,1777560162473737,1777560162521724,,,,client-3-3,Insert,2768726,200,47987
client,client_request,completed,1777560162613528,3,,,1777560162530895,1777560162613528,1777560162530895,1777560162613528,,,,client-3-3,Insert,-4114778,200,82633
client,client_request,completed,1777560162651894,3,,,1777560162613643,1777560162651894,1777560162613643,1777560162651894,,,,client-3-3,Remove,-323694,200,38251
client,client_request,completed,1777560162701216,3,,,1777560162655751,1777560162701216,1777560162655751,1777560162701216,,,,client-3-3,Remove,-13502103,200,45465
client,client_request,completed,1777560162744783,3,,,1777560162703736,1777560162744783,1777560162703736,1777560162744783,,,,client-3-3,Remove,-6398584,200,41047
client,client_request,completed,1777560162841814,3,,,1777560162770871,1777560162841814,1777560162770871,1777560162841814,,,,client-3-3,Remove,8832947,200,70943
client,client_request,completed,1777560162875018,3,,,1777560162841939,1777560162875018,1777560162841939,1777560162875018,,,,client-3-3,Remove,-11176040,200,33079
client,client_request,completed,1777560162904652,3,,,1777560162875133,1777560162904652,1777560162875133,1777560162904652,,,,client-3-3,Remove,-394346,200,29519
client,client_request,completed,1777560162967680,3,,,1777560162904807,1777560162967680,1777560162904807,1777560162967680,,,,client-3-3,Insert,-6606264,200,62873
client,client_request,completed,1777560163009259,3,,,1777560162969731,1777560163009259,1777560162969731,1777560163009259,,,,client-3-3,Remove,-6356499,200,39528
client,client_request,completed,1777560163043456,3,,,1777560163009381,1777560163043456,1777560163009381,1777560163043456,,,,client-3-3,Remove,14743945,200,34075
client,client_request,completed,1777560163083808,3,,,1777560163043569,1777560163083808,1777560163043569,1777560163083808,,,,client-3-3,Remove,784601,200,40239
client,client_request,completed,1777560163129666,3,,,1777560163087924,1777560163129666,1777560163087924,1777560163129666,,,,client-3-3,Insert,15727525,200,41742
client,client_request,completed,1777560163160399,3,,,1777560163129788,1777560163160399,1777560163129788,1777560163160399,,,,client-3-3,Remove,-13164375,200,30611
client,client_request,completed,1777560163180406,3,,,1777560163165507,1777560163180406,1777560163165507,1777560163180406,,,,client-3-3,Remove,-14240769,200,14899
client,client_request,completed,1777560163219879,3,,,1777560163187211,1777560163219879,1777560163187211,1777560163219879,,,,client-3-3,Insert,-16241657,200,32668
client,client_request,completed,1777560163248777,3,,,1777560163223911,1777560163248777,1777560163223911,1777560163248777,,,,client-3-3,Remove,-7215018,200,24866
client,client_request,completed,1777560163293740,3,,,1777560163250826,1777560163293740,1777560163250826,1777560163293740,,,,client-3-3,Remove,-13296704,200,42914
client,client_request,completed,1777560163322766,3,,,1777560163299589,1777560163322766,1777560163299589,1777560163322766,,,,client-3-3,Insert,14497723,200,23177
client,client_request,completed,1777560163339381,3,,,1777560163322884,1777560163339381,1777560163322884,1777560163339381,,,,client-3-3,Remove,-4353916,200,16497
client,client_request,completed,1777560163371010,3,,,1777560163341976,1777560163371010,1777560163341976,1777560163371010,,,,client-3-3,Remove,-2283784,200,29034
client,client_request,completed,1777560163385778,3,,,1777560163371142,1777560163385778,1777560163371142,1777560163385778,,,,client-3-3,Insert,-4085602,200,14636
client,client_request,completed,1777560163426186,3,,,1777560163388379,1777560163426186,1777560163388379,1777560163426186,,,,client-3-3,Remove,-6378460,200,37807
client,client_request,completed,1777560163474847,3,,,1777560163426296,1777560163474847,1777560163426296,1777560163474847,,,,client-3-3,Insert,-14851845,200,48551
client,client_request,completed,1777560163516499,3,,,1777560163483098,1777560163516499,1777560163483098,1777560163516499,,,,client-3-3,Remove,11090029,200,33401
client,client_request,completed,1777560163543897,3,,,1777560163522054,1777560163543897,1777560163522054,1777560163543897,,,,client-3-3,Remove,-4026382,200,21843
client,client_request,completed,1777560163565170,3,,,1777560163552864,1777560163565170,1777560163552864,1777560163565170,,,,client-3-3,Remove,-7379128,200,12306
client,client_request,completed,1777560163590221,3,,,1777560163570032,1777560163590221,1777560163570032,1777560163590221,,,,client-3-3,Remove,9728751,200,20189
client,client_request,completed,1777560163653803,3,,,1777560163594198,1777560163653803,1777560163594198,1777560163653803,,,,client-3-3,Remove,-5753025,200,59605
client,client_request,completed,1777560163676104,3,,,1777560163661373,1777560163676104,1777560163661373,1777560163676104,,,,client-3-3,Remove,779563,200,14731
client,client_request,completed,1777560163697601,3,,,1777560163676264,1777560163697601,1777560163676264,1777560163697601,,,,client-3-3,Remove,4777431,200,21337
client,client_request,completed,1777560163750702,3,,,1777560163702881,1777560163750702,1777560163702881,1777560163750702,,,,client-3-3,Remove,13807747,200,47821
client,client_request,completed,1777560163832288,3,,,1777560163750834,1777560163832288,1777560163750834,1777560163832288,,,,client-3-3,Remove,14183711,200,81454
client,client_request,completed,1777560163878528,3,,,1777560163832397,1777560163878528,1777560163832397,1777560163878528,,,,client-3-3,Remove,-114890,200,46131
client,client_request,completed,1777560163892525,3,,,1777560163878651,1777560163892525,1777560163878651,1777560163892525,,,,client-3-3,Remove,13139129,200,13874
client,client_request,completed,1777560163944805,3,,,1777560163898618,1777560163944805,1777560163898618,1777560163944805,,,,client-3-3,Insert,-2064520,200,46187
client,client_request,completed,1777560164001585,3,,,1777560163948577,1777560164001585,1777560163948577,1777560164001585,,,,client-3-3,Insert,1749931,200,53008
client,client_request,completed,1777560164024544,3,,,1777560164001693,1777560164024544,1777560164001693,1777560164024544,,,,client-3-3,Remove,2368364,200,22851
client,client_request,completed,1777560164065243,3,,,1777560164028197,1777560164065243,1777560164028197,1777560164065243,,,,client-3-3,Insert,7875549,200,37046
client,client_request,completed,1777560164090399,3,,,1777560164065369,1777560164090399,1777560164065369,1777560164090399,,,,client-3-3,Insert,16278604,200,25030
client,client_request,completed,1777560164138215,3,,,1777560164097321,1777560164138215,1777560164097321,1777560164138215,,,,client-3-3,Remove,110870,200,40894
client,client_request,completed,1777560164186359,3,,,1777560164139205,1777560164186359,1777560164139205,1777560164186359,,,,client-3-3,Insert,-2983432,200,47154
client,client_request,completed,1777560164206329,3,,,1777560164186478,1777560164206329,1777560164186478,1777560164206329,,,,client-3-3,Remove,-4845739,200,19851
client,client_request,completed,1777560164260312,3,,,1777560164206430,1777560164260312,1777560164206430,1777560164260312,,,,client-3-3,Insert,-4301065,200,53882
client,client_request,completed,1777560164337313,3,,,1777560164264439,1777560164337313,1777560164264439,1777560164337313,,,,client-3-3,Remove,-13932657,200,72874
client,client_request,completed,1777560164401717,3,,,1777560164340507,1777560164401717,1777560164340507,1777560164401717,,,,client-3-3,Remove,-14225243,200,61210
client,client_request,completed,1777560164429484,3,,,1777560164405617,1777560164429484,1777560164405617,1777560164429484,,,,client-3-3,Remove,-14730775,200,23867
client,client_request,completed,1777560164468348,3,,,1777560164429605,1777560164468348,1777560164429605,1777560164468348,,,,client-3-3,Remove,14112997,200,38743
client,client_request,completed,1777560164491785,3,,,1777560164480774,1777560164491785,1777560164480774,1777560164491785,,,,client-3-3,Remove,-9887493,200,11011
client,client_request,completed,1777560164510535,3,,,1777560164492669,1777560164510535,1777560164492669,1777560164510535,,,,client-3-3,Insert,-7837853,200,17866
client,client_request,completed,1777560164533611,3,,,1777560164515188,1777560164533611,1777560164515188,1777560164533611,,,,client-3-3,Remove,14385230,200,18423
client,client_request,completed,1777560164551202,3,,,1777560164533696,1777560164551202,1777560164533696,1777560164551202,,,,client-3-3,Remove,3719862,200,17506
client,client_request,completed,1777560164582138,3,,,1777560164551311,1777560164582138,1777560164551311,1777560164582138,,,,client-3-3,Remove,-2821608,200,30827
client,client_request,completed,1777560164625009,3,,,1777560164584806,1777560164625009,1777560164584806,1777560164625009,,,,client-3-3,Remove,-2560892,200,40203
client,client_request,completed,1777560164658553,3,,,1777560164630259,1777560164658553,1777560164630259,1777560164658553,,,,client-3-3,Remove,-5474387,200,28294
client,client_request,completed,1777560164704675,3,,,1777560164658677,1777560164704675,1777560164658677,1777560164704675,,,,client-3-3,Remove,1683869,200,45998
client,client_request,completed,1777560164723592,3,,,1777560164704740,1777560164723592,1777560164704740,1777560164723592,,,,client-3-3,Remove,15323744,200,18852
client,client_request,completed,1777560164752037,3,,,1777560164726311,1777560164752037,1777560164726311,1777560164752037,,,,client-3-3,Remove,-8651821,200,25726
client,client_request,completed,1777560164785254,3,,,1777560164757951,1777560164785254,1777560164757951,1777560164785254,,,,client-3-3,Insert,12428886,200,27303
client,client_request,completed,1777560164833861,3,,,1777560164785346,1777560164833861,1777560164785346,1777560164833861,,,,client-3-3,Insert,3499492,200,48515
client,client_request,completed,1777560164848037,3,,,1777560164833906,1777560164848037,1777560164833906,1777560164848037,,,,client-3-3,Remove,3849841,200,14131
client,client_request,completed,1777560164882661,3,,,1777560164854494,1777560164882661,1777560164854494,1777560164882661,,,,client-3-3,Remove,3743882,200,28167
client,client_request,completed,1777560164922820,3,,,1777560164882785,1777560164922820,1777560164882785,1777560164922820,,,,client-3-3,Remove,-13316581,200,40035
client,client_request,completed,1777560164956402,3,,,1777560164922951,1777560164956402,1777560164922951,1777560164956402,,,,client-3-3,Insert,16475735,200,33451
client,client_request,completed,1777560164992301,3,,,1777560164961097,1777560164992301,1777560164961097,1777560164992301,,,,client-3-3,Remove,-9302872,200,31204
client,client_request,completed,1777560165033374,3,,,1777560164995144,1777560165033374,1777560164995144,1777560165033374,,,,client-3-3,Insert,-1499653,200,38230
client,client_request,completed,1777560165065234,3,,,1777560165039435,1777560165065234,1777560165039435,1777560165065234,,,,client-3-3,Insert,-5230894,200,25799
client,client_request,completed,1777560165103418,3,,,1777560165068681,1777560165103418,1777560165068681,1777560165103418,,,,client-3-3,Remove,12456022,200,34737
client,client_request,completed,1777560165152365,3,,,1777560165118065,1777560165152365,1777560165118065,1777560165152365,,,,client-3-3,Insert,10489013,200,34300
client,client_request,completed,1777560165176825,3,,,1777560165153728,1777560165176825,1777560165153728,1777560165176825,,,,client-3-3,Remove,9848782,200,23097
client,client_request,completed,1777560165204106,3,,,1777560165179925,1777560165204106,1777560165179925,1777560165204106,,,,client-3-3,Insert,-6083546,200,24181
client,client_request,completed,1777560165219982,3,,,1777560165206125,1777560165219982,1777560165206125,1777560165219982,,,,client-3-3,Insert,-8426195,200,13857
client,client_request,completed,1777560165250535,3,,,1777560165225783,1777560165250535,1777560165225783,1777560165250535,,,,client-3-3,Insert,3672715,200,24752
client,client_request,completed,1777560165271738,3,,,1777560165250664,1777560165271738,1777560165250664,1777560165271738,,,,client-3-3,Remove,9547532,200,21074
client,client_request,completed,1777560165294087,3,,,1777560165273208,1777560165294087,1777560165273208,1777560165294087,,,,client-3-3,Insert,4137551,200,20879
client,client_request,completed,1777560165305303,3,,,1777560165295420,1777560165305303,1777560165295420,1777560165305303,,,,client-3-3,Remove,-14293549,200,9883
client,client_request,completed,1777560165323496,3,,,1777560165306893,1777560165323496,1777560165306893,1777560165323496,,,,client-3-3,Insert,-9732170,200,16603
client,client_request,completed,1777560165337022,3,,,1777560165325187,1777560165337022,1777560165325187,1777560165337022,,,,client-3-3,Insert,-14807109,200,11835
client,client_request,completed,1777560165363731,3,,,1777560165338589,1777560165363731,1777560165338589,1777560165363731,,,,client-3-3,Insert,-2447885,200,25142
client,client_request,completed,1777560165395848,3,,,1777560165366006,1777560165395848,1777560165366006,1777560165395848,,,,client-3-3,Remove,-6906719,200,29842
client,client_request,completed,1777560165437780,3,,,1777560165401728,1777560165437780,1777560165401728,1777560165437780,,,,client-3-3,Remove,-10404031,200,36052
client,client_request,completed,1777560165473076,3,,,1777560165437910,1777560165473076,1777560165437910,1777560165473076,,,,client-3-3,Remove,-11886392,200,35166
client,client_request,completed,1777560165506827,3,,,1777560165475476,1777560165506827,1777560165475476,1777560165506827,,,,client-3-3,Insert,1653636,200,31351
client,client_request,completed,1777560165533621,3,,,1777560165509233,1777560165533621,1777560165509233,1777560165533621,,,,client-3-3,Insert,9353000,200,24388
client,client_request,completed,1777560165552929,3,,,1777560165535294,1777560165552929,1777560165535294,1777560165552929,,,,client-3-3,Remove,12870545,200,17635
client,client_request,completed,1777560165592584,3,,,1777560165556534,1777560165592584,1777560165556534,1777560165592584,,,,client-3-3,Insert,8009070,200,36050
client,client_request,completed,1777560165675686,3,,,1777560165618991,1777560165675686,1777560165618991,1777560165675686,,,,client-3-3,Remove,3785013,200,56695
client,client_request,completed,1777560165714781,3,,,1777560165675789,1777560165714781,1777560165675789,1777560165714781,,,,client-3-3,Insert,16061413,200,38992
client,client_request,completed,1777560165748503,3,,,1777560165720149,1777560165748503,1777560165720149,1777560165748503,,,,client-3-3,Insert,8623772,200,28354
client,client_request,completed,1777560165835250,3,,,1777560165751693,1777560165835250,1777560165751693,1777560165835250,,,,client-3-3,Insert,3070627,200,83557
client,client_request,completed,1777560165866806,3,,,1777560165837545,1777560165866806,1777560165837545,1777560165866806,,,,client-3-3,Remove,9434823,200,29261
client,client_request,completed,1777560165940457,3,,,1777560165872677,1777560165940457,1777560165872677,1777560165940457,,,,client-3-3,Remove,-4338026,200,67780
client,client_request,completed,1777560165973033,3,,,1777560165942943,1777560165973033,1777560165942943,1777560165973033,,,,client-3-3,Insert,13690087,200,30090
client,client_request,completed,1777560166030287,3,,,1777560165980308,1777560166030287,1777560165980308,1777560166030287,,,,client-3-3,Remove,-4623521,200,49979
client,client_request,completed,1777560166052569,3,,,1777560166030413,1777560166052569,1777560166030413,1777560166052569,,,,client-3-3,Remove,-2426995,200,22156
client,client_request,completed,1777560166071645,3,,,1777560166055766,1777560166071645,1777560166055766,1777560166071645,,,,client-3-3,Insert,6410934,200,15879
client,client_request,completed,1777560166100703,3,,,1777560166073777,1777560166100703,1777560166073777,1777560166100703,,,,client-3-3,Insert,-4331301,200,26926
client,client_request,completed,1777560166162003,3,,,1777560166103462,1777560166162003,1777560166103462,1777560166162003,,,,client-3-3,Insert,-5882112,200,58541
client,client_request,completed,1777560166230837,3,,,1777560166168875,1777560166230837,1777560166168875,1777560166230837,,,,client-3-3,Remove,-16082213,200,61962
client,client_request,completed,1777560166247130,3,,,1777560166232654,1777560166247130,1777560166232654,1777560166247130,,,,client-3-3,Insert,-14823415,200,14476
client,client_request,completed,1777560166264131,3,,,1777560166248865,1777560166264131,1777560166248865,1777560166264131,,,,client-3-3,Insert,1175389,200,15266
client,client_request,completed,1777560166297196,3,,,1777560166266361,1777560166297196,1777560166266361,1777560166297196,,,,client-3-3,Insert,14272735,200,30835
client,client_request,completed,1777560166348955,3,,,1777560166297307,1777560166348955,1777560166297307,1777560166348955,,,,client-3-3,Remove,-12778512,200,51648
client,client_request,completed,1777560166400531,3,,,1777560166349085,1777560166400531,1777560166349085,1777560166400531,,,,client-3-3,Insert,-6594223,200,51446
client,client_request,completed,1777560166448716,3,,,1777560166403096,1777560166448716,1777560166403096,1777560166448716,,,,client-3-3,Insert,-7160918,200,45620
client,client_request,completed,1777560166502400,3,,,1777560166448810,1777560166502400,1777560166448810,1777560166502400,,,,client-3-3,Remove,-9161002,200,53590
client,client_request,completed,1777560166543123,3,,,1777560166505082,1777560166543123,1777560166505082,1777560166543123,,,,client-3-3,Insert,-15823272,200,38041
client,client_request,completed,1777560166612314,3,,,1777560166549319,1777560166612314,1777560166549319,1777560166612314,,,,client-3-3,Remove,-5640411,200,62995
client,client_request,completed,1777560166664149,3,,,1777560166615482,1777560166664149,1777560166615482,1777560166664149,,,,client-3-3,Insert,7688530,200,48667
client,client_request,completed,1777560166733604,3,,,1777560166667152,1777560166733604,1777560166667152,1777560166733604,,,,client-3-3,Remove,7390092,200,66452
client,client_request,completed,1777560166853229,3,,,1777560166733709,1777560166853229,1777560166733709,1777560166853229,,,,client-3-3,Remove,2847303,200,119520
client,client_request,completed,1777560166885956,3,,,1777560166853359,1777560166885956,1777560166853359,1777560166885956,,,,client-3-3,Insert,-4961159,200,32597
client,client_request,completed,1777560166924685,3,,,1777560166886067,1777560166924685,1777560166886067,1777560166924685,,,,client-3-3,Remove,613932,200,38618
client,client_request,completed,1777560166954624,3,,,1777560166937461,1777560166954624,1777560166937461,1777560166954624,,,,client-3-3,Insert,-22093,200,17163
client,client_request,completed,1777560166980354,3,,,1777560166961523,1777560166980354,1777560166961523,1777560166980354,,,,client-3-3,Remove,-15122273,200,18831
client,client_request,completed,1777560167003352,3,,,1777560166980404,1777560167003352,1777560166980404,1777560167003352,,,,client-3-3,Remove,-14494138,200,22948
client,client_request,completed,1777560167046764,3,,,1777560167003445,1777560167046764,1777560167003445,1777560167046764,,,,client-3-3,Insert,1759394,200,43319
client,client_request,completed,1777560167070947,3,,,1777560167048474,1777560167070947,1777560167048474,1777560167070947,,,,client-3-3,Remove,-6791192,200,22473
client,client_request,completed,1777560167096743,3,,,1777560167079767,1777560167096743,1777560167079767,1777560167096743,,,,client-3-3,Insert,-4455482,200,16976
client,client_request,completed,1777560167151767,3,,,1777560167100148,1777560167151767,1777560167100148,1777560167151767,,,,client-3-3,Insert,305574,200,51619
client,client_request,completed,1777560167175939,3,,,1777560167151888,1777560167175939,1777560167151888,1777560167175939,,,,client-3-3,Insert,-4688136,200,24051
client,client_request,completed,1777560167193615,3,,,1777560167178013,1777560167193615,1777560167178013,1777560167193615,,,,client-3-3,Insert,288919,200,15602
client,client_request,completed,1777560167231704,3,,,1777560167193692,1777560167231704,1777560167193692,1777560167231704,,,,client-3-3,Insert,6650975,200,38012
client,client_request,completed,1777560167268343,3,,,1777560167231829,1777560167268343,1777560167231829,1777560167268343,,,,client-3-3,Insert,11875704,200,36514
client,client_request,completed,1777560167306656,3,,,1777560167272734,1777560167306656,1777560167272734,1777560167306656,,,,client-3-3,Insert,2218395,200,33922
client,client_request,completed,1777560167346943,3,,,1777560167306787,1777560167346943,1777560167306787,1777560167346943,,,,client-3-3,Remove,-1774403,200,40156
client,client_request,completed,1777560167392623,3,,,1777560167347061,1777560167392623,1777560167347061,1777560167392623,,,,client-3-3,Insert,-4135454,200,45562
client,client_request,completed,1777560167457771,3,,,1777560167402653,1777560167457771,1777560167402653,1777560167457771,,,,client-3-3,Remove,8513778,200,55118
client,client_request,completed,1777560167508782,3,,,1777560167459960,1777560167508782,1777560167459960,1777560167508782,,,,client-3-3,Insert,15139750,200,48822
client,client_request,completed,1777560167549159,3,,,1777560167508910,1777560167549159,1777560167508910,1777560167549159,,,,client-3-3,Insert,177117,200,40249
client,client_request,completed,1777560167591442,3,,,1777560167569091,1777560167591442,1777560167569091,1777560167591442,,,,client-3-3,Insert,13743565,200,22351
client,client_request,completed,1777560167610856,3,,,1777560167591514,1777560167610856,1777560167591514,1777560167610856,,,,client-3-3,Insert,-738839,200,19342
client,client_request,completed,1777560167641639,3,,,1777560167615717,1777560167641639,1777560167615717,1777560167641639,,,,client-3-3,Insert,-15182724,200,25922
client,client_request,completed,1777560167671232,3,,,1777560167641762,1777560167671232,1777560167641762,1777560167671232,,,,client-3-3,Insert,-652660,200,29470
client,client_request,completed,1777560167707824,3,,,1777560167671361,1777560167707824,1777560167671361,1777560167707824,,,,client-3-3,Insert,15146151,200,36463
client,client_request,completed,1777560167743938,3,,,1777560167707953,1777560167743938,1777560167707953,1777560167743938,,,,client-3-3,Insert,12280166,200,35985
client,client_request,completed,1777560167778854,3,,,1777560167744051,1777560167778854,1777560167744051,1777560167778854,,,,client-3-3,Insert,-5783667,200,34803
client,client_request,completed,1777560167848205,3,,,1777560167784602,1777560167848205,1777560167784602,1777560167848205,,,,client-3-3,Insert,-14775313,200,63603
client,client_request,completed,1777560167887464,3,,,1777560167858447,1777560167887464,1777560167858447,1777560167887464,,,,client-3-3,Remove,-9904604,200,29017
client,client_request,completed,1777560167914675,3,,,1777560167889874,1777560167914675,1777560167889874,1777560167914675,,,,client-3-3,Remove,-2729746,200,24801
client,client_request,completed,1777560167932668,3,,,1777560167914788,1777560167932668,1777560167914788,1777560167932668,,,,client-3-3,Remove,4102638,200,17880
client,client_request,completed,1777560167959500,3,,,1777560167941713,1777560167959500,1777560167941713,1777560167959500,,,,client-3-3,Remove,-696763,200,17787
client,client_request,completed,1777560167994543,3,,,1777560167961135,1777560167994543,1777560167961135,1777560167994543,,,,client-3-3,Remove,12411424,200,33408
client,client_request,completed,1777560168030555,3,,,1777560168005574,1777560168030555,1777560168005574,1777560168030555,,,,client-3-3,Insert,-7872535,200,24981
client,client_request,completed,1777560168040892,3,,,1777560168030661,1777560168040892,1777560168030661,1777560168040892,,,,client-3-3,Remove,-12464882,200,10231
client,client_request,completed,1777560168087030,3,,,1777560168048655,1777560168087030,1777560168048655,1777560168087030,,,,client-3-3,Remove,6860435,200,38375
client,client_request,completed,1777560168110366,3,,,1777560168087152,1777560168110366,1777560168087152,1777560168110366,,,,client-3-3,Insert,-6419064,200,23214
client,client_request,completed,1777560168161893,3,,,1777560168112846,1777560168161893,1777560168112846,1777560168161893,,,,client-3-3,Remove,13566354,200,49047
client,client_request,completed,1777560168214211,3,,,1777560168168164,1777560168214211,1777560168168164,1777560168214211,,,,client-3-3,Remove,-15253135,200,46047
client,client_request,completed,1777560168233026,3,,,1777560168214334,1777560168233026,1777560168214334,1777560168233026,,,,client-3-3,Insert,-8226559,200,18692
client,client_request,completed,1777560168266270,3,,,1777560168236331,1777560168266270,1777560168236331,1777560168266270,,,,client-3-3,Remove,-13485775,200,29939
client,client_request,completed,1777560168282359,3,,,1777560168266379,1777560168282359,1777560168266379,1777560168282359,,,,client-3-3,Remove,-3478240,200,15980
client,client_request,completed,1777560168318031,3,,,1777560168282504,1777560168318031,1777560168282504,1777560168318031,,,,client-3-3,Remove,-12476276,200,35527
client,client_request,completed,1777560168351949,3,,,1777560168318155,1777560168351949,1777560168318155,1777560168351949,,,,client-3-3,Insert,11098968,200,33794
client,client_request,completed,1777560168381146,3,,,1777560168363459,1777560168381146,1777560168363459,1777560168381146,,,,client-3-3,Insert,14482812,200,17687
client,client_request,completed,1777560168405511,3,,,1777560168381205,1777560168405511,1777560168381205,1777560168405511,,,,client-3-3,Remove,11368,200,24306
client,client_request,completed,1777560168436196,3,,,1777560168405559,1777560168436196,1777560168405559,1777560168436196,,,,client-3-3,Insert,-3222044,200,30637
client,client_request,completed,1777560168469393,3,,,1777560168447673,1777560168469393,1777560168447673,1777560168469393,,,,client-3-3,Remove,-1321898,200,21720
client,client_request,completed,1777560168492812,3,,,1777560168469548,1777560168492812,1777560168469548,1777560168492812,,,,client-3-3,Insert,-16701290,200,23264
client,client_request,completed,1777560168526313,3,,,1777560168495539,1777560168526313,1777560168495539,1777560168526313,,,,client-3-3,Insert,-14319578,200,30774
client,client_request,completed,1777560168576683,3,,,1777560168528655,1777560168576683,1777560168528655,1777560168576683,,,,client-3-3,Remove,2283469,200,48028
client,client_request,completed,1777560168597963,3,,,1777560168576800,1777560168597963,1777560168576800,1777560168597963,,,,client-3-3,Remove,-7310730,200,21163
client,client_request,completed,1777560168639634,3,,,1777560168598011,1777560168639634,1777560168598011,1777560168639634,,,,client-3-3,Remove,15608893,200,41623
client,client_request,completed,1777560168677800,3,,,1777560168643275,1777560168677800,1777560168643275,1777560168677800,,,,client-3-3,Remove,-13536828,200,34525
client,client_request,completed,1777560168700250,3,,,1777560168680255,1777560168700250,1777560168680255,1777560168700250,,,,client-3-3,Remove,-14215104,200,19995
client,client_request,completed,1777560168790332,3,,,1777560168706045,1777560168790332,1777560168706045,1777560168790332,,,,client-3-3,Insert,8537579,200,84287
client,client_request,completed,1777560168845696,3,,,1777560168790480,1777560168845696,1777560168790480,1777560168845696,,,,client-3-3,Insert,13698223,200,55216
client,client_request,completed,1777560168899339,3,,,1777560168854175,1777560168899339,1777560168854175,1777560168899339,,,,client-3-3,Insert,8464393,200,45164
client,client_request,completed,1777560168962043,3,,,1777560168899482,1777560168962043,1777560168899482,1777560168962043,,,,client-3-3,Remove,-9427014,200,62561
client,client_request,completed,1777560168998444,3,,,1777560168969212,1777560168998444,1777560168969212,1777560168998444,,,,client-3-3,Remove,-3179480,200,29232
client,client_request,completed,1777560169038432,3,,,1777560169000866,1777560169038432,1777560169000866,1777560169038432,,,,client-3-3,Insert,-2374990,200,37566
client,client_request,completed,1777560169063971,3,,,1777560169040582,1777560169063971,1777560169040582,1777560169063971,,,,client-3-3,Insert,15138771,200,23389
client,client_request,completed,1777560169081766,3,,,1777560169064122,1777560169081766,1777560169064122,1777560169081766,,,,client-3-3,Remove,10545407,200,17644
client,client_request,completed,1777560169113508,3,,,1777560169083620,1777560169113508,1777560169083620,1777560169113508,,,,client-3-3,Insert,-2672839,200,29888
client,client_request,completed,1777560169187841,3,,,1777560169129966,1777560169187841,1777560169129966,1777560169187841,,,,client-3-3,Insert,3024286,200,57875
client,client_request,completed,1777560169226125,3,,,1777560169187960,1777560169226125,1777560169187960,1777560169226125,,,,client-3-3,Insert,-12268046,200,38165
client,client_request,completed,1777560169252510,3,,,1777560169226255,1777560169252510,1777560169226255,1777560169252510,,,,client-3-3,Insert,10694994,200,26255
client,client_request,completed,1777560169277152,3,,,1777560169253842,1777560169277152,1777560169253842,1777560169277152,,,,client-3-3,Remove,11538292,200,23310
client,client_request,completed,1777560169314027,3,,,1777560169284889,1777560169314027,1777560169284889,1777560169314027,,,,client-3-3,Insert,15869773,200,29138
client,client_request,completed,1777560169338252,3,,,1777560169314131,1777560169338252,1777560169314131,1777560169338252,,,,client-3-3,Insert,-226333,200,24121
client,client_request,completed,1777560169368264,3,,,1777560169338356,1777560169368264,1777560169338356,1777560169368264,,,,client-3-3,Remove,-5652957,200,29908
client,client_request,completed,1777560169400627,3,,,1777560169368392,1777560169400627,1777560169368392,1777560169400627,,,,client-3-3,Insert,-1867441,200,32235
client,client_request,completed,1777560169442136,3,,,1777560169404752,1777560169442136,1777560169404752,1777560169442136,,,,client-3-3,Insert,-14401524,200,37384
client,client_request,completed,1777560169467671,3,,,1777560169442259,1777560169467671,1777560169442259,1777560169467671,,,,client-3-3,Remove,15294018,200,25412
client,client_request,completed,1777560169513331,3,,,1777560169469131,1777560169513331,1777560169469131,1777560169513331,,,,client-3-3,Insert,-5095005,200,44200
client,client_request,completed,1777560169545221,3,,,1777560169520564,1777560169545221,1777560169520564,1777560169545221,,,,client-3-3,Insert,6271324,200,24657
client,client_request,completed,1777560169590723,3,,,1777560169545360,1777560169590723,1777560169545360,1777560169590723,,,,client-3-3,Remove,-3434322,200,45363
client,client_request,completed,1777560169630622,3,,,1777560169590829,1777560169630622,1777560169590829,1777560169630622,,,,client-3-3,Insert,13365391,200,39793
client,client_request,completed,1777560169649102,3,,,1777560169633238,1777560169649102,1777560169633238,1777560169649102,,,,client-3-3,Remove,5615384,200,15864
client,client_request,completed,1777560169671079,3,,,1777560169649159,1777560169671079,1777560169649159,1777560169671079,,,,client-3-3,Remove,-1932778,200,21920
client,client_request,completed,1777560169687795,3,,,1777560169671195,1777560169687795,1777560169671195,1777560169687795,,,,client-3-3,Insert,-8948548,200,16600
client,client_request,completed,1777560169725187,3,,,1777560169687909,1777560169725187,1777560169687909,1777560169725187,,,,client-3-3,Remove,-2898376,200,37278
client,client_request,completed,1777560169745720,3,,,1777560169725240,1777560169745720,1777560169725240,1777560169745720,,,,client-3-3,Remove,-4980842,200,20480
client,client_request,completed,1777560169839941,3,,,1777560169747816,1777560169839941,1777560169747816,1777560169839941,,,,client-3-3,Insert,14150901,200,92125
client,client_request,completed,1777560169876762,3,,,1777560169840057,1777560169876762,1777560169840057,1777560169876762,,,,client-3-3,Insert,12231344,200,36705
client,client_request,completed,1777560169899405,3,,,1777560169878614,1777560169899405,1777560169878614,1777560169899405,,,,client-3-3,Remove,-5178370,200,20791
client,client_request,completed,1777560169913399,3,,,1777560169899526,1777560169913399,1777560169899526,1777560169913399,,,,client-3-3,Insert,-2175291,200,13873
client,client_request,completed,1777560169967590,3,,,1777560169913544,1777560169967590,1777560169913544,1777560169967590,,,,client-3-3,Insert,3877992,200,54046
client,client_request,completed,1777560170015914,3,,,1777560169970337,1777560170015914,1777560169970337,1777560170015914,,,,client-3-3,Remove,10569551,200,45577
client,client_request,completed,1777560170082993,3,,,1777560170018739,1777560170082993,1777560170018739,1777560170082993,,,,client-3-3,Remove,9572384,200,64254
client,client_request,completed,1777560170129483,3,,,1777560170083105,1777560170129483,1777560170083105,1777560170129483,,,,client-3-3,Insert,7242548,200,46378
client,client_request,completed,1777560170159506,3,,,1777560170138998,1777560170159506,1777560170138998,1777560170159506,,,,client-3-3,Remove,1569582,200,20508
client,client_request,completed,1777560170218467,3,,,1777560170159608,1777560170218467,1777560170159608,1777560170218467,,,,client-3-3,Remove,11689751,200,58859
client,client_request,completed,1777560170250845,3,,,1777560170218579,1777560170250845,1777560170218579,1777560170250845,,,,client-3-3,Insert,-10675148,200,32266
client,client_request,completed,1777560170278856,3,,,1777560170252485,1777560170278856,1777560170252485,1777560170278856,,,,client-3-3,Remove,-13274029,200,26371
client,client_request,completed,1777560170307811,3,,,1777560170281562,1777560170307811,1777560170281562,1777560170307811,,,,client-3-3,Remove,-4350629,200,26249
client,client_request,completed,1777560170333840,3,,,1777560170310524,1777560170333840,1777560170310524,1777560170333840,,,,client-3-3,Remove,-15532307,200,23316
client,client_request,completed,1777560170369147,3,,,1777560170333970,1777560170369147,1777560170333970,1777560170369147,,,,client-3-3,Insert,-7594241,200,35177
client,client_request,completed,1777560170413986,3,,,1777560170376663,1777560170413986,1777560170376663,1777560170413986,,,,client-3-3,Insert,-14121898,200,37323
client,client_request,completed,1777560170441641,3,,,1777560170419153,1777560170441641,1777560170419153,1777560170441641,,,,client-3-3,Remove,-4418749,200,22488
client,client_request,completed,1777560170484865,3,,,1777560170443581,1777560170484865,1777560170443581,1777560170484865,,,,client-3-3,Remove,-2798463,200,41284
client,client_request,completed,1777560170516673,3,,,1777560170495752,1777560170516673,1777560170495752,1777560170516673,,,,client-3-3,Insert,33709,200,20921
client,client_request,completed,1777560170555799,3,,,1777560170529500,1777560170555799,1777560170529500,1777560170555799,,,,client-3-3,Insert,2468698,200,26299
client,client_request,completed,1777560170584535,3,,,1777560170556958,1777560170584535,1777560170556958,1777560170584535,,,,client-3-3,Remove,8961595,200,27577
client,client_request,completed,1777560170604847,3,,,1777560170589753,1777560170604847,1777560170589753,1777560170604847,,,,client-3-3,Insert,-15900891,200,15094
client,client_request,completed,1777560170626155,3,,,1777560170604955,1777560170626155,1777560170604955,1777560170626155,,,,client-3-3,Remove,-3274568,200,21200
client,client_request,completed,1777560170644762,3,,,1777560170626245,1777560170644762,1777560170626245,1777560170644762,,,,client-3-3,Remove,8481391,200,18517
client,client_request,completed,1777560170670318,3,,,1777560170644870,1777560170670318,1777560170644870,1777560170670318,,,,client-3-3,Remove,-2029041,200,25448
client,client_request,completed,1777560170721294,3,,,1777560170691056,1777560170721294,1777560170691056,1777560170721294,,,,client-3-3,Remove,5731188,200,30238
client,client_request,completed,1777560170749035,3,,,1777560170721372,1777560170749035,1777560170721372,1777560170749035,,,,client-3-3,Remove,-9555123,200,27663
client,client_request,completed,1777560170831478,3,,,1777560170753105,1777560170831478,1777560170753105,1777560170831478,,,,client-3-3,Insert,4618528,200,78373
client,client_request,completed,1777560170862520,3,,,1777560170834261,1777560170862520,1777560170834261,1777560170862520,,,,client-3-3,Insert,14459636,200,28259
client,client_request,completed,1777560170882117,3,,,1777560170866810,1777560170882117,1777560170866810,1777560170882117,,,,client-3-3,Remove,8943964,200,15307
client,client_request,completed,1777560170907271,3,,,1777560170882189,1777560170907271,1777560170882189,1777560170907271,,,,client-3-3,Insert,-710618,200,25082
client,client_request,completed,1777560170929336,3,,,1777560170907394,1777560170929336,1777560170907394,1777560170929336,,,,client-3-3,Insert,9975345,200,21942
client,client_request,completed,1777560170997499,3,,,1777560170936075,1777560170997499,1777560170936075,1777560170997499,,,,client-3-3,Remove,-15057110,200,61424
client,client_request,completed,1777560171047276,3,,,1777560170997619,1777560171047276,1777560170997619,1777560171047276,,,,client-3-3,Insert,-2370451,200,49657
client,client_request,completed,1777560171061890,3,,,1777560171047404,1777560171061890,1777560171047404,1777560171061890,,,,client-3-3,Insert,14198763,200,14486
client,client_request,completed,1777560171076042,3,,,1777560171061939,1777560171076042,1777560171061939,1777560171076042,,,,client-3-3,Insert,496317,200,14103
client,client_request,completed,1777560171110028,3,,,1777560171078766,1777560171110028,1777560171078766,1777560171110028,,,,client-3-3,Remove,11651892,200,31262
client,client_request,completed,1777560171157695,3,,,1777560171110149,1777560171157695,1777560171110149,1777560171157695,,,,client-3-3,Remove,-13899557,200,47546
client,client_request,completed,1777560171175640,3,,,1777560171157789,1777560171175640,1777560171157789,1777560171175640,,,,client-3-3,Remove,12982349,200,17851
client,client_request,completed,1777560171197385,3,,,1777560171175773,1777560171197385,1777560171175773,1777560171197385,,,,client-3-3,Insert,-1033065,200,21612
client,client_request,completed,1777560171215039,3,,,1777560171197485,1777560171215039,1777560171197485,1777560171215039,,,,client-3-3,Insert,-2156784,200,17554
client,client_request,completed,1777560171252149,3,,,1777560171217137,1777560171252149,1777560171217137,1777560171252149,,,,client-3-3,Insert,-10597168,200,35012
client,client_request,completed,1777560171288157,3,,,1777560171253186,1777560171288157,1777560171253186,1777560171288157,,,,client-3-3,Insert,-10970060,200,34971
client,client_request,completed,1777560171309610,3,,,1777560171288233,1777560171309610,1777560171288233,1777560171309610,,,,client-3-3,Insert,10369148,200,21377
client,client_request,completed,1777560171334299,3,,,1777560171309689,1777560171334299,1777560171309689,1777560171334299,,,,client-3-3,Insert,-16776801,200,24610
client,client_request,completed,1777560171370552,3,,,1777560171336886,1777560171370552,1777560171336886,1777560171370552,,,,client-3-3,Remove,14183141,200,33666
client,client_request,completed,1777560171412727,3,,,1777560171370686,1777560171412727,1777560171370686,1777560171412727,,,,client-3-3,Insert,-3097166,200,42041
client,client_request,completed,1777560171436300,3,,,1777560171416208,1777560171436300,1777560171416208,1777560171436300,,,,client-3-3,Insert,16045857,200,20092
client,client_request,completed,1777560171479859,3,,,1777560171442430,1777560171479859,1777560171442430,1777560171479859,,,,client-3-3,Remove,8206785,200,37429
client,client_request,completed,1777560171511705,3,,,1777560171479932,1777560171511705,1777560171479932,1777560171511705,,,,client-3-3,Insert,-16199927,200,31773
client,client_request,completed,1777560171534591,3,,,1777560171515139,1777560171534591,1777560171515139,1777560171534591,,,,client-3-3,Insert,-5282185,200,19452
client,client_request,completed,1777560171552080,3,,,1777560171536291,1777560171552080,1777560171536291,1777560171552080,,,,client-3-3,Insert,3997982,200,15789
client,client_request,completed,1777560171584297,3,,,1777560171555354,1777560171584297,1777560171555354,1777560171584297,,,,client-3-3,Insert,-6534870,200,28943
client,client_request,completed,1777560171618534,3,,,1777560171584438,1777560171618534,1777560171584438,1777560171618534,,,,client-3-3,Insert,-548631,200,34096
client,client_request,completed,1777560171646363,3,,,1777560171618641,1777560171646363,1777560171618641,1777560171646363,,,,client-3-3,Remove,-15329802,200,27722
client,client_request,completed,1777560171681711,3,,,1777560171646495,1777560171681711,1777560171646495,1777560171681711,,,,client-3-3,Remove,16501016,200,35216
client,client_request,completed,1777560171715904,3,,,1777560171681839,1777560171715904,1777560171681839,1777560171715904,,,,client-3-3,Insert,-5578104,200,34065
client,client_request,completed,1777560171771106,3,,,1777560171721266,1777560171771106,1777560171721266,1777560171771106,,,,client-3-3,Insert,-343936,200,49840
client,client_request,completed,1777560171847138,3,,,1777560171773584,1777560171847138,1777560171773584,1777560171847138,,,,client-3-3,Remove,12736694,200,73554
client,client_request,completed,1777560171874919,3,,,1777560171849342,1777560171874919,1777560171849342,1777560171874919,,,,client-3-3,Remove,1837732,200,25577
client,client_request,completed,1777560171907381,3,,,1777560171875024,1777560171907381,1777560171875024,1777560171907381,,,,client-3-3,Insert,-4590080,200,32357
client,client_request,completed,1777560171935722,3,,,1777560171907493,1777560171935722,1777560171907493,1777560171935722,,,,client-3-3,Remove,559995,200,28229
client,client_request,completed,1777560171974432,3,,,1777560171938371,1777560171974432,1777560171938371,1777560171974432,,,,client-3-3,Remove,-5599712,200,36061
client,client_request,completed,1777560172034574,3,,,1777560171985692,1777560172034574,1777560171985692,1777560172034574,,,,client-3-3,Insert,-15712881,200,48882
client,client_request,completed,1777560172070575,3,,,1777560172034680,1777560172070575,1777560172034680,1777560172070575,,,,client-3-3,Remove,16413378,200,35895
client,client_request,completed,1777560172104846,3,,,1777560172071856,1777560172104846,1777560172071856,1777560172104846,,,,client-3-3,Insert,16744251,200,32990
client,client_request,completed,1777560172131562,3,,,1777560172104975,1777560172131562,1777560172104975,1777560172131562,,,,client-3-3,Insert,-9185455,200,26587
client,client_request,completed,1777560172149719,3,,,1777560172135201,1777560172149719,1777560172135201,1777560172149719,,,,client-3-3,Insert,9433742,200,14518
client,client_request,completed,1777560172175519,3,,,1777560172153309,1777560172175519,1777560172153309,1777560172175519,,,,client-3-3,Insert,14526341,200,22210
client,client_request,completed,1777560172214638,3,,,1777560172179177,1777560172214638,1777560172179177,1777560172214638,,,,client-3-3,Remove,8634300,200,35461
client,client_request,completed,1777560172243571,3,,,1777560172214746,1777560172243571,1777560172214746,1777560172243571,,,,client-3-3,Remove,6023277,200,28825
client,client_request,completed,1777560172265112,3,,,1777560172244541,1777560172265112,1777560172244541,1777560172265112,,,,client-3-3,Insert,14366994,200,20571
client,client_request,completed,1777560172301098,3,,,1777560172265848,1777560172301098,1777560172265848,1777560172301098,,,,client-3-3,Insert,-13657998,200,35250
client,client_request,completed,1777560172326811,3,,,1777560172303587,1777560172326811,1777560172303587,1777560172326811,,,,client-3-3,Insert,10763595,200,23224
client,client_request,completed,1777560172347767,3,,,1777560172328434,1777560172347767,1777560172328434,1777560172347767,,,,client-3-3,Remove,-14567364,200,19333
client,client_request,completed,1777560172389327,3,,,1777560172347880,1777560172389327,1777560172347880,1777560172389327,,,,client-3-3,Remove,4431568,200,41447
client,client_request,completed,1777560172425569,3,,,1777560172389442,1777560172425569,1777560172389442,1777560172425569,,,,client-3-3,Remove,7552444,200,36127
client,client_request,completed,1777560172466254,3,,,1777560172425685,1777560172466254,1777560172425685,1777560172466254,,,,client-3-3,Remove,-5571686,200,40569
client,client_request,completed,1777560172487955,3,,,1777560172466371,1777560172487955,1777560172466371,1777560172487955,,,,client-3-3,Insert,9324800,200,21584
client,client_request,completed,1777560172525964,3,,,1777560172492158,1777560172525964,1777560172492158,1777560172525964,,,,client-3-3,Remove,10193152,200,33806
client,client_request,completed,1777560172554860,3,,,1777560172527780,1777560172554860,1777560172527780,1777560172554860,,,,client-3-3,Insert,-5445721,200,27080
client,client_request,completed,1777560172579021,3,,,1777560172554968,1777560172579021,1777560172554968,1777560172579021,,,,client-3-3,Insert,-12121113,200,24053
client,client_request,completed,1777560172604983,3,,,1777560172580908,1777560172604983,1777560172580908,1777560172604983,,,,client-3-3,Insert,9107459,200,24075
client,client_request,completed,1777560172644591,3,,,1777560172605099,1777560172644591,1777560172605099,1777560172644591,,,,client-3-3,Insert,10139226,200,39492
client,client_request,completed,1777560172679102,3,,,1777560172649825,1777560172679102,1777560172649825,1777560172679102,,,,client-3-3,Remove,9086318,200,29277
client,client_request,completed,1777560172708676,3,,,1777560172679226,1777560172708676,1777560172679226,1777560172708676,,,,client-3-3,Remove,-5694000,200,29450
client,client_request,completed,1777560172757453,3,,,1777560172714396,1777560172757453,1777560172714396,1777560172757453,,,,client-3-3,Insert,15910981,200,43057
client,client_request,completed,1777560172846843,3,,,1777560172762261,1777560172846843,1777560172762261,1777560172846843,,,,client-3-3,Remove,-16515326,200,84582
client,client_request,completed,1777560172880105,3,,,1777560172846952,1777560172880105,1777560172846952,1777560172880105,,,,client-3-3,Remove,15813802,200,33153
client,client_request,completed,1777560172918295,3,,,1777560172882359,1777560172918295,1777560172882359,1777560172918295,,,,client-3-3,Remove,-15399578,200,35936
client,client_request,completed,1777560172958597,3,,,1777560172920264,1777560172958597,1777560172920264,1777560172958597,,,,client-3-3,Insert,-6645018,200,38333
client,client_request,completed,1777560172974818,3,,,1777560172959638,1777560172974818,1777560172959638,1777560172974818,,,,client-3-3,Insert,-11418467,200,15180
client,client_request,completed,1777560173010625,3,,,1777560172977524,1777560173010625,1777560172977524,1777560173010625,,,,client-3-3,Insert,7424267,200,33101
client,client_request,completed,1777560173044159,3,,,1777560173017518,1777560173044159,1777560173017518,1777560173044159,,,,client-3-3,Insert,3159756,200,26641
client,client_request,completed,1777560173088982,3,,,1777560173055390,1777560173088982,1777560173055390,1777560173088982,,,,client-3-3,Remove,6502000,200,33592
client,client_request,completed,1777560173132766,3,,,1777560173092865,1777560173132766,1777560173092865,1777560173132766,,,,client-3-3,Insert,13216050,200,39901
client,client_request,completed,1777560173160195,3,,,1777560173136630,1777560173160195,1777560173136630,1777560173160195,,,,client-3-3,Insert,-6589119,200,23565
client,client_request,completed,1777560173216081,3,,,1777560173162795,1777560173216081,1777560173162795,1777560173216081,,,,client-3-3,Insert,6491127,200,53286
client,client_request,completed,1777560173249284,3,,,1777560173216216,1777560173249284,1777560173216216,1777560173249284,,,,client-3-3,Insert,1227783,200,33068
client,client_request,completed,1777560173276083,3,,,1777560173251360,1777560173276083,1777560173251360,1777560173276083,,,,client-3-3,Remove,-7230699,200,24723
client,client_request,completed,1777560173319572,3,,,1777560173276213,1777560173319572,1777560173276213,1777560173319572,,,,client-3-3,Insert,7924349,200,43359
client,client_request,completed,1777560173361818,3,,,1777560173319703,1777560173361818,1777560173319703,1777560173361818,,,,client-3-3,Remove,14842423,200,42115
client,client_request,completed,1777560173393018,3,,,1777560173364924,1777560173393018,1777560173364924,1777560173393018,,,,client-3-3,Remove,-9075983,200,28094
client,client_request,completed,1777560173433685,3,,,1777560173394066,1777560173433685,1777560173394066,1777560173433685,,,,client-3-3,Remove,-13158172,200,39619
client,client_request,completed,1777560173479426,3,,,1777560173433812,1777560173479426,1777560173433812,1777560173479426,,,,client-3-3,Insert,-6194818,200,45614
client,client_request,completed,1777560173508535,3,,,1777560173481539,1777560173508535,1777560173481539,1777560173508535,,,,client-3-3,Remove,13789043,200,26996
client,client_request,completed,1777560173539793,3,,,1777560173513260,1777560173539793,1777560173513260,1777560173539793,,,,client-3-3,Insert,7557711,200,26533
client,client_request,completed,1777560173565575,3,,,1777560173541410,1777560173565575,1777560173541410,1777560173565575,,,,client-3-3,Insert,-4872937,200,24165
client,client_request,completed,1777560173607817,3,,,1777560173570511,1777560173607817,1777560173570511,1777560173607817,,,,client-3-3,Remove,10828838,200,37306
client,client_request,completed,1777560173625179,3,,,1777560173609016,1777560173625179,1777560173609016,1777560173625179,,,,client-3-3,Insert,-11397066,200,16163
client,client_request,completed,1777560173671998,3,,,1777560173625286,1777560173671998,1777560173625286,1777560173671998,,,,client-3-3,Remove,13500451,200,46712
client,client_request,completed,1777560173721805,3,,,1777560173673453,1777560173721805,1777560173673453,1777560173721805,,,,client-3-3,Insert,10150218,200,48352
client,client_request,completed,1777560173768383,3,,,1777560173721919,1777560173768383,1777560173721919,1777560173768383,,,,client-3-3,Remove,709617,200,46464
client,client_request,completed,1777560173861217,3,,,1777560173768447,1777560173861217,1777560173768447,1777560173861217,,,,client-3-3,Insert,-15377681,200,92770
client,client_request,completed,1777560173970473,3,,,1777560173902212,1777560173970473,1777560173902212,1777560173970473,,,,client-3-3,Remove,-6938835,200,68261
client,client_request,completed,1777560174002754,3,,,1777560173970602,1777560174002754,1777560173970602,1777560174002754,,,,client-3-3,Insert,6786859,200,32152
client,client_request,completed,1777560174035879,3,,,1777560174002875,1777560174035879,1777560174002875,1777560174035879,,,,client-3-3,Insert,8240552,200,33004
client,client_request,completed,1777560174066394,3,,,1777560174040861,1777560174066394,1777560174040861,1777560174066394,,,,client-3-3,Insert,8715490,200,25533
client,client_request,completed,1777560174091892,3,,,1777560174066501,1777560174091892,1777560174066501,1777560174091892,,,,client-3-3,Insert,-6459075,200,25391
client,client_request,completed,1777560174125492,3,,,1777560174091992,1777560174125492,1777560174091992,1777560174125492,,,,client-3-3,Remove,5326233,200,33500
client,client_request,completed,1777560174176287,3,,,1777560174131807,1777560174176287,1777560174131807,1777560174176287,,,,client-3-3,Insert,-7876213,200,44480
client,client_request,completed,1777560174211523,3,,,1777560174178710,1777560174211523,1777560174178710,1777560174211523,,,,client-3-3,Remove,-14342650,200,32813
client,client_request,completed,1777560174239561,3,,,1777560174211621,1777560174239561,1777560174211621,1777560174239561,,,,client-3-3,Remove,-7640868,200,27940
client,client_request,completed,1777560174293955,3,,,1777560174239687,1777560174293955,1777560174239687,1777560174293955,,,,client-3-3,Remove,12355906,200,54268
client,client_request,completed,1777560174318936,3,,,1777560174294097,1777560174318936,1777560174294097,1777560174318936,,,,client-3-3,Remove,16529134,200,24839
client,client_request,completed,1777560174356582,3,,,1777560174327405,1777560174356582,1777560174327405,1777560174356582,,,,client-3-3,Insert,5348633,200,29177
client,client_request,completed,1777560174388071,3,,,1777560174359736,1777560174388071,1777560174359736,1777560174388071,,,,client-3-3,Remove,-14446888,200,28335
client,client_request,completed,1777560174423895,3,,,1777560174391519,1777560174423895,1777560174391519,1777560174423895,,,,client-3-3,Insert,16124827,200,32376
client,client_request,completed,1777560174466683,3,,,1777560174424003,1777560174466683,1777560174424003,1777560174466683,,,,client-3-3,Remove,9068070,200,42680
client,client_request,completed,1777560174493588,3,,,1777560174469352,1777560174493588,1777560174469352,1777560174493588,,,,client-3-3,Remove,-15606004,200,24236
client,client_request,completed,1777560174514743,3,,,1777560174495520,1777560174514743,1777560174495520,1777560174514743,,,,client-3-3,Insert,-15723088,200,19223
client,client_request,completed,1777560174549213,3,,,1777560174522939,1777560174549213,1777560174522939,1777560174549213,,,,client-3-3,Remove,1015453,200,26274
client,client_request,completed,1777560174597473,3,,,1777560174552680,1777560174597473,1777560174552680,1777560174597473,,,,client-3-3,Insert,-4239716,200,44793
client,client_request,completed,1777560174633694,3,,,1777560174597613,1777560174633694,1777560174597613,1777560174633694,,,,client-3-3,Remove,6446707,200,36081
client,client_request,completed,1777560174671667,3,,,1777560174633810,1777560174671667,1777560174633810,1777560174671667,,,,client-3-3,Remove,-3399517,200,37857
client,client_request,completed,1777560174690578,3,,,1777560174671791,1777560174690578,1777560174671791,1777560174690578,,,,client-3-3,Insert,2168490,200,18787
client,client_request,completed,1777560174748262,3,,,1777560174703078,1777560174748262,1777560174703078,1777560174748262,,,,client-3-3,Remove,10713966,200,45184
client,client_request,completed,1777560174849354,3,,,1777560174751325,1777560174849354,1777560174751325,1777560174849354,,,,client-3-3,Insert,16160680,200,98029
client,client_request,completed,1777560174881315,3,,,1777560174849480,1777560174881315,1777560174849480,1777560174881315,,,,client-3-3,Insert,-7982155,200,31835
client,client_request,completed,1777560174922826,3,,,1777560174883546,1777560174922826,1777560174883546,1777560174922826,,,,client-3-3,Insert,-12632869,200,39280
client,client_request,completed,1777560174941586,3,,,1777560174922885,1777560174941586,1777560174922885,1777560174941586,,,,client-3-3,Insert,9145036,200,18701
client,client_request,completed,1777560174967508,3,,,1777560174941662,1777560174967508,1777560174941662,1777560174967508,,,,client-3-3,Remove,-8171443,200,25846
client,client_request,completed,1777560174977180,3,,,1777560174967620,1777560174977180,1777560174967620,1777560174977180,,,,client-3-3,Insert,-11085970,200,9560
client,client_request,completed,1777560174997642,3,,,1777560174977305,1777560174997642,1777560174977305,1777560174997642,,,,client-3-3,Remove,-5851359,200,20337
client,client_request,completed,1777560175039488,3,,,1777560174997760,1777560175039488,1777560174997760,1777560175039488,,,,client-3-3,Remove,131240,200,41728
client,client_request,completed,1777560175075481,3,,,1777560175039620,1777560175075481,1777560175039620,1777560175075481,,,,client-3-3,Remove,-9923430,200,35861
client,client_request,completed,1777560175105859,3,,,1777560175077032,1777560175105859,1777560175077032,1777560175105859,,,,client-3-3,Insert,-329189,200,28827
client,client_request,completed,1777560175133696,3,,,1777560175109082,1777560175133696,1777560175109082,1777560175133696,,,,client-3-3,Insert,-5561494,200,24614
client,client_request,completed,1777560175176702,3,,,1777560175148298,1777560175176702,1777560175148298,1777560175176702,,,,client-3-3,Insert,3746219,200,28404
client,client_request,completed,1777560175212496,3,,,1777560175183220,1777560175212496,1777560175183220,1777560175212496,,,,client-3-3,Remove,-12090590,200,29276
client,client_request,completed,1777560175247915,3,,,1777560175217249,1777560175247915,1777560175217249,1777560175247915,,,,client-3-3,Insert,16083726,200,30666
client,client_request,completed,1777560175281979,3,,,1777560175248010,1777560175281979,1777560175248010,1777560175281979,,,,client-3-3,Remove,-4845006,200,33969
client,client_request,completed,1777560175313699,3,,,1777560175282089,1777560175313699,1777560175282089,1777560175313699,,,,client-3-3,Remove,3844897,200,31610
client,client_request,completed,1777560175372577,3,,,1777560175316439,1777560175372577,1777560175316439,1777560175372577,,,,client-3-3,Remove,11949828,200,56138
client,client_request,completed,1777560175395482,3,,,1777560175376120,1777560175395482,1777560175376120,1777560175395482,,,,client-3-3,Remove,7346339,200,19362
client,client_request,completed,1777560175440826,3,,,1777560175398596,1777560175440826,1777560175398596,1777560175440826,,,,client-3-3,Remove,-15668228,200,42230
client,client_request,completed,1777560175485059,3,,,1777560175450963,1777560175485059,1777560175450963,1777560175485059,,,,client-3-3,Insert,-7816055,200,34096
client,client_request,completed,1777560175523833,3,,,1777560175486482,1777560175523833,1777560175486482,1777560175523833,,,,client-3-3,Remove,13144932,200,37351
client,client_request,completed,1777560175541830,3,,,1777560175523933,1777560175541830,1777560175523933,1777560175541830,,,,client-3-3,Remove,-13745348,200,17897
client,client_request,completed,1777560175566434,3,,,1777560175542668,1777560175566434,1777560175542668,1777560175566434,,,,client-3-3,Insert,-4091831,200,23766
client,client_request,completed,1777560175601374,3,,,1777560175569359,1777560175601374,1777560175569359,1777560175601374,,,,client-3-3,Insert,-15914929,200,32015
client,client_request,completed,1777560175631288,3,,,1777560175601460,1777560175631288,1777560175601460,1777560175631288,,,,client-3-3,Insert,-12560356,200,29828
client,client_request,completed,1777560175667300,3,,,1777560175631389,1777560175667300,1777560175631389,1777560175667300,,,,client-3-3,Remove,8963320,200,35911
client,client_request,completed,1777560175694822,3,,,1777560175669712,1777560175694822,1777560175669712,1777560175694822,,,,client-3-3,Insert,-1665435,200,25110
client,client_request,completed,1777560175723868,3,,,1777560175696680,1777560175723868,1777560175696680,1777560175723868,,,,client-3-3,Remove,16254995,200,27188
client,client_request,completed,1777560175742924,3,,,1777560175723970,1777560175742924,1777560175723970,1777560175742924,,,,client-3-3,Insert,8369498,200,18954
client,client_request,completed,1777560175784849,3,,,1777560175744650,1777560175784849,1777560175744650,1777560175784849,,,,client-3-3,Insert,-13190835,200,40199
client,client_request,completed,1777560175862022,3,,,1777560175784966,1777560175862022,1777560175784966,1777560175862022,,,,client-3-3,Remove,-13844009,200,77056
client,client_request,completed,1777560175890535,3,,,1777560175862132,1777560175890535,1777560175862132,1777560175890535,,,,client-3-3,Insert,11648307,200,28403
client,client_request,completed,1777560175910045,3,,,1777560175890634,1777560175910045,1777560175890634,1777560175910045,,,,client-3-3,Insert,-4254420,200,19411
client,client_request,completed,1777560175931329,3,,,1777560175910113,1777560175931329,1777560175910113,1777560175931329,,,,client-3-3,Insert,7991996,200,21216
client,client_request,completed,1777560175961628,3,,,1777560175939105,1777560175961628,1777560175939105,1777560175961628,,,,client-3-3,Insert,-15533033,200,22523
client,client_request,completed,1777560175990703,3,,,1777560175965375,1777560175990703,1777560175965375,1777560175990703,,,,client-3-3,Remove,-9323546,200,25328
client,client_request,completed,1777560176026892,3,,,1777560175990833,1777560176026892,1777560175990833,1777560176026892,,,,client-3-3,Insert,-11961933,200,36059
client,client_request,completed,1777560176057162,3,,,1777560176034409,1777560176057162,1777560176034409,1777560176057162,,,,client-3-3,Remove,-2073513,200,22753
client,client_request,completed,1777560176075374,3,,,1777560176058183,1777560176075374,1777560176058183,1777560176075374,,,,client-3-3,Remove,-16394105,200,17191
client,client_request,completed,1777560176100137,3,,,1777560176075517,1777560176100137,1777560176075517,1777560176100137,,,,client-3-3,Insert,8527599,200,24620
client,client_request,completed,1777560176131766,3,,,1777560176100211,1777560176131766,1777560176100211,1777560176131766,,,,client-3-3,Insert,13962092,200,31555
client,client_request,completed,1777560176159384,3,,,1777560176131832,1777560176159384,1777560176131832,1777560176159384,,,,client-3-3,Remove,6046768,200,27552
client,client_request,completed,1777560176193362,3,,,1777560176162103,1777560176193362,1777560176162103,1777560176193362,,,,client-3-3,Remove,11537968,200,31259
client,client_request,completed,1777560176234864,3,,,1777560176193484,1777560176234864,1777560176193484,1777560176234864,,,,client-3-3,Remove,3149452,200,41380
client,client_request,completed,1777560176261510,3,,,1777560176237366,1777560176261510,1777560176237366,1777560176261510,,,,client-3-3,Remove,8657711,200,24144
client,client_request,completed,1777560176281615,3,,,1777560176261610,1777560176281615,1777560176261610,1777560176281615,,,,client-3-3,Remove,1172904,200,20005
client,client_request,completed,1777560176319227,3,,,1777560176285284,1777560176319227,1777560176285284,1777560176319227,,,,client-3-3,Insert,-7404856,200,33943
client,client_request,completed,1777560176342183,3,,,1777560176321410,1777560176342183,1777560176321410,1777560176342183,,,,client-3-3,Insert,13305405,200,20773
client,client_request,completed,1777560176370756,3,,,1777560176343975,1777560176370756,1777560176343975,1777560176370756,,,,client-3-3,Insert,-619825,200,26781
client,client_request,completed,1777560176396398,3,,,1777560176372394,1777560176396398,1777560176372394,1777560176396398,,,,client-3-3,Insert,-7971501,200,24004
client,client_request,completed,1777560176426310,3,,,1777560176399137,1777560176426310,1777560176399137,1777560176426310,,,,client-3-3,Insert,2699150,200,27173
client,client_request,completed,1777560176465882,3,,,1777560176430723,1777560176465882,1777560176430723,1777560176465882,,,,client-3-3,Remove,11592517,200,35159
client,client_request,completed,1777560176525731,3,,,1777560176470825,1777560176525731,1777560176470825,1777560176525731,,,,client-3-3,Insert,-405868,200,54906
client,client_request,completed,1777560176545615,3,,,1777560176525859,1777560176545615,1777560176525859,1777560176545615,,,,client-3-3,Remove,481638,200,19756
client,client_request,completed,1777560176578095,3,,,1777560176545723,1777560176578095,1777560176545723,1777560176578095,,,,client-3-3,Remove,14228551,200,32372
client,client_request,completed,1777560176607680,3,,,1777560176582472,1777560176607680,1777560176582472,1777560176607680,,,,client-3-3,Insert,13463244,200,25208
client,client_request,completed,1777560176645950,3,,,1777560176615465,1777560176645950,1777560176615465,1777560176645950,,,,client-3-3,Remove,-12616682,200,30485
client,client_request,completed,1777560176675974,3,,,1777560176649027,1777560176675974,1777560176649027,1777560176675974,,,,client-3-3,Insert,7922707,200,26947
client,client_request,completed,1777560176710333,3,,,1777560176681079,1777560176710333,1777560176681079,1777560176710333,,,,client-3-3,Remove,13387860,200,29254
client,client_request,completed,1777560176743491,3,,,1777560176712213,1777560176743491,1777560176712213,1777560176743491,,,,client-3-3,Insert,-2190340,200,31278
client,client_request,completed,1777560176791633,3,,,1777560176743606,1777560176791633,1777560176743606,1777560176791633,,,,client-3-3,Remove,13896088,200,48027
client,client_request,completed,1777560176890036,3,,,1777560176791767,1777560176890036,1777560176791767,1777560176890036,,,,client-3-3,Insert,-1596353,200,98269
client,client_request,completed,1777560176955732,3,,,1777560176892309,1777560176955732,1777560176892309,1777560176955732,,,,client-3-3,Remove,-14165086,200,63423
client,client_request,completed,1777560176998572,3,,,1777560176961967,1777560176998572,1777560176961967,1777560176998572,,,,client-3-3,Insert,5480926,200,36605
client,client_request,completed,1777560177038638,3,,,1777560176998724,1777560177038638,1777560176998724,1777560177038638,,,,client-3-3,Remove,-9766239,200,39914
client,client_request,completed,1777560177066098,3,,,1777560177042650,1777560177066098,1777560177042650,1777560177066098,,,,client-3-3,Remove,13604161,200,23448
client,client_request,completed,1777560177103680,3,,,1777560177066248,1777560177103680,1777560177066248,1777560177103680,,,,client-3-3,Remove,4603103,200,37432
client,client_request,completed,1777560177156321,3,,,1777560177104118,1777560177156321,1777560177104118,1777560177156321,,,,client-3-3,Remove,15642751,200,52203
client,client_request,completed,1777560177172769,3,,,1777560177156451,1777560177172769,1777560177156451,1777560177172769,,,,client-3-3,Remove,-2986356,200,16318
client,client_request,completed,1777560177220824,3,,,1777560177176925,1777560177220824,1777560177176925,1777560177220824,,,,client-3-3,Insert,4389949,200,43899
client,client_request,completed,1777560177254555,3,,,1777560177231455,1777560177254555,1777560177231455,1777560177254555,,,,client-3-3,Remove,-2312031,200,23100
client,client_request,completed,1777560177270295,3,,,1777560177254664,1777560177270295,1777560177254664,1777560177270295,,,,client-3-3,Remove,2696775,200,15631
client,client_request,completed,1777560177303801,3,,,1777560177273340,1777560177303801,1777560177273340,1777560177303801,,,,client-3-3,Remove,14747862,200,30461
client,client_request,completed,1777560177334961,3,,,1777560177303918,1777560177334961,1777560177303918,1777560177334961,,,,client-3-3,Remove,-9593338,200,31043
client,client_request,completed,1777560177371694,3,,,1777560177335375,1777560177371694,1777560177335375,1777560177371694,,,,client-3-3,Remove,-13982288,200,36319
client,client_request,completed,1777560177431141,3,,,1777560177377094,1777560177431141,1777560177377094,1777560177431141,,,,client-3-3,Insert,-5224057,200,54047
client,client_request,completed,1777560177466591,3,,,1777560177431273,1777560177466591,1777560177431273,1777560177466591,,,,client-3-3,Insert,-1583005,200,35318
client,client_request,completed,1777560177505246,3,,,1777560177469897,1777560177505246,1777560177469897,1777560177505246,,,,client-3-3,Remove,-1329343,200,35349
client,client_request,completed,1777560177547049,3,,,1777560177507237,1777560177547049,1777560177507237,1777560177547049,,,,client-3-3,Insert,-3577572,200,39812
client,client_request,completed,1777560177574791,3,,,1777560177547942,1777560177574791,1777560177547942,1777560177574791,,,,client-3-3,Insert,6316471,200,26849
client,client_request,completed,1777560177609091,3,,,1777560177575199,1777560177609091,1777560177575199,1777560177609091,,,,client-3-3,Remove,-14519760,200,33892
client,client_request,completed,1777560177639613,3,,,1777560177609229,1777560177639613,1777560177609229,1777560177639613,,,,client-3-3,Remove,547841,200,30384
client,client_request,completed,1777560177688475,3,,,1777560177641402,1777560177688475,1777560177641402,1777560177688475,,,,client-3-3,Remove,11844296,200,47073
client,client_request,completed,1777560177738385,3,,,1777560177695840,1777560177738385,1777560177695840,1777560177738385,,,,client-3-3,Remove,10284650,200,42545
client,client_request,completed,1777560177764730,3,,,1777560177739710,1777560177764730,1777560177739710,1777560177764730,,,,client-3-3,Remove,3539951,200,25020
client,client_request,completed,1777560177851058,3,,,1777560177764845,1777560177851058,1777560177764845,1777560177851058,,,,client-3-3,Remove,3676657,200,86213
client,client_request,completed,1777560177887152,3,,,1777560177851182,1777560177887152,1777560177851182,1777560177887152,,,,client-3-3,Insert,-14882534,200,35970
client,client_request,completed,1777560177924122,3,,,1777560177891672,1777560177924122,1777560177891672,1777560177924122,,,,client-3-3,Insert,4369868,200,32450
client,client_request,completed,1777560177976533,3,,,1777560177927931,1777560177976533,1777560177927931,1777560177976533,,,,client-3-3,Insert,-5137249,200,48602
client,client_request,completed,1777560178002529,3,,,1777560177976633,1777560178002529,1777560177976633,1777560178002529,,,,client-3-3,Insert,-9097299,200,25896
client,client_request,completed,1777560178032937,3,,,1777560178005372,1777560178032937,1777560178005372,1777560178032937,,,,client-3-3,Remove,-1489822,200,27565
client,client_request,completed,1777560178058073,3,,,1777560178034744,1777560178058073,1777560178034744,1777560178058073,,,,client-3-3,Remove,-12148498,200,23329
client,client_request,completed,1777560178090291,3,,,1777560178060646,1777560178090291,1777560178060646,1777560178090291,,,,client-3-3,Insert,2818369,200,29645
client,client_request,completed,1777560178119749,3,,,1777560178090400,1777560178119749,1777560178090400,1777560178119749,,,,client-3-3,Insert,6781359,200,29349
client,client_request,completed,1777560178168149,3,,,1777560178121280,1777560178168149,1777560178121280,1777560178168149,,,,client-3-3,Remove,4072270,200,46869
client,client_request,completed,1777560178190836,3,,,1777560178172027,1777560178190836,1777560178172027,1777560178190836,,,,client-3-3,Insert,1286943,200,18809
client,client_request,completed,1777560178231856,3,,,1777560178194424,1777560178231856,1777560178194424,1777560178231856,,,,client-3-3,Insert,-8213118,200,37432
client,client_request,completed,1777560178253198,3,,,1777560178231969,1777560178253198,1777560178231969,1777560178253198,,,,client-3-3,Remove,5967993,200,21229
client,client_request,completed,1777560178274288,3,,,1777560178254003,1777560178274288,1777560178254003,1777560178274288,,,,client-3-3,Insert,7319886,200,20285
client,client_request,completed,1777560178300831,3,,,1777560178276502,1777560178300831,1777560178276502,1777560178300831,,,,client-3-3,Insert,11288046,200,24329
client,client_request,completed,1777560178322601,3,,,1777560178300922,1777560178322601,1777560178300922,1777560178322601,,,,client-3-3,Insert,9377038,200,21679
client,client_request,completed,1777560178351331,3,,,1777560178322986,1777560178351331,1777560178322986,1777560178351331,,,,client-3-3,Insert,5255554,200,28345
client,client_request,completed,1777560178390032,3,,,1777560178354465,1777560178390032,1777560178354465,1777560178390032,,,,client-3-3,Remove,9627567,200,35567
client,client_request,completed,1777560178418803,3,,,1777560178390106,1777560178418803,1777560178390106,1777560178418803,,,,client-3-3,Insert,14381174,200,28697
client,client_request,completed,1777560178444848,3,,,1777560178418871,1777560178444848,1777560178418871,1777560178444848,,,,client-3-3,Insert,-4048530,200,25977
client,client_request,completed,1777560178497649,3,,,1777560178461964,1777560178497649,1777560178461964,1777560178497649,,,,client-3-3,Remove,-7160929,200,35685
client,client_request,completed,1777560178522551,3,,,1777560178497798,1777560178522551,1777560178497798,1777560178522551,,,,client-3-3,Remove,14363279,200,24753
client,client_request,completed,1777560178541227,3,,,1777560178522661,1777560178541227,1777560178522661,1777560178541227,,,,client-3-3,Remove,7659172,200,18566
client,client_request,completed,1777560178573050,3,,,1777560178545119,1777560178573050,1777560178545119,1777560178573050,,,,client-3-3,Insert,14658613,200,27931
client,client_request,completed,1777560178589214,3,,,1777560178573171,1777560178589214,1777560178573171,1777560178589214,,,,client-3-3,Remove,12242505,200,16043
client,client_request,completed,1777560178627895,3,,,1777560178591195,1777560178627895,1777560178591195,1777560178627895,,,,client-3-3,Insert,4672198,200,36700
client,client_request,completed,1777560178649572,3,,,1777560178630438,1777560178649572,1777560178630438,1777560178649572,,,,client-3-3,Insert,-4509785,200,19134
client,client_request,completed,1777560178677266,3,,,1777560178653567,1777560178677266,1777560178653567,1777560178677266,,,,client-3-3,Remove,883733,200,23699
client,client_request,completed,1777560178711847,3,,,1777560178677377,1777560178711847,1777560178677377,1777560178711847,,,,client-3-3,Remove,-10699165,200,34470
client,client_request,completed,1777560178742997,3,,,1777560178711967,1777560178742997,1777560178711967,1777560178742997,,,,client-3-3,Insert,15035497,200,31030
client,client_request,completed,1777560178837407,3,,,1777560178749841,1777560178837407,1777560178749841,1777560178837407,,,,client-3-3,Insert,-12514327,200,87566
client,client_request,completed,1777560178885769,3,,,1777560178837509,1777560178885769,1777560178837509,1777560178885769,,,,client-3-3,Insert,10830046,200,48260
client,client_request,completed,1777560178929660,3,,,1777560178887964,1777560178929660,1777560178887964,1777560178929660,,,,client-3-3,Insert,1339998,200,41696
client,client_request,completed,1777560179012969,3,,,1777560178935504,1777560179012969,1777560178935504,1777560179012969,,,,client-3-3,Remove,-13690314,200,77465
client,client_request,completed,1777560179063427,3,,,1777560179013099,1777560179063427,1777560179013099,1777560179063427,,,,client-3-3,Remove,-3994311,200,50328
client,client_request,completed,1777560179084946,3,,,1777560179063547,1777560179084946,1777560179063547,1777560179084946,,,,client-3-3,Insert,-12599070,200,21399
client,client_request,completed,1777560179124835,3,,,1777560179085072,1777560179124835,1777560179085072,1777560179124835,,,,client-3-3,Remove,-7229382,200,39763
client,client_request,completed,1777560179147084,3,,,1777560179124968,1777560179147084,1777560179124968,1777560179147084,,,,client-3-3,Insert,7486248,200,22116
client,client_request,completed,1777560179167755,3,,,1777560179147194,1777560179167755,1777560179147194,1777560179167755,,,,client-3-3,Remove,-12893574,200,20561
client,client_request,completed,1777560179203628,3,,,1777560179169059,1777560179203628,1777560179169059,1777560179203628,,,,client-3-3,Insert,922319,200,34569
client,client_request,completed,1777560179229909,3,,,1777560179203752,1777560179229909,1777560179203752,1777560179229909,,,,client-3-3,Insert,2406645,200,26157
client,client_request,completed,1777560179263075,3,,,1777560179230876,1777560179263075,1777560179230876,1777560179263075,,,,client-3-3,Insert,-13836041,200,32199
client,client_request,completed,1777560179303434,3,,,1777560179263669,1777560179303434,1777560179263669,1777560179303434,,,,client-3-3,Insert,1429579,200,39765
client,client_request,completed,1777560179333994,3,,,1777560179303772,1777560179333994,1777560179303772,1777560179333994,,,,client-3-3,Insert,-2930894,200,30222
client,client_request,completed,1777560179366354,3,,,1777560179334293,1777560179366354,1777560179334293,1777560179366354,,,,client-3-3,Insert,-16492893,200,32061
client,client_request,completed,1777560179399776,3,,,1777560179367486,1777560179399776,1777560179367486,1777560179399776,,,,client-3-3,Remove,8188985,200,32290
client,client_request,completed,1777560179428552,3,,,1777560179401390,1777560179428552,1777560179401390,1777560179428552,,,,client-3-3,Insert,-2082113,200,27162
client,client_request,completed,1777560179453067,3,,,1777560179431499,1777560179453067,1777560179431499,1777560179453067,,,,client-3-3,Remove,-7697233,200,21568
client,client_request,completed,1777560179501721,3,,,1777560179458261,1777560179501721,1777560179458261,1777560179501721,,,,client-3-3,Remove,-3121770,200,43460
client,client_request,completed,1777560179535410,3,,,1777560179501825,1777560179535410,1777560179501825,1777560179535410,,,,client-3-3,Remove,14707003,200,33585
client,client_request,completed,1777560179566899,3,,,1777560179537473,1777560179566899,1777560179537473,1777560179566899,,,,client-3-3,Insert,-13619385,200,29426
client,client_request,completed,1777560179604271,3,,,1777560179567977,1777560179604271,1777560179567977,1777560179604271,,,,client-3-3,Remove,15755467,200,36294
client,client_request,completed,1777560179644998,3,,,1777560179609351,1777560179644998,1777560179609351,1777560179644998,,,,client-3-3,Remove,-12931334,200,35647
client,client_request,completed,1777560179672114,3,,,1777560179647056,1777560179672114,1777560179647056,1777560179672114,,,,client-3-3,Remove,-14560827,200,25058
client,client_request,completed,1777560179711445,3,,,1777560179673362,1777560179711445,1777560179673362,1777560179711445,,,,client-3-3,Remove,-595332,200,38083
client,client_request,completed,1777560179737846,3,,,1777560179711556,1777560179737846,1777560179711556,1777560179737846,,,,client-3-3,Remove,3829040,200,26290
client,client_request,completed,1777560179777592,3,,,1777560179737955,1777560179777592,1777560179737955,1777560179777592,,,,client-3-3,Remove,-16104971,200,39637
client,client_request,completed,1777560179871876,3,,,1777560179782310,1777560179871876,1777560179782310,1777560179871876,,,,client-3-3,Remove,9945972,200,89566
client,client_request,completed,1777560179919267,3,,,1777560179872017,1777560179919267,1777560179872017,1777560179919267,,,,client-3-3,Insert,7986988,200,47250
client,client_request,completed,1777560179939390,3,,,1777560179919365,1777560179939390,1777560179919365,1777560179939390,,,,client-3-3,Insert,-14110143,200,20025
client,client_request,completed,1777560179974520,3,,,1777560179940895,1777560179974520,1777560179940895,1777560179974520,,,,client-3-3,Insert,-9304402,200,33625
client,client_request,completed,1777560180013942,3,,,1777560179976782,1777560180013942,1777560179976782,1777560180013942,,,,client-3-3,Insert,-13921234,200,37160
client,client_request,completed,1777560180045260,3,,,1777560180014059,1777560180045260,1777560180014059,1777560180045260,,,,client-3-3,Insert,14689310,200,31201
client,client_request,completed,1777560180062999,3,,,1777560180045361,1777560180062999,1777560180045361,1777560180062999,,,,client-3-3,Remove,-7826040,200,17638
client,client_request,completed,1777560180071318,3,,,1777560180063107,1777560180071318,1777560180063107,1777560180071318,,,,client-3-3,Insert,11671962,200,8211
client,client_request,completed,1777560180105925,3,,,1777560180071421,1777560180105925,1777560180071421,1777560180105925,,,,client-3-3,Remove,-6192773,200,34504
client,client_request,completed,1777560180129933,3,,,1777560180107537,1777560180129933,1777560180107537,1777560180129933,,,,client-3-3,Insert,10100152,200,22396
client,client_request,completed,1777560180169629,3,,,1777560180132360,1777560180169629,1777560180132360,1777560180169629,,,,client-3-3,Remove,-11404389,200,37269
client,client_request,completed,1777560180215458,3,,,1777560180177666,1777560180215458,1777560180177666,1777560180215458,,,,client-3-3,Remove,-8940939,200,37792
client,client_request,completed,1777560180251053,3,,,1777560180217128,1777560180251053,1777560180217128,1777560180251053,,,,client-3-3,Insert,12923070,200,33925
client,client_request,completed,1777560180270522,3,,,1777560180252146,1777560180270522,1777560180252146,1777560180270522,,,,client-3-3,Insert,12189822,200,18376
client,client_request,completed,1777560180293043,3,,,1777560180270638,1777560180293043,1777560180270638,1777560180293043,,,,client-3-3,Insert,-1757988,200,22405
client,client_request,completed,1777560180319846,3,,,1777560180293156,1777560180319846,1777560180293156,1777560180319846,,,,client-3-3,Remove,3488406,200,26690
client,client_request,completed,1777560180347628,3,,,1777560180321176,1777560180347628,1777560180321176,1777560180347628,,,,client-3-3,Remove,5756605,200,26452
client,client_request,completed,1777560180362431,3,,,1777560180348807,1777560180362431,1777560180348807,1777560180362431,,,,client-3-3,Remove,-11035834,200,13624
client,client_request,completed,1777560180382494,3,,,1777560180362548,1777560180382494,1777560180362548,1777560180382494,,,,client-3-3,Remove,-1366574,200,19946
client,client_request,completed,1777560180408656,3,,,1777560180382615,1777560180408656,1777560180382615,1777560180408656,,,,client-3-3,Remove,5899831,200,26041
client,client_request,completed,1777560180432213,3,,,1777560180410118,1777560180432213,1777560180410118,1777560180432213,,,,client-3-3,Insert,6303331,200,22095
client,client_request,completed,1777560180455543,3,,,1777560180434942,1777560180455543,1777560180434942,1777560180455543,,,,client-3-3,Remove,-11328800,200,20601
client,client_request,completed,1777560180500041,3,,,1777560180459771,1777560180500041,1777560180459771,1777560180500041,,,,client-3-3,Remove,15861738,200,40270
client,client_request,completed,1777560180547648,3,,,1777560180510153,1777560180547648,1777560180510153,1777560180547648,,,,client-3-3,Insert,9845458,200,37495
client,client_request,completed,1777560180575884,3,,,1777560180547761,1777560180575884,1777560180547761,1777560180575884,,,,client-3-3,Remove,-8277408,200,28123
client,client_request,completed,1777560180620467,3,,,1777560180584542,1777560180620467,1777560180584542,1777560180620467,,,,client-3-3,Insert,2137588,200,35925
client,client_request,completed,1777560180648234,3,,,1777560180620593,1777560180648234,1777560180620593,1777560180648234,,,,client-3-3,Remove,12386919,200,27641
client,client_request,completed,1777560180687412,3,,,1777560180649672,1777560180687412,1777560180649672,1777560180687412,,,,client-3-3,Insert,-9478785,200,37740
client,client_request,completed,1777560180720901,3,,,1777560180687539,1777560180720901,1777560180687539,1777560180720901,,,,client-3-3,Insert,-11247004,200,33362
client,client_request,completed,1777560180761467,3,,,1777560180723839,1777560180761467,1777560180723839,1777560180761467,,,,client-3-3,Insert,-1484215,200,37628
client,client_request,completed,1777560180846869,3,,,1777560180761581,1777560180846869,1777560180761581,1777560180846869,,,,client-3-3,Insert,-13464937,200,85288
client,client_request,completed,1777560180889987,3,,,1777560180846981,1777560180889987,1777560180846981,1777560180889987,,,,client-3-3,Insert,11021970,200,43006
client,client_request,completed,1777560180915894,3,,,1777560180890106,1777560180915894,1777560180890106,1777560180915894,,,,client-3-3,Remove,9437000,200,25788
client,client_request,completed,1777560180952097,3,,,1777560180918130,1777560180952097,1777560180918130,1777560180952097,,,,client-3-3,Insert,9464890,200,33967
client,client_request,completed,1777560181010271,3,,,1777560180953873,1777560181010271,1777560180953873,1777560181010271,,,,client-3-3,Remove,12835131,200,56398
client,client_request,completed,1777560181036197,3,,,1777560181010409,1777560181036197,1777560181010409,1777560181036197,,,,client-3-3,Insert,-5930404,200,25788
client,client_request,completed,1777560181074340,3,,,1777560181036354,1777560181074340,1777560181036354,1777560181074340,,,,client-3-3,Insert,-10368917,200,37986
client,client_request,completed,1777560181104893,3,,,1777560181076094,1777560181104893,1777560181076094,1777560181104893,,,,client-3-3,Remove,-10858847,200,28799
client,client_request,completed,1777560181141830,3,,,1777560181105130,1777560181141830,1777560181105130,1777560181141830,,,,client-3-3,Insert,-2745040,200,36700
client,client_request,completed,1777560181179064,3,,,1777560181142172,1777560181179064,1777560181142172,1777560181179064,,,,client-3-3,Insert,12641960,200,36892
client,client_request,completed,1777560181216165,3,,,1777560181179173,1777560181216165,1777560181179173,1777560181216165,,,,client-3-3,Insert,-8500118,200,36992
client,client_request,completed,1777560181246420,3,,,1777560181217564,1777560181246420,1777560181217564,1777560181246420,,,,client-3-3,Remove,12539702,200,28856
client,client_request,completed,1777560181280313,3,,,1777560181246588,1777560181280313,1777560181246588,1777560181280313,,,,client-3-3,Remove,-8297778,200,33725
client,client_request,completed,1777560181315458,3,,,1777560181280551,1777560181315458,1777560181280551,1777560181315458,,,,client-3-3,Remove,-8958356,200,34907
client,client_request,completed,1777560181353277,3,,,1777560181315824,1777560181353277,1777560181315824,1777560181353277,,,,client-3-3,Insert,-2589273,200,37453
client,client_request,completed,1777560181390805,3,,,1777560181354090,1777560181390805,1777560181354090,1777560181390805,,,,client-3-3,Insert,-6026922,200,36715
client,client_request,completed,1777560181427495,3,,,1777560181391092,1777560181427495,1777560181391092,1777560181427495,,,,client-3-3,Insert,-8094621,200,36403
client,client_request,completed,1777560181465273,3,,,1777560181427625,1777560181465273,1777560181427625,1777560181465273,,,,client-3-3,Remove,15819978,200,37648
client,client_request,completed,1777560181501784,3,,,1777560181465376,1777560181501784,1777560181465376,1777560181501784,,,,client-3-3,Insert,-14619448,200,36408
client,client_request,completed,1777560181535251,3,,,1777560181501892,1777560181535251,1777560181501892,1777560181535251,,,,client-3-3,Remove,4367624,200,33359
client,client_request,completed,1777560181565336,3,,,1777560181535452,1777560181565336,1777560181535452,1777560181565336,,,,client-3-3,Insert,-10064459,200,29884
client,client_request,completed,1777560181597574,3,,,1777560181565435,1777560181597574,1777560181565435,1777560181597574,,,,client-3-3,Insert,8887292,200,32139
client,client_request,completed,1777560181633229,3,,,1777560181597993,1777560181633229,1777560181597993,1777560181633229,,,,client-3-3,Insert,-8342828,200,35236
client,client_request,completed,1777560181670989,3,,,1777560181633336,1777560181670989,1777560181633336,1777560181670989,,,,client-3-3,Insert,-11733352,200,37653
client,client_request,completed,1777560181707121,3,,,1777560181671599,1777560181707121,1777560181671599,1777560181707121,,,,client-3-3,Insert,12699284,200,35522
client,client_request,completed,1777560181742873,3,,,1777560181707326,1777560181742873,1777560181707326,1777560181742873,,,,client-3-3,Insert,-11940100,200,35547
client,client_request,completed,1777560181841971,3,,,1777560181742971,1777560181841971,1777560181742971,1777560181841971,,,,client-3-3,Insert,4080633,200,99000
client,client_request,completed,1777560181871887,3,,,1777560181842155,1777560181871887,1777560181842155,1777560181871887,,,,client-3-3,Remove,-8026162,200,29732
client,client_request,completed,1777560181900567,3,,,1777560181872006,1777560181900567,1777560181872006,1777560181900567,,,,client-3-3,Remove,7609026,200,28561
client,client_request,completed,1777560181928991,3,,,1777560181901228,1777560181928991,1777560181901228,1777560181928991,,,,client-3-3,Insert,-3361254,200,27763
client,client_request,completed,1777560181956304,3,,,1777560181929272,1777560181956304,1777560181929272,1777560181956304,,,,client-3-3,Remove,-192841,200,27032
client,client_request,completed,1777560181985314,3,,,1777560181956879,1777560181985314,1777560181956879,1777560181985314,,,,client-3-3,Insert,4147491,200,28435
client,client_request,completed,1777560182014517,3,,,1777560181985435,1777560182014517,1777560181985435,1777560182014517,,,,client-3-3,Insert,-1464096,200,29082
client,client_request,completed,1777560182043338,3,,,1777560182015625,1777560182043338,1777560182015625,1777560182043338,,,,client-3-3,Insert,-14573352,200,27713
client,client_request,completed,1777560182071463,3,,,1777560182043824,1777560182071463,1777560182043824,1777560182071463,,,,client-3-3,Remove,249359,200,27639
client,client_request,completed,1777560182100796,3,,,1777560182071899,1777560182100796,1777560182071899,1777560182100796,,,,client-3-3,Insert,2848764,200,28897
client,client_request,completed,1777560182129628,3,,,1777560182100906,1777560182129628,1777560182100906,1777560182129628,,,,client-3-3,Insert,-9329345,200,28722
client,client_request,completed,1777560182159837,3,,,1777560182130153,1777560182159837,1777560182130153,1777560182159837,,,,client-3-3,Remove,-4051245,200,29684
client,client_request,completed,1777560182188052,3,,,1777560182159986,1777560182188052,1777560182159986,1777560182188052,,,,client-3-3,Remove,12002386,200,28066
client,client_request,completed,1777560182217146,3,,,1777560182188307,1777560182217146,1777560182188307,1777560182217146,,,,client-3-3,Insert,1182926,200,28839
client,client_request,completed,1777560182242480,3,,,1777560182217515,1777560182242480,1777560182217515,1777560182242480,,,,client-3-3,Insert,5177388,200,24965
client,client_request,completed,1777560182267174,3,,,1777560182242685,1777560182267174,1777560182242685,1777560182267174,,,,client-3-3,Remove,9358620,200,24489
client,client_request,completed,1777560182293994,3,,,1777560182267379,1777560182293994,1777560182267379,1777560182293994,,,,client-3-3,Insert,5744703,200,26615
client,client_request,completed,1777560182322440,3,,,1777560182294180,1777560182322440,1777560182294180,1777560182322440,,,,client-3-3,Remove,-5924914,200,28260
client,client_request,completed,1777560182351686,3,,,1777560182322548,1777560182351686,1777560182322548,1777560182351686,,,,client-3-3,Remove,-14360027,200,29138
client,client_request,completed,1777560182380163,3,,,1777560182352103,1777560182380163,1777560182352103,1777560182380163,,,,client-3-3,Remove,-16048124,200,28060
client,client_request,completed,1777560182409906,3,,,1777560182380313,1777560182409906,1777560182380313,1777560182409906,,,,client-3-3,Remove,-4471512,200,29593
client,client_request,completed,1777560182438699,3,,,1777560182410272,1777560182438699,1777560182410272,1777560182438699,,,,client-3-3,Remove,-6391278,200,28427
client,client_request,completed,1777560182467161,3,,,1777560182438924,1777560182467161,1777560182438924,1777560182467161,,,,client-3-3,Remove,-10774688,200,28237
client,client_request,completed,1777560182495586,3,,,1777560182467290,1777560182495586,1777560182467290,1777560182495586,,,,client-3-3,Remove,10067261,200,28296
client,client_request,completed,1777560182522980,3,,,1777560182495682,1777560182522980,1777560182495682,1777560182522980,,,,client-3-3,Remove,-2840606,200,27298
client,client_request,completed,1777560182547565,3,,,1777560182523080,1777560182547565,1777560182523080,1777560182547565,,,,client-3-3,Remove,11293068,200,24485
client,client_request,completed,1777560182569208,3,,,1777560182547679,1777560182569208,1777560182547679,1777560182569208,,,,client-3-3,Insert,-13847035,200,21529
client,client_request,completed,1777560182595079,3,,,1777560182569559,1777560182595079,1777560182569559,1777560182595079,,,,client-3-3,Insert,-3348352,200,25520
client,client_request,completed,1777560182623111,3,,,1777560182595696,1777560182623111,1777560182595696,1777560182623111,,,,client-3-3,Insert,7207708,200,27415
client,client_request,completed,1777560182652899,3,,,1777560182623700,1777560182652899,1777560182623700,1777560182652899,,,,client-3-3,Insert,-7956716,200,29199
client,client_request,completed,1777560182682439,3,,,1777560182653013,1777560182682439,1777560182653013,1777560182682439,,,,client-3-3,Insert,2907928,200,29426
client,client_request,completed,1777560182711554,3,,,1777560182682541,1777560182711554,1777560182682541,1777560182711554,,,,client-3-3,Remove,3288230,200,29013
client,client_request,completed,1777560182740831,3,,,1777560182711757,1777560182740831,1777560182711757,1777560182740831,,,,client-3-3,Insert,4565577,200,29074
client,client_request,completed,1777560182770257,3,,,1777560182741189,1777560182770257,1777560182741189,1777560182770257,,,,client-3-3,Remove,-7389102,200,29068
client,client_request,completed,1777560182870857,3,,,1777560182770356,1777560182870857,1777560182770356,1777560182870857,,,,client-3-3,Insert,429012,200,100501
client,client_request,completed,1777560182906526,3,,,1777560182871066,1777560182906526,1777560182871066,1777560182906526,,,,client-3-3,Remove,-15019452,200,35460
client,client_request,completed,1777560182943051,3,,,1777560182906731,1777560182943051,1777560182906731,1777560182943051,,,,client-3-3,Insert,10739769,200,36320
client,client_request,completed,1777560182980214,3,,,1777560182943224,1777560182980214,1777560182943224,1777560182980214,,,,client-3-3,Remove,-10340468,200,36990
client,client_request,completed,1777560183020399,3,,,1777560182980645,1777560183020399,1777560182980645,1777560183020399,,,,client-3-3,Remove,-5825743,200,39754
client,client_request,completed,1777560183057457,3,,,1777560183020508,1777560183057457,1777560183020508,1777560183057457,,,,client-3-3,Remove,16026715,200,36949
client,client_request,completed,1777560183094332,3,,,1777560183057581,1777560183094332,1777560183057581,1777560183094332,,,,client-3-3,Insert,-13525328,200,36751
client,client_request,completed,1777560183134137,3,,,1777560183094680,1777560183134137,1777560183094680,1777560183134137,,,,client-3-3,Remove,-5725577,200,39457
client,client_request,completed,1777560183170291,3,,,1777560183134220,1777560183170291,1777560183134220,1777560183170291,,,,client-3-3,Remove,5145247,200,36071
client,client_request,completed,1777560183206446,3,,,1777560183170684,1777560183206446,1777560183170684,1777560183206446,,,,client-3-3,Insert,1721177,200,35762
client,client_request,completed,1777560183239975,3,,,1777560183206542,1777560183239975,1777560183206542,1777560183239975,,,,client-3-3,Remove,-9020193,200,33433
client,client_request,completed,1777560183270995,3,,,1777560183240100,1777560183270995,1777560183240100,1777560183270995,,,,client-3-3,Remove,6712315,200,30895
client,client_request,completed,1777560183304651,3,,,1777560183271379,1777560183304651,1777560183271379,1777560183304651,,,,client-3-3,Remove,5848467,200,33272
client,client_request,completed,1777560183339992,3,,,1777560183304795,1777560183339992,1777560183304795,1777560183339992,,,,client-3-3,Insert,-5811273,200,35197
client,client_request,completed,1777560183374981,3,,,1777560183340105,1777560183374981,1777560183340105,1777560183374981,,,,client-3-3,Remove,10959727,200,34876
client,client_request,completed,1777560183411709,3,,,1777560183375765,1777560183411709,1777560183375765,1777560183411709,,,,client-3-3,Remove,14148009,200,35944
client,client_request,completed,1777560183448733,3,,,1777560183411812,1777560183448733,1777560183411812,1777560183448733,,,,client-3-3,Remove,8170793,200,36921
client,client_request,completed,1777560183485712,3,,,1777560183449098,1777560183485712,1777560183449098,1777560183485712,,,,client-3-3,Insert,-8420478,200,36614
client,client_request,completed,1777560183523072,3,,,1777560183485821,1777560183523072,1777560183485821,1777560183523072,,,,client-3-3,Remove,-3432842,200,37251
client,client_request,completed,1777560183554026,3,,,1777560183523130,1777560183554026,1777560183523130,1777560183554026,,,,client-3-3,Remove,-16371503,200,30896
client,client_request,completed,1777560183583087,3,,,1777560183554127,1777560183583087,1777560183554127,1777560183583087,,,,client-3-3,Remove,2318013,200,28960
client,client_request,completed,1777560183618172,3,,,1777560183583479,1777560183618172,1777560183583479,1777560183618172,,,,client-3-3,Remove,-15526589,200,34693
client,client_request,completed,1777560183653729,3,,,1777560183618619,1777560183653729,1777560183618619,1777560183653729,,,,client-3-3,Remove,-14004205,200,35110
client,client_request,completed,1777560183689598,3,,,1777560183654245,1777560183689598,1777560183654245,1777560183689598,,,,client-3-3,Remove,7095684,200,35353
client,client_request,completed,1777560183726194,3,,,1777560183689748,1777560183726194,1777560183689748,1777560183726194,,,,client-3-3,Insert,-4268141,200,36446
client,client_request,completed,1777560183762230,3,,,1777560183726432,1777560183762230,1777560183726432,1777560183762230,,,,client-3-3,Remove,1142966,200,35798
client,client_request,completed,1777560183862067,3,,,1777560183762346,1777560183862067,1777560183762346,1777560183862067,,,,client-3-3,Insert,13586639,200,99721
client,client_request,completed,1777560183899423,3,,,1777560183862178,1777560183899423,1777560183862178,1777560183899423,,,,client-3-3,Insert,-15465701,200,37245
client,client_request,completed,1777560183937062,3,,,1777560183900147,1777560183937062,1777560183900147,1777560183937062,,,,client-3-3,Remove,-6918227,200,36915
client,client_request,completed,1777560183972358,3,,,1777560183937208,1777560183972358,1777560183937208,1777560183972358,,,,client-3-3,Insert,-9955762,200,35150
client,client_request,completed,1777560184008603,3,,,1777560183972459,1777560184008603,1777560183972459,1777560184008603,,,,client-3-3,Remove,-2748488,200,36144
client,client_request,completed,1777560184048554,3,,,1777560184008961,1777560184048554,1777560184008961,1777560184048554,,,,client-3-3,Remove,-16686455,200,39593
client,client_request,completed,1777560184087594,3,,,1777560184049038,1777560184087594,1777560184049038,1777560184087594,,,,client-3-3,Insert,7641647,200,38556
client,client_request,completed,1777560184128007,3,,,1777560184087708,1777560184128007,1777560184087708,1777560184128007,,,,client-3-3,Insert,9525703,200,40299
client,client_request,completed,1777560184166044,3,,,1777560184128843,1777560184166044,1777560184128843,1777560184166044,,,,client-3-3,Insert,-16151552,200,37201
client,client_request,completed,1777560184206328,3,,,1777560184166168,1777560184206328,1777560184166168,1777560184206328,,,,client-3-3,Remove,13606367,200,40160
client,client_request,completed,1777560184243520,3,,,1777560184206791,1777560184243520,1777560184206791,1777560184243520,,,,client-3-3,Remove,9869028,200,36729
client,client_request,completed,1777560184281923,3,,,1777560184243995,1777560184281923,1777560184243995,1777560184281923,,,,client-3-3,Insert,-8910095,200,37928
client,client_request,completed,1777560184319673,3,,,1777560184282140,1777560184319673,1777560184282140,1777560184319673,,,,client-3-3,Insert,2325664,200,37533
client,client_request,completed,1777560184359322,3,,,1777560184319795,1777560184359322,1777560184319795,1777560184359322,,,,client-3-3,Insert,-9566711,200,39527
client,client_request,completed,1777560184399048,3,,,1777560184359546,1777560184399048,1777560184359546,1777560184399048,,,,client-3-3,Insert,-18242,200,39502
client,client_request,completed,1777560184438395,3,,,1777560184399180,1777560184438395,1777560184399180,1777560184438395,,,,client-3-3,Remove,15698431,200,39215
client,client_request,completed,1777560184477421,3,,,1777560184438723,1777560184477421,1777560184438723,1777560184477421,,,,client-3-3,Insert,9679677,200,38698
client,client_request,completed,1777560184514454,3,,,1777560184477643,1777560184514454,1777560184477643,1777560184514454,,,,client-3-3,Remove,12304117,200,36811
client,client_request,completed,1777560184550058,3,,,1777560184514562,1777560184550058,1777560184514562,1777560184550058,,,,client-3-3,Insert,-7180895,200,35496
client,client_request,completed,1777560184581254,3,,,1777560184550374,1777560184581254,1777560184550374,1777560184581254,,,,client-3-3,Remove,-15095592,200,30880
client,client_request,completed,1777560184616501,3,,,1777560184581365,1777560184616501,1777560184581365,1777560184616501,,,,client-3-3,Remove,9492934,200,35136
client,client_request,completed,1777560184655026,3,,,1777560184616733,1777560184655026,1777560184616733,1777560184655026,,,,client-3-3,Remove,15023656,200,38293
client,client_request,completed,1777560184694500,3,,,1777560184655157,1777560184694500,1777560184655157,1777560184694500,,,,client-3-3,Remove,-8369004,200,39343
client,client_request,completed,1777560184735158,3,,,1777560184694709,1777560184735158,1777560184694709,1777560184735158,,,,client-3-3,Insert,9980777,200,40449
client,client_request,completed,1777560184834844,3,,,1777560184735294,1777560184834844,1777560184735294,1777560184834844,,,,client-3-3,Insert,4169248,200,99550
client,client_request,completed,1777560184871955,3,,,1777560184835237,1777560184871955,1777560184835237,1777560184871955,,,,client-3-3,Remove,-4604295,200,36718
client,client_request,completed,1777560184906511,3,,,1777560184872064,1777560184906511,1777560184872064,1777560184906511,,,,client-3-3,Insert,-5154248,200,34447
client,client_request,completed,1777560184938850,3,,,1777560184906632,1777560184938850,1777560184906632,1777560184938850,,,,client-3-3,Insert,-4602159,200,32218
client,client_request,completed,1777560184971244,3,,,1777560184938961,1777560184971244,1777560184938961,1777560184971244,,,,client-3-3,Remove,9406417,200,32283
client,client_request,completed,1777560185005069,3,,,1777560184971361,1777560185005069,1777560184971361,1777560185005069,,,,client-3-3,Remove,6103562,200,33708
client,client_request,completed,1777560185037400,3,,,1777560185006086,1777560185037400,1777560185006086,1777560185037400,,,,client-3-3,Insert,-98361,200,31314
client,client_request,completed,1777560185071785,3,,,1777560185037579,1777560185071785,1777560185037579,1777560185071785,,,,client-3-3,Remove,14375564,200,34206
client,client_request,completed,1777560185103968,3,,,1777560185072033,1777560185103968,1777560185072033,1777560185103968,,,,client-3-3,Insert,14585414,200,31935
client,client_request,completed,1777560185136639,3,,,1777560185104440,1777560185136639,1777560185104440,1777560185136639,,,,client-3-3,Insert,9617498,200,32199
client,client_request,completed,1777560185169815,3,,,1777560185137293,1777560185169815,1777560185137293,1777560185169815,,,,client-3-3,Remove,-16058948,200,32522
client,client_request,completed,1777560185202284,3,,,1777560185170207,1777560185202284,1777560185170207,1777560185202284,,,,client-3-3,Remove,-14033119,200,32077
client,client_request,completed,1777560185233691,3,,,1777560185202421,1777560185233691,1777560185202421,1777560185233691,,,,client-3-3,Remove,-2274243,200,31270
client,client_request,completed,1777560185261909,3,,,1777560185233801,1777560185261909,1777560185233801,1777560185261909,,,,client-3-3,Remove,-4593691,200,28108
client,client_request,completed,1777560185288729,3,,,1777560185262383,1777560185288729,1777560185262383,1777560185288729,,,,client-3-3,Remove,1632286,200,26346
client,client_request,completed,1777560185317058,3,,,1777560185288851,1777560185317058,1777560185288851,1777560185317058,,,,client-3-3,Insert,-3549539,200,28207
client,client_request,completed,1777560185345079,3,,,1777560185317157,1777560185345079,1777560185317157,1777560185345079,,,,client-3-3,Remove,7301956,200,27922
client,client_request,completed,1777560185372799,3,,,1777560185345254,1777560185372799,1777560185345254,1777560185372799,,,,client-3-3,Remove,-2992747,200,27545
client,client_request,completed,1777560185401030,3,,,1777560185373012,1777560185401030,1777560185373012,1777560185401030,,,,client-3-3,Remove,-12564327,200,28018
client,client_request,completed,1777560185429748,3,,,1777560185401552,1777560185429748,1777560185401552,1777560185429748,,,,client-3-3,Remove,-3209558,200,28196
client,client_request,completed,1777560185458161,3,,,1777560185429919,1777560185458161,1777560185429919,1777560185458161,,,,client-3-3,Remove,-16188134,200,28242
client,client_request,completed,1777560185486264,3,,,1777560185458292,1777560185486264,1777560185458292,1777560185486264,,,,client-3-3,Remove,16164398,200,27972
client,client_request,completed,1777560185513842,3,,,1777560185486925,1777560185513842,1777560185486925,1777560185513842,,,,client-3-3,Insert,-3041446,200,26917
client,client_request,completed,1777560185538861,3,,,1777560185513943,1777560185538861,1777560185513943,1777560185538861,,,,client-3-3,Insert,9145468,200,24918
client,client_request,completed,1777560185561798,3,,,1777560185538961,1777560185561798,1777560185538961,1777560185561798,,,,client-3-3,Insert,-4797339,200,22837
client,client_request,completed,1777560185586969,3,,,1777560185561887,1777560185586969,1777560185561887,1777560185586969,,,,client-3-3,Insert,-7780636,200,25082
client,client_request,completed,1777560185614357,3,,,1777560185587190,1777560185614357,1777560185587190,1777560185614357,,,,client-3-3,Remove,6854347,200,27167
client,client_request,completed,1777560185642103,3,,,1777560185614492,1777560185642103,1777560185614492,1777560185642103,,,,client-3-3,Insert,2387851,200,27611
client,client_request,completed,1777560185670391,3,,,1777560185642198,1777560185670391,1777560185642198,1777560185670391,,,,client-3-3,Insert,14955261,200,28193
client,client_request,completed,1777560185698695,3,,,1777560185670499,1777560185698695,1777560185670499,1777560185698695,,,,client-3-3,Remove,16661542,200,28196
client,client_request,completed,1777560185725138,3,,,1777560185698848,1777560185725138,1777560185698848,1777560185725138,,,,client-3-3,Remove,8969487,200,26290
client,client_request,completed,1777560185753736,3,,,1777560185725604,1777560185753736,1777560185725604,1777560185753736,,,,client-3-3,Remove,-14727605,200,28132
client,client_request,completed,1777560185845669,3,,,1777560185753843,1777560185845669,1777560185753843,1777560185845669,,,,client-3-3,Insert,-13742332,200,91826
client,client_request,completed,1777560185881225,3,,,1777560185845799,1777560185881225,1777560185845799,1777560185881225,,,,client-3-3,Remove,1518976,200,35426
client,client_request,completed,1777560185914329,3,,,1777560185881597,1777560185914329,1777560185881597,1777560185914329,,,,client-3-3,Insert,9192664,200,32732
client,client_request,completed,1777560185948870,3,,,1777560185914501,1777560185948870,1777560185914501,1777560185948870,,,,client-3-3,Remove,49629,200,34369
client,client_request,completed,1777560185981860,3,,,1777560185949233,1777560185981860,1777560185949233,1777560185981860,,,,client-3-3,Insert,14833247,200,32627
client,client_request,completed,1777560186011393,3,,,1777560185981964,1777560186011393,1777560185981964,1777560186011393,,,,client-3-3,Remove,-15196662,200,29429
client,client_request,completed,1777560186032359,3,,,1777560186011598,1777560186032359,1777560186011598,1777560186032359,,,,client-3-3,Remove,7747221,200,20761
client,client_request,completed,1777560186055170,3,,,1777560186032475,1777560186055170,1777560186032475,1777560186055170,,,,client-3-3,Insert,632273,200,22695
client,client_request,completed,1777560186077033,3,,,1777560186055307,1777560186077033,1777560186055307,1777560186077033,,,,client-3-3,Remove,-5268592,200,21726
client,client_request,completed,1777560186098568,3,,,1777560186077162,1777560186098568,1777560186077162,1777560186098568,,,,client-3-3,Remove,-4508065,200,21406
client,client_request,completed,1777560186121164,3,,,1777560186098674,1777560186121164,1777560186098674,1777560186121164,,,,client-3-3,Insert,15467483,200,22490
client,client_request,completed,1777560186143535,3,,,1777560186121416,1777560186143535,1777560186121416,1777560186143535,,,,client-3-3,Insert,-1881708,200,22119
client,client_request,completed,1777560186167439,3,,,1777560186143638,1777560186167439,1777560186143638,1777560186167439,,,,client-3-3,Remove,7093490,200,23801
client,client_request,completed,1777560186188427,3,,,1777560186168450,1777560186188427,1777560186168450,1777560186188427,,,,client-3-3,Insert,1643019,200,19977
client,client_request,completed,1777560186209956,3,,,1777560186188940,1777560186209956,1777560186188940,1777560186209956,,,,client-3-3,Insert,-915633,200,21016
client,client_request,completed,1777560186233838,3,,,1777560186210290,1777560186233838,1777560186210290,1777560186233838,,,,client-3-3,Insert,15219605,200,23548
client,client_request,completed,1777560186255729,3,,,1777560186233941,1777560186255729,1777560186233941,1777560186255729,,,,client-3-3,Insert,9507843,200,21788
client,client_request,completed,1777560186276975,3,,,1777560186255924,1777560186276975,1777560186255924,1777560186276975,,,,client-3-3,Remove,-3744501,200,21051
client,client_request,completed,1777560186298875,3,,,1777560186277169,1777560186298875,1777560186277169,1777560186298875,,,,client-3-3,Insert,16168745,200,21706
client,client_request,completed,1777560186321922,3,,,1777560186299023,1777560186321922,1777560186299023,1777560186321922,,,,client-3-3,Remove,-4258687,200,22899
client,client_request,completed,1777560186344645,3,,,1777560186322064,1777560186344645,1777560186322064,1777560186344645,,,,client-3-3,Insert,7368005,200,22581
client,client_request,completed,1777560186367521,3,,,1777560186344773,1777560186367521,1777560186344773,1777560186367521,,,,client-3-3,Insert,12932417,200,22748
client,client_request,completed,1777560186391170,3,,,1777560186367945,1777560186391170,1777560186367945,1777560186391170,,,,client-3-3,Remove,-963659,200,23225
client,client_request,completed,1777560186414371,3,,,1777560186392227,1777560186414371,1777560186392227,1777560186414371,,,,client-3-3,Insert,11890402,200,22144
client,client_request,completed,1777560186437578,3,,,1777560186415533,1777560186437578,1777560186415533,1777560186437578,,,,client-3-3,Remove,-11933339,200,22045
client,client_request,completed,1777560186459063,3,,,1777560186437686,1777560186459063,1777560186437686,1777560186459063,,,,client-3-3,Remove,12854195,200,21377
client,client_request,completed,1777560186481553,3,,,1777560186459211,1777560186481553,1777560186459211,1777560186481553,,,,client-3-3,Insert,14615143,200,22342
client,client_request,completed,1777560186502735,3,,,1777560186481693,1777560186502735,1777560186481693,1777560186502735,,,,client-3-3,Remove,-2312167,200,21042
client,client_request,completed,1777560186525937,3,,,1777560186502914,1777560186525937,1777560186502914,1777560186525937,,,,client-3-3,Insert,12227822,200,23023
client,client_request,completed,1777560186548025,3,,,1777560186526166,1777560186548025,1777560186526166,1777560186548025,,,,client-3-3,Insert,-8004547,200,21859
client,client_request,completed,1777560186568074,3,,,1777560186548365,1777560186568074,1777560186548365,1777560186568074,,,,client-3-3,Insert,-7608900,200,19709
client,client_request,completed,1777560186589101,3,,,1777560186568207,1777560186589101,1777560186568207,1777560186589101,,,,client-3-3,Insert,11075902,200,20894
client,client_request,completed,1777560186612239,3,,,1777560186589854,1777560186612239,1777560186589854,1777560186612239,,,,client-3-3,Remove,-12883512,200,22385
client,client_request,completed,1777560186633938,3,,,1777560186612826,1777560186633938,1777560186612826,1777560186633938,,,,client-3-3,Remove,-15595435,200,21112
client,client_request,completed,1777560186656281,3,,,1777560186634090,1777560186656281,1777560186634090,1777560186656281,,,,client-3-3,Remove,-8759589,200,22191
client,client_request,completed,1777560186679681,3,,,1777560186656493,1777560186679681,1777560186656493,1777560186679681,,,,client-3-3,Remove,-14394580,200,23188
client,client_request,completed,1777560186703986,3,,,1777560186679846,1777560186703986,1777560186679846,1777560186703986,,,,client-3-3,Remove,-252777,200,24140
client,client_request,completed,1777560186728366,3,,,1777560186704760,1777560186728366,1777560186704760,1777560186728366,,,,client-3-3,Remove,-6478679,200,23606
client,client_request,completed,1777560186752911,3,,,1777560186728576,1777560186752911,1777560186728576,1777560186752911,,,,client-3-3,Remove,-11691920,200,24335
client,client_request,completed,1777560186846713,3,,,1777560186753134,1777560186846713,1777560186753134,1777560186846713,,,,client-3-3,Remove,-12399759,200,93579
client,client_request,completed,1777560186891048,3,,,1777560186847204,1777560186891048,1777560186847204,1777560186891048,,,,client-3-3,Insert,2321054,200,43844
client,client_request,completed,1777560186936466,3,,,1777560186891176,1777560186936466,1777560186891176,1777560186936466,,,,client-3-3,Remove,-6054700,200,45290
client,client_request,completed,1777560186980784,3,,,1777560186936632,1777560186980784,1777560186936632,1777560186980784,,,,client-3-3,Remove,-2061954,200,44152
client,client_request,completed,1777560187024012,3,,,1777560186980856,1777560187024012,1777560186980856,1777560187024012,,,,client-3-3,Remove,13712742,200,43156
client,client_request,completed,1777560187067506,3,,,1777560187024119,1777560187067506,1777560187024119,1777560187067506,,,,client-3-3,Remove,-16662145,200,43387
client,client_request,completed,1777560187111732,3,,,1777560187067731,1777560187111732,1777560187067731,1777560187111732,,,,client-3-3,Insert,-1709678,200,44001
client,client_request,completed,1777560187154303,3,,,1777560187111938,1777560187154303,1777560187111938,1777560187154303,,,,client-3-3,Insert,-2513231,200,42365
client,client_request,completed,1777560187195553,3,,,1777560187154417,1777560187195553,1777560187154417,1777560187195553,,,,client-3-3,Remove,13428380,200,41136
client,client_request,completed,1777560187238068,3,,,1777560187195656,1777560187238068,1777560187195656,1777560187238068,,,,client-3-3,Remove,15526369,200,42412
client,client_request,completed,1777560187281019,3,,,1777560187238512,1777560187281019,1777560187238512,1777560187281019,,,,client-3-3,Remove,10704044,200,42507
client,client_request,completed,1777560187326811,3,,,1777560187281134,1777560187326811,1777560187281134,1777560187326811,,,,client-3-3,Insert,15866959,200,45677
client,client_request,completed,1777560187373851,3,,,1777560187326920,1777560187373851,1777560187326920,1777560187373851,,,,client-3-3,Insert,-3443567,200,46931
client,client_request,completed,1777560187420637,3,,,1777560187374007,1777560187420637,1777560187374007,1777560187420637,,,,client-3-3,Insert,-11237806,200,46630
client,client_request,completed,1777560187468990,3,,,1777560187420750,1777560187468990,1777560187420750,1777560187468990,,,,client-3-3,Remove,3296156,200,48240
client,client_request,completed,1777560187515660,3,,,1777560187469272,1777560187515660,1777560187469272,1777560187515660,,,,client-3-3,Insert,-8433514,200,46388
client,client_request,completed,1777560187556717,3,,,1777560187515884,1777560187556717,1777560187515884,1777560187556717,,,,client-3-3,Insert,-13438427,200,40833
client,client_request,completed,1777560187598639,3,,,1777560187557093,1777560187598639,1777560187557093,1777560187598639,,,,client-3-3,Insert,-6950203,200,41546
client,client_request,completed,1777560187648076,3,,,1777560187598745,1777560187648076,1777560187598745,1777560187648076,,,,client-3-3,Remove,7045059,200,49331
client,client_request,completed,1777560187699142,3,,,1777560187648289,1777560187699142,1777560187648289,1777560187699142,,,,client-3-3,Insert,-14179738,200,50853
client,client_request,completed,1777560187748610,3,,,1777560187699748,1777560187748610,1777560187699748,1777560187748610,,,,client-3-3,Remove,5258433,200,48862
client,client_request,completed,1777560187857259,3,,,1777560187748832,1777560187857259,1777560187748832,1777560187857259,,,,client-3-3,Insert,9688323,200,108427
client,client_request,completed,1777560187900541,3,,,1777560187857654,1777560187900541,1777560187857654,1777560187900541,,,,client-3-3,Insert,8168962,200,42887
client,client_request,completed,1777560187944215,3,,,1777560187900659,1777560187944215,1777560187900659,1777560187944215,,,,client-3-3,Insert,2651597,200,43556
client,client_request,completed,1777560187986598,3,,,1777560187944366,1777560187986598,1777560187944366,1777560187986598,,,,client-3-3,Insert,15258722,200,42232
client,client_request,completed,1777560188029671,3,,,1777560187986753,1777560188029671,1777560187986753,1777560188029671,,,,client-3-3,Insert,7530575,200,42918
client,client_request,completed,1777560188074637,3,,,1777560188030040,1777560188074637,1777560188030040,1777560188074637,,,,client-3-3,Insert,-10777115,200,44597
client,client_request,completed,1777560188118022,3,,,1777560188074748,1777560188118022,1777560188074748,1777560188118022,,,,client-3-3,Insert,-12376270,200,43274
client,client_request,completed,1777560188161122,3,,,1777560188118162,1777560188161122,1777560188118162,1777560188161122,,,,client-3-3,Insert,-5895693,200,42960
client,client_request,completed,1777560188205803,3,,,1777560188161243,1777560188205803,1777560188161243,1777560188205803,,,,client-3-3,Remove,13144487,200,44560
client,client_request,completed,1777560188247515,3,,,1777560188205848,1777560188247515,1777560188205848,1777560188247515,,,,client-3-3,Insert,12037492,200,41667
client,client_request,completed,1777560188287086,3,,,1777560188247620,1777560188287086,1777560188247620,1777560188287086,,,,client-3-3,Insert,-9754958,200,39466
client,client_request,completed,1777560188326758,3,,,1777560188287193,1777560188326758,1777560188287193,1777560188326758,,,,client-3-3,Insert,6111507,200,39565
client,client_request,completed,1777560188368213,3,,,1777560188326873,1777560188368213,1777560188326873,1777560188368213,,,,client-3-3,Remove,-16732428,200,41340
client,client_request,completed,1777560188411537,3,,,1777560188368653,1777560188411537,1777560188368653,1777560188411537,,,,client-3-3,Insert,-4261532,200,42884
client,client_request,completed,1777560188452433,3,,,1777560188411752,1777560188452433,1777560188411752,1777560188452433,,,,client-3-3,Insert,-12004212,200,40681
client,client_request,completed,1777560188492799,3,,,1777560188452934,1777560188492799,1777560188452934,1777560188492799,,,,client-3-3,Insert,13946766,200,39865
client,client_request,completed,1777560188529237,3,,,1777560188492971,1777560188529237,1777560188492971,1777560188529237,,,,client-3-3,Insert,1466251,200,36266
client,client_request,completed,1777560188556925,3,,,1777560188529594,1777560188556925,1777560188529594,1777560188556925,,,,client-3-3,Insert,-14219273,200,27331
client,client_request,completed,1777560188585138,3,,,1777560188557018,1777560188585138,1777560188557018,1777560188585138,,,,client-3-3,Insert,-1471043,200,28120
client,client_request,completed,1777560188619030,3,,,1777560188585240,1777560188619030,1777560188585240,1777560188619030,,,,client-3-3,Remove,-4438458,200,33790
client,client_request,completed,1777560188653828,3,,,1777560188619390,1777560188653828,1777560188619390,1777560188653828,,,,client-3-3,Remove,15638553,200,34438
client,client_request,completed,1777560188689110,3,,,1777560188654227,1777560188689110,1777560188654227,1777560188689110,,,,client-3-3,Insert,-2999333,200,34883
client,client_request,completed,1777560188723529,3,,,1777560188690016,1777560188723529,1777560188690016,1777560188723529,,,,client-3-3,Insert,-6679177,200,33513
client,client_request,completed,1777560188759190,3,,,1777560188723627,1777560188759190,1777560188723627,1777560188759190,,,,client-3-3,Insert,1208447,200,35563
client,client_request,completed,1777560188858985,3,,,1777560188759313,1777560188858985,1777560188759313,1777560188858985,,,,client-3-3,Remove,-482109,200,99672
client,client_request,completed,1777560188892544,3,,,1777560188859131,1777560188892544,1777560188859131,1777560188892544,,,,client-3-3,Insert,1936265,200,33413
client,client_request,completed,1777560188925696,3,,,1777560188892644,1777560188925696,1777560188892644,1777560188925696,,,,client-3-3,Remove,14591035,200,33052
client,client_request,completed,1777560188958775,3,,,1777560188925923,1777560188958775,1777560188925923,1777560188958775,,,,client-3-3,Insert,-5748969,200,32852
client,client_request,completed,1777560188990908,3,,,1777560188958996,1777560188990908,1777560188958996,1777560188990908,,,,client-3-3,Remove,-9689627,200,31912
client,client_request,completed,1777560189023599,3,,,1777560188991004,1777560189023599,1777560188991004,1777560189023599,,,,client-3-3,Insert,8252007,200,32595
client,client_request,completed,1777560189057234,3,,,1777560189023937,1777560189057234,1777560189023937,1777560189057234,,,,client-3-3,Remove,-2558585,200,33297
client,client_request,completed,1777560189090966,3,,,1777560189057438,1777560189090966,1777560189057438,1777560189090966,,,,client-3-3,Insert,-5379824,200,33528
client,client_request,completed,1777560189125444,3,,,1777560189091103,1777560189125444,1777560189091103,1777560189125444,,,,client-3-3,Insert,-13611782,200,34341
client,client_request,completed,1777560189160329,3,,,1777560189126002,1777560189160329,1777560189126002,1777560189160329,,,,client-3-3,Insert,-748049,200,34327
client,client_request,completed,1777560189194863,3,,,1777560189160548,1777560189194863,1777560189160548,1777560189194863,,,,client-3-3,Remove,7132620,200,34315
client,client_request,completed,1777560189230101,3,,,1777560189194963,1777560189230101,1777560189194963,1777560189230101,,,,client-3-3,Remove,-1358438,200,35138
client,client_request,completed,1777560189263738,3,,,1777560189230210,1777560189263738,1777560189230210,1777560189263738,,,,client-3-3,Remove,14646914,200,33528
client,client_request,completed,1777560189302136,3,,,1777560189263909,1777560189302136,1777560189263909,1777560189302136,,,,client-3-3,Remove,-1458630,200,38227
client,client_request,completed,1777560189342374,3,,,1777560189302240,1777560189342374,1777560189302240,1777560189342374,,,,client-3-3,Remove,6799638,200,40134
client,client_request,completed,1777560189380901,3,,,1777560189342592,1777560189380901,1777560189342592,1777560189380901,,,,client-3-3,Insert,-10773145,200,38309
client,client_request,completed,1777560189420308,3,,,1777560189381103,1777560189420308,1777560189381103,1777560189420308,,,,client-3-3,Insert,6057548,200,39205
client,client_request,completed,1777560189459826,3,,,1777560189420411,1777560189459826,1777560189420411,1777560189459826,,,,client-3-3,Remove,-4420172,200,39415
client,client_request,completed,1777560189499163,3,,,1777560189460051,1777560189499163,1777560189460051,1777560189499163,,,,client-3-3,Insert,-16124693,200,39112
client,client_request,completed,1777560189535632,3,,,1777560189499280,1777560189535632,1777560189499280,1777560189535632,,,,client-3-3,Remove,-6379258,200,36352
client,client_request,completed,1777560189567197,3,,,1777560189535785,1777560189567197,1777560189535785,1777560189567197,,,,client-3-3,Insert,-14326584,200,31412
client,client_request,completed,1777560189604127,3,,,1777560189567307,1777560189604127,1777560189567307,1777560189604127,,,,client-3-3,Remove,5386862,200,36820
client,client_request,completed,1777560189646035,3,,,1777560189604518,1777560189646035,1777560189604518,1777560189646035,,,,client-3-3,Remove,7156738,200,41517
client,client_request,completed,1777560189688368,3,,,1777560189646305,1777560189688368,1777560189646305,1777560189688368,,,,client-3-3,Remove,11025781,200,42063
client,client_request,completed,1777560189730908,3,,,1777560189688532,1777560189730908,1777560189688532,1777560189730908,,,,client-3-3,Insert,10844777,200,42376
client,client_request,completed,1777560189833353,3,,,1777560189731876,1777560189833353,1777560189731876,1777560189833353,,,,client-3-3,Remove,9680903,200,101477
client,client_request,completed,1777560189880022,3,,,1777560189833591,1777560189880022,1777560189833591,1777560189880022,,,,client-3-3,Remove,1300579,200,46431
client,client_request,completed,1777560189924656,3,,,1777560189880215,1777560189924656,1777560189880215,1777560189924656,,,,client-3-3,Insert,-8843367,200,44441
client,client_request,completed,1777560189969567,3,,,1777560189925376,1777560189969567,1777560189925376,1777560189969567,,,,client-3-3,Insert,11268004,200,44191
client,client_request,completed,1777560190014814,3,,,1777560189969721,1777560190014814,1777560189969721,1777560190014814,,,,client-3-3,Insert,-14722496,200,45093
client,client_request,completed,1777560190060418,3,,,1777560190015332,1777560190060418,1777560190015332,1777560190060418,,,,client-3-3,Insert,-8233779,200,45086
client,client_request,completed,1777560190106433,3,,,1777560190060590,1777560190106433,1777560190060590,1777560190106433,,,,client-3-3,Remove,11567865,200,45843
client,client_request,completed,1777560190152022,3,,,1777560190106571,1777560190152022,1777560190106571,1777560190152022,,,,client-3-3,Remove,-13651998,200,45451
client,client_request,completed,1777560190198094,3,,,1777560190152139,1777560190198094,1777560190152139,1777560190198094,,,,client-3-3,Insert,3047179,200,45955
client,client_request,completed,1777560190242537,3,,,1777560190198249,1777560190242537,1777560190198249,1777560190242537,,,,client-3-3,Insert,5813108,200,44288
client,client_request,completed,1777560190289923,3,,,1777560190242651,1777560190289923,1777560190242651,1777560190289923,,,,client-3-3,Remove,1228171,200,47272
client,client_request,completed,1777560190336335,3,,,1777560190290677,1777560190336335,1777560190290677,1777560190336335,,,,client-3-3,Remove,-7328241,200,45658
client,client_request,completed,1777560190381402,3,,,1777560190336746,1777560190381402,1777560190336746,1777560190381402,,,,client-3-3,Insert,16651712,200,44656
client,client_request,completed,1777560190427778,3,,,1777560190381785,1777560190427778,1777560190381785,1777560190427778,,,,client-3-3,Remove,-11263142,200,45993
client,client_request,completed,1777560190474599,3,,,1777560190427991,1777560190474599,1777560190427991,1777560190474599,,,,client-3-3,Remove,-13061305,200,46608
client,client_request,completed,1777560190518858,3,,,1777560190474710,1777560190518858,1777560190474710,1777560190518858,,,,client-3-3,Insert,-12459489,200,44148
client,client_request,completed,1777560190554909,3,,,1777560190518961,1777560190554909,1777560190518961,1777560190554909,,,,client-3-3,Remove,9790617,200,35948
client,client_request,completed,1777560190591304,3,,,1777560190555021,1777560190591304,1777560190555021,1777560190591304,,,,client-3-3,Insert,-834480,200,36283
client,client_request,completed,1777560190632431,3,,,1777560190591632,1777560190632431,1777560190591632,1777560190632431,,,,client-3-3,Remove,-2210111,200,40799
client,client_request,completed,1777560190674877,3,,,1777560190632505,1777560190674877,1777560190632505,1777560190674877,,,,client-3-3,Remove,-14933103,200,42372
client,client_request,completed,1777560190717619,3,,,1777560190675221,1777560190717619,1777560190675221,1777560190717619,,,,client-3-3,Remove,-13436804,200,42398
client,client_request,completed,1777560190759316,3,,,1777560190717707,1777560190759316,1777560190717707,1777560190759316,,,,client-3-3,Insert,-14203816,200,41609
client,client_request,completed,1777560190861784,3,,,1777560190759974,1777560190861784,1777560190759974,1777560190861784,,,,client-3-3,Insert,7443317,200,101810
client,client_request,completed,1777560190901439,3,,,1777560190861842,1777560190901439,1777560190861842,1777560190901439,,,,client-3-3,Insert,2374541,200,39597
client,client_request,completed,1777560190941185,3,,,1777560190901500,1777560190941185,1777560190901500,1777560190941185,,,,client-3-3,Remove,-14358060,200,39685
client,client_request,completed,1777560190980094,3,,,1777560190941525,1777560190980094,1777560190941525,1777560190980094,,,,client-3-3,Insert,1068028,200,38569
client,client_request,completed,1777560191021590,3,,,1777560190980510,1777560191021590,1777560190980510,1777560191021590,,,,client-3-3,Insert,-5508712,200,41080
client,client_request,completed,1777560191064786,3,,,1777560191021673,1777560191064786,1777560191021673,1777560191064786,,,,client-3-3,Remove,-6438201,200,43113
client,client_request,completed,1777560191107658,3,,,1777560191064894,1777560191107658,1777560191064894,1777560191107658,,,,client-3-3,Insert,-13513572,200,42764
client,client_request,completed,1777560191150143,3,,,1777560191107857,1777560191150143,1777560191107857,1777560191150143,,,,client-3-3,Remove,3239999,200,42286
client,client_request,completed,1777560191193126,3,,,1777560191150202,1777560191193126,1777560191150202,1777560191193126,,,,client-3-3,Remove,3263154,200,42924
client,client_request,completed,1777560191233922,3,,,1777560191193272,1777560191233922,1777560191193272,1777560191233922,,,,client-3-3,Remove,-1905324,200,40650
client,client_request,completed,1777560191272004,3,,,1777560191233979,1777560191272004,1777560191233979,1777560191272004,,,,client-3-3,Insert,-7085435,200,38025
client,client_request,completed,1777560191310372,3,,,1777560191272371,1777560191310372,1777560191272371,1777560191310372,,,,client-3-3,Insert,-13256697,200,38001
client,client_request,completed,1777560191347300,3,,,1777560191310447,1777560191347300,1777560191310447,1777560191347300,,,,client-3-3,Remove,-5917476,200,36853
client,client_request,completed,1777560191386688,3,,,1777560191347551,1777560191386688,1777560191347551,1777560191386688,,,,client-3-3,Insert,-8968963,200,39137
client,client_request,completed,1777560191424188,3,,,1777560191386749,1777560191424188,1777560191386749,1777560191424188,,,,client-3-3,Remove,-4647173,200,37439
client,client_request,completed,1777560191461111,3,,,1777560191424268,1777560191461111,1777560191424268,1777560191461111,,,,client-3-3,Remove,-11184319,200,36843
client,client_request,completed,1777560191498082,3,,,1777560191461186,1777560191498082,1777560191461186,1777560191498082,,,,client-3-3,Insert,6585112,200,36896
client,client_request,completed,1777560191532532,3,,,1777560191498132,1777560191532532,1777560191498132,1777560191532532,,,,client-3-3,Remove,10408143,200,34400
client,client_request,completed,1777560191562574,3,,,1777560191532725,1777560191562574,1777560191532725,1777560191562574,,,,client-3-3,Insert,-5824908,200,29849
client,client_request,completed,1777560191595957,3,,,1777560191562671,1777560191595957,1777560191562671,1777560191595957,,,,client-3-3,Insert,-9593276,200,33286
client,client_request,completed,1777560191632625,3,,,1777560191596192,1777560191632625,1777560191596192,1777560191632625,,,,client-3-3,Remove,12992815,200,36433
client,client_request,completed,1777560191670675,3,,,1777560191632725,1777560191670675,1777560191632725,1777560191670675,,,,client-3-3,Remove,15818147,200,37950
client,client_request,completed,1777560191710866,3,,,1777560191670785,1777560191710866,1777560191670785,1777560191710866,,,,client-3-3,Insert,-11898722,200,40081
client,client_request,completed,1777560191747868,3,,,1777560191711119,1777560191747868,1777560191711119,1777560191747868,,,,client-3-3,Remove,-2347750,200,36749
client,client_request,completed,1777560191846986,3,,,1777560191748161,1777560191846986,1777560191748161,1777560191846986,,,,client-3-3,Remove,-12041433,200,98825
client,client_request,completed,1777560191888049,3,,,1777560191847095,1777560191888049,1777560191847095,1777560191888049,,,,client-3-3,Insert,3013028,200,40954
client,client_request,completed,1777560191927130,3,,,1777560191888252,1777560191927130,1777560191888252,1777560191927130,,,,client-3-3,Remove,-8555709,200,38878
client,client_request,completed,1777560191966307,3,,,1777560191927391,1777560191966307,1777560191927391,1777560191966307,,,,client-3-3,Insert,14680537,200,38916
client,client_request,completed,1777560192004467,3,,,1777560191966730,1777560192004467,1777560191966730,1777560192004467,,,,client-3-3,Insert,-12915608,200,37737
client,client_request,completed,1777560192042673,3,,,1777560192004882,1777560192042673,1777560192004882,1777560192042673,,,,client-3-3,Insert,11582778,200,37791
client,client_request,completed,1777560192081595,3,,,1777560192043098,1777560192081595,1777560192043098,1777560192081595,,,,client-3-3,Remove,2921569,200,38497
client,client_request,completed,1777560192121202,3,,,1777560192081723,1777560192121202,1777560192081723,1777560192121202,,,,client-3-3,Remove,15977209,200,39479
client,client_request,completed,1777560192160701,3,,,1777560192122293,1777560192160701,1777560192122293,1777560192160701,,,,client-3-3,Remove,-15458690,200,38408
client,client_request,completed,1777560192198623,3,,,1777560192160852,1777560192198623,1777560192160852,1777560192198623,,,,client-3-3,Remove,16619460,200,37771
client,client_request,completed,1777560192237467,3,,,1777560192198737,1777560192237467,1777560192198737,1777560192237467,,,,client-3-3,Insert,3148172,200,38730
client,client_request,completed,1777560192276751,3,,,1777560192237570,1777560192276751,1777560192237570,1777560192276751,,,,client-3-3,Remove,-12650271,200,39181
client,client_request,completed,1777560192315577,3,,,1777560192276854,1777560192315577,1777560192276854,1777560192315577,,,,client-3-3,Insert,-15525681,200,38723
client,client_request,completed,1777560192354719,3,,,1777560192315684,1777560192354719,1777560192315684,1777560192354719,,,,client-3-3,Insert,-4684932,200,39035
client,client_request,completed,1777560192393016,3,,,1777560192354823,1777560192393016,1777560192354823,1777560192393016,,,,client-3-3,Remove,1631331,200,38193
client,client_request,completed,1777560192432056,3,,,1777560192393145,1777560192432056,1777560192393145,1777560192432056,,,,client-3-3,Insert,-7789360,200,38911
client,client_request,completed,1777560192470927,3,,,1777560192432221,1777560192470927,1777560192432221,1777560192470927,,,,client-3-3,Remove,3101429,200,38706
client,client_request,completed,1777560192509853,3,,,1777560192471307,1777560192509853,1777560192471307,1777560192509853,,,,client-3-3,Insert,3800536,200,38546
client,client_request,completed,1777560192541587,3,,,1777560192510159,1777560192541587,1777560192510159,1777560192541587,,,,client-3-3,Remove,-11414219,200,31428
client,client_request,completed,1777560192571774,3,,,1777560192541690,1777560192571774,1777560192541690,1777560192571774,,,,client-3-3,Remove,-788830,200,30084
client,client_request,completed,1777560192607821,3,,,1777560192572160,1777560192607821,1777560192572160,1777560192607821,,,,client-3-3,Remove,-1184254,200,35661
client,client_request,completed,1777560192645591,3,,,1777560192607972,1777560192645591,1777560192607972,1777560192645591,,,,client-3-3,Remove,-11638598,200,37619
client,client_request,completed,1777560192684457,3,,,1777560192645696,1777560192684457,1777560192645696,1777560192684457,,,,client-3-3,Remove,14873553,200,38761
client,client_request,completed,1777560192724002,3,,,1777560192684563,1777560192724002,1777560192684563,1777560192724002,,,,client-3-3,Remove,-13617439,200,39439
client,client_request,completed,1777560192762927,3,,,1777560192724110,1777560192762927,1777560192724110,1777560192762927,,,,client-3-3,Insert,-12441603,200,38817
client,client_request,completed,1777560192864629,3,,,1777560192763027,1777560192864629,1777560192763027,1777560192864629,,,,client-3-3,Remove,8159691,200,101602
client,client_request,completed,1777560192905512,3,,,1777560192864745,1777560192905512,1777560192864745,1777560192905512,,,,client-3-3,Insert,16737037,200,40767
client,client_request,completed,1777560192947819,3,,,1777560192905614,1777560192947819,1777560192905614,1777560192947819,,,,client-3-3,Remove,-7983388,200,42205
client,client_request,completed,1777560192990476,3,,,1777560192947927,1777560192990476,1777560192947927,1777560192990476,,,,client-3-3,Remove,11011570,200,42549
client,client_request,completed,1777560193037612,3,,,1777560192990582,1777560193037612,1777560192990582,1777560193037612,,,,client-3-3,Remove,4824781,200,47030
client,client_request,completed,1777560193081694,3,,,1777560193037686,1777560193081694,1777560193037686,1777560193081694,,,,client-3-3,Insert,6919269,200,44008
client,client_request,completed,1777560193128249,3,,,1777560193081809,1777560193128249,1777560193081809,1777560193128249,,,,client-3-3,Remove,12766171,200,46440
client,client_request,completed,1777560193172118,3,,,1777560193128456,1777560193172118,1777560193128456,1777560193172118,,,,client-3-3,Insert,-2148662,200,43662
client,client_request,completed,1777560193216256,3,,,1777560193172241,1777560193216256,1777560193172241,1777560193216256,,,,client-3-3,Insert,11252572,200,44015
client,client_request,completed,1777560193259659,3,,,1777560193216669,1777560193259659,1777560193216669,1777560193259659,,,,client-3-3,Remove,10515890,200,42990
client,client_request,completed,1777560193302806,3,,,1777560193259768,1777560193302806,1777560193259768,1777560193302806,,,,client-3-3,Insert,-6586060,200,43038
client,client_request,completed,1777560193346710,3,,,1777560193302912,1777560193346710,1777560193302912,1777560193346710,,,,client-3-3,Remove,2610110,200,43798
client,client_request,completed,1777560193391958,3,,,1777560193347056,1777560193391958,1777560193347056,1777560193391958,,,,client-3-3,Remove,-12887019,200,44902
client,client_request,completed,1777560193438958,3,,,1777560193392088,1777560193438958,1777560193392088,1777560193438958,,,,client-3-3,Insert,10560951,200,46870
client,client_request,completed,1777560193485912,3,,,1777560193439120,1777560193485912,1777560193439120,1777560193485912,,,,client-3-3,Remove,5989077,200,46792
client,client_request,completed,1777560193532278,3,,,1777560193486020,1777560193532278,1777560193486020,1777560193532278,,,,client-3-3,Remove,-9596262,200,46258
client,client_request,completed,1777560193573114,3,,,1777560193532385,1777560193573114,1777560193532385,1777560193573114,,,,client-3-3,Remove,16071045,200,40729
client,client_request,completed,1777560193623768,3,,,1777560193573227,1777560193623768,1777560193573227,1777560193623768,,,,client-3-3,Insert,-3350829,200,50541
client,client_request,completed,1777560193675744,3,,,1777560193623874,1777560193675744,1777560193623874,1777560193675744,,,,client-3-3,Remove,-5718825,200,51870
client,client_request,completed,1777560193728671,3,,,1777560193676125,1777560193728671,1777560193676125,1777560193728671,,,,client-3-3,Remove,-627820,200,52546
client,client_request,completed,1777560193778447,3,,,1777560193728884,1777560193778447,1777560193728884,1777560193778447,,,,client-3-3,Remove,-1650295,200,49563
client,client_request,completed,1777560193893971,3,,,1777560193778902,1777560193893971,1777560193778902,1777560193893971,,,,client-3-3,Remove,2445257,200,115069
client,client_request,completed,1777560193956632,3,,,1777560193894072,1777560193956632,1777560193894072,1777560193956632,,,,client-3-3,Insert,-2324974,200,62560
client,client_request,completed,1777560194005191,3,,,1777560193956853,1777560194005191,1777560193956853,1777560194005191,,,,client-3-3,Insert,-4487698,200,48338
client,client_request,completed,1777560194052887,3,,,1777560194006187,1777560194052887,1777560194006187,1777560194052887,,,,client-3-3,Remove,-11440983,200,46700
client,client_request,completed,1777560194100303,3,,,1777560194053125,1777560194100303,1777560194053125,1777560194100303,,,,client-3-3,Remove,6488339,200,47178
client,client_request,completed,1777560194147484,3,,,1777560194100502,1777560194147484,1777560194100502,1777560194147484,,,,client-3-3,Insert,9511204,200,46982
client,client_request,completed,1777560194196118,3,,,1777560194147823,1777560194196118,1777560194147823,1777560194196118,,,,client-3-3,Remove,5340776,200,48295
client,client_request,completed,1777560194246282,3,,,1777560194196249,1777560194246282,1777560194196249,1777560194246282,,,,client-3-3,Insert,8863237,200,50033
client,client_request,completed,1777560194295530,3,,,1777560194246935,1777560194295530,1777560194246935,1777560194295530,,,,client-3-3,Insert,-14601239,200,48595
client,client_request,completed,1777560194350838,3,,,1777560194295869,1777560194350838,1777560194295869,1777560194350838,,,,client-3-3,Insert,-1753368,200,54969
client,client_request,completed,1777560194403815,3,,,1777560194350925,1777560194403815,1777560194350925,1777560194403815,,,,client-3-3,Remove,2001786,200,52890
client,client_request,completed,1777560194458112,3,,,1777560194403950,1777560194458112,1777560194403950,1777560194458112,,,,client-3-3,Insert,-16208830,200,54162
client,client_request,completed,1777560194512145,3,,,1777560194458280,1777560194512145,1777560194458280,1777560194512145,,,,client-3-3,Remove,-4309798,200,53865
client,client_request,completed,1777560194557481,3,,,1777560194512275,1777560194557481,1777560194512275,1777560194557481,,,,client-3-3,Remove,9871474,200,45206
client,client_request,completed,1777560194604569,3,,,1777560194557584,1777560194604569,1777560194557584,1777560194604569,,,,client-3-3,Remove,-1250219,200,46985
client,client_request,completed,1777560194654598,3,,,1777560194604794,1777560194654598,1777560194604794,1777560194654598,,,,client-3-3,Insert,13683197,200,49804
client,client_request,completed,1777560194703922,3,,,1777560194654698,1777560194703922,1777560194654698,1777560194703922,,,,client-3-3,Remove,12712017,200,49224
client,client_request,completed,1777560194755217,3,,,1777560194704266,1777560194755217,1777560194704266,1777560194755217,,,,client-3-3,Insert,-4314042,200,50951
client,client_request,completed,1777560194867669,3,,,1777560194755613,1777560194867669,1777560194755613,1777560194867669,,,,client-3-3,Remove,-1341985,200,112056
client,client_request,completed,1777560194917798,3,,,1777560194867781,1777560194917798,1777560194867781,1777560194917798,,,,client-3-3,Remove,15949827,200,50017
client,client_request,completed,1777560194969360,3,,,1777560194917904,1777560194969360,1777560194917904,1777560194969360,,,,client-3-3,Remove,-300230,200,51456
client,client_request,completed,1777560195019835,3,,,1777560194969582,1777560195019835,1777560194969582,1777560195019835,,,,client-3-3,Remove,-5730606,200,50253
client,client_request,completed,1777560195072449,3,,,1777560195019942,1777560195072449,1777560195019942,1777560195072449,,,,client-3-3,Insert,9685052,200,52507
client,client_request,completed,1777560195126799,3,,,1777560195072509,1777560195126799,1777560195072509,1777560195126799,,,,client-3-3,Insert,-10596679,200,54290
client,client_request,completed,1777560195182326,3,,,1777560195126902,1777560195182326,1777560195126902,1777560195182326,,,,client-3-3,Remove,-1486751,200,55424
client,client_request,completed,1777560195233642,3,,,1777560195182856,1777560195233642,1777560195182856,1777560195233642,,,,client-3-3,Remove,-7748425,200,50786
client,client_request,completed,1777560195283129,3,,,1777560195233961,1777560195283129,1777560195233961,1777560195283129,,,,client-3-3,Insert,-15296082,200,49168
client,client_request,completed,1777560195337411,3,,,1777560195283325,1777560195337411,1777560195283325,1777560195337411,,,,client-3-3,Insert,13568639,200,54086
client,client_request,completed,1777560195391601,3,,,1777560195337783,1777560195391601,1777560195337783,1777560195391601,,,,client-3-3,Insert,3148363,200,53818
client,client_request,completed,1777560195447807,3,,,1777560195391833,1777560195447807,1777560195391833,1777560195447807,,,,client-3-3,Remove,-5932640,200,55974
client,client_request,completed,1777560195502557,3,,,1777560195447949,1777560195502557,1777560195447949,1777560195502557,,,,client-3-3,Insert,4913780,200,54608
client,client_request,completed,1777560195552890,3,,,1777560195502736,1777560195552890,1777560195502736,1777560195552890,,,,client-3-3,Remove,3762685,200,50154
client,client_request,completed,1777560195604607,3,,,1777560195553256,1777560195604607,1777560195553256,1777560195604607,,,,client-3-3,Remove,-2330801,200,51351
client,client_request,completed,1777560195661871,3,,,1777560195605011,1777560195661871,1777560195605011,1777560195661871,,,,client-3-3,Remove,5083176,200,56860
client,client_request,completed,1777560195721855,3,,,1777560195662013,1777560195721855,1777560195662013,1777560195721855,,,,client-3-3,Insert,8155310,200,59842
client,client_request,completed,1777560195839138,3,,,1777560195721992,1777560195839138,1777560195721992,1777560195839138,,,,client-3-3,Insert,13078175,200,117146
client,client_request,completed,1777560195902063,3,,,1777560195839251,1777560195902063,1777560195839251,1777560195902063,,,,client-3-3,Insert,7148867,200,62812
client,client_request,completed,1777560195960549,3,,,1777560195902465,1777560195960549,1777560195902465,1777560195960549,,,,client-3-3,Remove,5173062,200,58084
client,client_request,completed,1777560196021105,3,,,1777560195960681,1777560196021105,1777560195960681,1777560196021105,,,,client-3-3,Insert,2690650,200,60424
client,client_request,completed,1777560196082249,3,,,1777560196021216,1777560196082249,1777560196021216,1777560196082249,,,,client-3-3,Insert,-11388064,200,61033
client,client_request,completed,1777560196141841,3,,,1777560196082389,1777560196141841,1777560196082389,1777560196141841,,,,client-3-3,Remove,1401799,200,59452
client,client_request,completed,1777560196203455,3,,,1777560196141950,1777560196203455,1777560196141950,1777560196203455,,,,client-3-3,Insert,12268535,200,61505
client,client_request,completed,1777560196260756,3,,,1777560196203567,1777560196260756,1777560196203567,1777560196260756,,,,client-3-3,Insert,1558316,200,57189
client,client_request,completed,1777560196319739,3,,,1777560196260870,1777560196319739,1777560196260870,1777560196319739,,,,client-3-3,Remove,-903280,200,58869
client,client_request,completed,1777560196379375,3,,,1777560196319838,1777560196379375,1777560196319838,1777560196379375,,,,client-3-3,Insert,-13015992,200,59537
client,client_request,completed,1777560196441019,3,,,1777560196379754,1777560196441019,1777560196379754,1777560196441019,,,,client-3-3,Insert,8216442,200,61265
client,client_request,completed,1777560196501652,3,,,1777560196441143,1777560196501652,1777560196441143,1777560196501652,,,,client-3-3,Remove,-1361908,200,60509
client,client_request,completed,1777560196558228,3,,,1777560196502045,1777560196558228,1777560196502045,1777560196558228,,,,client-3-3,Insert,-14778795,200,56183
client,client_request,completed,1777560196615603,3,,,1777560196558876,1777560196615603,1777560196558876,1777560196615603,,,,client-3-3,Remove,-11540891,200,56727
client,client_request,completed,1777560196676123,3,,,1777560196615711,1777560196676123,1777560196615711,1777560196676123,,,,client-3-3,Insert,-2020933,200,60412
client,client_request,completed,1777560196738319,3,,,1777560196676241,1777560196738319,1777560196676241,1777560196738319,,,,client-3-3,Remove,-2534011,200,62078
client,client_request,completed,1777560196857271,3,,,1777560196738458,1777560196857271,1777560196738458,1777560196857271,,,,client-3-3,Remove,-5799867,200,118813
client,client_request,completed,1777560196914484,3,,,1777560196857663,1777560196914484,1777560196857663,1777560196914484,,,,client-3-3,Remove,13782334,200,56821
client,client_request,completed,1777560196972812,3,,,1777560196914596,1777560196972812,1777560196914596,1777560196972812,,,,client-3-3,Remove,12483368,200,58216
client,client_request,completed,1777560197030568,3,,,1777560196973454,1777560197030568,1777560196973454,1777560197030568,,,,client-3-3,Insert,7021279,200,57114
client,client_request,completed,1777560197088282,3,,,1777560197030683,1777560197088282,1777560197030683,1777560197088282,,,,client-3-3,Remove,-10453933,200,57599
client,client_request,completed,1777560197146297,3,,,1777560197088392,1777560197146297,1777560197088392,1777560197146297,,,,client-3-3,Insert,-15835957,200,57905
client,client_request,completed,1777560197204424,3,,,1777560197146404,1777560197204424,1777560197146404,1777560197204424,,,,client-3-3,Insert,-13736493,200,58020
client,client_request,completed,1777560197259767,3,,,1777560197204550,1777560197259767,1777560197204550,1777560197259767,,,,client-3-3,Insert,-14290649,200,55217
client,client_request,completed,1777560197316425,3,,,1777560197259875,1777560197316425,1777560197259875,1777560197316425,,,,client-3-3,Insert,16151386,200,56550
client,client_request,completed,1777560197373794,3,,,1777560197316492,1777560197373794,1777560197316492,1777560197373794,,,,client-3-3,Remove,12463655,200,57302
client,client_request,completed,1777560197431163,3,,,1777560197373928,1777560197431163,1777560197373928,1777560197431163,,,,client-3-3,Insert,5129361,200,57235
client,client_request,completed,1777560197489885,3,,,1777560197431218,1777560197489885,1777560197431218,1777560197489885,,,,client-3-3,Insert,-2979811,200,58667
client,client_request,completed,1777560197543651,3,,,1777560197490240,1777560197543651,1777560197490240,1777560197543651,,,,client-3-3,Insert,-15038757,200,53411
client,client_request,completed,1777560197595163,3,,,1777560197543714,1777560197595163,1777560197543714,1777560197595163,,,,client-3-3,Remove,5938369,200,51449
client,client_request,completed,1777560197650320,3,,,1777560197595601,1777560197650320,1777560197595601,1777560197650320,,,,client-3-3,Remove,-12320706,200,54719
client,client_request,completed,1777560197705347,3,,,1777560197650505,1777560197705347,1777560197650505,1777560197705347,,,,client-3-3,Remove,-12511699,200,54842
client,client_request,completed,1777560197760727,3,,,1777560197705551,1777560197760727,1777560197705551,1777560197760727,,,,client-3-3,Insert,-13363877,200,55176
client,client_request,completed,1777560197879901,3,,,1777560197760796,1777560197879901,1777560197760796,1777560197879901,,,,client-3-3,Insert,-6449400,200,119105
client,client_request,completed,1777560197937222,3,,,1777560197880049,1777560197937222,1777560197880049,1777560197937222,,,,client-3-3,Insert,-7813575,200,57173
client,client_request,completed,1777560197994637,3,,,1777560197937601,1777560197994637,1777560197937601,1777560197994637,,,,client-3-3,Insert,-3086789,200,57036
client,client_request,completed,1777560198051905,3,,,1777560197994782,1777560198051905,1777560197994782,1777560198051905,,,,client-3-3,Remove,5552997,200,57123
client,client_request,completed,1777560198110028,3,,,1777560198052021,1777560198110028,1777560198052021,1777560198110028,,,,client-3-3,Remove,-4050173,200,58007
client,client_request,completed,1777560198168580,3,,,1777560198110196,1777560198168580,1777560198110196,1777560198168580,,,,client-3-3,Remove,-10061134,200,58384
client,client_request,completed,1777560198228779,3,,,1777560198168998,1777560198228779,1777560198168998,1777560198228779,,,,client-3-3,Insert,-1034445,200,59781
client,client_request,completed,1777560198283885,3,,,1777560198228904,1777560198283885,1777560198228904,1777560198283885,,,,client-3-3,Remove,11865995,200,54981
client,client_request,completed,1777560198340529,3,,,1777560198284033,1777560198340529,1777560198284033,1777560198340529,,,,client-3-3,Remove,-7445675,200,56496
client,client_request,completed,1777560198398888,3,,,1777560198340670,1777560198398888,1777560198340670,1777560198398888,,,,client-3-3,Remove,-6740179,200,58218
client,client_request,completed,1777560198459318,3,,,1777560198399006,1777560198459318,1777560198399006,1777560198459318,,,,client-3-3,Insert,115440,200,60312
client,client_request,completed,1777560198519333,3,,,1777560198459550,1777560198519333,1777560198459550,1777560198519333,,,,client-3-3,Insert,-609489,200,59783
client,client_request,completed,1777560198575346,3,,,1777560198519443,1777560198575346,1777560198519443,1777560198575346,,,,client-3-3,Remove,-8969220,200,55903
client,client_request,completed,1777560198650628,3,,,1777560198575454,1777560198650628,1777560198575454,1777560198650628,,,,client-3-3,Remove,8787089,200,75174
client,client_request,completed,1777560198716011,3,,,1777560198650796,1777560198716011,1777560198650796,1777560198716011,,,,client-3-3,Remove,-7068868,200,65215
client,client_request,completed,1777560198781444,3,,,1777560198716140,1777560198781444,1777560198716140,1777560198781444,,,,client-3-3,Remove,-14183306,200,65304
client,client_request,completed,1777560198903208,3,,,1777560198782159,1777560198903208,1777560198782159,1777560198903208,,,,client-3-3,Insert,-2474564,200,121049
client,client_request,completed,1777560198960821,3,,,1777560198903384,1777560198960821,1777560198903384,1777560198960821,,,,client-3-3,Remove,5713920,200,57437
client,client_request,completed,1777560199020856,3,,,1777560198961263,1777560199020856,1777560198961263,1777560199020856,,,,client-3-3,Insert,16433816,200,59593
client,client_request,completed,1777560199080401,3,,,1777560199021056,1777560199080401,1777560199021056,1777560199080401,,,,client-3-3,Remove,6189294,200,59345
client,client_request,completed,1777560199139250,3,,,1777560199080513,1777560199139250,1777560199080513,1777560199139250,,,,client-3-3,Insert,-3400163,200,58737
client,client_request,completed,1777560199197778,3,,,1777560199139385,1777560199197778,1777560199139385,1777560199197778,,,,client-3-3,Remove,-7670597,200,58393
client,client_request,completed,1777560199255124,3,,,1777560199197897,1777560199255124,1777560199197897,1777560199255124,,,,client-3-3,Remove,-12428084,200,57227
client,client_request,completed,1777560199312921,3,,,1777560199255324,1777560199312921,1777560199255324,1777560199312921,,,,client-3-3,Remove,8826249,200,57597
client,client_request,completed,1777560199373022,3,,,1777560199313088,1777560199373022,1777560199313088,1777560199373022,,,,client-3-3,Remove,-13492513,200,59934
client,client_request,completed,1777560199431351,3,,,1777560199373165,1777560199431351,1777560199373165,1777560199431351,,,,client-3-3,Insert,-10888380,200,58186
client,client_request,completed,1777560199489938,3,,,1777560199431495,1777560199489938,1777560199431495,1777560199489938,,,,client-3-3,Remove,2537176,200,58443
client,client_request,completed,1777560199546516,3,,,1777560199490088,1777560199546516,1777560199490088,1777560199546516,,,,client-3-3,Insert,-8657282,200,56428
client,client_request,completed,1777560199598971,3,,,1777560199546655,1777560199598971,1777560199546655,1777560199598971,,,,client-3-3,Insert,-7116850,200,52316
client,client_request,completed,1777560199657671,3,,,1777560199599183,1777560199657671,1777560199599183,1777560199657671,,,,client-3-3,Remove,-4384511,200,58488
client,client_request,completed,1777560199716766,3,,,1777560199657881,1777560199716766,1777560199657881,1777560199716766,,,,client-3-3,Remove,-4784019,200,58885
client,client_request,completed,1777560199833604,3,,,1777560199717221,1777560199833604,1777560199717221,1777560199833604,,,,client-3-3,Remove,11094592,200,116383
client,client_request,completed,1777560199910651,3,,,1777560199833744,1777560199910651,1777560199833744,1777560199910651,,,,client-3-3,Insert,-684038,200,76907
client,client_request,completed,1777560199991781,3,,,1777560199910911,1777560199991781,1777560199910911,1777560199991781,,,,client-3-3,Insert,-2424791,200,80870
client,client_request,completed,1777560200069087,3,,,1777560199992157,1777560200069087,1777560199992157,1777560200069087,,,,client-3-3,Remove,3104783,200,76930
client,client_request,completed,1777560200130783,3,,,1777560200069486,1777560200130783,1777560200069486,1777560200130783,,,,client-3-3,Insert,11003551,200,61297
client,client_request,completed,1777560200190988,3,,,1777560200131014,1777560200190988,1777560200131014,1777560200190988,,,,client-3-3,Remove,15123540,200,59974
client,client_request,completed,1777560200250423,3,,,1777560200191113,1777560200250423,1777560200191113,1777560200250423,,,,client-3-3,Remove,-3846016,200,59310
client,client_request,completed,1777560200310767,3,,,1777560200250524,1777560200310767,1777560200250524,1777560200310767,,,,client-3-3,Remove,582392,200,60243
client,client_request,completed,1777560200372327,3,,,1777560200310873,1777560200372327,1777560200310873,1777560200372327,,,,client-3-3,Insert,-12298850,200,61454
client,client_request,completed,1777560200434377,3,,,1777560200372577,1777560200434377,1777560200372577,1777560200434377,,,,client-3-3,Remove,14520729,200,61800
client,client_request,completed,1777560200495560,3,,,1777560200435186,1777560200495560,1777560200435186,1777560200495560,,,,client-3-3,Insert,-2164789,200,60374
client,client_request,completed,1777560200554430,3,,,1777560200495708,1777560200554430,1777560200495708,1777560200554430,,,,client-3-3,Insert,-13506608,200,58722
client,client_request,completed,1777560200611780,3,,,1777560200554653,1777560200611780,1777560200554653,1777560200611780,,,,client-3-3,Insert,-14523183,200,57127
client,client_request,completed,1777560200673169,3,,,1777560200611885,1777560200673169,1777560200611885,1777560200673169,,,,client-3-3,Remove,-10556853,200,61284
client,client_request,completed,1777560200734643,3,,,1777560200673497,1777560200734643,1777560200673497,1777560200734643,,,,client-3-3,Remove,-773392,200,61146
client,client_request,completed,1777560200856968,3,,,1777560200734991,1777560200856968,1777560200734991,1777560200856968,,,,client-3-3,Insert,1200946,200,121977
client,client_request,completed,1777560200917276,3,,,1777560200857199,1777560200917276,1777560200857199,1777560200917276,,,,client-3-3,Insert,-10840384,200,60077
client,client_request,completed,1777560200978341,3,,,1777560200917382,1777560200978341,1777560200917382,1777560200978341,,,,client-3-3,Remove,-11356699,200,60959
client,client_request,completed,1777560201039364,3,,,1777560200978453,1777560201039364,1777560200978453,1777560201039364,,,,client-3-3,Remove,-3512308,200,60911
client,client_request,completed,1777560201100205,3,,,1777560201039473,1777560201100205,1777560201039473,1777560201100205,,,,client-3-3,Remove,-6882072,200,60732
client,client_request,completed,1777560201164265,3,,,1777560201100318,1777560201164265,1777560201100318,1777560201164265,,,,client-3-3,Remove,8272990,200,63947
client,client_request,completed,1777560201227758,3,,,1777560201164621,1777560201227758,1777560201164621,1777560201227758,,,,client-3-3,Remove,-5603575,200,63137
client,client_request,completed,1777560201291287,3,,,1777560201227863,1777560201291287,1777560201227863,1777560201291287,,,,client-3-3,Remove,16386157,200,63424
client,client_request,completed,1777560201357622,3,,,1777560201291404,1777560201357622,1777560201291404,1777560201357622,,,,client-3-3,Remove,-5988252,200,66218
client,client_request,completed,1777560201422490,3,,,1777560201357755,1777560201422490,1777560201357755,1777560201422490,,,,client-3-3,Remove,-2982199,200,64735
client,client_request,completed,1777560201486560,3,,,1777560201422595,1777560201486560,1777560201422595,1777560201486560,,,,client-3-3,Remove,-11045203,200,63965
client,client_request,completed,1777560201550020,3,,,1777560201486666,1777560201550020,1777560201486666,1777560201550020,,,,client-3-3,Insert,-2694216,200,63354
client,client_request,completed,1777560201613749,3,,,1777560201550104,1777560201613749,1777560201550104,1777560201613749,,,,client-3-3,Insert,-13421044,200,63645
client,client_request,completed,1777560201679077,3,,,1777560201613854,1777560201679077,1777560201613854,1777560201679077,,,,client-3-3,Remove,-5088598,200,65223
client,client_request,completed,1777560201742875,3,,,1777560201679208,1777560201742875,1777560201679208,1777560201742875,,,,client-3-3,Insert,-3334827,200,63667
client,client_request,completed,1777560201865494,3,,,1777560201742975,1777560201865494,1777560201742975,1777560201865494,,,,client-3-3,Remove,6612645,200,122519
client,client_request,completed,1777560201934255,3,,,1777560201865599,1777560201934255,1777560201865599,1777560201934255,,,,client-3-3,Insert,5447099,200,68656
client,client_request,completed,1777560201998271,3,,,1777560201934677,1777560201998271,1777560201934677,1777560201998271,,,,client-3-3,Insert,4648363,200,63594
client,client_request,completed,1777560202063537,3,,,1777560201998377,1777560202063537,1777560201998377,1777560202063537,,,,client-3-3,Remove,14656972,200,65160
client,client_request,completed,1777560202129040,3,,,1777560202063634,1777560202129040,1777560202063634,1777560202129040,,,,client-3-3,Remove,961698,200,65406
client,client_request,completed,1777560202194730,3,,,1777560202129150,1777560202194730,1777560202129150,1777560202194730,,,,client-3-3,Insert,9169567,200,65580
client,client_request,completed,1777560202257653,3,,,1777560202194846,1777560202257653,1777560202194846,1777560202257653,,,,client-3-3,Remove,4147473,200,62807
client,client_request,completed,1777560202321795,3,,,1777560202258391,1777560202321795,1777560202258391,1777560202321795,,,,client-3-3,Insert,2101991,200,63404
client,client_request,completed,1777560202387377,3,,,1777560202321911,1777560202387377,1777560202321911,1777560202387377,,,,client-3-3,Insert,14210878,200,65466
client,client_request,completed,1777560202453561,3,,,1777560202387787,1777560202453561,1777560202387787,1777560202453561,,,,client-3-3,Remove,-5722559,200,65774
client,client_request,completed,1777560202518506,3,,,1777560202453759,1777560202518506,1777560202453759,1777560202518506,,,,client-3-3,Remove,7733752,200,64747
client,client_request,completed,1777560202575833,3,,,1777560202518608,1777560202575833,1777560202518608,1777560202575833,,,,client-3-3,Remove,-6648955,200,57225
client,client_request,completed,1777560202637358,3,,,1777560202576220,1777560202637358,1777560202576220,1777560202637358,,,,client-3-3,Remove,8795175,200,61138
client,client_request,completed,1777560202698819,3,,,1777560202637515,1777560202698819,1777560202637515,1777560202698819,,,,client-3-3,Remove,1482836,200,61304
client,client_request,completed,1777560202762666,3,,,1777560202698924,1777560202762666,1777560202698924,1777560202762666,,,,client-3-3,Remove,-16112635,200,63742
client,client_request,completed,1777560202897142,3,,,1777560202762799,1777560202897142,1777560202762799,1777560202897142,,,,client-3-3,Insert,-16691880,200,134343
client,client_request,completed,1777560202981972,3,,,1777560202897255,1777560202981972,1777560202897255,1777560202981972,,,,client-3-3,Remove,-13432429,200,84717
client,client_request,completed,1777560203050685,3,,,1777560202982078,1777560203050685,1777560202982078,1777560203050685,,,,client-3-3,Insert,-1290806,200,68607
client,client_request,completed,1777560203115882,3,,,1777560203050794,1777560203115882,1777560203050794,1777560203115882,,,,client-3-3,Remove,8719992,200,65088
client,client_request,completed,1777560203180465,3,,,1777560203115990,1777560203180465,1777560203115990,1777560203180465,,,,client-3-3,Insert,-11125422,200,64475
client,client_request,completed,1777560203244008,3,,,1777560203180664,1777560203244008,1777560203180664,1777560203244008,,,,client-3-3,Insert,5877739,200,63344
client,client_request,completed,1777560203306104,3,,,1777560203244126,1777560203306104,1777560203244126,1777560203306104,,,,client-3-3,Remove,-5835230,200,61978
client,client_request,completed,1777560203369656,3,,,1777560203306216,1777560203369656,1777560203306216,1777560203369656,,,,client-3-3,Remove,9152909,200,63440
client,client_request,completed,1777560203435068,3,,,1777560203369813,1777560203435068,1777560203369813,1777560203435068,,,,client-3-3,Remove,-3019469,200,65255
client,client_request,completed,1777560203498882,3,,,1777560203435410,1777560203498882,1777560203435410,1777560203498882,,,,client-3-3,Remove,2904679,200,63472
client,client_request,completed,1777560203562879,3,,,1777560203499641,1777560203562879,1777560203499641,1777560203562879,,,,client-3-3,Insert,-3246650,200,63238
client,client_request,completed,1777560203628418,3,,,1777560203563334,1777560203628418,1777560203563334,1777560203628418,,,,client-3-3,Insert,-11957992,200,65084
client,client_request,completed,1777560203696749,3,,,1777560203628536,1777560203696749,1777560203628536,1777560203696749,,,,client-3-3,Insert,-7495769,200,68213
client,client_request,completed,1777560203762199,3,,,1777560203696971,1777560203762199,1777560203696971,1777560203762199,,,,client-3-3,Insert,-505144,200,65228
client,client_request,completed,1777560203898349,3,,,1777560203762321,1777560203898349,1777560203762321,1777560203898349,,,,client-3-3,Insert,-5064868,200,136028
client,client_request,completed,1777560203974260,3,,,1777560203898486,1777560203974260,1777560203898486,1777560203974260,,,,client-3-3,Remove,-9725266,200,75774
client,client_request,completed,1777560204041858,3,,,1777560203974368,1777560204041858,1777560203974368,1777560204041858,,,,client-3-3,Insert,11431026,200,67490
client,client_request,completed,1777560204107170,3,,,1777560204042070,1777560204107170,1777560204042070,1777560204107170,,,,client-3-3,Insert,13313788,200,65100
client,client_request,completed,1777560204174829,3,,,1777560204107300,1777560204174829,1777560204107300,1777560204174829,,,,client-3-3,Insert,2796628,200,67529
client,client_request,completed,1777560204236351,3,,,1777560204174936,1777560204236351,1777560204174936,1777560204236351,,,,client-3-3,Remove,-16450597,200,61415
client,client_request,completed,1777560204294017,3,,,1777560204236461,1777560204294017,1777560204236461,1777560204294017,,,,client-3-3,Remove,3594451,200,57556
client,client_request,completed,1777560204355714,3,,,1777560204294130,1777560204355714,1777560204294130,1777560204355714,,,,client-3-3,Insert,2345817,200,61584
client,client_request,completed,1777560204420412,3,,,1777560204355867,1777560204420412,1777560204355867,1777560204420412,,,,client-3-3,Remove,9462372,200,64545
client,client_request,completed,1777560204483259,3,,,1777560204420546,1777560204483259,1777560204420546,1777560204483259,,,,client-3-3,Insert,1198008,200,62713
client,client_request,completed,1777560204544693,3,,,1777560204483371,1777560204544693,1777560204483371,1777560204544693,,,,client-3-3,Remove,-959573,200,61322
client,client_request,completed,1777560204602231,3,,,1777560204544799,1777560204602231,1777560204544799,1777560204602231,,,,client-3-3,Insert,10777696,200,57432
client,client_request,completed,1777560204659077,3,,,1777560204602335,1777560204659077,1777560204602335,1777560204659077,,,,client-3-3,Remove,10388723,200,56742
client,client_request,completed,1777560204719471,3,,,1777560204659183,1777560204719471,1777560204659183,1777560204719471,,,,client-3-3,Insert,-10447519,200,60288
client,client_request,completed,1777560204840165,3,,,1777560204719577,1777560204840165,1777560204719577,1777560204840165,,,,client-3-3,Insert,-16063913,200,120588
client,client_request,completed,1777560204902267,3,,,1777560204840318,1777560204902267,1777560204840318,1777560204902267,,,,client-3-3,Insert,12543831,200,61949
client,client_request,completed,1777560204962400,3,,,1777560204902377,1777560204962400,1777560204902377,1777560204962400,,,,client-3-3,Insert,-5228849,200,60023
client,client_request,completed,1777560205024012,3,,,1777560204962530,1777560205024012,1777560204962530,1777560205024012,,,,client-3-3,Insert,1930013,200,61482
client,client_request,completed,1777560205088375,3,,,1777560205024119,1777560205088375,1777560205024119,1777560205088375,,,,client-3-3,Insert,-9162802,200,64256
client,client_request,completed,1777560205151411,3,,,1777560205088481,1777560205151411,1777560205088481,1777560205151411,,,,client-3-3,Insert,5665139,200,62930
client,client_request,completed,1777560205213689,3,,,1777560205151540,1777560205213689,1777560205151540,1777560205213689,,,,client-3-3,Insert,2085700,200,62149
client,client_request,completed,1777560205268349,3,,,1777560205213826,1777560205268349,1777560205213826,1777560205268349,,,,client-3-3,Remove,-6306882,200,54523
client,client_request,completed,1777560205326943,3,,,1777560205268461,1777560205326943,1777560205268461,1777560205326943,,,,client-3-3,Remove,11156815,200,58482
client,client_request,completed,1777560205389660,3,,,1777560205327058,1777560205389660,1777560205327058,1777560205389660,,,,client-3-3,Remove,-11666318,200,62602
client,client_request,completed,1777560205452428,3,,,1777560205389777,1777560205452428,1777560205389777,1777560205452428,,,,client-3-3,Insert,-5923167,200,62651
client,client_request,completed,1777560205513395,3,,,1777560205452814,1777560205513395,1777560205452814,1777560205513395,,,,client-3-3,Remove,-11464710,200,60581
client,client_request,completed,1777560205570325,3,,,1777560205513553,1777560205570325,1777560205513553,1777560205570325,,,,client-3-3,Insert,10752237,200,56772
client,client_request,completed,1777560205631191,3,,,1777560205570468,1777560205631191,1777560205570468,1777560205631191,,,,client-3-3,Remove,3820739,200,60723
client,client_request,completed,1777560205693765,3,,,1777560205631308,1777560205693765,1777560205631308,1777560205693765,,,,client-3-3,Insert,-7697143,200,62457
client,client_request,completed,1777560205757051,3,,,1777560205693990,1777560205757051,1777560205693990,1777560205757051,,,,client-3-3,Remove,4022070,200,63061
client,client_request,completed,1777560205882208,3,,,1777560205757200,1777560205882208,1777560205757200,1777560205882208,,,,client-3-3,Insert,16429448,200,125008
client,client_request,completed,1777560205948212,3,,,1777560205882313,1777560205948212,1777560205882313,1777560205948212,,,,client-3-3,Insert,15839519,200,65899
client,client_request,completed,1777560206014441,3,,,1777560205948314,1777560206014441,1777560205948314,1777560206014441,,,,client-3-3,Remove,6411954,200,66127
client,client_request,completed,1777560206080853,3,,,1777560206014583,1777560206080853,1777560206014583,1777560206080853,,,,client-3-3,Remove,9564713,200,66270
client,client_request,completed,1777560206148785,3,,,1777560206081071,1777560206148785,1777560206081071,1777560206148785,,,,client-3-3,Remove,5279815,200,67714
client,client_request,completed,1777560206214435,3,,,1777560206148986,1777560206214435,1777560206148986,1777560206214435,,,,client-3-3,Insert,-11432382,200,65449
client,client_request,completed,1777560206277628,3,,,1777560206214552,1777560206277628,1777560206214552,1777560206277628,,,,client-3-3,Remove,-8731109,200,63076
client,client_request,completed,1777560206344441,3,,,1777560206277736,1777560206344441,1777560206277736,1777560206344441,,,,client-3-3,Remove,-10319010,200,66705
client,client_request,completed,1777560206412148,3,,,1777560206344551,1777560206412148,1777560206344551,1777560206412148,,,,client-3-3,Insert,1911249,200,67597
client,client_request,completed,1777560206479357,3,,,1777560206412553,1777560206479357,1777560206412553,1777560206479357,,,,client-3-3,Insert,-2342732,200,66804
client,client_request,completed,1777560206543487,3,,,1777560206479467,1777560206543487,1777560206479467,1777560206543487,,,,client-3-3,Insert,5270087,200,64020
client,client_request,completed,1777560206602656,3,,,1777560206543603,1777560206602656,1777560206543603,1777560206602656,,,,client-3-3,Remove,-14082904,200,59053
client,client_request,completed,1777560206664896,3,,,1777560206602774,1777560206664896,1777560206602774,1777560206664896,,,,client-3-3,Insert,-12115811,200,62122
client,client_request,completed,1777560206726873,3,,,1777560206665266,1777560206726873,1777560206665266,1777560206726873,,,,client-3-3,Insert,6490231,200,61607
client,client_request,completed,1777560206849811,3,,,1777560206727221,1777560206849811,1777560206727221,1777560206849811,,,,client-3-3,Insert,379626,200,122590
client,client_request,completed,1777560206928465,3,,,1777560206849917,1777560206928465,1777560206849917,1777560206928465,,,,client-3-3,Remove,-5196650,200,78548
client,client_request,completed,1777560206992383,3,,,1777560206928681,1777560206992383,1777560206928681,1777560206992383,,,,client-3-3,Insert,-15538252,200,63702
client,client_request,completed,1777560207056660,3,,,1777560206992528,1777560207056660,1777560206992528,1777560207056660,,,,client-3-3,Remove,-401897,200,64132
client,client_request,completed,1777560207122350,3,,,1777560207056775,1777560207122350,1777560207056775,1777560207122350,,,,client-3-3,Remove,7345406,200,65575
client,client_request,completed,1777560207186044,3,,,1777560207122559,1777560207186044,1777560207122559,1777560207186044,,,,client-3-3,Insert,-3183388,200,63485
client,client_request,completed,1777560207247012,3,,,1777560207186151,1777560207247012,1777560207186151,1777560207247012,,,,client-3-3,Insert,-11047991,200,60861
client,client_request,completed,1777560207306580,3,,,1777560207247261,1777560207306580,1777560207247261,1777560207306580,,,,client-3-3,Insert,10374360,200,59319
client,client_request,completed,1777560207370114,3,,,1777560207306690,1777560207370114,1777560207306690,1777560207370114,,,,client-3-3,Insert,-12956963,200,63424
client,client_request,completed,1777560207433384,3,,,1777560207370252,1777560207433384,1777560207370252,1777560207433384,,,,client-3-3,Insert,-12825284,200,63132
client,client_request,completed,1777560207497819,3,,,1777560207433528,1777560207497819,1777560207433528,1777560207497819,,,,client-3-3,Insert,-2208975,200,64291
client,client_request,completed,1777560207560876,3,,,1777560207498204,1777560207560876,1777560207498204,1777560207560876,,,,client-3-3,Remove,43867,200,62672
client,client_request,completed,1777560207625081,3,,,1777560207560988,1777560207625081,1777560207560988,1777560207625081,,,,client-3-3,Remove,-7545686,200,64093
client,client_request,completed,1777560207689814,3,,,1777560207625190,1777560207689814,1777560207625190,1777560207689814,,,,client-3-3,Remove,3498117,200,64624
client,client_request,completed,1777560207755943,3,,,1777560207689975,1777560207755943,1777560207689975,1777560207755943,,,,client-3-3,Insert,10335100,200,65968
client,client_request,completed,1777560207887270,3,,,1777560207756052,1777560207887270,1777560207756052,1777560207887270,,,,client-3-3,Insert,8811180,200,131218
client,client_request,completed,1777560207957968,3,,,1777560207887386,1777560207957968,1777560207887386,1777560207957968,,,,client-3-3,Remove,5584771,200,70582
client,client_request,completed,1777560208027922,3,,,1777560207958089,1777560208027922,1777560207958089,1777560208027922,,,,client-3-3,Remove,-3649464,200,69833
client,client_request,completed,1777560208098922,3,,,1777560208028131,1777560208098922,1777560208028131,1777560208098922,,,,client-3-3,Insert,1401887,200,70791
client,client_request,completed,1777560208171294,3,,,1777560208099031,1777560208171294,1777560208099031,1777560208171294,,,,client-3-3,Insert,16303706,200,72263
client,client_request,completed,1777560208241781,3,,,1777560208171430,1777560208241781,1777560208171430,1777560208241781,,,,client-3-3,Remove,-657403,200,70351
client,client_request,completed,1777560208543169,3,,,1777560208241837,1777560208543169,1777560208241837,1777560208543169,,,,client-3-3,Remove,-7162792,200,301332
client,client_request,completed,1777560208565799,3,,,1777560208543279,1777560208565799,1777560208543279,1777560208565799,,,,client-3-3,Insert,15098323,200,22520
client,client_request,completed,1777560208588990,3,,,1777560208565942,1777560208588990,1777560208565942,1777560208588990,,,,client-3-3,Remove,2562181,200,23048
client,client_request,completed,1777560208612597,3,,,1777560208589216,1777560208612597,1777560208589216,1777560208612597,,,,client-3-3,Remove,9578654,200,23381
client,client_request,completed,1777560208637100,3,,,1777560208612703,1777560208637100,1777560208612703,1777560208637100,,,,client-3-3,Remove,-6553016,200,24397
client,client_request,completed,1777560208661504,3,,,1777560208637243,1777560208661504,1777560208637243,1777560208661504,,,,client-3-3,Remove,-3854779,200,24261
client,client_request,completed,1777560208685583,3,,,1777560208661715,1777560208685583,1777560208661715,1777560208685583,,,,client-3-3,Remove,15600802,200,23868
client,client_request,completed,1777560208709415,3,,,1777560208686156,1777560208709415,1777560208686156,1777560208709415,,,,client-3-3,Remove,-3551690,200,23259
client,client_request,completed,1777560208733185,3,,,1777560208709567,1777560208733185,1777560208709567,1777560208733185,,,,client-3-3,Insert,-9045032,200,23618
client,client_request,completed,1777560208757188,3,,,1777560208733570,1777560208757188,1777560208733570,1777560208757188,,,,client-3-3,Remove,-7418656,200,23618
client,client_request,completed,1777560208847114,3,,,1777560208757532,1777560208847114,1777560208757532,1777560208847114,,,,client-3-3,Remove,-4272446,200,89582
client,client_request,completed,1777560208877012,3,,,1777560208847225,1777560208877012,1777560208847225,1777560208877012,,,,client-3-3,Remove,-16180767,200,29787
client,client_request,completed,1777560208904359,3,,,1777560208877120,1777560208904359,1777560208877120,1777560208904359,,,,client-3-3,Remove,-13711739,200,27239
client,client_request,completed,1777560208929270,3,,,1777560208904476,1777560208929270,1777560208904476,1777560208929270,,,,client-3-3,Remove,-7033292,200,24794
client,client_request,completed,1777560208952908,3,,,1777560208929369,1777560208952908,1777560208929369,1777560208952908,,,,client-3-3,Remove,-3700762,200,23539
client,client_request,completed,1777560208976704,3,,,1777560208953147,1777560208976704,1777560208953147,1777560208976704,,,,client-3-3,Remove,-11343975,200,23557
client,client_request,completed,1777560209000850,3,,,1777560208976943,1777560209000850,1777560208976943,1777560209000850,,,,client-3-3,Insert,-14930925,200,23907
client,client_request,completed,1777560209026403,3,,,1777560209000954,1777560209026403,1777560209000954,1777560209026403,,,,client-3-3,Remove,15229577,200,25449
client,client_request,completed,1777560209052093,3,,,1777560209026618,1777560209052093,1777560209026618,1777560209052093,,,,client-3-3,Insert,8676543,200,25475
client,client_request,completed,1777560209077002,3,,,1777560209052486,1777560209077002,1777560209052486,1777560209077002,,,,client-3-3,Remove,11266753,200,24516
client,client_request,completed,1777560209103037,3,,,1777560209077114,1777560209103037,1777560209077114,1777560209103037,,,,client-3-3,Remove,-14563749,200,25923
client,client_request,completed,1777560209128398,3,,,1777560209103150,1777560209128398,1777560209103150,1777560209128398,,,,client-3-3,Insert,13049954,200,25248
client,client_request,completed,1777560209153972,3,,,1777560209128511,1777560209153972,1777560209128511,1777560209153972,,,,client-3-3,Remove,-5253609,200,25461
client,client_request,completed,1777560209178795,3,,,1777560209154706,1777560209178795,1777560209154706,1777560209178795,,,,client-3-3,Insert,4530762,200,24089
client,client_request,completed,1777560209204389,3,,,1777560209178906,1777560209204389,1777560209178906,1777560209204389,,,,client-3-3,Insert,7885049,200,25483
client,client_request,completed,1777560209226928,3,,,1777560209205150,1777560209226928,1777560209205150,1777560209226928,,,,client-3-3,Remove,-11942933,200,21778
client,client_request,completed,1777560209247608,3,,,1777560209227301,1777560209247608,1777560209227301,1777560209247608,,,,client-3-3,Insert,-247008,200,20307
client,client_request,completed,1777560209269881,3,,,1777560209247832,1777560209269881,1777560209247832,1777560209269881,,,,client-3-3,Insert,-13698083,200,22049
client,client_request,completed,1777560209292893,3,,,1777560209269985,1777560209292893,1777560209269985,1777560209292893,,,,client-3-3,Remove,6987272,200,22908
client,client_request,completed,1777560209316084,3,,,1777560209292992,1777560209316084,1777560209292992,1777560209316084,,,,client-3-3,Insert,1067241,200,23092
client,client_request,completed,1777560209340276,3,,,1777560209316225,1777560209340276,1777560209316225,1777560209340276,,,,client-3-3,Remove,-13086176,200,24051
client,client_request,completed,1777560209364335,3,,,1777560209340383,1777560209364335,1777560209340383,1777560209364335,,,,client-3-3,Remove,6829624,200,23952
client,client_request,completed,1777560209387901,3,,,1777560209364554,1777560209387901,1777560209364554,1777560209387901,,,,client-3-3,Insert,2341437,200,23347
client,client_request,completed,1777560209411926,3,,,1777560209388018,1777560209411926,1777560209388018,1777560209411926,,,,client-3-3,Remove,-10140497,200,23908
client,client_request,completed,1777560209435571,3,,,1777560209412045,1777560209435571,1777560209412045,1777560209435571,,,,client-3-3,Remove,6004962,200,23526
client,client_request,completed,1777560209459661,3,,,1777560209435681,1777560209459661,1777560209435681,1777560209459661,,,,client-3-3,Insert,1306507,200,23980
client,client_request,completed,1777560209485614,3,,,1777560209459778,1777560209485614,1777560209459778,1777560209485614,,,,client-3-3,Insert,-11661906,200,25836
client,client_request,completed,1777560209514426,3,,,1777560209485836,1777560209514426,1777560209485836,1777560209514426,,,,client-3-3,Insert,10476130,200,28590
client,client_request,completed,1777560209537707,3,,,1777560209514762,1777560209537707,1777560209514762,1777560209537707,,,,client-3-3,Remove,8349503,200,22945
client,client_request,completed,1777560209560856,3,,,1777560209537843,1777560209560856,1777560209537843,1777560209560856,,,,client-3-3,Remove,8337753,200,23013
client,client_request,completed,1777560209580924,3,,,1777560209560985,1777560209580924,1777560209560985,1777560209580924,,,,client-3-3,Remove,-12406610,200,19939
client,client_request,completed,1777560209602142,3,,,1777560209581038,1777560209602142,1777560209581038,1777560209602142,,,,client-3-3,Insert,-3268147,200,21104
client,client_request,completed,1777560209623693,3,,,1777560209602248,1777560209623693,1777560209602248,1777560209623693,,,,client-3-3,Remove,16310254,200,21445
client,client_request,completed,1777560209647200,3,,,1777560209623905,1777560209647200,1777560209623905,1777560209647200,,,,client-3-3,Remove,-670155,200,23295
client,client_request,completed,1777560209671168,3,,,1777560209647631,1777560209671168,1777560209647631,1777560209671168,,,,client-3-3,Insert,2173596,200,23537
client,client_request,completed,1777560209696106,3,,,1777560209671278,1777560209696106,1777560209671278,1777560209696106,,,,client-3-3,Insert,-9196599,200,24828
client,client_request,completed,1777560209725332,3,,,1777560209696507,1777560209725332,1777560209696507,1777560209725332,,,,client-3-3,Insert,-5725201,200,28825
client,client_request,completed,1777560209760753,3,,,1777560209726627,1777560209760753,1777560209726627,1777560209760753,,,,client-3-3,Insert,12878872,200,34126
client,client_request,completed,1777560209849847,3,,,1777560209764711,1777560209849847,1777560209764711,1777560209849847,,,,client-3-3,Remove,5929354,200,85136
client,client_request,completed,1777560209880646,3,,,1777560209851469,1777560209880646,1777560209851469,1777560209880646,,,,client-3-3,Remove,10378587,200,29177
client,client_request,completed,1777560209954649,3,,,1777560209880772,1777560209954649,1777560209880772,1777560209954649,,,,client-3-3,Insert,5226140,200,73877
client,client_request,completed,1777560209993459,3,,,1777560209962891,1777560209993459,1777560209962891,1777560209993459,,,,client-3-3,Remove,3033237,200,30568
client,client_request,completed,1777560210045272,3,,,1777560209996002,1777560210045272,1777560209996002,1777560210045272,,,,client-3-3,Remove,-15546911,200,49270
client,client_request,completed,1777560210091303,3,,,1777560210055359,1777560210091303,1777560210055359,1777560210091303,,,,client-3-3,Insert,-14399784,200,35944
client,client_request,completed,1777560210125141,3,,,1777560210091412,1777560210125141,1777560210091412,1777560210125141,,,,client-3-3,Insert,-1119845,200,33729
client,client_request,completed,1777560210165406,3,,,1777560210126032,1777560210165406,1777560210126032,1777560210165406,,,,client-3-3,Insert,-9020354,200,39374
client,client_request,completed,1777560210189662,3,,,1777560210169886,1777560210189662,1777560210169886,1777560210189662,,,,client-3-3,Remove,1856602,200,19776
client,client_request,completed,1777560210223150,3,,,1777560210194576,1777560210223150,1777560210194576,1777560210223150,,,,client-3-3,Remove,10939398,200,28574
client,client_request,completed,1777560210243222,3,,,1777560210230602,1777560210243222,1777560210230602,1777560210243222,,,,client-3-3,Insert,-2843381,200,12620
client,client_request,completed,1777560210266949,3,,,1777560210245068,1777560210266949,1777560210245068,1777560210266949,,,,client-3-3,Insert,9813777,200,21881
client,client_request,completed,1777560210300767,3,,,1777560210267070,1777560210300767,1777560210267070,1777560210300767,,,,client-3-3,Remove,6022702,200,33697
client,client_request,completed,1777560210328335,3,,,1777560210301658,1777560210328335,1777560210301658,1777560210328335,,,,client-3-3,Remove,11797283,200,26677
client,client_request,completed,1777560210348239,3,,,1777560210329315,1777560210348239,1777560210329315,1777560210348239,,,,client-3-3,Remove,-7318755,200,18924
client,client_request,completed,1777560210368817,3,,,1777560210348946,1777560210368817,1777560210348946,1777560210368817,,,,client-3-3,Remove,-3723089,200,19871
client,client_request,completed,1777560210425947,3,,,1777560210370020,1777560210425947,1777560210370020,1777560210425947,,,,client-3-3,Remove,5772417,200,55927
client,client_request,completed,1777560210448086,3,,,1777560210426097,1777560210448086,1777560210426097,1777560210448086,,,,client-3-3,Remove,-14272464,200,21989
client,client_request,completed,1777560210510771,3,,,1777560210461070,1777560210510771,1777560210461070,1777560210510771,,,,client-3-3,Remove,16562069,200,49701
client,client_request,completed,1777560210536364,3,,,1777560210510867,1777560210536364,1777560210510867,1777560210536364,,,,client-3-3,Remove,1526217,200,25497
client,client_request,completed,1777560210575410,3,,,1777560210540390,1777560210575410,1777560210540390,1777560210575410,,,,client-3-3,Remove,-7467031,200,35020
client,client_request,completed,1777560210606444,3,,,1777560210576894,1777560210606444,1777560210576894,1777560210606444,,,,client-3-3,Insert,9650976,200,29550
client,client_request,completed,1777560210622640,3,,,1777560210606550,1777560210622640,1777560210606550,1777560210622640,,,,client-3-3,Insert,10400615,200,16090
client,client_request,completed,1777560210674019,3,,,1777560210624974,1777560210674019,1777560210624974,1777560210674019,,,,client-3-3,Insert,9053551,200,49045
client,client_request,completed,1777560210694639,3,,,1777560210677625,1777560210694639,1777560210677625,1777560210694639,,,,client-3-3,Remove,15237640,200,17014
client,client_request,completed,1777560210732452,3,,,1777560210694722,1777560210732452,1777560210694722,1777560210732452,,,,client-3-3,Insert,9082655,200,37730
client,client_request,completed,1777560210786782,3,,,1777560210732508,1777560210786782,1777560210732508,1777560210786782,,,,client-3-3,Insert,13381415,200,54274
client,client_request,completed,1777560210864939,3,,,1777560210786902,1777560210864939,1777560210786902,1777560210864939,,,,client-3-3,Insert,-1330858,200,78037
client,client_request,completed,1777560210904673,3,,,1777560210865073,1777560210904673,1777560210865073,1777560210904673,,,,client-3-3,Remove,-69764,200,39600
client,client_request,completed,1777560210948779,3,,,1777560210906271,1777560210948779,1777560210906271,1777560210948779,,,,client-3-3,Remove,4206946,200,42508
client,client_request,completed,1777560210968851,3,,,1777560210951260,1777560210968851,1777560210951260,1777560210968851,,,,client-3-3,Remove,6943110,200,17591
client,client_request,completed,1777560210999306,3,,,1777560210979721,1777560210999306,1777560210979721,1777560210999306,,,,client-3-3,Insert,12258195,200,19585
client,client_request,completed,1777560211022478,3,,,1777560210999378,1777560211022478,1777560210999378,1777560211022478,,,,client-3-3,Insert,15312074,200,23100
client,client_request,completed,1777560211052723,3,,,1777560211022553,1777560211052723,1777560211022553,1777560211052723,,,,client-3-3,Remove,7208338,200,30170
client,client_request,completed,1777560211080155,3,,,1777560211053902,1777560211080155,1777560211053902,1777560211080155,,,,client-3-3,Remove,-3677181,200,26253
client,client_request,completed,1777560211101694,3,,,1777560211082143,1777560211101694,1777560211082143,1777560211101694,,,,client-3-3,Insert,-3471224,200,19551
client,client_request,completed,1777560211134607,3,,,1777560211102947,1777560211134607,1777560211102947,1777560211134607,,,,client-3-3,Insert,-4875403,200,31660
client,client_request,completed,1777560211168548,3,,,1777560211134706,1777560211168548,1777560211134706,1777560211168548,,,,client-3-3,Insert,-5907789,200,33842
client,client_request,completed,1777560211181312,3,,,1777560211168650,1777560211181312,1777560211168650,1777560211181312,,,,client-3-3,Remove,11376776,200,12662
client,client_request,completed,1777560211205922,3,,,1777560211186878,1777560211205922,1777560211186878,1777560211205922,,,,client-3-3,Remove,4097949,200,19044
client,client_request,completed,1777560211227235,3,,,1777560211205990,1777560211227235,1777560211205990,1777560211227235,,,,client-3-3,Insert,93588,200,21245
client,client_request,completed,1777560211254194,3,,,1777560211227340,1777560211254194,1777560211227340,1777560211254194,,,,client-3-3,Remove,-10806520,200,26854
client,client_request,completed,1777560211284325,3,,,1777560211255338,1777560211284325,1777560211255338,1777560211284325,,,,client-3-3,Insert,-12230541,200,28987
client,client_request,completed,1777560211317442,3,,,1777560211287257,1777560211317442,1777560211287257,1777560211317442,,,,client-3-3,Insert,-4451613,200,30185
client,client_request,completed,1777560211341250,3,,,1777560211317577,1777560211341250,1777560211317577,1777560211341250,,,,client-3-3,Remove,8026212,200,23673
client,client_request,completed,1777560211373406,3,,,1777560211343007,1777560211373406,1777560211343007,1777560211373406,,,,client-3-3,Insert,-1542895,200,30399
client,client_request,completed,1777560211403051,3,,,1777560211373531,1777560211403051,1777560211373531,1777560211403051,,,,client-3-3,Insert,11446554,200,29520
client,client_request,completed,1777560211427478,3,,,1777560211405548,1777560211427478,1777560211405548,1777560211427478,,,,client-3-3,Remove,-11253447,200,21930
client,client_request,completed,1777560211463831,3,,,1777560211427525,1777560211463831,1777560211427525,1777560211463831,,,,client-3-3,Remove,-8610251,200,36306
client,client_request,completed,1777560211494330,3,,,1777560211463931,1777560211494330,1777560211463931,1777560211494330,,,,client-3-3,Remove,8950921,200,30399
client,client_request,completed,1777560211524793,3,,,1777560211494434,1777560211524793,1777560211494434,1777560211524793,,,,client-3-3,Insert,-11326954,200,30359
client,client_request,completed,1777560211556127,3,,,1777560211524890,1777560211556127,1777560211524890,1777560211556127,,,,client-3-3,Insert,4085780,200,31237
client,client_request,completed,1777560211580578,3,,,1777560211558908,1777560211580578,1777560211558908,1777560211580578,,,,client-3-3,Remove,-15890217,200,21670
client,client_request,completed,1777560211624003,3,,,1777560211582770,1777560211624003,1777560211582770,1777560211624003,,,,client-3-3,Remove,-11533555,200,41233
client,client_request,completed,1777560211653490,3,,,1777560211626521,1777560211653490,1777560211626521,1777560211653490,,,,client-3-3,Insert,-15288474,200,26969
client,client_request,completed,1777560211713973,3,,,1777560211656946,1777560211713973,1777560211656946,1777560211713973,,,,client-3-3,Remove,7147150,200,57027
client,client_request,completed,1777560211764868,3,,,1777560211714080,1777560211764868,1777560211714080,1777560211764868,,,,client-3-3,Insert,2212231,200,50788
client,client_request,completed,1777560211858427,3,,,1777560211767926,1777560211858427,1777560211767926,1777560211858427,,,,client-3-3,Insert,-5627195,200,90501
client,client_request,completed,1777560211885443,3,,,1777560211858549,1777560211885443,1777560211858549,1777560211885443,,,,client-3-3,Insert,7460884,200,26894
client,client_request,completed,1777560211921589,3,,,1777560211889177,1777560211921589,1777560211889177,1777560211921589,,,,client-3-3,Remove,-2009114,200,32412
client,client_request,completed,1777560211964941,3,,,1777560211923657,1777560211964941,1777560211923657,1777560211964941,,,,client-3-3,Remove,-12729539,200,41284
client,client_request,completed,1777560212012132,3,,,1777560211973965,1777560212012132,1777560211973965,1777560212012132,,,,client-3-3,Insert,-288256,200,38167
client,client_request,completed,1777560212063255,3,,,1777560212014003,1777560212063255,1777560212014003,1777560212063255,,,,client-3-3,Remove,1183902,200,49252
client,client_request,completed,1777560212093906,3,,,1777560212063382,1777560212093906,1777560212063382,1777560212093906,,,,client-3-3,Insert,8378957,200,30524
client,client_request,completed,1777560212133726,3,,,1777560212094654,1777560212133726,1777560212094654,1777560212133726,,,,client-3-3,Insert,3896080,200,39072
client,client_request,completed,1777560212182956,3,,,1777560212133852,1777560212182956,1777560212133852,1777560212182956,,,,client-3-3,Insert,1573257,200,49104
client,client_request,completed,1777560212218881,3,,,1777560212183062,1777560212218881,1777560212183062,1777560212218881,,,,client-3-3,Remove,6086656,200,35819
client,client_request,completed,1777560212245953,3,,,1777560212218996,1777560212245953,1777560212218996,1777560212245953,,,,client-3-3,Insert,-11722515,200,26957
client,client_request,completed,1777560212265261,3,,,1777560212246082,1777560212265261,1777560212246082,1777560212265261,,,,client-3-3,Insert,-3785096,200,19179
client,client_request,completed,1777560212282774,3,,,1777560212265382,1777560212282774,1777560212265382,1777560212282774,,,,client-3-3,Insert,6855609,200,17392
client,client_request,completed,1777560212319367,3,,,1777560212282886,1777560212319367,1777560212282886,1777560212319367,,,,client-3-3,Remove,-12208097,200,36481
client,client_request,completed,1777560212350587,3,,,1777560212321885,1777560212350587,1777560212321885,1777560212350587,,,,client-3-3,Remove,-1200138,200,28702
client,client_request,completed,1777560212389810,3,,,1777560212352489,1777560212389810,1777560212352489,1777560212389810,,,,client-3-3,Insert,-5490826,200,37321
client,client_request,completed,1777560212421073,3,,,1777560212392226,1777560212421073,1777560212392226,1777560212421073,,,,client-3-3,Insert,-11369395,200,28847
client,client_request,completed,1777560212467887,3,,,1777560212423416,1777560212467887,1777560212423416,1777560212467887,,,,client-3-3,Remove,5740205,200,44471
client,client_request,completed,1777560212499652,3,,,1777560212470077,1777560212499652,1777560212470077,1777560212499652,,,,client-3-3,Insert,-9084389,200,29575
client,client_request,completed,1777560212546656,3,,,1777560212506242,1777560212546656,1777560212506242,1777560212546656,,,,client-3-3,Insert,3703790,200,40414
client,client_request,completed,1777560212570700,3,,,1777560212546743,1777560212570700,1777560212546743,1777560212570700,,,,client-3-3,Remove,1389261,200,23957
client,client_request,completed,1777560212593185,3,,,1777560212572210,1777560212593185,1777560212572210,1777560212593185,,,,client-3-3,Insert,-14932223,200,20975
client,client_request,completed,1777560212632425,3,,,1777560212597146,1777560212632425,1777560212597146,1777560212632425,,,,client-3-3,Insert,-7255432,200,35279
client,client_request,completed,1777560212663569,3,,,1777560212641276,1777560212663569,1777560212641276,1777560212663569,,,,client-3-3,Remove,12057361,200,22293
client,client_request,completed,1777560212695224,3,,,1777560212665876,1777560212695224,1777560212665876,1777560212695224,,,,client-3-3,Insert,772802,200,29348
client,client_request,completed,1777560212718457,3,,,1777560212695303,1777560212718457,1777560212695303,1777560212718457,,,,client-3-3,Remove,5424100,200,23154
client,client_request,completed,1777560212753343,3,,,1777560212718557,1777560212753343,1777560212718557,1777560212753343,,,,client-3-3,Insert,154635,200,34786
client,client_request,completed,1777560212847597,3,,,1777560212758371,1777560212847597,1777560212758371,1777560212847597,,,,client-3-3,Insert,-13585350,200,89226
client,client_request,completed,1777560212887531,3,,,1777560212850798,1777560212887531,1777560212850798,1777560212887531,,,,client-3-3,Remove,3460788,200,36733
client,client_request,completed,1777560212919425,3,,,1777560212892993,1777560212919425,1777560212892993,1777560212919425,,,,client-3-3,Insert,-3697798,200,26432
client,client_request,completed,1777560212959554,3,,,1777560212919578,1777560212959554,1777560212919578,1777560212959554,,,,client-3-3,Insert,-10745197,200,39976
client,client_request,completed,1777560212991671,3,,,1777560212960755,1777560212991671,1777560212960755,1777560212991671,,,,client-3-3,Insert,-2231744,200,30916
client,client_request,completed,1777560213033817,3,,,1777560212993521,1777560213033817,1777560212993521,1777560213033817,,,,client-3-3,Remove,-10704061,200,40296
client,client_request,completed,1777560213058170,3,,,1777560213034914,1777560213058170,1777560213034914,1777560213058170,,,,client-3-3,Insert,-8691643,200,23256
client,client_request,completed,1777560213082699,3,,,1777560213058280,1777560213082699,1777560213058280,1777560213082699,,,,client-3-3,Remove,-10032831,200,24419
client,client_request,completed,1777560213113229,3,,,1777560213083730,1777560213113229,1777560213083730,1777560213113229,,,,client-3-3,Insert,13826662,200,29499
client,client_request,completed,1777560213162748,3,,,1777560213114654,1777560213162748,1777560213114654,1777560213162748,,,,client-3-3,Insert,5874046,200,48094
client,client_request,completed,1777560213202611,3,,,1777560213162864,1777560213202611,1777560213162864,1777560213202611,,,,client-3-3,Remove,-6875245,200,39747
client,client_request,completed,1777560213243155,3,,,1777560213204925,1777560213243155,1777560213204925,1777560213243155,,,,client-3-3,Remove,5526537,200,38230
client,client_request,completed,1777560213259228,3,,,1777560213243269,1777560213259228,1777560213243269,1777560213259228,,,,client-3-3,Insert,-6225211,200,15959
client,client_request,completed,1777560213293939,3,,,1777560213261590,1777560213293939,1777560213261590,1777560213293939,,,,client-3-3,Insert,-12647995,200,32349
client,client_request,completed,1777560213320911,3,,,1777560213295815,1777560213320911,1777560213295815,1777560213320911,,,,client-3-3,Remove,4963298,200,25096
client,client_request,completed,1777560213339673,3,,,1777560213322449,1777560213339673,1777560213322449,1777560213339673,,,,client-3-3,Insert,7940375,200,17224
client,client_request,completed,1777560213371604,3,,,1777560213340817,1777560213371604,1777560213340817,1777560213371604,,,,client-3-3,Insert,-4600644,200,30787
client,client_request,completed,1777560213406348,3,,,1777560213371720,1777560213406348,1777560213371720,1777560213406348,,,,client-3-3,Remove,-9984962,200,34628
client,client_request,completed,1777560213436390,3,,,1777560213406479,1777560213436390,1777560213406479,1777560213436390,,,,client-3-3,Remove,10823538,200,29911
client,client_request,completed,1777560213474364,3,,,1777560213437968,1777560213474364,1777560213437968,1777560213474364,,,,client-3-3,Remove,13098997,200,36396
client,client_request,completed,1777560213510590,3,,,1777560213479535,1777560213510590,1777560213479535,1777560213510590,,,,client-3-3,Insert,12405531,200,31055
client,client_request,completed,1777560213540860,3,,,1777560213512035,1777560213540860,1777560213512035,1777560213540860,,,,client-3-3,Insert,-15032202,200,28825
client,client_request,completed,1777560213567340,3,,,1777560213542067,1777560213567340,1777560213542067,1777560213567340,,,,client-3-3,Insert,2899717,200,25273
client,client_request,completed,1777560213599581,3,,,1777560213567863,1777560213599581,1777560213567863,1777560213599581,,,,client-3-3,Remove,-13613315,200,31718
client,client_request,completed,1777560213632159,3,,,1777560213600723,1777560213632159,1777560213600723,1777560213632159,,,,client-3-3,Insert,-11952129,200,31436
client,client_request,completed,1777560213671475,3,,,1777560213634942,1777560213671475,1777560213634942,1777560213671475,,,,client-3-3,Insert,-15760366,200,36533
client,client_request,completed,1777560213711979,3,,,1777560213673105,1777560213711979,1777560213673105,1777560213711979,,,,client-3-3,Remove,13141521,200,38874
client,client_request,completed,1777560213777608,3,,,1777560213712058,1777560213777608,1777560213712058,1777560213777608,,,,client-3-3,Remove,1653237,200,65550
client,client_request,completed,1777560213876637,3,,,1777560213781022,1777560213876637,1777560213781022,1777560213876637,,,,client-3-3,Insert,3945879,200,95615
client,client_request,completed,1777560213902553,3,,,1777560213878757,1777560213902553,1777560213878757,1777560213902553,,,,client-3-3,Insert,7511648,200,23796
client,client_request,completed,1777560213958899,3,,,1777560213907781,1777560213958899,1777560213907781,1777560213958899,,,,client-3-3,Insert,-13207394,200,51118
client,client_request,completed,1777560213999445,3,,,1777560213959040,1777560213999445,1777560213959040,1777560213999445,,,,client-3-3,Remove,14671516,200,40405
client,client_request,completed,1777560214041486,3,,,1777560213999559,1777560214041486,1777560213999559,1777560214041486,,,,client-3-3,Remove,-16459001,200,41927
client,client_request,completed,1777560214078390,3,,,1777560214042804,1777560214078390,1777560214042804,1777560214078390,,,,client-3-3,Insert,11918669,200,35586
client,client_request,completed,1777560214113741,3,,,1777560214078497,1777560214113741,1777560214078497,1777560214113741,,,,client-3-3,Insert,-1651246,200,35244
client,client_request,completed,1777560214147472,3,,,1777560214114986,1777560214147472,1777560214114986,1777560214147472,,,,client-3-3,Remove,-2192426,200,32486
client,client_request,completed,1777560214183641,3,,,1777560214149636,1777560214183641,1777560214149636,1777560214183641,,,,client-3-3,Remove,13587499,200,34005
client,client_request,completed,1777560214245391,3,,,1777560214183745,1777560214245391,1777560214183745,1777560214245391,,,,client-3-3,Insert,7164604,200,61646
client,client_request,completed,1777560214275341,3,,,1777560214245576,1777560214275341,1777560214245576,1777560214275341,,,,client-3-3,Insert,6412029,200,29765
client,client_request,completed,1777560214309513,3,,,1777560214275442,1777560214309513,1777560214275442,1777560214309513,,,,client-3-3,Insert,686458,200,34071
client,client_request,completed,1777560214346864,3,,,1777560214309615,1777560214346864,1777560214309615,1777560214346864,,,,client-3-3,Insert,14478699,200,37249
client,client_request,completed,1777560214384465,3,,,1777560214347054,1777560214384465,1777560214347054,1777560214384465,,,,client-3-3,Remove,10611242,200,37411
client,client_request,completed,1777560214424090,3,,,1777560214384709,1777560214424090,1777560214384709,1777560214424090,,,,client-3-3,Insert,5446139,200,39381
client,client_request,completed,1777560214462997,3,,,1777560214424930,1777560214462997,1777560214424930,1777560214462997,,,,client-3-3,Remove,-6366339,200,38067
client,client_request,completed,1777560214503702,3,,,1777560214463248,1777560214503702,1777560214463248,1777560214503702,,,,client-3-3,Remove,-4835209,200,40454
client,client_request,completed,1777560214540084,3,,,1777560214503971,1777560214540084,1777560214503971,1777560214540084,,,,client-3-3,Remove,3232698,200,36113
client,client_request,completed,1777560214570919,3,,,1777560214540225,1777560214570919,1777560214540225,1777560214570919,,,,client-3-3,Insert,-10792249,200,30694
client,client_request,completed,1777560214604274,3,,,1777560214571126,1777560214604274,1777560214571126,1777560214604274,,,,client-3-3,Remove,-5289011,200,33148
client,client_request,completed,1777560214641615,3,,,1777560214604846,1777560214641615,1777560214604846,1777560214641615,,,,client-3-3,Insert,-6832830,200,36769
client,client_request,completed,1777560214680122,3,,,1777560214641791,1777560214680122,1777560214641791,1777560214680122,,,,client-3-3,Insert,932616,200,38331
client,client_request,completed,1777560214720256,3,,,1777560214680608,1777560214720256,1777560214680608,1777560214720256,,,,client-3-3,Insert,6267759,200,39648
client,client_request,completed,1777560214758924,3,,,1777560214720371,1777560214758924,1777560214720371,1777560214758924,,,,client-3-3,Insert,12460187,200,38553
client,client_request,completed,1777560214862649,3,,,1777560214759032,1777560214862649,1777560214759032,1777560214862649,,,,client-3-3,Insert,-11077489,200,103617
client,client_request,completed,1777560214907082,3,,,1777560214862753,1777560214907082,1777560214862753,1777560214907082,,,,client-3-3,Insert,6095810,200,44329
client,client_request,completed,1777560214946968,3,,,1777560214907815,1777560214946968,1777560214907815,1777560214946968,,,,client-3-3,Insert,12774966,200,39153
client,client_request,completed,1777560214990291,3,,,1777560214947275,1777560214990291,1777560214947275,1777560214990291,,,,client-3-3,Remove,11293959,200,43016
client,client_request,completed,1777560215031642,3,,,1777560214990924,1777560215031642,1777560214990924,1777560215031642,,,,client-3-3,Remove,-1968749,200,40718
client,client_request,completed,1777560215073340,3,,,1777560215031777,1777560215073340,1777560215031777,1777560215073340,,,,client-3-3,Remove,-658598,200,41563
client,client_request,completed,1777560215116125,3,,,1777560215073471,1777560215116125,1777560215073471,1777560215116125,,,,client-3-3,Insert,4481386,200,42654
client,client_request,completed,1777560215155099,3,,,1777560215116567,1777560215155099,1777560215116567,1777560215155099,,,,client-3-3,Insert,939081,200,38532
client,client_request,completed,1777560215197653,3,,,1777560215155223,1777560215197653,1777560215155223,1777560215197653,,,,client-3-3,Remove,7252327,200,42430
client,client_request,completed,1777560215233853,3,,,1777560215197766,1777560215233853,1777560215197766,1777560215233853,,,,client-3-3,Insert,-13704176,200,36087
client,client_request,completed,1777560215265691,3,,,1777560215233957,1777560215265691,1777560215233957,1777560215265691,,,,client-3-3,Remove,-2212523,200,31734
client,client_request,completed,1777560215300323,3,,,1777560215265799,1777560215300323,1777560215265799,1777560215300323,,,,client-3-3,Insert,968603,200,34524
client,client_request,completed,1777560215338927,3,,,1777560215300429,1777560215338927,1777560215300429,1777560215338927,,,,client-3-3,Remove,231027,200,38498
client,client_request,completed,1777560215378902,3,,,1777560215339273,1777560215378902,1777560215339273,1777560215378902,,,,client-3-3,Insert,12065629,200,39629
client,client_request,completed,1777560215418094,3,,,1777560215379012,1777560215418094,1777560215379012,1777560215418094,,,,client-3-3,Insert,7888332,200,39082
client,client_request,completed,1777560215458141,3,,,1777560215418198,1777560215458141,1777560215418198,1777560215458141,,,,client-3-3,Insert,6021964,200,39943
client,client_request,completed,1777560215497847,3,,,1777560215458486,1777560215497847,1777560215458486,1777560215497847,,,,client-3-3,Insert,-11823724,200,39361
client,client_request,completed,1777560215535042,3,,,1777560215497961,1777560215535042,1777560215497961,1777560215535042,,,,client-3-3,Remove,305323,200,37081
client,client_request,completed,1777560215568429,3,,,1777560215535157,1777560215568429,1777560215535157,1777560215568429,,,,client-3-3,Remove,-10719133,200,33272
client,client_request,completed,1777560215600271,3,,,1777560215568568,1777560215600271,1777560215568568,1777560215600271,,,,client-3-3,Insert,-8974882,200,31703
client,client_request,completed,1777560215634322,3,,,1777560215600380,1777560215634322,1777560215600380,1777560215634322,,,,client-3-3,Insert,4558744,200,33942
client,client_request,completed,1777560215671660,3,,,1777560215634690,1777560215671660,1777560215634690,1777560215671660,,,,client-3-3,Insert,7793068,200,36970
client,client_request,completed,1777560215711650,3,,,1777560215671758,1777560215711650,1777560215671758,1777560215711650,,,,client-3-3,Remove,4862719,200,39892
client,client_request,completed,1777560215751934,3,,,1777560215711763,1777560215751934,1777560215711763,1777560215751934,,,,client-3-3,Remove,1344852,200,40171
client,client_request,completed,1777560215856378,3,,,1777560215752039,1777560215856378,1777560215752039,1777560215856378,,,,client-3-3,Remove,5964792,200,104339
client,client_request,completed,1777560215897926,3,,,1777560215856529,1777560215897926,1777560215856529,1777560215897926,,,,client-3-3,Insert,4036878,200,41397
client,client_request,completed,1777560215938298,3,,,1777560215898031,1777560215938298,1777560215898031,1777560215938298,,,,client-3-3,Insert,-14946425,200,40267
client,client_request,completed,1777560215979197,3,,,1777560215938403,1777560215979197,1777560215938403,1777560215979197,,,,client-3-3,Insert,13996683,200,40794
client,client_request,completed,1777560216019470,3,,,1777560215979467,1777560216019470,1777560215979467,1777560216019470,,,,client-3-3,Remove,-3134841,200,40003
client,client_request,completed,1777560216058457,3,,,1777560216019634,1777560216058457,1777560216019634,1777560216058457,,,,client-3-3,Insert,-14102646,200,38823
client,client_request,completed,1777560216099890,3,,,1777560216058833,1777560216099890,1777560216058833,1777560216099890,,,,client-3-3,Insert,16485585,200,41057
client,client_request,completed,1777560216141284,3,,,1777560216100062,1777560216141284,1777560216100062,1777560216141284,,,,client-3-3,Remove,11786111,200,41222
client,client_request,completed,1777560216182357,3,,,1777560216141489,1777560216182357,1777560216141489,1777560216182357,,,,client-3-3,Insert,5144062,200,40868
client,client_request,completed,1777560216223760,3,,,1777560216182830,1777560216223760,1777560216182830,1777560216223760,,,,client-3-3,Insert,-12617322,200,40930
client,client_request,completed,1777560216257407,3,,,1777560216224650,1777560216257407,1777560216224650,1777560216257407,,,,client-3-3,Remove,-13360239,200,32757
client,client_request,completed,1777560216293235,3,,,1777560216257512,1777560216293235,1777560216257512,1777560216293235,,,,client-3-3,Insert,5757454,200,35723
client,client_request,completed,1777560216332594,3,,,1777560216293403,1777560216332594,1777560216293403,1777560216332594,,,,client-3-3,Remove,-16339076,200,39191
client,client_request,completed,1777560216373010,3,,,1777560216333165,1777560216373010,1777560216333165,1777560216373010,,,,client-3-3,Remove,-12547126,200,39845
client,client_request,completed,1777560216413730,3,,,1777560216373157,1777560216413730,1777560216373157,1777560216413730,,,,client-3-3,Insert,-7226781,200,40573
client,client_request,completed,1777560216455214,3,,,1777560216413935,1777560216455214,1777560216413935,1777560216455214,,,,client-3-3,Insert,-6199264,200,41279
client,client_request,completed,1777560216497360,3,,,1777560216455321,1777560216497360,1777560216455321,1777560216497360,,,,client-3-3,Remove,13285349,200,42039
client,client_request,completed,1777560216533573,3,,,1777560216497479,1777560216533573,1777560216497479,1777560216533573,,,,client-3-3,Insert,-13823340,200,36094
client,client_request,completed,1777560216566988,3,,,1777560216533873,1777560216566988,1777560216533873,1777560216566988,,,,client-3-3,Remove,14064573,200,33115
client,client_request,completed,1777560216606478,3,,,1777560216567128,1777560216606478,1777560216567128,1777560216606478,,,,client-3-3,Insert,-13729956,200,39350
client,client_request,completed,1777560216646705,3,,,1777560216607182,1777560216646705,1777560216607182,1777560216646705,,,,client-3-3,Insert,-5779154,200,39523
client,client_request,completed,1777560216686849,3,,,1777560216647013,1777560216686849,1777560216647013,1777560216686849,,,,client-3-3,Remove,15684757,200,39836
client,client_request,completed,1777560216727010,3,,,1777560216687225,1777560216727010,1777560216687225,1777560216727010,,,,client-3-3,Insert,-14489914,200,39785
client,client_request,completed,1777560216767821,3,,,1777560216727116,1777560216767821,1777560216727116,1777560216767821,,,,client-3-3,Remove,875341,200,40705
client,client_request,completed,1777560216875361,3,,,1777560216768245,1777560216875361,1777560216768245,1777560216875361,,,,client-3-3,Remove,1839946,200,107116
client,client_request,completed,1777560216919442,3,,,1777560216875496,1777560216919442,1777560216875496,1777560216919442,,,,client-3-3,Insert,16695231,200,43946
client,client_request,completed,1777560216961324,3,,,1777560216919568,1777560216961324,1777560216919568,1777560216961324,,,,client-3-3,Remove,-10511944,200,41756
client,client_request,completed,1777560217005029,3,,,1777560216961450,1777560217005029,1777560216961450,1777560217005029,,,,client-3-3,Remove,15236533,200,43579
client,client_request,completed,1777560217047548,3,,,1777560217005207,1777560217047548,1777560217005207,1777560217047548,,,,client-3-3,Insert,-4669458,200,42341
client,client_request,completed,1777560217090539,3,,,1777560217047901,1777560217090539,1777560217047901,1777560217090539,,,,client-3-3,Insert,-15013980,200,42638
client,client_request,completed,1777560217133254,3,,,1777560217090655,1777560217133254,1777560217090655,1777560217133254,,,,client-3-3,Remove,11229247,200,42599
client,client_request,completed,1777560217176445,3,,,1777560217133351,1777560217176445,1777560217133351,1777560217176445,,,,client-3-3,Remove,-9645447,200,43094
client,client_request,completed,1777560217218756,3,,,1777560217176556,1777560217218756,1777560217176556,1777560217218756,,,,client-3-3,Remove,5989426,200,42200
client,client_request,completed,1777560217252926,3,,,1777560217219160,1777560217252926,1777560217219160,1777560217252926,,,,client-3-3,Insert,-8538448,200,33766
client,client_request,completed,1777560217289390,3,,,1777560217253146,1777560217289390,1777560217253146,1777560217289390,,,,client-3-3,Insert,-10286282,200,36244
client,client_request,completed,1777560217330961,3,,,1777560217289532,1777560217330961,1777560217289532,1777560217330961,,,,client-3-3,Insert,-13631341,200,41429
client,client_request,completed,1777560217372525,3,,,1777560217331165,1777560217372525,1777560217331165,1777560217372525,,,,client-3-3,Insert,-15740302,200,41360
client,client_request,completed,1777560217415235,3,,,1777560217373030,1777560217415235,1777560217373030,1777560217415235,,,,client-3-3,Remove,-2352410,200,42205
client,client_request,completed,1777560217457858,3,,,1777560217415604,1777560217457858,1777560217415604,1777560217457858,,,,client-3-3,Remove,9323886,200,42254
client,client_request,completed,1777560217501153,3,,,1777560217457970,1777560217501153,1777560217457970,1777560217501153,,,,client-3-3,Insert,-15138140,200,43183
client,client_request,completed,1777560217539845,3,,,1777560217501489,1777560217539845,1777560217501489,1777560217539845,,,,client-3-3,Remove,-12223067,200,38356
client,client_request,completed,1777560217572820,3,,,1777560217539949,1777560217572820,1777560217539949,1777560217572820,,,,client-3-3,Insert,-8825956,200,32871
client,client_request,completed,1777560217612027,3,,,1777560217572949,1777560217612027,1777560217572949,1777560217612027,,,,client-3-3,Remove,113978,200,39078
client,client_request,completed,1777560217654270,3,,,1777560217612212,1777560217654270,1777560217612212,1777560217654270,,,,client-3-3,Remove,6156486,200,42058
client,client_request,completed,1777560217696829,3,,,1777560217654384,1777560217696829,1777560217654384,1777560217696829,,,,client-3-3,Insert,13991396,200,42445
client,client_request,completed,1777560217741116,3,,,1777560217697401,1777560217741116,1777560217697401,1777560217741116,,,,client-3-3,Insert,3474001,200,43715
client,client_request,completed,1777560217850801,3,,,1777560217741273,1777560217850801,1777560217741273,1777560217850801,,,,client-3-3,Insert,-9188241,200,109528
client,client_request,completed,1777560217893928,3,,,1777560217850914,1777560217893928,1777560217850914,1777560217893928,,,,client-3-3,Insert,15536771,200,43014
client,client_request,completed,1777560217936509,3,,,1777560217894112,1777560217936509,1777560217894112,1777560217936509,,,,client-3-3,Insert,-842988,200,42397
client,client_request,completed,1777560217976455,3,,,1777560217936625,1777560217976455,1777560217936625,1777560217976455,,,,client-3-3,Insert,-14088460,200,39830
client,client_request,completed,1777560218019470,3,,,1777560217976580,1777560218019470,1777560217976580,1777560218019470,,,,client-3-3,Remove,2957596,200,42890
client,client_request,completed,1777560218060711,3,,,1777560218019611,1777560218060711,1777560218019611,1777560218060711,,,,client-3-3,Remove,-16318491,200,41100
client,client_request,completed,1777560218101469,3,,,1777560218060922,1777560218101469,1777560218060922,1777560218101469,,,,client-3-3,Remove,10989453,200,40547
client,client_request,completed,1777560218144081,3,,,1777560218101564,1777560218144081,1777560218101564,1777560218144081,,,,client-3-3,Remove,7801699,200,42517
client,client_request,completed,1777560218185515,3,,,1777560218144578,1777560218185515,1777560218144578,1777560218185515,,,,client-3-3,Insert,8311852,200,40937
client,client_request,completed,1777560218226414,3,,,1777560218185623,1777560218226414,1777560218185623,1777560218226414,,,,client-3-3,Remove,-13267281,200,40791
client,client_request,completed,1777560218266591,3,,,1777560218226539,1777560218266591,1777560218226539,1777560218266591,,,,client-3-3,Insert,12329908,200,40052
client,client_request,completed,1777560218306372,3,,,1777560218266692,1777560218306372,1777560218266692,1777560218306372,,,,client-3-3,Remove,-4874702,200,39680
client,client_request,completed,1777560218347853,3,,,1777560218306591,1777560218347853,1777560218306591,1777560218347853,,,,client-3-3,Remove,10918390,200,41262
client,client_request,completed,1777560218390341,3,,,1777560218348083,1777560218390341,1777560218348083,1777560218390341,,,,client-3-3,Remove,16637932,200,42258
client,client_request,completed,1777560218433084,3,,,1777560218390500,1777560218433084,1777560218390500,1777560218433084,,,,client-3-3,Insert,-8828447,200,42584
client,client_request,completed,1777560218475964,3,,,1777560218433308,1777560218475964,1777560218433308,1777560218475964,,,,client-3-3,Remove,-617983,200,42656
client,client_request,completed,1777560218517497,3,,,1777560218476106,1777560218517497,1777560218476106,1777560218517497,,,,client-3-3,Insert,3185542,200,41391
client,client_request,completed,1777560218551203,3,,,1777560218517698,1777560218551203,1777560218517698,1777560218551203,,,,client-3-3,Remove,-16162675,200,33505
client,client_request,completed,1777560218585218,3,,,1777560218551310,1777560218585218,1777560218551310,1777560218585218,,,,client-3-3,Remove,-14345841,200,33908
client,client_request,completed,1777560218621606,3,,,1777560218585649,1777560218621606,1777560218585649,1777560218621606,,,,client-3-3,Remove,-11028087,200,35957
client,client_request,completed,1777560218658080,3,,,1777560218621711,1777560218658080,1777560218621711,1777560218658080,,,,client-3-3,Remove,-15734320,200,36369
client,client_request,completed,1777560218705196,3,,,1777560218658186,1777560218705196,1777560218658186,1777560218705196,,,,client-3-3,Insert,15660671,200,47010
client,client_request,completed,1777560218747831,3,,,1777560218705355,1777560218747831,1777560218705355,1777560218747831,,,,client-3-3,Insert,2240882,200,42476
client,client_request,completed,1777560218854129,3,,,1777560218748597,1777560218854129,1777560218748597,1777560218854129,,,,client-3-3,Insert,-2740378,200,105532
client,client_request,completed,1777560218897175,3,,,1777560218854240,1777560218897175,1777560218854240,1777560218897175,,,,client-3-3,Remove,691840,200,42935
client,client_request,completed,1777560218938655,3,,,1777560218897387,1777560218938655,1777560218897387,1777560218938655,,,,client-3-3,Insert,10018027,200,41268
client,client_request,completed,1777560218979823,3,,,1777560218938764,1777560218979823,1777560218938764,1777560218979823,,,,client-3-3,Remove,-3130780,200,41059
client,client_request,completed,1777560219019968,3,,,1777560218980027,1777560219019968,1777560218980027,1777560219019968,,,,client-3-3,Remove,6932817,200,39941
client,client_request,completed,1777560219062120,3,,,1777560219020069,1777560219062120,1777560219020069,1777560219062120,,,,client-3-3,Insert,-9156324,200,42051
client,client_request,completed,1777560219105418,3,,,1777560219062216,1777560219105418,1777560219062216,1777560219105418,,,,client-3-3,Remove,10944601,200,43202
client,client_request,completed,1777560219148504,3,,,1777560219105519,1777560219148504,1777560219105519,1777560219148504,,,,client-3-3,Insert,9695792,200,42985
client,client_request,completed,1777560219192515,3,,,1777560219148704,1777560219192515,1777560219148704,1777560219192515,,,,client-3-3,Insert,-2035076,200,43811
client,client_request,completed,1777560219235488,3,,,1777560219192724,1777560219235488,1777560219192724,1777560219235488,,,,client-3-3,Remove,-7593448,200,42764
client,client_request,completed,1777560219272095,3,,,1777560219235699,1777560219272095,1777560219235699,1777560219272095,,,,client-3-3,Insert,-3054839,200,36396
client,client_request,completed,1777560219318118,3,,,1777560219272219,1777560219318118,1777560219272219,1777560219318118,,,,client-3-3,Remove,4163541,200,45899
client,client_request,completed,1777560219361318,3,,,1777560219318290,1777560219361318,1777560219318290,1777560219361318,,,,client-3-3,Insert,197040,200,43028
client,client_request,completed,1777560219404197,3,,,1777560219361682,1777560219404197,1777560219361682,1777560219404197,,,,client-3-3,Remove,-1751605,200,42515
client,client_request,completed,1777560219447496,3,,,1777560219404318,1777560219447496,1777560219404318,1777560219447496,,,,client-3-3,Remove,-6493586,200,43178
client,client_request,completed,1777560219490639,3,,,1777560219447603,1777560219490639,1777560219447603,1777560219490639,,,,client-3-3,Insert,1405966,200,43036
client,client_request,completed,1777560219532055,3,,,1777560219490830,1777560219532055,1777560219490830,1777560219532055,,,,client-3-3,Remove,-8749917,200,41225
client,client_request,completed,1777560219566619,3,,,1777560219532214,1777560219566619,1777560219532214,1777560219566619,,,,client-3-3,Insert,8011344,200,34405
client,client_request,completed,1777560219605278,3,,,1777560219566851,1777560219605278,1777560219566851,1777560219605278,,,,client-3-3,Insert,1705141,200,38427
client,client_request,completed,1777560219647795,3,,,1777560219605395,1777560219647795,1777560219605395,1777560219647795,,,,client-3-3,Insert,13432194,200,42400
client,client_request,completed,1777560219691156,3,,,1777560219648563,1777560219691156,1777560219648563,1777560219691156,,,,client-3-3,Remove,16749367,200,42593
client,client_request,completed,1777560219732676,3,,,1777560219691428,1777560219732676,1777560219691428,1777560219732676,,,,client-3-3,Insert,-16277417,200,41248
client,client_request,completed,1777560219833242,3,,,1777560219732787,1777560219833242,1777560219732787,1777560219833242,,,,client-3-3,Remove,-9942228,200,100455
client,client_request,completed,1777560219879376,3,,,1777560219833393,1777560219879376,1777560219833393,1777560219879376,,,,client-3-3,Insert,1405355,200,45983
client,client_request,completed,1777560219926731,3,,,1777560219879482,1777560219926731,1777560219879482,1777560219926731,,,,client-3-3,Remove,8705149,200,47249
client,client_request,completed,1777560219969664,3,,,1777560219927465,1777560219969664,1777560219927465,1777560219969664,,,,client-3-3,Remove,674921,200,42199
client,client_request,completed,1777560220011952,3,,,1777560219969893,1777560220011952,1777560219969893,1777560220011952,,,,client-3-3,Remove,-8240933,200,42059
client,client_request,completed,1777560220055851,3,,,1777560220012089,1777560220055851,1777560220012089,1777560220055851,,,,client-3-3,Remove,15452230,200,43762
client,client_request,completed,1777560220099390,3,,,1777560220056269,1777560220099390,1777560220056269,1777560220099390,,,,client-3-3,Insert,-3247254,200,43121
client,client_request,completed,1777560220143632,3,,,1777560220099497,1777560220143632,1777560220099497,1777560220143632,,,,client-3-3,Remove,15697573,200,44135
client,client_request,completed,1777560220187517,3,,,1777560220143766,1777560220187517,1777560220143766,1777560220187517,,,,client-3-3,Insert,14150322,200,43751
client,client_request,completed,1777560220230294,3,,,1777560220187662,1777560220230294,1777560220187662,1777560220230294,,,,client-3-3,Insert,-13020149,200,42632
client,client_request,completed,1777560220268582,3,,,1777560220230401,1777560220268582,1777560220230401,1777560220268582,,,,client-3-3,Insert,-14003620,200,38181
client,client_request,completed,1777560220309363,3,,,1777560220269005,1777560220309363,1777560220269005,1777560220309363,,,,client-3-3,Remove,-7119111,200,40358
client,client_request,completed,1777560220352652,3,,,1777560220309465,1777560220352652,1777560220309465,1777560220352652,,,,client-3-3,Remove,3896706,200,43187
client,client_request,completed,1777560220395744,3,,,1777560220352789,1777560220395744,1777560220352789,1777560220395744,,,,client-3-3,Remove,2988516,200,42955
client,client_request,completed,1777560220439334,3,,,1777560220395863,1777560220439334,1777560220395863,1777560220439334,,,,client-3-3,Insert,8993429,200,43471
client,client_request,completed,1777560220482891,3,,,1777560220439546,1777560220482891,1777560220439546,1777560220482891,,,,client-3-3,Remove,-14069757,200,43345
client,client_request,completed,1777560220526764,3,,,1777560220483331,1777560220526764,1777560220483331,1777560220526764,,,,client-3-3,Remove,-10036857,200,43433
client,client_request,completed,1777560220568718,3,,,1777560220526871,1777560220568718,1777560220526871,1777560220568718,,,,client-3-3,Insert,497268,200,41847
client,client_request,completed,1777560220609848,3,,,1777560220569195,1777560220609848,1777560220569195,1777560220609848,,,,client-3-3,Remove,-5750047,200,40653
client,client_request,completed,1777560220652540,3,,,1777560220610090,1777560220652540,1777560220610090,1777560220652540,,,,client-3-3,Insert,-5337516,200,42450
client,client_request,completed,1777560220698070,3,,,1777560220653035,1777560220698070,1777560220653035,1777560220698070,,,,client-3-3,Insert,10283777,200,45035
client,client_request,completed,1777560220742051,3,,,1777560220698820,1777560220742051,1777560220698820,1777560220742051,,,,client-3-3,Insert,-904533,200,43231
client,client_request,completed,1777560220848316,3,,,1777560220742298,1777560220848316,1777560220742298,1777560220848316,,,,client-3-3,Remove,-3195006,200,106018
client,client_request,completed,1777560220895695,3,,,1777560220848481,1777560220895695,1777560220848481,1777560220895695,,,,client-3-3,Insert,888662,200,47214
client,client_request,completed,1777560220940842,3,,,1777560220896140,1777560220940842,1777560220896140,1777560220940842,,,,client-3-3,Insert,13417602,200,44702
client,client_request,completed,1777560220986601,3,,,1777560220940977,1777560220986601,1777560220940977,1777560220986601,,,,client-3-3,Insert,4603241,200,45624
client,client_request,completed,1777560221032870,3,,,1777560220986714,1777560221032870,1777560220986714,1777560221032870,,,,client-3-3,Insert,-10022764,200,46156
client,client_request,completed,1777560221080321,3,,,1777560221033026,1777560221080321,1777560221033026,1777560221080321,,,,client-3-3,Remove,-4657516,200,47295
client,client_request,completed,1777560221128368,3,,,1777560221080435,1777560221128368,1777560221080435,1777560221128368,,,,client-3-3,Remove,-3213833,200,47933
client,client_request,completed,1777560221174192,3,,,1777560221128603,1777560221174192,1777560221128603,1777560221174192,,,,client-3-3,Remove,12084562,200,45589
client,client_request,completed,1777560221220649,3,,,1777560221174296,1777560221220649,1777560221174296,1777560221220649,,,,client-3-3,Remove,-12901568,200,46353
client,client_request,completed,1777560221259592,3,,,1777560221220787,1777560221259592,1777560221220787,1777560221259592,,,,client-3-3,Insert,9762503,200,38805
client,client_request,completed,1777560221302179,3,,,1777560221259820,1777560221302179,1777560221259820,1777560221302179,,,,client-3-3,Remove,-151507,200,42359
client,client_request,completed,1777560221350204,3,,,1777560221302285,1777560221350204,1777560221302285,1777560221350204,,,,client-3-3,Remove,-11526014,200,47919
client,client_request,completed,1777560221397445,3,,,1777560221350310,1777560221397445,1777560221350310,1777560221397445,,,,client-3-3,Insert,11990772,200,47135
client,client_request,completed,1777560221445539,3,,,1777560221397559,1777560221445539,1777560221397559,1777560221445539,,,,client-3-3,Remove,-3504773,200,47980
client,client_request,completed,1777560221493020,3,,,1777560221445641,1777560221493020,1777560221445641,1777560221493020,,,,client-3-3,Insert,-143208,200,47379
client,client_request,completed,1777560221537973,3,,,1777560221493235,1777560221537973,1777560221493235,1777560221537973,,,,client-3-3,Remove,-15401595,200,44738
client,client_request,completed,1777560221577474,3,,,1777560221538107,1777560221577474,1777560221538107,1777560221577474,,,,client-3-3,Remove,2160384,200,39367
client,client_request,completed,1777560221620971,3,,,1777560221577591,1777560221620971,1777560221577591,1777560221620971,,,,client-3-3,Remove,-6113873,200,43380
client,client_request,completed,1777560221668295,3,,,1777560221621086,1777560221668295,1777560221621086,1777560221668295,,,,client-3-3,Remove,7629076,200,47209
client,client_request,completed,1777560221715861,3,,,1777560221668411,1777560221715861,1777560221668411,1777560221715861,,,,client-3-3,Remove,215735,200,47450
client,client_request,completed,1777560221763175,3,,,1777560221715957,1777560221763175,1777560221715957,1777560221763175,,,,client-3-3,Insert,-15072318,200,47218
client,client_request,completed,1777560221871710,3,,,1777560221763548,1777560221871710,1777560221763548,1777560221871710,,,,client-3-3,Insert,15257619,200,108162
client,client_request,completed,1777560221920657,3,,,1777560221871820,1777560221920657,1777560221871820,1777560221920657,,,,client-3-3,Remove,15946289,200,48837
client,client_request,completed,1777560221967996,3,,,1777560221920805,1777560221967996,1777560221920805,1777560221967996,,,,client-3-3,Remove,-9281273,200,47191
client,client_request,completed,1777560222016080,3,,,1777560221968705,1777560222016080,1777560221968705,1777560222016080,,,,client-3-3,Remove,2181668,200,47375
client,client_request,completed,1777560222064033,3,,,1777560222016588,1777560222064033,1777560222016588,1777560222064033,,,,client-3-3,Remove,-16219947,200,47445
client,client_request,completed,1777560222111106,3,,,1777560222064149,1777560222111106,1777560222064149,1777560222111106,,,,client-3-3,Remove,-1879588,200,46957
client,client_request,completed,1777560222158555,3,,,1777560222111317,1777560222158555,1777560222111317,1777560222158555,,,,client-3-3,Remove,-11384523,200,47238
client,client_request,completed,1777560222206464,3,,,1777560222158661,1777560222206464,1777560222158661,1777560222206464,,,,client-3-3,Insert,14712807,200,47803
client,client_request,completed,1777560222249805,3,,,1777560222206569,1777560222249805,1777560222206569,1777560222249805,,,,client-3-3,Remove,-10707729,200,43236
client,client_request,completed,1777560222290877,3,,,1777560222250198,1777560222290877,1777560222250198,1777560222290877,,,,client-3-3,Insert,5772801,200,40679
client,client_request,completed,1777560222338569,3,,,1777560222290980,1777560222338569,1777560222290980,1777560222338569,,,,client-3-3,Remove,83754,200,47589
client,client_request,completed,1777560222386208,3,,,1777560222338698,1777560222386208,1777560222338698,1777560222386208,,,,client-3-3,Remove,-963741,200,47510
client,client_request,completed,1777560222434924,3,,,1777560222386601,1777560222434924,1777560222386601,1777560222434924,,,,client-3-3,Remove,14467334,200,48323
client,client_request,completed,1777560222482891,3,,,1777560222435242,1777560222482891,1777560222435242,1777560222482891,,,,client-3-3,Remove,-15546849,200,47649
client,client_request,completed,1777560222530631,3,,,1777560222482997,1777560222530631,1777560222482997,1777560222530631,,,,client-3-3,Remove,-3658704,200,47634
client,client_request,completed,1777560222570709,3,,,1777560222530765,1777560222570709,1777560222530765,1777560222570709,,,,client-3-3,Remove,-3884167,200,39944
client,client_request,completed,1777560222613181,3,,,1777560222570811,1777560222613181,1777560222570811,1777560222613181,,,,client-3-3,Insert,4477800,200,42370
client,client_request,completed,1777560222660244,3,,,1777560222613559,1777560222660244,1777560222613559,1777560222660244,,,,client-3-3,Insert,-6347924,200,46685
client,client_request,completed,1777560222707982,3,,,1777560222661047,1777560222707982,1777560222661047,1777560222707982,,,,client-3-3,Remove,8253183,200,46935
client,client_request,completed,1777560222755937,3,,,1777560222708094,1777560222755937,1777560222708094,1777560222755937,,,,client-3-3,Insert,13954126,200,47843
client,client_request,completed,1777560222866691,3,,,1777560222756039,1777560222866691,1777560222756039,1777560222866691,,,,client-3-3,Remove,-10229198,200,110652
client,client_request,completed,1777560222915102,3,,,1777560222867001,1777560222915102,1777560222867001,1777560222915102,,,,client-3-3,Remove,466890,200,48101
client,client_request,completed,1777560222963328,3,,,1777560222915258,1777560222963328,1777560222915258,1777560222963328,,,,client-3-3,Remove,-12205949,200,48070
client,client_request,completed,1777560223015128,3,,,1777560222963438,1777560223015128,1777560222963438,1777560223015128,,,,client-3-3,Remove,200562,200,51690
client,client_request,completed,1777560223065617,3,,,1777560223015547,1777560223065617,1777560223015547,1777560223065617,,,,client-3-3,Insert,12429044,200,50070
client,client_request,completed,1777560223114500,3,,,1777560223065771,1777560223114500,1777560223065771,1777560223114500,,,,client-3-3,Insert,611346,200,48729
client,client_request,completed,1777560223163767,3,,,1777560223114603,1777560223163767,1777560223114603,1777560223163767,,,,client-3-3,Remove,9415500,200,49164
client,client_request,completed,1777560223211970,3,,,1777560223163913,1777560223211970,1777560223163913,1777560223211970,,,,client-3-3,Insert,16211029,200,48057
client,client_request,completed,1777560223254189,3,,,1777560223212069,1777560223254189,1777560223212069,1777560223254189,,,,client-3-3,Remove,-15834209,200,42120
client,client_request,completed,1777560223296969,3,,,1777560223254296,1777560223296969,1777560223254296,1777560223296969,,,,client-3-3,Insert,-700270,200,42673
client,client_request,completed,1777560223344710,3,,,1777560223297342,1777560223344710,1777560223297342,1777560223344710,,,,client-3-3,Remove,-13802426,200,47368
client,client_request,completed,1777560223393863,3,,,1777560223345191,1777560223393863,1777560223345191,1777560223393863,,,,client-3-3,Remove,9684141,200,48672
client,client_request,completed,1777560223443423,3,,,1777560223394115,1777560223443423,1777560223394115,1777560223443423,,,,client-3-3,Insert,12054391,200,49308
client,client_request,completed,1777560223491531,3,,,1777560223443813,1777560223491531,1777560223443813,1777560223491531,,,,client-3-3,Remove,-1528697,200,47718
client,client_request,completed,1777560223538026,3,,,1777560223491637,1777560223538026,1777560223491637,1777560223538026,,,,client-3-3,Insert,-13347766,200,46389
client,client_request,completed,1777560223577980,3,,,1777560223538278,1777560223577980,1777560223538278,1777560223577980,,,,client-3-3,Insert,-6180315,200,39702
client,client_request,completed,1777560223626238,3,,,1777560223578103,1777560223626238,1777560223578103,1777560223626238,,,,client-3-3,Remove,-139092,200,48135
client,client_request,completed,1777560223674116,3,,,1777560223626356,1777560223674116,1777560223626356,1777560223674116,,,,client-3-3,Remove,6092032,200,47760
client,client_request,completed,1777560223722552,3,,,1777560223674218,1777560223722552,1777560223674218,1777560223722552,,,,client-3-3,Insert,-14030417,200,48334
client,client_request,completed,1777560223770577,3,,,1777560223722754,1777560223770577,1777560223722754,1777560223770577,,,,client-3-3,Insert,6928155,200,47823
client,client_request,completed,1777560223881399,3,,,1777560223770684,1777560223881399,1777560223770684,1777560223881399,,,,client-3-3,Insert,16544806,200,110715
client,client_request,completed,1777560223929593,3,,,1777560223881497,1777560223929593,1777560223881497,1777560223929593,,,,client-3-3,Insert,13288357,200,48096
client,client_request,completed,1777560223977582,3,,,1777560223929724,1777560223977582,1777560223929724,1777560223977582,,,,client-3-3,Remove,-14191362,200,47858
client,client_request,completed,1777560224025765,3,,,1777560223977745,1777560224025765,1777560223977745,1777560224025765,,,,client-3-3,Insert,-7266748,200,48020
client,client_request,completed,1777560224072666,3,,,1777560224025911,1777560224072666,1777560224025911,1777560224072666,,,,client-3-3,Insert,-7747540,200,46755
client,client_request,completed,1777560224120755,3,,,1777560224072810,1777560224120755,1777560224072810,1777560224120755,,,,client-3-3,Insert,9733326,200,47945
client,client_request,completed,1777560224168633,3,,,1777560224120896,1777560224168633,1777560224120896,1777560224168633,,,,client-3-3,Insert,-14606464,200,47737
client,client_request,completed,1777560224216129,3,,,1777560224169169,1777560224216129,1777560224169169,1777560224216129,,,,client-3-3,Insert,-16356642,200,46960
client,client_request,completed,1777560224256496,3,,,1777560224216575,1777560224256496,1777560224216575,1777560224256496,,,,client-3-3,Insert,7520245,200,39921
client,client_request,completed,1777560224300247,3,,,1777560224256609,1777560224300247,1777560224256609,1777560224300247,,,,client-3-3,Insert,-4147133,200,43638
client,client_request,completed,1777560224348161,3,,,1777560224301013,1777560224348161,1777560224301013,1777560224348161,,,,client-3-3,Insert,-11721404,200,47148
client,client_request,completed,1777560224397153,3,,,1777560224348285,1777560224397153,1777560224348285,1777560224397153,,,,client-3-3,Remove,-3809185,200,48868
client,client_request,completed,1777560224444904,3,,,1777560224397282,1777560224444904,1777560224397282,1777560224444904,,,,client-3-3,Remove,-12598850,200,47622
client,client_request,completed,1777560224495220,3,,,1777560224445010,1777560224495220,1777560224445010,1777560224495220,,,,client-3-3,Insert,-13272149,200,50210
client,client_request,completed,1777560224543307,3,,,1777560224495325,1777560224543307,1777560224495325,1777560224543307,,,,client-3-3,Remove,-12058170,200,47982
client,client_request,completed,1777560224586537,3,,,1777560224543567,1777560224586537,1777560224543567,1777560224586537,,,,client-3-3,Remove,-14740530,200,42970
client,client_request,completed,1777560224632474,3,,,1777560224587201,1777560224632474,1777560224587201,1777560224632474,,,,client-3-3,Remove,14204229,200,45273
client,client_request,completed,1777560224680242,3,,,1777560224632719,1777560224680242,1777560224632719,1777560224680242,,,,client-3-3,Remove,10119480,200,47523
client,client_request,completed,1777560224727242,3,,,1777560224681075,1777560224727242,1777560224681075,1777560224727242,,,,client-3-3,Remove,294189,200,46167
client,client_request,completed,1777560224775258,3,,,1777560224727348,1777560224775258,1777560224727348,1777560224775258,,,,client-3-3,Insert,-6325438,200,47910
client,client_request,completed,1777560224888890,3,,,1777560224775370,1777560224888890,1777560224775370,1777560224888890,,,,client-3-3,Insert,-12993649,200,113520
client,client_request,completed,1777560224937481,3,,,1777560224889217,1777560224937481,1777560224889217,1777560224937481,,,,client-3-3,Remove,11276501,200,48264
client,client_request,completed,1777560224986757,3,,,1777560224937586,1777560224986757,1777560224937586,1777560224986757,,,,client-3-3,Remove,-13087603,200,49171
client,client_request,completed,1777560225037932,3,,,1777560224987170,1777560225037932,1777560224987170,1777560225037932,,,,client-3-3,Insert,-2623330,200,50762
client,client_request,completed,1777560225089300,3,,,1777560225038105,1777560225089300,1777560225038105,1777560225089300,,,,client-3-3,Insert,-783509,200,51195
client,client_request,completed,1777560225138506,3,,,1777560225089513,1777560225138506,1777560225089513,1777560225138506,,,,client-3-3,Remove,15586282,200,48993
client,client_request,completed,1777560225188350,3,,,1777560225139195,1777560225188350,1777560225139195,1777560225188350,,,,client-3-3,Insert,-3706556,200,49155
client,client_request,completed,1777560225233898,3,,,1777560225188469,1777560225233898,1777560225188469,1777560225233898,,,,client-3-3,Insert,8862932,200,45429
client,client_request,completed,1777560225276011,3,,,1777560225234031,1777560225276011,1777560225234031,1777560225276011,,,,client-3-3,Insert,8795172,200,41980
client,client_request,completed,1777560225323838,3,,,1777560225276154,1777560225323838,1777560225276154,1777560225323838,,,,client-3-3,Insert,-12134312,200,47684
client,client_request,completed,1777560225373335,3,,,1777560225323941,1777560225373335,1777560225323941,1777560225373335,,,,client-3-3,Insert,-12932667,200,49394
client,client_request,completed,1777560225423769,3,,,1777560225373448,1777560225423769,1777560225373448,1777560225423769,,,,client-3-3,Insert,16100882,200,50321
client,client_request,completed,1777560225473048,3,,,1777560225423981,1777560225473048,1777560225423981,1777560225473048,,,,client-3-3,Remove,1760669,200,49067
client,client_request,completed,1777560225522452,3,,,1777560225473155,1777560225522452,1777560225473155,1777560225522452,,,,client-3-3,Insert,-953470,200,49297
client,client_request,completed,1777560225563003,3,,,1777560225523246,1777560225563003,1777560225523246,1777560225563003,,,,client-3-3,Remove,5902183,200,39757
client,client_request,completed,1777560225609189,3,,,1777560225563382,1777560225609189,1777560225563382,1777560225609189,,,,client-3-3,Insert,9197504,200,45807
client,client_request,completed,1777560225658283,3,,,1777560225609610,1777560225658283,1777560225609610,1777560225658283,,,,client-3-3,Remove,2759455,200,48673
client,client_request,completed,1777560225708214,3,,,1777560225658743,1777560225708214,1777560225658743,1777560225708214,,,,client-3-3,Remove,970837,200,49471
client,client_request,completed,1777560225758510,3,,,1777560225708746,1777560225758510,1777560225708746,1777560225758510,,,,client-3-3,Insert,-10094520,200,49764
client,client_request,completed,1777560225870487,3,,,1777560225758612,1777560225870487,1777560225758612,1777560225870487,,,,client-3-3,Remove,-16345197,200,111875
client,client_request,completed,1777560225923225,3,,,1777560225870589,1777560225923225,1777560225870589,1777560225923225,,,,client-3-3,Remove,474154,200,52636
client,client_request,completed,1777560225974050,3,,,1777560225923330,1777560225974050,1777560225923330,1777560225974050,,,,client-3-3,Remove,-14463142,200,50720
client,client_request,completed,1777560226024989,3,,,1777560225974254,1777560226024989,1777560225974254,1777560226024989,,,,client-3-3,Remove,-14005318,200,50735
client,client_request,completed,1777560226075684,3,,,1777560226025102,1777560226075684,1777560226025102,1777560226075684,,,,client-3-3,Insert,3258005,200,50582
client,client_request,completed,1777560226126779,3,,,1777560226075776,1777560226126779,1777560226075776,1777560226126779,,,,client-3-3,Remove,4700559,200,51003
client,client_request,completed,1777560226177564,3,,,1777560226126885,1777560226177564,1777560226126885,1777560226177564,,,,client-3-3,Remove,16339627,200,50679
client,client_request,completed,1777560226225816,3,,,1777560226178266,1777560226225816,1777560226178266,1777560226225816,,,,client-3-3,Remove,648569,200,47550
client,client_request,completed,1777560226271356,3,,,1777560226225876,1777560226271356,1777560226225876,1777560226271356,,,,client-3-3,Insert,-3532397,200,45480
client,client_request,completed,1777560226319917,3,,,1777560226271678,1777560226319917,1777560226271678,1777560226319917,,,,client-3-3,Remove,-14552639,200,48239
client,client_request,completed,1777560226370585,3,,,1777560226319976,1777560226370585,1777560226319976,1777560226370585,,,,client-3-3,Insert,-5049895,200,50609
client,client_request,completed,1777560226421545,3,,,1777560226370643,1777560226421545,1777560226370643,1777560226421545,,,,client-3-3,Remove,-99967,200,50902
client,client_request,completed,1777560226472800,3,,,1777560226421600,1777560226472800,1777560226421600,1777560226472800,,,,client-3-3,Remove,15071822,200,51200
client,client_request,completed,1777560226524014,3,,,1777560226472948,1777560226524014,1777560226472948,1777560226524014,,,,client-3-3,Remove,-15962433,200,51066
client,client_request,completed,1777560226574002,3,,,1777560226524069,1777560226574002,1777560226524069,1777560226574002,,,,client-3-3,Insert,15835814,200,49933
client,client_request,completed,1777560226634207,3,,,1777560226574068,1777560226634207,1777560226574068,1777560226634207,,,,client-3-3,Remove,2040076,200,60139
client,client_request,completed,1777560226690782,3,,,1777560226634269,1777560226690782,1777560226634269,1777560226690782,,,,client-3-3,Insert,11475715,200,56513
client,client_request,completed,1777560226739589,3,,,1777560226690836,1777560226739589,1777560226690836,1777560226739589,,,,client-3-3,Remove,1377131,200,48753
client,client_request,completed,1777560226853087,3,,,1777560226739694,1777560226853087,1777560226739694,1777560226853087,,,,client-3-3,Remove,16056034,200,113393
client,client_request,completed,1777560226905050,3,,,1777560226853352,1777560226905050,1777560226853352,1777560226905050,,,,client-3-3,Remove,-44425,200,51698
client,client_request,completed,1777560226956288,3,,,1777560226905183,1777560226956288,1777560226905183,1777560226956288,,,,client-3-3,Remove,16092587,200,51105
client,client_request,completed,1777560227006018,3,,,1777560226956410,1777560227006018,1777560226956410,1777560227006018,,,,client-3-3,Insert,-2946069,200,49608
client,client_request,completed,1777560227056831,3,,,1777560227006126,1777560227056831,1777560227006126,1777560227056831,,,,client-3-3,Remove,7088868,200,50705
client,client_request,completed,1777560227106556,3,,,1777560227057236,1777560227106556,1777560227057236,1777560227106556,,,,client-3-3,Insert,2597812,200,49320
client,client_request,completed,1777560227157466,3,,,1777560227106707,1777560227157466,1777560227106707,1777560227157466,,,,client-3-3,Remove,3101141,200,50759
client,client_request,completed,1777560227207083,3,,,1777560227157673,1777560227207083,1777560227157673,1777560227207083,,,,client-3-3,Remove,-15499110,200,49410
client,client_request,completed,1777560227249052,3,,,1777560227207187,1777560227249052,1777560227207187,1777560227249052,,,,client-3-3,Remove,16642855,200,41865
client,client_request,completed,1777560227290924,3,,,1777560227249160,1777560227290924,1777560227249160,1777560227290924,,,,client-3-3,Insert,5370745,200,41764
client,client_request,completed,1777560227339079,3,,,1777560227291140,1777560227339079,1777560227291140,1777560227339079,,,,client-3-3,Remove,-7586857,200,47939
client,client_request,completed,1777560227389105,3,,,1777560227339781,1777560227389105,1777560227339781,1777560227389105,,,,client-3-3,Remove,12101097,200,49324
client,client_request,completed,1777560227438628,3,,,1777560227389289,1777560227438628,1777560227389289,1777560227438628,,,,client-3-3,Remove,-7810486,200,49339
client,client_request,completed,1777560227488596,3,,,1777560227438737,1777560227488596,1777560227438737,1777560227488596,,,,client-3-3,Remove,6313494,200,49859
client,client_request,completed,1777560227536749,3,,,1777560227488862,1777560227536749,1777560227488862,1777560227536749,,,,client-3-3,Remove,-14944865,200,47887
client,client_request,completed,1777560227581539,3,,,1777560227536863,1777560227581539,1777560227536863,1777560227581539,,,,client-3-3,Insert,-1034824,200,44676
client,client_request,completed,1777560227630843,3,,,1777560227581683,1777560227630843,1777560227581683,1777560227630843,,,,client-3-3,Remove,-11293064,200,49160
client,client_request,completed,1777560227683731,3,,,1777560227631096,1777560227683731,1777560227631096,1777560227683731,,,,client-3-3,Remove,2909783,200,52635
client,client_request,completed,1777560227735544,3,,,1777560227684114,1777560227735544,1777560227684114,1777560227735544,,,,client-3-3,Insert,11398545,200,51430
client,client_request,completed,1777560227849622,3,,,1777560227735645,1777560227849622,1777560227735645,1777560227849622,,,,client-3-3,Remove,-5053407,200,113977
client,client_request,completed,1777560227902380,3,,,1777560227849761,1777560227902380,1777560227849761,1777560227902380,,,,client-3-3,Insert,2361789,200,52619
client,client_request,completed,1777560227954456,3,,,1777560227902588,1777560227954456,1777560227902588,1777560227954456,,,,client-3-3,Remove,-1144216,200,51868
client,client_request,completed,1777560228007273,3,,,1777560227955149,1777560228007273,1777560227955149,1777560228007273,,,,client-3-3,Insert,-105315,200,52124
client,client_request,completed,1777560228059708,3,,,1777560228007381,1777560228059708,1777560228007381,1777560228059708,,,,client-3-3,Insert,7013344,200,52327
client,client_request,completed,1777560228111844,3,,,1777560228060063,1777560228111844,1777560228060063,1777560228111844,,,,client-3-3,Insert,4273046,200,51781
client,client_request,completed,1777560228164655,3,,,1777560228111958,1777560228164655,1777560228111958,1777560228164655,,,,client-3-3,Remove,4306489,200,52697
client,client_request,completed,1777560228216580,3,,,1777560228164766,1777560228216580,1777560228164766,1777560228216580,,,,client-3-3,Remove,-10470837,200,51814
client,client_request,completed,1777560228264586,3,,,1777560228216873,1777560228264586,1777560228216873,1777560228264586,,,,client-3-3,Insert,8124833,200,47713
client,client_request,completed,1777560228315814,3,,,1777560228264703,1777560228315814,1777560228264703,1777560228315814,,,,client-3-3,Insert,13324599,200,51111
client,client_request,completed,1777560228367366,3,,,1777560228316194,1777560228367366,1777560228316194,1777560228367366,,,,client-3-3,Insert,14262838,200,51172
client,client_request,completed,1777560228419778,3,,,1777560228367566,1777560228419778,1777560228367566,1777560228419778,,,,client-3-3,Insert,-15863754,200,52212
client,client_request,completed,1777560228470610,3,,,1777560228420086,1777560228470610,1777560228420086,1777560228470610,,,,client-3-3,Remove,8127907,200,50524
client,client_request,completed,1777560228522698,3,,,1777560228470731,1777560228522698,1777560228470731,1777560228522698,,,,client-3-3,Insert,5912663,200,51967
client,client_request,completed,1777560228567055,3,,,1777560228522826,1777560228567055,1777560228522826,1777560228567055,,,,client-3-3,Insert,-978393,200,44229
client,client_request,completed,1777560228615995,3,,,1777560228567165,1777560228615995,1777560228567165,1777560228615995,,,,client-3-3,Remove,-13380190,200,48830
client,client_request,completed,1777560228668451,3,,,1777560228616562,1777560228668451,1777560228616562,1777560228668451,,,,client-3-3,Remove,-1381968,200,51889
client,client_request,completed,1777560228719544,3,,,1777560228668605,1777560228719544,1777560228668605,1777560228719544,,,,client-3-3,Remove,12314105,200,50939
client,client_request,completed,1777560228771465,3,,,1777560228719971,1777560228771465,1777560228719971,1777560228771465,,,,client-3-3,Insert,-14659040,200,51494
client,client_request,completed,1777560228898103,3,,,1777560228771588,1777560228898103,1777560228771588,1777560228898103,,,,client-3-3,Insert,10904787,200,126515
client,client_request,completed,1777560228963839,3,,,1777560228898366,1777560228963839,1777560228898366,1777560228963839,,,,client-3-3,Insert,-5224737,200,65473
client,client_request,completed,1777560229029148,3,,,1777560228964222,1777560229029148,1777560228964222,1777560229029148,,,,client-3-3,Remove,12186201,200,64926
client,client_request,completed,1777560229094776,3,,,1777560229029508,1777560229094776,1777560229029508,1777560229094776,,,,client-3-3,Remove,3065222,200,65268
client,client_request,completed,1777560229160330,3,,,1777560229094882,1777560229160330,1777560229094882,1777560229160330,,,,client-3-3,Insert,16199339,200,65448
client,client_request,completed,1777560229227557,3,,,1777560229160440,1777560229227557,1777560229160440,1777560229227557,,,,client-3-3,Remove,10581890,200,67117
client,client_request,completed,1777560229291331,3,,,1777560229227667,1777560229291331,1777560229227667,1777560229291331,,,,client-3-3,Remove,-13656607,200,63664
client,client_request,completed,1777560229361008,3,,,1777560229291540,1777560229361008,1777560229291540,1777560229361008,,,,client-3-3,Remove,2269917,200,69468
client,client_request,completed,1777560229430219,3,,,1777560229361117,1777560229430219,1777560229361117,1777560229430219,,,,client-3-3,Remove,-12287016,200,69102
client,client_request,completed,1777560229499651,3,,,1777560229430323,1777560229499651,1777560229430323,1777560229499651,,,,client-3-3,Insert,168719,200,69328
client,client_request,completed,1777560229562633,3,,,1777560229500022,1777560229562633,1777560229500022,1777560229562633,,,,client-3-3,Insert,-15097893,200,62611
client,client_request,completed,1777560229627844,3,,,1777560229562843,1777560229627844,1777560229562843,1777560229627844,,,,client-3-3,Insert,-10909407,200,65001
client,client_request,completed,1777560229695135,3,,,1777560229628216,1777560229695135,1777560229628216,1777560229695135,,,,client-3-3,Remove,-12534381,200,66919
client,client_request,completed,1777560229761263,3,,,1777560229695503,1777560229761263,1777560229695503,1777560229761263,,,,client-3-3,Insert,5730403,200,65760
client,client_request,completed,1777560229888125,3,,,1777560229761374,1777560229888125,1777560229761374,1777560229888125,,,,client-3-3,Remove,11378609,200,126751
client,client_request,completed,1777560229955318,3,,,1777560229888249,1777560229955318,1777560229888249,1777560229955318,,,,client-3-3,Remove,-12205407,200,67069
client,client_request,completed,1777560230024472,3,,,1777560229955458,1777560230024472,1777560229955458,1777560230024472,,,,client-3-3,Remove,-933960,200,69014
client,client_request,completed,1777560230093088,3,,,1777560230024890,1777560230093088,1777560230024890,1777560230093088,,,,client-3-3,Insert,-7244945,200,68198
client,client_request,completed,1777560230162690,3,,,1777560230093194,1777560230162690,1777560230093194,1777560230162690,,,,client-3-3,Insert,6999137,200,69496
client,client_request,completed,1777560230228487,3,,,1777560230163205,1777560230228487,1777560230163205,1777560230228487,,,,client-3-3,Remove,-5613551,200,65282
client,client_request,completed,1777560230288123,3,,,1777560230228593,1777560230288123,1777560230228593,1777560230288123,,,,client-3-3,Remove,7038145,200,59530
client,client_request,completed,1777560230353346,3,,,1777560230288255,1777560230353346,1777560230288255,1777560230353346,,,,client-3-3,Remove,-15014492,200,65091
client,client_request,completed,1777560230417724,3,,,1777560230353584,1777560230417724,1777560230353584,1777560230417724,,,,client-3-3,Remove,15633111,200,64140
client,client_request,completed,1777560230485019,3,,,1777560230417930,1777560230485019,1777560230417930,1777560230485019,,,,client-3-3,Remove,14177773,200,67089
client,client_request,completed,1777560230552474,3,,,1777560230485117,1777560230552474,1777560230485117,1777560230552474,,,,client-3-3,Remove,-16529333,200,67357
client,client_request,completed,1777560230614087,3,,,1777560230552641,1777560230614087,1777560230552641,1777560230614087,,,,client-3-3,Insert,7694052,200,61446
client,client_request,completed,1777560230681317,3,,,1777560230614193,1777560230681317,1777560230614193,1777560230681317,,,,client-3-3,Insert,-3161134,200,67124
client,client_request,completed,1777560230751451,3,,,1777560230681674,1777560230751451,1777560230681674,1777560230751451,,,,client-3-3,Remove,2474829,200,69777
client,client_request,completed,1777560230884862,3,,,1777560230751558,1777560230884862,1777560230751558,1777560230884862,,,,client-3-3,Insert,7302008,200,133304
client,client_request,completed,1777560230955937,3,,,1777560230885015,1777560230955937,1777560230885015,1777560230955937,,,,client-3-3,Insert,-2183267,200,70922
client,client_request,completed,1777560231026945,3,,,1777560230956041,1777560231026945,1777560230956041,1777560231026945,,,,client-3-3,Insert,2270757,200,70904
client,client_request,completed,1777560231097446,3,,,1777560231027048,1777560231097446,1777560231027048,1777560231097446,,,,client-3-3,Insert,9356065,200,70398
client,client_request,completed,1777560231168152,3,,,1777560231097551,1777560231168152,1777560231097551,1777560231168152,,,,client-3-3,Remove,-10200468,200,70601
client,client_request,completed,1777560231236346,3,,,1777560231168288,1777560231236346,1777560231168288,1777560231236346,,,,client-3-3,Remove,10832453,200,68058
client,client_request,completed,1777560231305063,3,,,1777560231236460,1777560231305063,1777560231236460,1777560231305063,,,,client-3-3,Insert,-13612895,200,68603
client,client_request,completed,1777560231377136,3,,,1777560231305166,1777560231377136,1777560231305166,1777560231377136,,,,client-3-3,Insert,2286886,200,71970
client,client_request,completed,1777560231448644,3,,,1777560231377379,1777560231448644,1777560231377379,1777560231448644,,,,client-3-3,Insert,-14751711,200,71265
client,client_request,completed,1777560231520029,3,,,1777560231448751,1777560231520029,1777560231448751,1777560231520029,,,,client-3-3,Remove,-14705469,200,71278
client,client_request,completed,1777560231585547,3,,,1777560231520137,1777560231585547,1777560231520137,1777560231585547,,,,client-3-3,Insert,-16314072,200,65410
client,client_request,completed,1777560231655970,3,,,1777560231585665,1777560231655970,1777560231585665,1777560231655970,,,,client-3-3,Remove,212386,200,70305
client,client_request,completed,1777560231723394,3,,,1777560231656213,1777560231723394,1777560231656213,1777560231723394,,,,client-3-3,Insert,-11403643,200,67181
client,client_request,completed,1777560231850620,3,,,1777560231723499,1777560231850620,1777560231723499,1777560231850620,,,,client-3-3,Remove,8718338,200,127121
client,client_request,completed,1777560231931797,3,,,1777560231850729,1777560231931797,1777560231850729,1777560231931797,,,,client-3-3,Insert,-12283014,200,81068
client,client_request,completed,1777560231996958,3,,,1777560231932162,1777560231996958,1777560231932162,1777560231996958,,,,client-3-3,Remove,5571697,200,64796
client,client_request,completed,1777560232062959,3,,,1777560231997310,1777560232062959,1777560231997310,1777560232062959,,,,client-3-3,Insert,8788679,200,65649
client,client_request,completed,1777560232129086,3,,,1777560232063063,1777560232129086,1777560232063063,1777560232129086,,,,client-3-3,Remove,-4010017,200,66023
client,client_request,completed,1777560232195287,3,,,1777560232129300,1777560232195287,1777560232129300,1777560232195287,,,,client-3-3,Insert,15477573,200,65987
client,client_request,completed,1777560232257099,3,,,1777560232195500,1777560232257099,1777560232195500,1777560232257099,,,,client-3-3,Insert,-6832143,200,61599
client,client_request,completed,1777560232321092,3,,,1777560232257476,1777560232321092,1777560232257476,1777560232321092,,,,client-3-3,Insert,4083028,200,63616
client,client_request,completed,1777560232388675,3,,,1777560232321157,1777560232388675,1777560232321157,1777560232388675,,,,client-3-3,Remove,1233155,200,67518
client,client_request,completed,1777560232455856,3,,,1777560232389096,1777560232455856,1777560232389096,1777560232455856,,,,client-3-3,Insert,7133262,200,66760
client,client_request,completed,1777560232523149,3,,,1777560232455915,1777560232523149,1777560232455915,1777560232523149,,,,client-3-3,Insert,4622728,200,67234
client,client_request,completed,1777560232586166,3,,,1777560232523207,1777560232586166,1777560232523207,1777560232586166,,,,client-3-3,Remove,-4173696,200,62959
client,client_request,completed,1777560232652901,3,,,1777560232586458,1777560232652901,1777560232586458,1777560232652901,,,,client-3-3,Remove,-11053020,200,66443
client,client_request,completed,1777560232721030,3,,,1777560232652966,1777560232721030,1777560232652966,1777560232721030,,,,client-3-3,Insert,-12955131,200,68064
client,client_request,completed,1777560232849730,3,,,1777560232721360,1777560232849730,1777560232721360,1777560232849730,,,,client-3-3,Remove,-9822599,200,128370
client,client_request,completed,1777560232934380,3,,,1777560232849788,1777560232934380,1777560232849788,1777560232934380,,,,client-3-3,Remove,14573877,200,84592
client,client_request,completed,1777560233015118,3,,,1777560232934440,1777560233015118,1777560232934440,1777560233015118,,,,client-3-3,Insert,542583,200,80678
client,client_request,completed,1777560233085572,3,,,1777560233015175,1777560233085572,1777560233015175,1777560233085572,,,,client-3-3,Insert,-4379966,200,70397
client,client_request,completed,1777560233156558,3,,,1777560233085627,1777560233156558,1777560233085627,1777560233156558,,,,client-3-3,Remove,14591613,200,70931
client,client_request,completed,1777560233226377,3,,,1777560233156708,1777560233226377,1777560233156708,1777560233226377,,,,client-3-3,Remove,2248652,200,69669
client,client_request,completed,1777560233293618,3,,,1777560233226755,1777560233293618,1777560233226755,1777560233293618,,,,client-3-3,Insert,13861578,200,66863
client,client_request,completed,1777560233364954,3,,,1777560233293679,1777560233364954,1777560233293679,1777560233364954,,,,client-3-3,Insert,-13793506,200,71275
client,client_request,completed,1777560233438063,3,,,1777560233365014,1777560233438063,1777560233365014,1777560233438063,,,,client-3-3,Insert,-5630917,200,73049
client,client_request,completed,1777560233508820,3,,,1777560233438120,1777560233508820,1777560233438120,1777560233508820,,,,client-3-3,Insert,-8797288,200,70700
client,client_request,completed,1777560233578844,3,,,1777560233508930,1777560233578844,1777560233508930,1777560233578844,,,,client-3-3,Insert,-3317619,200,69914
client,client_request,completed,1777560233650260,3,,,1777560233578959,1777560233650260,1777560233578959,1777560233650260,,,,client-3-3,Insert,-12847518,200,71301
client,client_request,completed,1777560233721433,3,,,1777560233650367,1777560233721433,1777560233650367,1777560233721433,,,,client-3-3,Insert,14090658,200,71066
client,client_request,completed,1777560233856408,3,,,1777560233721538,1777560233856408,1777560233721538,1777560233856408,,,,client-3-3,Insert,2343647,200,134870
client,client_request,completed,1777560233930441,3,,,1777560233856534,1777560233930441,1777560233856534,1777560233930441,,,,client-3-3,Remove,4597418,200,73907
client,client_request,completed,1777560234003428,3,,,1777560233930830,1777560234003428,1777560233930830,1777560234003428,,,,client-3-3,Remove,-11096312,200,72598
client,client_request,completed,1777560234078169,3,,,1777560234003529,1777560234078169,1777560234003529,1777560234078169,,,,client-3-3,Insert,-16694416,200,74640
client,client_request,completed,1777560234151991,3,,,1777560234078273,1777560234151991,1777560234078273,1777560234151991,,,,client-3-3,Insert,368578,200,73718
client,client_request,completed,1777560234225613,3,,,1777560234152124,1777560234225613,1777560234152124,1777560234225613,,,,client-3-3,Remove,4644276,200,73489
client,client_request,completed,1777560234291984,3,,,1777560234225722,1777560234291984,1777560234225722,1777560234291984,,,,client-3-3,Insert,13624759,200,66262
client,client_request,completed,1777560234364702,3,,,1777560234292091,1777560234364702,1777560234292091,1777560234364702,,,,client-3-3,Insert,6522253,200,72611
client,client_request,completed,1777560234438992,3,,,1777560234365152,1777560234438992,1777560234365152,1777560234438992,,,,client-3-3,Remove,6469001,200,73840
client,client_request,completed,1777560234512732,3,,,1777560234439123,1777560234512732,1777560234439123,1777560234512732,,,,client-3-3,Insert,-10812018,200,73609
client,client_request,completed,1777560234582416,3,,,1777560234512844,1777560234582416,1777560234512844,1777560234582416,,,,client-3-3,Insert,-4313167,200,69572
client,client_request,completed,1777560234668015,3,,,1777560234582572,1777560234668015,1777560234582572,1777560234668015,,,,client-3-3,Remove,7778879,200,85443
client,client_request,completed,1777560234742084,3,,,1777560234668121,1777560234742084,1777560234668121,1777560234742084,,,,client-3-3,Remove,-10810422,200,73963
client,client_request,completed,1777560234877383,3,,,1777560234742220,1777560234877383,1777560234742220,1777560234877383,,,,client-3-3,Remove,-1134854,200,135163
client,client_request,completed,1777560234950594,3,,,1777560234877518,1777560234950594,1777560234877518,1777560234950594,,,,client-3-3,Remove,13548408,200,73076
client,client_request,completed,1777560235025127,3,,,1777560234950702,1777560235025127,1777560234950702,1777560235025127,,,,client-3-3,Remove,3203751,200,74425
client,client_request,completed,1777560235101335,3,,,1777560235025260,1777560235101335,1777560235025260,1777560235101335,,,,client-3-3,Remove,10124144,200,76075
client,client_request,completed,1777560235176089,3,,,1777560235101441,1777560235176089,1777560235101441,1777560235176089,,,,client-3-3,Insert,-1074532,200,74648
client,client_request,completed,1777560235245350,3,,,1777560235176507,1777560235245350,1777560235176507,1777560235245350,,,,client-3-3,Remove,-2492350,200,68843
client,client_request,completed,1777560235314709,3,,,1777560235245455,1777560235314709,1777560235245455,1777560235314709,,,,client-3-3,Insert,-504610,200,69254
client,client_request,completed,1777560235392212,3,,,1777560235314815,1777560235392212,1777560235314815,1777560235392212,,,,client-3-3,Insert,-14398793,200,77397
client,client_request,completed,1777560235466055,3,,,1777560235392394,1777560235466055,1777560235392394,1777560235466055,,,,client-3-3,Remove,-10317889,200,73661
client,client_request,completed,1777560235537585,3,,,1777560235466167,1777560235537585,1777560235466167,1777560235537585,,,,client-3-3,Remove,11481098,200,71418
client,client_request,completed,1777560235606950,3,,,1777560235537690,1777560235606950,1777560235537690,1777560235606950,,,,client-3-3,Insert,-1667874,200,69260
client,client_request,completed,1777560235680629,3,,,1777560235607006,1777560235680629,1777560235607006,1777560235680629,,,,client-3-3,Remove,10905209,200,73623
client,client_request,completed,1777560235753132,3,,,1777560235680704,1777560235753132,1777560235680704,1777560235753132,,,,client-3-3,Remove,-14122588,200,72428
client,client_request,completed,1777560235889580,3,,,1777560235753220,1777560235889580,1777560235753220,1777560235889580,,,,client-3-3,Insert,-14797501,200,136360
client,client_request,completed,1777560235960801,3,,,1777560235889637,1777560235960801,1777560235889637,1777560235960801,,,,client-3-3,Insert,3083953,200,71164
client,client_request,completed,1777560236032107,3,,,1777560235960861,1777560236032107,1777560235960861,1777560236032107,,,,client-3-3,Remove,4842725,200,71246
client,client_request,completed,1777560236104601,3,,,1777560236032172,1777560236104601,1777560236032172,1777560236104601,,,,client-3-3,Insert,12434884,200,72429
client,client_request,completed,1777560236175990,3,,,1777560236104877,1777560236175990,1777560236104877,1777560236175990,,,,client-3-3,Remove,-6266076,200,71113
client,client_request,completed,1777560236243268,3,,,1777560236176337,1777560236243268,1777560236176337,1777560236243268,,,,client-3-3,Remove,2635020,200,66931
client,client_request,completed,1777560236311505,3,,,1777560236243332,1777560236311505,1777560236243332,1777560236311505,,,,client-3-3,Insert,-7948200,200,68173
client,client_request,completed,1777560236380547,3,,,1777560236311573,1777560236380547,1777560236311573,1777560236380547,,,,client-3-3,Insert,-3249384,200,68974
client,client_request,completed,1777560236449826,3,,,1777560236380616,1777560236449826,1777560236380616,1777560236449826,,,,client-3-3,Insert,-86366,200,69210
client,client_request,completed,1777560236518980,3,,,1777560236449883,1777560236518980,1777560236449883,1777560236518980,,,,client-3-3,Insert,-6518465,200,69097
client,client_request,completed,1777560236582844,3,,,1777560236519038,1777560236582844,1777560236519038,1777560236582844,,,,client-3-3,Insert,5814882,200,63806
client,client_request,completed,1777560236651118,3,,,1777560236582971,1777560236651118,1777560236582971,1777560236651118,,,,client-3-3,Remove,42368,200,68147
client,client_request,completed,1777560236719520,3,,,1777560236651475,1777560236719520,1777560236651475,1777560236719520,,,,client-3-3,Remove,-12684246,200,68045
client,client_request,completed,1777560236849537,3,,,1777560236719583,1777560236849537,1777560236719583,1777560236849537,,,,client-3-3,Remove,-2896702,200,129954
client,client_request,completed,1777560236919640,3,,,1777560236849596,1777560236919640,1777560236849596,1777560236919640,,,,client-3-3,Remove,-15390376,200,70044
client,client_request,completed,1777560236987656,3,,,1777560236920041,1777560236987656,1777560236920041,1777560236987656,,,,client-3-3,Remove,7767540,200,67615
client,client_request,completed,1777560237056627,3,,,1777560236987732,1777560237056627,1777560236987732,1777560237056627,,,,client-3-3,Remove,-16582461,200,68895
client,client_request,completed,1777560237126573,3,,,1777560237056689,1777560237126573,1777560237056689,1777560237126573,,,,client-3-3,Insert,-2415658,200,69884
client,client_request,completed,1777560237194948,3,,,1777560237126636,1777560237194948,1777560237126636,1777560237194948,,,,client-3-3,Insert,-2689395,200,68312
client,client_request,completed,1777560237260067,3,,,1777560237195007,1777560237260067,1777560237195007,1777560237260067,,,,client-3-3,Insert,11387809,200,65060
client,client_request,completed,1777560237325637,3,,,1777560237260258,1777560237325637,1777560237260258,1777560237325637,,,,client-3-3,Remove,15617902,200,65379
client,client_request,completed,1777560237395685,3,,,1777560237325721,1777560237395685,1777560237325721,1777560237395685,,,,client-3-3,Insert,-6668352,200,69964
client,client_request,completed,1777560237464711,3,,,1777560237395763,1777560237464711,1777560237395763,1777560237464711,,,,client-3-3,Remove,-1672846,200,68948
client,client_request,completed,1777560237533067,3,,,1777560237464780,1777560237533067,1777560237464780,1777560237533067,,,,client-3-3,Remove,14996283,200,68287
client,client_request,completed,1777560237595328,3,,,1777560237533115,1777560237595328,1777560237533115,1777560237595328,,,,client-3-3,Remove,-3894318,200,62213
client,client_request,completed,1777560237661359,3,,,1777560237595434,1777560237661359,1777560237595434,1777560237661359,,,,client-3-3,Insert,-7462119,200,65925
client,client_request,completed,1777560237732559,3,,,1777560237661487,1777560237732559,1777560237661487,1777560237732559,,,,client-3-3,Insert,-7221288,200,71072
client,client_request,completed,1777560237865207,3,,,1777560237732649,1777560237865207,1777560237732649,1777560237865207,,,,client-3-3,Remove,634768,200,132558
client,client_request,completed,1777560237935822,3,,,1777560237865481,1777560237935822,1777560237865481,1777560237935822,,,,client-3-3,Insert,8719565,200,70341
client,client_request,completed,1777560238008248,3,,,1777560237935970,1777560238008248,1777560237935970,1777560238008248,,,,client-3-3,Remove,-2886666,200,72278
client,client_request,completed,1777560238079199,3,,,1777560238009519,1777560238079199,1777560238009519,1777560238079199,,,,client-3-3,Remove,16201702,200,69680
client,client_request,completed,1777560238150599,3,,,1777560238079306,1777560238150599,1777560238079306,1777560238150599,,,,client-3-3,Remove,13776684,200,71293
client,client_request,completed,1777560238222186,3,,,1777560238150968,1777560238222186,1777560238150968,1777560238222186,,,,client-3-3,Remove,-7034241,200,71218
client,client_request,completed,1777560238290430,3,,,1777560238222295,1777560238290430,1777560238222295,1777560238290430,,,,client-3-3,Insert,6582389,200,68135
client,client_request,completed,1777560238359599,3,,,1777560238290505,1777560238359599,1777560238290505,1777560238359599,,,,client-3-3,Insert,-1243279,200,69094
client,client_request,completed,1777560238430105,3,,,1777560238359706,1777560238430105,1777560238359706,1777560238430105,,,,client-3-3,Remove,-4598407,200,70399
client,client_request,completed,1777560238499736,3,,,1777560238430270,1777560238499736,1777560238430270,1777560238499736,,,,client-3-3,Insert,-9132630,200,69466
client,client_request,completed,1777560238567811,3,,,1777560238499855,1777560238567811,1777560238499855,1777560238567811,,,,client-3-3,Remove,3112546,200,67956
client,client_request,completed,1777560238632852,3,,,1777560238567915,1777560238632852,1777560238567915,1777560238632852,,,,client-3-3,Remove,-3379374,200,64937
client,client_request,completed,1777560238702174,3,,,1777560238632955,1777560238702174,1777560238632955,1777560238702174,,,,client-3-3,Remove,-10847465,200,69219
client,client_request,completed,1777560238776908,3,,,1777560238702286,1777560238776908,1777560238702286,1777560238776908,,,,client-3-3,Insert,4945741,200,74622
client,client_request,completed,1777560238911036,3,,,1777560238777041,1777560238911036,1777560238777041,1777560238911036,,,,client-3-3,Insert,5376447,200,133995
client,client_request,completed,1777560238983609,3,,,1777560238911144,1777560238983609,1777560238911144,1777560238983609,,,,client-3-3,Remove,-9388545,200,72465
client,client_request,completed,1777560239056690,3,,,1777560238983712,1777560239056690,1777560238983712,1777560239056690,,,,client-3-3,Insert,13934370,200,72978
client,client_request,completed,1777560239131207,3,,,1777560239056794,1777560239131207,1777560239056794,1777560239131207,,,,client-3-3,Remove,-3113151,200,74413
client,client_request,completed,1777560239205317,3,,,1777560239131311,1777560239205317,1777560239131311,1777560239205317,,,,client-3-3,Insert,15361316,200,74006
client,client_request,completed,1777560239275532,3,,,1777560239205534,1777560239275532,1777560239205534,1777560239275532,,,,client-3-3,Insert,13247158,200,69998
client,client_request,completed,1777560239351667,3,,,1777560239275891,1777560239351667,1777560239275891,1777560239351667,,,,client-3-3,Insert,-14495954,200,75776
client,client_request,completed,1777560239426173,3,,,1777560239351814,1777560239426173,1777560239351814,1777560239426173,,,,client-3-3,Insert,11455155,200,74359
client,client_request,completed,1777560239503656,3,,,1777560239426938,1777560239503656,1777560239426938,1777560239503656,,,,client-3-3,Insert,-4235924,200,76718
client,client_request,completed,1777560239574209,3,,,1777560239503804,1777560239574209,1777560239503804,1777560239574209,,,,client-3-3,Remove,2844297,200,70405
client,client_request,completed,1777560239647636,3,,,1777560239574391,1777560239647636,1777560239574391,1777560239647636,,,,client-3-3,Remove,-16697444,200,73245
client,client_request,completed,1777560239721941,3,,,1777560239647693,1777560239721941,1777560239647693,1777560239721941,,,,client-3-3,Remove,2484055,200,74248
client,client_request,completed,1777560239857298,3,,,1777560239722002,1777560239857298,1777560239722002,1777560239857298,,,,client-3-3,Remove,6640650,200,135296
client,client_request,completed,1777560239954792,3,,,1777560239857367,1777560239954792,1777560239857367,1777560239954792,,,,client-3-3,Insert,-1672722,200,97425
client,client_request,completed,1777560240033828,3,,,1777560239954851,1777560240033828,1777560239954851,1777560240033828,,,,client-3-3,Insert,-13721955,200,78977
client,client_request,completed,1777560240110582,3,,,1777560240033906,1777560240110582,1777560240033906,1777560240110582,,,,client-3-3,Insert,-15132217,200,76676
client,client_request,completed,1777560240186194,3,,,1777560240110678,1777560240186194,1777560240110678,1777560240186194,,,,client-3-3,Remove,-11800572,200,75516
client,client_request,completed,1777560240257617,3,,,1777560240186256,1777560240257617,1777560240186256,1777560240257617,,,,client-3-3,Remove,1816677,200,71361
client,client_request,completed,1777560240329673,3,,,1777560240257680,1777560240329673,1777560240257680,1777560240329673,,,,client-3-3,Insert,2076810,200,71993
client,client_request,completed,1777560240404672,3,,,1777560240329739,1777560240404672,1777560240329739,1777560240404672,,,,client-3-3,Insert,-9796639,200,74933
client,client_request,completed,1777560240480242,3,,,1777560240404736,1777560240480242,1777560240404736,1777560240480242,,,,client-3-3,Insert,16497728,200,75506
client,client_request,completed,1777560240552055,3,,,1777560240480330,1777560240552055,1777560240480330,1777560240552055,,,,client-3-3,Insert,13347851,200,71725
client,client_request,completed,1777560240623405,3,,,1777560240552119,1777560240623405,1777560240552119,1777560240623405,,,,client-3-3,Remove,3940674,200,71286
client,client_request,completed,1777560240699609,3,,,1777560240623465,1777560240699609,1777560240623465,1777560240699609,,,,client-3-3,Insert,12607757,200,76144
client,client_request,completed,1777560240773913,3,,,1777560240699694,1777560240773913,1777560240699694,1777560240773913,,,,client-3-3,Insert,-12741589,200,74219
client,client_request,completed,1777560240907787,3,,,1777560240773970,1777560240907787,1777560240773970,1777560240907787,,,,client-3-3,Insert,3803510,200,133817
client,client_request,completed,1777560240982958,3,,,1777560240907859,1777560240982958,1777560240907859,1777560240982958,,,,client-3-3,Remove,1526274,200,75099
client,client_request,completed,1777560241057806,3,,,1777560240983051,1777560241057806,1777560240983051,1777560241057806,,,,client-3-3,Insert,-6354477,200,74755
client,client_request,completed,1777560241134551,3,,,1777560241057866,1777560241134551,1777560241057866,1777560241134551,,,,client-3-3,Insert,-11422382,200,76685
client,client_request,completed,1777560241209835,3,,,1777560241134647,1777560241209835,1777560241134647,1777560241209835,,,,client-3-3,Insert,-10220286,200,75188
client,client_request,completed,1777560241279904,3,,,1777560241209896,1777560241279904,1777560241209896,1777560241279904,,,,client-3-3,Remove,-7263716,200,70008
client,client_request,completed,1777560241358326,3,,,1777560241279968,1777560241358326,1777560241279968,1777560241358326,,,,client-3-3,Insert,-5587371,200,78358
client,client_request,completed,1777560241436603,3,,,1777560241358505,1777560241436603,1777560241358505,1777560241436603,,,,client-3-3,Remove,-12033487,200,78098
client,client_request,completed,1777560241514011,3,,,1777560241436677,1777560241514011,1777560241436677,1777560241514011,,,,client-3-3,Remove,-16593635,200,77334
client,client_request,completed,1777560241589221,3,,,1777560241514295,1777560241589221,1777560241514295,1777560241589221,,,,client-3-3,Insert,12002180,200,74926
client,client_request,completed,1777560241668275,3,,,1777560241589360,1777560241668275,1777560241589360,1777560241668275,,,,client-3-3,Insert,-12965556,200,78915
client,client_request,completed,1777560241747157,3,,,1777560241668389,1777560241747157,1777560241668389,1777560241747157,,,,client-3-3,Insert,-13739437,200,78768
client,client_request,completed,1777560241884949,3,,,1777560241747291,1777560241884949,1777560241747291,1777560241884949,,,,client-3-3,Insert,-13204488,200,137658
client,client_request,completed,1777560241960414,3,,,1777560241885322,1777560241960414,1777560241885322,1777560241960414,,,,client-3-3,Insert,-9446094,200,75092
client,client_request,completed,1777560242035666,3,,,1777560241960645,1777560242035666,1777560241960645,1777560242035666,,,,client-3-3,Insert,3817960,200,75021
client,client_request,completed,1777560242111503,3,,,1777560242035798,1777560242111503,1777560242035798,1777560242111503,,,,client-3-3,Remove,14003352,200,75705
client,client_request,completed,1777560242186363,3,,,1777560242111734,1777560242186363,1777560242111734,1777560242186363,,,,client-3-3,Remove,-2601574,200,74629
client,client_request,completed,1777560242256426,3,,,1777560242186500,1777560242256426,1777560242186500,1777560242256426,,,,client-3-3,Remove,-14972296,200,69926
client,client_request,completed,1777560242327821,3,,,1777560242256535,1777560242327821,1777560242256535,1777560242327821,,,,client-3-3,Insert,10529526,200,71286
client,client_request,completed,1777560242401365,3,,,1777560242327976,1777560242401365,1777560242327976,1777560242401365,,,,client-3-3,Remove,-14228105,200,73389
client,client_request,completed,1777560242476003,3,,,1777560242401558,1777560242476003,1777560242401558,1777560242476003,,,,client-3-3,Remove,9958022,200,74445
client,client_request,completed,1777560242547188,3,,,1777560242476125,1777560242547188,1777560242476125,1777560242547188,,,,client-3-3,Insert,-4236339,200,71063
client,client_request,completed,1777560242614137,3,,,1777560242547301,1777560242614137,1777560242547301,1777560242614137,,,,client-3-3,Remove,-11467186,200,66836
client,client_request,completed,1777560242687573,3,,,1777560242614203,1777560242687573,1777560242614203,1777560242687573,,,,client-3-3,Remove,7195079,200,73370
client,client_request,completed,1777560242760806,3,,,1777560242687630,1777560242760806,1777560242687630,1777560242760806,,,,client-3-3,Insert,-16645959,200,73176
client,client_request,completed,1777560242898473,3,,,1777560242760880,1777560242898473,1777560242760880,1777560242898473,,,,client-3-3,Insert,-4199459,200,137593
client,client_request,completed,1777560242975725,3,,,1777560242898528,1777560242975725,1777560242898528,1777560242975725,,,,client-3-3,Remove,-9932971,200,77197
client,client_request,completed,1777560243054719,3,,,1777560242975778,1777560243054719,1777560242975778,1777560243054719,,,,client-3-3,Insert,-6074833,200,78941
client,client_request,completed,1777560243129424,3,,,1777560243054780,1777560243129424,1777560243054780,1777560243129424,,,,client-3-3,Insert,1884504,200,74644
client,client_request,completed,1777560243204552,3,,,1777560243129482,1777560243204552,1777560243129482,1777560243204552,,,,client-3-3,Insert,-16183674,200,75070
client,client_request,completed,1777560243274386,3,,,1777560243204624,1777560243274386,1777560243204624,1777560243274386,,,,client-3-3,Remove,5785603,200,69762
client,client_request,completed,1777560243352023,3,,,1777560243274451,1777560243352023,1777560243274451,1777560243352023,,,,client-3-3,Insert,-693275,200,77572
client,client_request,completed,1777560243432743,3,,,1777560243352085,1777560243432743,1777560243352085,1777560243432743,,,,client-3-3,Remove,-4501480,200,80658
client,client_request,completed,1777560243512440,3,,,1777560243432808,1777560243512440,1777560243432808,1777560243512440,,,,client-3-3,Insert,-3879243,200,79632
client,client_request,completed,1777560243587167,3,,,1777560243512560,1777560243587167,1777560243512560,1777560243587167,,,,client-3-3,Insert,-14077089,200,74607
client,client_request,completed,1777560243666637,3,,,1777560243587281,1777560243666637,1777560243587281,1777560243666637,,,,client-3-3,Remove,-13803979,200,79356
client,client_request,completed,1777560243746406,3,,,1777560243667043,1777560243746406,1777560243667043,1777560243746406,,,,client-3-3,Insert,-9929732,200,79363
client,client_request,completed,1777560243888120,3,,,1777560243746761,1777560243888120,1777560243746761,1777560243888120,,,,client-3-3,Remove,-14119335,200,141359
client,client_request,completed,1777560243966024,3,,,1777560243888254,1777560243966024,1777560243888254,1777560243966024,,,,client-3-3,Remove,11002924,200,77770
client,client_request,completed,1777560244044865,3,,,1777560243966150,1777560244044865,1777560243966150,1777560244044865,,,,client-3-3,Remove,-167063,200,78715
client,client_request,completed,1777560244124352,3,,,1777560244044966,1777560244124352,1777560244044966,1777560244124352,,,,client-3-3,Insert,-7821571,200,79386
client,client_request,completed,1777560244202381,3,,,1777560244124533,1777560244202381,1777560244124533,1777560244202381,,,,client-3-3,Insert,-4700892,200,77848
client,client_request,completed,1777560244275583,3,,,1777560244202551,1777560244275583,1777560244202551,1777560244275583,,,,client-3-3,Insert,1798723,200,73032
client,client_request,completed,1777560244352439,3,,,1777560244275943,1777560244352439,1777560244275943,1777560244352439,,,,client-3-3,Remove,14317964,200,76496
client,client_request,completed,1777560244430319,3,,,1777560244352571,1777560244430319,1777560244352571,1777560244430319,,,,client-3-3,Remove,13997438,200,77748
client,client_request,completed,1777560244508891,3,,,1777560244430430,1777560244508891,1777560244430430,1777560244508891,,,,client-3-3,Insert,-12989461,200,78461
client,client_request,completed,1777560244584158,3,,,1777560244509001,1777560244584158,1777560244509001,1777560244584158,,,,client-3-3,Insert,-16539046,200,75157
client,client_request,completed,1777560244664915,3,,,1777560244584288,1777560244664915,1777560244584288,1777560244664915,,,,client-3-3,Insert,-15296250,200,80627
client,client_request,completed,1777560244747417,3,,,1777560244665059,1777560244747417,1777560244665059,1777560244747417,,,,client-3-3,Remove,7946138,200,82358
client,client_request,completed,1777560244889813,3,,,1777560244747532,1777560244889813,1777560244747532,1777560244889813,,,,client-3-3,Remove,-8699133,200,142281
client,client_request,completed,1777560244969404,3,,,1777560244890045,1777560244969404,1777560244890045,1777560244969404,,,,client-3-3,Insert,9107892,200,79359
client,client_request,completed,1777560245051124,3,,,1777560244969795,1777560245051124,1777560244969795,1777560245051124,,,,client-3-3,Insert,-8366169,200,81329
client,client_request,completed,1777560245133284,3,,,1777560245051230,1777560245133284,1777560245051230,1777560245133284,,,,client-3-3,Remove,656260,200,82054
client,client_request,completed,1777560245213237,3,,,1777560245133397,1777560245213237,1777560245133397,1777560245213237,,,,client-3-3,Insert,-16469712,200,79840
client,client_request,completed,1777560245289763,3,,,1777560245213340,1777560245289763,1777560245213340,1777560245289763,,,,client-3-3,Remove,7076464,200,76423
client,client_request,completed,1777560245369536,3,,,1777560245289942,1777560245369536,1777560245289942,1777560245369536,,,,client-3-3,Remove,5477681,200,79594
client,client_request,completed,1777560245448839,3,,,1777560245369666,1777560245448839,1777560245369666,1777560245448839,,,,client-3-3,Remove,-414467,200,79173
client,client_request,completed,1777560245528267,3,,,1777560245449230,1777560245528267,1777560245449230,1777560245528267,,,,client-3-3,Remove,2960111,200,79037
client,client_request,completed,1777560245602368,3,,,1777560245528401,1777560245602368,1777560245528401,1777560245602368,,,,client-3-3,Remove,732762,200,73967
client,client_request,completed,1777560245682919,3,,,1777560245602479,1777560245682919,1777560245602479,1777560245682919,,,,client-3-3,Remove,-9738250,200,80440
client,client_request,completed,1777560245762465,3,,,1777560245683115,1777560245762465,1777560245683115,1777560245762465,,,,client-3-3,Insert,5192555,200,79350
client,client_request,completed,1777560245904675,3,,,1777560245762612,1777560245904675,1777560245762612,1777560245904675,,,,client-3-3,Insert,-13161352,200,142063
client,client_request,completed,1777560245985905,3,,,1777560245904815,1777560245985905,1777560245904815,1777560245985905,,,,client-3-3,Remove,6427282,200,81090
client,client_request,completed,1777560246067906,3,,,1777560245986145,1777560246067906,1777560245986145,1777560246067906,,,,client-3-3,Remove,-11967200,200,81761
client,client_request,completed,1777560246150534,3,,,1777560246068282,1777560246150534,1777560246068282,1777560246150534,,,,client-3-3,Insert,3228826,200,82252
client,client_request,completed,1777560246231929,3,,,1777560246150643,1777560246231929,1777560246150643,1777560246231929,,,,client-3-3,Insert,-12006159,200,81286
client,client_request,completed,1777560246312026,3,,,1777560246232135,1777560246312026,1777560246232135,1777560246312026,,,,client-3-3,Insert,5576964,200,79891
client,client_request,completed,1777560246393445,3,,,1777560246312165,1777560246393445,1777560246312165,1777560246393445,,,,client-3-3,Remove,-4273881,200,81280
client,client_request,completed,1777560246475081,3,,,1777560246393548,1777560246475081,1777560246393548,1777560246475081,,,,client-3-3,Remove,13765892,200,81533
client,client_request,completed,1777560246553668,3,,,1777560246475179,1777560246553668,1777560246475179,1777560246553668,,,,client-3-3,Remove,2344775,200,78489
client,client_request,completed,1777560246631854,3,,,1777560246553776,1777560246631854,1777560246553776,1777560246631854,,,,client-3-3,Insert,14980027,200,78078
client,client_request,completed,1777560246712869,3,,,1777560246632260,1777560246712869,1777560246632260,1777560246712869,,,,client-3-3,Insert,-2874666,200,80609
client,client_request,completed,1777560246855535,3,,,1777560246713123,1777560246855535,1777560246713123,1777560246855535,,,,client-3-3,Remove,-2062771,200,142412
client,client_request,completed,1777560246936091,3,,,1777560246855685,1777560246936091,1777560246855685,1777560246936091,,,,client-3-3,Remove,574955,200,80406
client,client_request,completed,1777560247017171,3,,,1777560246936237,1777560247017171,1777560246936237,1777560247017171,,,,client-3-3,Insert,-3356771,200,80934
client,client_request,completed,1777560247099356,3,,,1777560247017323,1777560247099356,1777560247017323,1777560247099356,,,,client-3-3,Remove,-14776024,200,82033
client,client_request,completed,1777560247181323,3,,,1777560247099579,1777560247181323,1777560247099579,1777560247181323,,,,client-3-3,Remove,-6061070,200,81744
client,client_request,completed,1777560247262981,3,,,1777560247181433,1777560247262981,1777560247181433,1777560247262981,,,,client-3-3,Remove,10680085,200,81548
client,client_request,completed,1777560247345700,3,,,1777560247263317,1777560247345700,1777560247263317,1777560247345700,,,,client-3-3,Remove,13693506,200,82383
client,client_request,completed,1777560247427043,3,,,1777560247345802,1777560247427043,1777560247345802,1777560247427043,,,,client-3-3,Insert,-16528753,200,81241
client,client_request,completed,1777560247508245,3,,,1777560247427181,1777560247508245,1777560247427181,1777560247508245,,,,client-3-3,Insert,-9619612,200,81064
client,client_request,completed,1777560247585850,3,,,1777560247508343,1777560247585850,1777560247508343,1777560247585850,,,,client-3-3,Remove,16523645,200,77507
client,client_request,completed,1777560247667526,3,,,1777560247586067,1777560247667526,1777560247586067,1777560247667526,,,,client-3-3,Remove,3424413,200,81459
client,client_request,completed,1777560247748947,3,,,1777560247667855,1777560247748947,1777560247667855,1777560247748947,,,,client-3-3,Remove,-15244118,200,81092
client,client_request,completed,1777560247889009,3,,,1777560247749057,1777560247889009,1777560247749057,1777560247889009,,,,client-3-3,Remove,15260452,200,139952
client,client_request,completed,1777560247971032,3,,,1777560247889379,1777560247971032,1777560247889379,1777560247971032,,,,client-3-3,Insert,-13322247,200,81653
client,client_request,completed,1777560248053777,3,,,1777560247971252,1777560248053777,1777560247971252,1777560248053777,,,,client-3-3,Insert,-9780314,200,82525
client,client_request,completed,1777560248141401,3,,,1777560248053890,1777560248141401,1777560248053890,1777560248141401,,,,client-3-3,Insert,11397899,200,87511
client,client_request,completed,1777560248223591,3,,,1777560248141509,1777560248223591,1777560248141509,1777560248223591,,,,client-3-3,Remove,-75849,200,82082
client,client_request,completed,1777560248303424,3,,,1777560248223696,1777560248303424,1777560248223696,1777560248303424,,,,client-3-3,Insert,6299543,200,79728
client,client_request,completed,1777560248385573,3,,,1777560248303649,1777560248385573,1777560248303649,1777560248385573,,,,client-3-3,Insert,-14658705,200,81924
client,client_request,completed,1777560248469056,3,,,1777560248385676,1777560248469056,1777560248385676,1777560248469056,,,,client-3-3,Remove,11067412,200,83380
client,client_request,completed,1777560248552311,3,,,1777560248469196,1777560248552311,1777560248469196,1777560248552311,,,,client-3-3,Insert,-8044085,200,83115
client,client_request,completed,1777560248630404,3,,,1777560248552422,1777560248630404,1777560248552422,1777560248630404,,,,client-3-3,Remove,3514311,200,77982
client,client_request,completed,1777560248709409,3,,,1777560248630510,1777560248709409,1777560248630510,1777560248709409,,,,client-3-3,Insert,11270737,200,78899
client,client_request,completed,1777560248964636,3,,,1777560248709514,1777560248964636,1777560248709514,1777560248964636,,,,client-3-3,Insert,-2668861,200,255122
