[2026-08-19T13:53:20.224Z INFO  gresse::http_server] running CRDT HTTP server
[2026-08-19T13:53:20.224Z INFO  gresse::http_server] listening for HTTP on 0.0.0.0:18084
[2026-08-19T13:53:20.261Z INFO  gresse::replica] replica 178714744544926860 initiating runtime at bind_http=0.0.0.0:18084 bind_internal=0.0.0.0:19084 advertised_internal=13.193.126.237:19084
[2026-08-19T13:53:21.033Z INFO  gresse::object_storage] object storage connection established: backend=s3, bucket=gresse-geo-035351467464-20260819104151-566c04, region=eu-north-1, endpoint=AWS default endpoint resolution, first_operation=put-create, object_path=acm-sec-geo-churn-smoke-20260819T135045Z-25226496/membership/178714744544926860,13.193.126.237:19084,0
[2026-08-19T13:53:21.232Z INFO  gresse::network] replica 178714744544926860 registered bidirectional network channel for replica 178714744544926854
[2026-08-19T13:53:21.293Z INFO  gresse::replica] replica 178714744544926860 discovered 30 membership descriptors during init
[2026-08-19T13:53:21.293Z INFO  gresse::network] replica 178714744544926860 discovered network member NetworkMember { pid: 178714744544926831, address: 16.170.40.83:19080, final_counter: None }
[2026-08-19T13:53:21.293Z INFO  gresse::network] replica 178714744544926860 discovered network member NetworkMember { pid: 178714744544926832, address: 16.170.40.83:19081, final_counter: None }
[2026-08-19T13:53:21.293Z INFO  gresse::network] replica 178714744544926860 discovered network member NetworkMember { pid: 178714744544926833, address: 16.170.40.83:19082, final_counter: None }
[2026-08-19T13:53:21.293Z INFO  gresse::network] replica 178714744544926860 discovered network member NetworkMember { pid: 178714744544926834, address: 16.170.40.83:19083, final_counter: None }
[2026-08-19T13:53:21.293Z INFO  gresse::network] replica 178714744544926860 discovered network member NetworkMember { pid: 178714744544926835, address: 16.170.40.83:19084, final_counter: None }
[2026-08-19T13:53:21.293Z INFO  gresse::network] replica 178714744544926860 discovered network member NetworkMember { pid: 178714744544926836, address: 63.186.69.1:19080, final_counter: None }
[2026-08-19T13:53:21.293Z INFO  gresse::network] replica 178714744544926860 discovered network member NetworkMember { pid: 178714744544926837, address: 63.186.69.1:19081, final_counter: None }
[2026-08-19T13:53:21.293Z INFO  gresse::network] replica 178714744544926860 discovered network member NetworkMember { pid: 178714744544926838, address: 63.186.69.1:19082, final_counter: None }
[2026-08-19T13:53:21.293Z INFO  gresse::network] replica 178714744544926860 discovered network member NetworkMember { pid: 178714744544926839, address: 63.186.69.1:19083, final_counter: None }
[2026-08-19T13:53:21.293Z INFO  gresse::network] replica 178714744544926860 discovered network member NetworkMember { pid: 178714744544926840, address: 63.186.69.1:19084, final_counter: None }
[2026-08-19T13:53:21.293Z INFO  gresse::network] replica 178714744544926860 discovered network member NetworkMember { pid: 178714744544926841, address: 13.219.225.164:19080, final_counter: None }
[2026-08-19T13:53:21.293Z INFO  gresse::network] replica 178714744544926860 discovered network member NetworkMember { pid: 178714744544926842, address: 13.219.225.164:19081, final_counter: None }
[2026-08-19T13:53:21.293Z INFO  gresse::network] replica 178714744544926860 discovered network member NetworkMember { pid: 178714744544926843, address: 13.219.225.164:19082, final_counter: None }
[2026-08-19T13:53:21.293Z INFO  gresse::network] replica 178714744544926860 discovered network member NetworkMember { pid: 178714744544926844, address: 13.219.225.164:19083, final_counter: None }
[2026-08-19T13:53:21.293Z INFO  gresse::network] replica 178714744544926860 discovered network member NetworkMember { pid: 178714744544926845, address: 13.219.225.164:19084, final_counter: None }
[2026-08-19T13:53:21.293Z INFO  gresse::network] replica 178714744544926860 discovered network member NetworkMember { pid: 178714744544926846, address: 54.184.138.82:19080, final_counter: None }
[2026-08-19T13:53:21.293Z INFO  gresse::network] replica 178714744544926860 discovered network member NetworkMember { pid: 178714744544926847, address: 54.184.138.82:19081, final_counter: None }
[2026-08-19T13:53:21.293Z INFO  gresse::network] replica 178714744544926860 discovered network member NetworkMember { pid: 178714744544926848, address: 54.184.138.82:19082, final_counter: None }
[2026-08-19T13:53:21.293Z INFO  gresse::network] replica 178714744544926860 discovered network member NetworkMember { pid: 178714744544926849, address: 54.184.138.82:19083, final_counter: None }
[2026-08-19T13:53:21.293Z INFO  gresse::network] replica 178714744544926860 discovered network member NetworkMember { pid: 178714744544926850, address: 54.184.138.82:19084, final_counter: None }
[2026-08-19T13:53:21.293Z INFO  gresse::network] replica 178714744544926860 discovered network member NetworkMember { pid: 178714744544926851, address: 47.129.167.193:19080, final_counter: None }
[2026-08-19T13:53:21.293Z INFO  gresse::network] replica 178714744544926860 discovered network member NetworkMember { pid: 178714744544926852, address: 47.129.167.193:19081, final_counter: None }
[2026-08-19T13:53:21.293Z INFO  gresse::network] replica 178714744544926860 discovered network member NetworkMember { pid: 178714744544926853, address: 47.129.167.193:19082, final_counter: None }
[2026-08-19T13:53:21.293Z INFO  gresse::network] replica 178714744544926860 discovered network member NetworkMember { pid: 178714744544926855, address: 47.129.167.193:19084, final_counter: None }
[2026-08-19T13:53:21.293Z INFO  gresse::network] replica 178714744544926860 discovered network member NetworkMember { pid: 178714744544926856, address: 13.193.126.237:19080, final_counter: None }
[2026-08-19T13:53:21.293Z INFO  gresse::network] replica 178714744544926860 discovered network member NetworkMember { pid: 178714744544926857, address: 13.193.126.237:19081, final_counter: None }
[2026-08-19T13:53:21.293Z INFO  gresse::network] replica 178714744544926860 discovered network member NetworkMember { pid: 178714744544926858, address: 13.193.126.237:19082, final_counter: None }
[2026-08-19T13:53:21.293Z INFO  gresse::network] replica 178714744544926860 discovered network member NetworkMember { pid: 178714744544926859, address: 13.193.126.237:19083, final_counter: None }
[2026-08-19T13:53:21.294Z INFO  gresse::network] replica 178714744544926860 registered bidirectional network channel for replica 178714744544926858
[2026-08-19T13:53:21.294Z INFO  gresse::network] replica 178714744544926860 registered bidirectional network channel for replica 178714744544926859
[2026-08-19T13:53:21.294Z INFO  gresse::network] replica 178714744544926860 registered bidirectional network channel for replica 178714744544926856
[2026-08-19T13:53:21.295Z INFO  gresse::network] replica 178714744544926860 registered bidirectional network channel for replica 178714744544926857
[2026-08-19T13:53:21.296Z INFO  gresse::replica] replica 178714744544926860 startup completed
[2026-08-19T13:53:21.296Z INFO  gresse::replica] replica 178714744544926860 established peer replication connection with replica 178714744544926854
[2026-08-19T13:53:21.296Z INFO  gresse::replica] replica 178714744544926860 established peer replication connection with replica 178714744544926858
[2026-08-19T13:53:21.296Z INFO  gresse::replica] replica 178714744544926860 established peer replication connection with replica 178714744544926859
[2026-08-19T13:53:21.296Z INFO  gresse::replica] replica 178714744544926860 established peer replication connection with replica 178714744544926856
[2026-08-19T13:53:21.296Z INFO  gresse::replica] replica 178714744544926860 established peer replication connection with replica 178714744544926857
[2026-08-19T13:53:21.375Z INFO  gresse::network] replica 178714744544926860 registered bidirectional network channel for replica 178714744544926844
[2026-08-19T13:53:21.375Z INFO  gresse::replica] replica 178714744544926860 established peer replication connection with replica 178714744544926844
[2026-08-19T13:53:21.429Z INFO  gresse::network] replica 178714744544926860 registered bidirectional network channel for replica 178714744544926851
[2026-08-19T13:53:21.429Z INFO  gresse::replica] replica 178714744544926860 established peer replication connection with replica 178714744544926851
[2026-08-19T13:53:21.429Z INFO  gresse::network] replica 178714744544926860 registered bidirectional network channel for replica 178714744544926853
[2026-08-19T13:53:21.429Z INFO  gresse::replica] replica 178714744544926860 established peer replication connection with replica 178714744544926853
[2026-08-19T13:53:21.430Z INFO  gresse::network] replica 178714744544926860 registered bidirectional network channel for replica 178714744544926855
[2026-08-19T13:53:21.430Z INFO  gresse::replica] replica 178714744544926860 established peer replication connection with replica 178714744544926855
[2026-08-19T13:53:21.433Z INFO  gresse::network] replica 178714744544926860 registered bidirectional network channel for replica 178714744544926852
[2026-08-19T13:53:21.433Z INFO  gresse::replica] replica 178714744544926860 established peer replication connection with replica 178714744544926852
[2026-08-19T13:53:21.488Z INFO  gresse::network] replica 178714744544926860 registered bidirectional network channel for replica 178714744544926846
[2026-08-19T13:53:21.488Z INFO  gresse::replica] replica 178714744544926860 established peer replication connection with replica 178714744544926846
[2026-08-19T13:53:21.489Z INFO  gresse::network] replica 178714744544926860 registered bidirectional network channel for replica 178714744544926849
[2026-08-19T13:53:21.489Z INFO  gresse::replica] replica 178714744544926860 established peer replication connection with replica 178714744544926849
[2026-08-19T13:53:21.490Z INFO  gresse::network] replica 178714744544926860 registered bidirectional network channel for replica 178714744544926847
[2026-08-19T13:53:21.490Z INFO  gresse::network] replica 178714744544926860 registered bidirectional network channel for replica 178714744544926848
[2026-08-19T13:53:21.490Z INFO  gresse::replica] replica 178714744544926860 established peer replication connection with replica 178714744544926847
[2026-08-19T13:53:21.490Z INFO  gresse::replica] replica 178714744544926860 established peer replication connection with replica 178714744544926848
[2026-08-19T13:53:21.491Z INFO  gresse::network] replica 178714744544926860 registered bidirectional network channel for replica 178714744544926850
[2026-08-19T13:53:21.491Z INFO  gresse::replica] replica 178714744544926860 established peer replication connection with replica 178714744544926850
[2026-08-19T13:53:21.587Z INFO  gresse::network] replica 178714744544926860 registered bidirectional network channel for replica 178714744544926842
[2026-08-19T13:53:21.587Z INFO  gresse::replica] replica 178714744544926860 established peer replication connection with replica 178714744544926842
[2026-08-19T13:53:21.587Z INFO  gresse::network] replica 178714744544926860 registered bidirectional network channel for replica 178714744544926841
[2026-08-19T13:53:21.588Z INFO  gresse::replica] replica 178714744544926860 established peer replication connection with replica 178714744544926841
[2026-08-19T13:53:21.592Z INFO  gresse::network] replica 178714744544926860 registered bidirectional network channel for replica 178714744544926845
[2026-08-19T13:53:21.592Z INFO  gresse::replica] replica 178714744544926860 established peer replication connection with replica 178714744544926845
[2026-08-19T13:53:21.599Z INFO  gresse::network] replica 178714744544926860 registered bidirectional network channel for replica 178714744544926843
[2026-08-19T13:53:21.599Z INFO  gresse::replica] replica 178714744544926860 established peer replication connection with replica 178714744544926843
[2026-08-19T13:53:21.742Z INFO  gresse::network] replica 178714744544926860 registered bidirectional network channel for replica 178714744544926839
[2026-08-19T13:53:21.742Z INFO  gresse::network] replica 178714744544926860 registered bidirectional network channel for replica 178714744544926836
[2026-08-19T13:53:21.742Z INFO  gresse::replica] replica 178714744544926860 established peer replication connection with replica 178714744544926839
[2026-08-19T13:53:21.742Z INFO  gresse::replica] replica 178714744544926860 established peer replication connection with replica 178714744544926836
[2026-08-19T13:53:21.742Z INFO  gresse::network] replica 178714744544926860 registered bidirectional network channel for replica 178714744544926840
[2026-08-19T13:53:21.742Z INFO  gresse::replica] replica 178714744544926860 established peer replication connection with replica 178714744544926840
[2026-08-19T13:53:21.763Z INFO  gresse::network] replica 178714744544926860 registered bidirectional network channel for replica 178714744544926838
[2026-08-19T13:53:21.763Z INFO  gresse::replica] replica 178714744544926860 established peer replication connection with replica 178714744544926838
[2026-08-19T13:53:21.771Z INFO  gresse::network] replica 178714744544926860 registered bidirectional network channel for replica 178714744544926837
[2026-08-19T13:53:21.771Z INFO  gresse::replica] replica 178714744544926860 established peer replication connection with replica 178714744544926837
[2026-08-19T13:53:21.781Z INFO  gresse::network] replica 178714744544926860 registered bidirectional network channel for replica 178714744544926831
[2026-08-19T13:53:21.781Z INFO  gresse::replica] replica 178714744544926860 established peer replication connection with replica 178714744544926831
[2026-08-19T13:53:21.781Z INFO  gresse::network] replica 178714744544926860 registered bidirectional network channel for replica 178714744544926834
[2026-08-19T13:53:21.781Z INFO  gresse::replica] replica 178714744544926860 established peer replication connection with replica 178714744544926834
[2026-08-19T13:53:21.781Z INFO  gresse::network] replica 178714744544926860 registered bidirectional network channel for replica 178714744544926835
[2026-08-19T13:53:21.781Z INFO  gresse::replica] replica 178714744544926860 established peer replication connection with replica 178714744544926835
[2026-08-19T13:53:21.796Z INFO  gresse::network] replica 178714744544926860 registered bidirectional network channel for replica 178714744544926832
[2026-08-19T13:53:21.796Z INFO  gresse::replica] replica 178714744544926860 established peer replication connection with replica 178714744544926832
[2026-08-19T13:53:21.800Z INFO  gresse::network] replica 178714744544926860 registered bidirectional network channel for replica 178714744544926833
[2026-08-19T13:53:21.800Z INFO  gresse::replica] replica 178714744544926860 established peer replication connection with replica 178714744544926833
[2026-08-19T13:54:54.297Z WARN  gresse::network] peer connection write failed: Broken pipe (os error 32)
[2026-08-19T13:55:07.297Z WARN  gresse::network] peer connection write failed: Broken pipe (os error 32)
[2026-08-19T13:55:11.297Z WARN  gresse::replica] replica 178714744544926860 deferred pull request to peer 178714744544926831: channel closed
[2026-08-19T13:55:15.297Z WARN  gresse::replica] replica 178714744544926860 deferred pull request to peer 178714744544926843: channel closed
[2026-08-19T13:55:25.813Z INFO  gresse::network] replica 178714744544926860 registered bidirectional network channel for replica 178714744544926861
[2026-08-19T13:55:25.813Z INFO  gresse::replica] replica 178714744544926860 established peer replication connection with replica 178714744544926861
[2026-08-19T13:55:27.422Z INFO  gresse::network] replica 178714744544926860 registered bidirectional network channel for replica 178714744544926862
[2026-08-19T13:55:27.422Z INFO  gresse::replica] replica 178714744544926860 established peer replication connection with replica 178714744544926862
[2026-08-19T13:56:15.526Z INFO  gresse::replica] replica 178714744544926860 observed shutdown descriptor for replica 178714744544926837 with final counter Some(2)
[2026-08-19T13:56:15.790Z INFO  gresse::replica] replica 178714744544926860 observed shutdown descriptor for replica 178714744544926849 with final counter Some(1)
[2026-08-19T13:56:20.527Z INFO  gresse::replica] replica 178714744544926860 observed shutdown descriptor for replica 178714744544926837 with final counter Some(2)
[2026-08-19T13:56:20.791Z INFO  gresse::replica] replica 178714744544926860 observed shutdown descriptor for replica 178714744544926849 with final counter Some(1)
[2026-08-19T13:56:25.524Z INFO  gresse::replica] replica 178714744544926860 observed shutdown descriptor for replica 178714744544926837 with final counter Some(2)
[2026-08-19T13:56:25.790Z INFO  gresse::replica] replica 178714744544926860 observed shutdown descriptor for replica 178714744544926849 with final counter Some(1)
[2026-08-19T13:56:30.525Z INFO  gresse::replica] replica 178714744544926860 observed shutdown descriptor for replica 178714744544926837 with final counter Some(2)
[2026-08-19T13:56:30.792Z INFO  gresse::replica] replica 178714744544926860 observed shutdown descriptor for replica 178714744544926849 with final counter Some(1)
[2026-08-19T13:56:35.528Z INFO  gresse::replica] replica 178714744544926860 observed shutdown descriptor for replica 178714744544926837 with final counter Some(2)
[2026-08-19T13:56:35.793Z INFO  gresse::replica] replica 178714744544926860 observed shutdown descriptor for replica 178714744544926849 with final counter Some(1)
[2026-08-19T13:56:40.524Z INFO  gresse::replica] replica 178714744544926860 observed shutdown descriptor for replica 178714744544926837 with final counter Some(2)
[2026-08-19T13:56:40.790Z INFO  gresse::replica] replica 178714744544926860 observed shutdown descriptor for replica 178714744544926849 with final counter Some(1)
[2026-08-19T13:56:45.524Z INFO  gresse::replica] replica 178714744544926860 observed shutdown descriptor for replica 178714744544926837 with final counter Some(2)
[2026-08-19T13:56:45.790Z INFO  gresse::replica] replica 178714744544926860 observed shutdown descriptor for replica 178714744544926849 with final counter Some(1)
[2026-08-19T13:56:50.528Z INFO  gresse::replica] replica 178714744544926860 observed shutdown descriptor for replica 178714744544926837 with final counter Some(2)
[2026-08-19T13:56:50.792Z INFO  gresse::replica] replica 178714744544926860 observed shutdown descriptor for replica 178714744544926849 with final counter Some(1)
[2026-08-19T13:56:55.523Z INFO  gresse::replica] replica 178714744544926860 observed shutdown descriptor for replica 178714744544926837 with final counter Some(2)
[2026-08-19T13:56:55.789Z INFO  gresse::replica] replica 178714744544926860 observed shutdown descriptor for replica 178714744544926849 with final counter Some(1)
[2026-08-19T13:56:56.080Z INFO  gresse::network] replica 178714744544926860 registered bidirectional network channel for replica 178714744544926863
[2026-08-19T13:56:56.080Z INFO  gresse::replica] replica 178714744544926860 established peer replication connection with replica 178714744544926863
[2026-08-19T13:56:58.361Z INFO  gresse::network] replica 178714744544926860 registered bidirectional network channel for replica 178714744544926864
[2026-08-19T13:56:58.361Z INFO  gresse::replica] replica 178714744544926860 established peer replication connection with replica 178714744544926864
[2026-08-19T13:57:00.523Z INFO  gresse::replica] replica 178714744544926860 observed shutdown descriptor for replica 178714744544926837 with final counter Some(2)
[2026-08-19T13:57:00.790Z INFO  gresse::replica] replica 178714744544926860 observed shutdown descriptor for replica 178714744544926849 with final counter Some(1)
[2026-08-19T13:57:05.525Z INFO  gresse::replica] replica 178714744544926860 observed shutdown descriptor for replica 178714744544926837 with final counter Some(2)
[2026-08-19T13:57:05.794Z INFO  gresse::replica] replica 178714744544926860 observed shutdown descriptor for replica 178714744544926849 with final counter Some(1)
[2026-08-19T13:57:10.529Z INFO  gresse::replica] replica 178714744544926860 observed shutdown descriptor for replica 178714744544926837 with final counter Some(2)
[2026-08-19T13:57:10.792Z INFO  gresse::replica] replica 178714744544926860 observed shutdown descriptor for replica 178714744544926849 with final counter Some(1)
[2026-08-19T13:57:15.526Z INFO  gresse::replica] replica 178714744544926860 observed shutdown descriptor for replica 178714744544926837 with final counter Some(2)
[2026-08-19T13:57:15.791Z INFO  gresse::replica] replica 178714744544926860 observed shutdown descriptor for replica 178714744544926849 with final counter Some(1)
[2026-08-19T13:57:20.526Z INFO  gresse::replica] replica 178714744544926860 observed shutdown descriptor for replica 178714744544926837 with final counter Some(2)
[2026-08-19T13:57:20.794Z INFO  gresse::replica] replica 178714744544926860 observed shutdown descriptor for replica 178714744544926849 with final counter Some(1)
[2026-08-19T13:57:25.531Z INFO  gresse::replica] replica 178714744544926860 observed shutdown descriptor for replica 178714744544926837 with final counter Some(2)
[2026-08-19T13:57:25.797Z INFO  gresse::replica] replica 178714744544926860 observed shutdown descriptor for replica 178714744544926849 with final counter Some(1)
[2026-08-19T13:57:30.530Z INFO  gresse::replica] replica 178714744544926860 observed shutdown descriptor for replica 178714744544926837 with final counter Some(2)
[2026-08-19T13:57:30.796Z INFO  gresse::replica] replica 178714744544926860 observed shutdown descriptor for replica 178714744544926849 with final counter Some(1)
[2026-08-19T13:57:35.523Z INFO  gresse::replica] replica 178714744544926860 observed shutdown descriptor for replica 178714744544926837 with final counter Some(2)
[2026-08-19T13:57:35.786Z INFO  gresse::replica] replica 178714744544926860 observed shutdown descriptor for replica 178714744544926849 with final counter Some(1)
[2026-08-19T13:57:40.524Z INFO  gresse::replica] replica 178714744544926860 observed shutdown descriptor for replica 178714744544926837 with final counter Some(2)
[2026-08-19T13:57:40.789Z INFO  gresse::replica] replica 178714744544926860 observed shutdown descriptor for replica 178714744544926849 with final counter Some(1)
[2026-08-19T13:57:45.528Z INFO  gresse::replica] replica 178714744544926860 observed shutdown descriptor for replica 178714744544926837 with final counter Some(2)
[2026-08-19T13:57:45.796Z INFO  gresse::replica] replica 178714744544926860 observed shutdown descriptor for replica 178714744544926849 with final counter Some(1)
[2026-08-19T13:57:50.526Z INFO  gresse::replica] replica 178714744544926860 observed shutdown descriptor for replica 178714744544926837 with final counter Some(2)
[2026-08-19T13:57:50.793Z INFO  gresse::replica] replica 178714744544926860 observed shutdown descriptor for replica 178714744544926849 with final counter Some(1)
[2026-08-19T13:57:55.525Z INFO  gresse::replica] replica 178714744544926860 observed shutdown descriptor for replica 178714744544926837 with final counter Some(2)
[2026-08-19T13:57:55.789Z INFO  gresse::replica] replica 178714744544926860 observed shutdown descriptor for replica 178714744544926849 with final counter Some(1)
[2026-08-19T13:58:00.525Z INFO  gresse::replica] replica 178714744544926860 observed shutdown descriptor for replica 178714744544926837 with final counter Some(2)
[2026-08-19T13:58:00.791Z INFO  gresse::replica] replica 178714744544926860 observed shutdown descriptor for replica 178714744544926849 with final counter Some(1)
[2026-08-19T13:58:05.527Z INFO  gresse::replica] replica 178714744544926860 observed shutdown descriptor for replica 178714744544926837 with final counter Some(2)
[2026-08-19T13:58:05.790Z INFO  gresse::replica] replica 178714744544926860 observed shutdown descriptor for replica 178714744544926849 with final counter Some(1)
[2026-08-19T13:58:10.526Z INFO  gresse::replica] replica 178714744544926860 observed shutdown descriptor for replica 178714744544926837 with final counter Some(2)
[2026-08-19T13:58:10.794Z INFO  gresse::replica] replica 178714744544926860 observed shutdown descriptor for replica 178714744544926849 with final counter Some(1)
[2026-08-19T13:58:15.521Z INFO  gresse::replica] replica 178714744544926860 observed shutdown descriptor for replica 178714744544926837 with final counter Some(2)
[2026-08-19T13:58:16.281Z INFO  gresse::replica] replica 178714744544926860 observed shutdown descriptor for replica 178714744544926849 with final counter Some(1)
[2026-08-19T13:58:20.774Z INFO  gresse::replica] replica 178714744544926860 observed shutdown descriptor for replica 178714744544926837 with final counter Some(2)
[2026-08-19T13:58:21.042Z INFO  gresse::replica] replica 178714744544926860 observed shutdown descriptor for replica 178714744544926849 with final counter Some(1)
[2026-08-19T13:58:25.775Z INFO  gresse::replica] replica 178714744544926860 observed shutdown descriptor for replica 178714744544926837 with final counter Some(2)
[2026-08-19T13:58:26.044Z INFO  gresse::replica] replica 178714744544926860 observed shutdown descriptor for replica 178714744544926849 with final counter Some(1)
[2026-08-19T13:58:30.525Z INFO  gresse::replica] replica 178714744544926860 observed shutdown descriptor for replica 178714744544926837 with final counter Some(2)
[2026-08-19T13:58:30.791Z INFO  gresse::replica] replica 178714744544926860 observed shutdown descriptor for replica 178714744544926849 with final counter Some(1)
[2026-08-19T13:58:35.529Z INFO  gresse::replica] replica 178714744544926860 observed shutdown descriptor for replica 178714744544926837 with final counter Some(2)
[2026-08-19T13:58:35.794Z INFO  gresse::replica] replica 178714744544926860 observed shutdown descriptor for replica 178714744544926849 with final counter Some(1)
[2026-08-19T13:58:40.525Z INFO  gresse::replica] replica 178714744544926860 observed shutdown descriptor for replica 178714744544926837 with final counter Some(2)
[2026-08-19T13:58:40.794Z INFO  gresse::replica] replica 178714744544926860 observed shutdown descriptor for replica 178714744544926849 with final counter Some(1)
[2026-08-19T13:58:45.528Z INFO  gresse::replica] replica 178714744544926860 observed shutdown descriptor for replica 178714744544926837 with final counter Some(2)
[2026-08-19T13:58:45.797Z INFO  gresse::replica] replica 178714744544926860 observed shutdown descriptor for replica 178714744544926849 with final counter Some(1)
[2026-08-19T13:58:50.528Z INFO  gresse::replica] replica 178714744544926860 observed shutdown descriptor for replica 178714744544926837 with final counter Some(2)
[2026-08-19T13:58:50.795Z INFO  gresse::replica] replica 178714744544926860 observed shutdown descriptor for replica 178714744544926849 with final counter Some(1)
[2026-08-19T13:58:55.529Z INFO  gresse::replica] replica 178714744544926860 observed shutdown descriptor for replica 178714744544926837 with final counter Some(2)
[2026-08-19T13:58:55.793Z INFO  gresse::replica] replica 178714744544926860 observed shutdown descriptor for replica 178714744544926849 with final counter Some(1)
[2026-08-19T13:59:02.037Z INFO  gresse::replica] replica 178714744544926860 observed shutdown descriptor for replica 178714744544926837 with final counter Some(2)
[2026-08-19T13:59:02.315Z INFO  gresse::replica] replica 178714744544926860 observed shutdown descriptor for replica 178714744544926849 with final counter Some(1)
[2026-08-19T13:59:05.543Z INFO  gresse::replica] replica 178714744544926860 observed shutdown descriptor for replica 178714744544926837 with final counter Some(2)
[2026-08-19T13:59:05.822Z INFO  gresse::replica] replica 178714744544926860 observed shutdown descriptor for replica 178714744544926849 with final counter Some(1)
[2026-08-19T13:59:10.535Z INFO  gresse::replica] replica 178714744544926860 observed shutdown descriptor for replica 178714744544926837 with final counter Some(2)
[2026-08-19T13:59:10.815Z INFO  gresse::replica] replica 178714744544926860 observed shutdown descriptor for replica 178714744544926849 with final counter Some(1)
[2026-08-19T13:59:15.564Z INFO  gresse::replica] replica 178714744544926860 observed shutdown descriptor for replica 178714744544926837 with final counter Some(2)
[2026-08-19T13:59:15.843Z INFO  gresse::replica] replica 178714744544926860 observed shutdown descriptor for replica 178714744544926849 with final counter Some(1)
[2026-08-19T13:59:20.547Z INFO  gresse::replica] replica 178714744544926860 observed shutdown descriptor for replica 178714744544926837 with final counter Some(2)
[2026-08-19T13:59:20.828Z INFO  gresse::replica] replica 178714744544926860 observed shutdown descriptor for replica 178714744544926849 with final counter Some(1)
[2026-08-19T13:59:25.544Z INFO  gresse::replica] replica 178714744544926860 observed shutdown descriptor for replica 178714744544926837 with final counter Some(2)
[2026-08-19T13:59:25.822Z INFO  gresse::replica] replica 178714744544926860 observed shutdown descriptor for replica 178714744544926849 with final counter Some(1)
[2026-08-19T13:59:30.541Z INFO  gresse::replica] replica 178714744544926860 observed shutdown descriptor for replica 178714744544926837 with final counter Some(2)
[2026-08-19T13:59:30.820Z INFO  gresse::replica] replica 178714744544926860 observed shutdown descriptor for replica 178714744544926849 with final counter Some(1)
[2026-08-19T13:59:35.541Z INFO  gresse::replica] replica 178714744544926860 observed shutdown descriptor for replica 178714744544926837 with final counter Some(2)
[2026-08-19T13:59:35.820Z INFO  gresse::replica] replica 178714744544926860 observed shutdown descriptor for replica 178714744544926849 with final counter Some(1)
[2026-08-19T13:59:40.546Z INFO  gresse::replica] replica 178714744544926860 observed shutdown descriptor for replica 178714744544926837 with final counter Some(2)
[2026-08-19T13:59:40.822Z INFO  gresse::replica] replica 178714744544926860 observed shutdown descriptor for replica 178714744544926849 with final counter Some(1)
[2026-08-19T13:59:45.545Z INFO  gresse::replica] replica 178714744544926860 observed shutdown descriptor for replica 178714744544926837 with final counter Some(2)
[2026-08-19T13:59:45.825Z INFO  gresse::replica] replica 178714744544926860 observed shutdown descriptor for replica 178714744544926849 with final counter Some(1)
[2026-08-19T13:59:50.544Z INFO  gresse::replica] replica 178714744544926860 observed shutdown descriptor for replica 178714744544926837 with final counter Some(2)
[2026-08-19T13:59:50.828Z INFO  gresse::replica] replica 178714744544926860 observed shutdown descriptor for replica 178714744544926849 with final counter Some(1)
[2026-08-19T13:59:55.547Z INFO  gresse::replica] replica 178714744544926860 observed shutdown descriptor for replica 178714744544926837 with final counter Some(2)
[2026-08-19T13:59:55.828Z INFO  gresse::replica] replica 178714744544926860 observed shutdown descriptor for replica 178714744544926849 with final counter Some(1)
[2026-08-19T14:00:00.548Z INFO  gresse::replica] replica 178714744544926860 observed shutdown descriptor for replica 178714744544926837 with final counter Some(2)
[2026-08-19T14:00:00.828Z INFO  gresse::replica] replica 178714744544926860 observed shutdown descriptor for replica 178714744544926849 with final counter Some(1)
[2026-08-19T14:00:05.550Z INFO  gresse::replica] replica 178714744544926860 observed shutdown descriptor for replica 178714744544926837 with final counter Some(2)
[2026-08-19T14:00:05.831Z INFO  gresse::replica] replica 178714744544926860 observed shutdown descriptor for replica 178714744544926849 with final counter Some(1)
[2026-08-19T14:00:06.111Z INFO  gresse::replica] replica 178714744544926860 observed shutdown descriptor for replica 178714744544926861 with final counter Some(3)
[2026-08-19T14:00:10.550Z INFO  gresse::replica] replica 178714744544926860 observed shutdown descriptor for replica 178714744544926832 with final counter Some(5)
[2026-08-19T14:00:10.833Z INFO  gresse::replica] replica 178714744544926860 observed shutdown descriptor for replica 178714744544926833 with final counter Some(4)
[2026-08-19T14:00:11.109Z INFO  gresse::replica] replica 178714744544926860 observed shutdown descriptor for replica 178714744544926834 with final counter Some(4)
[2026-08-19T14:00:11.389Z INFO  gresse::replica] replica 178714744544926860 observed shutdown descriptor for replica 178714744544926835 with final counter Some(4)
[2026-08-19T14:00:11.670Z INFO  gresse::replica] replica 178714744544926860 observed shutdown descriptor for replica 178714744544926837 with final counter Some(2)
[2026-08-19T14:00:11.948Z INFO  gresse::replica] replica 178714744544926860 observed shutdown descriptor for replica 178714744544926849 with final counter Some(1)
[2026-08-19T14:00:12.230Z INFO  gresse::replica] replica 178714744544926860 observed shutdown descriptor for replica 178714744544926861 with final counter Some(3)
[2026-08-19T14:00:15.546Z INFO  gresse::replica] replica 178714744544926860 observed shutdown descriptor for replica 178714744544926832 with final counter Some(5)
[2026-08-19T14:00:15.826Z INFO  gresse::replica] replica 178714744544926860 observed shutdown descriptor for replica 178714744544926833 with final counter Some(4)
[2026-08-19T14:00:16.103Z INFO  gresse::replica] replica 178714744544926860 observed shutdown descriptor for replica 178714744544926834 with final counter Some(4)
[2026-08-19T14:00:16.382Z INFO  gresse::replica] replica 178714744544926860 observed shutdown descriptor for replica 178714744544926835 with final counter Some(4)
[2026-08-19T14:00:16.659Z INFO  gresse::replica] replica 178714744544926860 observed shutdown descriptor for replica 178714744544926836 with final counter Some(4)
[2026-08-19T14:00:16.938Z INFO  gresse::replica] replica 178714744544926860 observed shutdown descriptor for replica 178714744544926837 with final counter Some(2)
[2026-08-19T14:00:17.217Z INFO  gresse::replica] replica 178714744544926860 observed shutdown descriptor for replica 178714744544926838 with final counter Some(4)
[2026-08-19T14:00:17.508Z INFO  gresse::replica] replica 178714744544926860 observed shutdown descriptor for replica 178714744544926839 with final counter Some(4)
[2026-08-19T14:00:17.790Z INFO  gresse::replica] replica 178714744544926860 observed shutdown descriptor for replica 178714744544926849 with final counter Some(1)
[2026-08-19T14:00:18.067Z INFO  gresse::replica] replica 178714744544926860 observed shutdown descriptor for replica 178714744544926861 with final counter Some(3)
[2026-08-19T14:00:18.346Z INFO  gresse::replica] replica 178714744544926860 observed shutdown descriptor for replica 178714744544926863 with final counter Some(1)
[2026-08-19T14:00:20.547Z INFO  gresse::replica] replica 178714744544926860 observed shutdown descriptor for replica 178714744544926832 with final counter Some(5)
[2026-08-19T14:00:20.826Z INFO  gresse::replica] replica 178714744544926860 observed shutdown descriptor for replica 178714744544926833 with final counter Some(4)
[2026-08-19T14:00:21.109Z INFO  gresse::replica] replica 178714744544926860 observed shutdown descriptor for replica 178714744544926834 with final counter Some(4)
[2026-08-19T14:00:21.392Z INFO  gresse::replica] replica 178714744544926860 observed shutdown descriptor for replica 178714744544926835 with final counter Some(4)
[2026-08-19T14:00:21.675Z INFO  gresse::replica] replica 178714744544926860 observed shutdown descriptor for replica 178714744544926836 with final counter Some(4)
[2026-08-19T14:00:21.951Z INFO  gresse::replica] replica 178714744544926860 observed shutdown descriptor for replica 178714744544926837 with final counter Some(2)
[2026-08-19T14:00:22.231Z INFO  gresse::replica] replica 178714744544926860 observed shutdown descriptor for replica 178714744544926838 with final counter Some(4)
[2026-08-19T14:00:22.512Z INFO  gresse::replica] replica 178714744544926860 observed shutdown descriptor for replica 178714744544926839 with final counter Some(4)
[2026-08-19T14:00:22.794Z INFO  gresse::replica] replica 178714744544926860 observed shutdown descriptor for replica 178714744544926840 with final counter Some(4)
[2026-08-19T14:00:23.073Z INFO  gresse::replica] replica 178714744544926860 observed shutdown descriptor for replica 178714744544926841 with final counter Some(4)
[2026-08-19T14:00:23.351Z INFO  gresse::replica] replica 178714744544926860 observed shutdown descriptor for replica 178714744544926849 with final counter Some(1)
[2026-08-19T14:00:23.628Z INFO  gresse::replica] replica 178714744544926860 observed shutdown descriptor for replica 178714744544926861 with final counter Some(3)
[2026-08-19T14:00:23.908Z INFO  gresse::replica] replica 178714744544926860 observed shutdown descriptor for replica 178714744544926863 with final counter Some(1)
[2026-08-19T14:00:25.548Z INFO  gresse::replica] replica 178714744544926860 observed shutdown descriptor for replica 178714744544926832 with final counter Some(5)
[2026-08-19T14:00:25.827Z INFO  gresse::replica] replica 178714744544926860 observed shutdown descriptor for replica 178714744544926833 with final counter Some(4)
[2026-08-19T14:00:26.107Z INFO  gresse::replica] replica 178714744544926860 observed shutdown descriptor for replica 178714744544926834 with final counter Some(4)
[2026-08-19T14:00:26.385Z INFO  gresse::replica] replica 178714744544926860 observed shutdown descriptor for replica 178714744544926835 with final counter Some(4)
[2026-08-19T14:00:26.680Z INFO  gresse::replica] replica 178714744544926860 observed shutdown descriptor for replica 178714744544926836 with final counter Some(4)
[2026-08-19T14:00:26.961Z INFO  gresse::replica] replica 178714744544926860 observed shutdown descriptor for replica 178714744544926837 with final counter Some(2)
[2026-08-19T14:00:27.238Z INFO  gresse::replica] replica 178714744544926860 observed shutdown descriptor for replica 178714744544926838 with final counter Some(4)
[2026-08-19T14:00:27.522Z INFO  gresse::replica] replica 178714744544926860 observed shutdown descriptor for replica 178714744544926839 with final counter Some(4)
[2026-08-19T14:00:27.804Z INFO  gresse::replica] replica 178714744544926860 observed shutdown descriptor for replica 178714744544926840 with final counter Some(4)
[2026-08-19T14:00:28.086Z INFO  gresse::replica] replica 178714744544926860 observed shutdown descriptor for replica 178714744544926841 with final counter Some(4)
[2026-08-19T14:00:28.367Z INFO  gresse::replica] replica 178714744544926860 observed shutdown descriptor for replica 178714744544926842 with final counter Some(4)
[2026-08-19T14:00:28.646Z INFO  gresse::replica] replica 178714744544926860 observed shutdown descriptor for replica 178714744544926849 with final counter Some(1)
[2026-08-19T14:00:28.925Z INFO  gresse::replica] replica 178714744544926860 observed shutdown descriptor for replica 178714744544926861 with final counter Some(3)
[2026-08-19T14:00:29.204Z INFO  gresse::replica] replica 178714744544926860 observed shutdown descriptor for replica 178714744544926863 with final counter Some(1)
[2026-08-19T14:00:30.552Z INFO  gresse::replica] replica 178714744544926860 observed shutdown descriptor for replica 178714744544926832 with final counter Some(5)
[2026-08-19T14:00:30.830Z INFO  gresse::replica] replica 178714744544926860 observed shutdown descriptor for replica 178714744544926833 with final counter Some(4)
[2026-08-19T14:00:31.113Z INFO  gresse::replica] replica 178714744544926860 observed shutdown descriptor for replica 178714744544926834 with final counter Some(4)
[2026-08-19T14:00:31.391Z INFO  gresse::replica] replica 178714744544926860 observed shutdown descriptor for replica 178714744544926835 with final counter Some(4)
[2026-08-19T14:00:31.668Z INFO  gresse::replica] replica 178714744544926860 observed shutdown descriptor for replica 178714744544926836 with final counter Some(4)
[2026-08-19T14:00:32.425Z INFO  gresse::replica] replica 178714744544926860 observed shutdown descriptor for replica 178714744544926837 with final counter Some(2)
[2026-08-19T14:00:32.689Z INFO  gresse::replica] replica 178714744544926860 observed shutdown descriptor for replica 178714744544926838 with final counter Some(4)
[2026-08-19T14:00:32.954Z INFO  gresse::replica] replica 178714744544926860 observed shutdown descriptor for replica 178714744544926839 with final counter Some(4)
[2026-08-19T14:00:33.217Z INFO  gresse::replica] replica 178714744544926860 observed shutdown descriptor for replica 178714744544926840 with final counter Some(4)
[2026-08-19T14:00:33.486Z INFO  gresse::replica] replica 178714744544926860 observed shutdown descriptor for replica 178714744544926841 with final counter Some(4)
[2026-08-19T14:00:33.755Z INFO  gresse::replica] replica 178714744544926860 observed shutdown descriptor for replica 178714744544926842 with final counter Some(4)
[2026-08-19T14:00:34.024Z INFO  gresse::replica] replica 178714744544926860 observed shutdown descriptor for replica 178714744544926849 with final counter Some(1)
[2026-08-19T14:00:34.290Z INFO  gresse::replica] replica 178714744544926860 observed shutdown descriptor for replica 178714744544926861 with final counter Some(3)
[2026-08-19T14:00:34.557Z INFO  gresse::replica] replica 178714744544926860 observed shutdown descriptor for replica 178714744544926862 with final counter Some(2)
[2026-08-19T14:00:34.822Z INFO  gresse::replica] replica 178714744544926860 observed shutdown descriptor for replica 178714744544926863 with final counter Some(1)
[2026-08-19T14:00:35.775Z INFO  gresse::replica] replica 178714744544926860 observed shutdown descriptor for replica 178714744544926832 with final counter Some(5)
[2026-08-19T14:00:36.041Z INFO  gresse::replica] replica 178714744544926860 observed shutdown descriptor for replica 178714744544926833 with final counter Some(4)
[2026-08-19T14:00:36.308Z INFO  gresse::replica] replica 178714744544926860 observed shutdown descriptor for replica 178714744544926834 with final counter Some(4)
[2026-08-19T14:00:36.578Z INFO  gresse::replica] replica 178714744544926860 observed shutdown descriptor for replica 178714744544926835 with final counter Some(4)
[2026-08-19T14:00:36.842Z INFO  gresse::replica] replica 178714744544926860 observed shutdown descriptor for replica 178714744544926836 with final counter Some(4)
[2026-08-19T14:00:37.108Z INFO  gresse::replica] replica 178714744544926860 observed shutdown descriptor for replica 178714744544926837 with final counter Some(2)
[2026-08-19T14:00:37.378Z INFO  gresse::replica] replica 178714744544926860 observed shutdown descriptor for replica 178714744544926838 with final counter Some(4)
[2026-08-19T14:00:37.646Z INFO  gresse::replica] replica 178714744544926860 observed shutdown descriptor for replica 178714744544926839 with final counter Some(4)
[2026-08-19T14:00:37.910Z INFO  gresse::replica] replica 178714744544926860 observed shutdown descriptor for replica 178714744544926840 with final counter Some(4)
[2026-08-19T14:00:38.176Z INFO  gresse::replica] replica 178714744544926860 observed shutdown descriptor for replica 178714744544926841 with final counter Some(4)
[2026-08-19T14:00:38.440Z INFO  gresse::replica] replica 178714744544926860 observed shutdown descriptor for replica 178714744544926842 with final counter Some(4)
[2026-08-19T14:00:38.706Z INFO  gresse::replica] replica 178714744544926860 observed shutdown descriptor for replica 178714744544926844 with final counter Some(4)
[2026-08-19T14:00:38.973Z INFO  gresse::replica] replica 178714744544926860 observed shutdown descriptor for replica 178714744544926849 with final counter Some(1)
[2026-08-19T14:00:39.241Z INFO  gresse::replica] replica 178714744544926860 observed shutdown descriptor for replica 178714744544926861 with final counter Some(3)
[2026-08-19T14:00:39.506Z INFO  gresse::replica] replica 178714744544926860 observed shutdown descriptor for replica 178714744544926862 with final counter Some(2)
[2026-08-19T14:00:39.772Z INFO  gresse::replica] replica 178714744544926860 observed shutdown descriptor for replica 178714744544926863 with final counter Some(1)
[2026-08-19T14:00:40.779Z INFO  gresse::replica] replica 178714744544926860 observed shutdown descriptor for replica 178714744544926832 with final counter Some(5)
[2026-08-19T14:00:41.048Z INFO  gresse::replica] replica 178714744544926860 observed shutdown descriptor for replica 178714744544926833 with final counter Some(4)
[2026-08-19T14:00:41.315Z INFO  gresse::replica] replica 178714744544926860 observed shutdown descriptor for replica 178714744544926834 with final counter Some(4)
[2026-08-19T14:00:41.578Z INFO  gresse::replica] replica 178714744544926860 observed shutdown descriptor for replica 178714744544926835 with final counter Some(4)
[2026-08-19T14:00:41.844Z INFO  gresse::replica] replica 178714744544926860 observed shutdown descriptor for replica 178714744544926836 with final counter Some(4)
[2026-08-19T14:00:42.107Z INFO  gresse::replica] replica 178714744544926860 observed shutdown descriptor for replica 178714744544926837 with final counter Some(2)
[2026-08-19T14:00:42.370Z INFO  gresse::replica] replica 178714744544926860 observed shutdown descriptor for replica 178714744544926838 with final counter Some(4)
[2026-08-19T14:00:42.636Z INFO  gresse::replica] replica 178714744544926860 observed shutdown descriptor for replica 178714744544926839 with final counter Some(4)
[2026-08-19T14:00:42.899Z INFO  gresse::replica] replica 178714744544926860 observed shutdown descriptor for replica 178714744544926840 with final counter Some(4)
[2026-08-19T14:00:43.163Z INFO  gresse::replica] replica 178714744544926860 observed shutdown descriptor for replica 178714744544926841 with final counter Some(4)
[2026-08-19T14:00:43.427Z INFO  gresse::replica] replica 178714744544926860 observed shutdown descriptor for replica 178714744544926842 with final counter Some(4)
[2026-08-19T14:00:43.695Z INFO  gresse::replica] replica 178714744544926860 observed shutdown descriptor for replica 178714744544926844 with final counter Some(4)
[2026-08-19T14:00:43.962Z INFO  gresse::replica] replica 178714744544926860 observed shutdown descriptor for replica 178714744544926845 with final counter Some(4)
[2026-08-19T14:00:44.225Z INFO  gresse::replica] replica 178714744544926860 observed shutdown descriptor for replica 178714744544926849 with final counter Some(1)
[2026-08-19T14:00:44.488Z INFO  gresse::replica] replica 178714744544926860 observed shutdown descriptor for replica 178714744544926861 with final counter Some(3)
[2026-08-19T14:00:44.754Z INFO  gresse::replica] replica 178714744544926860 observed shutdown descriptor for replica 178714744544926862 with final counter Some(2)
[2026-08-19T14:00:45.020Z INFO  gresse::replica] replica 178714744544926860 observed shutdown descriptor for replica 178714744544926863 with final counter Some(1)
[2026-08-19T14:00:45.553Z INFO  gresse::replica] replica 178714744544926860 observed shutdown descriptor for replica 178714744544926832 with final counter Some(5)
[2026-08-19T14:00:45.817Z INFO  gresse::replica] replica 178714744544926860 observed shutdown descriptor for replica 178714744544926833 with final counter Some(4)
[2026-08-19T14:00:46.087Z INFO  gresse::replica] replica 178714744544926860 observed shutdown descriptor for replica 178714744544926834 with final counter Some(4)
[2026-08-19T14:00:46.355Z INFO  gresse::replica] replica 178714744544926860 observed shutdown descriptor for replica 178714744544926835 with final counter Some(4)
[2026-08-19T14:00:46.624Z INFO  gresse::replica] replica 178714744544926860 observed shutdown descriptor for replica 178714744544926836 with final counter Some(4)
[2026-08-19T14:00:46.887Z INFO  gresse::replica] replica 178714744544926860 observed shutdown descriptor for replica 178714744544926837 with final counter Some(2)
[2026-08-19T14:00:47.154Z INFO  gresse::replica] replica 178714744544926860 observed shutdown descriptor for replica 178714744544926838 with final counter Some(4)
[2026-08-19T14:00:47.420Z INFO  gresse::replica] replica 178714744544926860 observed shutdown descriptor for replica 178714744544926839 with final counter Some(4)
[2026-08-19T14:00:47.685Z INFO  gresse::replica] replica 178714744544926860 observed shutdown descriptor for replica 178714744544926840 with final counter Some(4)
[2026-08-19T14:00:47.954Z INFO  gresse::replica] replica 178714744544926860 observed shutdown descriptor for replica 178714744544926841 with final counter Some(4)
[2026-08-19T14:00:48.220Z INFO  gresse::replica] replica 178714744544926860 observed shutdown descriptor for replica 178714744544926842 with final counter Some(4)
[2026-08-19T14:00:48.486Z INFO  gresse::replica] replica 178714744544926860 observed shutdown descriptor for replica 178714744544926844 with final counter Some(4)
[2026-08-19T14:00:48.750Z INFO  gresse::replica] replica 178714744544926860 observed shutdown descriptor for replica 178714744544926845 with final counter Some(4)
[2026-08-19T14:00:49.017Z INFO  gresse::replica] replica 178714744544926860 observed shutdown descriptor for replica 178714744544926849 with final counter Some(1)
[2026-08-19T14:00:49.286Z INFO  gresse::replica] replica 178714744544926860 observed shutdown descriptor for replica 178714744544926861 with final counter Some(3)
[2026-08-19T14:00:49.551Z INFO  gresse::replica] replica 178714744544926860 observed shutdown descriptor for replica 178714744544926862 with final counter Some(2)
[2026-08-19T14:00:49.816Z INFO  gresse::replica] replica 178714744544926860 observed shutdown descriptor for replica 178714744544926863 with final counter Some(1)
[2026-08-19T14:00:50.539Z INFO  gresse::replica] replica 178714744544926860 observed shutdown descriptor for replica 178714744544926832 with final counter Some(5)
[2026-08-19T14:00:50.804Z INFO  gresse::replica] replica 178714744544926860 observed shutdown descriptor for replica 178714744544926833 with final counter Some(4)
[2026-08-19T14:00:51.070Z INFO  gresse::replica] replica 178714744544926860 observed shutdown descriptor for replica 178714744544926834 with final counter Some(4)
[2026-08-19T14:00:51.335Z INFO  gresse::replica] replica 178714744544926860 observed shutdown descriptor for replica 178714744544926835 with final counter Some(4)
[2026-08-19T14:00:51.600Z INFO  gresse::replica] replica 178714744544926860 observed shutdown descriptor for replica 178714744544926836 with final counter Some(4)
[2026-08-19T14:00:51.867Z INFO  gresse::replica] replica 178714744544926860 observed shutdown descriptor for replica 178714744544926837 with final counter Some(2)
[2026-08-19T14:00:52.135Z INFO  gresse::replica] replica 178714744544926860 observed shutdown descriptor for replica 178714744544926838 with final counter Some(4)
[2026-08-19T14:00:52.404Z INFO  gresse::replica] replica 178714744544926860 observed shutdown descriptor for replica 178714744544926839 with final counter Some(4)
[2026-08-19T14:00:52.671Z INFO  gresse::replica] replica 178714744544926860 observed shutdown descriptor for replica 178714744544926840 with final counter Some(4)
[2026-08-19T14:00:52.934Z INFO  gresse::replica] replica 178714744544926860 observed shutdown descriptor for replica 178714744544926841 with final counter Some(4)
[2026-08-19T14:00:53.200Z INFO  gresse::replica] replica 178714744544926860 observed shutdown descriptor for replica 178714744544926842 with final counter Some(4)
[2026-08-19T14:00:53.468Z INFO  gresse::replica] replica 178714744544926860 observed shutdown descriptor for replica 178714744544926844 with final counter Some(4)
[2026-08-19T14:00:53.733Z INFO  gresse::replica] replica 178714744544926860 observed shutdown descriptor for replica 178714744544926845 with final counter Some(4)
[2026-08-19T14:00:54.001Z INFO  gresse::replica] replica 178714744544926860 observed shutdown descriptor for replica 178714744544926846 with final counter Some(4)
[2026-08-19T14:00:54.263Z INFO  gresse::replica] replica 178714744544926860 observed shutdown descriptor for replica 178714744544926849 with final counter Some(1)
[2026-08-19T14:00:54.528Z INFO  gresse::replica] replica 178714744544926860 observed shutdown descriptor for replica 178714744544926861 with final counter Some(3)
[2026-08-19T14:00:54.793Z INFO  gresse::replica] replica 178714744544926860 observed shutdown descriptor for replica 178714744544926862 with final counter Some(2)
[2026-08-19T14:00:55.063Z INFO  gresse::replica] replica 178714744544926860 observed shutdown descriptor for replica 178714744544926863 with final counter Some(1)
[2026-08-19T14:00:55.606Z INFO  gresse::replica] replica 178714744544926860 observed shutdown descriptor for replica 178714744544926832 with final counter Some(5)
[2026-08-19T14:00:55.874Z INFO  gresse::replica] replica 178714744544926860 observed shutdown descriptor for replica 178714744544926833 with final counter Some(4)
[2026-08-19T14:00:56.141Z INFO  gresse::replica] replica 178714744544926860 observed shutdown descriptor for replica 178714744544926834 with final counter Some(4)
[2026-08-19T14:00:56.408Z INFO  gresse::replica] replica 178714744544926860 observed shutdown descriptor for replica 178714744544926835 with final counter Some(4)
[2026-08-19T14:00:56.673Z INFO  gresse::replica] replica 178714744544926860 observed shutdown descriptor for replica 178714744544926836 with final counter Some(4)
[2026-08-19T14:00:56.939Z INFO  gresse::replica] replica 178714744544926860 observed shutdown descriptor for replica 178714744544926837 with final counter Some(2)
[2026-08-19T14:00:57.203Z INFO  gresse::replica] replica 178714744544926860 observed shutdown descriptor for replica 178714744544926838 with final counter Some(4)
[2026-08-19T14:00:57.468Z INFO  gresse::replica] replica 178714744544926860 observed shutdown descriptor for replica 178714744544926839 with final counter Some(4)
[2026-08-19T14:00:57.733Z INFO  gresse::replica] replica 178714744544926860 observed shutdown descriptor for replica 178714744544926840 with final counter Some(4)
[2026-08-19T14:00:57.999Z INFO  gresse::replica] replica 178714744544926860 observed shutdown descriptor for replica 178714744544926841 with final counter Some(4)
[2026-08-19T14:00:58.264Z INFO  gresse::replica] replica 178714744544926860 observed shutdown descriptor for replica 178714744544926842 with final counter Some(4)
[2026-08-19T14:00:58.533Z INFO  gresse::replica] replica 178714744544926860 observed shutdown descriptor for replica 178714744544926844 with final counter Some(4)
[2026-08-19T14:00:58.797Z INFO  gresse::replica] replica 178714744544926860 observed shutdown descriptor for replica 178714744544926845 with final counter Some(4)
[2026-08-19T14:00:59.067Z INFO  gresse::replica] replica 178714744544926860 observed shutdown descriptor for replica 178714744544926846 with final counter Some(4)
[2026-08-19T14:00:59.331Z INFO  gresse::replica] replica 178714744544926860 observed shutdown descriptor for replica 178714744544926849 with final counter Some(1)
[2026-08-19T14:00:59.601Z INFO  gresse::replica] replica 178714744544926860 observed shutdown descriptor for replica 178714744544926861 with final counter Some(3)
[2026-08-19T14:00:59.865Z INFO  gresse::replica] replica 178714744544926860 observed shutdown descriptor for replica 178714744544926862 with final counter Some(2)
[2026-08-19T14:01:00.666Z INFO  gresse::replica] replica 178714744544926860 observed shutdown descriptor for replica 178714744544926863 with final counter Some(1)
[2026-08-19T14:01:01.485Z INFO  gresse::replica] replica 178714744544926860 observed shutdown descriptor for replica 178714744544926832 with final counter Some(5)
[2026-08-19T14:01:01.768Z INFO  gresse::replica] replica 178714744544926860 observed shutdown descriptor for replica 178714744544926833 with final counter Some(4)
[2026-08-19T14:01:02.050Z INFO  gresse::replica] replica 178714744544926860 observed shutdown descriptor for replica 178714744544926834 with final counter Some(4)
[2026-08-19T14:01:02.335Z INFO  gresse::replica] replica 178714744544926860 observed shutdown descriptor for replica 178714744544926835 with final counter Some(4)
[2026-08-19T14:01:02.660Z INFO  gresse::replica] replica 178714744544926860 observed shutdown descriptor for replica 178714744544926836 with final counter Some(4)
[2026-08-19T14:01:02.949Z INFO  gresse::replica] replica 178714744544926860 observed shutdown descriptor for replica 178714744544926837 with final counter Some(2)
[2026-08-19T14:01:03.231Z INFO  gresse::replica] replica 178714744544926860 observed shutdown descriptor for replica 178714744544926838 with final counter Some(4)
[2026-08-19T14:01:03.514Z INFO  gresse::replica] replica 178714744544926860 observed shutdown descriptor for replica 178714744544926839 with final counter Some(4)
[2026-08-19T14:01:03.793Z INFO  gresse::replica] replica 178714744544926860 observed shutdown descriptor for replica 178714744544926840 with final counter Some(4)
[2026-08-19T14:01:04.073Z INFO  gresse::replica] replica 178714744544926860 observed shutdown descriptor for replica 178714744544926841 with final counter Some(4)
[2026-08-19T14:01:04.349Z INFO  gresse::replica] replica 178714744544926860 observed shutdown descriptor for replica 178714744544926842 with final counter Some(4)
[2026-08-19T14:01:04.628Z INFO  gresse::replica] replica 178714744544926860 observed shutdown descriptor for replica 178714744544926844 with final counter Some(4)
[2026-08-19T14:01:04.905Z INFO  gresse::replica] replica 178714744544926860 observed shutdown descriptor for replica 178714744544926845 with final counter Some(4)
[2026-08-19T14:01:05.187Z INFO  gresse::replica] replica 178714744544926860 observed shutdown descriptor for replica 178714744544926846 with final counter Some(4)
[2026-08-19T14:01:05.468Z INFO  gresse::replica] replica 178714744544926860 observed shutdown descriptor for replica 178714744544926847 with final counter Some(4)
[2026-08-19T14:01:05.749Z INFO  gresse::replica] replica 178714744544926860 observed shutdown descriptor for replica 178714744544926849 with final counter Some(1)
[2026-08-19T14:01:06.034Z INFO  gresse::replica] replica 178714744544926860 observed shutdown descriptor for replica 178714744544926861 with final counter Some(3)
[2026-08-19T14:01:06.320Z INFO  gresse::replica] replica 178714744544926860 observed shutdown descriptor for replica 178714744544926862 with final counter Some(2)
[2026-08-19T14:01:06.599Z INFO  gresse::replica] replica 178714744544926860 observed shutdown descriptor for replica 178714744544926863 with final counter Some(1)
[2026-08-19T14:01:07.425Z INFO  gresse::replica] replica 178714744544926860 observed shutdown descriptor for replica 178714744544926832 with final counter Some(5)
[2026-08-19T14:01:07.706Z INFO  gresse::replica] replica 178714744544926860 observed shutdown descriptor for replica 178714744544926833 with final counter Some(4)
[2026-08-19T14:01:07.991Z INFO  gresse::replica] replica 178714744544926860 observed shutdown descriptor for replica 178714744544926834 with final counter Some(4)
[2026-08-19T14:01:08.267Z INFO  gresse::replica] replica 178714744544926860 observed shutdown descriptor for replica 178714744544926835 with final counter Some(4)
[2026-08-19T14:01:08.547Z INFO  gresse::replica] replica 178714744544926860 observed shutdown descriptor for replica 178714744544926836 with final counter Some(4)
[2026-08-19T14:01:08.826Z INFO  gresse::replica] replica 178714744544926860 observed shutdown descriptor for replica 178714744544926837 with final counter Some(2)
[2026-08-19T14:01:09.109Z INFO  gresse::replica] replica 178714744544926860 observed shutdown descriptor for replica 178714744544926838 with final counter Some(4)
[2026-08-19T14:01:09.390Z INFO  gresse::replica] replica 178714744544926860 observed shutdown descriptor for replica 178714744544926839 with final counter Some(4)
[2026-08-19T14:01:09.666Z INFO  gresse::replica] replica 178714744544926860 observed shutdown descriptor for replica 178714744544926840 with final counter Some(4)
[2026-08-19T14:01:09.942Z INFO  gresse::replica] replica 178714744544926860 observed shutdown descriptor for replica 178714744544926841 with final counter Some(4)
[2026-08-19T14:01:10.221Z INFO  gresse::replica] replica 178714744544926860 observed shutdown descriptor for replica 178714744544926842 with final counter Some(4)
[2026-08-19T14:01:10.502Z INFO  gresse::replica] replica 178714744544926860 observed shutdown descriptor for replica 178714744544926844 with final counter Some(4)
[2026-08-19T14:01:10.782Z INFO  gresse::replica] replica 178714744544926860 observed shutdown descriptor for replica 178714744544926845 with final counter Some(4)
[2026-08-19T14:01:11.066Z INFO  gresse::replica] replica 178714744544926860 observed shutdown descriptor for replica 178714744544926846 with final counter Some(4)
[2026-08-19T14:01:11.348Z INFO  gresse::replica] replica 178714744544926860 observed shutdown descriptor for replica 178714744544926847 with final counter Some(4)
[2026-08-19T14:01:11.627Z INFO  gresse::replica] replica 178714744544926860 observed shutdown descriptor for replica 178714744544926849 with final counter Some(1)
[2026-08-19T14:01:11.909Z INFO  gresse::replica] replica 178714744544926860 observed shutdown descriptor for replica 178714744544926861 with final counter Some(3)
[2026-08-19T14:01:12.189Z INFO  gresse::replica] replica 178714744544926860 observed shutdown descriptor for replica 178714744544926862 with final counter Some(2)
[2026-08-19T14:01:12.472Z INFO  gresse::replica] replica 178714744544926860 observed shutdown descriptor for replica 178714744544926863 with final counter Some(1)
[2026-08-19T14:01:13.038Z INFO  gresse::replica] replica 178714744544926860 observed shutdown descriptor for replica 178714744544926832 with final counter Some(5)
[2026-08-19T14:01:13.317Z INFO  gresse::replica] replica 178714744544926860 observed shutdown descriptor for replica 178714744544926833 with final counter Some(4)
[2026-08-19T14:01:13.595Z INFO  gresse::replica] replica 178714744544926860 observed shutdown descriptor for replica 178714744544926834 with final counter Some(4)
[2026-08-19T14:01:13.875Z INFO  gresse::replica] replica 178714744544926860 observed shutdown descriptor for replica 178714744544926835 with final counter Some(4)
[2026-08-19T14:01:14.151Z INFO  gresse::replica] replica 178714744544926860 observed shutdown descriptor for replica 178714744544926836 with final counter Some(4)
[2026-08-19T14:01:14.430Z INFO  gresse::replica] replica 178714744544926860 observed shutdown descriptor for replica 178714744544926837 with final counter Some(2)
[2026-08-19T14:01:14.711Z INFO  gresse::replica] replica 178714744544926860 observed shutdown descriptor for replica 178714744544926838 with final counter Some(4)
[2026-08-19T14:01:14.992Z INFO  gresse::replica] replica 178714744544926860 observed shutdown descriptor for replica 178714744544926839 with final counter Some(4)
[2026-08-19T14:01:15.272Z INFO  gresse::replica] replica 178714744544926860 observed shutdown descriptor for replica 178714744544926840 with final counter Some(4)
[2026-08-19T14:01:15.553Z INFO  gresse::replica] replica 178714744544926860 observed shutdown descriptor for replica 178714744544926841 with final counter Some(4)
[2026-08-19T14:01:15.835Z INFO  gresse::replica] replica 178714744544926860 observed shutdown descriptor for replica 178714744544926842 with final counter Some(4)
[2026-08-19T14:01:16.113Z INFO  gresse::replica] replica 178714744544926860 observed shutdown descriptor for replica 178714744544926844 with final counter Some(4)
[2026-08-19T14:01:16.394Z INFO  gresse::replica] replica 178714744544926860 observed shutdown descriptor for replica 178714744544926845 with final counter Some(4)
[2026-08-19T14:01:16.672Z INFO  gresse::replica] replica 178714744544926860 observed shutdown descriptor for replica 178714744544926846 with final counter Some(4)
[2026-08-19T14:01:16.954Z INFO  gresse::replica] replica 178714744544926860 observed shutdown descriptor for replica 178714744544926847 with final counter Some(4)
[2026-08-19T14:01:17.232Z INFO  gresse::replica] replica 178714744544926860 observed shutdown descriptor for replica 178714744544926848 with final counter Some(4)
[2026-08-19T14:01:17.511Z INFO  gresse::replica] replica 178714744544926860 observed shutdown descriptor for replica 178714744544926849 with final counter Some(1)
[2026-08-19T14:01:17.791Z INFO  gresse::replica] replica 178714744544926860 observed shutdown descriptor for replica 178714744544926861 with final counter Some(3)
[2026-08-19T14:01:18.097Z INFO  gresse::replica] replica 178714744544926860 observed shutdown descriptor for replica 178714744544926862 with final counter Some(2)
[2026-08-19T14:01:18.377Z INFO  gresse::replica] replica 178714744544926860 observed shutdown descriptor for replica 178714744544926863 with final counter Some(1)
[2026-08-19T14:01:18.947Z INFO  gresse::replica] replica 178714744544926860 observed shutdown descriptor for replica 178714744544926832 with final counter Some(5)
[2026-08-19T14:01:19.229Z INFO  gresse::replica] replica 178714744544926860 observed shutdown descriptor for replica 178714744544926833 with final counter Some(4)
[2026-08-19T14:01:19.510Z INFO  gresse::replica] replica 178714744544926860 observed shutdown descriptor for replica 178714744544926834 with final counter Some(4)
[2026-08-19T14:01:19.789Z INFO  gresse::replica] replica 178714744544926860 observed shutdown descriptor for replica 178714744544926835 with final counter Some(4)
[2026-08-19T14:01:20.070Z INFO  gresse::replica] replica 178714744544926860 observed shutdown descriptor for replica 178714744544926836 with final counter Some(4)
[2026-08-19T14:01:20.353Z INFO  gresse::replica] replica 178714744544926860 observed shutdown descriptor for replica 178714744544926837 with final counter Some(2)
[2026-08-19T14:01:20.634Z INFO  gresse::replica] replica 178714744544926860 observed shutdown descriptor for replica 178714744544926838 with final counter Some(4)
[2026-08-19T14:01:20.913Z INFO  gresse::replica] replica 178714744544926860 observed shutdown descriptor for replica 178714744544926839 with final counter Some(4)
[2026-08-19T14:01:21.193Z INFO  gresse::replica] replica 178714744544926860 observed shutdown descriptor for replica 178714744544926840 with final counter Some(4)
[2026-08-19T14:01:21.472Z INFO  gresse::replica] replica 178714744544926860 observed shutdown descriptor for replica 178714744544926841 with final counter Some(4)
[2026-08-19T14:01:21.750Z INFO  gresse::replica] replica 178714744544926860 observed shutdown descriptor for replica 178714744544926842 with final counter Some(4)
[2026-08-19T14:01:22.032Z INFO  gresse::replica] replica 178714744544926860 observed shutdown descriptor for replica 178714744544926844 with final counter Some(4)
[2026-08-19T14:01:22.312Z INFO  gresse::replica] replica 178714744544926860 observed shutdown descriptor for replica 178714744544926845 with final counter Some(4)
[2026-08-19T14:01:22.590Z INFO  gresse::replica] replica 178714744544926860 observed shutdown descriptor for replica 178714744544926846 with final counter Some(4)
[2026-08-19T14:01:22.868Z INFO  gresse::replica] replica 178714744544926860 observed shutdown descriptor for replica 178714744544926847 with final counter Some(4)
[2026-08-19T14:01:23.149Z INFO  gresse::replica] replica 178714744544926860 observed shutdown descriptor for replica 178714744544926848 with final counter Some(4)
[2026-08-19T14:01:23.429Z INFO  gresse::replica] replica 178714744544926860 observed shutdown descriptor for replica 178714744544926849 with final counter Some(1)
[2026-08-19T14:01:23.710Z INFO  gresse::replica] replica 178714744544926860 observed shutdown descriptor for replica 178714744544926861 with final counter Some(3)
[2026-08-19T14:01:23.986Z INFO  gresse::replica] replica 178714744544926860 observed shutdown descriptor for replica 178714744544926862 with final counter Some(2)
[2026-08-19T14:01:24.266Z INFO  gresse::replica] replica 178714744544926860 observed shutdown descriptor for replica 178714744544926863 with final counter Some(1)
[2026-08-19T14:01:24.548Z INFO  gresse::replica] replica 178714744544926860 observed shutdown descriptor for replica 178714744544926864 with final counter Some(1)
[2026-08-19T14:01:25.120Z INFO  gresse::replica] replica 178714744544926860 observed shutdown descriptor for replica 178714744544926832 with final counter Some(5)
[2026-08-19T14:01:25.399Z INFO  gresse::replica] replica 178714744544926860 observed shutdown descriptor for replica 178714744544926833 with final counter Some(4)
[2026-08-19T14:01:25.681Z INFO  gresse::replica] replica 178714744544926860 observed shutdown descriptor for replica 178714744544926834 with final counter Some(4)
[2026-08-19T14:01:25.963Z INFO  gresse::replica] replica 178714744544926860 observed shutdown descriptor for replica 178714744544926835 with final counter Some(4)
[2026-08-19T14:01:26.247Z INFO  gresse::replica] replica 178714744544926860 observed shutdown descriptor for replica 178714744544926836 with final counter Some(4)
[2026-08-19T14:01:26.528Z INFO  gresse::replica] replica 178714744544926860 observed shutdown descriptor for replica 178714744544926837 with final counter Some(2)
[2026-08-19T14:01:26.811Z INFO  gresse::replica] replica 178714744544926860 observed shutdown descriptor for replica 178714744544926838 with final counter Some(4)
[2026-08-19T14:01:27.089Z INFO  gresse::replica] replica 178714744544926860 observed shutdown descriptor for replica 178714744544926839 with final counter Some(4)
[2026-08-19T14:01:27.371Z INFO  gresse::replica] replica 178714744544926860 observed shutdown descriptor for replica 178714744544926840 with final counter Some(4)
[2026-08-19T14:01:27.654Z INFO  gresse::replica] replica 178714744544926860 observed shutdown descriptor for replica 178714744544926841 with final counter Some(4)
[2026-08-19T14:01:27.938Z INFO  gresse::replica] replica 178714744544926860 observed shutdown descriptor for replica 178714744544926842 with final counter Some(4)
[2026-08-19T14:01:28.216Z INFO  gresse::replica] replica 178714744544926860 observed shutdown descriptor for replica 178714744544926844 with final counter Some(4)
[2026-08-19T14:01:28.497Z INFO  gresse::replica] replica 178714744544926860 observed shutdown descriptor for replica 178714744544926845 with final counter Some(4)
[2026-08-19T14:01:28.776Z INFO  gresse::replica] replica 178714744544926860 observed shutdown descriptor for replica 178714744544926846 with final counter Some(4)
[2026-08-19T14:01:29.055Z INFO  gresse::replica] replica 178714744544926860 observed shutdown descriptor for replica 178714744544926847 with final counter Some(4)
[2026-08-19T14:01:30.063Z INFO  gresse::replica] replica 178714744544926860 observed shutdown descriptor for replica 178714744544926848 with final counter Some(4)
[2026-08-19T14:01:30.333Z INFO  gresse::replica] replica 178714744544926860 observed shutdown descriptor for replica 178714744544926849 with final counter Some(1)
[2026-08-19T14:01:30.605Z INFO  gresse::replica] replica 178714744544926860 observed shutdown descriptor for replica 178714744544926850 with final counter Some(4)
[2026-08-19T14:01:30.876Z INFO  gresse::replica] replica 178714744544926860 observed shutdown descriptor for replica 178714744544926861 with final counter Some(3)
[2026-08-19T14:01:31.139Z INFO  gresse::replica] replica 178714744544926860 observed shutdown descriptor for replica 178714744544926862 with final counter Some(2)
[2026-08-19T14:01:31.404Z INFO  gresse::replica] replica 178714744544926860 observed shutdown descriptor for replica 178714744544926863 with final counter Some(1)
[2026-08-19T14:01:31.677Z INFO  gresse::replica] replica 178714744544926860 observed shutdown descriptor for replica 178714744544926864 with final counter Some(1)
[2026-08-19T14:01:32.479Z INFO  gresse::replica] replica 178714744544926860 observed shutdown descriptor for replica 178714744544926832 with final counter Some(5)
[2026-08-19T14:01:32.748Z INFO  gresse::replica] replica 178714744544926860 observed shutdown descriptor for replica 178714744544926833 with final counter Some(4)
[2026-08-19T14:01:33.016Z INFO  gresse::replica] replica 178714744544926860 observed shutdown descriptor for replica 178714744544926834 with final counter Some(4)
[2026-08-19T14:01:33.284Z INFO  gresse::replica] replica 178714744544926860 observed shutdown descriptor for replica 178714744544926835 with final counter Some(4)
[2026-08-19T14:01:33.551Z INFO  gresse::replica] replica 178714744544926860 observed shutdown descriptor for replica 178714744544926836 with final counter Some(4)
[2026-08-19T14:01:33.821Z INFO  gresse::replica] replica 178714744544926860 observed shutdown descriptor for replica 178714744544926837 with final counter Some(2)
[2026-08-19T14:01:34.090Z INFO  gresse::replica] replica 178714744544926860 observed shutdown descriptor for replica 178714744544926838 with final counter Some(4)
[2026-08-19T14:01:34.360Z INFO  gresse::replica] replica 178714744544926860 observed shutdown descriptor for replica 178714744544926839 with final counter Some(4)
[2026-08-19T14:01:34.628Z INFO  gresse::replica] replica 178714744544926860 observed shutdown descriptor for replica 178714744544926840 with final counter Some(4)
[2026-08-19T14:01:34.900Z INFO  gresse::replica] replica 178714744544926860 observed shutdown descriptor for replica 178714744544926841 with final counter Some(4)
[2026-08-19T14:01:35.169Z INFO  gresse::replica] replica 178714744544926860 observed shutdown descriptor for replica 178714744544926842 with final counter Some(4)
[2026-08-19T14:01:35.439Z INFO  gresse::replica] replica 178714744544926860 observed shutdown descriptor for replica 178714744544926844 with final counter Some(4)
[2026-08-19T14:01:35.709Z INFO  gresse::replica] replica 178714744544926860 observed shutdown descriptor for replica 178714744544926845 with final counter Some(4)
[2026-08-19T14:01:35.975Z INFO  gresse::replica] replica 178714744544926860 observed shutdown descriptor for replica 178714744544926846 with final counter Some(4)
[2026-08-19T14:01:36.244Z INFO  gresse::replica] replica 178714744544926860 observed shutdown descriptor for replica 178714744544926847 with final counter Some(4)
[2026-08-19T14:01:36.518Z INFO  gresse::replica] replica 178714744544926860 observed shutdown descriptor for replica 178714744544926848 with final counter Some(4)
[2026-08-19T14:01:36.789Z INFO  gresse::replica] replica 178714744544926860 observed shutdown descriptor for replica 178714744544926849 with final counter Some(1)
[2026-08-19T14:01:37.058Z INFO  gresse::replica] replica 178714744544926860 observed shutdown descriptor for replica 178714744544926850 with final counter Some(4)
[2026-08-19T14:01:37.328Z INFO  gresse::replica] replica 178714744544926860 observed shutdown descriptor for replica 178714744544926861 with final counter Some(3)
[2026-08-19T14:01:37.596Z INFO  gresse::replica] replica 178714744544926860 observed shutdown descriptor for replica 178714744544926862 with final counter Some(2)
[2026-08-19T14:01:37.889Z INFO  gresse::replica] replica 178714744544926860 observed shutdown descriptor for replica 178714744544926863 with final counter Some(1)
[2026-08-19T14:01:38.161Z INFO  gresse::replica] replica 178714744544926860 observed shutdown descriptor for replica 178714744544926864 with final counter Some(1)
[2026-08-19T14:01:38.734Z INFO  gresse::replica] replica 178714744544926860 observed shutdown descriptor for replica 178714744544926832 with final counter Some(5)
[2026-08-19T14:01:39.012Z INFO  gresse::replica] replica 178714744544926860 observed shutdown descriptor for replica 178714744544926833 with final counter Some(4)
[2026-08-19T14:01:39.279Z INFO  gresse::replica] replica 178714744544926860 observed shutdown descriptor for replica 178714744544926834 with final counter Some(4)
[2026-08-19T14:01:39.552Z INFO  gresse::replica] replica 178714744544926860 observed shutdown descriptor for replica 178714744544926835 with final counter Some(4)
[2026-08-19T14:01:39.821Z INFO  gresse::replica] replica 178714744544926860 observed shutdown descriptor for replica 178714744544926836 with final counter Some(4)
[2026-08-19T14:01:40.091Z INFO  gresse::replica] replica 178714744544926860 observed shutdown descriptor for replica 178714744544926837 with final counter Some(2)
[2026-08-19T14:01:40.365Z INFO  gresse::replica] replica 178714744544926860 observed shutdown descriptor for replica 178714744544926838 with final counter Some(4)
[2026-08-19T14:01:40.638Z INFO  gresse::replica] replica 178714744544926860 observed shutdown descriptor for replica 178714744544926839 with final counter Some(4)
[2026-08-19T14:01:40.907Z INFO  gresse::replica] replica 178714744544926860 observed shutdown descriptor for replica 178714744544926840 with final counter Some(4)
[2026-08-19T14:01:41.176Z INFO  gresse::replica] replica 178714744544926860 observed shutdown descriptor for replica 178714744544926841 with final counter Some(4)
[2026-08-19T14:01:41.446Z INFO  gresse::replica] replica 178714744544926860 observed shutdown descriptor for replica 178714744544926842 with final counter Some(4)
[2026-08-19T14:01:41.717Z INFO  gresse::replica] replica 178714744544926860 observed shutdown descriptor for replica 178714744544926844 with final counter Some(4)
[2026-08-19T14:01:41.999Z INFO  gresse::replica] replica 178714744544926860 observed shutdown descriptor for replica 178714744544926845 with final counter Some(4)
[2026-08-19T14:01:42.273Z INFO  gresse::replica] replica 178714744544926860 observed shutdown descriptor for replica 178714744544926846 with final counter Some(4)
[2026-08-19T14:01:42.546Z INFO  gresse::replica] replica 178714744544926860 observed shutdown descriptor for replica 178714744544926847 with final counter Some(4)
[2026-08-19T14:01:42.812Z INFO  gresse::replica] replica 178714744544926860 observed shutdown descriptor for replica 178714744544926848 with final counter Some(4)
[2026-08-19T14:01:43.086Z INFO  gresse::replica] replica 178714744544926860 observed shutdown descriptor for replica 178714744544926849 with final counter Some(1)
[2026-08-19T14:01:43.357Z INFO  gresse::replica] replica 178714744544926860 observed shutdown descriptor for replica 178714744544926850 with final counter Some(4)
[2026-08-19T14:01:43.631Z INFO  gresse::replica] replica 178714744544926860 observed shutdown descriptor for replica 178714744544926851 with final counter Some(4)
[2026-08-19T14:01:43.909Z INFO  gresse::replica] replica 178714744544926860 observed shutdown descriptor for replica 178714744544926861 with final counter Some(3)
[2026-08-19T14:01:44.182Z INFO  gresse::replica] replica 178714744544926860 observed shutdown descriptor for replica 178714744544926862 with final counter Some(2)
[2026-08-19T14:01:44.461Z INFO  gresse::replica] replica 178714744544926860 observed shutdown descriptor for replica 178714744544926863 with final counter Some(1)
[2026-08-19T14:01:44.731Z INFO  gresse::replica] replica 178714744544926860 observed shutdown descriptor for replica 178714744544926864 with final counter Some(1)
[2026-08-19T14:01:45.298Z INFO  gresse::replica] replica 178714744544926860 observed shutdown descriptor for replica 178714744544926832 with final counter Some(5)
[2026-08-19T14:01:45.565Z INFO  gresse::replica] replica 178714744544926860 observed shutdown descriptor for replica 178714744544926833 with final counter Some(4)
[2026-08-19T14:01:45.844Z INFO  gresse::replica] replica 178714744544926860 observed shutdown descriptor for replica 178714744544926834 with final counter Some(4)
[2026-08-19T14:01:46.113Z INFO  gresse::replica] replica 178714744544926860 observed shutdown descriptor for replica 178714744544926835 with final counter Some(4)
[2026-08-19T14:01:46.391Z INFO  gresse::replica] replica 178714744544926860 observed shutdown descriptor for replica 178714744544926836 with final counter Some(4)
[2026-08-19T14:01:46.663Z INFO  gresse::replica] replica 178714744544926860 observed shutdown descriptor for replica 178714744544926837 with final counter Some(2)
[2026-08-19T14:01:46.934Z INFO  gresse::replica] replica 178714744544926860 observed shutdown descriptor for replica 178714744544926838 with final counter Some(4)
[2026-08-19T14:01:47.206Z INFO  gresse::replica] replica 178714744544926860 observed shutdown descriptor for replica 178714744544926839 with final counter Some(4)
[2026-08-19T14:01:47.473Z INFO  gresse::replica] replica 178714744544926860 observed shutdown descriptor for replica 178714744544926840 with final counter Some(4)
[2026-08-19T14:01:47.741Z INFO  gresse::replica] replica 178714744544926860 observed shutdown descriptor for replica 178714744544926841 with final counter Some(4)
[2026-08-19T14:01:48.009Z INFO  gresse::replica] replica 178714744544926860 observed shutdown descriptor for replica 178714744544926842 with final counter Some(4)
[2026-08-19T14:01:48.280Z INFO  gresse::replica] replica 178714744544926860 observed shutdown descriptor for replica 178714744544926844 with final counter Some(4)
[2026-08-19T14:01:48.555Z INFO  gresse::replica] replica 178714744544926860 observed shutdown descriptor for replica 178714744544926845 with final counter Some(4)
[2026-08-19T14:01:48.830Z INFO  gresse::replica] replica 178714744544926860 observed shutdown descriptor for replica 178714744544926846 with final counter Some(4)
[2026-08-19T14:01:49.104Z INFO  gresse::replica] replica 178714744544926860 observed shutdown descriptor for replica 178714744544926847 with final counter Some(4)
[2026-08-19T14:01:49.374Z INFO  gresse::replica] replica 178714744544926860 observed shutdown descriptor for replica 178714744544926848 with final counter Some(4)
[2026-08-19T14:01:49.641Z INFO  gresse::replica] replica 178714744544926860 observed shutdown descriptor for replica 178714744544926849 with final counter Some(1)
[2026-08-19T14:01:49.912Z INFO  gresse::replica] replica 178714744544926860 observed shutdown descriptor for replica 178714744544926850 with final counter Some(4)
[2026-08-19T14:01:50.185Z INFO  gresse::replica] replica 178714744544926860 observed shutdown descriptor for replica 178714744544926851 with final counter Some(4)
[2026-08-19T14:01:50.454Z INFO  gresse::replica] replica 178714744544926860 observed shutdown descriptor for replica 178714744544926861 with final counter Some(3)
[2026-08-19T14:01:50.726Z INFO  gresse::replica] replica 178714744544926860 observed shutdown descriptor for replica 178714744544926862 with final counter Some(2)
[2026-08-19T14:01:51.002Z INFO  gresse::replica] replica 178714744544926860 observed shutdown descriptor for replica 178714744544926863 with final counter Some(1)
[2026-08-19T14:01:51.273Z INFO  gresse::replica] replica 178714744544926860 observed shutdown descriptor for replica 178714744544926864 with final counter Some(1)
[2026-08-19T14:01:51.839Z INFO  gresse::replica] replica 178714744544926860 observed shutdown descriptor for replica 178714744544926832 with final counter Some(5)
[2026-08-19T14:01:52.115Z INFO  gresse::replica] replica 178714744544926860 observed shutdown descriptor for replica 178714744544926833 with final counter Some(4)
[2026-08-19T14:01:52.385Z INFO  gresse::replica] replica 178714744544926860 observed shutdown descriptor for replica 178714744544926834 with final counter Some(4)
[2026-08-19T14:01:52.653Z INFO  gresse::replica] replica 178714744544926860 observed shutdown descriptor for replica 178714744544926835 with final counter Some(4)
[2026-08-19T14:01:52.930Z INFO  gresse::replica] replica 178714744544926860 observed shutdown descriptor for replica 178714744544926836 with final counter Some(4)
[2026-08-19T14:01:53.200Z INFO  gresse::replica] replica 178714744544926860 observed shutdown descriptor for replica 178714744544926837 with final counter Some(2)
[2026-08-19T14:01:53.469Z INFO  gresse::replica] replica 178714744544926860 observed shutdown descriptor for replica 178714744544926838 with final counter Some(4)
[2026-08-19T14:01:53.761Z INFO  gresse::replica] replica 178714744544926860 observed shutdown descriptor for replica 178714744544926839 with final counter Some(4)
[2026-08-19T14:01:54.031Z INFO  gresse::replica] replica 178714744544926860 observed shutdown descriptor for replica 178714744544926840 with final counter Some(4)
[2026-08-19T14:01:54.305Z INFO  gresse::replica] replica 178714744544926860 observed shutdown descriptor for replica 178714744544926841 with final counter Some(4)
[2026-08-19T14:01:54.576Z INFO  gresse::replica] replica 178714744544926860 observed shutdown descriptor for replica 178714744544926842 with final counter Some(4)
[2026-08-19T14:01:54.849Z INFO  gresse::replica] replica 178714744544926860 observed shutdown descriptor for replica 178714744544926844 with final counter Some(4)
[2026-08-19T14:01:55.121Z INFO  gresse::replica] replica 178714744544926860 observed shutdown descriptor for replica 178714744544926845 with final counter Some(4)
[2026-08-19T14:01:55.392Z INFO  gresse::replica] replica 178714744544926860 observed shutdown descriptor for replica 178714744544926846 with final counter Some(4)
[2026-08-19T14:01:55.662Z INFO  gresse::replica] replica 178714744544926860 observed shutdown descriptor for replica 178714744544926847 with final counter Some(4)
[2026-08-19T14:01:55.929Z INFO  gresse::replica] replica 178714744544926860 observed shutdown descriptor for replica 178714744544926848 with final counter Some(4)
[2026-08-19T14:01:56.201Z INFO  gresse::replica] replica 178714744544926860 observed shutdown descriptor for replica 178714744544926849 with final counter Some(1)
[2026-08-19T14:01:56.475Z INFO  gresse::replica] replica 178714744544926860 observed shutdown descriptor for replica 178714744544926850 with final counter Some(4)
[2026-08-19T14:01:56.748Z INFO  gresse::replica] replica 178714744544926860 observed shutdown descriptor for replica 178714744544926851 with final counter Some(4)
[2026-08-19T14:01:57.032Z INFO  gresse::replica] replica 178714744544926860 observed shutdown descriptor for replica 178714744544926852 with final counter Some(4)
[2026-08-19T14:01:57.303Z INFO  gresse::replica] replica 178714744544926860 observed shutdown descriptor for replica 178714744544926861 with final counter Some(3)
[2026-08-19T14:01:58.058Z INFO  gresse::replica] replica 178714744544926860 observed shutdown descriptor for replica 178714744544926862 with final counter Some(2)
[2026-08-19T14:01:58.329Z INFO  gresse::replica] replica 178714744544926860 observed shutdown descriptor for replica 178714744544926863 with final counter Some(1)
[2026-08-19T14:01:58.598Z INFO  gresse::replica] replica 178714744544926860 observed shutdown descriptor for replica 178714744544926864 with final counter Some(1)
[2026-08-19T14:01:59.379Z INFO  gresse::replica] replica 178714744544926860 observed shutdown descriptor for replica 178714744544926832 with final counter Some(5)
[2026-08-19T14:01:59.646Z INFO  gresse::replica] replica 178714744544926860 observed shutdown descriptor for replica 178714744544926833 with final counter Some(4)
[2026-08-19T14:01:59.914Z INFO  gresse::replica] replica 178714744544926860 observed shutdown descriptor for replica 178714744544926834 with final counter Some(4)
[2026-08-19T14:02:00.182Z INFO  gresse::replica] replica 178714744544926860 observed shutdown descriptor for replica 178714744544926835 with final counter Some(4)
[2026-08-19T14:02:00.449Z INFO  gresse::replica] replica 178714744544926860 observed shutdown descriptor for replica 178714744544926836 with final counter Some(4)
[2026-08-19T14:02:00.713Z INFO  gresse::replica] replica 178714744544926860 observed shutdown descriptor for replica 178714744544926837 with final counter Some(2)
[2026-08-19T14:02:00.981Z INFO  gresse::replica] replica 178714744544926860 observed shutdown descriptor for replica 178714744544926838 with final counter Some(4)
[2026-08-19T14:02:01.248Z INFO  gresse::replica] replica 178714744544926860 observed shutdown descriptor for replica 178714744544926839 with final counter Some(4)
[2026-08-19T14:02:01.527Z INFO  gresse::replica] replica 178714744544926860 observed shutdown descriptor for replica 178714744544926840 with final counter Some(4)
[2026-08-19T14:02:01.794Z INFO  gresse::replica] replica 178714744544926860 observed shutdown descriptor for replica 178714744544926841 with final counter Some(4)
[2026-08-19T14:02:02.062Z INFO  gresse::replica] replica 178714744544926860 observed shutdown descriptor for replica 178714744544926842 with final counter Some(4)
[2026-08-19T14:02:02.332Z INFO  gresse::replica] replica 178714744544926860 observed shutdown descriptor for replica 178714744544926844 with final counter Some(4)
[2026-08-19T14:02:02.601Z INFO  gresse::replica] replica 178714744544926860 observed shutdown descriptor for replica 178714744544926845 with final counter Some(4)
[2026-08-19T14:02:02.869Z INFO  gresse::replica] replica 178714744544926860 observed shutdown descriptor for replica 178714744544926846 with final counter Some(4)
[2026-08-19T14:02:03.135Z INFO  gresse::replica] replica 178714744544926860 observed shutdown descriptor for replica 178714744544926847 with final counter Some(4)
[2026-08-19T14:02:03.402Z INFO  gresse::replica] replica 178714744544926860 observed shutdown descriptor for replica 178714744544926848 with final counter Some(4)
[2026-08-19T14:02:03.669Z INFO  gresse::replica] replica 178714744544926860 observed shutdown descriptor for replica 178714744544926849 with final counter Some(1)
[2026-08-19T14:02:03.936Z INFO  gresse::replica] replica 178714744544926860 observed shutdown descriptor for replica 178714744544926850 with final counter Some(4)
[2026-08-19T14:02:04.198Z INFO  gresse::replica] replica 178714744544926860 observed shutdown descriptor for replica 178714744544926851 with final counter Some(4)
[2026-08-19T14:02:04.466Z INFO  gresse::replica] replica 178714744544926860 observed shutdown descriptor for replica 178714744544926852 with final counter Some(4)
[2026-08-19T14:02:04.732Z INFO  gresse::replica] replica 178714744544926860 observed shutdown descriptor for replica 178714744544926861 with final counter Some(3)
[2026-08-19T14:02:04.994Z INFO  gresse::replica] replica 178714744544926860 observed shutdown descriptor for replica 178714744544926862 with final counter Some(2)
[2026-08-19T14:02:05.263Z INFO  gresse::replica] replica 178714744544926860 observed shutdown descriptor for replica 178714744544926863 with final counter Some(1)
[2026-08-19T14:02:05.530Z INFO  gresse::replica] replica 178714744544926860 observed shutdown descriptor for replica 178714744544926864 with final counter Some(1)
[2026-08-19T14:02:06.308Z INFO  gresse::replica] replica 178714744544926860 observed shutdown descriptor for replica 178714744544926832 with final counter Some(5)
[2026-08-19T14:02:06.576Z INFO  gresse::replica] replica 178714744544926860 observed shutdown descriptor for replica 178714744544926833 with final counter Some(4)
[2026-08-19T14:02:06.843Z INFO  gresse::replica] replica 178714744544926860 observed shutdown descriptor for replica 178714744544926834 with final counter Some(4)
[2026-08-19T14:02:07.112Z INFO  gresse::replica] replica 178714744544926860 observed shutdown descriptor for replica 178714744544926835 with final counter Some(4)
[2026-08-19T14:02:07.379Z INFO  gresse::replica] replica 178714744544926860 observed shutdown descriptor for replica 178714744544926836 with final counter Some(4)
[2026-08-19T14:02:07.646Z INFO  gresse::replica] replica 178714744544926860 observed shutdown descriptor for replica 178714744544926837 with final counter Some(2)
[2026-08-19T14:02:07.912Z INFO  gresse::replica] replica 178714744544926860 observed shutdown descriptor for replica 178714744544926838 with final counter Some(4)
[2026-08-19T14:02:08.179Z INFO  gresse::replica] replica 178714744544926860 observed shutdown descriptor for replica 178714744544926839 with final counter Some(4)
[2026-08-19T14:02:08.442Z INFO  gresse::replica] replica 178714744544926860 observed shutdown descriptor for replica 178714744544926840 with final counter Some(4)
[2026-08-19T14:02:08.723Z INFO  gresse::replica] replica 178714744544926860 observed shutdown descriptor for replica 178714744544926841 with final counter Some(4)
[2026-08-19T14:02:08.991Z INFO  gresse::replica] replica 178714744544926860 observed shutdown descriptor for replica 178714744544926842 with final counter Some(4)
[2026-08-19T14:02:09.259Z INFO  gresse::replica] replica 178714744544926860 observed shutdown descriptor for replica 178714744544926844 with final counter Some(4)
[2026-08-19T14:02:09.526Z INFO  gresse::replica] replica 178714744544926860 observed shutdown descriptor for replica 178714744544926845 with final counter Some(4)
[2026-08-19T14:02:09.794Z INFO  gresse::replica] replica 178714744544926860 observed shutdown descriptor for replica 178714744544926846 with final counter Some(4)
[2026-08-19T14:02:10.061Z INFO  gresse::replica] replica 178714744544926860 observed shutdown descriptor for replica 178714744544926847 with final counter Some(4)
[2026-08-19T14:02:10.327Z INFO  gresse::replica] replica 178714744544926860 observed shutdown descriptor for replica 178714744544926848 with final counter Some(4)
[2026-08-19T14:02:10.591Z INFO  gresse::replica] replica 178714744544926860 observed shutdown descriptor for replica 178714744544926849 with final counter Some(1)
[2026-08-19T14:02:10.855Z INFO  gresse::replica] replica 178714744544926860 observed shutdown descriptor for replica 178714744544926850 with final counter Some(4)
[2026-08-19T14:02:11.126Z INFO  gresse::replica] replica 178714744544926860 observed shutdown descriptor for replica 178714744544926851 with final counter Some(4)
[2026-08-19T14:02:11.393Z INFO  gresse::replica] replica 178714744544926860 observed shutdown descriptor for replica 178714744544926852 with final counter Some(4)
[2026-08-19T14:02:11.657Z INFO  gresse::replica] replica 178714744544926860 observed shutdown descriptor for replica 178714744544926853 with final counter Some(4)
[2026-08-19T14:02:11.923Z INFO  gresse::replica] replica 178714744544926860 observed shutdown descriptor for replica 178714744544926861 with final counter Some(3)
[2026-08-19T14:02:12.190Z INFO  gresse::replica] replica 178714744544926860 observed shutdown descriptor for replica 178714744544926862 with final counter Some(2)
[2026-08-19T14:02:12.454Z INFO  gresse::replica] replica 178714744544926860 observed shutdown descriptor for replica 178714744544926863 with final counter Some(1)
[2026-08-19T14:02:12.719Z INFO  gresse::replica] replica 178714744544926860 observed shutdown descriptor for replica 178714744544926864 with final counter Some(1)
[2026-08-19T14:02:13.259Z INFO  gresse::replica] replica 178714744544926860 observed shutdown descriptor for replica 178714744544926832 with final counter Some(5)
[2026-08-19T14:02:13.527Z INFO  gresse::replica] replica 178714744544926860 observed shutdown descriptor for replica 178714744544926833 with final counter Some(4)
[2026-08-19T14:02:13.790Z INFO  gresse::replica] replica 178714744544926860 observed shutdown descriptor for replica 178714744544926834 with final counter Some(4)
[2026-08-19T14:02:14.055Z INFO  gresse::replica] replica 178714744544926860 observed shutdown descriptor for replica 178714744544926835 with final counter Some(4)
[2026-08-19T14:02:14.317Z INFO  gresse::replica] replica 178714744544926860 observed shutdown descriptor for replica 178714744544926836 with final counter Some(4)
[2026-08-19T14:02:14.584Z INFO  gresse::replica] replica 178714744544926860 observed shutdown descriptor for replica 178714744544926837 with final counter Some(2)
[2026-08-19T14:02:14.849Z INFO  gresse::replica] replica 178714744544926860 observed shutdown descriptor for replica 178714744544926838 with final counter Some(4)
[2026-08-19T14:02:15.118Z INFO  gresse::replica] replica 178714744544926860 observed shutdown descriptor for replica 178714744544926839 with final counter Some(4)
[2026-08-19T14:02:15.387Z INFO  gresse::replica] replica 178714744544926860 observed shutdown descriptor for replica 178714744544926840 with final counter Some(4)
[2026-08-19T14:02:15.653Z INFO  gresse::replica] replica 178714744544926860 observed shutdown descriptor for replica 178714744544926841 with final counter Some(4)
[2026-08-19T14:02:15.917Z INFO  gresse::replica] replica 178714744544926860 observed shutdown descriptor for replica 178714744544926842 with final counter Some(4)
[2026-08-19T14:02:16.184Z INFO  gresse::replica] replica 178714744544926860 observed shutdown descriptor for replica 178714744544926844 with final counter Some(4)
[2026-08-19T14:02:16.449Z INFO  gresse::replica] replica 178714744544926860 observed shutdown descriptor for replica 178714744544926845 with final counter Some(4)
[2026-08-19T14:02:16.714Z INFO  gresse::replica] replica 178714744544926860 observed shutdown descriptor for replica 178714744544926846 with final counter Some(4)
[2026-08-19T14:02:16.985Z INFO  gresse::replica] replica 178714744544926860 observed shutdown descriptor for replica 178714744544926847 with final counter Some(4)
[2026-08-19T14:02:17.251Z INFO  gresse::replica] replica 178714744544926860 observed shutdown descriptor for replica 178714744544926848 with final counter Some(4)
[2026-08-19T14:02:17.515Z INFO  gresse::replica] replica 178714744544926860 observed shutdown descriptor for replica 178714744544926849 with final counter Some(1)
[2026-08-19T14:02:17.779Z INFO  gresse::replica] replica 178714744544926860 observed shutdown descriptor for replica 178714744544926850 with final counter Some(4)
[2026-08-19T14:02:18.045Z INFO  gresse::replica] replica 178714744544926860 observed shutdown descriptor for replica 178714744544926851 with final counter Some(4)
[2026-08-19T14:02:18.311Z INFO  gresse::replica] replica 178714744544926860 observed shutdown descriptor for replica 178714744544926852 with final counter Some(4)
[2026-08-19T14:02:18.577Z INFO  gresse::replica] replica 178714744544926860 observed shutdown descriptor for replica 178714744544926853 with final counter Some(4)
[2026-08-19T14:02:18.840Z INFO  gresse::replica] replica 178714744544926860 observed shutdown descriptor for replica 178714744544926861 with final counter Some(3)
[2026-08-19T14:02:19.104Z INFO  gresse::replica] replica 178714744544926860 observed shutdown descriptor for replica 178714744544926862 with final counter Some(2)
[2026-08-19T14:02:19.368Z INFO  gresse::replica] replica 178714744544926860 observed shutdown descriptor for replica 178714744544926863 with final counter Some(1)
[2026-08-19T14:02:19.633Z INFO  gresse::replica] replica 178714744544926860 observed shutdown descriptor for replica 178714744544926864 with final counter Some(1)
[2026-08-19T14:02:20.179Z INFO  gresse::replica] replica 178714744544926860 observed shutdown descriptor for replica 178714744544926832 with final counter Some(5)
[2026-08-19T14:02:20.447Z INFO  gresse::replica] replica 178714744544926860 observed shutdown descriptor for replica 178714744544926833 with final counter Some(4)
[2026-08-19T14:02:20.713Z INFO  gresse::replica] replica 178714744544926860 observed shutdown descriptor for replica 178714744544926834 with final counter Some(4)
[2026-08-19T14:02:20.983Z INFO  gresse::replica] replica 178714744544926860 observed shutdown descriptor for replica 178714744544926835 with final counter Some(4)
[2026-08-19T14:02:21.253Z INFO  gresse::replica] replica 178714744544926860 observed shutdown descriptor for replica 178714744544926836 with final counter Some(4)
[2026-08-19T14:02:21.522Z INFO  gresse::replica] replica 178714744544926860 observed shutdown descriptor for replica 178714744544926837 with final counter Some(2)
[2026-08-19T14:02:21.786Z INFO  gresse::replica] replica 178714744544926860 observed shutdown descriptor for replica 178714744544926838 with final counter Some(4)
[2026-08-19T14:02:22.051Z INFO  gresse::replica] replica 178714744544926860 observed shutdown descriptor for replica 178714744544926839 with final counter Some(4)
[2026-08-19T14:02:22.322Z INFO  gresse::replica] replica 178714744544926860 observed shutdown descriptor for replica 178714744544926840 with final counter Some(4)
[2026-08-19T14:02:22.590Z INFO  gresse::replica] replica 178714744544926860 observed shutdown descriptor for replica 178714744544926841 with final counter Some(4)
[2026-08-19T14:02:22.860Z INFO  gresse::replica] replica 178714744544926860 observed shutdown descriptor for replica 178714744544926842 with final counter Some(4)
[2026-08-19T14:02:23.124Z INFO  gresse::replica] replica 178714744544926860 observed shutdown descriptor for replica 178714744544926844 with final counter Some(4)
[2026-08-19T14:02:23.386Z INFO  gresse::replica] replica 178714744544926860 observed shutdown descriptor for replica 178714744544926845 with final counter Some(4)
[2026-08-19T14:02:23.648Z INFO  gresse::replica] replica 178714744544926860 observed shutdown descriptor for replica 178714744544926846 with final counter Some(4)
[2026-08-19T14:02:23.911Z INFO  gresse::replica] replica 178714744544926860 observed shutdown descriptor for replica 178714744544926847 with final counter Some(4)
[2026-08-19T14:02:24.178Z INFO  gresse::replica] replica 178714744544926860 observed shutdown descriptor for replica 178714744544926848 with final counter Some(4)
[2026-08-19T14:02:24.446Z INFO  gresse::replica] replica 178714744544926860 observed shutdown descriptor for replica 178714744544926849 with final counter Some(1)
[2026-08-19T14:02:24.708Z INFO  gresse::replica] replica 178714744544926860 observed shutdown descriptor for replica 178714744544926850 with final counter Some(4)
[2026-08-19T14:02:24.973Z INFO  gresse::replica] replica 178714744544926860 observed shutdown descriptor for replica 178714744544926851 with final counter Some(4)
[2026-08-19T14:02:25.730Z INFO  gresse::replica] replica 178714744544926860 observed shutdown descriptor for replica 178714744544926852 with final counter Some(4)
[2026-08-19T14:02:25.998Z INFO  gresse::replica] replica 178714744544926860 observed shutdown descriptor for replica 178714744544926853 with final counter Some(4)
[2026-08-19T14:02:26.265Z INFO  gresse::replica] replica 178714744544926860 observed shutdown descriptor for replica 178714744544926861 with final counter Some(3)
[2026-08-19T14:02:26.527Z INFO  gresse::replica] replica 178714744544926860 observed shutdown descriptor for replica 178714744544926862 with final counter Some(2)
[2026-08-19T14:02:26.793Z INFO  gresse::replica] replica 178714744544926860 observed shutdown descriptor for replica 178714744544926863 with final counter Some(1)
[2026-08-19T14:02:27.057Z INFO  gresse::replica] replica 178714744544926860 observed shutdown descriptor for replica 178714744544926864 with final counter Some(1)
[2026-08-19T14:02:27.836Z INFO  gresse::replica] replica 178714744544926860 observed shutdown descriptor for replica 178714744544926832 with final counter Some(5)
[2026-08-19T14:02:28.105Z INFO  gresse::replica] replica 178714744544926860 observed shutdown descriptor for replica 178714744544926833 with final counter Some(4)
[2026-08-19T14:02:28.370Z INFO  gresse::replica] replica 178714744544926860 observed shutdown descriptor for replica 178714744544926834 with final counter Some(4)
[2026-08-19T14:02:28.635Z INFO  gresse::replica] replica 178714744544926860 observed shutdown descriptor for replica 178714744544926835 with final counter Some(4)
[2026-08-19T14:02:28.904Z INFO  gresse::replica] replica 178714744544926860 observed shutdown descriptor for replica 178714744544926836 with final counter Some(4)
[2026-08-19T14:02:29.170Z INFO  gresse::replica] replica 178714744544926860 observed shutdown descriptor for replica 178714744544926837 with final counter Some(2)
[2026-08-19T14:02:29.438Z INFO  gresse::replica] replica 178714744544926860 observed shutdown descriptor for replica 178714744544926838 with final counter Some(4)
[2026-08-19T14:02:29.704Z INFO  gresse::replica] replica 178714744544926860 observed shutdown descriptor for replica 178714744544926839 with final counter Some(4)
[2026-08-19T14:02:29.968Z INFO  gresse::replica] replica 178714744544926860 observed shutdown descriptor for replica 178714744544926840 with final counter Some(4)
[2026-08-19T14:02:30.233Z INFO  gresse::replica] replica 178714744544926860 observed shutdown descriptor for replica 178714744544926841 with final counter Some(4)
[2026-08-19T14:02:30.497Z INFO  gresse::replica] replica 178714744544926860 observed shutdown descriptor for replica 178714744544926842 with final counter Some(4)
[2026-08-19T14:02:30.763Z INFO  gresse::replica] replica 178714744544926860 observed shutdown descriptor for replica 178714744544926844 with final counter Some(4)
[2026-08-19T14:02:31.025Z INFO  gresse::replica] replica 178714744544926860 observed shutdown descriptor for replica 178714744544926845 with final counter Some(4)
[2026-08-19T14:02:31.289Z INFO  gresse::replica] replica 178714744544926860 observed shutdown descriptor for replica 178714744544926846 with final counter Some(4)
[2026-08-19T14:02:31.557Z INFO  gresse::replica] replica 178714744544926860 observed shutdown descriptor for replica 178714744544926847 with final counter Some(4)
[2026-08-19T14:02:31.823Z INFO  gresse::replica] replica 178714744544926860 observed shutdown descriptor for replica 178714744544926848 with final counter Some(4)
[2026-08-19T14:02:32.090Z INFO  gresse::replica] replica 178714744544926860 observed shutdown descriptor for replica 178714744544926849 with final counter Some(1)
[2026-08-19T14:02:32.359Z INFO  gresse::replica] replica 178714744544926860 observed shutdown descriptor for replica 178714744544926850 with final counter Some(4)
[2026-08-19T14:02:32.627Z INFO  gresse::replica] replica 178714744544926860 observed shutdown descriptor for replica 178714744544926851 with final counter Some(4)
[2026-08-19T14:02:32.889Z INFO  gresse::replica] replica 178714744544926860 observed shutdown descriptor for replica 178714744544926852 with final counter Some(4)
[2026-08-19T14:02:33.155Z INFO  gresse::replica] replica 178714744544926860 observed shutdown descriptor for replica 178714744544926853 with final counter Some(4)
[2026-08-19T14:02:33.416Z INFO  gresse::replica] replica 178714744544926860 observed shutdown descriptor for replica 178714744544926854 with final counter Some(4)
[2026-08-19T14:02:33.681Z INFO  gresse::replica] replica 178714744544926860 observed shutdown descriptor for replica 178714744544926861 with final counter Some(3)
[2026-08-19T14:02:33.943Z INFO  gresse::replica] replica 178714744544926860 observed shutdown descriptor for replica 178714744544926862 with final counter Some(2)
[2026-08-19T14:02:34.209Z INFO  gresse::replica] replica 178714744544926860 observed shutdown descriptor for replica 178714744544926863 with final counter Some(1)
[2026-08-19T14:02:34.474Z INFO  gresse::replica] replica 178714744544926860 observed shutdown descriptor for replica 178714744544926864 with final counter Some(1)
[2026-08-19T14:02:35.021Z INFO  gresse::replica] replica 178714744544926860 observed shutdown descriptor for replica 178714744544926832 with final counter Some(5)
[2026-08-19T14:02:35.288Z INFO  gresse::replica] replica 178714744544926860 observed shutdown descriptor for replica 178714744544926833 with final counter Some(4)
[2026-08-19T14:02:35.551Z INFO  gresse::replica] replica 178714744544926860 observed shutdown descriptor for replica 178714744544926834 with final counter Some(4)
[2026-08-19T14:02:35.816Z INFO  gresse::replica] replica 178714744544926860 observed shutdown descriptor for replica 178714744544926835 with final counter Some(4)
[2026-08-19T14:02:36.078Z INFO  gresse::replica] replica 178714744544926860 observed shutdown descriptor for replica 178714744544926836 with final counter Some(4)
[2026-08-19T14:02:36.344Z INFO  gresse::replica] replica 178714744544926860 observed shutdown descriptor for replica 178714744544926837 with final counter Some(2)
[2026-08-19T14:02:36.609Z INFO  gresse::replica] replica 178714744544926860 observed shutdown descriptor for replica 178714744544926838 with final counter Some(4)
[2026-08-19T14:02:36.875Z INFO  gresse::replica] replica 178714744544926860 observed shutdown descriptor for replica 178714744544926839 with final counter Some(4)
[2026-08-19T14:02:37.141Z INFO  gresse::replica] replica 178714744544926860 observed shutdown descriptor for replica 178714744544926840 with final counter Some(4)
[2026-08-19T14:02:37.407Z INFO  gresse::replica] replica 178714744544926860 observed shutdown descriptor for replica 178714744544926841 with final counter Some(4)
[2026-08-19T14:02:37.668Z INFO  gresse::replica] replica 178714744544926860 observed shutdown descriptor for replica 178714744544926842 with final counter Some(4)
[2026-08-19T14:02:37.935Z INFO  gresse::replica] replica 178714744544926860 observed shutdown descriptor for replica 178714744544926844 with final counter Some(4)
[2026-08-19T14:02:38.198Z INFO  gresse::replica] replica 178714744544926860 observed shutdown descriptor for replica 178714744544926845 with final counter Some(4)
[2026-08-19T14:02:38.463Z INFO  gresse::replica] replica 178714744544926860 observed shutdown descriptor for replica 178714744544926846 with final counter Some(4)
[2026-08-19T14:02:38.729Z INFO  gresse::replica] replica 178714744544926860 observed shutdown descriptor for replica 178714744544926847 with final counter Some(4)
[2026-08-19T14:02:38.991Z INFO  gresse::replica] replica 178714744544926860 observed shutdown descriptor for replica 178714744544926848 with final counter Some(4)
[2026-08-19T14:02:39.255Z INFO  gresse::replica] replica 178714744544926860 observed shutdown descriptor for replica 178714744544926849 with final counter Some(1)
[2026-08-19T14:02:39.519Z INFO  gresse::replica] replica 178714744544926860 observed shutdown descriptor for replica 178714744544926850 with final counter Some(4)
[2026-08-19T14:02:39.784Z INFO  gresse::replica] replica 178714744544926860 observed shutdown descriptor for replica 178714744544926851 with final counter Some(4)
[2026-08-19T14:02:40.050Z INFO  gresse::replica] replica 178714744544926860 observed shutdown descriptor for replica 178714744544926852 with final counter Some(4)
[2026-08-19T14:02:40.318Z INFO  gresse::replica] replica 178714744544926860 observed shutdown descriptor for replica 178714744544926853 with final counter Some(4)
[2026-08-19T14:02:40.585Z INFO  gresse::replica] replica 178714744544926860 observed shutdown descriptor for replica 178714744544926854 with final counter Some(4)
[2026-08-19T14:02:40.849Z INFO  gresse::replica] replica 178714744544926860 observed shutdown descriptor for replica 178714744544926855 with final counter Some(4)
[2026-08-19T14:02:41.115Z INFO  gresse::replica] replica 178714744544926860 observed shutdown descriptor for replica 178714744544926861 with final counter Some(3)
[2026-08-19T14:02:41.383Z INFO  gresse::replica] replica 178714744544926860 observed shutdown descriptor for replica 178714744544926862 with final counter Some(2)
[2026-08-19T14:02:41.652Z INFO  gresse::replica] replica 178714744544926860 observed shutdown descriptor for replica 178714744544926863 with final counter Some(1)
[2026-08-19T14:02:41.914Z INFO  gresse::replica] replica 178714744544926860 observed shutdown descriptor for replica 178714744544926864 with final counter Some(1)
[2026-08-19T14:02:42.453Z INFO  gresse::replica] replica 178714744544926860 observed shutdown descriptor for replica 178714744544926832 with final counter Some(5)
[2026-08-19T14:02:42.719Z INFO  gresse::replica] replica 178714744544926860 observed shutdown descriptor for replica 178714744544926833 with final counter Some(4)
[2026-08-19T14:02:42.982Z INFO  gresse::replica] replica 178714744544926860 observed shutdown descriptor for replica 178714744544926834 with final counter Some(4)
[2026-08-19T14:02:43.247Z INFO  gresse::replica] replica 178714744544926860 observed shutdown descriptor for replica 178714744544926835 with final counter Some(4)
[2026-08-19T14:02:43.512Z INFO  gresse::replica] replica 178714744544926860 observed shutdown descriptor for replica 178714744544926836 with final counter Some(4)
[2026-08-19T14:02:43.781Z INFO  gresse::replica] replica 178714744544926860 observed shutdown descriptor for replica 178714744544926837 with final counter Some(2)
[2026-08-19T14:02:44.044Z INFO  gresse::replica] replica 178714744544926860 observed shutdown descriptor for replica 178714744544926838 with final counter Some(4)
[2026-08-19T14:02:44.307Z INFO  gresse::replica] replica 178714744544926860 observed shutdown descriptor for replica 178714744544926839 with final counter Some(4)
[2026-08-19T14:02:44.571Z INFO  gresse::replica] replica 178714744544926860 observed shutdown descriptor for replica 178714744544926840 with final counter Some(4)
[2026-08-19T14:02:44.838Z INFO  gresse::replica] replica 178714744544926860 observed shutdown descriptor for replica 178714744544926841 with final counter Some(4)
[2026-08-19T14:02:45.102Z INFO  gresse::replica] replica 178714744544926860 observed shutdown descriptor for replica 178714744544926842 with final counter Some(4)
[2026-08-19T14:02:45.366Z INFO  gresse::replica] replica 178714744544926860 observed shutdown descriptor for replica 178714744544926844 with final counter Some(4)
[2026-08-19T14:02:45.629Z INFO  gresse::replica] replica 178714744544926860 observed shutdown descriptor for replica 178714744544926845 with final counter Some(4)
[2026-08-19T14:02:45.896Z INFO  gresse::replica] replica 178714744544926860 observed shutdown descriptor for replica 178714744544926846 with final counter Some(4)
[2026-08-19T14:02:46.162Z INFO  gresse::replica] replica 178714744544926860 observed shutdown descriptor for replica 178714744544926847 with final counter Some(4)
[2026-08-19T14:02:46.426Z INFO  gresse::replica] replica 178714744544926860 observed shutdown descriptor for replica 178714744544926848 with final counter Some(4)
[2026-08-19T14:02:46.692Z INFO  gresse::replica] replica 178714744544926860 observed shutdown descriptor for replica 178714744544926849 with final counter Some(1)
[2026-08-19T14:02:46.961Z INFO  gresse::replica] replica 178714744544926860 observed shutdown descriptor for replica 178714744544926850 with final counter Some(4)
[2026-08-19T14:02:47.226Z INFO  gresse::replica] replica 178714744544926860 observed shutdown descriptor for replica 178714744544926851 with final counter Some(4)
[2026-08-19T14:02:47.490Z INFO  gresse::replica] replica 178714744544926860 observed shutdown descriptor for replica 178714744544926852 with final counter Some(4)
[2026-08-19T14:02:47.759Z INFO  gresse::replica] replica 178714744544926860 observed shutdown descriptor for replica 178714744544926853 with final counter Some(4)
[2026-08-19T14:02:48.024Z INFO  gresse::replica] replica 178714744544926860 observed shutdown descriptor for replica 178714744544926854 with final counter Some(4)
[2026-08-19T14:02:48.290Z INFO  gresse::replica] replica 178714744544926860 observed shutdown descriptor for replica 178714744544926855 with final counter Some(4)
[2026-08-19T14:02:48.557Z INFO  gresse::replica] replica 178714744544926860 observed shutdown descriptor for replica 178714744544926861 with final counter Some(3)
[2026-08-19T14:02:48.822Z INFO  gresse::replica] replica 178714744544926860 observed shutdown descriptor for replica 178714744544926862 with final counter Some(2)
[2026-08-19T14:02:49.091Z INFO  gresse::replica] replica 178714744544926860 observed shutdown descriptor for replica 178714744544926863 with final counter Some(1)
[2026-08-19T14:02:49.354Z INFO  gresse::replica] replica 178714744544926860 observed shutdown descriptor for replica 178714744544926864 with final counter Some(1)
[2026-08-19T14:02:49.633Z WARN  gresse::network] peer connection write failed: Broken pipe (os error 32)
[2026-08-19T14:02:49.639Z WARN  gresse::replica] replica 178714744544926860 deferred pull request to peer 178714744544926856: channel closed
[2026-08-19T14:02:49.904Z INFO  gresse::replica] replica 178714744544926860 observed shutdown descriptor for replica 178714744544926832 with final counter Some(5)
[2026-08-19T14:02:50.168Z INFO  gresse::replica] replica 178714744544926860 observed shutdown descriptor for replica 178714744544926833 with final counter Some(4)
[2026-08-19T14:02:50.436Z INFO  gresse::replica] replica 178714744544926860 observed shutdown descriptor for replica 178714744544926834 with final counter Some(4)
[2026-08-19T14:02:50.702Z INFO  gresse::replica] replica 178714744544926860 observed shutdown descriptor for replica 178714744544926835 with final counter Some(4)
[2026-08-19T14:02:50.967Z INFO  gresse::replica] replica 178714744544926860 observed shutdown descriptor for replica 178714744544926836 with final counter Some(4)
[2026-08-19T14:02:51.233Z INFO  gresse::replica] replica 178714744544926860 observed shutdown descriptor for replica 178714744544926837 with final counter Some(2)
[2026-08-19T14:02:51.501Z INFO  gresse::replica] replica 178714744544926860 observed shutdown descriptor for replica 178714744544926838 with final counter Some(4)
[2026-08-19T14:02:51.763Z INFO  gresse::replica] replica 178714744544926860 observed shutdown descriptor for replica 178714744544926839 with final counter Some(4)
[2026-08-19T14:02:52.026Z INFO  gresse::replica] replica 178714744544926860 observed shutdown descriptor for replica 178714744544926840 with final counter Some(4)
[2026-08-19T14:02:52.289Z INFO  gresse::replica] replica 178714744544926860 observed shutdown descriptor for replica 178714744544926841 with final counter Some(4)
[2026-08-19T14:02:53.340Z INFO  gresse::replica] replica 178714744544926860 observed shutdown descriptor for replica 178714744544926842 with final counter Some(4)
[2026-08-19T14:02:53.619Z INFO  gresse::replica] replica 178714744544926860 observed shutdown descriptor for replica 178714744544926844 with final counter Some(4)
[2026-08-19T14:02:53.901Z INFO  gresse::replica] replica 178714744544926860 observed shutdown descriptor for replica 178714744544926845 with final counter Some(4)
[2026-08-19T14:02:54.182Z INFO  gresse::replica] replica 178714744544926860 observed shutdown descriptor for replica 178714744544926846 with final counter Some(4)
[2026-08-19T14:02:54.463Z INFO  gresse::replica] replica 178714744544926860 observed shutdown descriptor for replica 178714744544926847 with final counter Some(4)
[2026-08-19T14:02:54.746Z INFO  gresse::replica] replica 178714744544926860 observed shutdown descriptor for replica 178714744544926848 with final counter Some(4)
[2026-08-19T14:02:55.024Z INFO  gresse::replica] replica 178714744544926860 observed shutdown descriptor for replica 178714744544926849 with final counter Some(1)
[2026-08-19T14:02:55.301Z INFO  gresse::replica] replica 178714744544926860 observed shutdown descriptor for replica 178714744544926850 with final counter Some(4)
[2026-08-19T14:02:55.593Z INFO  gresse::replica] replica 178714744544926860 observed shutdown descriptor for replica 178714744544926851 with final counter Some(4)
[2026-08-19T14:02:55.874Z INFO  gresse::replica] replica 178714744544926860 observed shutdown descriptor for replica 178714744544926852 with final counter Some(4)
[2026-08-19T14:02:56.150Z INFO  gresse::replica] replica 178714744544926860 observed shutdown descriptor for replica 178714744544926853 with final counter Some(4)
[2026-08-19T14:02:56.432Z INFO  gresse::replica] replica 178714744544926860 observed shutdown descriptor for replica 178714744544926854 with final counter Some(4)
[2026-08-19T14:02:56.713Z INFO  gresse::replica] replica 178714744544926860 observed shutdown descriptor for replica 178714744544926855 with final counter Some(4)
[2026-08-19T14:02:56.992Z INFO  gresse::replica] replica 178714744544926860 observed shutdown descriptor for replica 178714744544926856 with final counter Some(4)
[2026-08-19T14:02:57.273Z INFO  gresse::replica] replica 178714744544926860 observed shutdown descriptor for replica 178714744544926861 with final counter Some(3)
[2026-08-19T14:02:57.548Z INFO  gresse::replica] replica 178714744544926860 observed shutdown descriptor for replica 178714744544926862 with final counter Some(2)
[2026-08-19T14:02:57.825Z INFO  gresse::replica] replica 178714744544926860 observed shutdown descriptor for replica 178714744544926863 with final counter Some(1)
[2026-08-19T14:02:58.103Z INFO  gresse::replica] replica 178714744544926860 observed shutdown descriptor for replica 178714744544926864 with final counter Some(1)
[2026-08-19T14:02:58.395Z WARN  gresse::network] peer connection write failed: Broken pipe (os error 32)
[2026-08-19T14:02:58.929Z INFO  gresse::replica] replica 178714744544926860 observed shutdown descriptor for replica 178714744544926832 with final counter Some(5)
[2026-08-19T14:02:59.211Z INFO  gresse::replica] replica 178714744544926860 observed shutdown descriptor for replica 178714744544926833 with final counter Some(4)
[2026-08-19T14:02:59.489Z INFO  gresse::replica] replica 178714744544926860 observed shutdown descriptor for replica 178714744544926834 with final counter Some(4)
[2026-08-19T14:02:59.763Z INFO  gresse::replica] replica 178714744544926860 observed shutdown descriptor for replica 178714744544926835 with final counter Some(4)
[2026-08-19T14:03:00.041Z INFO  gresse::replica] replica 178714744544926860 observed shutdown descriptor for replica 178714744544926836 with final counter Some(4)
[2026-08-19T14:03:00.322Z INFO  gresse::replica] replica 178714744544926860 observed shutdown descriptor for replica 178714744544926837 with final counter Some(2)
[2026-08-19T14:03:00.605Z INFO  gresse::replica] replica 178714744544926860 observed shutdown descriptor for replica 178714744544926838 with final counter Some(4)
[2026-08-19T14:03:00.887Z INFO  gresse::replica] replica 178714744544926860 observed shutdown descriptor for replica 178714744544926839 with final counter Some(4)
[2026-08-19T14:03:01.171Z INFO  gresse::replica] replica 178714744544926860 observed shutdown descriptor for replica 178714744544926840 with final counter Some(4)
[2026-08-19T14:03:01.453Z INFO  gresse::replica] replica 178714744544926860 observed shutdown descriptor for replica 178714744544926841 with final counter Some(4)
[2026-08-19T14:03:01.734Z INFO  gresse::replica] replica 178714744544926860 observed shutdown descriptor for replica 178714744544926842 with final counter Some(4)
[2026-08-19T14:03:02.012Z INFO  gresse::replica] replica 178714744544926860 observed shutdown descriptor for replica 178714744544926844 with final counter Some(4)
[2026-08-19T14:03:02.291Z INFO  gresse::replica] replica 178714744544926860 observed shutdown descriptor for replica 178714744544926845 with final counter Some(4)
[2026-08-19T14:03:02.570Z INFO  gresse::replica] replica 178714744544926860 observed shutdown descriptor for replica 178714744544926846 with final counter Some(4)
[2026-08-19T14:03:02.852Z INFO  gresse::replica] replica 178714744544926860 observed shutdown descriptor for replica 178714744544926847 with final counter Some(4)
[2026-08-19T14:03:03.132Z INFO  gresse::replica] replica 178714744544926860 observed shutdown descriptor for replica 178714744544926848 with final counter Some(4)
[2026-08-19T14:03:03.413Z INFO  gresse::replica] replica 178714744544926860 observed shutdown descriptor for replica 178714744544926849 with final counter Some(1)
[2026-08-19T14:03:03.690Z INFO  gresse::replica] replica 178714744544926860 observed shutdown descriptor for replica 178714744544926850 with final counter Some(4)
[2026-08-19T14:03:03.969Z INFO  gresse::replica] replica 178714744544926860 observed shutdown descriptor for replica 178714744544926851 with final counter Some(4)
[2026-08-19T14:03:04.249Z INFO  gresse::replica] replica 178714744544926860 observed shutdown descriptor for replica 178714744544926852 with final counter Some(4)
[2026-08-19T14:03:04.529Z INFO  gresse::replica] replica 178714744544926860 observed shutdown descriptor for replica 178714744544926853 with final counter Some(4)
[2026-08-19T14:03:04.810Z INFO  gresse::replica] replica 178714744544926860 observed shutdown descriptor for replica 178714744544926854 with final counter Some(4)
[2026-08-19T14:03:05.088Z INFO  gresse::replica] replica 178714744544926860 observed shutdown descriptor for replica 178714744544926855 with final counter Some(4)
[2026-08-19T14:03:05.364Z INFO  gresse::replica] replica 178714744544926860 observed shutdown descriptor for replica 178714744544926856 with final counter Some(4)
[2026-08-19T14:03:05.639Z INFO  gresse::replica] replica 178714744544926860 observed shutdown descriptor for replica 178714744544926857 with final counter Some(4)
[2026-08-19T14:03:05.917Z INFO  gresse::replica] replica 178714744544926860 observed shutdown descriptor for replica 178714744544926861 with final counter Some(3)
[2026-08-19T14:03:06.196Z INFO  gresse::replica] replica 178714744544926860 observed shutdown descriptor for replica 178714744544926862 with final counter Some(2)
[2026-08-19T14:03:06.477Z INFO  gresse::replica] replica 178714744544926860 observed shutdown descriptor for replica 178714744544926863 with final counter Some(1)
[2026-08-19T14:03:06.762Z INFO  gresse::replica] replica 178714744544926860 observed shutdown descriptor for replica 178714744544926864 with final counter Some(1)
[2026-08-19T14:03:07.593Z INFO  gresse::replica] replica 178714744544926860 observed shutdown descriptor for replica 178714744544926832 with final counter Some(5)
[2026-08-19T14:03:07.872Z INFO  gresse::replica] replica 178714744544926860 observed shutdown descriptor for replica 178714744544926833 with final counter Some(4)
[2026-08-19T14:03:08.152Z INFO  gresse::replica] replica 178714744544926860 observed shutdown descriptor for replica 178714744544926834 with final counter Some(4)
[2026-08-19T14:03:08.430Z INFO  gresse::replica] replica 178714744544926860 observed shutdown descriptor for replica 178714744544926835 with final counter Some(4)
[2026-08-19T14:03:08.712Z INFO  gresse::replica] replica 178714744544926860 observed shutdown descriptor for replica 178714744544926836 with final counter Some(4)
[2026-08-19T14:03:08.990Z INFO  gresse::replica] replica 178714744544926860 observed shutdown descriptor for replica 178714744544926837 with final counter Some(2)
[2026-08-19T14:03:09.271Z INFO  gresse::replica] replica 178714744544926860 observed shutdown descriptor for replica 178714744544926838 with final counter Some(4)
[2026-08-19T14:03:09.548Z INFO  gresse::replica] replica 178714744544926860 observed shutdown descriptor for replica 178714744544926839 with final counter Some(4)
[2026-08-19T14:03:09.831Z INFO  gresse::replica] replica 178714744544926860 observed shutdown descriptor for replica 178714744544926840 with final counter Some(4)
[2026-08-19T14:03:10.111Z INFO  gresse::replica] replica 178714744544926860 observed shutdown descriptor for replica 178714744544926841 with final counter Some(4)
[2026-08-19T14:03:10.386Z INFO  gresse::replica] replica 178714744544926860 observed shutdown descriptor for replica 178714744544926842 with final counter Some(4)
[2026-08-19T14:03:10.662Z INFO  gresse::replica] replica 178714744544926860 observed shutdown descriptor for replica 178714744544926844 with final counter Some(4)
[2026-08-19T14:03:10.938Z INFO  gresse::replica] replica 178714744544926860 observed shutdown descriptor for replica 178714744544926845 with final counter Some(4)
[2026-08-19T14:03:11.217Z INFO  gresse::replica] replica 178714744544926860 observed shutdown descriptor for replica 178714744544926846 with final counter Some(4)
[2026-08-19T14:03:11.499Z INFO  gresse::replica] replica 178714744544926860 observed shutdown descriptor for replica 178714744544926847 with final counter Some(4)
[2026-08-19T14:03:11.778Z INFO  gresse::replica] replica 178714744544926860 observed shutdown descriptor for replica 178714744544926848 with final counter Some(4)
[2026-08-19T14:03:12.057Z INFO  gresse::replica] replica 178714744544926860 observed shutdown descriptor for replica 178714744544926849 with final counter Some(1)
[2026-08-19T14:03:12.337Z INFO  gresse::replica] replica 178714744544926860 observed shutdown descriptor for replica 178714744544926850 with final counter Some(4)
[2026-08-19T14:03:12.617Z INFO  gresse::replica] replica 178714744544926860 observed shutdown descriptor for replica 178714744544926851 with final counter Some(4)
[2026-08-19T14:03:12.897Z INFO  gresse::replica] replica 178714744544926860 observed shutdown descriptor for replica 178714744544926852 with final counter Some(4)
[2026-08-19T14:03:13.179Z INFO  gresse::replica] replica 178714744544926860 observed shutdown descriptor for replica 178714744544926853 with final counter Some(4)
[2026-08-19T14:03:13.458Z INFO  gresse::replica] replica 178714744544926860 observed shutdown descriptor for replica 178714744544926854 with final counter Some(4)
[2026-08-19T14:03:13.737Z INFO  gresse::replica] replica 178714744544926860 observed shutdown descriptor for replica 178714744544926855 with final counter Some(4)
[2026-08-19T14:03:14.021Z INFO  gresse::replica] replica 178714744544926860 observed shutdown descriptor for replica 178714744544926856 with final counter Some(4)
[2026-08-19T14:03:14.300Z INFO  gresse::replica] replica 178714744544926860 observed shutdown descriptor for replica 178714744544926857 with final counter Some(4)
[2026-08-19T14:03:14.579Z INFO  gresse::replica] replica 178714744544926860 observed shutdown descriptor for replica 178714744544926861 with final counter Some(3)
[2026-08-19T14:03:14.859Z INFO  gresse::replica] replica 178714744544926860 observed shutdown descriptor for replica 178714744544926862 with final counter Some(2)
[2026-08-19T14:03:15.138Z INFO  gresse::replica] replica 178714744544926860 observed shutdown descriptor for replica 178714744544926863 with final counter Some(1)
[2026-08-19T14:03:15.414Z INFO  gresse::replica] replica 178714744544926860 observed shutdown descriptor for replica 178714744544926864 with final counter Some(1)
[2026-08-19T14:03:15.989Z INFO  gresse::replica] replica 178714744544926860 observed shutdown descriptor for replica 178714744544926832 with final counter Some(5)
[2026-08-19T14:03:16.269Z INFO  gresse::replica] replica 178714744544926860 observed shutdown descriptor for replica 178714744544926833 with final counter Some(4)
[2026-08-19T14:03:16.551Z INFO  gresse::replica] replica 178714744544926860 observed shutdown descriptor for replica 178714744544926834 with final counter Some(4)
[2026-08-19T14:03:16.832Z INFO  gresse::replica] replica 178714744544926860 observed shutdown descriptor for replica 178714744544926835 with final counter Some(4)
[2026-08-19T14:03:17.109Z INFO  gresse::replica] replica 178714744544926860 observed shutdown descriptor for replica 178714744544926836 with final counter Some(4)
[2026-08-19T14:03:17.386Z INFO  gresse::replica] replica 178714744544926860 observed shutdown descriptor for replica 178714744544926837 with final counter Some(2)
[2026-08-19T14:03:17.665Z INFO  gresse::replica] replica 178714744544926860 observed shutdown descriptor for replica 178714744544926838 with final counter Some(4)
[2026-08-19T14:03:17.947Z INFO  gresse::replica] replica 178714744544926860 observed shutdown descriptor for replica 178714744544926839 with final counter Some(4)
[2026-08-19T14:03:18.226Z INFO  gresse::replica] replica 178714744544926860 observed shutdown descriptor for replica 178714744544926840 with final counter Some(4)
[2026-08-19T14:03:18.504Z INFO  gresse::replica] replica 178714744544926860 observed shutdown descriptor for replica 178714744544926841 with final counter Some(4)
[2026-08-19T14:03:18.783Z INFO  gresse::replica] replica 178714744544926860 observed shutdown descriptor for replica 178714744544926842 with final counter Some(4)
[2026-08-19T14:03:19.067Z INFO  gresse::replica] replica 178714744544926860 observed shutdown descriptor for replica 178714744544926844 with final counter Some(4)
[2026-08-19T14:03:19.349Z INFO  gresse::replica] replica 178714744544926860 observed shutdown descriptor for replica 178714744544926845 with final counter Some(4)
[2026-08-19T14:03:19.630Z INFO  gresse::replica] replica 178714744544926860 observed shutdown descriptor for replica 178714744544926846 with final counter Some(4)
[2026-08-19T14:03:19.909Z INFO  gresse::replica] replica 178714744544926860 observed shutdown descriptor for replica 178714744544926847 with final counter Some(4)
[2026-08-19T14:03:20.192Z INFO  gresse::replica] replica 178714744544926860 observed shutdown descriptor for replica 178714744544926848 with final counter Some(4)
[2026-08-19T14:03:20.470Z INFO  gresse::replica] replica 178714744544926860 observed shutdown descriptor for replica 178714744544926849 with final counter Some(1)
[2026-08-19T14:03:20.749Z INFO  gresse::replica] replica 178714744544926860 observed shutdown descriptor for replica 178714744544926850 with final counter Some(4)
[2026-08-19T14:03:21.027Z INFO  gresse::replica] replica 178714744544926860 observed shutdown descriptor for replica 178714744544926851 with final counter Some(4)
[2026-08-19T14:03:21.304Z INFO  gresse::replica] replica 178714744544926860 observed shutdown descriptor for replica 178714744544926852 with final counter Some(4)
[2026-08-19T14:03:21.579Z INFO  gresse::replica] replica 178714744544926860 observed shutdown descriptor for replica 178714744544926853 with final counter Some(4)
[2026-08-19T14:03:22.339Z INFO  gresse::replica] replica 178714744544926860 observed shutdown descriptor for replica 178714744544926854 with final counter Some(4)
[2026-08-19T14:03:22.603Z INFO  gresse::replica] replica 178714744544926860 observed shutdown descriptor for replica 178714744544926855 with final counter Some(4)
[2026-08-19T14:03:22.865Z INFO  gresse::replica] replica 178714744544926860 observed shutdown descriptor for replica 178714744544926856 with final counter Some(4)
[2026-08-19T14:03:23.132Z INFO  gresse::replica] replica 178714744544926860 observed shutdown descriptor for replica 178714744544926857 with final counter Some(4)
[2026-08-19T14:03:23.395Z INFO  gresse::replica] replica 178714744544926860 observed shutdown descriptor for replica 178714744544926858 with final counter Some(4)
[2026-08-19T14:03:23.661Z INFO  gresse::replica] replica 178714744544926860 observed shutdown descriptor for replica 178714744544926861 with final counter Some(3)
[2026-08-19T14:03:23.926Z INFO  gresse::replica] replica 178714744544926860 observed shutdown descriptor for replica 178714744544926862 with final counter Some(2)
[2026-08-19T14:03:24.196Z INFO  gresse::replica] replica 178714744544926860 observed shutdown descriptor for replica 178714744544926863 with final counter Some(1)
[2026-08-19T14:03:24.464Z INFO  gresse::replica] replica 178714744544926860 observed shutdown descriptor for replica 178714744544926864 with final counter Some(1)
[2026-08-19T14:03:25.250Z INFO  gresse::replica] replica 178714744544926860 observed shutdown descriptor for replica 178714744544926832 with final counter Some(5)
[2026-08-19T14:03:25.513Z INFO  gresse::replica] replica 178714744544926860 observed shutdown descriptor for replica 178714744544926833 with final counter Some(4)
[2026-08-19T14:03:25.779Z INFO  gresse::replica] replica 178714744544926860 observed shutdown descriptor for replica 178714744544926834 with final counter Some(4)
[2026-08-19T14:03:26.048Z INFO  gresse::replica] replica 178714744544926860 observed shutdown descriptor for replica 178714744544926835 with final counter Some(4)
[2026-08-19T14:03:26.313Z INFO  gresse::replica] replica 178714744544926860 observed shutdown descriptor for replica 178714744544926836 with final counter Some(4)
[2026-08-19T14:03:26.577Z INFO  gresse::replica] replica 178714744544926860 observed shutdown descriptor for replica 178714744544926837 with final counter Some(2)
[2026-08-19T14:03:26.842Z INFO  gresse::replica] replica 178714744544926860 observed shutdown descriptor for replica 178714744544926838 with final counter Some(4)
[2026-08-19T14:03:27.110Z INFO  gresse::replica] replica 178714744544926860 observed shutdown descriptor for replica 178714744544926839 with final counter Some(4)
[2026-08-19T14:03:27.373Z INFO  gresse::replica] replica 178714744544926860 observed shutdown descriptor for replica 178714744544926840 with final counter Some(4)
[2026-08-19T14:03:27.640Z INFO  gresse::replica] replica 178714744544926860 observed shutdown descriptor for replica 178714744544926841 with final counter Some(4)
[2026-08-19T14:03:27.905Z INFO  gresse::replica] replica 178714744544926860 observed shutdown descriptor for replica 178714744544926842 with final counter Some(4)
[2026-08-19T14:03:28.172Z INFO  gresse::replica] replica 178714744544926860 observed shutdown descriptor for replica 178714744544926844 with final counter Some(4)
[2026-08-19T14:03:28.437Z INFO  gresse::replica] replica 178714744544926860 observed shutdown descriptor for replica 178714744544926845 with final counter Some(4)
[2026-08-19T14:03:28.703Z INFO  gresse::replica] replica 178714744544926860 observed shutdown descriptor for replica 178714744544926846 with final counter Some(4)
[2026-08-19T14:03:28.968Z INFO  gresse::replica] replica 178714744544926860 observed shutdown descriptor for replica 178714744544926847 with final counter Some(4)
[2026-08-19T14:03:29.233Z INFO  gresse::replica] replica 178714744544926860 observed shutdown descriptor for replica 178714744544926848 with final counter Some(4)
[2026-08-19T14:03:29.498Z INFO  gresse::replica] replica 178714744544926860 observed shutdown descriptor for replica 178714744544926849 with final counter Some(1)
[2026-08-19T14:03:29.764Z INFO  gresse::replica] replica 178714744544926860 observed shutdown descriptor for replica 178714744544926850 with final counter Some(4)
[2026-08-19T14:03:30.029Z INFO  gresse::replica] replica 178714744544926860 observed shutdown descriptor for replica 178714744544926851 with final counter Some(4)
[2026-08-19T14:03:30.299Z INFO  gresse::replica] replica 178714744544926860 observed shutdown descriptor for replica 178714744544926852 with final counter Some(4)
[2026-08-19T14:03:30.593Z INFO  gresse::replica] replica 178714744544926860 observed shutdown descriptor for replica 178714744544926853 with final counter Some(4)
[2026-08-19T14:03:30.861Z INFO  gresse::replica] replica 178714744544926860 observed shutdown descriptor for replica 178714744544926854 with final counter Some(4)
[2026-08-19T14:03:31.128Z INFO  gresse::replica] replica 178714744544926860 observed shutdown descriptor for replica 178714744544926855 with final counter Some(4)
[2026-08-19T14:03:31.397Z INFO  gresse::replica] replica 178714744544926860 observed shutdown descriptor for replica 178714744544926856 with final counter Some(4)
[2026-08-19T14:03:31.663Z INFO  gresse::replica] replica 178714744544926860 observed shutdown descriptor for replica 178714744544926857 with final counter Some(4)
[2026-08-19T14:03:31.931Z INFO  gresse::replica] replica 178714744544926860 observed shutdown descriptor for replica 178714744544926858 with final counter Some(4)
[2026-08-19T14:03:32.200Z INFO  gresse::replica] replica 178714744544926860 observed shutdown descriptor for replica 178714744544926859 with final counter Some(4)
[2026-08-19T14:03:32.466Z INFO  gresse::replica] replica 178714744544926860 observed shutdown descriptor for replica 178714744544926861 with final counter Some(3)
[2026-08-19T14:03:32.734Z INFO  gresse::replica] replica 178714744544926860 observed shutdown descriptor for replica 178714744544926862 with final counter Some(2)
[2026-08-19T14:03:33.000Z INFO  gresse::replica] replica 178714744544926860 observed shutdown descriptor for replica 178714744544926863 with final counter Some(1)
[2026-08-19T14:03:33.265Z INFO  gresse::replica] replica 178714744544926860 observed shutdown descriptor for replica 178714744544926864 with final counter Some(1)
[2026-08-19T14:03:34.048Z INFO  gresse::replica] replica 178714744544926860 observed shutdown descriptor for replica 178714744544926832 with final counter Some(5)
[2026-08-19T14:03:34.317Z INFO  gresse::replica] replica 178714744544926860 observed shutdown descriptor for replica 178714744544926833 with final counter Some(4)
[2026-08-19T14:03:34.585Z INFO  gresse::replica] replica 178714744544926860 observed shutdown descriptor for replica 178714744544926834 with final counter Some(4)
[2026-08-19T14:03:34.849Z INFO  gresse::replica] replica 178714744544926860 observed shutdown descriptor for replica 178714744544926835 with final counter Some(4)
[2026-08-19T14:03:35.114Z INFO  gresse::replica] replica 178714744544926860 observed shutdown descriptor for replica 178714744544926836 with final counter Some(4)
[2026-08-19T14:03:35.378Z INFO  gresse::replica] replica 178714744544926860 observed shutdown descriptor for replica 178714744544926837 with final counter Some(2)
[2026-08-19T14:03:35.646Z INFO  gresse::replica] replica 178714744544926860 observed shutdown descriptor for replica 178714744544926838 with final counter Some(4)
[2026-08-19T14:03:35.911Z INFO  gresse::replica] replica 178714744544926860 observed shutdown descriptor for replica 178714744544926839 with final counter Some(4)
[2026-08-19T14:03:36.178Z INFO  gresse::replica] replica 178714744544926860 observed shutdown descriptor for replica 178714744544926840 with final counter Some(4)
[2026-08-19T14:03:36.457Z INFO  gresse::replica] replica 178714744544926860 observed shutdown descriptor for replica 178714744544926841 with final counter Some(4)
[2026-08-19T14:03:36.721Z INFO  gresse::replica] replica 178714744544926860 observed shutdown descriptor for replica 178714744544926842 with final counter Some(4)
[2026-08-19T14:03:36.987Z INFO  gresse::replica] replica 178714744544926860 observed shutdown descriptor for replica 178714744544926844 with final counter Some(4)
[2026-08-19T14:03:37.256Z INFO  gresse::replica] replica 178714744544926860 observed shutdown descriptor for replica 178714744544926845 with final counter Some(4)
[2026-08-19T14:03:37.521Z INFO  gresse::replica] replica 178714744544926860 observed shutdown descriptor for replica 178714744544926846 with final counter Some(4)
[2026-08-19T14:03:37.787Z INFO  gresse::replica] replica 178714744544926860 observed shutdown descriptor for replica 178714744544926847 with final counter Some(4)
[2026-08-19T14:03:38.053Z INFO  gresse::replica] replica 178714744544926860 observed shutdown descriptor for replica 178714744544926848 with final counter Some(4)
[2026-08-19T14:03:38.321Z INFO  gresse::replica] replica 178714744544926860 observed shutdown descriptor for replica 178714744544926849 with final counter Some(1)
[2026-08-19T14:03:38.584Z INFO  gresse::replica] replica 178714744544926860 observed shutdown descriptor for replica 178714744544926850 with final counter Some(4)
[2026-08-19T14:03:38.850Z INFO  gresse::replica] replica 178714744544926860 observed shutdown descriptor for replica 178714744544926851 with final counter Some(4)
[2026-08-19T14:03:39.137Z INFO  gresse::replica] replica 178714744544926860 observed shutdown descriptor for replica 178714744544926852 with final counter Some(4)
[2026-08-19T14:03:39.407Z INFO  gresse::replica] replica 178714744544926860 observed shutdown descriptor for replica 178714744544926853 with final counter Some(4)
[2026-08-19T14:03:39.673Z INFO  gresse::replica] replica 178714744544926860 observed shutdown descriptor for replica 178714744544926854 with final counter Some(4)
[2026-08-19T14:03:39.938Z INFO  gresse::replica] replica 178714744544926860 observed shutdown descriptor for replica 178714744544926855 with final counter Some(4)
[2026-08-19T14:03:40.205Z INFO  gresse::replica] replica 178714744544926860 observed shutdown descriptor for replica 178714744544926856 with final counter Some(4)
[2026-08-19T14:03:40.472Z INFO  gresse::replica] replica 178714744544926860 observed shutdown descriptor for replica 178714744544926857 with final counter Some(4)
[2026-08-19T14:03:40.736Z INFO  gresse::replica] replica 178714744544926860 observed shutdown descriptor for replica 178714744544926858 with final counter Some(4)
[2026-08-19T14:03:41.002Z INFO  gresse::replica] replica 178714744544926860 observed shutdown descriptor for replica 178714744544926859 with final counter Some(4)
[2026-08-19T14:03:41.266Z INFO  gresse::replica] replica 178714744544926860 observed shutdown descriptor for replica 178714744544926861 with final counter Some(3)
[2026-08-19T14:03:41.535Z INFO  gresse::replica] replica 178714744544926860 observed shutdown descriptor for replica 178714744544926862 with final counter Some(2)
[2026-08-19T14:03:41.800Z INFO  gresse::replica] replica 178714744544926860 observed shutdown descriptor for replica 178714744544926863 with final counter Some(1)
[2026-08-19T14:03:42.066Z INFO  gresse::replica] replica 178714744544926860 observed shutdown descriptor for replica 178714744544926864 with final counter Some(1)
[2026-08-19T14:03:42.332Z INFO  gresse::replica] shutdown signal received for replica 178714744544926860
[2026-08-19T14:03:42.332Z INFO  gresse::replica] replica 178714744544926860 shutting down with 0 connected writers
[2026-08-19T14:03:42.850Z INFO  gresse::http_server] http server received shutdown signal
[2026-08-19T14:03:42.850Z INFO  gresse::http_server] http server shutdown complete
[2026-08-19T14:03:42.850Z INFO  gresse::network] network manager for replica 178714744544926860 shutdown complete
