source,event,phase,timestamp_us,replica_pid,peer_pid,gc_marker,sent_us,received_us,start_us,end_us,insert_count,delete_count,detail,client_id,operation,value,status_code,latency_us
server,replica_init,start,1787925169190286,178792343327014805,,,,,,,,,,,,,,
server,recovered_membership_cleanup,completed,1787925169513155,178792343327014805,178792343327014804,,,,,,,,,,,,,
server,membership_descriptor_write,completed,1787925169298011,178792343327014805,,,,,1787925169190309,1787925169298011,,,"178792343327014805,3.121.180.49:19081,15",,,,,107702
server,membership_directory_read,completed,1787925169396446,178792343327014805,,,,,1787925169298014,1787925169396446,,,init:309 descriptors,,,,,98432
server,persistent_state_fetch,completed,1787925169513213,178792343327014805,,,,,,,,,recovered_from_durability_journal,,,,,
server,replica_init,completed,1787925169513218,178792343327014805,,,,,,,,,,,,,,
server,peer_replication_connection,established,1787925169513450,178792343327014805,178792343266887005,,,,,,,,,,,,,
server,peer_replication_connection,established,1787925169513933,178792343327014805,178792343327014805,,,,,,,,,,,,,
server,peer_replication_pull_request,sent,1787925169513959,178792343327014805,,,,,,,,,connected_peers=2,,,,,
server,peer_replication_connection,established,1787925169514127,178792343327014805,178792343327013805,,,,,,,,,,,,,
server,peer_replication_connection,established,1787925169514204,178792343327014805,178792343327017804,,,,,,,,,,,,,
server,peer_replication_connection,established,1787925169529360,178792343327014805,178792343597984004,,,,,,,,,,,,,
server,peer_replication_connection,established,1787925169529422,178792343327014805,178792343597981004,,,,,,,,,,,,,
server,peer_replication_connection,established,1787925169529662,178792343327014805,178792343597982004,,,,,,,,,,,,,
server,peer_replication_connection,established,1787925169529701,178792343327014805,178792343597983004,,,,,,,,,,,,,
server,peer_replication_connection,established,1787925169529986,178792343327014805,178792343597985004,,,,,,,,,,,,,
server,peer_replication_connection,established,1787925169536204,178792343327014805,178792343513165004,,,,,,,,,,,,,
server,peer_replication_connection,established,1787925169536305,178792343327014805,178792343513167004,,,,,,,,,,,,,
server,peer_replication_connection,established,1787925169536411,178792343327014805,178792343513164004,,,,,,,,,,,,,
server,peer_replication_connection,established,1787925169536884,178792343327014805,178792343513166004,,,,,,,,,,,,,
server,peer_replication_connection,established,1787925169537983,178792343327014805,178792343513168004,,,,,,,,,,,,,
server,peer_replication_connection,established,1787925169553020,178792343327014805,178792343404852504,,,,,,,,,,,,,
server,peer_replication_connection,established,1787925169553152,178792343327014805,178792343404855504,,,,,,,,,,,,,
server,peer_replication_connection,established,1787925169553228,178792343327014805,178792343404854504,,,,,,,,,,,,,
server,peer_replication_connection,established,1787925169554522,178792343327014805,178792343404853504,,,,,,,,,,,,,
server,peer_replication_connection,established,1787925169554856,178792343327014805,178792343404851504,,,,,,,,,,,,,
server,peer_replication_connection,established,1787925169561006,178792343327014805,178792343266886005,,,,,,,,,,,,,
server,peer_replication_connection,established,1787925169561111,178792343327014805,178792343266889005,,,,,,,,,,,,,
server,peer_replication_connection,established,1787925169561578,178792343327014805,178792343266888005,,,,,,,,,,,,,
server,peer_replication_connection,established,1787925169561686,178792343327014805,178792343266890005,,,,,,,,,,,,,
server,gc_observed,start,1787925169685564,178792343327014805,,16,,,,,,,,,,,,
server,gc_membership_descriptor_write,completed,1787925170478202,178792343327014805,,16,,,,,,,"178792343327014805,3.121.180.49:19081,16",,,,,
server,gc_observed,completed,1787925170478230,178792343327014805,,16,,,,,,,,,,,,
server,peer_replication_merge_delta,completed,1787925170717403,178792343327014805,,16,,1787925169685564,1787925170715612,1787925170717403,,,"delta_len=3038,sent_us=1787925169549583",,,,,1791
server,peer_replication_connection,established,1787925170717484,178792343327014805,178792343327015805,,,,,,,,,,,,,
server,client_mutation,completed,1787925169732625,178792343327014805,,,,1787925169719759,1787925169719760,1787925169732625,,,http_data_plane,,,,,12865
server,client_mutation,completed,1787925170021707,178792343327014805,,,,1787925170019675,1787925170019676,1787925170021707,,,http_data_plane,,,,,2031
server,peer_replication_pull_request,sent,1787925170717537,178792343327014805,,,,,,,,,connected_peers=24,,,,,
server,client_mutation,completed,1787925170321849,178792343327014805,,,,1787925170320408,1787925170320408,1787925170321849,,,http_data_plane,,,,,1441
server,peer_replication_get_delta,completed,1787925170775062,178792343327014805,178792343513164004,16,,1787925170774882,1787925170774887,1787925170775062,,,"delta_len=32,sent_us=1787925170757757",,,,,175
server,peer_replication_merge_delta,completed,1787925170790776,178792343327014805,,16,,1787925170777253,1787925170790643,1787925170790776,,,"delta_len=137,sent_us=1787925170747110",,,,,133
server,client_mutation,completed,1787925170921427,178792343327014805,,,,1787925170920227,1787925170920228,1787925170921427,,,http_data_plane,,,,,1199
server,client_mutation,completed,1787925171320982,178792343327014805,,,,1787925171319679,1787925171319679,1787925171320982,,,http_data_plane,,,,,1303
server,peer_replication_connection,established,1787925171389120,178792343327014805,178792343327016805,,,,,,,,,,,,,
server,peer_replication_pull_request,sent,1787925171514178,178792343327014805,,,,,,,,,connected_peers=25,,,,,
server,peer_replication_merge_delta,completed,1787925171562317,178792343327014805,,16,,1787925171557120,1787925171562288,1787925171562317,,,"delta_len=27,sent_us=1787925171546620",,,,,29
server,client_mutation,completed,1787925171821709,178792343327014805,,,,1787925171820249,1787925171820249,1787925171821709,,,http_data_plane,,,,,1460
server,client_mutation,completed,1787925172320725,178792343327014805,,,,1787925172319554,1787925172319555,1787925172320725,,,http_data_plane,,,,,1170
server,peer_replication_pull_request,sent,1787925172514305,178792343327014805,,,,,,,,,connected_peers=25,,,,,
server,peer_replication_merge_delta,completed,1787925172574363,178792343327014805,,16,,1787925172566064,1787925172574317,1787925172574363,,,"delta_len=50,sent_us=1787925172550997",,,,,46
server,client_mutation,completed,1787925172821567,178792343327014805,,,,1787925172820309,1787925172820310,1787925172821567,,,http_data_plane,,,,,1257
server,client_mutation,completed,1787925173336167,178792343327014805,,,,1787925173325059,1787925173325059,1787925173336167,,,http_data_plane,,,,,11108
server,peer_replication_get_delta,completed,1787925173405527,178792343327014805,178792343597984004,16,,1787925173405375,1787925173405378,1787925173405527,,,"delta_len=24,sent_us=1787925173393424",,,,,149
server,peer_replication_pull_request,sent,1787925173514894,178792343327014805,,,,,,,,,connected_peers=25,,,,,
server,peer_replication_merge_delta,completed,1787925173590394,178792343327014805,,16,,1787925173586669,1787925173590374,1787925173590394,,,"delta_len=24,sent_us=1787925173550719",,,,,20
server,client_mutation,completed,1787925173820816,178792343327014805,,,,1787925173819540,1787925173819540,1787925173820816,,,http_data_plane,,,,,1276
server,membership_directory_read,completed,1787925174288413,178792343327014805,,,,,1787925174186638,1787925174288413,,,poll:300 descriptors,,,,,101775
server,peer_replication_pull_request,sent,1787925175071212,178792343327014805,,,,,,,,,connected_peers=25,,,,,
server,client_mutation,completed,1787925174320819,178792343327014805,,,,1787925174319616,1787925174319616,1787925174320819,,,http_data_plane,,,,,1203
server,client_mutation,completed,1787925174821991,178792343327014805,,,,1787925174819766,1787925174819767,1787925174821991,,,http_data_plane,,,,,2224
server,peer_replication_merge_delta,completed,1787925175101195,178792343327014805,,16,,1787925175094578,1787925175101147,1787925175101195,,,"delta_len=70,sent_us=1787925175088439",,,,,48
server,client_mutation,completed,1787925175321687,178792343327014805,,,,1787925175319596,1787925175319597,1787925175321687,,,http_data_plane,,,,,2090
server,peer_replication_pull_request,sent,1787925175514472,178792343327014805,,,,,,,,,connected_peers=25,,,,,
server,peer_replication_merge_delta,completed,1787925175523656,178792343327014805,,16,,1787925175515401,1787925175523498,1787925175523656,,,"delta_len=71,sent_us=1787925175514989",,,,,158
server,client_mutation,completed,1787925175821931,178792343327014805,,,,1787925175819784,1787925175819785,1787925175821931,,,http_data_plane,,,,,2146
server,client_mutation,completed,1787925176321721,178792343327014805,,,,1787925176319547,1787925176319548,1787925176321721,,,http_data_plane,,,,,2173
server,peer_replication_pull_request,sent,1787925176514469,178792343327014805,,,,,,,,,connected_peers=25,,,,,
server,peer_replication_merge_delta,completed,1787925176567442,178792343327014805,,16,,1787925176562910,1787925176567412,1787925176567442,,,"delta_len=25,sent_us=1787925176550429",,,,,30
server,client_mutation,completed,1787925176821809,178792343327014805,,,,1787925176819678,1787925176819679,1787925176821809,,,http_data_plane,,,,,2130
server,peer_replication_get_delta,completed,1787925177027101,178792343327014805,178792343597981004,16,,1787925177026939,1787925177026944,1787925177027101,,,"delta_len=47,sent_us=1787925177014966",,,,,157
server,client_mutation,completed,1787925177321632,178792343327014805,,,,1787925177319621,1787925177319622,1787925177321632,,,http_data_plane,,,,,2010
server,peer_replication_pull_request,sent,1787925177514423,178792343327014805,,,,,,,,,connected_peers=25,,,,,
server,peer_replication_merge_delta,completed,1787925177559858,178792343327014805,,16,,1787925177556152,1787925177559840,1787925177559858,,,"delta_len=18,sent_us=1787925177545781",,,,,18
server,client_mutation,completed,1787925177821705,178792343327014805,,,,1787925177819606,1787925177819606,1787925177821705,,,http_data_plane,,,,,2099
server,client_mutation,completed,1787925178321921,178792343327014805,,,,1787925178319735,1787925178319736,1787925178321921,,,http_data_plane,,,,,2185
server,peer_replication_get_delta,completed,1787925178405687,178792343327014805,178792343597984004,16,,1787925178405519,1787925178405522,1787925178405687,,,"delta_len=34,sent_us=1787925178393551",,,,,165
server,peer_replication_pull_request,sent,1787925178514029,178792343327014805,,,,,,,,,connected_peers=25,,,,,
server,peer_replication_merge_delta,completed,1787925178566956,178792343327014805,,16,,1787925178562385,1787925178566903,1787925178566956,,,"delta_len=32,sent_us=1787925178550039",,,,,53
server,client_mutation,completed,1787925178821662,178792343327014805,,,,1787925178819602,1787925178819603,1787925178821662,,,http_data_plane,,,,,2059
server,membership_directory_read,completed,1787925179253195,178792343327014805,,,,,1787925179186591,1787925179253195,,,poll:300 descriptors,,,,,66604
server,client_mutation,completed,1787925179321745,178792343327014805,,,,1787925179319605,1787925179319606,1787925179321745,,,http_data_plane,,,,,2139
server,peer_replication_get_delta,completed,1787925179389350,178792343327014805,178792343327016805,16,,1787925179389195,1787925179389199,1787925179389350,,,"delta_len=47,sent_us=1787925179388702",,,,,151
server,peer_replication_get_delta,completed,1787925179404908,178792343327014805,178792343597984004,16,,1787925179404756,1787925179404761,1787925179404908,,,"delta_len=34,sent_us=1787925179392813",,,,,147
server,peer_replication_pull_request,sent,1787925179514261,178792343327014805,,,,,,,,,connected_peers=25,,,,,
server,peer_replication_merge_delta,completed,1787925179539940,178792343327014805,,16,,1787925179530929,1787925179539868,1787925179539940,,,"delta_len=78,sent_us=1787925179526327",,,,,72
server,peer_replication_get_delta,completed,1787925179577285,178792343327014805,178792343327013805,16,,1787925179577129,1787925179577132,1787925179577285,,,"delta_len=71,sent_us=1787925179576720",,,,,153
server,peer_replication_get_delta,completed,1787925179810111,178792343327014805,178792343266890005,16,,1787925179809954,1787925179809957,1787925179810111,,,"delta_len=74,sent_us=1787925179773846",,,,,154
server,client_mutation,completed,1787925179821801,178792343327014805,,,,1787925179819594,1787925179819594,1787925179821801,,,http_data_plane,,,,,2207
server,client_mutation,completed,1787925180321770,178792343327014805,,,,1787925180319634,1787925180319634,1787925180321770,,,http_data_plane,,,,,2136
server,peer_replication_get_delta,completed,1787925180423384,178792343327014805,178792343513166004,16,,1787925180423223,1787925180423227,1787925180423384,,,"delta_len=57,sent_us=1787925180405289",,,,,157
server,peer_replication_pull_request,sent,1787925180514664,178792343327014805,,,,,,,,,connected_peers=25,,,,,
server,peer_replication_get_delta,completed,1787925180571210,178792343327014805,178792343404853504,16,,1787925180571049,1787925180571053,1787925180571210,,,"delta_len=63,sent_us=1787925180540216",,,,,157
server,client_mutation,completed,1787925180821716,178792343327014805,,,,1787925180819625,1787925180819626,1787925180821716,,,http_data_plane,,,,,2090
server,client_mutation,completed,1787925181321664,178792343327014805,,,,1787925181319572,1787925181319573,1787925181321664,,,http_data_plane,,,,,2091
server,peer_replication_pull_request,sent,1787925181514529,178792343327014805,,,,,,,,,connected_peers=25,,,,,
server,client_mutation,completed,1787925181821742,178792343327014805,,,,1787925181819574,1787925181819574,1787925181821742,,,http_data_plane,,,,,2168
server,client_mutation,completed,1787925182321699,178792343327014805,,,,1787925182319613,1787925182319613,1787925182321699,,,http_data_plane,,,,,2086
server,peer_replication_pull_request,sent,1787925182514516,178792343327014805,,,,,,,,,connected_peers=25,,,,,
server,peer_replication_merge_delta,completed,1787925182586174,178792343327014805,,16,,1787925182576932,1787925182586042,1787925182586174,,,"delta_len=122,sent_us=1787925182545865",,,,,132
server,peer_replication_get_delta,completed,1787925182634306,178792343327014805,178792343404854504,16,,1787925182634147,1787925182634152,1787925182634306,,,"delta_len=57,sent_us=1787925182604288",,,,,154
server,client_mutation,completed,1787925182821748,178792343327014805,,,,1787925182819633,1787925182819634,1787925182821748,,,http_data_plane,,,,,2114
server,client_mutation,completed,1787925183321614,178792343327014805,,,,1787925183319607,1787925183319608,1787925183321614,,,http_data_plane,,,,,2006
server,peer_replication_get_delta,completed,1787925183490228,178792343327014805,178792343327015805,16,,1787925183490060,1787925183490062,1787925183490228,,,"delta_len=19,sent_us=1787925183489543",,,,,166
server,peer_replication_pull_request,sent,1787925183514423,178792343327014805,,,,,,,,,connected_peers=25,,,,,
server,peer_replication_merge_delta,completed,1787925183522866,178792343327014805,,16,,1787925183515536,1787925183522805,1787925183522866,,,"delta_len=67,sent_us=1787925183515029",,,,,61
server,client_mutation,completed,1787925183821797,178792343327014805,,,,1787925183819628,1787925183819629,1787925183821797,,,http_data_plane,,,,,2168
server,membership_directory_read,completed,1787925184238131,178792343327014805,,,,,1787925184186488,1787925184238131,,,poll:300 descriptors,,,,,51643
server,client_mutation,completed,1787925184321731,178792343327014805,,,,1787925184319643,1787925184319646,1787925184321731,,,http_data_plane,,,,,2085
server,peer_replication_pull_request,sent,1787925184514539,178792343327014805,,,,,,,,,connected_peers=25,,,,,
server,peer_replication_merge_delta,completed,1787925184541696,178792343327014805,,16,,1787925184537681,1787925184541677,1787925184541696,,,"delta_len=22,sent_us=1787925184531714",,,,,19
server,peer_replication_get_delta,completed,1787925184625921,178792343327014805,178792343404852504,16,,1787925184625728,1787925184625734,1787925184625921,,,"delta_len=42,sent_us=1787925184596039",,,,,187
server,peer_replication_get_delta,completed,1787925184770560,178792343327014805,178792343266886005,16,,1787925184770399,1787925184770405,1787925184770560,,,"delta_len=54,sent_us=1787925184734438",,,,,155
server,client_mutation,completed,1787925184821695,178792343327014805,,,,1787925184819614,1787925184819615,1787925184821695,,,http_data_plane,,,,,2080
server,client_mutation,completed,1787925185321815,178792343327014805,,,,1787925185319625,1787925185319625,1787925185321815,,,http_data_plane,,,,,2190
server,peer_replication_pull_request,sent,1787925185514518,178792343327014805,,,,,,,,,connected_peers=25,,,,,
server,peer_replication_merge_delta,completed,1787925185543830,178792343327014805,,16,,1787925185537769,1787925185543803,1787925185543830,,,"delta_len=36,sent_us=1787925185531669",,,,,27
server,client_mutation,completed,1787925185821665,178792343327014805,,,,1787925185819603,1787925185819603,1787925185821665,,,http_data_plane,,,,,2062
server,client_mutation,completed,1787925186321798,178792343327014805,,,,1787925186319646,1787925186319647,1787925186321798,,,http_data_plane,,,,,2151
server,client_mutation,completed,1787925186821873,178792343327014805,,,,1787925186819653,1787925186819654,1787925186821873,,,http_data_plane,,,,,2219
server,peer_replication_get_delta,completed,1787925187180730,178792343327014805,178792343327017804,16,,1787925187180571,1787925187180574,1787925187180730,,,"delta_len=36,sent_us=1787925187180168",,,,,156
server,client_mutation,completed,1787925187321942,178792343327014805,,,,1787925187319628,1787925187319628,1787925187321942,,,http_data_plane,,,,,2314
server,peer_replication_get_delta,completed,1787925187429156,178792343327014805,178792343266889005,16,,1787925187429002,1787925187429006,1787925187429156,,,"delta_len=8,sent_us=1787925187393068",,,,,150
server,peer_replication_pull_request,sent,1787925187514474,178792343327014805,,,,,,,,,connected_peers=24,,,,,
server,peer_replication_merge_delta,completed,1787925187547337,178792343327014805,,16,,1787925187538394,1787925187547266,1787925187547337,,,"delta_len=107,sent_us=1787925187526328",,,,,71
server,client_mutation,completed,1787925187821711,178792343327014805,,,,1787925187819622,1787925187819622,1787925187821711,,,http_data_plane,,,,,2089
server,peer_replication_get_delta,completed,1787925188146049,178792343327014805,178792343266888005,16,,1787925188145893,1787925188145895,1787925188146049,,,"delta_len=39,sent_us=1787925188109734",,,,,154
server,client_mutation,completed,1787925188322119,178792343327014805,,,,1787925188319642,1787925188319643,1787925188322119,,,http_data_plane,,,,,2476
server,peer_replication_pull_request,sent,1787925188514093,178792343327014805,,,,,,,,,connected_peers=24,,,,,
server,peer_replication_merge_delta,completed,1787925188523161,178792343327014805,,16,,1787925188515219,1787925188523081,1787925188523161,,,"delta_len=84,sent_us=1787925188514715",,,,,80
server,peer_replication_get_delta,completed,1787925188771056,178792343327014805,178792343266886005,16,,1787925188770899,1787925188770903,1787925188771056,,,"delta_len=69,sent_us=1787925188735063",,,,,153
server,client_mutation,completed,1787925188821569,178792343327014805,,,,1787925188819583,1787925188819584,1787925188821569,,,http_data_plane,,,,,1985
server,membership_directory_read,completed,1787925189247684,178792343327014805,,,,,1787925189186582,1787925189247684,,,poll:300 descriptors,,,,,61102
server,client_mutation,completed,1787925189321658,178792343327014805,,,,1787925189319597,1787925189319597,1787925189321658,,,http_data_plane,,,,,2061
server,peer_replication_pull_request,sent,1787925189514432,178792343327014805,,,,,,,,,connected_peers=24,,,,,
server,peer_replication_merge_delta,completed,1787925189557978,178792343327014805,,16,,1787925189554435,1787925189557966,1787925189557978,,,"delta_len=9,sent_us=1787925189544171",,,,,12
server,peer_replication_get_delta,completed,1787925189571218,178792343327014805,178792343404853504,16,,1787925189571059,1787925189571063,1787925189571218,,,"delta_len=83,sent_us=1787925189540227",,,,,155
server,peer_replication_get_delta,completed,1787925189767862,178792343327014805,178792343404851504,16,,1787925189767709,1787925189767714,1787925189767862,,,"delta_len=19,sent_us=1787925189736840",,,,,148
server,client_mutation,completed,1787925189821684,178792343327014805,,,,1787925189819591,1787925189819592,1787925189821684,,,http_data_plane,,,,,2092
server,client_mutation,completed,1787925190321674,178792343327014805,,,,1787925190319600,1787925190319605,1787925190321674,,,http_data_plane,,,,,2069
server,peer_replication_pull_request,sent,1787925190514496,178792343327014805,,,,,,,,,connected_peers=24,,,,,
server,peer_replication_merge_delta,completed,1787925190558571,178792343327014805,,16,,1787925190550043,1787925190558500,1787925190558571,,,"delta_len=107,sent_us=1787925190532024",,,,,71
server,client_mutation,completed,1787925190823049,178792343327014805,,,,1787925190819626,1787925190819627,1787925190823049,,,http_data_plane,,,,,3422
server,peer_replication_get_delta,completed,1787925191145244,178792343327014805,178792343266888005,16,,1787925191145084,1787925191145088,1787925191145244,,,"delta_len=50,sent_us=1787925191109043",,,,,156
server,client_mutation,completed,1787925191321670,178792343327014805,,,,1787925191319628,1787925191319629,1787925191321670,,,http_data_plane,,,,,2041
server,peer_replication_pull_request,sent,1787925191514462,178792343327014805,,,,,,,,,connected_peers=24,,,,,
server,peer_replication_merge_delta,completed,1787925191567365,178792343327014805,,16,,1787925191562613,1787925191567339,1787925191567365,,,"delta_len=31,sent_us=1787925191550351",,,,,26
server,client_mutation,completed,1787925191821677,178792343327014805,,,,1787925191819638,1787925191819639,1787925191821677,,,http_data_plane,,,,,2038
server,client_mutation,completed,1787925192321766,178792343327014805,,,,1787925192319641,1787925192319642,1787925192321766,,,http_data_plane,,,,,2124
server,peer_replication_pull_request,sent,1787925192514549,178792343327014805,,,,,,,,,connected_peers=24,,,,,
server,peer_replication_merge_delta,completed,1787925192566901,178792343327014805,,16,,1787925192562822,1787925192566871,1787925192566901,,,"delta_len=21,sent_us=1787925192550531",,,,,30
server,client_mutation,completed,1787925192821771,178792343327014805,,,,1787925192819612,1787925192819613,1787925192821771,,,http_data_plane,,,,,2158
server,client_mutation,completed,1787925193321700,178792343327014805,,,,1787925193319624,1787925193319625,1787925193321700,,,http_data_plane,,,,,2075
server,peer_replication_pull_request,sent,1787925193514425,178792343327014805,,,,,,,,,connected_peers=24,,,,,
server,peer_replication_merge_delta,completed,1787925193545986,178792343327014805,,16,,1787925193539508,1787925193545939,1787925193545986,,,"delta_len=61,sent_us=1787925193533385",,,,,47
server,client_mutation,completed,1787925193821797,178792343327014805,,,,1787925193819684,1787925193819685,1787925193821797,,,http_data_plane,,,,,2112
server,membership_directory_read,completed,1787925194245538,178792343327014805,,,,,1787925194186755,1787925194245538,,,poll:300 descriptors,,,,,58783
server,client_mutation,completed,1787925194321750,178792343327014805,,,,1787925194319613,1787925194319613,1787925194321750,,,http_data_plane,,,,,2137
server,peer_replication_pull_request,sent,1787925194514540,178792343327014805,,,,,,,,,connected_peers=24,,,,,
server,peer_replication_merge_delta,completed,1787925194537278,178792343327014805,,16,,1787925194530850,1787925194537245,1787925194537278,,,"delta_len=45,sent_us=1787925194526438",,,,,33
server,client_mutation,completed,1787925194822106,178792343327014805,,,,1787925194819576,1787925194819577,1787925194822106,,,http_data_plane,,,,,2529
server,client_mutation,completed,1787925195321855,178792343327014805,,,,1787925195319629,1787925195319629,1787925195321855,,,http_data_plane,,,,,2226
server,peer_replication_pull_request,sent,1787925195514604,178792343327014805,,,,,,,,,connected_peers=24,,,,,
server,peer_replication_merge_delta,completed,1787925195544310,178792343327014805,,16,,1787925195538560,1787925195544275,1787925195544310,,,"delta_len=47,sent_us=1787925195526503",,,,,35
server,client_mutation,completed,1787925195821674,178792343327014805,,,,1787925195819604,1787925195819605,1787925195821674,,,http_data_plane,,,,,2069
server,client_mutation,completed,1787925196322760,178792343327014805,,,,1787925196319737,1787925196319737,1787925196322760,,,http_data_plane,,,,,3023
server,peer_replication_pull_request,sent,1787925196514724,178792343327014805,,,,,,,,,connected_peers=24,,,,,
server,peer_replication_merge_delta,completed,1787925196544375,178792343327014805,,16,,1787925196539046,1787925196544337,1787925196544375,,,"delta_len=49,sent_us=1787925196532947",,,,,38
server,client_mutation,completed,1787925196821816,178792343327014805,,,,1787925196819582,1787925196819583,1787925196821816,,,http_data_plane,,,,,2233
server,client_mutation,completed,1787925197321678,178792343327014805,,,,1787925197319618,1787925197319619,1787925197321678,,,http_data_plane,,,,,2059
server,peer_replication_pull_request,sent,1787925197514497,178792343327014805,,,,,,,,,connected_peers=24,,,,,
server,peer_replication_merge_delta,completed,1787925197544265,178792343327014805,,16,,1787925197538514,1787925197544226,1787925197544265,,,"delta_len=53,sent_us=1787925197526380",,,,,39
server,client_mutation,completed,1787925197821644,178792343327014805,,,,1787925197819589,1787925197819590,1787925197821644,,,http_data_plane,,,,,2054
server,client_mutation,completed,1787925198321586,178792343327014805,,,,1787925198319575,1787925198319576,1787925198321586,,,http_data_plane,,,,,2010
server,peer_replication_pull_request,sent,1787925198514291,178792343327014805,,,,,,,,,connected_peers=24,,,,,
server,peer_replication_merge_delta,completed,1787925198544160,178792343327014805,,16,,1787925198538880,1787925198544126,1787925198544160,,,"delta_len=43,sent_us=1787925198532133",,,,,34
server,client_mutation,completed,1787925198821734,178792343327014805,,,,1787925198819578,1787925198819579,1787925198821734,,,http_data_plane,,,,,2155
server,membership_directory_read,completed,1787925199245792,178792343327014805,,,,,1787925199186629,1787925199245792,,,poll:300 descriptors,,,,,59163
server,client_mutation,completed,1787925199321619,178792343327014805,,,,1787925199319631,1787925199319631,1787925199321619,,,http_data_plane,,,,,1988
server,peer_replication_get_delta,completed,1787925199405420,178792343327014805,178792343597984004,16,,1787925199405264,1787925199405268,1787925199405420,,,"delta_len=38,sent_us=1787925199393330",,,,,152
server,peer_replication_pull_request,sent,1787925199514771,178792343327014805,,,,,,,,,connected_peers=24,,,,,
server,peer_replication_merge_delta,completed,1787925199522648,178792343327014805,,16,,1787925199515936,1787925199522617,1787925199522648,,,"delta_len=36,sent_us=1787925199515360",,,,,31
server,peer_replication_get_delta,completed,1787925199771201,178792343327014805,178792343266886005,16,,1787925199771039,1787925199771043,1787925199771201,,,"delta_len=49,sent_us=1787925199735171",,,,,158
server,client_mutation,completed,1787925199821626,178792343327014805,,,,1787925199819581,1787925199819582,1787925199821626,,,http_data_plane,,,,,2044
server,client_mutation,completed,1787925200321813,178792343327014805,,,,1787925200319643,1787925200319644,1787925200321813,,,http_data_plane,,,,,2169
server,peer_replication_pull_request,sent,1787925200514609,178792343327014805,,,,,,,,,connected_peers=24,,,,,
server,peer_replication_merge_delta,completed,1787925200538018,178792343327014805,,16,,1787925200531230,1787925200537980,1787925200538018,,,"delta_len=48,sent_us=1787925200526700",,,,,38
server,peer_replication_get_delta,completed,1787925200810163,178792343327014805,178792343266890005,16,,1787925200809997,1787925200810001,1787925200810163,,,"delta_len=63,sent_us=1787925200773854",,,,,162
server,client_mutation,completed,1787925200821603,178792343327014805,,,,1787925200819595,1787925200819596,1787925200821603,,,http_data_plane,,,,,2007
server,client_mutation,completed,1787925201321573,178792343327014805,,,,1787925201319577,1787925201319578,1787925201321573,,,http_data_plane,,,,,1995
server,peer_replication_pull_request,sent,1787925201514406,178792343327014805,,,,,,,,,connected_peers=24,,,,,
server,peer_replication_merge_delta,completed,1787925201594900,178792343327014805,,16,,1787925201586543,1787925201594834,1787925201594900,,,"delta_len=99,sent_us=1787925201550354",,,,,66
server,client_mutation,completed,1787925201821672,178792343327014805,,,,1787925201819615,1787925201819616,1787925201821672,,,http_data_plane,,,,,2056
server,peer_replication_get_delta,completed,1787925202159116,178792343327014805,178792343513167004,16,,1787925202158897,1787925202158902,1787925202159116,,,"delta_len=43,sent_us=1787925202141728",,,,,214
server,client_mutation,completed,1787925202321629,178792343327014805,,,,1787925202319613,1787925202319613,1787925202321629,,,http_data_plane,,,,,2016
server,peer_replication_pull_request,sent,1787925202514355,178792343327014805,,,,,,,,,connected_peers=24,,,,,
server,peer_replication_merge_delta,completed,1787925202559356,178792343327014805,,16,,1787925202554567,1787925202559308,1787925202559356,,,"delta_len=34,sent_us=1787925202544343",,,,,48
server,client_mutation,completed,1787925202821699,178792343327014805,,,,1787925202819612,1787925202819613,1787925202821699,,,http_data_plane,,,,,2086
server,client_mutation,completed,1787925203321773,178792343327014805,,,,1787925203319639,1787925203319639,1787925203321773,,,http_data_plane,,,,,2134
server,peer_replication_pull_request,sent,1787925203514552,178792343327014805,,,,,,,,,connected_peers=24,,,,,
server,peer_replication_merge_delta,completed,1787925203536940,178792343327014805,,16,,1787925203531101,1787925203536904,1787925203536940,,,"delta_len=51,sent_us=1787925203526654",,,,,36
server,client_mutation,completed,1787925203821678,178792343327014805,,,,1787925203819601,1787925203819602,1787925203821678,,,http_data_plane,,,,,2076
server,membership_directory_read,completed,1787925204254190,178792343327014805,,,,,1787925204186624,1787925204254190,,,poll:300 descriptors,,,,,67566
server,client_mutation,completed,1787925204321653,178792343327014805,,,,1787925204319598,1787925204319598,1787925204321653,,,http_data_plane,,,,,2055
server,peer_replication_pull_request,sent,1787925204514370,178792343327014805,,,,,,,,,connected_peers=24,,,,,
server,peer_replication_merge_delta,completed,1787925204568108,178792343327014805,,16,,1787925204562693,1787925204568065,1787925204568108,,,"delta_len=53,sent_us=1787925204550325",,,,,43
server,client_mutation,completed,1787925204821545,178792343327014805,,,,1787925204819573,1787925204819574,1787925204821545,,,http_data_plane,,,,,1971
server,client_mutation,completed,1787925205321817,178792343327014805,,,,1787925205319584,1787925205319585,1787925205321817,,,http_data_plane,,,,,2232
server,peer_replication_pull_request,sent,1787925205514521,178792343327014805,,,,,,,,,connected_peers=24,,,,,
server,peer_replication_merge_delta,completed,1787925205559177,178792343327014805,,16,,1787925205554452,1787925205559150,1787925205559177,,,"delta_len=34,sent_us=1787925205544166",,,,,27
server,client_mutation,completed,1787925205821611,178792343327014805,,,,1787925205819591,1787925205819592,1787925205821611,,,http_data_plane,,,,,2019
server,client_mutation,completed,1787925206321622,178792343327014805,,,,1787925206319600,1787925206319601,1787925206321622,,,http_data_plane,,,,,2021
server,peer_replication_get_delta,completed,1787925206389758,178792343327014805,178792343327016805,16,,1787925206389589,1787925206389592,1787925206389758,,,"delta_len=59,sent_us=1787925206389157",,,,,166
server,peer_replication_pull_request,sent,1787925206514078,178792343327014805,,,,,,,,,connected_peers=24,,,,,
server,peer_replication_get_delta,completed,1787925206539928,178792343327014805,178792343266887005,16,,1787925206539769,1787925206539772,1787925206539928,,,"delta_len=55,sent_us=1787925206503926",,,,,156
server,peer_replication_merge_delta,completed,1787925206566827,178792343327014805,,16,,1787925206562300,1787925206566791,1787925206566827,,,"delta_len=30,sent_us=1787925206550038",,,,,36
server,peer_replication_get_delta,completed,1787925206768308,178792343327014805,178792343404851504,16,,1787925206768147,1787925206768151,1787925206768308,,,"delta_len=55,sent_us=1787925206737318",,,,,157
server,client_mutation,completed,1787925206821755,178792343327014805,,,,1787925206819628,1787925206819629,1787925206821755,,,http_data_plane,,,,,2126
server,client_mutation,completed,1787925207321724,178792343327014805,,,,1787925207319628,1787925207319629,1787925207321724,,,http_data_plane,,,,,2095
server,peer_replication_pull_request,sent,1787925207514485,178792343327014805,,,,,,,,,connected_peers=24,,,,,
server,peer_replication_merge_delta,completed,1787925207568876,178792343327014805,,16,,1787925207562827,1787925207568820,1787925207568876,,,"delta_len=57,sent_us=1787925207550366",,,,,56
server,client_mutation,completed,1787925207821712,178792343327014805,,,,1787925207819594,1787925207819594,1787925207821712,,,http_data_plane,,,,,2118
server,client_mutation,completed,1787925208321556,178792343327014805,,,,1787925208319590,1787925208319591,1787925208321556,,,http_data_plane,,,,,1965
server,peer_replication_pull_request,sent,1787925208514280,178792343327014805,,,,,,,,,connected_peers=24,,,,,
server,peer_replication_merge_delta,completed,1787925208544917,178792343327014805,,16,,1787925208539864,1787925208544884,1787925208544917,,,"delta_len=43,sent_us=1787925208533366",,,,,33
server,client_mutation,completed,1787925208821902,178792343327014805,,,,1787925208819582,1787925208819583,1787925208821902,,,http_data_plane,,,,,2319
server,peer_replication_get_delta,completed,1787925209179924,178792343327014805,178792343327017804,16,,1787925209179740,1787925209179743,1787925209179924,,,"delta_len=40,sent_us=1787925209179377",,,,,181
server,membership_directory_read,completed,1787925209241709,178792343327014805,,,,,1787925209186054,1787925209241709,,,poll:300 descriptors,,,,,55655
server,client_mutation,completed,1787925209321744,178792343327014805,,,,1787925209319623,1787925209319623,1787925209321744,,,http_data_plane,,,,,2121
server,peer_replication_pull_request,sent,1787925209514466,178792343327014805,,,,,,,,,connected_peers=24,,,,,
server,peer_replication_merge_delta,completed,1787925209544579,178792343327014805,,16,,1787925209538969,1787925209544541,1787925209544579,,,"delta_len=53,sent_us=1787925209526559",,,,,38
server,client_mutation,completed,1787925209822234,178792343327014805,,,,1787925209819557,1787925209819557,1787925209822234,,,http_data_plane,,,,,2677
server,client_mutation,completed,1787925210322040,178792343327014805,,,,1787925210319615,1787925210319615,1787925210322040,,,http_data_plane,,,,,2425
server,peer_replication_pull_request,sent,1787925210514705,178792343327014805,,,,,,,,,connected_peers=24,,,,,
server,peer_replication_merge_delta,completed,1787925210561956,178792343327014805,,16,,1787925210556484,1787925210561921,1787925210561956,,,"delta_len=49,sent_us=1787925210546096",,,,,35
server,client_mutation,completed,1787925210821752,178792343327014805,,,,1787925210819599,1787925210819599,1787925210821752,,,http_data_plane,,,,,2153
server,client_mutation,completed,1787925211321804,178792343327014805,,,,1787925211319634,1787925211319635,1787925211321804,,,http_data_plane,,,,,2169
server,peer_replication_pull_request,sent,1787925211514478,178792343327014805,,,,,,,,,connected_peers=24,,,,,
server,peer_replication_merge_delta,completed,1787925211568475,178792343327014805,,16,,1787925211563188,1787925211568439,1787925211568475,,,"delta_len=43,sent_us=1787925211550917",,,,,36
server,peer_replication_get_delta,completed,1787925211694107,178792343327014805,178792343513165004,16,,1787925211693944,1787925211693947,1787925211694107,,,"delta_len=60,sent_us=1787925211676792",,,,,160
server,peer_replication_get_delta,completed,1787925211810174,178792343327014805,178792343266890005,16,,1787925211809990,1787925211809994,1787925211810174,,,"delta_len=31,sent_us=1787925211773899",,,,,180
server,client_mutation,completed,1787925211821671,178792343327014805,,,,1787925211819563,1787925211819563,1787925211821671,,,http_data_plane,,,,,2108
server,client_mutation,completed,1787925212321981,178792343327014805,,,,1787925212319901,1787925212319901,1787925212321981,,,http_data_plane,,,,,2080
server,peer_replication_get_delta,completed,1787925212490118,178792343327014805,178792343327015805,16,,1787925212489955,1787925212489959,1787925212490118,,,"delta_len=35,sent_us=1787925212489488",,,,,159
server,peer_replication_pull_request,sent,1787925212514323,178792343327014805,,,,,,,,,connected_peers=24,,,,,
server,peer_replication_merge_delta,completed,1787925212536473,178792343327014805,,16,,1787925212530506,1787925212536432,1787925212536473,,,"delta_len=55,sent_us=1787925212526206",,,,,41
server,peer_replication_get_delta,completed,1787925212770659,178792343327014805,178792343266886005,16,,1787925212770457,1787925212770461,1787925212770659,,,"delta_len=69,sent_us=1787925212734644",,,,,198
server,client_mutation,completed,1787925212821639,178792343327014805,,,,1787925212819584,1787925212819585,1787925212821639,,,http_data_plane,,,,,2054
server,client_mutation,completed,1787925213321703,178792343327014805,,,,1787925213319577,1787925213319578,1787925213321703,,,http_data_plane,,,,,2125
server,peer_replication_pull_request,sent,1787925213514472,178792343327014805,,,,,,,,,connected_peers=24,,,,,
server,peer_replication_merge_delta,completed,1787925213544177,178792343327014805,,16,,1787925213539715,1787925213544154,1787925213544177,,,"delta_len=30,sent_us=1787925213533659",,,,,23
server,client_mutation,completed,1787925213821669,178792343327014805,,,,1787925213819581,1787925213819581,1787925213821669,,,http_data_plane,,,,,2088
server,membership_directory_read,completed,1787925214244317,178792343327014805,,,,,1787925214186576,1787925214244317,,,poll:300 descriptors,,,,,57741
server,client_mutation,completed,1787925214321645,178792343327014805,,,,1787925214319591,1787925214319592,1787925214321645,,,http_data_plane,,,,,2053
server,peer_replication_get_delta,completed,1787925214389610,178792343327014805,178792343327016805,16,,1787925214389446,1787925214389450,1787925214389610,,,"delta_len=78,sent_us=1787925214389004",,,,,160
server,peer_replication_pull_request,sent,1787925214514916,178792343327014805,,,,,,,,,connected_peers=24,,,,,
server,peer_replication_merge_delta,completed,1787925214522866,178792343327014805,,16,,1787925214515892,1787925214522825,1787925214522866,,,"delta_len=69,sent_us=1787925214515417",,,,,41
server,client_mutation,completed,1787925214821591,178792343327014805,,,,1787925214819572,1787925214819572,1787925214821591,,,http_data_plane,,,,,2019
server,client_mutation,completed,1787925215321523,178792343327014805,,,,1787925215319572,1787925215319572,1787925215321523,,,http_data_plane,,,,,1951
server,peer_replication_pull_request,sent,1787925215514267,178792343327014805,,,,,,,,,connected_peers=24,,,,,
server,peer_replication_merge_delta,completed,1787925215559383,178792343327014805,,16,,1787925215554116,1787925215559347,1787925215559383,,,"delta_len=48,sent_us=1787925215543863",,,,,36
server,client_mutation,completed,1787925215821689,178792343327014805,,,,1787925215819581,1787925215819582,1787925215821689,,,http_data_plane,,,,,2107
server,client_mutation,completed,1787925216321658,178792343327014805,,,,1787925216319606,1787925216319607,1787925216321658,,,http_data_plane,,,,,2051
server,peer_replication_pull_request,sent,1787925216514472,178792343327014805,,,,,,,,,connected_peers=24,,,,,
server,peer_replication_merge_delta,completed,1787925216544749,178792343327014805,,16,,1787925216539604,1787925216544715,1787925216544749,,,"delta_len=42,sent_us=1787925216533399",,,,,34
server,client_mutation,completed,1787925216821603,178792343327014805,,,,1787925216819591,1787925216819592,1787925216821603,,,http_data_plane,,,,,2011
server,client_mutation,completed,1787925217321543,178792343327014805,,,,1787925217319552,1787925217319553,1787925217321543,,,http_data_plane,,,,,1990
server,peer_replication_pull_request,sent,1787925217514240,178792343327014805,,,,,,,,,connected_peers=24,,,,,
server,peer_replication_merge_delta,completed,1787925217543612,178792343327014805,,16,,1787925217537721,1787925217543572,1787925217543612,,,"delta_len=56,sent_us=1787925217531660",,,,,40
server,client_mutation,completed,1787925217821788,178792343327014805,,,,1787925217819679,1787925217819680,1787925217821788,,,http_data_plane,,,,,2108
server,client_mutation,completed,1787925218321740,178792343327014805,,,,1787925218319638,1787925218319639,1787925218321740,,,http_data_plane,,,,,2101
server,peer_replication_get_delta,completed,1787925218489973,178792343327014805,178792343327015805,16,,1787925218489777,1787925218489781,1787925218489973,,,"delta_len=38,sent_us=1787925218489281",,,,,192
server,peer_replication_pull_request,sent,1787925218514165,178792343327014805,,,,,,,,,connected_peers=24,,,,,
server,peer_replication_merge_delta,completed,1787925218559294,178792343327014805,,16,,1787925218554453,1787925218559248,1787925218559294,,,"delta_len=36,sent_us=1787925218544207",,,,,46
server,client_mutation,completed,1787925218821679,178792343327014805,,,,1787925218819609,1787925218819610,1787925218821679,,,http_data_plane,,,,,2069
server,membership_directory_read,completed,1787925219275123,178792343327014805,,,,,1787925219186531,1787925219275123,,,poll:300 descriptors,,,,,88592
server,client_mutation,completed,1787925219321707,178792343327014805,,,,1787925219319608,1787925219319608,1787925219321707,,,http_data_plane,,,,,2099
server,peer_replication_pull_request,sent,1787925219514426,178792343327014805,,,,,,,,,connected_peers=24,,,,,
server,peer_replication_merge_delta,completed,1787925219560872,178792343327014805,,16,,1787925219556156,1787925219560848,1787925219560872,,,"delta_len=31,sent_us=1787925219545734",,,,,24
server,client_mutation,completed,1787925219821693,178792343327014805,,,,1787925219819609,1787925219819610,1787925219821693,,,http_data_plane,,,,,2083
server,client_mutation,completed,1787925220321579,178792343327014805,,,,1787925220319598,1787925220319598,1787925220321579,,,http_data_plane,,,,,1981
server,peer_replication_pull_request,sent,1787925220514259,178792343327014805,,,,,,,,,connected_peers=24,,,,,
server,peer_replication_merge_delta,completed,1787925220559358,178792343327014805,,16,,1787925220554179,1787925220559325,1787925220559358,,,"delta_len=43,sent_us=1787925220543913",,,,,33
server,client_mutation,completed,1787925220821619,178792343327014805,,,,1787925220819575,1787925220819575,1787925220821619,,,http_data_plane,,,,,2044
server,client_mutation,completed,1787925221321654,178792343327014805,,,,1787925221319584,1787925221319585,1787925221321654,,,http_data_plane,,,,,2069
server,peer_replication_pull_request,sent,1787925221514446,178792343327014805,,,,,,,,,connected_peers=24,,,,,
server,peer_replication_merge_delta,completed,1787925221559165,178792343327014805,,16,,1787925221554443,1787925221559135,1787925221559165,,,"delta_len=36,sent_us=1787925221544149",,,,,30
server,peer_replication_get_delta,completed,1787925221634292,178792343327014805,178792343404854504,16,,1787925221634093,1787925221634096,1787925221634292,,,"delta_len=44,sent_us=1787925221604210",,,,,196
server,client_mutation,completed,1787925221821771,178792343327014805,,,,1787925221819688,1787925221819688,1787925221821771,,,http_data_plane,,,,,2083
server,peer_replication_get_delta,completed,1787925222076397,178792343327014805,178792343597982004,16,,1787925222076230,1787925222076238,1787925222076397,,,"delta_len=23,sent_us=1787925222063860",,,,,159
server,client_mutation,completed,1787925222321662,178792343327014805,,,,1787925222319585,1787925222319585,1787925222321662,,,http_data_plane,,,,,2077
server,peer_replication_pull_request,sent,1787925222514444,178792343327014805,,,,,,,,,connected_peers=24,,,,,
server,peer_replication_merge_delta,completed,1787925222545752,178792343327014805,,16,,1787925222538860,1787925222545701,1787925222545752,,,"delta_len=72,sent_us=1787925222532167",,,,,51
server,client_mutation,completed,1787925222821724,178792343327014805,,,,1787925222819631,1787925222819632,1787925222821724,,,http_data_plane,,,,,2092
server,client_mutation,completed,1787925223321612,178792343327014805,,,,1787925223319585,1787925223319586,1787925223321612,,,http_data_plane,,,,,2026
server,peer_replication_pull_request,sent,1787925223514405,178792343327014805,,,,,,,,,connected_peers=24,,,,,
server,peer_replication_merge_delta,completed,1787925223537070,178792343327014805,,16,,1787925223530973,1787925223537028,1787925223537070,,,"delta_len=58,sent_us=1787925223526486",,,,,42
server,client_mutation,completed,1787925223821707,178792343327014805,,,,1787925223819587,1787925223819588,1787925223821707,,,http_data_plane,,,,,2119
server,membership_directory_read,completed,1787925224247520,178792343327014805,,,,,1787925224186656,1787925224247520,,,poll:300 descriptors,,,,,60864
server,client_mutation,completed,1787925224321658,178792343327014805,,,,1787925224319595,1787925224319595,1787925224321658,,,http_data_plane,,,,,2063
server,peer_replication_pull_request,sent,1787925224514350,178792343327014805,,,,,,,,,connected_peers=24,,,,,
server,peer_replication_merge_delta,completed,1787925224561998,178792343327014805,,16,,1787925224556080,1787925224561958,1787925224561998,,,"delta_len=54,sent_us=1787925224545654",,,,,40
server,peer_replication_get_delta,completed,1787925224616678,178792343327014805,178792343404855504,16,,1787925224616487,1787925224616493,1787925224616678,,,"delta_len=68,sent_us=1787925224586759",,,,,185
server,peer_replication_get_delta,completed,1787925224634625,178792343327014805,178792343404854504,16,,1787925224634460,1787925224634463,1787925224634625,,,"delta_len=96,sent_us=1787925224604538",,,,,162
server,peer_replication_get_delta,completed,1787925224775310,178792343327014805,178792343513164004,16,,1787925224775145,1787925224775150,1787925224775310,,,"delta_len=66,sent_us=1787925224757994",,,,,160
server,client_mutation,completed,1787925224821779,178792343327014805,,,,1787925224819575,1787925224819575,1787925224821779,,,http_data_plane,,,,,2204
server,client_mutation,completed,1787925225321730,178792343327014805,,,,1787925225319575,1787925225319576,1787925225321730,,,http_data_plane,,,,,2154
server,peer_replication_pull_request,sent,1787925225514408,178792343327014805,,,,,,,,,connected_peers=24,,,,,
server,peer_replication_merge_delta,completed,1787925225559214,178792343327014805,,16,,1787925225554198,1787925225559163,1787925225559214,,,"delta_len=39,sent_us=1787925225543978",,,,,51
server,client_mutation,completed,1787925225821633,178792343327014805,,,,1787925225819614,1787925225819615,1787925225821633,,,http_data_plane,,,,,2018
server,client_mutation,completed,1787925226321712,178792343327014805,,,,1787925226319635,1787925226319635,1787925226321712,,,http_data_plane,,,,,2077
server,peer_replication_pull_request,sent,1787925226514493,178792343327014805,,,,,,,,,connected_peers=24,,,,,
server,peer_replication_merge_delta,completed,1787925226556713,178792343327014805,,16,,1787925226549234,1787925226556659,1787925226556713,,,"delta_len=83,sent_us=1787925226531853",,,,,54
server,client_mutation,completed,1787925226821589,178792343327014805,,,,1787925226819599,1787925226819599,1787925226821589,,,http_data_plane,,,,,1990
server,client_mutation,completed,1787925227321969,178792343327014805,,,,1787925227319628,1787925227319628,1787925227321969,,,http_data_plane,,,,,2341
server,peer_replication_pull_request,sent,1787925227514703,178792343327014805,,,,,,,,,connected_peers=24,,,,,
server,peer_replication_merge_delta,completed,1787925227568842,178792343327014805,,16,,1787925227563022,1787925227568800,1787925227568842,,,"delta_len=30,sent_us=1787925227550734",,,,,42
server,peer_replication_get_delta,completed,1787925227635073,178792343327014805,178792343404854504,16,,1787925227634916,1787925227634920,1787925227635073,,,"delta_len=34,sent_us=1787925227605018",,,,,153
server,client_mutation,completed,1787925227821677,178792343327014805,,,,1787925227819590,1787925227819591,1787925227821677,,,http_data_plane,,,,,2086
server,client_mutation,completed,1787925228321530,178792343327014805,,,,1787925228319566,1787925228319566,1787925228321530,,,http_data_plane,,,,,1964
server,peer_replication_pull_request,sent,1787925228514160,178792343327014805,,,,,,,,,connected_peers=24,,,,,
server,peer_replication_merge_delta,completed,1787925228537260,178792343327014805,,16,,1787925228530812,1787925228537242,1787925228537260,,,"delta_len=20,sent_us=1787925228526331",,,,,18
server,client_mutation,completed,1787925228921677,178792343327014805,,,,1787925228919592,1787925228919592,1787925228921677,,,http_data_plane,,,,,2085
server,membership_directory_read,completed,1787925229242681,178792343327014805,,,,,1787925229186487,1787925229242681,,,poll:302 descriptors,,,,,56194
server,client_mutation,completed,1787925229321953,178792343327014805,,,,1787925229319775,1787925229319776,1787925229321953,,,http_data_plane,,,,,2177
server,client_mutation,completed,1787925229721911,178792343327014805,,,,1787925229719733,1787925229719733,1787925229721911,,,http_data_plane,,,,,2178
server,peer_replication_pull_request,sent,1787925229761326,178792343327014805,,,,,,,,,connected_peers=22,,,,,
server,peer_replication_merge_delta,completed,1787925230057442,178792343327014805,,16,,1787925230050071,1787925230057435,1787925230057442,,,"delta_len=3,sent_us=1787925230037583",,,,,7
server,client_mutation,completed,1787925230123845,178792343327014805,,,,1787925230119605,1787925230119606,1787925230123845,,,http_data_plane,,,,,4239
server,peer_replication_pull_request,sent,1787925230514801,178792343327014805,,,,,,,,,connected_peers=22,,,,,
server,client_mutation,completed,1787925230521941,178792343327014805,,,,1787925230520122,1787925230520122,1787925230521941,,,http_data_plane,,,,,1819
server,peer_replication_get_delta,completed,1787925230770788,178792343327014805,178792343266886005,16,,1787925230770623,1787925230770627,1787925230770788,,,"delta_len=30,sent_us=1787925230734760",,,,,161
server,client_mutation,completed,1787925230921689,178792343327014805,,,,1787925230919705,1787925230919706,1787925230921689,,,http_data_plane,,,,,1983
server,client_mutation,completed,1787925231321626,178792343327014805,,,,1787925231319733,1787925231319734,1787925231321626,,,http_data_plane,,,,,1892
server,peer_replication_pull_request,sent,1787925231514392,178792343327014805,,,,,,,,,connected_peers=22,,,,,
server,peer_replication_merge_delta,completed,1787925231523168,178792343327014805,,16,,1787925231516119,1787925231523132,1787925231523168,,,"delta_len=41,sent_us=1787925231515155",,,,,36
server,client_mutation,completed,1787925231721754,178792343327014805,,,,1787925231719588,1787925231719589,1787925231721754,,,http_data_plane,,,,,2165
server,peer_replication_get_delta,completed,1787925231775137,178792343327014805,178792343513164004,16,,1787925231774975,1787925231774978,1787925231775137,,,"delta_len=41,sent_us=1787925231757881",,,,,159
server,client_mutation,completed,1787925232121737,178792343327014805,,,,1787925232119734,1787925232119734,1787925232121737,,,http_data_plane,,,,,2003
server,peer_replication_pull_request,sent,1787925232514891,178792343327014805,,,,,,,,,connected_peers=22,,,,,
server,peer_replication_merge_delta,completed,1787925232518999,178792343327014805,,16,,1787925232515820,1787925232518987,1787925232518999,,,"delta_len=8,sent_us=1787925232515466",,,,,12
server,client_mutation,completed,1787925232521527,178792343327014805,,,,1787925232519530,1787925232519530,1787925232521527,,,http_data_plane,,,,,1997
server,client_mutation,completed,1787925232921740,178792343327014805,,,,1787925232919600,1787925232919601,1787925232921740,,,http_data_plane,,,,,2139
server,client_mutation,completed,1787925233321763,178792343327014805,,,,1787925233319692,1787925233319693,1787925233321763,,,http_data_plane,,,,,2070
server,peer_replication_pull_request,sent,1787925233514547,178792343327014805,,,,,,,,,connected_peers=22,,,,,
server,peer_replication_merge_delta,completed,1787925233569053,178792343327014805,,16,,1787925233563003,1787925233569002,1787925233569053,,,"delta_len=50,sent_us=1787925233550388",,,,,51
server,client_mutation,completed,1787925233721575,178792343327014805,,,,1787925233719535,1787925233719536,1787925233721575,,,http_data_plane,,,,,2039
server,peer_replication_get_delta,completed,1787925233965307,178792343327014805,178792343327013805,16,,1787925233965119,1787925233965123,1787925233965307,,,"delta_len=33,sent_us=1787925233964763",,,,,184
server,client_mutation,completed,1787925234121675,178792343327014805,,,,1787925234119630,1787925234119630,1787925234121675,,,http_data_plane,,,,,2045
server,membership_directory_read,completed,1787925234274224,178792343327014805,,,,,1787925234186347,1787925234274224,,,poll:304 descriptors,,,,,87877
server,client_mutation,completed,1787925234521762,178792343327014805,,,,1787925234519693,1787925234519694,1787925234521762,,,http_data_plane,,,,,2068
server,peer_replication_pull_request,sent,1787925234527204,178792343327014805,,,,,,,,,connected_peers=21,,,,,
server,peer_replication_merge_delta,completed,1787925234571580,178792343327014805,,16,,1787925234562626,1787925234571490,1787925234571580,,,"delta_len=114,sent_us=1787925234544601",,,,,90
server,client_mutation,completed,1787925234921685,178792343327014805,,,,1787925234919583,1787925234919583,1787925234921685,,,http_data_plane,,,,,2102
server,client_mutation,completed,1787925235321825,178792343327014805,,,,1787925235319672,1787925235319672,1787925235321825,,,http_data_plane,,,,,2153
server,peer_replication_pull_request,sent,1787925235514554,178792343327014805,,,,,,,,,connected_peers=21,,,,,
server,client_mutation,completed,1787925235721553,178792343327014805,,,,1787925235719529,1787925235719529,1787925235721553,,,http_data_plane,,,,,2024
server,client_mutation,completed,1787925236121680,178792343327014805,,,,1787925236119589,1787925236119590,1787925236121680,,,http_data_plane,,,,,2090
server,peer_replication_get_delta,completed,1787925236429234,178792343327014805,178792343266889005,16,,1787925236429072,1787925236429077,1787925236429234,,,"delta_len=46,sent_us=1787925236393216",,,,,157
server,peer_replication_pull_request,sent,1787925236514531,178792343327014805,,,,,,,,,connected_peers=21,,,,,
server,client_mutation,completed,1787925236521626,178792343327014805,,,,1787925236519614,1787925236519615,1787925236521626,,,http_data_plane,,,,,2011
server,peer_replication_merge_delta,completed,1787925236545046,178792343327014805,,16,,1787925236539431,1787925236544998,1787925236545046,,,"delta_len=53,sent_us=1787925236533380",,,,,48
server,peer_replication_get_delta,completed,1787925236809234,178792343327014805,178792343266890005,16,,1787925236809065,1787925236809068,1787925236809234,,,"delta_len=95,sent_us=1787925236772968",,,,,166
server,client_mutation,completed,1787925236921630,178792343327014805,,,,1787925236919587,1787925236919588,1787925236921630,,,http_data_plane,,,,,2042
server,client_mutation,completed,1787925237322002,178792343327014805,,,,1787925237319783,1787925237319783,1787925237322002,,,http_data_plane,,,,,2219
server,peer_replication_pull_request,sent,1787925237514772,178792343327014805,,,,,,,,,connected_peers=21,,,,,
server,client_mutation,completed,1787925237721604,178792343327014805,,,,1787925237719585,1787925237719585,1787925237721604,,,http_data_plane,,,,,2019
server,client_mutation,completed,1787925238121677,178792343327014805,,,,1787925238119591,1787925238119592,1787925238121677,,,http_data_plane,,,,,2085
server,peer_replication_pull_request,sent,1787925238514643,178792343327014805,,,,,,,,,connected_peers=21,,,,,
server,peer_replication_merge_delta,completed,1787925238525218,178792343327014805,,16,,1787925238515670,1787925238525120,1787925238525218,,,"delta_len=112,sent_us=1787925238515147",,,,,98
server,client_mutation,completed,1787925238527317,178792343327014805,,,,1787925238519836,1787925238525249,1787925238527317,,,http_data_plane,,,,,2068
server,peer_replication_get_delta,completed,1787925238775541,178792343327014805,178792343513164004,16,,1787925238775377,1787925238775380,1787925238775541,,,"delta_len=50,sent_us=1787925238758204",,,,,161
server,client_mutation,completed,1787925238921639,178792343327014805,,,,1787925238919616,1787925238919617,1787925238921639,,,http_data_plane,,,,,2022
server,membership_directory_read,completed,1787925239253392,178792343327014805,,,,,1787925239186460,1787925239253392,,,poll:304 descriptors,,,,,66932
server,client_mutation,completed,1787925239321739,178792343327014805,,,,1787925239319586,1787925239319586,1787925239321739,,,http_data_plane,,,,,2153
server,peer_replication_pull_request,sent,1787925239514454,178792343327014805,,,,,,,,,connected_peers=21,,,,,
server,peer_replication_merge_delta,completed,1787925239535412,178792343327014805,,16,,1787925239530529,1787925239535379,1787925239535412,,,"delta_len=39,sent_us=1787925239526270",,,,,33
server,client_mutation,completed,1787925239721692,178792343327014805,,,,1787925239719613,1787925239719613,1787925239721692,,,http_data_plane,,,,,2079
server,peer_replication_get_delta,completed,1787925239775466,178792343327014805,178792343513164004,16,,1787925239775306,1787925239775310,1787925239775466,,,"delta_len=32,sent_us=1787925239758093",,,,,156
server,client_mutation,completed,1787925240121705,178792343327014805,,,,1787925240119604,1787925240119604,1787925240121705,,,http_data_plane,,,,,2101
server,peer_replication_pull_request,sent,1787925240514759,178792343327014805,,,,,,,,,connected_peers=21,,,,,
server,client_mutation,completed,1787925240521755,178792343327014805,,,,1787925240519623,1787925240519624,1787925240521755,,,http_data_plane,,,,,2131
server,peer_replication_merge_delta,completed,1787925240568898,178792343327014805,,16,,1787925240563185,1787925240568863,1787925240568898,,,"delta_len=55,sent_us=1787925240550808",,,,,35
server,client_mutation,completed,1787925240921594,178792343327014805,,,,1787925240919565,1787925240919566,1787925240921594,,,http_data_plane,,,,,2028
server,peer_replication_get_delta,completed,1787925241114031,178792343327014805,178792343597985004,16,,1787925241113789,1787925241113792,1787925241114031,,,"delta_len=69,sent_us=1787925241101403",,,,,239
server,client_mutation,completed,1787925241321722,178792343327014805,,,,1787925241319610,1787925241319610,1787925241321722,,,http_data_plane,,,,,2112
server,peer_replication_pull_request,sent,1787925241514503,178792343327014805,,,,,,,,,connected_peers=21,,,,,
server,client_mutation,completed,1787925241721734,178792343327014805,,,,1787925241719642,1787925241719643,1787925241721734,,,http_data_plane,,,,,2091
server,client_mutation,completed,1787925242121723,178792343327014805,,,,1787925242119619,1787925242119619,1787925242121723,,,http_data_plane,,,,,2104
server,peer_replication_get_delta,completed,1787925242390103,178792343327014805,178792343327016805,16,,1787925242389930,1787925242389934,1787925242390103,,,"delta_len=74,sent_us=1787925242389527",,,,,169
server,peer_replication_get_delta,completed,1787925242490260,178792343327014805,178792343327015805,16,,1787925242490096,1787925242490100,1787925242490260,,,"delta_len=77,sent_us=1787925242489592",,,,,160
server,peer_replication_pull_request,sent,1787925242514451,178792343327014805,,,,,,,,,connected_peers=21,,,,,
server,client_mutation,completed,1787925242521717,178792343327014805,,,,1787925242519575,1787925242519576,1787925242521717,,,http_data_plane,,,,,2141
server,peer_replication_get_delta,completed,1787925242540147,178792343327014805,178792343266887005,16,,1787925242539941,1787925242539945,1787925242540147,,,"delta_len=21,sent_us=1787925242504020",,,,,202
server,peer_replication_merge_delta,completed,1787925242568485,178792343327014805,,16,,1787925242562978,1787925242568446,1787925242568485,,,"delta_len=51,sent_us=1787925242550460",,,,,39
server,peer_replication_get_delta,completed,1787925242809237,178792343327014805,178792343266890005,16,,1787925242809074,1787925242809078,1787925242809237,,,"delta_len=43,sent_us=1787925242772996",,,,,159
server,client_mutation,completed,1787925242921789,178792343327014805,,,,1787925242919613,1787925242919614,1787925242921789,,,http_data_plane,,,,,2175
server,client_mutation,completed,1787925243321688,178792343327014805,,,,1787925243319619,1787925243319619,1787925243321688,,,http_data_plane,,,,,2069
server,peer_replication_pull_request,sent,1787925243514491,178792343327014805,,,,,,,,,connected_peers=21,,,,,
server,peer_replication_merge_delta,completed,1787925243543450,178792343327014805,,16,,1787925243538563,1787925243543424,1787925243543450,,,"delta_len=28,sent_us=1787925243532023",,,,,26
server,client_mutation,completed,1787925243721645,178792343327014805,,,,1787925243719588,1787925243719589,1787925243721645,,,http_data_plane,,,,,2056
server,client_mutation,completed,1787925244126314,178792343327014805,,,,1787925244119558,1787925244119558,1787925244126314,,,http_data_plane,,,,,6756
server,membership_directory_read,completed,1787925244247961,178792343327014805,,,,,1787925244186029,1787925244247961,,,poll:304 descriptors,,,,,61932
server,peer_replication_pull_request,sent,1787925244514383,178792343327014805,,,,,,,,,connected_peers=21,,,,,
server,peer_replication_merge_delta,completed,1787925244519610,178792343327014805,,16,,1787925244515251,1787925244519580,1787925244519610,,,"delta_len=44,sent_us=1787925244514872",,,,,30
server,client_mutation,completed,1787925244520768,178792343327014805,,,,1787925244519500,1787925244519630,1787925244520768,,,http_data_plane,,,,,1138
server,client_mutation,completed,1787925244920888,178792343327014805,,,,1787925244919641,1787925244919642,1787925244920888,,,http_data_plane,,,,,1246
server,client_mutation,completed,1787925245320886,178792343327014805,,,,1787925245319586,1787925245319586,1787925245320886,,,http_data_plane,,,,,1300
server,peer_replication_pull_request,sent,1787925245514560,178792343327014805,,,,,,,,,connected_peers=21,,,,,
server,peer_replication_merge_delta,completed,1787925245566677,178792343327014805,,16,,1787925245562762,1787925245566650,1787925245566677,,,"delta_len=33,sent_us=1787925245550396",,,,,27
server,client_mutation,completed,1787925245720947,178792343327014805,,,,1787925245719585,1787925245719585,1787925245720947,,,http_data_plane,,,,,1362
server,client_mutation,completed,1787925246120907,178792343327014805,,,,1787925246119609,1787925246119609,1787925246120907,,,http_data_plane,,,,,1298
server,peer_replication_get_delta,completed,1787925246490674,178792343327014805,178792343327015805,16,,1787925246490507,1787925246490512,1787925246490674,,,"delta_len=42,sent_us=1787925246489694",,,,,162
server,peer_replication_pull_request,sent,1787925246514880,178792343327014805,,,,,,,,,connected_peers=21,,,,,
server,client_mutation,completed,1787925246520969,178792343327014805,,,,1787925246519542,1787925246519543,1787925246520969,,,http_data_plane,,,,,1426
server,peer_replication_merge_delta,completed,1787925246541497,178792343327014805,,16,,1787925246538026,1787925246541475,1787925246541497,,,"delta_len=27,sent_us=1787925246531948",,,,,22
server,peer_replication_get_delta,completed,1787925246541674,178792343327014805,178792343266887005,16,,1787925246541520,1787925246541529,1787925246541674,,,"delta_len=27,sent_us=1787925246504081",,,,,145
server,peer_replication_get_delta,completed,1787925246809330,178792343327014805,178792343266890005,16,,1787925246809165,1787925246809170,1787925246809330,,,"delta_len=55,sent_us=1787925246773041",,,,,160
server,client_mutation,completed,1787925246921169,178792343327014805,,,,1787925246919597,1787925246919597,1787925246921169,,,http_data_plane,,,,,1572
server,client_mutation,completed,1787925247321282,178792343327014805,,,,1787925247319591,1787925247319592,1787925247321282,,,http_data_plane,,,,,1690
server,peer_replication_pull_request,sent,1787925247513972,178792343327014805,,,,,,,,,connected_peers=21,,,,,
server,peer_replication_merge_delta,completed,1787925247542890,178792343327014805,,16,,1787925247537729,1787925247542842,1787925247542890,,,"delta_len=48,sent_us=1787925247531338",,,,,48
server,client_mutation,completed,1787925247721534,178792343327014805,,,,1787925247719600,1787925247719601,1787925247721534,,,http_data_plane,,,,,1933
server,client_mutation,completed,1787925248121736,178792343327014805,,,,1787925248119688,1787925248119689,1787925248121736,,,http_data_plane,,,,,2047
server,peer_replication_pull_request,sent,1787925248514722,178792343327014805,,,,,,,,,connected_peers=21,,,,,
server,client_mutation,completed,1787925248521522,178792343327014805,,,,1787925248519556,1787925248519557,1787925248521522,,,http_data_plane,,,,,1965
server,peer_replication_merge_delta,completed,1787925248567118,178792343327014805,,16,,1787925248563018,1787925248567092,1787925248567118,,,"delta_len=25,sent_us=1787925248550660",,,,,26
server,peer_replication_get_delta,completed,1787925248775583,178792343327014805,178792343513164004,16,,1787925248775394,1787925248775398,1787925248775583,,,"delta_len=41,sent_us=1787925248758177",,,,,185
server,client_mutation,completed,1787925248921969,178792343327014805,,,,1787925248919608,1787925248919609,1787925248921969,,,http_data_plane,,,,,2360
server,peer_replication_get_delta,completed,1787925249076182,178792343327014805,178792343597982004,16,,1787925249075988,1787925249075992,1787925249076182,,,"delta_len=23,sent_us=1787925249063637",,,,,190
server,membership_directory_read,completed,1787925249248986,178792343327014805,,,,,1787925249186501,1787925249248986,,,poll:304 descriptors,,,,,62485
server,client_mutation,completed,1787925249321650,178792343327014805,,,,1787925249319588,1787925249319588,1787925249321650,,,http_data_plane,,,,,2062
server,peer_replication_pull_request,sent,1787925249514416,178792343327014805,,,,,,,,,connected_peers=21,,,,,
server,peer_replication_merge_delta,completed,1787925249545318,178792343327014805,,16,,1787925249537557,1787925249545285,1787925249545318,,,"delta_len=50,sent_us=1787925249531443",,,,,33
server,client_mutation,completed,1787925249721556,178792343327014805,,,,1787925249719593,1787925249719594,1787925249721556,,,http_data_plane,,,,,1962
server,client_mutation,completed,1787925250122484,178792343327014805,,,,1787925250120203,1787925250120204,1787925250122484,,,http_data_plane,,,,,2280
server,peer_replication_get_delta,completed,1787925250405569,178792343327014805,178792343597984004,16,,1787925250405390,1787925250405393,1787925250405569,,,"delta_len=46,sent_us=1787925250393456",,,,,176
server,peer_replication_pull_request,sent,1787925250514914,178792343327014805,,,,,,,,,connected_peers=21,,,,,
server,client_mutation,completed,1787925250521740,178792343327014805,,,,1787925250519559,1787925250519560,1787925250521740,,,http_data_plane,,,,,2180
server,peer_replication_merge_delta,completed,1787925250546377,178792343327014805,,16,,1787925250539879,1787925250546341,1787925250546377,,,"delta_len=51,sent_us=1787925250533764",,,,,36
server,client_mutation,completed,1787925250921716,178792343327014805,,,,1787925250919595,1787925250919596,1787925250921716,,,http_data_plane,,,,,2120
server,peer_replication_get_delta,completed,1787925251145451,178792343327014805,178792343266888005,16,,1787925251145257,1787925251145260,1787925251145451,,,"delta_len=16,sent_us=1787925251109058",,,,,191
server,client_mutation,completed,1787925251321579,178792343327014805,,,,1787925251319613,1787925251319614,1787925251321579,,,http_data_plane,,,,,1965
server,peer_replication_pull_request,sent,1787925251514362,178792343327014805,,,,,,,,,connected_peers=21,,,,,
server,peer_replication_merge_delta,completed,1787925251536194,178792343327014805,,16,,1787925251530902,1787925251536139,1787925251536194,,,"delta_len=38,sent_us=1787925251526432",,,,,55
server,client_mutation,completed,1787925251721626,178792343327014805,,,,1787925251719612,1787925251719613,1787925251721626,,,http_data_plane,,,,,2013
server,client_mutation,completed,1787925252121602,178792343327014805,,,,1787925252119609,1787925252119609,1787925252121602,,,http_data_plane,,,,,1993
server,client_mutation,completed,1787925252521684,178792343327014805,,,,1787925252519605,1787925252519606,1787925252521684,,,http_data_plane,,,,,2078
server,peer_replication_get_delta,completed,1787925252809503,178792343327014805,178792343266890005,16,,1787925252809339,1787925252809343,1787925252809503,,,"delta_len=35,sent_us=1787925252773207",,,,,160
server,client_mutation,completed,1787925252921762,178792343327014805,,,,1787925252919622,1787925252919623,1787925252921762,,,http_data_plane,,,,,2139
server,client_mutation,completed,1787925253321706,178792343327014805,,,,1787925253319623,1787925253319624,1787925253321706,,,http_data_plane,,,,,2082
server,peer_replication_pull_request,sent,1787925253514515,178792343327014805,,,,,,,,,connected_peers=20,,,,,
server,peer_replication_merge_delta,completed,1787925253568777,178792343327014805,,16,,1787925253562906,1787925253568734,1787925253568777,,,"delta_len=54,sent_us=1787925253550328",,,,,43
server,client_mutation,completed,1787925253721643,178792343327014805,,,,1787925253719583,1787925253719584,1787925253721643,,,http_data_plane,,,,,2059
server,client_mutation,completed,1787925254121708,178792343327014805,,,,1787925254119580,1787925254119580,1787925254121708,,,http_data_plane,,,,,2128
server,membership_directory_read,completed,1787925254241496,178792343327014805,,,,,1787925254186346,1787925254241496,,,poll:304 descriptors,,,,,55150
server,peer_replication_get_delta,completed,1787925254423081,178792343327014805,178792343513166004,16,,1787925254422925,1787925254422929,1787925254423081,,,"delta_len=58,sent_us=1787925254405054",,,,,152
server,peer_replication_get_delta,completed,1787925254490418,178792343327014805,178792343327015805,16,,1787925254490253,1787925254490257,1787925254490418,,,"delta_len=30,sent_us=1787925254489515",,,,,161
server,peer_replication_pull_request,sent,1787925254514603,178792343327014805,,,,,,,,,connected_peers=20,,,,,
server,client_mutation,completed,1787925254521632,178792343327014805,,,,1787925254519569,1787925254519569,1787925254521632,,,http_data_plane,,,,,2063
server,peer_replication_merge_delta,completed,1787925254568397,178792343327014805,,16,,1787925254562904,1787925254568361,1787925254568397,,,"delta_len=44,sent_us=1787925254550611",,,,,36
server,client_mutation,completed,1787925254921572,178792343327014805,,,,1787925254919592,1787925254919593,1787925254921572,,,http_data_plane,,,,,1979
server,peer_replication_get_delta,completed,1787925255158712,178792343327014805,178792343513167004,16,,1787925255158549,1787925255158553,1787925255158712,,,"delta_len=40,sent_us=1787925255141430",,,,,159
server,client_mutation,completed,1787925255321715,178792343327014805,,,,1787925255319617,1787925255319618,1787925255321715,,,http_data_plane,,,,,2097
server,peer_replication_pull_request,sent,1787925255514496,178792343327014805,,,,,,,,,connected_peers=20,,,,,
server,client_mutation,completed,1787925255721655,178792343327014805,,,,1787925255719587,1787925255719588,1787925255721655,,,http_data_plane,,,,,2067
server,client_mutation,completed,1787925256121753,178792343327014805,,,,1787925256119611,1787925256119612,1787925256121753,,,http_data_plane,,,,,2141
server,peer_replication_pull_request,sent,1787925256514715,178792343327014805,,,,,,,,,connected_peers=20,,,,,
server,client_mutation,completed,1787925256521678,178792343327014805,,,,1787925256519590,1787925256519591,1787925256521678,,,http_data_plane,,,,,2087
server,peer_replication_merge_delta,completed,1787925256594718,178792343327014805,,16,,1787925256586803,1787925256594653,1787925256594718,,,"delta_len=91,sent_us=1787925256550748",,,,,65
server,client_mutation,completed,1787925256921716,178792343327014805,,,,1787925256919596,1787925256919597,1787925256921716,,,http_data_plane,,,,,2119
server,client_mutation,completed,1787925257321708,178792343327014805,,,,1787925257319657,1787925257319657,1787925257321708,,,http_data_plane,,,,,2051
server,peer_replication_pull_request,sent,1787925257514455,178792343327014805,,,,,,,,,connected_peers=20,,,,,
server,peer_replication_merge_delta,completed,1787925257535969,178792343327014805,,16,,1787925257530617,1787925257535937,1787925257535969,,,"delta_len=46,sent_us=1787925257526349",,,,,32
server,client_mutation,completed,1787925257721652,178792343327014805,,,,1787925257719603,1787925257719604,1787925257721652,,,http_data_plane,,,,,2048
server,client_mutation,completed,1787925258121624,178792343327014805,,,,1787925258119630,1787925258119631,1787925258121624,,,http_data_plane,,,,,1993
server,peer_replication_pull_request,sent,1787925258514593,178792343327014805,,,,,,,,,connected_peers=20,,,,,
server,client_mutation,completed,1787925258521653,178792343327014805,,,,1787925258519551,1787925258519552,1787925258521653,,,http_data_plane,,,,,2101
server,peer_replication_merge_delta,completed,1787925258543001,178792343327014805,,16,,1787925258538570,1787925258542985,1787925258543001,,,"delta_len=11,sent_us=1787925258526504",,,,,16
server,client_mutation,completed,1787925258921696,178792343327014805,,,,1787925258919573,1787925258919574,1787925258921696,,,http_data_plane,,,,,2122
server,membership_directory_read,completed,1787925259240566,178792343327014805,,,,,1787925259186507,1787925259240566,,,poll:304 descriptors,,,,,54059
server,client_mutation,completed,1787925259321722,178792343327014805,,,,1787925259319605,1787925259319606,1787925259321722,,,http_data_plane,,,,,2116
server,peer_replication_pull_request,sent,1787925259514504,178792343327014805,,,,,,,,,connected_peers=20,,,,,
server,peer_replication_merge_delta,completed,1787925259568645,178792343327014805,,16,,1787925259562737,1787925259568612,1787925259568645,,,"delta_len=51,sent_us=1787925259550281",,,,,33
server,client_mutation,completed,1787925259721594,178792343327014805,,,,1787925259719574,1787925259719575,1787925259721594,,,http_data_plane,,,,,2019
server,client_mutation,completed,1787925260121767,178792343327014805,,,,1787925260119671,1787925260119671,1787925260121767,,,http_data_plane,,,,,2096
server,peer_replication_pull_request,sent,1787925260514724,178792343327014805,,,,,,,,,connected_peers=20,,,,,
server,client_mutation,completed,1787925260521728,178792343327014805,,,,1787925260519594,1787925260519595,1787925260521728,,,http_data_plane,,,,,2133
server,peer_replication_merge_delta,completed,1787925260544093,178792343327014805,,16,,1787925260539827,1787925260544069,1787925260544093,,,"delta_len=27,sent_us=1787925260533779",,,,,24
server,client_mutation,completed,1787925260921686,178792343327014805,,,,1787925260919601,1787925260919601,1787925260921686,,,http_data_plane,,,,,2085
server,client_mutation,completed,1787925261321672,178792343327014805,,,,1787925261319609,1787925261319609,1787925261321672,,,http_data_plane,,,,,2063
server,peer_replication_pull_request,sent,1787925261514486,178792343327014805,,,,,,,,,connected_peers=20,,,,,
server,peer_replication_get_delta,completed,1787925261540260,178792343327014805,178792343266887005,16,,1787925261540088,1787925261540092,1787925261540260,,,"delta_len=43,sent_us=1787925261504177",,,,,168
server,peer_replication_merge_delta,completed,1787925261567182,178792343327014805,,16,,1787925261563064,1787925261567165,1787925261567182,,,"delta_len=17,sent_us=1787925261550388",,,,,17
server,peer_replication_get_delta,completed,1787925261693914,178792343327014805,178792343513165004,16,,1787925261693699,1787925261693703,1787925261693914,,,"delta_len=35,sent_us=1787925261676578",,,,,211
server,client_mutation,completed,1787925261721715,178792343327014805,,,,1787925261719642,1787925261719642,1787925261721715,,,http_data_plane,,,,,2073
server,peer_replication_get_delta,completed,1787925261810230,178792343327014805,178792343266890005,16,,1787925261810070,1787925261810074,1787925261810230,,,"delta_len=41,sent_us=1787925261773926",,,,,156
server,peer_replication_get_delta,completed,1787925262076401,178792343327014805,178792343597982004,16,,1787925262076237,1787925262076242,1787925262076401,,,"delta_len=38,sent_us=1787925262063819",,,,,159
server,client_mutation,completed,1787925262121966,178792343327014805,,,,1787925262119683,1787925262119684,1787925262121966,,,http_data_plane,,,,,2282
server,peer_replication_get_delta,completed,1787925262390025,178792343327014805,178792343327016805,16,,1787925262389800,1787925262389813,1787925262390025,,,"delta_len=53,sent_us=1787925262389219",,,,,212
server,peer_replication_pull_request,sent,1787925262514340,178792343327014805,,,,,,,,,connected_peers=20,,,,,
server,client_mutation,completed,1787925262521557,178792343327014805,,,,1787925262519556,1787925262519557,1787925262521557,,,http_data_plane,,,,,2000
server,peer_replication_merge_delta,completed,1787925262543192,178792343327014805,,16,,1787925262537578,1787925262543157,1787925262543192,,,"delta_len=54,sent_us=1787925262531507",,,,,35
server,client_mutation,completed,1787925262921690,178792343327014805,,,,1787925262919584,1787925262919584,1787925262921690,,,http_data_plane,,,,,2106
server,client_mutation,completed,1787925263321724,178792343327014805,,,,1787925263319613,1787925263319614,1787925263321724,,,http_data_plane,,,,,2110
server,peer_replication_pull_request,sent,1787925263514543,178792343327014805,,,,,,,,,connected_peers=20,,,,,
server,peer_replication_merge_delta,completed,1787925263542009,178792343327014805,,16,,1787925263537694,1787925263541986,1787925263542009,,,"delta_len=27,sent_us=1787925263531555",,,,,23
server,client_mutation,completed,1787925263721686,178792343327014805,,,,1787925263719611,1787925263719611,1787925263721686,,,http_data_plane,,,,,2075
server,client_mutation,completed,1787925264121877,178792343327014805,,,,1787925264119683,1787925264119683,1787925264121877,,,http_data_plane,,,,,2194
server,membership_directory_read,completed,1787925264244137,178792343327014805,,,,,1787925264186501,1787925264244137,,,poll:304 descriptors,,,,,57636
server,peer_replication_pull_request,sent,1787925264514718,178792343327014805,,,,,,,,,connected_peers=20,,,,,
server,client_mutation,completed,1787925264521680,178792343327014805,,,,1787925264519597,1787925264519598,1787925264521680,,,http_data_plane,,,,,2082
server,peer_replication_merge_delta,completed,1787925264545049,178792343327014805,,16,,1787925264539323,1787925264545029,1787925264545049,,,"delta_len=29,sent_us=1787925264526863",,,,,20
server,client_mutation,completed,1787925264921707,178792343327014805,,,,1787925264919604,1787925264919605,1787925264921707,,,http_data_plane,,,,,2102
server,peer_replication_get_delta,completed,1787925265076360,178792343327014805,178792343597982004,16,,1787925265076169,1787925265076174,1787925265076360,,,"delta_len=32,sent_us=1787925265063771",,,,,186
server,client_mutation,completed,1787925265321891,178792343327014805,,,,1787925265319598,1787925265319599,1787925265321891,,,http_data_plane,,,,,2292
server,peer_replication_pull_request,sent,1787925265514571,178792343327014805,,,,,,,,,connected_peers=20,,,,,
server,peer_replication_merge_delta,completed,1787925265544099,178792343327014805,,16,,1787925265537721,1787925265544071,1787925265544099,,,"delta_len=33,sent_us=1787925265531604",,,,,28
server,peer_replication_get_delta,completed,1787925265673500,178792343327014805,178792343597983004,16,,1787925265673334,1787925265673338,1787925265673500,,,"delta_len=50,sent_us=1787925265661088",,,,,162
server,client_mutation,completed,1787925265721696,178792343327014805,,,,1787925265719593,1787925265719594,1787925265721696,,,http_data_plane,,,,,2102
server,peer_replication_get_delta,completed,1787925266114082,178792343327014805,178792343597985004,16,,1787925266113922,1787925266113927,1787925266114082,,,"delta_len=35,sent_us=1787925266101519",,,,,155
server,client_mutation,completed,1787925266121772,178792343327014805,,,,1787925266119581,1787925266119582,1787925266121772,,,http_data_plane,,,,,2190
server,peer_replication_pull_request,sent,1787925266514802,178792343327014805,,,,,,,,,connected_peers=20,,,,,
server,client_mutation,completed,1787925266521734,178792343327014805,,,,1787925266519548,1787925266519549,1787925266521734,,,http_data_plane,,,,,2185
server,peer_replication_get_delta,completed,1787925266540126,178792343327014805,178792343266887005,16,,1787925266539965,1787925266539969,1787925266540126,,,"delta_len=44,sent_us=1787925266504030",,,,,157
server,peer_replication_merge_delta,completed,1787925266571209,178792343327014805,,16,,1787925266564618,1787925266571165,1787925266571209,,,"delta_len=64,sent_us=1787925266550931",,,,,44
server,peer_replication_get_delta,completed,1787925266578246,178792343327014805,178792343327013805,16,,1787925266578026,1787925266578030,1787925266578246,,,"delta_len=106,sent_us=1787925266577329",,,,,216
server,client_mutation,completed,1787925266921757,178792343327014805,,,,1787925266919598,1787925266919599,1787925266921757,,,http_data_plane,,,,,2158
server,peer_replication_get_delta,completed,1787925267159083,178792343327014805,178792343513167004,16,,1787925267158919,1787925267158923,1787925267159083,,,"delta_len=69,sent_us=1787925267141763",,,,,160
server,client_mutation,completed,1787925267321729,178792343327014805,,,,1787925267319619,1787925267319620,1787925267321729,,,http_data_plane,,,,,2109
server,peer_replication_pull_request,sent,1787925267514500,178792343327014805,,,,,,,,,connected_peers=20,,,,,
server,peer_replication_merge_delta,completed,1787925267543166,178792343327014805,,16,,1787925267537630,1787925267543135,1787925267543166,,,"delta_len=40,sent_us=1787925267531598",,,,,31
server,client_mutation,completed,1787925267721770,178792343327014805,,,,1787925267719642,1787925267719642,1787925267721770,,,http_data_plane,,,,,2128
server,client_mutation,completed,1787925268121945,178792343327014805,,,,1787925268119768,1787925268119769,1787925268121945,,,http_data_plane,,,,,2176
server,peer_replication_pull_request,sent,1787925268514810,178792343327014805,,,,,,,,,connected_peers=20,,,,,
server,client_mutation,completed,1787925268521551,178792343327014805,,,,1787925268519536,1787925268519536,1787925268521551,,,http_data_plane,,,,,2015
server,client_mutation,completed,1787925268921616,178792343327014805,,,,1787925268919573,1787925268919574,1787925268921616,,,http_data_plane,,,,,2042
server,peer_replication_get_delta,completed,1787925269076181,178792343327014805,178792343597982004,16,,1787925269075989,1787925269075993,1787925269076181,,,"delta_len=76,sent_us=1787925269063606",,,,,188
server,membership_directory_read,completed,1787925269252201,178792343327014805,,,,,1787925269186542,1787925269252201,,,poll:304 descriptors,,,,,65659
server,client_mutation,completed,1787925269321715,178792343327014805,,,,1787925269319606,1787925269319607,1787925269321715,,,http_data_plane,,,,,2108
server,peer_replication_pull_request,sent,1787925269514460,178792343327014805,,,,,,,,,connected_peers=20,,,,,
server,peer_replication_merge_delta,completed,1787925269534568,178792343327014805,,16,,1787925269530905,1787925269534554,1787925269534568,,,"delta_len=16,sent_us=1787925269526533",,,,,14
server,client_mutation,completed,1787925269721675,178792343327014805,,,,1787925269719586,1787925269719587,1787925269721675,,,http_data_plane,,,,,2088
server,client_mutation,completed,1787925270121731,178792343327014805,,,,1787925270119615,1787925270119615,1787925270121731,,,http_data_plane,,,,,2116
server,peer_replication_get_delta,completed,1787925270423025,178792343327014805,178792343513166004,16,,1787925270422863,1787925270422867,1787925270423025,,,"delta_len=20,sent_us=1787925270405024",,,,,158
server,peer_replication_pull_request,sent,1787925270514326,178792343327014805,,,,,,,,,connected_peers=20,,,,,
server,client_mutation,completed,1787925270521647,178792343327014805,,,,1787925270519556,1787925270519557,1787925270521647,,,http_data_plane,,,,,2090
server,peer_replication_merge_delta,completed,1787925270570385,178792343327014805,,16,,1787925270563492,1787925270570336,1787925270570385,,,"delta_len=75,sent_us=1787925270551031",,,,,49
server,client_mutation,completed,1787925270921594,178792343327014805,,,,1787925270919581,1787925270919582,1787925270921594,,,http_data_plane,,,,,2012
server,client_mutation,completed,1787925271321700,178792343327014805,,,,1787925271319587,1787925271319588,1787925271321700,,,http_data_plane,,,,,2112
server,peer_replication_get_delta,completed,1787925271490097,178792343327014805,178792343327015805,16,,1787925271489942,1787925271489945,1787925271490097,,,"delta_len=53,sent_us=1787925271489326",,,,,152
server,peer_replication_pull_request,sent,1787925271514289,178792343327014805,,,,,,,,,connected_peers=20,,,,,
server,peer_replication_merge_delta,completed,1787925271542634,178792343327014805,,16,,1787925271538225,1787925271542614,1787925271542634,,,"delta_len=26,sent_us=1787925271531752",,,,,20
server,client_mutation,completed,1787925271721645,178792343327014805,,,,1787925271719606,1787925271719607,1787925271721645,,,http_data_plane,,,,,2038
server,client_mutation,completed,1787925272121592,178792343327014805,,,,1787925272119625,1787925272119626,1787925272121592,,,http_data_plane,,,,,1966
server,peer_replication_pull_request,sent,1787925272514572,178792343327014805,,,,,,,,,connected_peers=20,,,,,
server,peer_replication_merge_delta,completed,1787925272523805,178792343327014805,,16,,1787925272515908,1787925272523755,1787925272523805,,,"delta_len=88,sent_us=1787925272515192",,,,,50
server,client_mutation,completed,1787925272525942,178792343327014805,,,,1787925272519825,1787925272523841,1787925272525942,,,http_data_plane,,,,,2101
server,client_mutation,completed,1787925272921640,178792343327014805,,,,1787925272919680,1787925272919681,1787925272921640,,,http_data_plane,,,,,1959
server,client_mutation,completed,1787925273321675,178792343327014805,,,,1787925273319594,1787925273319594,1787925273321675,,,http_data_plane,,,,,2081
server,peer_replication_pull_request,sent,1787925273514414,178792343327014805,,,,,,,,,connected_peers=20,,,,,
server,peer_replication_merge_delta,completed,1787925273567799,178792343327014805,,16,,1787925273562582,1787925273567763,1787925273567799,,,"delta_len=46,sent_us=1787925273550258",,,,,36
server,peer_replication_get_delta,completed,1787925273578317,178792343327014805,178792343327013805,16,,1787925273578105,1787925273578109,1787925273578317,,,"delta_len=98,sent_us=1787925273577250",,,,,208
server,peer_replication_get_delta,completed,1787925273694371,178792343327014805,178792343513165004,16,,1787925273694193,1787925273694197,1787925273694371,,,"delta_len=90,sent_us=1787925273676984",,,,,174
server,client_mutation,completed,1787925273721702,178792343327014805,,,,1787925273719564,1787925273719565,1787925273721702,,,http_data_plane,,,,,2137
server,peer_replication_get_delta,completed,1787925274076212,178792343327014805,178792343597982004,16,,1787925274076010,1787925274076014,1787925274076212,,,"delta_len=74,sent_us=1787925274063638",,,,,198
server,client_mutation,completed,1787925274121769,178792343327014805,,,,1787925274119579,1787925274119579,1787925274121769,,,http_data_plane,,,,,2190
server,membership_directory_read,completed,1787925274250570,178792343327014805,,,,,1787925274186390,1787925274250570,,,poll:304 descriptors,,,,,64180
server,peer_replication_pull_request,sent,1787925274514085,178792343327014805,,,,,,,,,connected_peers=20,,,,,
server,peer_replication_merge_delta,completed,1787925274518825,178792343327014805,,16,,1787925274515218,1787925274518813,1787925274518825,,,"delta_len=12,sent_us=1787925274514826",,,,,12
server,client_mutation,completed,1787925274521441,178792343327014805,,,,1787925274519504,1787925274519504,1787925274521441,,,http_data_plane,,,,,1937
server,peer_replication_get_delta,completed,1787925274578122,178792343327014805,178792343327013805,16,,1787925274577965,1787925274577969,1787925274578122,,,"delta_len=8,sent_us=1787925274577357",,,,,153
server,client_mutation,completed,1787925274921705,178792343327014805,,,,1787925274919528,1787925274919528,1787925274921705,,,http_data_plane,,,,,2177
server,peer_replication_get_delta,completed,1787925275075800,178792343327014805,178792343597982004,16,,1787925275075641,1787925275075645,1787925275075800,,,"delta_len=13,sent_us=1787925275063288",,,,,155
server,client_mutation,completed,1787925275321693,178792343327014805,,,,1787925275319628,1787925275319629,1787925275321693,,,http_data_plane,,,,,2064
server,peer_replication_pull_request,sent,1787925275514483,178792343327014805,,,,,,,,,connected_peers=20,,,,,
server,peer_replication_merge_delta,completed,1787925275537367,178792343327014805,,16,,1787925275531272,1787925275537297,1787925275537367,,,"delta_len=61,sent_us=1787925275526596",,,,,70
server,client_mutation,completed,1787925275721735,178792343327014805,,,,1787925275719597,1787925275719597,1787925275721735,,,http_data_plane,,,,,2138
server,client_mutation,completed,1787925276121689,178792343327014805,,,,1787925276119640,1787925276119640,1787925276121689,,,http_data_plane,,,,,2049
server,peer_replication_pull_request,sent,1787925276514655,178792343327014805,,,,,,,,,connected_peers=20,,,,,
server,peer_replication_merge_delta,completed,1787925276519732,178792343327014805,,16,,1787925276515889,1787925276519718,1787925276519732,,,"delta_len=13,sent_us=1787925276515173",,,,,14
server,client_mutation,completed,1787925276521832,178792343327014805,,,,1787925276519549,1787925276519755,1787925276521832,,,http_data_plane,,,,,2077
server,peer_replication_get_delta,completed,1787925276540234,178792343327014805,178792343266887005,16,,1787925276540073,1787925276540077,1787925276540234,,,"delta_len=44,sent_us=1787925276504197",,,,,157
server,client_mutation,completed,1787925276921598,178792343327014805,,,,1787925276919586,1787925276919587,1787925276921598,,,http_data_plane,,,,,2011
server,peer_replication_get_delta,completed,1787925277145457,178792343327014805,178792343266888005,16,,1787925277145291,1787925277145295,1787925277145457,,,"delta_len=63,sent_us=1787925277109166",,,,,162
server,client_mutation,completed,1787925277321710,178792343327014805,,,,1787925277319610,1787925277319611,1787925277321710,,,http_data_plane,,,,,2099
server,peer_replication_pull_request,sent,1787925277514548,178792343327014805,,,,,,,,,connected_peers=20,,,,,
server,peer_replication_merge_delta,completed,1787925277543481,178792343327014805,,16,,1787925277537712,1787925277543444,1787925277543481,,,"delta_len=53,sent_us=1787925277531661",,,,,37
server,client_mutation,completed,1787925277721656,178792343327014805,,,,1787925277719596,1787925277719598,1787925277721656,,,http_data_plane,,,,,2058
server,client_mutation,completed,1787925278121741,178792343327014805,,,,1787925278119678,1787925278119678,1787925278121741,,,http_data_plane,,,,,2063
server,peer_replication_pull_request,sent,1787925278514707,178792343327014805,,,,,,,,,connected_peers=20,,,,,
server,client_mutation,completed,1787925278521643,178792343327014805,,,,1787925278519562,1787925278519563,1787925278521643,,,http_data_plane,,,,,2080
server,peer_replication_merge_delta,completed,1787925278535338,178792343327014805,,16,,1787925278531237,1787925278535321,1787925278535338,,,"delta_len=19,sent_us=1787925278526784",,,,,17
server,client_mutation,completed,1787925278921689,178792343327014805,,,,1787925278919625,1787925278919626,1787925278921689,,,http_data_plane,,,,,2063
server,membership_directory_read,completed,1787925279244325,178792343327014805,,,,,1787925279186553,1787925279244325,,,poll:304 descriptors,,,,,57772
server,client_mutation,completed,1787925279321705,178792343327014805,,,,1787925279319626,1787925279319627,1787925279321705,,,http_data_plane,,,,,2078
server,peer_replication_pull_request,sent,1787925279514484,178792343327014805,,,,,,,,,connected_peers=20,,,,,
server,peer_replication_merge_delta,completed,1787925279535505,178792343327014805,,16,,1787925279531134,1787925279535480,1787925279535505,,,"delta_len=26,sent_us=1787925279526639",,,,,25
server,client_mutation,completed,1787925279721752,178792343327014805,,,,1787925279719637,1787925279719638,1787925279721752,,,http_data_plane,,,,,2114
server,client_mutation,completed,1787925280121625,178792343327014805,,,,1787925280119652,1787925280119652,1787925280121625,,,http_data_plane,,,,,1973
server,peer_replication_pull_request,sent,1787925280514600,178792343327014805,,,,,,,,,connected_peers=20,,,,,
server,client_mutation,completed,1787925280521996,178792343327014805,,,,1787925280519569,1787925280519570,1787925280521996,,,http_data_plane,,,,,2426
server,peer_replication_merge_delta,completed,1787925280568534,178792343327014805,,16,,1787925280562825,1787925280568500,1787925280568534,,,"delta_len=45,sent_us=1787925280550540",,,,,34
server,client_mutation,completed,1787925280921957,178792343327014805,,,,1787925280919598,1787925280919599,1787925280921957,,,http_data_plane,,,,,2358
server,client_mutation,completed,1787925281321661,178792343327014805,,,,1787925281319640,1787925281319640,1787925281321661,,,http_data_plane,,,,,2021
server,peer_replication_pull_request,sent,1787925281514383,178792343327014805,,,,,,,,,connected_peers=20,,,,,
server,peer_replication_merge_delta,completed,1787925281523134,178792343327014805,,16,,1787925281516177,1787925281523101,1787925281523134,,,"delta_len=48,sent_us=1787925281515326",,,,,33
server,client_mutation,completed,1787925281721696,178792343327014805,,,,1787925281719631,1787925281719631,1787925281721696,,,http_data_plane,,,,,2065
server,client_mutation,completed,1787925282121735,178792343327014805,,,,1787925282119642,1787925282119643,1787925282121735,,,http_data_plane,,,,,2092
server,peer_replication_get_delta,completed,1787925282490362,178792343327014805,178792343327015805,16,,1787925282490199,1787925282490203,1787925282490362,,,"delta_len=26,sent_us=1787925282489418",,,,,159
server,peer_replication_pull_request,sent,1787925282514565,178792343327014805,,,,,,,,,connected_peers=20,,,,,
server,client_mutation,completed,1787925282521691,178792343327014805,,,,1787925282519565,1787925282519566,1787925282521691,,,http_data_plane,,,,,2125
server,peer_replication_merge_delta,completed,1787925282544473,178792343327014805,,16,,1787925282539847,1787925282544412,1787925282544473,,,"delta_len=28,sent_us=1787925282533616",,,,,61
server,client_mutation,completed,1787925282921680,178792343327014805,,,,1787925282919633,1787925282919634,1787925282921680,,,http_data_plane,,,,,2046
server,client_mutation,completed,1787925283321695,178792343327014805,,,,1787925283319647,1787925283319648,1787925283321695,,,http_data_plane,,,,,2047
server,peer_replication_pull_request,sent,1787925283514454,178792343327014805,,,,,,,,,connected_peers=20,,,,,
server,peer_replication_merge_delta,completed,1787925283543582,178792343327014805,,16,,1787925283538351,1787925283543546,1787925283543582,,,"delta_len=47,sent_us=1787925283531900",,,,,36
server,client_mutation,completed,1787925283721731,178792343327014805,,,,1787925283719574,1787925283719574,1787925283721731,,,http_data_plane,,,,,2157
server,peer_replication_get_delta,completed,1787925284038660,178792343327014805,178792343513168004,16,,1787925284038479,1787925284038485,1787925284038660,,,"delta_len=69,sent_us=1787925284020469",,,,,175
server,client_mutation,completed,1787925284121623,178792343327014805,,,,1787925284119600,1787925284119600,1787925284121623,,,http_data_plane,,,,,2023
server,membership_directory_read,completed,1787925284250357,178792343327014805,,,,,1787925284186259,1787925284250357,,,poll:304 descriptors,,,,,64098
server,peer_replication_pull_request,sent,1787925284514874,178792343327014805,,,,,,,,,connected_peers=20,,,,,
server,client_mutation,completed,1787925284521612,178792343327014805,,,,1787925284519530,1787925284519531,1787925284521612,,,http_data_plane,,,,,2081
server,peer_replication_merge_delta,completed,1787925284536263,178792343327014805,,16,,1787925284531392,1787925284536220,1787925284536263,,,"delta_len=28,sent_us=1787925284526844",,,,,43
server,peer_replication_get_delta,completed,1787925284771446,178792343327014805,178792343266886005,16,,1787925284771279,1787925284771283,1787925284771446,,,"delta_len=38,sent_us=1787925284734793",,,,,163
server,client_mutation,completed,1787925284921793,178792343327014805,,,,1787925284919594,1787925284919595,1787925284921793,,,http_data_plane,,,,,2198
server,client_mutation,completed,1787925285321800,178792343327014805,,,,1787925285319580,1787925285319581,1787925285321800,,,http_data_plane,,,,,2219
server,peer_replication_pull_request,sent,1787925285514623,178792343327014805,,,,,,,,,connected_peers=20,,,,,
server,peer_replication_get_delta,completed,1787925285577546,178792343327014805,178792343327013805,16,,1787925285577379,1787925285577384,1787925285577546,,,"delta_len=42,sent_us=1787925285576531",,,,,162
server,client_mutation,completed,1787925285721676,178792343327014805,,,,1787925285719605,1787925285719606,1787925285721676,,,http_data_plane,,,,,2070
server,client_mutation,completed,1787925286123028,178792343327014805,,,,1787925286120057,1787925286120058,1787925286123028,,,http_data_plane,,,,,2970
server,peer_replication_get_delta,completed,1787925286490518,178792343327014805,178792343327015805,16,,1787925286490366,1787925286490370,1787925286490518,,,"delta_len=8,sent_us=1787925286489637",,,,,148
server,peer_replication_pull_request,sent,1787925286514691,178792343327014805,,,,,,,,,connected_peers=20,,,,,
server,client_mutation,completed,1787925286521732,178792343327014805,,,,1787925286519584,1787925286519584,1787925286521732,,,http_data_plane,,,,,2148
server,peer_replication_merge_delta,completed,1787925286546554,178792343327014805,,16,,1787925286539285,1787925286546496,1787925286546554,,,"delta_len=85,sent_us=1787925286526784",,,,,58
server,client_mutation,completed,1787925286921713,178792343327014805,,,,1787925286919600,1787925286919600,1787925286921713,,,http_data_plane,,,,,2113
server,client_mutation,completed,1787925287321746,178792343327014805,,,,1787925287319668,1787925287319669,1787925287321746,,,http_data_plane,,,,,2077
server,peer_replication_get_delta,completed,1787925287423271,178792343327014805,178792343513166004,16,,1787925287423088,1787925287423092,1787925287423271,,,"delta_len=45,sent_us=1787925287405936",,,,,179
server,peer_replication_pull_request,sent,1787925287514544,178792343327014805,,,,,,,,,connected_peers=20,,,,,
server,peer_replication_merge_delta,completed,1787925287535519,178792343327014805,,16,,1787925287530698,1787925287535472,1787925287535519,,,"delta_len=40,sent_us=1787925287526416",,,,,47
server,peer_replication_get_delta,completed,1787925287577808,178792343327014805,178792343327013805,16,,1787925287577643,1787925287577647,1787925287577808,,,"delta_len=71,sent_us=1787925287576790",,,,,161
server,client_mutation,completed,1787925287721635,178792343327014805,,,,1787925287719564,1787925287719565,1787925287721635,,,http_data_plane,,,,,2070
server,client_mutation,completed,1787925288121974,178792343327014805,,,,1787925288119815,1787925288119815,1787925288121974,,,http_data_plane,,,,,2159
server,peer_replication_pull_request,sent,1787925288513985,178792343327014805,,,,,,,,,connected_peers=20,,,,,
server,client_mutation,completed,1787925288527234,178792343327014805,,,,1787925288519843,1787925288519844,1787925288527234,,,http_data_plane,,,,,7390
server,peer_replication_merge_delta,completed,1787925288570268,178792343327014805,,16,,1787925288563019,1787925288570228,1787925288570268,,,"delta_len=51,sent_us=1787925288550117",,,,,40
server,peer_replication_connection,established,1787925288650156,178792343327014805,178792343327017805,,,,,,,,,,,,,
server,client_mutation,completed,1787925288821061,178792343327014805,,,,1787925288819768,1787925288819769,1787925288821061,,,http_data_plane,,,,,1292
server,peer_replication_connection,established,1787925289023692,178792343327014805,178792343404851505,,,,,,,,,,,,,
server,membership_directory_read,completed,1787925289256668,178792343327014805,,,,,1787925289186013,1787925289256668,,,poll:306 descriptors,,,,,70655
server,client_mutation,completed,1787925289321356,178792343327014805,,,,1787925289320015,1787925289320016,1787925289321356,,,http_data_plane,,,,,1340
server,peer_replication_pull_request,sent,1787925289514037,178792343327014805,,,,,,,,,connected_peers=22,,,,,
server,peer_replication_merge_delta,completed,1787925289566452,178792343327014805,,16,,1787925289562707,1787925289566399,1787925289566452,,,"delta_len=33,sent_us=1787925289550308",,,,,53
server,client_mutation,completed,1787925289820931,178792343327014805,,,,1787925289819578,1787925289819579,1787925289820931,,,http_data_plane,,,,,1352
server,peer_replication_connection,established,1787925289966191,178792343327014805,178792343404852505,,,,,,,,,,,,,
server,client_mutation,completed,1787925290320981,178792343327014805,,,,1787925290319622,1787925290319622,1787925290320981,,,http_data_plane,,,,,1359
server,peer_replication_pull_request,sent,1787925290514654,178792343327014805,,,,,,,,,connected_peers=23,,,,,
server,peer_replication_get_delta,completed,1787925290540819,178792343327014805,178792343266887005,16,,1787925290540623,1787925290540627,1787925290540819,,,"delta_len=40,sent_us=1787925290504666",,,,,192
server,client_mutation,completed,1787925290820927,178792343327014805,,,,1787925290819581,1787925290819581,1787925290820927,,,http_data_plane,,,,,1346
server,peer_replication_merge_delta,completed,1787925290913128,178792343327014805,,16,,1787925290909290,1787925290913102,1787925290913128,,,"delta_len=29,sent_us=1787925290898858",,,,,26
server,peer_replication_connection,established,1787925291156012,178792343327014805,178792343404853505,,,,,,,,,,,,,
server,client_mutation,completed,1787925291321021,178792343327014805,,,,1787925291319628,1787925291319629,1787925291321021,,,http_data_plane,,,,,1392
server,peer_replication_pull_request,sent,1787925291514700,178792343327014805,,,,,,,,,connected_peers=24,,,,,
server,peer_replication_merge_delta,completed,1787925291543366,178792343327014805,,16,,1787925291538852,1787925291543332,1787925291543366,,,"delta_len=40,sent_us=1787925291532660",,,,,34
server,client_mutation,completed,1787925291820917,178792343327014805,,,,1787925291819618,1787925291819618,1787925291820917,,,http_data_plane,,,,,1299
server,peer_replication_get_delta,completed,1787925292040396,178792343327014805,178792343513168004,16,,1787925292040206,1787925292040211,1787925292040396,,,"delta_len=63,sent_us=1787925292021983",,,,,185
server,peer_replication_connection,established,1787925292255455,178792343327014805,178792343404854505,,,,,,,,,,,,,
server,client_mutation,completed,1787925292320928,178792343327014805,,,,1787925292319601,1787925292319602,1787925292320928,,,http_data_plane,,,,,1326
server,peer_replication_get_delta,completed,1787925292405337,178792343327014805,178792343597984004,16,,1787925292405176,1787925292405180,1787925292405337,,,"delta_len=52,sent_us=1787925292393199",,,,,157
server,peer_replication_pull_request,sent,1787925292514649,178792343327014805,,,,,,,,,connected_peers=25,,,,,
server,peer_replication_get_delta,completed,1787925292541370,178792343327014805,178792343266887005,16,,1787925292541204,1787925292541208,1787925292541370,,,"delta_len=34,sent_us=1787925292505202",,,,,162
server,peer_replication_merge_delta,completed,1787925292576178,178792343327014805,,16,,1787925292573935,1787925292576162,1787925292576178,,,"delta_len=3,sent_us=1787925292544256",,,,,16
server,client_mutation,completed,1787925292820909,178792343327014805,,,,1787925292819587,1787925292819588,1787925292820909,,,http_data_plane,,,,,1321
server,client_mutation,completed,1787925293320912,178792343327014805,,,,1787925293319627,1787925293319628,1787925293320912,,,http_data_plane,,,,,1284
server,peer_replication_connection,established,1787925293370065,178792343327014805,178792343404855505,,,,,,,,,,,,,
server,peer_replication_pull_request,sent,1787925293514326,178792343327014805,,,,,,,,,connected_peers=26,,,,,
server,peer_replication_merge_delta,completed,1787925293525991,178792343327014805,,16,,1787925293516272,1787925293525904,1787925293525991,,,"delta_len=74,sent_us=1787925293515226",,,,,87
server,client_mutation,completed,1787925293821229,178792343327014805,,,,1787925293819632,1787925293819632,1787925293821229,,,http_data_plane,,,,,1597
server,membership_directory_read,completed,1787925294255735,178792343327014805,,,,,1787925294186144,1787925294255735,,,poll:295 descriptors,,,,,69591
server,client_mutation,completed,1787925294322121,178792343327014805,,,,1787925294320172,1787925294320173,1787925294322121,,,http_data_plane,,,,,1948
server,peer_replication_pull_request,sent,1787925294514892,178792343327014805,,,,,,,,,connected_peers=26,,,,,
server,peer_replication_merge_delta,completed,1787925294538105,178792343327014805,,16,,1787925294531333,1787925294538065,1787925294538105,,,"delta_len=48,sent_us=1787925294526845",,,,,40
server,peer_replication_get_delta,completed,1787925294577587,178792343327014805,178792343327017805,16,,1787925294577419,1787925294577421,1787925294577587,,,"delta_len=121,sent_us=1787925294577112",,,,,166
server,client_mutation,completed,1787925294821507,178792343327014805,,,,1787925294819600,1787925294819601,1787925294821507,,,http_data_plane,,,,,1906
server,client_mutation,completed,1787925295321677,178792343327014805,,,,1787925295319613,1787925295319614,1787925295321677,,,http_data_plane,,,,,2063
server,peer_replication_pull_request,sent,1787925295514400,178792343327014805,,,,,,,,,connected_peers=26,,,,,
server,peer_replication_merge_delta,completed,1787925295535616,178792343327014805,,16,,1787925295530930,1787925295535576,1787925295535616,,,"delta_len=37,sent_us=1787925295526476",,,,,40
server,peer_replication_get_delta,completed,1787925295775234,178792343327014805,178792343513164004,16,,1787925295775058,1787925295775063,1787925295775234,,,"delta_len=80,sent_us=1787925295757848",,,,,171
server,client_mutation,completed,1787925295821722,178792343327014805,,,,1787925295819609,1787925295819609,1787925295821722,,,http_data_plane,,,,,2113
server,client_mutation,completed,1787925296321629,178792343327014805,,,,1787925296319609,1787925296319610,1787925296321629,,,http_data_plane,,,,,2019
server,peer_replication_get_delta,completed,1787925296405464,178792343327014805,178792343597984004,16,,1787925296405291,1787925296405297,1787925296405464,,,"delta_len=93,sent_us=1787925296393364",,,,,167
server,peer_replication_get_delta,completed,1787925296489556,178792343327014805,178792343327015805,16,,1787925296489393,1787925296489397,1787925296489556,,,"delta_len=22,sent_us=1787925296489032",,,,,159
server,peer_replication_pull_request,sent,1787925296514833,178792343327014805,,,,,,,,,connected_peers=26,,,,,
server,peer_replication_get_delta,completed,1787925296540140,178792343327014805,178792343266887005,16,,1787925296539970,1787925296539974,1787925296540140,,,"delta_len=59,sent_us=1787925296504121",,,,,166
server,peer_replication_merge_delta,completed,1787925296627328,178792343327014805,,16,,1787925296622073,1787925296627295,1787925296627328,,,"delta_len=45,sent_us=1787925296609702",,,,,33
server,client_mutation,completed,1787925296821633,178792343327014805,,,,1787925296819566,1787925296819567,1787925296821633,,,http_data_plane,,,,,2066
server,client_mutation,completed,1787925297321726,178792343327014805,,,,1787925297319649,1787925297319649,1787925297321726,,,http_data_plane,,,,,2077
server,peer_replication_pull_request,sent,1787925297514482,178792343327014805,,,,,,,,,connected_peers=26,,,,,
server,peer_replication_merge_delta,completed,1787925297561131,178792343327014805,,16,,1787925297554925,1787925297561086,1787925297561131,,,"delta_len=58,sent_us=1787925297544696",,,,,45
server,client_mutation,completed,1787925297821677,178792343327014805,,,,1787925297819594,1787925297819595,1787925297821677,,,http_data_plane,,,,,2082
server,client_mutation,completed,1787925298321660,178792343327014805,,,,1787925298319615,1787925298319616,1787925298321660,,,http_data_plane,,,,,2044
server,peer_replication_pull_request,sent,1787925298514406,178792343327014805,,,,,,,,,connected_peers=26,,,,,
server,peer_replication_merge_delta,completed,1787925298568510,178792343327014805,,16,,1787925298563329,1787925298568478,1787925298568510,,,"delta_len=36,sent_us=1787925298550963",,,,,32
server,client_mutation,completed,1787925298821699,178792343327014805,,,,1787925298819577,1787925298819577,1787925298821699,,,http_data_plane,,,,,2122
server,peer_replication_get_delta,completed,1787925299145686,178792343327014805,178792343266888005,16,,1787925299145464,1787925299145469,1787925299145686,,,"delta_len=62,sent_us=1787925299109346",,,,,217
server,membership_directory_read,completed,1787925299242820,178792343327014805,,,,,1787925299186873,1787925299242820,,,poll:295 descriptors,,,,,55947
server,peer_replication_get_delta,completed,1787925299256267,178792343327014805,178792343404854505,16,,1787925299256070,1787925299256074,1787925299256267,,,"delta_len=16,sent_us=1787925299226392",,,,,193
server,client_mutation,completed,1787925299321648,178792343327014805,,,,1787925299319620,1787925299319621,1787925299321648,,,http_data_plane,,,,,2027
server,peer_replication_pull_request,sent,1787925299514462,178792343327014805,,,,,,,,,connected_peers=26,,,,,
server,peer_replication_merge_delta,completed,1787925299537534,178792343327014805,,16,,1787925299531082,1787925299537449,1787925299537534,,,"delta_len=69,sent_us=1787925299526588",,,,,85
server,peer_replication_get_delta,completed,1787925299590271,178792343327014805,178792343266887005,16,,1787925299590082,1787925299590087,1787925299590271,,,"delta_len=97,sent_us=1787925299504099",,,,,184
server,client_mutation,completed,1787925299821770,178792343327014805,,,,1787925299819590,1787925299819591,1787925299821770,,,http_data_plane,,,,,2179
server,peer_replication_get_delta,completed,1787925299860270,178792343327014805,178792343266890005,16,,1787925299860096,1787925299860101,1787925299860270,,,"delta_len=103,sent_us=1787925299773932",,,,,169
server,peer_replication_get_delta,completed,1787925300186726,178792343327014805,178792343404855505,16,,1787925300186532,1787925300186538,1787925300186726,,,"delta_len=139,sent_us=1787925300115617",,,,,188
server,client_mutation,completed,1787925300321691,178792343327014805,,,,1787925300319582,1787925300319582,1787925300321691,,,http_data_plane,,,,,2109
server,peer_replication_pull_request,sent,1787925300514467,178792343327014805,,,,,,,,,connected_peers=26,,,,,
server,peer_replication_merge_delta,completed,1787925300561164,178792343327014805,,16,,1787925300555755,1787925300561132,1787925300561164,,,"delta_len=37,sent_us=1787925300545191",,,,,32
server,client_mutation,completed,1787925300821710,178792343327014805,,,,1787925300819629,1787925300819630,1787925300821710,,,http_data_plane,,,,,2080
server,client_mutation,completed,1787925301321960,178792343327014805,,,,1787925301319674,1787925301319675,1787925301321960,,,http_data_plane,,,,,2285
server,peer_replication_pull_request,sent,1787925301514703,178792343327014805,,,,,,,,,connected_peers=26,,,,,
server,peer_replication_merge_delta,completed,1787925301542817,178792343327014805,,16,,1787925301537930,1787925301542780,1787925301542817,,,"delta_len=32,sent_us=1787925301531809",,,,,37
server,client_mutation,completed,1787925301821773,178792343327014805,,,,1787925301819671,1787925301819672,1787925301821773,,,http_data_plane,,,,,2101
server,peer_replication_get_delta,completed,1787925301967748,178792343327014805,178792343404852505,16,,1787925301967566,1787925301967570,1787925301967748,,,"delta_len=37,sent_us=1787925301937322",,,,,178
server,client_mutation,completed,1787925302321806,178792343327014805,,,,1787925302319622,1787925302319623,1787925302321806,,,http_data_plane,,,,,2183
server,client_mutation,completed,1787925302821733,178792343327014805,,,,1787925302819617,1787925302819618,1787925302821733,,,http_data_plane,,,,,2115
server,peer_replication_get_delta,completed,1787925303039053,178792343327014805,178792343513168004,16,,1787925303038880,1787925303038887,1787925303039053,,,"delta_len=37,sent_us=1787925303020770",,,,,166
server,client_mutation,completed,1787925303321741,178792343327014805,,,,1787925303319622,1787925303319623,1787925303321741,,,http_data_plane,,,,,2118
server,peer_replication_pull_request,sent,1787925303514533,178792343327014805,,,,,,,,,connected_peers=25,,,,,
server,peer_replication_merge_delta,completed,1787925303560041,178792343327014805,,16,,1787925303551832,1787925303559949,1787925303560041,,,"delta_len=98,sent_us=1787925303532561",,,,,92
server,peer_replication_get_delta,completed,1787925303775882,178792343327014805,178792343513164004,16,,1787925303775693,1787925303775699,1787925303775882,,,"delta_len=46,sent_us=1787925303758458",,,,,183
server,client_mutation,completed,1787925303821881,178792343327014805,,,,1787925303819605,1787925303819606,1787925303821881,,,http_data_plane,,,,,2275
server,peer_replication_get_delta,completed,1787925304066324,178792343327014805,178792343404851505,16,,1787925304066149,1787925304066154,1787925304066324,,,"delta_len=22,sent_us=1787925303995037",,,,,170
server,membership_directory_read,completed,1787925304244909,178792343327014805,,,,,1787925304186697,1787925304244909,,,poll:295 descriptors,,,,,58212
server,client_mutation,completed,1787925304321634,178792343327014805,,,,1787925304319580,1787925304319580,1787925304321634,,,http_data_plane,,,,,2054
server,peer_replication_pull_request,sent,1787925304514425,178792343327014805,,,,,,,,,connected_peers=25,,,,,
server,peer_replication_merge_delta,completed,1787925304583243,178792343327014805,,16,,1787925304578397,1787925304583204,1787925304583243,,,"delta_len=36,sent_us=1787925304573949",,,,,39
server,client_mutation,completed,1787925304821667,178792343327014805,,,,1787925304819607,1787925304819609,1787925304821667,,,http_data_plane,,,,,2058
server,client_mutation,completed,1787925305321699,178792343327014805,,,,1787925305319594,1787925305319594,1787925305321699,,,http_data_plane,,,,,2105
server,peer_replication_pull_request,sent,1787925305514487,178792343327014805,,,,,,,,,connected_peers=25,,,,,
server,peer_replication_merge_delta,completed,1787925305594563,178792343327014805,,16,,1787925305587176,1787925305594512,1787925305594563,,,"delta_len=71,sent_us=1787925305550862",,,,,51
server,client_mutation,completed,1787925305821783,178792343327014805,,,,1787925305819630,1787925305819630,1787925305821783,,,http_data_plane,,,,,2153
server,client_mutation,completed,1787925306321750,178792343327014805,,,,1787925306319611,1787925306319612,1787925306321750,,,http_data_plane,,,,,2138
server,peer_replication_pull_request,sent,1787925306514605,178792343327014805,,,,,,,,,connected_peers=25,,,,,
server,peer_replication_get_delta,completed,1787925306577509,178792343327014805,178792343327013805,16,,1787925306577342,1787925306577347,1787925306577509,,,"delta_len=29,sent_us=1787925306576866",,,,,162
server,peer_replication_merge_delta,completed,1787925306584889,178792343327014805,,16,,1787925306578370,1787925306584869,1787925306584889,,,"delta_len=26,sent_us=1787925306573896",,,,,20
server,client_mutation,completed,1787925306821769,178792343327014805,,,,1787925306819596,1787925306819597,1787925306821769,,,http_data_plane,,,,,2172
server,client_mutation,completed,1787925307321984,178792343327014805,,,,1787925307319764,1787925307319764,1787925307321984,,,http_data_plane,,,,,2220
server,peer_replication_pull_request,sent,1787925307514804,178792343327014805,,,,,,,,,connected_peers=25,,,,,
server,peer_replication_merge_delta,completed,1787925307593027,178792343327014805,,16,,1787925307587858,1787925307592967,1787925307593027,,,"delta_len=41,sent_us=1787925307581849",,,,,60
server,client_mutation,completed,1787925307821878,178792343327014805,,,,1787925307819753,1787925307819753,1787925307821878,,,http_data_plane,,,,,2125
server,peer_replication_get_delta,completed,1787925308145287,178792343327014805,178792343266888005,16,,1787925308145095,1787925308145100,1787925308145287,,,"delta_len=45,sent_us=1787925308109050",,,,,187
server,client_mutation,completed,1787925308321721,178792343327014805,,,,1787925308319584,1787925308319585,1787925308321721,,,http_data_plane,,,,,2136
server,peer_replication_pull_request,sent,1787925308514471,178792343327014805,,,,,,,,,connected_peers=25,,,,,
server,peer_replication_merge_delta,completed,1787925308586081,178792343327014805,,16,,1787925308578620,1787925308586022,1787925308586081,,,"delta_len=63,sent_us=1787925308574137",,,,,59
server,client_mutation,completed,1787925308821757,178792343327014805,,,,1787925308819623,1787925308819623,1787925308821757,,,http_data_plane,,,,,2134
server,peer_replication_get_delta,completed,1787925309038571,178792343327014805,178792343513168004,16,,1787925309038399,1787925309038405,1787925309038571,,,"delta_len=34,sent_us=1787925309020330",,,,,166
server,membership_directory_read,completed,1787925309248401,178792343327014805,,,,,1787925309186984,1787925309248401,,,poll:295 descriptors,,,,,61417
server,client_mutation,completed,1787925309321698,178792343327014805,,,,1787925309319606,1787925309319607,1787925309321698,,,http_data_plane,,,,,2091
server,peer_replication_pull_request,sent,1787925309514452,178792343327014805,,,,,,,,,connected_peers=25,,,,,
server,peer_replication_merge_delta,completed,1787925309594489,178792343327014805,,16,,1787925309588726,1787925309594453,1787925309594489,,,"delta_len=44,sent_us=1787925309582686",,,,,36
server,client_mutation,completed,1787925309821681,178792343327014805,,,,1787925309819591,1787925309819592,1787925309821681,,,http_data_plane,,,,,2089
server,client_mutation,completed,1787925310321922,178792343327014805,,,,1787925310319663,1787925310319663,1787925310321922,,,http_data_plane,,,,,2259
server,peer_replication_pull_request,sent,1787925310514620,178792343327014805,,,,,,,,,connected_peers=25,,,,,
server,peer_replication_merge_delta,completed,1787925310607224,178792343327014805,,16,,1787925310599526,1787925310607164,1787925310607224,,,"delta_len=65,sent_us=1787925310589248",,,,,60
server,client_mutation,completed,1787925310821651,178792343327014805,,,,1787925310819587,1787925310819588,1787925310821651,,,http_data_plane,,,,,2063
server,client_mutation,completed,1787925311321707,178792343327014805,,,,1787925311319621,1787925311319622,1787925311321707,,,http_data_plane,,,,,2085
server,peer_replication_pull_request,sent,1787925311514441,178792343327014805,,,,,,,,,connected_peers=25,,,,,
server,peer_replication_merge_delta,completed,1787925311593180,178792343327014805,,16,,1787925311586017,1787925311593123,1787925311593180,,,"delta_len=78,sent_us=1787925311573816",,,,,57
server,client_mutation,completed,1787925311821781,178792343327014805,,,,1787925311819619,1787925311819619,1787925311821781,,,http_data_plane,,,,,2162
server,client_mutation,completed,1787925312321671,178792343327014805,,,,1787925312319625,1787925312319626,1787925312321671,,,http_data_plane,,,,,2045
server,peer_replication_pull_request,sent,1787925312514504,178792343327014805,,,,,,,,,connected_peers=25,,,,,
server,peer_replication_get_delta,completed,1787925312541889,178792343327014805,178792343266887005,16,,1787925312541668,1787925312541672,1787925312541889,,,"delta_len=19,sent_us=1787925312504829",,,,,217
server,peer_replication_merge_delta,completed,1787925312619820,178792343327014805,,16,,1787925312614604,1787925312619787,1787925312619820,,,"delta_len=42,sent_us=1787925312601362",,,,,33
server,peer_replication_get_delta,completed,1787925312693705,178792343327014805,178792343513165004,16,,1787925312693525,1787925312693530,1787925312693705,,,"delta_len=74,sent_us=1787925312676392",,,,,175
server,client_mutation,completed,1787925312821876,178792343327014805,,,,1787925312819634,1787925312819635,1787925312821876,,,http_data_plane,,,,,2241
server,client_mutation,completed,1787925313321388,178792343327014805,,,,1787925313319590,1787925313319591,1787925313321388,,,http_data_plane,,,,,1797
server,peer_replication_pull_request,sent,1787925313514140,178792343327014805,,,,,,,,,connected_peers=25,,,,,
server,peer_replication_merge_delta,completed,1787925313519722,178792343327014805,,16,,1787925313515074,1787925313519690,1787925313519722,,,"delta_len=36,sent_us=1787925313514672",,,,,32
server,client_mutation,completed,1787925313821646,178792343327014805,,,,1787925313819614,1787925313819614,1787925313821646,,,http_data_plane,,,,,2032
server,membership_directory_read,completed,1787925314250799,178792343327014805,,,,,1787925314186632,1787925314250799,,,poll:295 descriptors,,,,,64167
server,client_mutation,completed,1787925314321573,178792343327014805,,,,1787925314319610,1787925314319611,1787925314321573,,,http_data_plane,,,,,1962
server,peer_replication_pull_request,sent,1787925314514334,178792343327014805,,,,,,,,,connected_peers=25,,,,,
server,peer_replication_merge_delta,completed,1787925314559433,178792343327014805,,16,,1787925314554758,1787925314559405,1787925314559433,,,"delta_len=36,sent_us=1787925314544301",,,,,28
server,client_mutation,completed,1787925314821677,178792343327014805,,,,1787925314819631,1787925314819631,1787925314821677,,,http_data_plane,,,,,2046
server,client_mutation,completed,1787925315321775,178792343327014805,,,,1787925315319636,1787925315319636,1787925315321775,,,http_data_plane,,,,,2139
server,peer_replication_pull_request,sent,1787925315514572,178792343327014805,,,,,,,,,connected_peers=25,,,,,
server,peer_replication_merge_delta,completed,1787925315521938,178792343327014805,,16,,1787925315515550,1787925315521900,1787925315521938,,,"delta_len=55,sent_us=1787925315515108",,,,,38
server,peer_replication_get_delta,completed,1787925315696596,178792343327014805,178792343327017805,16,,1787925315696421,1787925315696426,1787925315696596,,,"delta_len=54,sent_us=1787925315650390",,,,,170
server,peer_replication_get_delta,completed,1787925315820202,178792343327014805,178792343266886005,16,,1787925315820031,1787925315820034,1787925315820202,,,"delta_len=55,sent_us=1787925315734537",,,,,168
server,client_mutation,completed,1787925315821591,178792343327014805,,,,1787925315819581,1787925315819582,1787925315821591,,,http_data_plane,,,,,2009
server,client_mutation,completed,1787925316321706,178792343327014805,,,,1787925316319619,1787925316319620,1787925316321706,,,http_data_plane,,,,,2086
server,peer_replication_pull_request,sent,1787925316514512,178792343327014805,,,,,,,,,connected_peers=25,,,,,
server,peer_replication_merge_delta,completed,1787925316626939,178792343327014805,,16,,1787925316619334,1787925316626874,1787925316626939,,,"delta_len=75,sent_us=1787925316589228",,,,,65
server,client_mutation,completed,1787925316821678,178792343327014805,,,,1787925316819583,1787925316819583,1787925316821678,,,http_data_plane,,,,,2095
server,client_mutation,completed,1787925317321752,178792343327014805,,,,1787925317319603,1787925317319603,1787925317321752,,,http_data_plane,,,,,2149
server,peer_replication_pull_request,sent,1787925317514558,178792343327014805,,,,,,,,,connected_peers=25,,,,,
server,peer_replication_merge_delta,completed,1787925317615187,178792343327014805,,16,,1787925317609147,1787925317615155,1787925317615187,,,"delta_len=50,sent_us=1787925317598921",,,,,32
server,client_mutation,completed,1787925317821697,178792343327014805,,,,1787925317819596,1787925317819597,1787925317821697,,,http_data_plane,,,,,2100
server,peer_replication_get_delta,completed,1787925318156206,178792343327014805,178792343404853505,16,,1787925318156004,1787925318156009,1787925318156206,,,"delta_len=28,sent_us=1787925318126387",,,,,197
server,peer_replication_get_delta,completed,1787925318256751,178792343327014805,178792343404854505,16,,1787925318256584,1787925318256588,1787925318256751,,,"delta_len=34,sent_us=1787925318226968",,,,,163
server,client_mutation,completed,1787925318321902,178792343327014805,,,,1787925318319634,1787925318319635,1787925318321902,,,http_data_plane,,,,,2267
server,peer_replication_pull_request,sent,1787925318514655,178792343327014805,,,,,,,,,connected_peers=25,,,,,
server,peer_replication_merge_delta,completed,1787925318537199,178792343327014805,,16,,1787925318530883,1787925318537149,1787925318537199,,,"delta_len=57,sent_us=1787925318526562",,,,,50
server,peer_replication_get_delta,completed,1787925318820133,178792343327014805,178792343266886005,16,,1787925318819956,1787925318819960,1787925318820133,,,"delta_len=122,sent_us=1787925318735280",,,,,173
server,client_mutation,completed,1787925318821783,178792343327014805,,,,1787925318819589,1787925318819589,1787925318821783,,,http_data_plane,,,,,2194
server,membership_directory_read,completed,1787925319238034,178792343327014805,,,,,1787925319186710,1787925319238034,,,poll:295 descriptors,,,,,51324
server,client_mutation,completed,1787925319321613,178792343327014805,,,,1787925319319593,1787925319319594,1787925319321613,,,http_data_plane,,,,,2019
server,peer_replication_get_delta,completed,1787925319422872,178792343327014805,178792343513166004,16,,1787925319422696,1787925319422701,1787925319422872,,,"delta_len=71,sent_us=1787925319405496",,,,,171
server,peer_replication_pull_request,sent,1787925319514147,178792343327014805,,,,,,,,,connected_peers=25,,,,,
server,peer_replication_merge_delta,completed,1787925319561941,178792343327014805,,16,,1787925319556924,1787925319561914,1787925319561941,,,"delta_len=39,sent_us=1787925319556530",,,,,27
server,peer_replication_get_delta,completed,1787925319591170,178792343327014805,178792343266887005,16,,1787925319590993,1787925319590998,1787925319591170,,,"delta_len=75,sent_us=1787925319504003",,,,,172
server,client_mutation,completed,1787925319821747,178792343327014805,,,,1787925319819596,1787925319819597,1787925319821747,,,http_data_plane,,,,,2150
server,client_mutation,completed,1787925320321739,178792343327014805,,,,1787925320319611,1787925320319612,1787925320321739,,,http_data_plane,,,,,2127
server,peer_replication_pull_request,sent,1787925320514583,178792343327014805,,,,,,,,,connected_peers=25,,,,,
server,peer_replication_merge_delta,completed,1787925320604752,178792343327014805,,16,,1787925320599587,1787925320604718,1787925320604752,,,"delta_len=28,sent_us=1787925320589169",,,,,34
server,peer_replication_get_delta,completed,1787925320820086,178792343327014805,178792343266886005,16,,1787925320819918,1787925320819922,1787925320820086,,,"delta_len=70,sent_us=1787925320734762",,,,,164
server,client_mutation,completed,1787925320821969,178792343327014805,,,,1787925320819587,1787925320819588,1787925320821969,,,http_data_plane,,,,,2381
server,client_mutation,completed,1787925321321889,178792343327014805,,,,1787925321319607,1787925321319607,1787925321321889,,,http_data_plane,,,,,2282
server,peer_replication_pull_request,sent,1787925321514595,178792343327014805,,,,,,,,,connected_peers=25,,,,,
server,peer_replication_merge_delta,completed,1787925321592402,178792343327014805,,16,,1787925321588548,1787925321592385,1787925321592402,,,"delta_len=19,sent_us=1787925321582602",,,,,17
server,peer_replication_get_delta,completed,1787925321673922,178792343327014805,178792343597983004,16,,1787925321673734,1787925321673739,1787925321673922,,,"delta_len=35,sent_us=1787925321661511",,,,,183
server,client_mutation,completed,1787925321822011,178792343327014805,,,,1787925321819713,1787925321819714,1787925321822011,,,http_data_plane,,,,,2297
server,peer_replication_get_delta,completed,1787925322026774,178792343327014805,178792343597981004,16,,1787925322026579,1787925322026584,1787925322026774,,,"delta_len=24,sent_us=1787925322014615",,,,,190
server,client_mutation,completed,1787925322321665,178792343327014805,,,,1787925322319596,1787925322319596,1787925322321665,,,http_data_plane,,,,,2069
server,peer_replication_pull_request,sent,1787925322514408,178792343327014805,,,,,,,,,connected_peers=25,,,,,
server,peer_replication_merge_delta,completed,1787925322535396,178792343327014805,,16,,1787925322531035,1787925322535370,1787925322535396,,,"delta_len=26,sent_us=1787925322526559",,,,,26
server,client_mutation,completed,1787925322821784,178792343327014805,,,,1787925322819612,1787925322819612,1787925322821784,,,http_data_plane,,,,,2172
server,peer_replication_get_delta,completed,1787925323114058,178792343327014805,178792343597985004,16,,1787925323113885,1787925323113891,1787925323114058,,,"delta_len=30,sent_us=1787925323101477",,,,,167
server,peer_replication_get_delta,completed,1787925323216030,178792343327014805,178792343404853505,16,,1787925323215847,1787925323215854,1787925323216030,,,"delta_len=30,sent_us=1787925323127175",,,,,176
server,client_mutation,completed,1787925323321753,178792343327014805,,,,1787925323319612,1787925323319613,1787925323321753,,,http_data_plane,,,,,2140
server,peer_replication_pull_request,sent,1787925323514560,178792343327014805,,,,,,,,,connected_peers=25,,,,,
server,peer_replication_merge_delta,completed,1787925323595350,178792343327014805,,16,,1787925323588266,1787925323595300,1787925323595350,,,"delta_len=76,sent_us=1787925323581983",,,,,50
server,client_mutation,completed,1787925323821733,178792343327014805,,,,1787925323819596,1787925323819596,1787925323821733,,,http_data_plane,,,,,2137
server,membership_directory_read,completed,1787925324243235,178792343327014805,,,,,1787925324186787,1787925324243235,,,poll:295 descriptors,,,,,56448
server,client_mutation,completed,1787925324321782,178792343327014805,,,,1787925324319619,1787925324319620,1787925324321782,,,http_data_plane,,,,,2162
server,peer_replication_pull_request,sent,1787925324514548,178792343327014805,,,,,,,,,connected_peers=25,,,,,
server,peer_replication_merge_delta,completed,1787925324618038,178792343327014805,,16,,1787925324612013,1787925324617999,1787925324618038,,,"delta_len=55,sent_us=1787925324599758",,,,,39
server,client_mutation,completed,1787925324821652,178792343327014805,,,,1787925324819599,1787925324819599,1787925324821652,,,http_data_plane,,,,,2053
server,client_mutation,completed,1787925325321638,178792343327014805,,,,1787925325319593,1787925325319593,1787925325321638,,,http_data_plane,,,,,2045
server,peer_replication_pull_request,sent,1787925325514402,178792343327014805,,,,,,,,,connected_peers=25,,,,,
server,peer_replication_merge_delta,completed,1787925325563437,178792343327014805,,16,,1787925325557195,1787925325563382,1787925325563437,,,"delta_len=58,sent_us=1787925325556673",,,,,55
server,client_mutation,completed,1787925325821738,178792343327014805,,,,1787925325819586,1787925325819587,1787925325821738,,,http_data_plane,,,,,2151
server,client_mutation,completed,1787925326321709,178792343327014805,,,,1787925326319607,1787925326319607,1787925326321709,,,http_data_plane,,,,,2102
server,peer_replication_pull_request,sent,1787925326514443,178792343327014805,,,,,,,,,connected_peers=25,,,,,
server,peer_replication_merge_delta,completed,1787925326562896,178792343327014805,,16,,1787925326557110,1787925326562847,1787925326562896,,,"delta_len=49,sent_us=1787925326556629",,,,,49
server,client_mutation,completed,1787925326821654,178792343327014805,,,,1787925326819618,1787925326819619,1787925326821654,,,http_data_plane,,,,,2035
server,peer_replication_get_delta,completed,1787925327257091,178792343327014805,178792343404854505,16,,1787925327256901,1787925327256906,1787925327257091,,,"delta_len=33,sent_us=1787925327227186",,,,,185
server,client_mutation,completed,1787925327321675,178792343327014805,,,,1787925327319613,1787925327319614,1787925327321675,,,http_data_plane,,,,,2061
server,peer_replication_pull_request,sent,1787925327514493,178792343327014805,,,,,,,,,connected_peers=25,,,,,
server,peer_replication_merge_delta,completed,1787925327520770,178792343327014805,,16,,1787925327515410,1787925327520742,1787925327520770,,,"delta_len=43,sent_us=1787925327515037",,,,,28
server,peer_replication_get_delta,completed,1787925327775339,178792343327014805,178792343513164004,16,,1787925327775165,1787925327775171,1787925327775339,,,"delta_len=60,sent_us=1787925327758005",,,,,168
server,client_mutation,completed,1787925327821719,178792343327014805,,,,1787925327819615,1787925327819615,1787925327821719,,,http_data_plane,,,,,2104
server,client_mutation,completed,1787925328321731,178792343327014805,,,,1787925328319607,1787925328319607,1787925328321731,,,http_data_plane,,,,,2124
server,peer_replication_pull_request,sent,1787925328514546,178792343327014805,,,,,,,,,connected_peers=25,,,,,
server,peer_replication_merge_delta,completed,1787925328568443,178792343327014805,,16,,1787925328562801,1787925328568406,1787925328568443,,,"delta_len=51,sent_us=1787925328550493",,,,,37
server,peer_replication_get_delta,completed,1787925328674269,178792343327014805,178792343597983004,16,,1787925328674092,1787925328674097,1787925328674269,,,"delta_len=75,sent_us=1787925328661653",,,,,172
server,client_mutation,completed,1787925328821691,178792343327014805,,,,1787925328819619,1787925328819620,1787925328821691,,,http_data_plane,,,,,2071
server,membership_directory_read,completed,1787925329246857,178792343327014805,,,,,1787925329186613,1787925329246857,,,poll:295 descriptors,,,,,60244
server,client_mutation,completed,1787925329321741,178792343327014805,,,,1787925329319623,1787925329319624,1787925329321741,,,http_data_plane,,,,,2117
server,peer_replication_get_delta,completed,1787925329426752,178792343327014805,178792343404855505,16,,1787925329426590,1787925329426595,1787925329426752,,,"delta_len=26,sent_us=1787925329339970",,,,,157
server,peer_replication_pull_request,sent,1787925329514027,178792343327014805,,,,,,,,,connected_peers=25,,,,,
server,peer_replication_merge_delta,completed,1787925329617517,178792343327014805,,16,,1787925329612107,1787925329617484,1787925329617517,,,"delta_len=50,sent_us=1787925329599771",,,,,33
server,client_mutation,completed,1787925329821785,178792343327014805,,,,1787925329819661,1787925329819661,1787925329821785,,,http_data_plane,,,,,2124
server,client_mutation,completed,1787925330321730,178792343327014805,,,,1787925330319605,1787925330319606,1787925330321730,,,http_data_plane,,,,,2124
server,peer_replication_get_delta,completed,1787925330422805,178792343327014805,178792343513166004,16,,1787925330422633,1787925330422638,1787925330422805,,,"delta_len=32,sent_us=1787925330405093",,,,,167
server,peer_replication_pull_request,sent,1787925330514106,178792343327014805,,,,,,,,,connected_peers=25,,,,,
server,peer_replication_merge_delta,completed,1787925330541627,178792343327014805,,16,,1787925330537220,1787925330541602,1787925330541627,,,"delta_len=29,sent_us=1787925330531217",,,,,25
server,client_mutation,completed,1787925330821633,178792343327014805,,,,1787925330819527,1787925330819528,1787925330821633,,,http_data_plane,,,,,2105
server,client_mutation,completed,1787925331321750,178792343327014805,,,,1787925331319595,1787925331319596,1787925331321750,,,http_data_plane,,,,,2154
server,peer_replication_pull_request,sent,1787925331514545,178792343327014805,,,,,,,,,connected_peers=25,,,,,
server,peer_replication_merge_delta,completed,1787925331584853,178792343327014805,,16,,1787925331578551,1787925331584810,1787925331584853,,,"delta_len=67,sent_us=1787925331573992",,,,,43
server,client_mutation,completed,1787925331821559,178792343327014805,,,,1787925331819634,1787925331819637,1787925331821559,,,http_data_plane,,,,,1922
server,client_mutation,completed,1787925332321629,178792343327014805,,,,1787925332319621,1787925332319622,1787925332321629,,,http_data_plane,,,,,2007
server,peer_replication_get_delta,completed,1787925332390051,178792343327014805,178792343327016805,16,,1787925332389880,1787925332389885,1787925332390051,,,"delta_len=31,sent_us=1787925332389431",,,,,166
server,peer_replication_pull_request,sent,1787925332514372,178792343327014805,,,,,,,,,connected_peers=25,,,,,
server,peer_replication_merge_delta,completed,1787925332596558,178792343327014805,,16,,1787925332589373,1787925332596494,1787925332596558,,,"delta_len=74,sent_us=1787925332572035",,,,,64
server,client_mutation,completed,1787925332821638,178792343327014805,,,,1787925332819584,1787925332819584,1787925332821638,,,http_data_plane,,,,,2054
server,peer_replication_get_delta,completed,1787925333038695,178792343327014805,178792343513168004,16,,1787925333038520,1787925333038526,1787925333038695,,,"delta_len=33,sent_us=1787925333020490",,,,,169
server,client_mutation,completed,1787925333321606,178792343327014805,,,,1787925333319605,1787925333319606,1787925333321606,,,http_data_plane,,,,,2000
server,peer_replication_pull_request,sent,1787925333514365,178792343327014805,,,,,,,,,connected_peers=25,,,,,
server,peer_replication_merge_delta,completed,1787925333543538,178792343327014805,,16,,1787925333538415,1787925333543521,1787925333543538,,,"delta_len=17,sent_us=1787925333526306",,,,,17
server,client_mutation,completed,1787925333821725,178792343327014805,,,,1787925333819607,1787925333819608,1787925333821725,,,http_data_plane,,,,,2117
server,membership_directory_read,completed,1787925334240904,178792343327014805,,,,,1787925334186709,1787925334240904,,,poll:295 descriptors,,,,,54195
server,client_mutation,completed,1787925334321722,178792343327014805,,,,1787925334319626,1787925334319627,1787925334321722,,,http_data_plane,,,,,2095
server,peer_replication_pull_request,sent,1787925334514448,178792343327014805,,,,,,,,,connected_peers=25,,,,,
server,peer_replication_merge_delta,completed,1787925334593580,178792343327014805,,16,,1787925334588119,1787925334593553,1787925334593580,,,"delta_len=41,sent_us=1787925334583828",,,,,27
server,client_mutation,completed,1787925334821731,178792343327014805,,,,1787925334819599,1787925334819600,1787925334821731,,,http_data_plane,,,,,2131
server,peer_replication_get_delta,completed,1787925335124345,178792343327014805,178792343597982004,16,,1787925335124181,1787925335124185,1787925335124345,,,"delta_len=11,sent_us=1787925335063872",,,,,160
server,client_mutation,completed,1787925335321734,178792343327014805,,,,1787925335319653,1787925335319654,1787925335321734,,,http_data_plane,,,,,2080
server,peer_replication_pull_request,sent,1787925335514505,178792343327014805,,,,,,,,,connected_peers=25,,,,,
server,peer_replication_merge_delta,completed,1787925335563711,178792343327014805,,16,,1787925335557148,1787925335563664,1787925335563711,,,"delta_len=72,sent_us=1787925335556611",,,,,47
server,client_mutation,completed,1787925335822019,178792343327014805,,,,1787925335819616,1787925335819617,1787925335822019,,,http_data_plane,,,,,2402
server,peer_replication_get_delta,completed,1787925335967560,178792343327014805,178792343404852505,16,,1787925335967373,1787925335967379,1787925335967560,,,"delta_len=68,sent_us=1787925335937152",,,,,181
server,client_mutation,completed,1787925336321927,178792343327014805,,,,1787925336319630,1787925336319630,1787925336321927,,,http_data_plane,,,,,2297
server,peer_replication_pull_request,sent,1787925336514664,178792343327014805,,,,,,,,,connected_peers=25,,,,,
server,peer_replication_merge_delta,completed,1787925336535751,178792343327014805,,16,,1787925336530914,1787925336535722,1787925336535751,,,"delta_len=31,sent_us=1787925336526602",,,,,29
server,client_mutation,completed,1787925336821526,178792343327014805,,,,1787925336819522,1787925336819523,1787925336821526,,,http_data_plane,,,,,2003
server,client_mutation,completed,1787925337322007,178792343327014805,,,,1787925337319744,1787925337319745,1787925337322007,,,http_data_plane,,,,,2262
server,peer_replication_pull_request,sent,1787925337514735,178792343327014805,,,,,,,,,connected_peers=25,,,,,
server,peer_replication_merge_delta,completed,1787925337537055,178792343327014805,,16,,1787925337531355,1787925337537018,1787925337537055,,,"delta_len=48,sent_us=1787925337526854",,,,,37
server,client_mutation,completed,1787925337821635,178792343327014805,,,,1787925337819577,1787925337819578,1787925337821635,,,http_data_plane,,,,,2057
server,client_mutation,completed,1787925338321696,178792343327014805,,,,1787925338319615,1787925338319616,1787925338321696,,,http_data_plane,,,,,2080
server,peer_replication_pull_request,sent,1787925338514540,178792343327014805,,,,,,,,,connected_peers=25,,,,,
server,peer_replication_merge_delta,completed,1787925338617653,178792343327014805,,16,,1787925338612033,1787925338617617,1787925338617653,,,"delta_len=51,sent_us=1787925338599768",,,,,36
server,client_mutation,completed,1787925338821734,178792343327014805,,,,1787925338819573,1787925338819573,1787925338821734,,,http_data_plane,,,,,2161
server,peer_replication_get_delta,completed,1787925339074258,178792343327014805,178792343597981004,16,,1787925339074070,1787925339074075,1787925339074258,,,"delta_len=58,sent_us=1787925339015468",,,,,183
server,membership_directory_read,completed,1787925339241068,178792343327014805,,,,,1787925339186565,1787925339241068,,,poll:295 descriptors,,,,,54503
server,client_mutation,completed,1787925339321682,178792343327014805,,,,1787925339319583,1787925339319583,1787925339321682,,,http_data_plane,,,,,2099
server,peer_replication_pull_request,sent,1787925339514516,178792343327014805,,,,,,,,,connected_peers=25,,,,,
server,peer_replication_merge_delta,completed,1787925339592260,178792343327014805,,16,,1787925339587751,1787925339592235,1787925339592260,,,"delta_len=31,sent_us=1787925339581814",,,,,25
server,peer_replication_get_delta,completed,1787925339737646,178792343327014805,178792343513165004,16,,1787925339737421,1787925339737427,1787925339737646,,,"delta_len=68,sent_us=1787925339676022",,,,,219
server,client_mutation,completed,1787925339822595,178792343327014805,,,,1787925339819791,1787925339819791,1787925339822595,,,http_data_plane,,,,,2804
server,peer_replication_get_delta,completed,1787925340207609,178792343327014805,178792343513167004,16,,1787925340207435,1787925340207441,1787925340207609,,,"delta_len=28,sent_us=1787925340141172",,,,,168
server,client_mutation,completed,1787925340323131,178792343327014805,,,,1787925340319597,1787925340319597,1787925340323131,,,http_data_plane,,,,,3534
server,peer_replication_pull_request,sent,1787925340514823,178792343327014805,,,,,,,,,connected_peers=25,,,,,
server,peer_replication_merge_delta,completed,1787925340593259,178792343327014805,,16,,1787925340588257,1787925340593226,1787925340593259,,,"delta_len=42,sent_us=1787925340583860",,,,,33
server,client_mutation,completed,1787925340821651,178792343327014805,,,,1787925340819639,1787925340819639,1787925340821651,,,http_data_plane,,,,,2012
server,peer_replication_get_delta,completed,1787925341158474,178792343327014805,178792343513167004,16,,1787925341158292,1787925341158297,1787925341158474,,,"delta_len=44,sent_us=1787925341141159",,,,,177
server,peer_replication_get_delta,completed,1787925341206074,178792343327014805,178792343404853505,16,,1787925341205879,1787925341205884,1787925341206074,,,"delta_len=48,sent_us=1787925341126807",,,,,190
server,client_mutation,completed,1787925341321684,178792343327014805,,,,1787925341319588,1787925341319589,1787925341321684,,,http_data_plane,,,,,2095
server,peer_replication_pull_request,sent,1787925341514440,178792343327014805,,,,,,,,,connected_peers=25,,,,,
server,peer_replication_merge_delta,completed,1787925341563143,178792343327014805,,16,,1787925341557076,1787925341563105,1787925341563143,,,"delta_len=52,sent_us=1787925341556547",,,,,38
server,peer_replication_get_delta,completed,1787925341771361,178792343327014805,178792343266886005,16,,1787925341771182,1787925341771187,1787925341771361,,,"delta_len=64,sent_us=1787925341735260",,,,,174
server,client_mutation,completed,1787925341821697,178792343327014805,,,,1787925341819605,1787925341819606,1787925341821697,,,http_data_plane,,,,,2091
server,peer_replication_get_delta,completed,1787925342147065,178792343327014805,178792343266888005,16,,1787925342146878,1787925342146883,1787925342147065,,,"delta_len=18,sent_us=1787925342109876",,,,,182
server,client_mutation,completed,1787925342321827,178792343327014805,,,,1787925342319671,1787925342319671,1787925342321827,,,http_data_plane,,,,,2156
server,peer_replication_pull_request,sent,1787925342514704,178792343327014805,,,,,,,,,connected_peers=25,,,,,
server,peer_replication_merge_delta,completed,1787925342606247,178792343327014805,,16,,1787925342600236,1787925342606212,1787925342606247,,,"delta_len=49,sent_us=1787925342589612",,,,,35
server,client_mutation,completed,1787925342821793,178792343327014805,,,,1787925342819668,1787925342819669,1787925342821793,,,http_data_plane,,,,,2124
server,client_mutation,completed,1787925343321716,178792343327014805,,,,1787925343319653,1787925343319654,1787925343321716,,,http_data_plane,,,,,2062
server,peer_replication_pull_request,sent,1787925343514499,178792343327014805,,,,,,,,,connected_peers=25,,,,,
server,peer_replication_merge_delta,completed,1787925343543936,178792343327014805,,16,,1787925343537617,1787925343543887,1787925343543936,,,"delta_len=48,sent_us=1787925343531595",,,,,49
server,client_mutation,completed,1787925343821730,178792343327014805,,,,1787925343819613,1787925343819615,1787925343821730,,,http_data_plane,,,,,2115
server,membership_directory_read,completed,1787925344248167,178792343327014805,,,,,1787925344186746,1787925344248167,,,poll:295 descriptors,,,,,61421
server,client_mutation,completed,1787925344321746,178792343327014805,,,,1787925344319625,1787925344319625,1787925344321746,,,http_data_plane,,,,,2121
server,peer_replication_pull_request,sent,1787925344514573,178792343327014805,,,,,,,,,connected_peers=25,,,,,
server,peer_replication_merge_delta,completed,1787925344543855,178792343327014805,,16,,1787925344537962,1787925344543817,1787925344543855,,,"delta_len=60,sent_us=1787925344531896",,,,,38
server,client_mutation,completed,1787925344821687,178792343327014805,,,,1787925344819610,1787925344819611,1787925344821687,,,http_data_plane,,,,,2076
server,peer_replication_get_delta,completed,1787925345038672,178792343327014805,178792343513168004,16,,1787925345038491,1787925345038496,1787925345038672,,,"delta_len=51,sent_us=1787925345020439",,,,,176
server,client_mutation,completed,1787925345321595,178792343327014805,,,,1787925345319616,1787925345319616,1787925345321595,,,http_data_plane,,,,,1979
server,peer_replication_pull_request,sent,1787925345514329,178792343327014805,,,,,,,,,connected_peers=25,,,,,
server,peer_replication_merge_delta,completed,1787925345541234,178792343327014805,,16,,1787925345537396,1787925345541215,1787925345541234,,,"delta_len=17,sent_us=1787925345531440",,,,,19
server,peer_replication_get_delta,completed,1787925345775383,178792343327014805,178792343513164004,16,,1787925345775216,1787925345775222,1787925345775383,,,"delta_len=17,sent_us=1787925345757968",,,,,161
server,peer_replication_get_delta,completed,1787925345809998,178792343327014805,178792343266890005,16,,1787925345809753,1787925345809758,1787925345809998,,,"delta_len=48,sent_us=1787925345773605",,,,,240
server,client_mutation,completed,1787925345821796,178792343327014805,,,,1787925345819578,1787925345819578,1787925345821796,,,http_data_plane,,,,,2218
server,client_mutation,completed,1787925346321710,178792343327014805,,,,1787925346319612,1787925346319613,1787925346321710,,,http_data_plane,,,,,2097
server,peer_replication_pull_request,sent,1787925346514526,178792343327014805,,,,,,,,,connected_peers=25,,,,,
server,peer_replication_merge_delta,completed,1787925346644118,178792343327014805,,16,,1787925346635824,1787925346644050,1787925346644118,,,"delta_len=86,sent_us=1787925346599728",,,,,68
server,peer_replication_get_delta,completed,1787925346714301,178792343327014805,178792343597983004,16,,1787925346714129,1787925346714135,1787925346714301,,,"delta_len=60,sent_us=1787925346661754",,,,,166
server,client_mutation,completed,1787925346821740,178792343327014805,,,,1787925346819579,1787925346819580,1787925346821740,,,http_data_plane,,,,,2160
server,client_mutation,completed,1787925347321812,178792343327014805,,,,1787925347319675,1787925347319676,1787925347321812,,,http_data_plane,,,,,2136
server,peer_replication_pull_request,sent,1787925347514610,178792343327014805,,,,,,,,,connected_peers=25,,,,,
server,peer_replication_merge_delta,completed,1787925347582821,178792343327014805,,16,,1787925347578398,1787925347582803,1787925347582821,,,"delta_len=22,sent_us=1787925347574014",,,,,18
server,peer_replication_get_delta,completed,1787925347650893,178792343327014805,178792343327017805,16,,1787925347650686,1787925347650691,1787925347650893,,,"delta_len=54,sent_us=1787925347650315",,,,,202
server,client_mutation,completed,1787925347821696,178792343327014805,,,,1787925347819552,1787925347819552,1787925347821696,,,http_data_plane,,,,,2144
server,client_mutation,completed,1787925348321611,178792343327014805,,,,1787925348319602,1787925348319603,1787925348321611,,,http_data_plane,,,,,2008
server,peer_replication_get_delta,completed,1787925348416675,178792343327014805,178792343404855505,16,,1787925348416510,1787925348416515,1787925348416675,,,"delta_len=10,sent_us=1787925348339961",,,,,160
server,peer_replication_pull_request,sent,1787925348514951,178792343327014805,,,,,,,,,connected_peers=25,,,,,
server,peer_replication_merge_delta,completed,1787925348577278,178792343327014805,,16,,1787925348570736,1787925348577233,1787925348577278,,,"delta_len=69,sent_us=1787925348557032",,,,,45
server,client_mutation,completed,1787925348823240,178792343327014805,,,,1787925348819598,1787925348819599,1787925348823240,,,http_data_plane,,,,,3641
server,membership_directory_read,completed,1787925349246280,178792343327014805,,,,,1787925349186192,1787925349246280,,,poll:297 descriptors,,,,,60088
server,client_mutation,completed,1787925349321232,178792343327014805,,,,1787925349319494,1787925349319495,1787925349321232,,,http_data_plane,,,,,1737
server,peer_replication_pull_request,sent,1787925349784047,178792343327014805,,,,,,,,,connected_peers=23,,,,,
server,peer_replication_get_delta,completed,1787925349820326,178792343327014805,178792343266886005,16,,1787925349820162,1787925349820166,1787925349820326,,,"delta_len=44,sent_us=1787925349734537",,,,,160
server,client_mutation,completed,1787925349822027,178792343327014805,,,,1787925349820028,1787925349820029,1787925349822027,,,http_data_plane,,,,,1998
server,peer_replication_merge_delta,completed,1787925349852725,178792343327014805,,16,,1787925349848238,1787925349852700,1787925349852725,,,"delta_len=32,sent_us=1787925349843814",,,,,25
server,client_mutation,completed,1787925350321904,178792343327014805,,,,1787925350319797,1787925350319797,1787925350321904,,,http_data_plane,,,,,2107
server,peer_replication_get_delta,completed,1787925350416658,178792343327014805,178792343404855505,16,,1787925350416479,1787925350416483,1787925350416658,,,"delta_len=55,sent_us=1787925350340021",,,,,175
server,peer_replication_pull_request,sent,1787925350514029,178792343327014805,,,,,,,,,connected_peers=23,,,,,
server,peer_replication_merge_delta,completed,1787925350535158,178792343327014805,,16,,1787925350530382,1787925350535131,1787925350535158,,,"delta_len=32,sent_us=1787925350526033",,,,,27
server,client_mutation,completed,1787925350821593,178792343327014805,,,,1787925350819498,1787925350819498,1787925350821593,,,http_data_plane,,,,,2095
server,client_mutation,completed,1787925351327990,178792343327014805,,,,1787925351319726,1787925351319727,1787925351327990,,,http_data_plane,,,,,8263
server,peer_replication_pull_request,sent,1787925351514980,178792343327014805,,,,,,,,,connected_peers=23,,,,,
server,client_mutation,completed,1787925351821615,178792343327014805,,,,1787925351819516,1787925351819517,1787925351821615,,,http_data_plane,,,,,2098
server,client_mutation,completed,1787925352322459,178792343327014805,,,,1787925352320348,1787925352320348,1787925352322459,,,http_data_plane,,,,,2111
server,peer_replication_pull_request,sent,1787925352514484,178792343327014805,,,,,,,,,connected_peers=23,,,,,
server,peer_replication_merge_delta,completed,1787925352536355,178792343327014805,,16,,1787925352530833,1787925352536316,1787925352536355,,,"delta_len=43,sent_us=1787925352526453",,,,,39
server,client_mutation,completed,1787925352821146,178792343327014805,,,,1787925352819573,1787925352819574,1787925352821146,,,http_data_plane,,,,,1572
server,peer_replication_get_delta,completed,1787925353314408,178792343327014805,178792343597982004,16,,1787925353314218,1787925353314223,1787925353314408,,,"delta_len=58,sent_us=1787925353243081",,,,,185
server,client_mutation,completed,1787925353321498,178792343327014805,,,,1787925353319771,1787925353319772,1787925353321498,,,http_data_plane,,,,,1726
server,peer_replication_pull_request,sent,1787925353514415,178792343327014805,,,,,,,,,connected_peers=23,,,,,
server,client_mutation,completed,1787925353821504,178792343327014805,,,,1787925353819599,1787925353819600,1787925353821504,,,http_data_plane,,,,,1904
server,membership_directory_read,completed,1787925354251975,178792343327014805,,,,,1787925354186514,1787925354251975,,,poll:301 descriptors,,,,,65461
server,peer_replication_pull_request,sent,1787925354558132,178792343327014805,,,,,,,,,connected_peers=22,,,,,
server,client_mutation,completed,1787925354322515,178792343327014805,,,,1787925354320133,1787925354320133,1787925354322515,,,http_data_plane,,,,,2382
server,peer_replication_merge_delta,completed,1787925354625103,178792343327014805,,16,,1787925354618293,1787925354625063,1787925354625103,,,"delta_len=54,sent_us=1787925354613812",,,,,40
server,peer_replication_get_delta,completed,1787925354740265,178792343327014805,178792343266890005,16,,1787925354740034,1787925354740039,1787925354740265,,,"delta_len=36,sent_us=1787925354654800",,,,,226
server,client_mutation,completed,1787925354820992,178792343327014805,,,,1787925354819797,1787925354819798,1787925354820992,,,http_data_plane,,,,,1194
server,client_mutation,completed,1787925355321512,178792343327014805,,,,1787925355320180,1787925355320181,1787925355321512,,,http_data_plane,,,,,1331
server,peer_replication_pull_request,sent,1787925355514387,178792343327014805,,,,,,,,,connected_peers=22,,,,,
server,gc_observed,start,1787925355599211,178792343327014805,,17,,,,,,,,,,,,
server,gc_membership_descriptor_write,completed,1787925356093048,178792343327014805,,17,,,,,,,"178792343327014805,3.121.180.49:19081,17",,,,,
server,gc_observed,completed,1787925356093075,178792343327014805,,17,,,,,,,,,,,,
server,peer_replication_merge_delta,completed,1787925356097873,178792343327014805,,17,,1787925355599210,1787925356097820,1787925356097873,,,"delta_len=47,sent_us=1787925355588965",,,,,53
server,client_mutation,completed,1787925355890626,178792343327014805,,,,1787925355820199,1787925355820200,1787925355890626,,,http_data_plane,,,,,70426
server,client_mutation,completed,1787925356320823,178792343327014805,,,,1787925356319593,1787925356319593,1787925356320823,,,http_data_plane,,,,,1230
server,peer_replication_get_delta,completed,1787925356405383,178792343327014805,178792343597984004,17,,1787925356405201,1787925356405206,1787925356405383,,,"delta_len=53,sent_us=1787925356393236",,,,,177
server,peer_replication_pull_request,sent,1787925356514773,178792343327014805,,,,,,,,,connected_peers=22,,,,,
server,peer_replication_merge_delta,completed,1787925356617648,178792343327014805,,17,,1787925356612047,1787925356617609,1787925356617648,,,"delta_len=37,sent_us=1787925356599686",,,,,39
server,client_mutation,completed,1787925356821409,178792343327014805,,,,1787925356820146,1787925356820147,1787925356821409,,,http_data_plane,,,,,1262
server,peer_replication_get_delta,completed,1787925356850208,178792343327014805,178792343266890005,17,,1787925356850046,1787925356850051,1787925356850208,,,"delta_len=43,sent_us=1787925356773142",,,,,157
server,client_mutation,completed,1787925357321036,178792343327014805,,,,1787925357319628,1787925357319628,1787925357321036,,,http_data_plane,,,,,1408
server,peer_replication_pull_request,sent,1787925357514723,178792343327014805,,,,,,,,,connected_peers=22,,,,,
server,client_mutation,completed,1787925357820903,178792343327014805,,,,1787925357819597,1787925357819597,1787925357820903,,,http_data_plane,,,,,1306
server,client_mutation,completed,1787925358320852,178792343327014805,,,,1787925358319575,1787925358319575,1787925358320852,,,http_data_plane,,,,,1277
server,peer_replication_get_delta,completed,1787925358436756,178792343327014805,178792343327016805,17,,1787925358436593,1787925358436598,1787925358436756,,,"delta_len=15,sent_us=1787925358388588",,,,,158
server,peer_replication_pull_request,sent,1787925358514038,178792343327014805,,,,,,,,,connected_peers=22,,,,,
server,peer_replication_merge_delta,completed,1787925358546199,178792343327014805,,17,,1787925358538616,1787925358546141,1787925358546199,,,"delta_len=99,sent_us=1787925358526060",,,,,58
server,client_mutation,completed,1787925358820842,178792343327014805,,,,1787925358819612,1787925358819612,1787925358820842,,,http_data_plane,,,,,1230
server,membership_directory_read,completed,1787925359244979,178792343327014805,,,,,1787925359186735,1787925359244979,,,poll:317 descriptors,,,,,58244
server,client_mutation,completed,1787925359320892,178792343327014805,,,,1787925359319629,1787925359319630,1787925359320892,,,http_data_plane,,,,,1262
server,peer_replication_pull_request,sent,1787925359514586,178792343327014805,,,,,,,,,connected_peers=22,,,,,
server,peer_replication_merge_delta,completed,1787925359546543,178792343327014805,,17,,1787925359538769,1787925359546463,1787925359546543,,,"delta_len=99,sent_us=1787925359526530",,,,,80
server,peer_replication_get_delta,completed,1787925359673235,178792343327014805,178792343597983004,17,,1787925359673068,1787925359673073,1787925359673235,,,"delta_len=37,sent_us=1787925359660828",,,,,162
server,client_mutation,completed,1787925359820906,178792343327014805,,,,1787925359819622,1787925359819623,1787925359820906,,,http_data_plane,,,,,1283
server,client_mutation,completed,1787925360320958,178792343327014805,,,,1787925360319638,1787925360319638,1787925360320958,,,http_data_plane,,,,,1320
server,peer_replication_pull_request,sent,1787925360514678,178792343327014805,,,,,,,,,connected_peers=22,,,,,
server,peer_replication_merge_delta,completed,1787925360615591,178792343327014805,,17,,1787925360612215,1787925360615560,1787925360615591,,,"delta_len=23,sent_us=1787925360599839",,,,,31
server,client_mutation,completed,1787925360821030,178792343327014805,,,,1787925360819571,1787925360819572,1787925360821030,,,http_data_plane,,,,,1458
server,client_mutation,completed,1787925361320968,178792343327014805,,,,1787925361319618,1787925361319619,1787925361320968,,,http_data_plane,,,,,1349
server,peer_replication_pull_request,sent,1787925361514591,178792343327014805,,,,,,,,,connected_peers=22,,,,,
server,peer_replication_merge_delta,completed,1787925361561441,178792343327014805,,17,,1787925361557041,1787925361561412,1787925361561441,,,"delta_len=36,sent_us=1787925361556609",,,,,29
server,client_mutation,completed,1787925361821087,178792343327014805,,,,1787925361819691,1787925361819691,1787925361821087,,,http_data_plane,,,,,1396
server,client_mutation,completed,1787925362321073,178792343327014805,,,,1787925362319711,1787925362319711,1787925362321073,,,http_data_plane,,,,,1362
server,peer_replication_get_delta,completed,1787925362436663,178792343327014805,178792343327016805,17,,1787925362436480,1787925362436487,1787925362436663,,,"delta_len=97,sent_us=1787925362388647",,,,,176
server,peer_replication_pull_request,sent,1787925362514005,178792343327014805,,,,,,,,,connected_peers=22,,,,,
server,peer_replication_merge_delta,completed,1787925362603679,178792343327014805,,17,,1787925362599662,1787925362603655,1787925362603679,,,"delta_len=35,sent_us=1787925362589227",,,,,24
server,client_mutation,completed,1787925362820871,178792343327014805,,,,1787925362819585,1787925362819586,1787925362820871,,,http_data_plane,,,,,1285
server,peer_replication_get_delta,completed,1787925362967701,178792343327014805,178792343404852505,17,,1787925362967517,1787925362967523,1787925362967701,,,"delta_len=16,sent_us=1787925362937281",,,,,178
server,client_mutation,completed,1787925363320955,178792343327014805,,,,1787925363319600,1787925363319600,1787925363320955,,,http_data_plane,,,,,1355
server,peer_replication_pull_request,sent,1787925363514698,178792343327014805,,,,,,,,,connected_peers=22,,,,,
server,client_mutation,completed,1787925363821015,178792343327014805,,,,1787925363819590,1787925363819591,1787925363821015,,,http_data_plane,,,,,1424
server,membership_directory_read,completed,1787925364249047,178792343327014805,,,,,1787925364186929,1787925364249047,,,poll:317 descriptors,,,,,62118
server,client_mutation,completed,1787925364320917,178792343327014805,,,,1787925364319642,1787925364319642,1787925364320917,,,http_data_plane,,,,,1275
server,peer_replication_pull_request,sent,1787925364514558,178792343327014805,,,,,,,,,connected_peers=22,,,,,
server,peer_replication_merge_delta,completed,1787925364585420,178792343327014805,,17,,1787925364578354,1787925364585380,1787925364585420,,,"delta_len=39,sent_us=1787925364573977",,,,,40
server,peer_replication_get_delta,completed,1787925364673759,178792343327014805,178792343597983004,17,,1787925364673592,1787925364673597,1787925364673759,,,"delta_len=12,sent_us=1787925364661276",,,,,162
server,client_mutation,completed,1787925364821202,178792343327014805,,,,1787925364819603,1787925364819603,1787925364821202,,,http_data_plane,,,,,1599
server,peer_replication_get_delta,completed,1787925364826238,178792343327014805,178792343266886005,17,,1787925364826026,1787925364826032,1787925364826238,,,"delta_len=79,sent_us=1787925364735512",,,,,206
server,peer_replication_get_delta,completed,1787925364967463,178792343327014805,178792343404852505,17,,1787925364967299,1787925364967303,1787925364967463,,,"delta_len=9,sent_us=1787925364937090",,,,,160
server,peer_replication_get_delta,completed,1787925365257166,178792343327014805,178792343404854505,17,,1787925365256975,1787925365256980,1787925365257166,,,"delta_len=72,sent_us=1787925365227136",,,,,186
server,client_mutation,completed,1787925365321493,178792343327014805,,,,1787925365319594,1787925365319594,1787925365321493,,,http_data_plane,,,,,1899
server,peer_replication_get_delta,completed,1787925365429649,178792343327014805,178792343266889005,17,,1787925365429474,1787925365429479,1787925365429649,,,"delta_len=10,sent_us=1787925365393521",,,,,170
server,peer_replication_pull_request,sent,1787925365514964,178792343327014805,,,,,,,,,connected_peers=22,,,,,
server,peer_replication_merge_delta,completed,1787925365567630,178792343327014805,,17,,1787925365563365,1787925365567607,1787925365567630,,,"delta_len=29,sent_us=1787925365550952",,,,,23
server,client_mutation,completed,1787925365821577,178792343327014805,,,,1787925365819610,1787925365819611,1787925365821577,,,http_data_plane,,,,,1966
server,peer_replication_get_delta,completed,1787925366256976,178792343327014805,178792343404854505,17,,1787925366256809,1787925366256814,1787925366256976,,,"delta_len=25,sent_us=1787925366227159",,,,,162
server,client_mutation,completed,1787925366321715,178792343327014805,,,,1787925366319628,1787925366319628,1787925366321715,,,http_data_plane,,,,,2087
server,peer_replication_get_delta,completed,1787925366428984,178792343327014805,178792343266889005,17,,1787925366428789,1787925366428794,1787925366428984,,,"delta_len=25,sent_us=1787925366392758",,,,,190
server,peer_replication_pull_request,sent,1787925366514319,178792343327014805,,,,,,,,,connected_peers=22,,,,,
server,peer_replication_merge_delta,completed,1787925366583819,178792343327014805,,17,,1787925366576074,1787925366583764,1787925366583819,,,"delta_len=80,sent_us=1787925366545055",,,,,55
server,client_mutation,completed,1787925366821798,178792343327014805,,,,1787925366819609,1787925366819609,1787925366821798,,,http_data_plane,,,,,2189
server,client_mutation,completed,1787925367321711,178792343327014805,,,,1787925367319684,1787925367319684,1787925367321711,,,http_data_plane,,,,,2027
server,peer_replication_pull_request,sent,1787925367514465,178792343327014805,,,,,,,,,connected_peers=22,,,,,
server,client_mutation,completed,1787925367821733,178792343327014805,,,,1787925367819600,1787925367819601,1787925367821733,,,http_data_plane,,,,,2132
server,client_mutation,completed,1787925368321603,178792343327014805,,,,1787925368319608,1787925368319608,1787925368321603,,,http_data_plane,,,,,1995
server,peer_replication_pull_request,sent,1787925368514385,178792343327014805,,,,,,,,,connected_peers=22,,,,,
server,client_mutation,completed,1787925368821743,178792343327014805,,,,1787925368819599,1787925368819600,1787925368821743,,,http_data_plane,,,,,2143
server,membership_directory_read,completed,1787925369253246,178792343327014805,,,,,1787925369186676,1787925369253246,,,poll:317 descriptors,,,,,66570
server,client_mutation,completed,1787925369321801,178792343327014805,,,,1787925369319649,1787925369319650,1787925369321801,,,http_data_plane,,,,,2151
server,peer_replication_pull_request,sent,1787925369514680,178792343327014805,,,,,,,,,connected_peers=22,,,,,
server,peer_replication_merge_delta,completed,1787925369564976,178792343327014805,,17,,1787925369557181,1787925369564919,1787925369564976,,,"delta_len=85,sent_us=1787925369556629",,,,,57
server,client_mutation,completed,1787925369821646,178792343327014805,,,,1787925369819609,1787925369819609,1787925369821646,,,http_data_plane,,,,,2037
server,client_mutation,completed,1787925370321870,178792343327014805,,,,1787925370319750,1787925370319751,1787925370321870,,,http_data_plane,,,,,2119
server,peer_replication_pull_request,sent,1787925370514743,178792343327014805,,,,,,,,,connected_peers=22,,,,,
server,peer_replication_merge_delta,completed,1787925370582234,178792343327014805,,17,,1787925370574201,1787925370582179,1787925370582234,,,"delta_len=87,sent_us=1787925370544447",,,,,55
server,client_mutation,completed,1787925370821725,178792343327014805,,,,1787925370819600,1787925370819601,1787925370821725,,,http_data_plane,,,,,2124
server,client_mutation,completed,1787925371321956,178792343327014805,,,,1787925371319647,1787925371319647,1787925371321956,,,http_data_plane,,,,,2309
server,client_mutation,completed,1787925371821723,178792343327014805,,,,1787925371819651,1787925371819652,1787925371821723,,,http_data_plane,,,,,2071
server,client_mutation,completed,1787925372321730,178792343327014805,,,,1787925372319694,1787925372319695,1787925372321730,,,http_data_plane,,,,,2035
server,peer_replication_pull_request,sent,1787925372514509,178792343327014805,,,,,,,,,connected_peers=21,,,,,
server,peer_replication_merge_delta,completed,1787925372520373,178792343327014805,,17,,1787925372515449,1787925372520347,1787925372520373,,,"delta_len=38,sent_us=1787925372515037",,,,,26
server,client_mutation,completed,1787925372821779,178792343327014805,,,,1787925372819589,1787925372819590,1787925372821779,,,http_data_plane,,,,,2189
server,peer_replication_get_delta,completed,1787925373145233,178792343327014805,178792343266888005,17,,1787925373145060,1787925373145063,1787925373145233,,,"delta_len=47,sent_us=1787925373108921",,,,,170
server,client_mutation,completed,1787925373321680,178792343327014805,,,,1787925373319590,1787925373319590,1787925373321680,,,http_data_plane,,,,,2090
server,client_mutation,completed,1787925373821715,178792343327014805,,,,1787925373819599,1787925373819600,1787925373821715,,,http_data_plane,,,,,2115
server,peer_replication_get_delta,completed,1787925374146184,178792343327014805,178792343266888005,17,,1787925374145993,1787925374145997,1787925374146184,,,"delta_len=2,sent_us=1787925374109614",,,,,187
server,membership_directory_read,completed,1787925374243087,178792343327014805,,,,,1787925374186394,1787925374243087,,,poll:317 descriptors,,,,,56693
server,client_mutation,completed,1787925374321727,178792343327014805,,,,1787925374319625,1787925374319625,1787925374321727,,,http_data_plane,,,,,2102
server,peer_replication_pull_request,sent,1787925374514486,178792343327014805,,,,,,,,,connected_peers=20,,,,,
server,peer_replication_merge_delta,completed,1787925374526125,178792343327014805,,17,,1787925374515742,1787925374526023,1787925374526125,,,"delta_len=119,sent_us=1787925374515156",,,,,102
server,client_mutation,completed,1787925374821612,178792343327014805,,,,1787925374819590,1787925374819590,1787925374821612,,,http_data_plane,,,,,2022
server,client_mutation,completed,1787925375321955,178792343327014805,,,,1787925375319782,1787925375319782,1787925375321955,,,http_data_plane,,,,,2173
server,peer_replication_pull_request,sent,1787925375514712,178792343327014805,,,,,,,,,connected_peers=20,,,,,
server,peer_replication_merge_delta,completed,1787925375520898,178792343327014805,,17,,1787925375516021,1787925375520868,1787925375520898,,,"delta_len=31,sent_us=1787925375515409",,,,,30
server,client_mutation,completed,1787925375821746,178792343327014805,,,,1787925375819624,1787925375819625,1787925375821746,,,http_data_plane,,,,,2121
server,client_mutation,completed,1787925376321668,178792343327014805,,,,1787925376319644,1787925376319644,1787925376321668,,,http_data_plane,,,,,2024
server,peer_replication_get_delta,completed,1787925376406168,178792343327014805,178792343597984004,17,,1787925376405963,1787925376405969,1787925376406168,,,"delta_len=50,sent_us=1787925376393600",,,,,199
server,peer_replication_pull_request,sent,1787925376514523,178792343327014805,,,,,,,,,connected_peers=20,,,,,
server,peer_replication_merge_delta,completed,1787925376559600,178792343327014805,,17,,1787925376554911,1787925376559577,1787925376559600,,,"delta_len=27,sent_us=1787925376544464",,,,,23
server,peer_replication_get_delta,completed,1787925376820118,178792343327014805,178792343266886005,17,,1787925376819948,1787925376819952,1787925376820118,,,"delta_len=56,sent_us=1787925376734566",,,,,166
server,client_mutation,completed,1787925376821661,178792343327014805,,,,1787925376819629,1787925376819630,1787925376821661,,,http_data_plane,,,,,2031
server,client_mutation,completed,1787925377321787,178792343327014805,,,,1787925377319595,1787925377319596,1787925377321787,,,http_data_plane,,,,,2191
server,peer_replication_get_delta,completed,1787925377490088,178792343327014805,178792343327015805,17,,1787925377489911,1787925377489916,1787925377490088,,,"delta_len=20,sent_us=1787925377489455",,,,,172
server,peer_replication_pull_request,sent,1787925377514287,178792343327014805,,,,,,,,,connected_peers=20,,,,,
server,peer_replication_merge_delta,completed,1787925377559575,178792343327014805,,17,,1787925377554211,1787925377559542,1787925377559575,,,"delta_len=45,sent_us=1787925377544030",,,,,33
server,client_mutation,completed,1787925377821749,178792343327014805,,,,1787925377819592,1787925377819592,1787925377821749,,,http_data_plane,,,,,2157
server,client_mutation,completed,1787925378321536,178792343327014805,,,,1787925378319615,1787925378319615,1787925378321536,,,http_data_plane,,,,,1921
server,peer_replication_pull_request,sent,1787925378514307,178792343327014805,,,,,,,,,connected_peers=20,,,,,
server,peer_replication_merge_delta,completed,1787925378561394,178792343327014805,,17,,1787925378557204,1787925378561347,1787925378561394,,,"delta_len=24,sent_us=1787925378556653",,,,,47
server,client_mutation,completed,1787925378821552,178792343327014805,,,,1787925378819592,1787925378819593,1787925378821552,,,http_data_plane,,,,,1959
server,membership_directory_read,completed,1787925379244235,178792343327014805,,,,,1787925379186543,1787925379244235,,,poll:317 descriptors,,,,,57692
server,client_mutation,completed,1787925379321744,178792343327014805,,,,1787925379319587,1787925379319587,1787925379321744,,,http_data_plane,,,,,2157
server,peer_replication_pull_request,sent,1787925379514493,178792343327014805,,,,,,,,,connected_peers=20,,,,,
server,peer_replication_merge_delta,completed,1787925379591263,178792343327014805,,17,,1787925379586338,1787925379591237,1787925379591263,,,"delta_len=35,sent_us=1787925379574006",,,,,26
server,client_mutation,completed,1787925379821658,178792343327014805,,,,1787925379819609,1787925379819609,1787925379821658,,,http_data_plane,,,,,2049
server,client_mutation,completed,1787925380321672,178792343327014805,,,,1787925380319670,1787925380319671,1787925380321672,,,http_data_plane,,,,,2001
server,peer_replication_pull_request,sent,1787925380514399,178792343327014805,,,,,,,,,connected_peers=20,,,,,
server,peer_replication_merge_delta,completed,1787925380618817,178792343327014805,,17,,1787925380612299,1787925380618755,1787925380618817,,,"delta_len=63,sent_us=1787925380599845",,,,,62
server,client_mutation,completed,1787925380821788,178792343327014805,,,,1787925380819629,1787925380819630,1787925380821788,,,http_data_plane,,,,,2158
server,client_mutation,completed,1787925381321742,178792343327014805,,,,1787925381319611,1787925381319612,1787925381321742,,,http_data_plane,,,,,2130
server,peer_replication_pull_request,sent,1787925381514506,178792343327014805,,,,,,,,,connected_peers=20,,,,,
server,peer_replication_merge_delta,completed,1787925381616878,178792343327014805,,17,,1787925381612326,1787925381616852,1787925381616878,,,"delta_len=27,sent_us=1787925381599904",,,,,26
server,client_mutation,completed,1787925381821582,178792343327014805,,,,1787925381819546,1787925381819547,1787925381821582,,,http_data_plane,,,,,2035
server,peer_replication_get_delta,completed,1787925381967589,178792343327014805,178792343404852505,17,,1787925381967403,1787925381967407,1787925381967589,,,"delta_len=72,sent_us=1787925381937166",,,,,182
server,peer_replication_get_delta,completed,1787925382145411,178792343327014805,178792343266888005,17,,1787925382145244,1787925382145249,1787925382145411,,,"delta_len=17,sent_us=1787925382109071",,,,,162
server,client_mutation,completed,1787925382321654,178792343327014805,,,,1787925382319525,1787925382319527,1787925382321654,,,http_data_plane,,,,,2127
server,peer_replication_pull_request,sent,1787925382514405,178792343327014805,,,,,,,,,connected_peers=20,,,,,
server,peer_replication_merge_delta,completed,1787925382561046,178792343327014805,,17,,1787925382556976,1787925382561021,1787925382561046,,,"delta_len=24,sent_us=1787925382556564",,,,,25
server,client_mutation,completed,1787925382821565,178792343327014805,,,,1787925382819523,1787925382819524,1787925382821565,,,http_data_plane,,,,,2041
server,peer_replication_get_delta,completed,1787925382850286,178792343327014805,178792343266890005,17,,1787925382850112,1787925382850116,1787925382850286,,,"delta_len=42,sent_us=1787925382773159",,,,,170
server,peer_replication_get_delta,completed,1787925383206119,178792343327014805,178792343404853505,17,,1787925383205913,1787925383205919,1787925383206119,,,"delta_len=80,sent_us=1787925383126565",,,,,200
server,client_mutation,completed,1787925383321619,178792343327014805,,,,1787925383319593,1787925383319594,1787925383321619,,,http_data_plane,,,,,2025
server,peer_replication_pull_request,sent,1787925383514375,178792343327014805,,,,,,,,,connected_peers=20,,,,,
server,peer_replication_merge_delta,completed,1787925383558495,178792343327014805,,17,,1787925383554235,1787925383558472,1787925383558495,,,"delta_len=29,sent_us=1787925383544066",,,,,23
server,client_mutation,completed,1787925383821724,178792343327014805,,,,1787925383819611,1787925383819612,1787925383821724,,,http_data_plane,,,,,2112
server,membership_directory_read,completed,1787925384259853,178792343327014805,,,,,1787925384186688,1787925384259853,,,poll:317 descriptors,,,,,73165
server,client_mutation,completed,1787925384321744,178792343327014805,,,,1787925384319611,1787925384319611,1787925384321744,,,http_data_plane,,,,,2133
server,peer_replication_pull_request,sent,1787925384514510,178792343327014805,,,,,,,,,connected_peers=20,,,,,
server,peer_replication_merge_delta,completed,1787925384558855,178792343327014805,,17,,1787925384554431,1787925384558828,1787925384558855,,,"delta_len=26,sent_us=1787925384544282",,,,,27
server,client_mutation,completed,1787925384821726,178792343327014805,,,,1787925384819599,1787925384819599,1787925384821726,,,http_data_plane,,,,,2127
server,client_mutation,completed,1787925385321777,178792343327014805,,,,1787925385319647,1787925385319647,1787925385321777,,,http_data_plane,,,,,2130
server,peer_replication_pull_request,sent,1787925385514506,178792343327014805,,,,,,,,,connected_peers=20,,,,,
server,peer_replication_merge_delta,completed,1787925385643433,178792343327014805,,17,,1787925385635859,1787925385643386,1787925385643433,,,"delta_len=83,sent_us=1787925385599700",,,,,47
server,client_mutation,completed,1787925385821625,178792343327014805,,,,1787925385819587,1787925385819588,1787925385821625,,,http_data_plane,,,,,2037
server,client_mutation,completed,1787925386321657,178792343327014805,,,,1787925386319675,1787925386319676,1787925386321657,,,http_data_plane,,,,,1981
server,peer_replication_pull_request,sent,1787925386514500,178792343327014805,,,,,,,,,connected_peers=20,,,,,
server,peer_replication_merge_delta,completed,1787925386561667,178792343327014805,,17,,1787925386557005,1787925386561639,1787925386561667,,,"delta_len=35,sent_us=1787925386556598",,,,,28
server,client_mutation,completed,1787925386821677,178792343327014805,,,,1787925386819652,1787925386819652,1787925386821677,,,http_data_plane,,,,,2025
server,peer_replication_get_delta,completed,1787925387206047,178792343327014805,178792343404853505,17,,1787925387205815,1787925387205819,1787925387206047,,,"delta_len=52,sent_us=1787925387127281",,,,,228
server,client_mutation,completed,1787925387321731,178792343327014805,,,,1787925387319596,1787925387319596,1787925387321731,,,http_data_plane,,,,,2135
server,peer_replication_pull_request,sent,1787925387514580,178792343327014805,,,,,,,,,connected_peers=20,,,,,
server,peer_replication_merge_delta,completed,1787925387519855,178792343327014805,,17,,1787925387515572,1787925387519834,1787925387519855,,,"delta_len=27,sent_us=1787925387515162",,,,,21
server,client_mutation,completed,1787925387821659,178792343327014805,,,,1787925387819604,1787925387819605,1787925387821659,,,http_data_plane,,,,,2054
server,client_mutation,completed,1787925388321740,178792343327014805,,,,1787925388319616,1787925388319617,1787925388321740,,,http_data_plane,,,,,2123
server,client_mutation,completed,1787925388821765,178792343327014805,,,,1787925388819606,1787925388819607,1787925388821765,,,http_data_plane,,,,,2158
server,membership_directory_read,completed,1787925389252004,178792343327014805,,,,,1787925389186743,1787925389252004,,,poll:317 descriptors,,,,,65261
server,client_mutation,completed,1787925389321680,178792343327014805,,,,1787925389319625,1787925389319626,1787925389321680,,,http_data_plane,,,,,2054
server,peer_replication_pull_request,sent,1787925389514474,178792343327014805,,,,,,,,,connected_peers=19,,,,,
server,peer_replication_merge_delta,completed,1787925389606080,178792343327014805,,17,,1787925389599664,1787925389606030,1787925389606080,,,"delta_len=61,sent_us=1787925389589237",,,,,50
server,client_mutation,completed,1787925389821634,178792343327014805,,,,1787925389819587,1787925389819588,1787925389821634,,,http_data_plane,,,,,2046
server,peer_replication_get_delta,completed,1787925390114252,178792343327014805,178792343597985004,17,,1787925390114091,1787925390114095,1787925390114252,,,"delta_len=8,sent_us=1787925390101586",,,,,157
server,peer_replication_get_delta,completed,1787925390206105,178792343327014805,178792343404853505,17,,1787925390205911,1787925390205917,1787925390206105,,,"delta_len=44,sent_us=1787925390126665",,,,,188
server,client_mutation,completed,1787925390321759,178792343327014805,,,,1787925390319617,1787925390319617,1787925390321759,,,http_data_plane,,,,,2142
server,peer_replication_get_delta,completed,1787925390489922,178792343327014805,178792343327015805,17,,1787925390489688,1787925390489693,1787925390489922,,,"delta_len=14,sent_us=1787925390489323",,,,,229
server,peer_replication_pull_request,sent,1787925390514114,178792343327014805,,,,,,,,,connected_peers=19,,,,,
server,peer_replication_merge_delta,completed,1787925390567061,178792343327014805,,17,,1787925390562382,1787925390567024,1787925390567061,,,"delta_len=32,sent_us=1787925390550067",,,,,37
server,client_mutation,completed,1787925390821653,178792343327014805,,,,1787925390819589,1787925390819590,1787925390821653,,,http_data_plane,,,,,2063
server,client_mutation,completed,1787925391322068,178792343327014805,,,,1787925391319626,1787925391319627,1787925391322068,,,http_data_plane,,,,,2441
server,peer_replication_get_delta,completed,1787925391375124,178792343327014805,178792343404855505,17,,1787925391374947,1787925391374952,1787925391375124,,,"delta_len=91,sent_us=1787925391340328",,,,,172
server,peer_replication_get_delta,completed,1787925391577442,178792343327014805,178792343327013805,17,,1787925391577263,1787925391577267,1787925391577442,,,"delta_len=22,sent_us=1787925391576840",,,,,175
server,client_mutation,completed,1787925391821756,178792343327014805,,,,1787925391819578,1787925391819578,1787925391821756,,,http_data_plane,,,,,2178
server,client_mutation,completed,1787925392321742,178792343327014805,,,,1787925392319614,1787925392319614,1787925392321742,,,http_data_plane,,,,,2128
server,peer_replication_pull_request,sent,1787925392514539,178792343327014805,,,,,,,,,connected_peers=18,,,,,
server,peer_replication_merge_delta,completed,1787925392583969,178792343327014805,,17,,1787925392578588,1787925392583942,1787925392583969,,,"delta_len=43,sent_us=1787925392574110",,,,,27
server,client_mutation,completed,1787925392821724,178792343327014805,,,,1787925392819607,1787925392819607,1787925392821724,,,http_data_plane,,,,,2117
server,peer_replication_get_delta,completed,1787925392850297,178792343327014805,178792343266890005,17,,1787925392850116,1787925392850121,1787925392850297,,,"delta_len=41,sent_us=1787925392773221",,,,,176
server,client_mutation,completed,1787925393321662,178792343327014805,,,,1787925393319608,1787925393319608,1787925393321662,,,http_data_plane,,,,,2054
server,peer_replication_pull_request,sent,1787925393514407,178792343327014805,,,,,,,,,connected_peers=18,,,,,
server,peer_replication_merge_delta,completed,1787925393627869,178792343327014805,,17,,1787925393619366,1787925393627813,1787925393627869,,,"delta_len=90,sent_us=1787925393589222",,,,,56
server,peer_replication_get_delta,completed,1787925393673815,178792343327014805,178792343597983004,17,,1787925393673619,1787925393673624,1787925393673815,,,"delta_len=43,sent_us=1787925393661329",,,,,191
server,client_mutation,completed,1787925393822133,178792343327014805,,,,1787925393819591,1787925393819592,1787925393822133,,,http_data_plane,,,,,2541
server,membership_directory_read,completed,1787925394250735,178792343327014805,,,,,1787925394186299,1787925394250735,,,poll:317 descriptors,,,,,64436
server,client_mutation,completed,1787925394321678,178792343327014805,,,,1787925394319587,1787925394319587,1787925394321678,,,http_data_plane,,,,,2091
server,peer_replication_get_delta,completed,1787925394405676,178792343327014805,178792343597984004,17,,1787925394405460,1787925394405466,1787925394405676,,,"delta_len=38,sent_us=1787925394393495",,,,,210
server,peer_replication_get_delta,completed,1787925394470120,178792343327014805,178792343266889005,17,,1787925394469946,1787925394469951,1787925394470120,,,"delta_len=45,sent_us=1787925394392698",,,,,169
server,peer_replication_pull_request,sent,1787925394514406,178792343327014805,,,,,,,,,connected_peers=18,,,,,
server,peer_replication_merge_delta,completed,1787925394535528,178792343327014805,,17,,1787925394530967,1787925394535505,1787925394535528,,,"delta_len=30,sent_us=1787925394526493",,,,,23
server,client_mutation,completed,1787925394821737,178792343327014805,,,,1787925394819589,1787925394819591,1787925394821737,,,http_data_plane,,,,,2146
server,client_mutation,completed,1787925395321670,178792343327014805,,,,1787925395319633,1787925395319633,1787925395321670,,,http_data_plane,,,,,2037
server,peer_replication_pull_request,sent,1787925395514458,178792343327014805,,,,,,,,,connected_peers=18,,,,,
server,peer_replication_merge_delta,completed,1787925395605880,178792343327014805,,17,,1787925395600159,1787925395605818,1787925395605880,,,"delta_len=53,sent_us=1787925395589589",,,,,62
server,peer_replication_get_delta,completed,1787925395651350,178792343327014805,178792343327017805,17,,1787925395651126,1787925395651131,1787925395651350,,,"delta_len=88,sent_us=1787925395650729",,,,,219
server,client_mutation,completed,1787925395821656,178792343327014805,,,,1787925395819577,1787925395819578,1787925395821656,,,http_data_plane,,,,,2078
server,peer_replication_get_delta,completed,1787925395967607,178792343327014805,178792343404852505,17,,1787925395967429,1787925395967435,1787925395967607,,,"delta_len=57,sent_us=1787925395937162",,,,,172
server,client_mutation,completed,1787925396321709,178792343327014805,,,,1787925396319617,1787925396319618,1787925396321709,,,http_data_plane,,,,,2091
server,peer_replication_pull_request,sent,1787925396514512,178792343327014805,,,,,,,,,connected_peers=18,,,,,
server,peer_replication_merge_delta,completed,1787925396616112,178792343327014805,,17,,1787925396612119,1787925396616073,1787925396616112,,,"delta_len=20,sent_us=1787925396599800",,,,,39
server,peer_replication_get_delta,completed,1787925396626606,178792343327014805,178792343327013805,17,,1787925396626428,1787925396626432,1787925396626606,,,"delta_len=77,sent_us=1787925396576670",,,,,174
server,client_mutation,completed,1787925396821745,178792343327014805,,,,1787925396819619,1787925396819619,1787925396821745,,,http_data_plane,,,,,2126
server,client_mutation,completed,1787925397321783,178792343327014805,,,,1787925397319635,1787925397319636,1787925397321783,,,http_data_plane,,,,,2147
server,peer_replication_get_delta,completed,1787925397429672,178792343327014805,178792343266889005,17,,1787925397429503,1787925397429509,1787925397429672,,,"delta_len=20,sent_us=1787925397393532",,,,,163
server,peer_replication_get_delta,completed,1787925397436648,178792343327014805,178792343327016805,17,,1787925397436471,1787925397436477,1787925397436648,,,"delta_len=50,sent_us=1787925397388885",,,,,171
server,peer_replication_pull_request,sent,1787925397514943,178792343327014805,,,,,,,,,connected_peers=18,,,,,
server,peer_replication_merge_delta,completed,1787925397537226,178792343327014805,,17,,1787925397531564,1787925397537191,1787925397537226,,,"delta_len=51,sent_us=1787925397527051",,,,,35
server,client_mutation,completed,1787925397821644,178792343327014805,,,,1787925397819582,1787925397819583,1787925397821644,,,http_data_plane,,,,,2061
server,peer_replication_get_delta,completed,1787925397860258,178792343327014805,178792343266890005,17,,1787925397860091,1787925397860095,1787925397860258,,,"delta_len=11,sent_us=1787925397773366",,,,,163
server,peer_replication_get_delta,completed,1787925398025056,178792343327014805,178792343404851505,17,,1787925398024878,1787925398024884,1787925398025056,,,"delta_len=29,sent_us=1787925397994911",,,,,172
server,peer_replication_get_delta,completed,1787925398206078,178792343327014805,178792343404853505,17,,1787925398205911,1787925398205916,1787925398206078,,,"delta_len=31,sent_us=1787925398127274",,,,,162
server,peer_replication_get_delta,completed,1787925398306050,178792343327014805,178792343404854505,17,,1787925398305880,1787925398305886,1787925398306050,,,"delta_len=18,sent_us=1787925398227293",,,,,164
server,client_mutation,completed,1787925398321560,178792343327014805,,,,1787925398319585,1787925398319586,1787925398321560,,,http_data_plane,,,,,1974
server,peer_replication_pull_request,sent,1787925398514348,178792343327014805,,,,,,,,,connected_peers=18,,,,,
server,peer_replication_merge_delta,completed,1787925398536199,178792343327014805,,17,,1787925398530554,1787925398536167,1787925398536199,,,"delta_len=48,sent_us=1787925398526254",,,,,32
server,peer_replication_get_delta,completed,1787925398580178,178792343327014805,178792343266887005,17,,1787925398580002,1787925398580006,1787925398580178,,,"delta_len=64,sent_us=1787925398503950",,,,,172
server,client_mutation,completed,1787925398821689,178792343327014805,,,,1787925398819612,1787925398819612,1787925398821689,,,http_data_plane,,,,,2077
server,peer_replication_get_delta,completed,1787925398967350,178792343327014805,178792343404852505,17,,1787925398967171,1787925398967176,1787925398967350,,,"delta_len=68,sent_us=1787925398936943",,,,,174
server,membership_directory_read,completed,1787925399239427,178792343327014805,,,,,1787925399186768,1787925399239427,,,poll:317 descriptors,,,,,52659
server,client_mutation,completed,1787925399321630,178792343327014805,,,,1787925399319607,1787925399319607,1787925399321630,,,http_data_plane,,,,,2023
server,peer_replication_pull_request,sent,1787925399514365,178792343327014805,,,,,,,,,connected_peers=18,,,,,
server,peer_replication_merge_delta,completed,1787925399584677,178792343327014805,,17,,1787925399578596,1787925399584651,1787925399584677,,,"delta_len=33,sent_us=1787925399574070",,,,,26
server,client_mutation,completed,1787925399821645,178792343327014805,,,,1787925399819571,1787925399819572,1787925399821645,,,http_data_plane,,,,,2073
server,client_mutation,completed,1787925400321696,178792343327014805,,,,1787925400319586,1787925400319586,1787925400321696,,,http_data_plane,,,,,2110
server,peer_replication_pull_request,sent,1787925400514493,178792343327014805,,,,,,,,,connected_peers=18,,,,,
server,peer_replication_merge_delta,completed,1787925400610389,178792343327014805,,17,,1787925400606463,1787925400610373,1787925400610389,,,"delta_len=17,sent_us=1787925400556539",,,,,16
server,peer_replication_get_delta,completed,1787925400650853,178792343327014805,178792343327017805,17,,1787925400650672,1787925400650677,1787925400650853,,,"delta_len=24,sent_us=1787925400650280",,,,,176
server,client_mutation,completed,1787925400821697,178792343327014805,,,,1787925400819604,1787925400819604,1787925400821697,,,http_data_plane,,,,,2093
server,client_mutation,completed,1787925401321608,178792343327014805,,,,1787925401319592,1787925401319592,1787925401321608,,,http_data_plane,,,,,2016
server,peer_replication_get_delta,completed,1787925401371148,178792343327014805,178792343404855505,17,,1787925401370970,1787925401370975,1787925401371148,,,"delta_len=17,sent_us=1787925401340184",,,,,173
server,peer_replication_pull_request,sent,1787925401514490,178792343327014805,,,,,,,,,connected_peers=18,,,,,
server,peer_replication_merge_delta,completed,1787925401537025,178792343327014805,,17,,1787925401530813,1787925401536983,1787925401537025,,,"delta_len=61,sent_us=1787925401526458",,,,,42
server,peer_replication_get_delta,completed,1787925401696612,178792343327014805,178792343327017805,17,,1787925401696436,1787925401696440,1787925401696612,,,"delta_len=62,sent_us=1787925401650416",,,,,172
server,client_mutation,completed,1787925401821748,178792343327014805,,,,1787925401819605,1787925401819606,1787925401821748,,,http_data_plane,,,,,2142
server,peer_replication_get_delta,completed,1787925402148483,178792343327014805,178792343266888005,17,,1787925402148307,1787925402148311,1787925402148483,,,"delta_len=26,sent_us=1787925402109023",,,,,172
server,client_mutation,completed,1787925402321717,178792343327014805,,,,1787925402319626,1787925402319627,1787925402321717,,,http_data_plane,,,,,2090
server,peer_replication_pull_request,sent,1787925402514524,178792343327014805,,,,,,,,,connected_peers=18,,,,,
server,peer_replication_merge_delta,completed,1787925402520884,178792343327014805,,17,,1787925402515664,1787925402520856,1787925402520884,,,"delta_len=39,sent_us=1787925402515131",,,,,28
server,client_mutation,completed,1787925402821762,178792343327014805,,,,1787925402819600,1787925402819600,1787925402821762,,,http_data_plane,,,,,2162
server,client_mutation,completed,1787925403321725,178792343327014805,,,,1787925403319643,1787925403319643,1787925403321725,,,http_data_plane,,,,,2082
server,peer_replication_pull_request,sent,1787925403514505,178792343327014805,,,,,,,,,connected_peers=18,,,,,
server,peer_replication_merge_delta,completed,1787925403560567,178792343327014805,,17,,1787925403555784,1787925403560530,1787925403560567,,,"delta_len=38,sent_us=1787925403545204",,,,,37
server,peer_replication_get_delta,completed,1787925403673910,178792343327014805,178792343597983004,17,,1787925403673696,1787925403673701,1787925403673910,,,"delta_len=49,sent_us=1787925403661381",,,,,209
server,client_mutation,completed,1787925403823205,178792343327014805,,,,1787925403819590,1787925403819590,1787925403823205,,,http_data_plane,,,,,3615
server,membership_directory_read,completed,1787925404239998,178792343327014805,,,,,1787925404186148,1787925404239998,,,poll:317 descriptors,,,,,53850
server,client_mutation,completed,1787925404321644,178792343327014805,,,,1787925404319623,1787925404319623,1787925404321644,,,http_data_plane,,,,,2021
server,peer_replication_pull_request,sent,1787925404514382,178792343327014805,,,,,,,,,connected_peers=18,,,,,
server,peer_replication_merge_delta,completed,1787925404568147,178792343327014805,,17,,1787925404562974,1787925404568121,1787925404568147,,,"delta_len=38,sent_us=1787925404550415",,,,,26
server,peer_replication_get_delta,completed,1787925404696555,178792343327014805,178792343327017805,17,,1787925404696383,1787925404696387,1787925404696555,,,"delta_len=63,sent_us=1787925404650308",,,,,168
server,peer_replication_get_delta,completed,1787925404820057,178792343327014805,178792343266886005,17,,1787925404819887,1787925404819889,1787925404820057,,,"delta_len=60,sent_us=1787925404735245",,,,,168
server,client_mutation,completed,1787925404821585,178792343327014805,,,,1787925404819615,1787925404819616,1787925404821585,,,http_data_plane,,,,,1969
server,client_mutation,completed,1787925405321670,178792343327014805,,,,1787925405319600,1787925405319600,1787925405321670,,,http_data_plane,,,,,2070
server,peer_replication_pull_request,sent,1787925405514451,178792343327014805,,,,,,,,,connected_peers=18,,,,,
server,peer_replication_merge_delta,completed,1787925405593582,178792343327014805,,17,,1787925405588454,1787925405593553,1787925405593582,,,"delta_len=38,sent_us=1787925405583953",,,,,29
server,peer_replication_get_delta,completed,1787925405626594,178792343327014805,178792343327013805,17,,1787925405626420,1787925405626425,1787925405626594,,,"delta_len=64,sent_us=1787925405577243",,,,,169
server,client_mutation,completed,1787925405821672,178792343327014805,,,,1787925405819555,1787925405819555,1787925405821672,,,http_data_plane,,,,,2117
server,peer_replication_get_delta,completed,1787925406145566,178792343327014805,178792343266888005,17,,1787925406145365,1787925406145370,1787925406145566,,,"delta_len=106,sent_us=1787925406109233",,,,,196
server,client_mutation,completed,1787925406321715,178792343327014805,,,,1787925406319615,1787925406319616,1787925406321715,,,http_data_plane,,,,,2099
server,peer_replication_pull_request,sent,1787925406514446,178792343327014805,,,,,,,,,connected_peers=18,,,,,
server,peer_replication_merge_delta,completed,1787925406542882,178792343327014805,,17,,1787925406539064,1787925406542865,1787925406542882,,,"delta_len=15,sent_us=1787925406526645",,,,,17
server,client_mutation,completed,1787925406821890,178792343327014805,,,,1787925406819590,1787925406819590,1787925406821890,,,http_data_plane,,,,,2300
server,client_mutation,completed,1787925407321967,178792343327014805,,,,1787925407319618,1787925407319618,1787925407321967,,,http_data_plane,,,,,2349
server,peer_replication_pull_request,sent,1787925407514722,178792343327014805,,,,,,,,,connected_peers=18,,,,,
server,peer_replication_merge_delta,completed,1787925407537910,178792343327014805,,17,,1787925407531390,1787925407537805,1787925407537910,,,"delta_len=57,sent_us=1787925407526846",,,,,105
server,client_mutation,completed,1787925407821691,178792343327014805,,,,1787925407819634,1787925407819635,1787925407821691,,,http_data_plane,,,,,2056
server,peer_replication_get_delta,completed,1787925407967402,178792343327014805,178792343404852505,17,,1787925407967228,1787925407967233,1787925407967402,,,"delta_len=46,sent_us=1787925407937019",,,,,169
server,client_mutation,completed,1787925408321750,178792343327014805,,,,1787925408319608,1787925408319608,1787925408321750,,,http_data_plane,,,,,2142
server,peer_replication_pull_request,sent,1787925408514498,178792343327014805,,,,,,,,,connected_peers=18,,,,,
server,peer_replication_merge_delta,completed,1787925408616645,178792343327014805,,17,,1787925408612816,1787925408616629,1787925408616645,,,"delta_len=15,sent_us=1787925408600236",,,,,16
server,peer_replication_get_delta,completed,1787925408771684,178792343327014805,178792343266886005,17,,1787925408771515,1787925408771520,1787925408771684,,,"delta_len=8,sent_us=1787925408735367",,,,,164
server,peer_replication_connection,established,1787925408821287,178792343327014805,178792343513164005,,,,,,,,,,,,,
server,client_mutation,completed,1787925408821875,178792343327014805,,,,1787925408819597,1787925408819598,1787925408821875,,,http_data_plane,,,,,2277
server,peer_replication_connection,established,1787925409020297,178792343327014805,178792343597981005,,,,,,,,,,,,,
server,client_mutation,completed,1787925409321716,178792343327014805,,,,1787925409319506,1787925409319506,1787925409321716,,,http_data_plane,,,,,2210
server,membership_directory_read,completed,1787925409361777,178792343327014805,,,,,1787925409186644,1787925409361777,,,poll:316 descriptors,,,,,175133
server,peer_replication_get_delta,completed,1787925409389517,178792343327014805,178792343327016805,17,,1787925409389349,1787925409389353,1787925409389517,,,"delta_len=31,sent_us=1787925409388939",,,,,164
server,peer_replication_get_delta,completed,1787925409405693,178792343327014805,178792343597984004,17,,1787925409405524,1787925409405529,1787925409405693,,,"delta_len=39,sent_us=1787925409393481",,,,,164
server,peer_replication_pull_request,sent,1787925409513999,178792343327014805,,,,,,,,,connected_peers=20,,,,,
server,peer_replication_connection,established,1787925409576288,178792343327014805,178792343513165005,,,,,,,,,,,,,
server,peer_replication_merge_delta,completed,1787925409604940,178792343327014805,,17,,1787925409599073,1787925409604906,1787925409604940,,,"delta_len=52,sent_us=1787925409588843",,,,,34
server,client_mutation,completed,1787925409821671,178792343327014805,,,,1787925409819601,1787925409819602,1787925409821671,,,http_data_plane,,,,,2069
server,peer_replication_connection,established,1787925410246353,178792343327014805,178792343513166005,,,,,,,,,,,,,
server,client_mutation,completed,1787925410321725,178792343327014805,,,,1787925410319613,1787925410319613,1787925410321725,,,http_data_plane,,,,,2112
server,peer_replication_pull_request,sent,1787925410514572,178792343327014805,,,,,,,,,connected_peers=22,,,,,
server,peer_replication_merge_delta,completed,1787925410544231,178792343327014805,,17,,1787925410539034,1787925410544179,1787925410544231,,,"delta_len=39,sent_us=1787925410532979",,,,,52
server,peer_replication_get_delta,completed,1787925410696560,178792343327014805,178792343327017805,17,,1787925410696377,1787925410696381,1787925410696560,,,"delta_len=97,sent_us=1787925410650354",,,,,179
server,client_mutation,completed,1787925410821603,178792343327014805,,,,1787925410819587,1787925410819588,1787925410821603,,,http_data_plane,,,,,2015
server,peer_replication_get_delta,completed,1787925411114507,178792343327014805,178792343597985004,17,,1787925411114320,1787925411114325,1787925411114507,,,"delta_len=79,sent_us=1787925411101971",,,,,182
server,client_mutation,completed,1787925411321644,178792343327014805,,,,1787925411319619,1787925411319619,1787925411321644,,,http_data_plane,,,,,2025
server,peer_replication_connection,established,1787925411335030,178792343327014805,178792343513167005,,,,,,,,,,,,,
server,peer_replication_pull_request,sent,1787925411514399,178792343327014805,,,,,,,,,connected_peers=23,,,,,
server,peer_replication_merge_delta,completed,1787925411519761,178792343327014805,,17,,1787925411515509,1787925411519738,1787925411519761,,,"delta_len=24,sent_us=1787925411514939",,,,,23
server,client_mutation,completed,1787925411821587,178792343327014805,,,,1787925411819566,1787925411819567,1787925411821587,,,http_data_plane,,,,,2020
server,peer_replication_get_delta,completed,1787925412113984,178792343327014805,178792343597985004,17,,1787925412113765,1787925412113771,1787925412113984,,,"delta_len=19,sent_us=1787925412101344",,,,,213
server,client_mutation,completed,1787925412321832,178792343327014805,,,,1787925412319581,1787925412319581,1787925412321832,,,http_data_plane,,,,,2251
server,peer_replication_pull_request,sent,1787925412514602,178792343327014805,,,,,,,,,connected_peers=23,,,,,
server,peer_replication_merge_delta,completed,1787925412561959,178792343327014805,,17,,1787925412555041,1787925412561818,1787925412561959,,,"delta_len=67,sent_us=1787925412544819",,,,,141
server,peer_replication_connection,established,1787925412661716,178792343327014805,178792343513168005,,,,,,,,,,,,,
server,client_mutation,completed,1787925412821689,178792343327014805,,,,1787925412819619,1787925412819620,1787925412821689,,,http_data_plane,,,,,2069
server,client_mutation,completed,1787925413321750,178792343327014805,,,,1787925413319638,1787925413319639,1787925413321750,,,http_data_plane,,,,,2111
server,peer_replication_pull_request,sent,1787925413514539,178792343327014805,,,,,,,,,connected_peers=24,,,,,
server,peer_replication_merge_delta,completed,1787925413520871,178792343327014805,,17,,1787925413515603,1787925413520826,1787925413520871,,,"delta_len=34,sent_us=1787925413515092",,,,,45
server,client_mutation,completed,1787925413821767,178792343327014805,,,,1787925413819591,1787925413819592,1787925413821767,,,http_data_plane,,,,,2175
server,peer_replication_get_delta,completed,1787925414114152,178792343327014805,178792343597985004,17,,1787925414113983,1787925414113989,1787925414114152,,,"delta_len=18,sent_us=1787925414101468",,,,,163
server,membership_directory_read,completed,1787925414260155,178792343327014805,,,,,1787925414186454,1787925414260155,,,poll:314 descriptors,,,,,73701
server,client_mutation,completed,1787925414321738,178792343327014805,,,,1787925414319603,1787925414319604,1787925414321738,,,http_data_plane,,,,,2134
server,peer_replication_pull_request,sent,1787925414514613,178792343327014805,,,,,,,,,connected_peers=24,,,,,
server,peer_replication_merge_delta,completed,1787925414519764,178792343327014805,,17,,1787925414515738,1787925414519728,1787925414519764,,,"delta_len=21,sent_us=1787925414515267",,,,,36
server,client_mutation,completed,1787925414821638,178792343327014805,,,,1787925414819597,1787925414819598,1787925414821638,,,http_data_plane,,,,,2040
server,peer_replication_get_delta,completed,1787925415024547,178792343327014805,178792343404851505,17,,1787925415024377,1787925415024383,1787925415024547,,,"delta_len=23,sent_us=1787925414994381",,,,,164
server,client_mutation,completed,1787925415321789,178792343327014805,,,,1787925415319609,1787925415319609,1787925415321789,,,http_data_plane,,,,,2180
server,peer_replication_pull_request,sent,1787925415514619,178792343327014805,,,,,,,,,connected_peers=24,,,,,
server,peer_replication_merge_delta,completed,1787925415572877,178792343327014805,,17,,1787925415568979,1787925415572849,1787925415572877,,,"delta_len=19,sent_us=1787925415564635",,,,,28
server,client_mutation,completed,1787925415821706,178792343327014805,,,,1787925415819602,1787925415819602,1787925415821706,,,http_data_plane,,,,,2104
server,client_mutation,completed,1787925416321480,178792343327014805,,,,1787925416319586,1787925416319587,1787925416321480,,,http_data_plane,,,,,1893
server,peer_replication_pull_request,sent,1787925416514280,178792343327014805,,,,,,,,,connected_peers=24,,,,,
server,peer_replication_merge_delta,completed,1787925416567653,178792343327014805,,17,,1787925416557332,1787925416567589,1787925416567653,,,"delta_len=86,sent_us=1787925416556660",,,,,64
server,client_mutation,completed,1787925416821581,178792343327014805,,,,1787925416819578,1787925416819578,1787925416821581,,,http_data_plane,,,,,2003
server,peer_replication_get_delta,completed,1787925417157013,178792343327014805,178792343404853505,17,,1787925417156829,1787925417156834,1787925417157013,,,"delta_len=59,sent_us=1787925417127251",,,,,179
server,client_mutation,completed,1787925417321568,178792343327014805,,,,1787925417319574,1787925417319575,1787925417321568,,,http_data_plane,,,,,1993
server,peer_replication_pull_request,sent,1787925417514413,178792343327014805,,,,,,,,,connected_peers=24,,,,,
server,peer_replication_merge_delta,completed,1787925417559171,178792343327014805,,17,,1787925417554448,1787925417559146,1787925417559171,,,"delta_len=26,sent_us=1787925417544229",,,,,25
server,client_mutation,completed,1787925417821624,178792343327014805,,,,1787925417819581,1787925417819582,1787925417821624,,,http_data_plane,,,,,2042
server,client_mutation,completed,1787925418321681,178792343327014805,,,,1787925418319622,1787925418319622,1787925418321681,,,http_data_plane,,,,,2059
server,peer_replication_pull_request,sent,1787925418514467,178792343327014805,,,,,,,,,connected_peers=24,,,,,
server,peer_replication_merge_delta,completed,1787925418563329,178792343327014805,,17,,1787925418552477,1787925418563221,1787925418563329,,,"delta_len=132,sent_us=1787925418533533",,,,,108
server,client_mutation,completed,1787925418821602,178792343327014805,,,,1787925418819553,1787925418819554,1787925418821602,,,http_data_plane,,,,,2048
server,membership_directory_read,completed,1787925419236550,178792343327014805,,,,,1787925419186711,1787925419236550,,,poll:315 descriptors,,,,,49839
server,client_mutation,completed,1787925419321729,178792343327014805,,,,1787925419319609,1787925419319609,1787925419321729,,,http_data_plane,,,,,2120
server,peer_replication_get_delta,completed,1787925419389260,178792343327014805,178792343327016805,17,,1787925419389069,1787925419389074,1787925419389260,,,"delta_len=64,sent_us=1787925419388667",,,,,186
server,peer_replication_pull_request,sent,1787925419514639,178792343327014805,,,,,,,,,connected_peers=24,,,,,
server,peer_replication_merge_delta,completed,1787925419567940,178792343327014805,,17,,1787925419563837,1787925419567918,1787925419567940,,,"delta_len=9,sent_us=1787925419551537",,,,,22
server,peer_replication_get_delta,completed,1787925419650818,178792343327014805,178792343327017805,17,,1787925419650626,1787925419650631,1787925419650818,,,"delta_len=68,sent_us=1787925419650204",,,,,187
server,client_mutation,completed,1787925419821693,178792343327014805,,,,1787925419819595,1787925419819596,1787925419821693,,,http_data_plane,,,,,2097
server,client_mutation,completed,1787925420321604,178792343327014805,,,,1787925420319560,1787925420319560,1787925420321604,,,http_data_plane,,,,,2044
server,peer_replication_pull_request,sent,1787925420514406,178792343327014805,,,,,,,,,connected_peers=24,,,,,
server,peer_replication_merge_delta,completed,1787925420568200,178792343327014805,,17,,1787925420563395,1787925420568173,1787925420568200,,,"delta_len=34,sent_us=1787925420550943",,,,,27
server,client_mutation,completed,1787925420821660,178792343327014805,,,,1787925420819536,1787925420819537,1787925420821660,,,http_data_plane,,,,,2123
server,client_mutation,completed,1787925421321821,178792343327014805,,,,1787925421319628,1787925421319629,1787925421321821,,,http_data_plane,,,,,2192
server,peer_replication_pull_request,sent,1787925421514608,178792343327014805,,,,,,,,,connected_peers=24,,,,,
server,peer_replication_merge_delta,completed,1787925421593908,178792343327014805,,17,,1787925421586455,1787925421593814,1787925421593908,,,"delta_len=78,sent_us=1787925421573938",,,,,94
server,peer_replication_get_delta,completed,1787925421594111,178792343327014805,178792343513165005,17,,1787925421593933,1787925421593951,1787925421594111,,,"delta_len=89,sent_us=1787925421572371",,,,,160
server,peer_replication_get_delta,completed,1787925421673706,178792343327014805,178792343597983004,17,,1787925421673509,1787925421673514,1787925421673706,,,"delta_len=27,sent_us=1787925421661235",,,,,192
server,client_mutation,completed,1787925421821727,178792343327014805,,,,1787925421819600,1787925421819601,1787925421821727,,,http_data_plane,,,,,2126
server,client_mutation,completed,1787925422321718,178792343327014805,,,,1787925422319617,1787925422319617,1787925422321718,,,http_data_plane,,,,,2101
server,peer_replication_pull_request,sent,1787925422514492,178792343327014805,,,,,,,,,connected_peers=24,,,,,
server,peer_replication_merge_delta,completed,1787925422544848,178792343327014805,,17,,1787925422539255,1787925422544805,1787925422544848,,,"delta_len=47,sent_us=1787925422526680",,,,,43
server,client_mutation,completed,1787925422821629,178792343327014805,,,,1787925422819597,1787925422819598,1787925422821629,,,http_data_plane,,,,,2031
server,peer_replication_get_delta,completed,1787925422967557,178792343327014805,178792343404852505,17,,1787925422967381,1787925422967387,1787925422967557,,,"delta_len=26,sent_us=1787925422937156",,,,,170
server,client_mutation,completed,1787925423321696,178792343327014805,,,,1787925423319594,1787925423319594,1787925423321696,,,http_data_plane,,,,,2102
server,peer_replication_pull_request,sent,1787925423514426,178792343327014805,,,,,,,,,connected_peers=24,,,,,
server,peer_replication_merge_delta,completed,1787925423521130,178792343327014805,,17,,1787925423515351,1787925423521077,1787925423521130,,,"delta_len=49,sent_us=1787925423514936",,,,,53
server,peer_replication_get_delta,completed,1787925423542997,178792343327014805,178792343266887005,17,,1787925423542808,1787925423542812,1787925423542997,,,"delta_len=120,sent_us=1787925423504370",,,,,185
server,client_mutation,completed,1787925423821623,178792343327014805,,,,1787925423819580,1787925423819582,1787925423821623,,,http_data_plane,,,,,2041
server,membership_directory_read,completed,1787925424254526,178792343327014805,,,,,1787925424186570,1787925424254526,,,poll:315 descriptors,,,,,67956
server,client_mutation,completed,1787925424321691,178792343327014805,,,,1787925424319630,1787925424319631,1787925424321691,,,http_data_plane,,,,,2060
server,peer_replication_pull_request,sent,1787925424514491,178792343327014805,,,,,,,,,connected_peers=24,,,,,
server,peer_replication_merge_delta,completed,1787925424597025,178792343327014805,,17,,1787925424591023,1787925424596969,1787925424597025,,,"delta_len=57,sent_us=1787925424584753",,,,,56
server,client_mutation,completed,1787925424821615,178792343327014805,,,,1787925424819604,1787925424819605,1787925424821615,,,http_data_plane,,,,,2010
server,client_mutation,completed,1787925425321684,178792343327014805,,,,1787925425319611,1787925425319612,1787925425321684,,,http_data_plane,,,,,2072
server,peer_replication_pull_request,sent,1787925425514463,178792343327014805,,,,,,,,,connected_peers=24,,,,,
server,peer_replication_merge_delta,completed,1787925425520217,178792343327014805,,17,,1787925425515333,1787925425520179,1787925425520217,,,"delta_len=35,sent_us=1787925425514974",,,,,38
server,client_mutation,completed,1787925425821655,178792343327014805,,,,1787925425819588,1787925425819589,1787925425821655,,,http_data_plane,,,,,2066
server,peer_replication_get_delta,completed,1787925425967706,178792343327014805,178792343404852505,17,,1787925425967536,1787925425967541,1787925425967706,,,"delta_len=40,sent_us=1787925425937251",,,,,165
server,client_mutation,completed,1787925426321990,178792343327014805,,,,1787925426319603,1787925426319604,1787925426321990,,,http_data_plane,,,,,2386
server,peer_replication_get_delta,completed,1787925426405805,178792343327014805,178792343597984004,17,,1787925426405627,1787925426405633,1787925426405805,,,"delta_len=51,sent_us=1787925426393572",,,,,172
server,peer_replication_pull_request,sent,1787925426514188,178792343327014805,,,,,,,,,connected_peers=24,,,,,
server,peer_replication_merge_delta,completed,1787925426537165,178792343327014805,,17,,1787925426530814,1787925426537086,1787925426537165,,,"delta_len=58,sent_us=1787925426526298",,,,,79
server,client_mutation,completed,1787925426821843,178792343327014805,,,,1787925426819637,1787925426819637,1787925426821843,,,http_data_plane,,,,,2206
server,peer_replication_get_delta,completed,1787925426860335,178792343327014805,178792343266890005,17,,1787925426860131,1787925426860136,1787925426860335,,,"delta_len=68,sent_us=1787925426773159",,,,,199
server,peer_replication_get_delta,completed,1787925427075469,178792343327014805,178792343597982004,17,,1787925427075269,1787925427075274,1787925427075469,,,"delta_len=88,sent_us=1787925427062937",,,,,195
server,client_mutation,completed,1787925427321808,178792343327014805,,,,1787925427319609,1787925427319610,1787925427321808,,,http_data_plane,,,,,2198
server,peer_replication_pull_request,sent,1787925427514594,178792343327014805,,,,,,,,,connected_peers=24,,,,,
server,peer_replication_merge_delta,completed,1787925427606655,178792343327014805,,17,,1787925427599678,1787925427606618,1787925427606655,,,"delta_len=35,sent_us=1787925427589155",,,,,37
server,peer_replication_get_delta,completed,1787925427708494,178792343327014805,178792343513168005,17,,1787925427708312,1787925427708316,1787925427708494,,,"delta_len=79,sent_us=1787925427643839",,,,,178
server,client_mutation,completed,1787925427821683,178792343327014805,,,,1787925427819587,1787925427819588,1787925427821683,,,http_data_plane,,,,,2095
server,client_mutation,completed,1787925428321730,178792343327014805,,,,1787925428319642,1787925428319643,1787925428321730,,,http_data_plane,,,,,2087
server,peer_replication_pull_request,sent,1787925428514521,178792343327014805,,,,,,,,,connected_peers=24,,,,,
server,peer_replication_merge_delta,completed,1787925428567862,178792343327014805,,17,,1787925428563225,1787925428567825,1787925428567862,,,"delta_len=27,sent_us=1787925428550613",,,,,37
server,client_mutation,completed,1787925428821685,178792343327014805,,,,1787925428819611,1787925428819611,1787925428821685,,,http_data_plane,,,,,2074
server,membership_directory_read,completed,1787925429247789,178792343327014805,,,,,1787925429186679,1787925429247789,,,poll:315 descriptors,,,,,61110
server,client_mutation,completed,1787925429322046,178792343327014805,,,,1787925429319614,1787925429319615,1787925429322046,,,http_data_plane,,,,,2431
server,peer_replication_pull_request,sent,1787925429514850,178792343327014805,,,,,,,,,connected_peers=24,,,,,
server,peer_replication_merge_delta,completed,1787925429543979,178792343327014805,,17,,1787925429539457,1787925429543951,1787925429543979,,,"delta_len=30,sent_us=1787925429526975",,,,,28
server,client_mutation,completed,1787925429821657,178792343327014805,,,,1787925429819583,1787925429819584,1787925429821657,,,http_data_plane,,,,,2073
server,peer_replication_get_delta,completed,1787925430145246,178792343327014805,178792343266888005,17,,1787925430145043,1787925430145049,1787925430145246,,,"delta_len=38,sent_us=1787925430108887",,,,,197
server,client_mutation,completed,1787925430321781,178792343327014805,,,,1787925430319606,1787925430319606,1787925430321781,,,http_data_plane,,,,,2175
server,peer_replication_pull_request,sent,1787925430514564,178792343327014805,,,,,,,,,connected_peers=24,,,,,
server,peer_replication_merge_delta,completed,1787925430537174,178792343327014805,,17,,1787925430530877,1787925430537118,1787925430537174,,,"delta_len=64,sent_us=1787925430526514",,,,,56
server,client_mutation,completed,1787925430821628,178792343327014805,,,,1787925430819566,1787925430819566,1787925430821628,,,http_data_plane,,,,,2062
server,client_mutation,completed,1787925431321563,178792343327014805,,,,1787925431319596,1787925431319596,1787925431321563,,,http_data_plane,,,,,1967
server,peer_replication_pull_request,sent,1787925431514347,178792343327014805,,,,,,,,,connected_peers=24,,,,,
server,peer_replication_merge_delta,completed,1787925431584755,178792343327014805,,17,,1787925431578289,1787925431584700,1787925431584755,,,"delta_len=63,sent_us=1787925431573907",,,,,55
server,client_mutation,completed,1787925431821595,178792343327014805,,,,1787925431819588,1787925431819589,1787925431821595,,,http_data_plane,,,,,2006
server,peer_replication_get_delta,completed,1787925432306131,178792343327014805,178792343404854505,17,,1787925432305918,1787925432305923,1787925432306131,,,"delta_len=61,sent_us=1787925432226873",,,,,208
server,client_mutation,completed,1787925432321590,178792343327014805,,,,1787925432319607,1787925432319608,1787925432321590,,,http_data_plane,,,,,1982
server,peer_replication_pull_request,sent,1787925432514443,178792343327014805,,,,,,,,,connected_peers=24,,,,,
server,peer_replication_get_delta,completed,1787925432540220,178792343327014805,178792343266887005,17,,1787925432540015,1787925432540019,1787925432540220,,,"delta_len=72,sent_us=1787925432504036",,,,,201
server,peer_replication_merge_delta,completed,1787925432614976,178792343327014805,,17,,1787925432609389,1787925432614922,1787925432614976,,,"delta_len=47,sent_us=1787925432599192",,,,,54
server,client_mutation,completed,1787925432821827,178792343327014805,,,,1787925432819608,1787925432819609,1787925432821827,,,http_data_plane,,,,,2218
server,client_mutation,completed,1787925433321636,178792343327014805,,,,1787925433319601,1787925433319602,1787925433321636,,,http_data_plane,,,,,2034
server,peer_replication_pull_request,sent,1787925433514413,178792343327014805,,,,,,,,,connected_peers=24,,,,,
server,peer_replication_merge_delta,completed,1787925433536298,178792343327014805,,17,,1787925433531075,1787925433536270,1787925433536298,,,"delta_len=37,sent_us=1787925433526527",,,,,28
server,client_mutation,completed,1787925433821734,178792343327014805,,,,1787925433819595,1787925433819596,1787925433821734,,,http_data_plane,,,,,2138
server,membership_directory_read,completed,1787925434244964,178792343327014805,,,,,1787925434186775,1787925434244964,,,poll:315 descriptors,,,,,58189
server,client_mutation,completed,1787925434321649,178792343327014805,,,,1787925434319609,1787925434319609,1787925434321649,,,http_data_plane,,,,,2040
server,peer_replication_pull_request,sent,1787925434514438,178792343327014805,,,,,,,,,connected_peers=24,,,,,
server,peer_replication_merge_delta,completed,1787925434536712,178792343327014805,,17,,1787925434530765,1787925434536671,1787925434536712,,,"delta_len=60,sent_us=1787925434526422",,,,,41
server,client_mutation,completed,1787925434821660,178792343327014805,,,,1787925434819626,1787925434819627,1787925434821660,,,http_data_plane,,,,,2033
server,peer_replication_get_delta,completed,1787925435024458,178792343327014805,178792343404851505,17,,1787925435024274,1787925435024278,1787925435024458,,,"delta_len=48,sent_us=1787925434994254",,,,,180
server,client_mutation,completed,1787925435321659,178792343327014805,,,,1787925435319579,1787925435319579,1787925435321659,,,http_data_plane,,,,,2080
server,peer_replication_pull_request,sent,1787925435514471,178792343327014805,,,,,,,,,connected_peers=24,,,,,
server,peer_replication_merge_delta,completed,1787925435520700,178792343327014805,,17,,1787925435515511,1787925435520671,1787925435520700,,,"delta_len=37,sent_us=1787925435515064",,,,,29
server,client_mutation,completed,1787925435821679,178792343327014805,,,,1787925435819593,1787925435819594,1787925435821679,,,http_data_plane,,,,,2085
server,client_mutation,completed,1787925436321736,178792343327014805,,,,1787925436319639,1787925436319639,1787925436321736,,,http_data_plane,,,,,2097
server,peer_replication_pull_request,sent,1787925436514486,178792343327014805,,,,,,,,,connected_peers=24,,,,,
server,peer_replication_merge_delta,completed,1787925436543474,178792343327014805,,17,,1787925436538521,1787925436543443,1787925436543474,,,"delta_len=36,sent_us=1787925436526429",,,,,31
server,client_mutation,completed,1787925436821686,178792343327014805,,,,1787925436819584,1787925436819585,1787925436821686,,,http_data_plane,,,,,2101
server,peer_replication_get_delta,completed,1787925437022178,178792343327014805,178792343597981005,17,,1787925437021944,1787925437021949,1787925437022178,,,"delta_len=62,sent_us=1787925437009836",,,,,229
server,client_mutation,completed,1787925437321765,178792343327014805,,,,1787925437319639,1787925437319639,1787925437321765,,,http_data_plane,,,,,2126
server,peer_replication_pull_request,sent,1787925437514558,178792343327014805,,,,,,,,,connected_peers=24,,,,,
server,peer_replication_merge_delta,completed,1787925437545697,178792343327014805,,17,,1787925437539375,1787925437545650,1787925437545697,,,"delta_len=64,sent_us=1787925437533263",,,,,47
server,peer_replication_get_delta,completed,1787925437673502,178792343327014805,178792343597983004,17,,1787925437673314,1787925437673320,1787925437673502,,,"delta_len=117,sent_us=1787925437661015",,,,,182
server,client_mutation,completed,1787925437821596,178792343327014805,,,,1787925437819609,1787925437819609,1787925437821596,,,http_data_plane,,,,,1987
server,client_mutation,completed,1787925438321543,178792343327014805,,,,1787925438319612,1787925438319613,1787925438321543,,,http_data_plane,,,,,1930
server,peer_replication_pull_request,sent,1787925438514202,178792343327014805,,,,,,,,,connected_peers=24,,,,,
server,peer_replication_merge_delta,completed,1787925438643551,178792343327014805,,17,,1787925438636043,1787925438643437,1787925438643551,,,"delta_len=81,sent_us=1787925438599816",,,,,114
server,client_mutation,completed,1787925438821599,178792343327014805,,,,1787925438819607,1787925438819608,1787925438821599,,,http_data_plane,,,,,1991
server,peer_replication_get_delta,completed,1787925438967608,178792343327014805,178792343404852505,17,,1787925438967416,1787925438967423,1787925438967608,,,"delta_len=75,sent_us=1787925438937212",,,,,185
server,peer_replication_get_delta,completed,1787925439145964,178792343327014805,178792343266888005,17,,1787925439145751,1787925439145756,1787925439145964,,,"delta_len=54,sent_us=1787925439109276",,,,,208
server,membership_directory_read,completed,1787925439243097,178792343327014805,,,,,1787925439186235,1787925439243097,,,poll:315 descriptors,,,,,56862
server,client_mutation,completed,1787925439321678,178792343327014805,,,,1787925439319606,1787925439319606,1787925439321678,,,http_data_plane,,,,,2072
server,peer_replication_pull_request,sent,1787925439514428,178792343327014805,,,,,,,,,connected_peers=24,,,,,
server,peer_replication_merge_delta,completed,1787925439535558,178792343327014805,,17,,1787925439531045,1787925439535537,1787925439535558,,,"delta_len=28,sent_us=1787925439526551",,,,,21
server,client_mutation,completed,1787925439821689,178792343327014805,,,,1787925439819623,1787925439819623,1787925439821689,,,http_data_plane,,,,,2066
server,client_mutation,completed,1787925440321657,178792343327014805,,,,1787925440319637,1787925440319637,1787925440321657,,,http_data_plane,,,,,2020
server,peer_replication_get_delta,completed,1787925440490171,178792343327014805,178792343327015805,17,,1787925440489978,1787925440489984,1787925440490171,,,"delta_len=57,sent_us=1787925440489398",,,,,187
server,peer_replication_pull_request,sent,1787925440514463,178792343327014805,,,,,,,,,connected_peers=24,,,,,
server,peer_replication_merge_delta,completed,1787925440605553,178792343327014805,,17,,1787925440599215,1787925440605514,1787925440605553,,,"delta_len=56,sent_us=1787925440588941",,,,,39
server,client_mutation,completed,1787925440821804,178792343327014805,,,,1787925440819600,1787925440819601,1787925440821804,,,http_data_plane,,,,,2203
server,peer_replication_get_delta,completed,1787925441156198,178792343327014805,178792343404853505,17,,1787925441155935,1787925441155940,1787925441156198,,,"delta_len=45,sent_us=1787925441126365",,,,,258
server,client_mutation,completed,1787925441321659,178792343327014805,,,,1787925441319608,1787925441319609,1787925441321659,,,http_data_plane,,,,,2050
server,peer_replication_pull_request,sent,1787925441514409,178792343327014805,,,,,,,,,connected_peers=24,,,,,
server,peer_replication_merge_delta,completed,1787925441536543,178792343327014805,,17,,1787925441531189,1787925441536504,1787925441536543,,,"delta_len=46,sent_us=1787925441526642",,,,,39
server,client_mutation,completed,1787925441821626,178792343327014805,,,,1787925441819573,1787925441819574,1787925441821626,,,http_data_plane,,,,,2052
server,client_mutation,completed,1787925442321748,178792343327014805,,,,1787925442319612,1787925442319613,1787925442321748,,,http_data_plane,,,,,2135
server,peer_replication_pull_request,sent,1787925442514545,178792343327014805,,,,,,,,,connected_peers=24,,,,,
server,peer_replication_merge_delta,completed,1787925442567653,178792343327014805,,17,,1787925442563719,1787925442567628,1787925442567653,,,"delta_len=18,sent_us=1787925442551347",,,,,25
server,peer_replication_get_delta,completed,1787925442577373,178792343327014805,178792343327013805,17,,1787925442577194,1787925442577198,1787925442577373,,,"delta_len=56,sent_us=1787925442576833",,,,,175
server,client_mutation,completed,1787925442821730,178792343327014805,,,,1787925442819611,1787925442819611,1787925442821730,,,http_data_plane,,,,,2119
server,peer_replication_get_delta,completed,1787925443022246,178792343327014805,178792343597981005,17,,1787925443022061,1787925443022067,1787925443022246,,,"delta_len=66,sent_us=1787925443009779",,,,,179
server,client_mutation,completed,1787925443321727,178792343327014805,,,,1787925443319597,1787925443319598,1787925443321727,,,http_data_plane,,,,,2129
server,peer_replication_pull_request,sent,1787925443514525,178792343327014805,,,,,,,,,connected_peers=24,,,,,
server,peer_replication_merge_delta,completed,1787925443560244,178792343327014805,,17,,1787925443552387,1787925443560175,1787925443560244,,,"delta_len=86,sent_us=1787925443533982",,,,,69
server,client_mutation,completed,1787925443821708,178792343327014805,,,,1787925443819624,1787925443819624,1787925443821708,,,http_data_plane,,,,,2084
server,membership_directory_read,completed,1787925444248019,178792343327014805,,,,,1787925444186613,1787925444248019,,,poll:315 descriptors,,,,,61406
server,client_mutation,completed,1787925444321748,178792343327014805,,,,1787925444319608,1787925444319609,1787925444321748,,,http_data_plane,,,,,2139
server,peer_replication_pull_request,sent,1787925444514501,178792343327014805,,,,,,,,,connected_peers=24,,,,,
server,peer_replication_merge_delta,completed,1787925444534751,178792343327014805,,17,,1787925444530718,1787925444534730,1787925444534751,,,"delta_len=14,sent_us=1787925444526426",,,,,21
server,client_mutation,completed,1787925444821586,178792343327014805,,,,1787925444819592,1787925444819593,1787925444821586,,,http_data_plane,,,,,1993
server,peer_replication_get_delta,completed,1787925445248073,178792343327014805,178792343513166005,17,,1787925445247884,1787925445247888,1787925445248073,,,"delta_len=36,sent_us=1787925445229552",,,,,185
server,client_mutation,completed,1787925445321911,178792343327014805,,,,1787925445319610,1787925445319610,1787925445321911,,,http_data_plane,,,,,2301
server,peer_replication_pull_request,sent,1787925445514653,178792343327014805,,,,,,,,,connected_peers=24,,,,,
server,peer_replication_merge_delta,completed,1787925445642877,178792343327014805,,17,,1787925445635814,1787925445642775,1787925445642877,,,"delta_len=76,sent_us=1787925445599730",,,,,102
server,client_mutation,completed,1787925445821603,178792343327014805,,,,1787925445819616,1787925445819617,1787925445821603,,,http_data_plane,,,,,1986
server,client_mutation,completed,1787925446321699,178792343327014805,,,,1787925446319588,1787925446319589,1787925446321699,,,http_data_plane,,,,,2110
server,peer_replication_pull_request,sent,1787925446514429,178792343327014805,,,,,,,,,connected_peers=24,,,,,
server,peer_replication_merge_delta,completed,1787925446616307,178792343327014805,,17,,1787925446609506,1787925446616259,1787925446616307,,,"delta_len=66,sent_us=1787925446599280",,,,,48
server,client_mutation,completed,1787925446821907,178792343327014805,,,,1787925446819580,1787925446819580,1787925446821907,,,http_data_plane,,,,,2327
server,client_mutation,completed,1787925447321809,178792343327014805,,,,1787925447319685,1787925447319686,1787925447321809,,,http_data_plane,,,,,2123
server,peer_replication_pull_request,sent,1787925447514584,178792343327014805,,,,,,,,,connected_peers=24,,,,,
server,peer_replication_merge_delta,completed,1787925447560447,178792343327014805,,17,,1787925447555932,1787925447560423,1787925447560447,,,"delta_len=30,sent_us=1787925447545357",,,,,24
server,peer_replication_get_delta,completed,1787925447637621,178792343327014805,178792343513165005,17,,1787925447637442,1787925447637447,1787925447637621,,,"delta_len=81,sent_us=1787925447571127",,,,,174
server,client_mutation,completed,1787925447821731,178792343327014805,,,,1787925447819589,1787925447819589,1787925447821731,,,http_data_plane,,,,,2142
server,peer_replication_get_delta,completed,1787925447850274,178792343327014805,178792343266890005,17,,1787925447850099,1787925447850105,1787925447850274,,,"delta_len=39,sent_us=1787925447773471",,,,,169
server,client_mutation,completed,1787925448321679,178792343327014805,,,,1787925448319580,1787925448319580,1787925448321679,,,http_data_plane,,,,,2099
server,peer_replication_pull_request,sent,1787925448514451,178792343327014805,,,,,,,,,connected_peers=24,,,,,
server,peer_replication_merge_delta,completed,1787925448616910,178792343327014805,,17,,1787925448612225,1787925448616860,1787925448616910,,,"delta_len=28,sent_us=1787925448599844",,,,,50
server,client_mutation,completed,1787925448821639,178792343327014805,,,,1787925448819543,1787925448819543,1787925448821639,,,http_data_plane,,,,,2096
server,membership_directory_read,completed,1787925449252676,178792343327014805,,,,,1787925449186542,1787925449252676,,,poll:315 descriptors,,,,,66134
server,client_mutation,completed,1787925449321719,178792343327014805,,,,1787925449319639,1787925449319639,1787925449321719,,,http_data_plane,,,,,2080
server,peer_replication_pull_request,sent,1787925449514450,178792343327014805,,,,,,,,,connected_peers=24,,,,,
server,peer_replication_merge_delta,completed,1787925449537411,178792343327014805,,17,,1787925449530693,1787925449537365,1787925449537411,,,"delta_len=66,sent_us=1787925449526347",,,,,46
server,client_mutation,completed,1787925449821570,178792343327014805,,,,1787925449819562,1787925449819562,1787925449821570,,,http_data_plane,,,,,2008
server,client_mutation,completed,1787925450321586,178792343327014805,,,,1787925450319596,1787925450319596,1787925450321586,,,http_data_plane,,,,,1990
server,peer_replication_get_delta,completed,1787925450389257,178792343327014805,178792343327016805,17,,1787925450389078,1787925450389083,1787925450389257,,,"delta_len=47,sent_us=1787925450388718",,,,,174
server,peer_replication_get_delta,completed,1787925450429312,178792343327014805,178792343266889005,17,,1787925450429097,1787925450429102,1787925450429312,,,"delta_len=60,sent_us=1787925450393101",,,,,210
server,peer_replication_pull_request,sent,1787925450514615,178792343327014805,,,,,,,,,connected_peers=24,,,,,
server,peer_replication_merge_delta,completed,1787925450519825,178792343327014805,,17,,1787925450515527,1787925450519800,1787925450519825,,,"delta_len=23,sent_us=1787925450515123",,,,,25
server,client_mutation,completed,1787925450821730,178792343327014805,,,,1787925450819613,1787925450819614,1787925450821730,,,http_data_plane,,,,,2116
server,peer_replication_get_delta,completed,1787925451288631,178792343327014805,178792343513166005,17,,1787925451288458,1787925451288462,1787925451288631,,,"delta_len=28,sent_us=1787925451229620",,,,,169
server,client_mutation,completed,1787925451321655,178792343327014805,,,,1787925451319604,1787925451319605,1787925451321655,,,http_data_plane,,,,,2050
server,peer_replication_pull_request,sent,1787925451514423,178792343327014805,,,,,,,,,connected_peers=24,,,,,
server,peer_replication_merge_delta,completed,1787925451560799,178792343327014805,,17,,1787925451554395,1787925451560756,1787925451560799,,,"delta_len=66,sent_us=1787925451544151",,,,,43
server,client_mutation,completed,1787925451821623,178792343327014805,,,,1787925451819550,1787925451819551,1787925451821623,,,http_data_plane,,,,,2072
server,peer_replication_get_delta,completed,1787925451868340,178792343327014805,178792343513164005,17,,1787925451868160,1787925451868164,1787925451868340,,,"delta_len=63,sent_us=1787925451805187",,,,,176
server,peer_replication_get_delta,completed,1787925452076214,178792343327014805,178792343597982004,17,,1787925452076000,1787925452076005,1787925452076214,,,"delta_len=41,sent_us=1787925452063609",,,,,209
server,peer_replication_get_delta,completed,1787925452145547,178792343327014805,178792343266888005,17,,1787925452145355,1787925452145359,1787925452145547,,,"delta_len=28,sent_us=1787925452109217",,,,,188
server,client_mutation,completed,1787925452321702,178792343327014805,,,,1787925452319596,1787925452319596,1787925452321702,,,http_data_plane,,,,,2106
server,peer_replication_pull_request,sent,1787925452514451,178792343327014805,,,,,,,,,connected_peers=24,,,,,
server,peer_replication_merge_delta,completed,1787925452560192,178792343327014805,,17,,1787925452554512,1787925452560150,1787925452560192,,,"delta_len=45,sent_us=1787925452544232",,,,,42
server,peer_replication_get_delta,completed,1787925452770815,178792343327014805,178792343266886005,17,,1787925452770622,1787925452770626,1787925452770815,,,"delta_len=78,sent_us=1787925452734609",,,,,189
server,client_mutation,completed,1787925452821591,178792343327014805,,,,1787925452819600,1787925452819601,1787925452821591,,,http_data_plane,,,,,1990
server,peer_replication_get_delta,completed,1787925453288692,178792343327014805,178792343513166005,17,,1787925453288510,1787925453288515,1787925453288692,,,"delta_len=59,sent_us=1787925453229886",,,,,177
server,client_mutation,completed,1787925453321639,178792343327014805,,,,1787925453319611,1787925453319611,1787925453321639,,,http_data_plane,,,,,2028
server,peer_replication_pull_request,sent,1787925453514409,178792343327014805,,,,,,,,,connected_peers=24,,,,,
server,peer_replication_merge_delta,completed,1787925453604941,178792343327014805,,17,,1787925453599637,1787925453604907,1787925453604941,,,"delta_len=38,sent_us=1787925453589202",,,,,34
server,client_mutation,completed,1787925453821727,178792343327014805,,,,1787925453819601,1787925453819602,1787925453821727,,,http_data_plane,,,,,2125
server,peer_replication_get_delta,completed,1787925454066344,178792343327014805,178792343404851505,17,,1787925454066167,1787925454066172,1787925454066344,,,"delta_len=38,sent_us=1787925453994495",,,,,172
server,membership_directory_read,completed,1787925454253550,178792343327014805,,,,,1787925454186662,1787925454253550,,,poll:315 descriptors,,,,,66888
server,client_mutation,completed,1787925454321670,178792343327014805,,,,1787925454319610,1787925454319611,1787925454321670,,,http_data_plane,,,,,2059
server,peer_replication_pull_request,sent,1787925454514417,178792343327014805,,,,,,,,,connected_peers=24,,,,,
server,peer_replication_merge_delta,completed,1787925454567526,178792343327014805,,17,,1787925454562723,1787925454567499,1787925454567526,,,"delta_len=36,sent_us=1787925454550353",,,,,27
server,client_mutation,completed,1787925454821722,178792343327014805,,,,1787925454819582,1787925454819582,1787925454821722,,,http_data_plane,,,,,2140
server,client_mutation,completed,1787925455321952,178792343327014805,,,,1787925455319637,1787925455319638,1787925455321952,,,http_data_plane,,,,,2314
server,peer_replication_get_delta,completed,1787925455335378,178792343327014805,178792343513167005,17,,1787925455335202,1787925455335207,1787925455335378,,,"delta_len=38,sent_us=1787925455316944",,,,,171
server,peer_replication_pull_request,sent,1787925455514845,178792343327014805,,,,,,,,,connected_peers=24,,,,,
server,peer_replication_merge_delta,completed,1787925455547026,178792343327014805,,17,,1787925455539551,1787925455546976,1787925455547026,,,"delta_len=76,sent_us=1787925455527064",,,,,50
server,client_mutation,completed,1787925455821628,178792343327014805,,,,1787925455819605,1787925455819606,1787925455821628,,,http_data_plane,,,,,2022
server,client_mutation,completed,1787925456321733,178792343327014805,,,,1787925456319670,1787925456319670,1787925456321733,,,http_data_plane,,,,,2063
server,peer_replication_pull_request,sent,1787925456514562,178792343327014805,,,,,,,,,connected_peers=24,,,,,
server,peer_replication_merge_delta,completed,1787925456523631,178792343327014805,,17,,1787925456515568,1787925456523579,1787925456523631,,,"delta_len=79,sent_us=1787925456515091",,,,,52
server,client_mutation,completed,1787925456821689,178792343327014805,,,,1787925456819570,1787925456819571,1787925456821689,,,http_data_plane,,,,,2118
server,client_mutation,completed,1787925457321669,178792343327014805,,,,1787925457319558,1787925457319559,1787925457321669,,,http_data_plane,,,,,2110
server,peer_replication_pull_request,sent,1787925457514401,178792343327014805,,,,,,,,,connected_peers=24,,,,,
server,peer_replication_merge_delta,completed,1787925457543765,178792343327014805,,17,,1787925457538914,1787925457543741,1787925457543765,,,"delta_len=35,sent_us=1787925457532870",,,,,24
server,peer_replication_get_delta,completed,1787925457637634,178792343327014805,178792343513165005,17,,1787925457637452,1787925457637456,1787925457637634,,,"delta_len=104,sent_us=1787925457570879",,,,,178
server,client_mutation,completed,1787925457821645,178792343327014805,,,,1787925457819596,1787925457819597,1787925457821645,,,http_data_plane,,,,,2048
server,peer_replication_get_delta,completed,1787925457860263,178792343327014805,178792343266890005,17,,1787925457860074,1787925457860079,1787925457860263,,,"delta_len=69,sent_us=1787925457773904",,,,,184
server,client_mutation,completed,1787925458321584,178792343327014805,,,,1787925458319524,1787925458319525,1787925458321584,,,http_data_plane,,,,,2059
server,peer_replication_pull_request,sent,1787925458514292,178792343327014805,,,,,,,,,connected_peers=24,,,,,
server,peer_replication_merge_delta,completed,1787925458618852,178792343327014805,,17,,1787925458612353,1787925458618812,1787925458618852,,,"delta_len=64,sent_us=1787925458599887",,,,,40
server,client_mutation,completed,1787925458821897,178792343327014805,,,,1787925458819532,1787925458819532,1787925458821897,,,http_data_plane,,,,,2365
server,membership_directory_read,completed,1787925459255298,178792343327014805,,,,,1787925459186810,1787925459255298,,,poll:315 descriptors,,,,,68488
server,client_mutation,completed,1787925459321681,178792343327014805,,,,1787925459319647,1787925459319648,1787925459321681,,,http_data_plane,,,,,2033
server,peer_replication_pull_request,sent,1787925459514512,178792343327014805,,,,,,,,,connected_peers=24,,,,,
server,peer_replication_merge_delta,completed,1787925459535692,178792343327014805,,17,,1787925459530835,1787925459535658,1787925459535692,,,"delta_len=38,sent_us=1787925459526507",,,,,34
server,peer_replication_get_delta,completed,1787925459708408,178792343327014805,178792343513168005,17,,1787925459708179,1787925459708183,1787925459708408,,,"delta_len=110,sent_us=1787925459644155",,,,,225
server,client_mutation,completed,1787925459821719,178792343327014805,,,,1787925459819583,1787925459819583,1787925459821719,,,http_data_plane,,,,,2136
server,peer_replication_get_delta,completed,1787925459850292,178792343327014805,178792343266890005,17,,1787925459850113,1787925459850118,1787925459850292,,,"delta_len=47,sent_us=1787925459772984",,,,,174
server,client_mutation,completed,1787925460321656,178792343327014805,,,,1787925460319620,1787925460319620,1787925460321656,,,http_data_plane,,,,,2036
server,peer_replication_get_delta,completed,1787925460405537,178792343327014805,178792343597984004,17,,1787925460405344,1787925460405349,1787925460405537,,,"delta_len=79,sent_us=1787925460393302",,,,,188
server,peer_replication_pull_request,sent,1787925460514878,178792343327014805,,,,,,,,,connected_peers=24,,,,,
server,peer_replication_merge_delta,completed,1787925460543281,178792343327014805,,17,,1787925460539628,1787925460543269,1787925460543281,,,"delta_len=8,sent_us=1787925460533599",,,,,12
server,client_mutation,completed,1787925460821787,178792343327014805,,,,1787925460819587,1787925460819588,1787925460821787,,,http_data_plane,,,,,2199
server,client_mutation,completed,1787925461321756,178792343327014805,,,,1787925461319636,1787925461319637,1787925461321756,,,http_data_plane,,,,,2119
server,peer_replication_pull_request,sent,1787925461514521,178792343327014805,,,,,,,,,connected_peers=24,,,,,
server,peer_replication_merge_delta,completed,1787925461568589,178792343327014805,,17,,1787925461562812,1787925461568553,1787925461568589,,,"delta_len=48,sent_us=1787925461550425",,,,,36
server,client_mutation,completed,1787925461821735,178792343327014805,,,,1787925461819607,1787925461819608,1787925461821735,,,http_data_plane,,,,,2127
server,client_mutation,completed,1787925462321754,178792343327014805,,,,1787925462319640,1787925462319640,1787925462321754,,,http_data_plane,,,,,2114
server,peer_replication_pull_request,sent,1787925462514584,178792343327014805,,,,,,,,,connected_peers=24,,,,,
server,peer_replication_merge_delta,completed,1787925462536259,178792343327014805,,17,,1787925462530933,1787925462536226,1787925462536259,,,"delta_len=46,sent_us=1787925462526629",,,,,33
server,client_mutation,completed,1787925462821696,178792343327014805,,,,1787925462819619,1787925462819620,1787925462821696,,,http_data_plane,,,,,2076
server,client_mutation,completed,1787925463321747,178792343327014805,,,,1787925463319644,1787925463319645,1787925463321747,,,http_data_plane,,,,,2102
server,peer_replication_pull_request,sent,1787925463514516,178792343327014805,,,,,,,,,connected_peers=24,,,,,
server,peer_replication_merge_delta,completed,1787925463609916,178792343327014805,,17,,1787925463601368,1787925463609816,1787925463609916,,,"delta_len=94,sent_us=1787925463582750",,,,,100
server,client_mutation,completed,1787925463821708,178792343327014805,,,,1787925463819584,1787925463819584,1787925463821708,,,http_data_plane,,,,,2124
server,peer_replication_get_delta,completed,1787925464024694,178792343327014805,178792343404851505,17,,1787925464024507,1787925464024512,1787925464024694,,,"delta_len=52,sent_us=1787925463994527",,,,,182
server,membership_directory_read,completed,1787925464244375,178792343327014805,,,,,1787925464186146,1787925464244375,,,poll:315 descriptors,,,,,58229
server,client_mutation,completed,1787925464321681,178792343327014805,,,,1787925464319621,1787925464319621,1787925464321681,,,http_data_plane,,,,,2060
server,peer_replication_pull_request,sent,1787925464514480,178792343327014805,,,,,,,,,connected_peers=24,,,,,
server,peer_replication_merge_delta,completed,1787925464616899,178792343327014805,,17,,1787925464612007,1787925464616872,1787925464616899,,,"delta_len=33,sent_us=1787925464599733",,,,,27
server,client_mutation,completed,1787925464821684,178792343327014805,,,,1787925464819593,1787925464819593,1787925464821684,,,http_data_plane,,,,,2091
server,peer_replication_get_delta,completed,1787925465190236,178792343327014805,178792343266888005,17,,1787925465190055,1787925465190059,1787925465190236,,,"delta_len=59,sent_us=1787925465109981",,,,,177
server,client_mutation,completed,1787925465321622,178792343327014805,,,,1787925465319606,1787925465319607,1787925465321622,,,http_data_plane,,,,,2015
server,peer_replication_get_delta,completed,1787925465370728,178792343327014805,178792343404855505,17,,1787925465370543,1787925465370548,1787925465370728,,,"delta_len=43,sent_us=1787925465339744",,,,,180
server,peer_replication_get_delta,completed,1787925465378805,178792343327014805,178792343513167005,17,,1787925465378614,1787925465378619,1787925465378805,,,"delta_len=41,sent_us=1787925465316655",,,,,186
server,peer_replication_pull_request,sent,1787925465514159,178792343327014805,,,,,,,,,connected_peers=24,,,,,
server,peer_replication_merge_delta,completed,1787925465617878,178792343327014805,,17,,1787925465612006,1787925465617808,1787925465617878,,,"delta_len=52,sent_us=1787925465599675",,,,,70
server,client_mutation,completed,1787925465821611,178792343327014805,,,,1787925465819541,1787925465819541,1787925465821611,,,http_data_plane,,,,,2070
server,client_mutation,completed,1787925466321659,178792343327014805,,,,1787925466319623,1787925466319623,1787925466321659,,,http_data_plane,,,,,2036
server,peer_replication_pull_request,sent,1787925466514460,178792343327014805,,,,,,,,,connected_peers=24,,,,,
server,peer_replication_merge_delta,completed,1787925466519047,178792343327014805,,17,,1787925466515463,1787925466519030,1787925466519047,,,"delta_len=12,sent_us=1787925466515087",,,,,17
server,client_mutation,completed,1787925466821612,178792343327014805,,,,1787925466819609,1787925466819609,1787925466821612,,,http_data_plane,,,,,2003
server,peer_replication_get_delta,completed,1787925467306159,178792343327014805,178792343404854505,17,,1787925467305960,1787925467305965,1787925467306159,,,"delta_len=13,sent_us=1787925467226809",,,,,194
server,client_mutation,completed,1787925467321742,178792343327014805,,,,1787925467319619,1787925467319620,1787925467321742,,,http_data_plane,,,,,2122
server,peer_replication_pull_request,sent,1787925467514597,178792343327014805,,,,,,,,,connected_peers=24,,,,,
server,peer_replication_merge_delta,completed,1787925467617595,178792343327014805,,17,,1787925467612081,1787925467617548,1787925467617595,,,"delta_len=47,sent_us=1787925467599799",,,,,47
server,client_mutation,completed,1787925467821728,178792343327014805,,,,1787925467819592,1787925467819593,1787925467821728,,,http_data_plane,,,,,2135
server,client_mutation,completed,1787925468321739,178792343327014805,,,,1787925468319603,1787925468319604,1787925468321739,,,http_data_plane,,,,,2135
server,peer_replication_get_delta,completed,1787925468378788,178792343327014805,178792343513167005,17,,1787925468378608,1787925468378613,1787925468378788,,,"delta_len=29,sent_us=1787925468316751",,,,,175
server,peer_replication_pull_request,sent,1787925468514120,178792343327014805,,,,,,,,,connected_peers=24,,,,,
server,peer_replication_merge_delta,completed,1787925468559638,178792343327014805,,17,,1787925468554172,1787925468559609,1787925468559638,,,"delta_len=44,sent_us=1787925468543961",,,,,29
server,client_mutation,completed,1787925468821524,178792343327014805,,,,1787925468819616,1787925468819616,1787925468821524,,,http_data_plane,,,,,1908
server,membership_directory_read,completed,1787925469245192,178792343327014805,,,,,1787925469186520,1787925469245192,,,poll:316 descriptors,,,,,58672
server,client_mutation,completed,1787925469321477,178792343327014805,,,,1787925469319528,1787925469319528,1787925469321477,,,http_data_plane,,,,,1949
server,peer_replication_pull_request,sent,1787925469567249,178792343327014805,,,,,,,,,connected_peers=23,,,,,
server,peer_replication_merge_delta,completed,1787925469589550,178792343327014805,,17,,1787925469583661,1787925469589508,1787925469589550,,,"delta_len=57,sent_us=1787925469579231",,,,,42
server,client_mutation,completed,1787925469821785,178792343327014805,,,,1787925469819633,1787925469819634,1787925469821785,,,http_data_plane,,,,,2151
server,client_mutation,completed,1787925470321657,178792343327014805,,,,1787925470319627,1787925470319627,1787925470321657,,,http_data_plane,,,,,2030
server,peer_replication_get_delta,completed,1787925470398721,178792343327014805,178792343513166005,17,,1787925470398522,1787925470398526,1787925470398721,,,"delta_len=48,sent_us=1787925470335025",,,,,195
server,peer_replication_pull_request,sent,1787925470514133,178792343327014805,,,,,,,,,connected_peers=23,,,,,
server,peer_replication_merge_delta,completed,1787925470520734,178792343327014805,,17,,1787925470515331,1787925470520687,1787925470520734,,,"delta_len=24,sent_us=1787925470514830",,,,,47
server,client_mutation,completed,1787925470821822,178792343327014805,,,,1787925470819723,1787925470819724,1787925470821822,,,http_data_plane,,,,,2098
server,client_mutation,completed,1787925471323100,178792343327014805,,,,1787925471320951,1787925471320951,1787925471323100,,,http_data_plane,,,,,2149
server,peer_replication_get_delta,completed,1787925471490671,178792343327014805,178792343327015805,17,,1787925471490443,1787925471490447,1787925471490671,,,"delta_len=28,sent_us=1787925471489801",,,,,224
server,peer_replication_pull_request,sent,1787925471514878,178792343327014805,,,,,,,,,connected_peers=23,,,,,
server,client_mutation,completed,1787925471821733,178792343327014805,,,,1787925471819605,1787925471819606,1787925471821733,,,http_data_plane,,,,,2127
server,client_mutation,completed,1787925472321761,178792343327014805,,,,1787925472319602,1787925472319603,1787925472321761,,,http_data_plane,,,,,2158
server,peer_replication_get_delta,completed,1787925472378801,178792343327014805,178792343513167005,17,,1787925472378620,1787925472378625,1787925472378801,,,"delta_len=48,sent_us=1787925472316946",,,,,176
server,peer_replication_pull_request,sent,1787925472514160,178792343327014805,,,,,,,,,connected_peers=23,,,,,
server,client_mutation,completed,1787925472821811,178792343327014805,,,,1787925472819573,1787925472819574,1787925472821811,,,http_data_plane,,,,,2237
server,client_mutation,completed,1787925473321724,178792343327014805,,,,1787925473319643,1787925473319644,1787925473321724,,,http_data_plane,,,,,2080
server,peer_replication_pull_request,sent,1787925473514689,178792343327014805,,,,,,,,,connected_peers=23,,,,,
server,peer_replication_merge_delta,completed,1787925473588097,178792343327014805,,17,,1787925473575028,1787925473587942,1787925473588097,,,"delta_len=123,sent_us=1787925473544539",,,,,155
server,client_mutation,completed,1787925473821956,178792343327014805,,,,1787925473819819,1787925473819820,1787925473821956,,,http_data_plane,,,,,2136
server,membership_directory_read,completed,1787925474260311,178792343327014805,,,,,1787925474186117,1787925474260311,,,poll:319 descriptors,,,,,74194
server,client_mutation,completed,1787925474321770,178792343327014805,,,,1787925474319661,1787925474319661,1787925474321770,,,http_data_plane,,,,,2109
server,peer_replication_get_delta,completed,1787925474811921,178792343327014805,178792343513166005,17,,1787925474811713,1787925474811736,1787925474811921,,,"delta_len=15,sent_us=1787925474229796",,,,,185
server,peer_replication_get_delta,completed,1787925474811976,178792343327014805,178792343266890005,17,,1787925474811941,1787925474811944,1787925474811976,,,"delta_len=54,sent_us=1787925474545147",,,,,32
server,peer_replication_pull_request,sent,1787925474811990,178792343327014805,,,,,,,,,connected_peers=21,,,,,
server,client_mutation,completed,1787925474821583,178792343327014805,,,,1787925474819535,1787925474819535,1787925474821583,,,http_data_plane,,,,,2048
server,client_mutation,completed,1787925475321807,178792343327014805,,,,1787925475319768,1787925475319769,1787925475321807,,,http_data_plane,,,,,2038
server,peer_replication_pull_request,sent,1787925475514627,178792343327014805,,,,,,,,,connected_peers=21,,,,,
server,peer_replication_merge_delta,completed,1787925475583620,178792343327014805,,17,,1787925475574235,1787925475583556,1787925475583620,,,"delta_len=95,sent_us=1787925475544336",,,,,64
server,client_mutation,completed,1787925475821106,178792343327014805,,,,1787925475819744,1787925475819745,1787925475821106,,,http_data_plane,,,,,1361
server,peer_replication_get_delta,completed,1787925476053136,178792343327014805,178792343404851505,17,,1787925476052943,1787925476052948,1787925476053136,,,"delta_len=43,sent_us=1787925476022920",,,,,188
server,client_mutation,completed,1787925476321015,178792343327014805,,,,1787925476319628,1787925476319629,1787925476321015,,,http_data_plane,,,,,1386
server,peer_replication_get_delta,completed,1787925476389879,178792343327014805,178792343327016805,17,,1787925476389664,1787925476389668,1787925476389879,,,"delta_len=65,sent_us=1787925476389260",,,,,211
server,peer_replication_pull_request,sent,1787925476514207,178792343327014805,,,,,,,,,connected_peers=21,,,,,
server,peer_replication_merge_delta,completed,1787925476519789,178792343327014805,,17,,1787925476515168,1787925476519761,1787925476519789,,,"delta_len=38,sent_us=1787925476514741",,,,,28
server,client_mutation,completed,1787925476820984,178792343327014805,,,,1787925476819594,1787925476819595,1787925476820984,,,http_data_plane,,,,,1389
server,client_mutation,completed,1787925477321129,178792343327014805,,,,1787925477319616,1787925477319616,1787925477321129,,,http_data_plane,,,,,1513
server,peer_replication_pull_request,sent,1787925477514874,178792343327014805,,,,,,,,,connected_peers=21,,,,,
server,client_mutation,completed,1787925477820936,178792343327014805,,,,1787925477819591,1787925477819592,1787925477820936,,,http_data_plane,,,,,1344
server,gc_observed,start,1787925478296404,178792343327014805,,18,,,,,,,,,,,,
server,gc_membership_descriptor_write,completed,1787925479445697,178792343327014805,,18,,,,,,,"178792343327014805,3.121.180.49:19081,18",,,,,
server,gc_observed,completed,1787925479445725,178792343327014805,,18,,,,,,,,,,,,
server,peer_replication_merge_delta,completed,1787925479454061,178792343327014805,,18,,1787925478296403,1787925479453963,1787925479454061,,,"delta_len=85,sent_us=1787925478242427",,,,,98
server,peer_replication_pull_request,sent,1787925479454107,178792343327014805,,,,,,,,,connected_peers=21,,,,,
server,client_mutation,completed,1787925478328407,178792343327014805,,,,1787925478327198,1787925478327199,1787925478328407,,,http_data_plane,,,,,1208
server,client_mutation,completed,1787925478822546,178792343327014805,,,,1787925478821280,1787925478821281,1787925478822546,,,http_data_plane,,,,,1265
server,peer_replication_get_delta,completed,1787925479454601,178792343327014805,178792343266888005,18,,1787925479454131,1787925479454134,1787925479454601,,,"delta_len=39,sent_us=1787925479109045",,,,,467
server,client_mutation,completed,1787925479326169,178792343327014805,,,,1787925479319706,1787925479319707,1787925479326169,,,http_data_plane,,,,,6462
server,peer_replication_get_delta,completed,1787925479454753,178792343327014805,178792343327016805,18,,1787925479454643,1787925479454646,1787925479454753,,,"delta_len=34,sent_us=1787925479389416",,,,,107
server,peer_replication_merge_delta,completed,1787925479522114,178792343327014805,,18,,1787925479513773,1787925479522021,1787925479522114,,,"delta_len=93,sent_us=1787925479483795",,,,,93
server,membership_directory_read,completed,1787925479516007,178792343327014805,,,,,1787925479454180,1787925479516007,,,poll:335 descriptors,,,,,61827
server,peer_replication_pull_request,sent,1787925479522195,178792343327014805,,,,,,,,,connected_peers=21,,,,,
server,peer_replication_merge_delta,completed,1787925479576126,178792343327014805,,18,,1787925479570643,1787925479576066,1787925479576126,,,"delta_len=30,sent_us=1787925479558147",,,,,60
server,client_mutation,completed,1787925479820945,178792343327014805,,,,1787925479819612,1787925479819612,1787925479820945,,,http_data_plane,,,,,1333
server,client_mutation,completed,1787925480321044,178792343327014805,,,,1787925480319623,1787925480319623,1787925480321044,,,http_data_plane,,,,,1421
server,peer_replication_pull_request,sent,1787925480514809,178792343327014805,,,,,,,,,connected_peers=21,,,,,
server,peer_replication_merge_delta,completed,1787925480558309,178792343327014805,,18,,1787925480554690,1787925480558288,1787925480558309,,,"delta_len=19,sent_us=1787925480544482",,,,,21
server,client_mutation,completed,1787925480821024,178792343327014805,,,,1787925480819643,1787925480819644,1787925480821024,,,http_data_plane,,,,,1380
server,client_mutation,completed,1787925481321189,178792343327014805,,,,1787925481319613,1787925481319613,1787925481321189,,,http_data_plane,,,,,1576
server,peer_replication_pull_request,sent,1787925481514080,178792343327014805,,,,,,,,,connected_peers=21,,,,,
server,peer_replication_merge_delta,completed,1787925481616805,178792343327014805,,18,,1787925481612083,1787925481616776,1787925481616805,,,"delta_len=43,sent_us=1787925481599752",,,,,29
server,client_mutation,completed,1787925481820925,178792343327014805,,,,1787925481819625,1787925481819626,1787925481820925,,,http_data_plane,,,,,1299
server,client_mutation,completed,1787925482320881,178792343327014805,,,,1787925482319627,1787925482319627,1787925482320881,,,http_data_plane,,,,,1254
server,peer_replication_pull_request,sent,1787925482514600,178792343327014805,,,,,,,,,connected_peers=21,,,,,
server,peer_replication_merge_delta,completed,1787925482602749,178792343327014805,,18,,1787925482599431,1787925482602732,1787925482602749,,,"delta_len=19,sent_us=1787925482589267",,,,,17
server,client_mutation,completed,1787925482821023,178792343327014805,,,,1787925482819763,1787925482819764,1787925482821023,,,http_data_plane,,,,,1259
server,peer_replication_get_delta,completed,1787925483021578,178792343327014805,178792343597981005,18,,1787925483021397,1787925483021402,1787925483021578,,,"delta_len=62,sent_us=1787925483009366",,,,,176
server,client_mutation,completed,1787925483320914,178792343327014805,,,,1787925483319599,1787925483319599,1787925483320914,,,http_data_plane,,,,,1315
server,peer_replication_pull_request,sent,1787925483514636,178792343327014805,,,,,,,,,connected_peers=21,,,,,
server,peer_replication_merge_delta,completed,1787925483558885,178792343327014805,,18,,1787925483551478,1787925483558823,1787925483558885,,,"delta_len=94,sent_us=1787925483533392",,,,,62
server,client_mutation,completed,1787925483820947,178792343327014805,,,,1787925483819608,1787925483819608,1787925483820947,,,http_data_plane,,,,,1339
server,peer_replication_get_delta,completed,1787925484145928,178792343327014805,178792343266888005,18,,1787925484145554,1787925484145558,1787925484145928,,,"delta_len=43,sent_us=1787925484109372",,,,,370
server,membership_directory_read,completed,1787925484239538,178792343327014805,,,,,1787925484186264,1787925484239538,,,poll:336 descriptors,,,,,53274
server,client_mutation,completed,1787925484320978,178792343327014805,,,,1787925484319586,1787925484319587,1787925484320978,,,http_data_plane,,,,,1391
server,peer_replication_pull_request,sent,1787925484514652,178792343327014805,,,,,,,,,connected_peers=21,,,,,
server,peer_replication_merge_delta,completed,1787925484615172,178792343327014805,,18,,1787925484610411,1787925484615129,1787925484615172,,,"delta_len=56,sent_us=1787925484599638",,,,,43
server,peer_replication_get_delta,completed,1787925484708441,178792343327014805,178792343513168005,18,,1787925484708254,1787925484708260,1787925484708441,,,"delta_len=96,sent_us=1787925484644362",,,,,181
server,client_mutation,completed,1787925484820877,178792343327014805,,,,1787925484819612,1787925484819613,1787925484820877,,,http_data_plane,,,,,1264
server,client_mutation,completed,1787925485320907,178792343327014805,,,,1787925485319603,1787925485319603,1787925485320907,,,http_data_plane,,,,,1304
server,peer_replication_pull_request,sent,1787925485514602,178792343327014805,,,,,,,,,connected_peers=21,,,,,
server,peer_replication_merge_delta,completed,1787925485520416,178792343327014805,,18,,1787925485516239,1787925485520392,1787925485520416,,,"delta_len=34,sent_us=1787925485515610",,,,,24
server,client_mutation,completed,1787925485820860,178792343327014805,,,,1787925485819578,1787925485819579,1787925485820860,,,http_data_plane,,,,,1281
server,peer_replication_get_delta,completed,1787925486248586,178792343327014805,178792343513166005,18,,1787925486248400,1787925486248405,1787925486248586,,,"delta_len=55,sent_us=1787925486229978",,,,,181
server,client_mutation,completed,1787925486320897,178792343327014805,,,,1787925486319601,1787925486319602,1787925486320897,,,http_data_plane,,,,,1295
server,peer_replication_pull_request,sent,1787925486514624,178792343327014805,,,,,,,,,connected_peers=21,,,,,
server,client_mutation,completed,1787925486820880,178792343327014805,,,,1787925486819592,1787925486819592,1787925486820880,,,http_data_plane,,,,,1288
server,client_mutation,completed,1787925487320831,178792343327014805,,,,1787925487319608,1787925487319608,1787925487320831,,,http_data_plane,,,,,1223
server,peer_replication_get_delta,completed,1787925487429961,178792343327014805,178792343266889005,18,,1787925487429740,1787925487429745,1787925487429961,,,"delta_len=42,sent_us=1787925487393753",,,,,216
server,peer_replication_pull_request,sent,1787925487514288,178792343327014805,,,,,,,,,connected_peers=21,,,,,
server,peer_replication_merge_delta,completed,1787925487581405,178792343327014805,,18,,1787925487574742,1787925487581351,1787925487581405,,,"delta_len=79,sent_us=1787925487544556",,,,,54
server,client_mutation,completed,1787925487820799,178792343327014805,,,,1787925487819578,1787925487819580,1787925487820799,,,http_data_plane,,,,,1219
server,client_mutation,completed,1787925488320820,178792343327014805,,,,1787925488319584,1787925488319584,1787925488320820,,,http_data_plane,,,,,1236
server,peer_replication_pull_request,sent,1787925488514542,178792343327014805,,,,,,,,,connected_peers=21,,,,,
server,peer_replication_merge_delta,completed,1787925488543301,178792343327014805,,18,,1787925488539151,1787925488543280,1787925488543301,,,"delta_len=36,sent_us=1787925488533103",,,,,21
server,client_mutation,completed,1787925488820892,178792343327014805,,,,1787925488819555,1787925488819555,1787925488820892,,,http_data_plane,,,,,1337
server,membership_directory_read,completed,1787925489247979,178792343327014805,,,,,1787925489186801,1787925489247979,,,poll:336 descriptors,,,,,61178
server,client_mutation,completed,1787925489320921,178792343327014805,,,,1787925489319608,1787925489319608,1787925489320921,,,http_data_plane,,,,,1313
server,peer_replication_get_delta,completed,1787925489390208,178792343327014805,178792343327016805,18,,1787925489390017,1787925489390022,1787925489390208,,,"delta_len=46,sent_us=1787925489389368",,,,,186
server,peer_replication_pull_request,sent,1787925489514536,178792343327014805,,,,,,,,,connected_peers=21,,,,,
server,peer_replication_merge_delta,completed,1787925489618056,178792343327014805,,18,,1787925489612949,1787925489618021,1787925489618056,,,"delta_len=50,sent_us=1787925489600427",,,,,35
server,client_mutation,completed,1787925489820874,178792343327014805,,,,1787925489819602,1787925489819602,1787925489820874,,,http_data_plane,,,,,1272
server,client_mutation,completed,1787925490320916,178792343327014805,,,,1787925490319652,1787925490319653,1787925490320916,,,http_data_plane,,,,,1263
server,peer_replication_pull_request,sent,1787925490514613,178792343327014805,,,,,,,,,connected_peers=21,,,,,
server,peer_replication_merge_delta,completed,1787925490520299,178792343327014805,,18,,1787925490515782,1787925490520275,1787925490520299,,,"delta_len=45,sent_us=1787925490515284",,,,,24
server,client_mutation,completed,1787925490820907,178792343327014805,,,,1787925490819606,1787925490819607,1787925490820907,,,http_data_plane,,,,,1300
server,client_mutation,completed,1787925491320803,178792343327014805,,,,1787925491319589,1787925491319589,1787925491320803,,,http_data_plane,,,,,1214
server,peer_replication_pull_request,sent,1787925491514496,178792343327014805,,,,,,,,,connected_peers=21,,,,,
server,peer_replication_merge_delta,completed,1787925491544005,178792343327014805,,18,,1787925491539118,1787925491543970,1787925491544005,,,"delta_len=52,sent_us=1787925491533023",,,,,35
server,client_mutation,completed,1787925491821003,178792343327014805,,,,1787925491819639,1787925491819640,1787925491821003,,,http_data_plane,,,,,1363
server,peer_replication_get_delta,completed,1787925492021714,178792343327014805,178792343597981005,18,,1787925492021527,1787925492021533,1787925492021714,,,"delta_len=74,sent_us=1787925492009465",,,,,181
server,client_mutation,completed,1787925492320877,178792343327014805,,,,1787925492319655,1787925492319656,1787925492320877,,,http_data_plane,,,,,1221
server,peer_replication_pull_request,sent,1787925492514569,178792343327014805,,,,,,,,,connected_peers=21,,,,,
server,peer_replication_merge_delta,completed,1787925492582436,178792343327014805,,18,,1787925492576281,1787925492582393,1787925492582436,,,"delta_len=73,sent_us=1787925492545320",,,,,43
server,client_mutation,completed,1787925492820958,178792343327014805,,,,1787925492819606,1787925492819607,1787925492820958,,,http_data_plane,,,,,1351
server,client_mutation,completed,1787925493320969,178792343327014805,,,,1787925493319665,1787925493319665,1787925493320969,,,http_data_plane,,,,,1304
server,peer_replication_pull_request,sent,1787925493514623,178792343327014805,,,,,,,,,connected_peers=21,,,,,
server,peer_replication_merge_delta,completed,1787925493541006,178792343327014805,,18,,1787925493537714,1787925493540984,1787925493541006,,,"delta_len=22,sent_us=1787925493531745",,,,,22
server,client_mutation,completed,1787925493820993,178792343327014805,,,,1787925493819642,1787925493819643,1787925493820993,,,http_data_plane,,,,,1350
server,peer_replication_get_delta,completed,1787925494076416,178792343327014805,178792343404851505,18,,1787925494076231,1787925494076236,1787925494076416,,,"delta_len=54,sent_us=1787925493994470",,,,,180
server,peer_replication_get_delta,completed,1787925494257168,178792343327014805,178792343404854505,18,,1787925494256970,1787925494256975,1787925494257168,,,"delta_len=52,sent_us=1787925494227246",,,,,193
server,membership_directory_read,completed,1787925494258883,178792343327014805,,,,,1787925494186707,1787925494258883,,,poll:336 descriptors,,,,,72176
server,client_mutation,completed,1787925494320878,178792343327014805,,,,1787925494319632,1787925494319632,1787925494320878,,,http_data_plane,,,,,1246
server,peer_replication_pull_request,sent,1787925494514545,178792343327014805,,,,,,,,,connected_peers=21,,,,,
server,client_mutation,completed,1787925494820883,178792343327014805,,,,1787925494819608,1787925494819609,1787925494820883,,,http_data_plane,,,,,1274
server,client_mutation,completed,1787925495320941,178792343327014805,,,,1787925495319626,1787925495319626,1787925495320941,,,http_data_plane,,,,,1315
server,peer_replication_get_delta,completed,1787925495335540,178792343327014805,178792343513167005,18,,1787925495335360,1787925495335366,1787925495335540,,,"delta_len=17,sent_us=1787925495317072",,,,,174
server,peer_replication_pull_request,sent,1787925495514939,178792343327014805,,,,,,,,,connected_peers=21,,,,,
server,peer_replication_merge_delta,completed,1787925495630371,178792343327014805,,18,,1787925495618990,1787925495630292,1787925495630371,,,"delta_len=153,sent_us=1787925495588981",,,,,79
server,client_mutation,completed,1787925495820856,178792343327014805,,,,1787925495819588,1787925495819589,1787925495820856,,,http_data_plane,,,,,1267
server,client_mutation,completed,1787925496320999,178792343327014805,,,,1787925496319721,1787925496319721,1787925496320999,,,http_data_plane,,,,,1278
server,peer_replication_pull_request,sent,1787925496514724,178792343327014805,,,,,,,,,connected_peers=21,,,,,
server,peer_replication_merge_delta,completed,1787925496592303,178792343327014805,,18,,1787925496589021,1787925496592286,1787925496592303,,,"delta_len=18,sent_us=1787925496582997",,,,,17
server,peer_replication_get_delta,completed,1787925496809807,178792343327014805,178792343266890005,18,,1787925496809630,1787925496809636,1787925496809807,,,"delta_len=53,sent_us=1787925496773472",,,,,171
server,client_mutation,completed,1787925496820819,178792343327014805,,,,1787925496819590,1787925496819591,1787925496820819,,,http_data_plane,,,,,1228
server,client_mutation,completed,1787925497320918,178792343327014805,,,,1787925497319622,1787925497319623,1787925497320918,,,http_data_plane,,,,,1295
server,peer_replication_pull_request,sent,1787925497514623,178792343327014805,,,,,,,,,connected_peers=21,,,,,
server,client_mutation,completed,1787925497820804,178792343327014805,,,,1787925497819596,1787925497819596,1787925497820804,,,http_data_plane,,,,,1208
server,client_mutation,completed,1787925498320767,178792343327014805,,,,1787925498319544,1787925498319545,1787925498320767,,,http_data_plane,,,,,1222
server,peer_replication_pull_request,sent,1787925498514469,178792343327014805,,,,,,,,,connected_peers=21,,,,,
server,peer_replication_merge_delta,completed,1787925498582193,178792343327014805,,18,,1787925498574821,1787925498582136,1787925498582193,,,"delta_len=92,sent_us=1787925498544438",,,,,57
server,client_mutation,completed,1787925498820860,178792343327014805,,,,1787925498819554,1787925498819555,1787925498820860,,,http_data_plane,,,,,1305
server,peer_replication_get_delta,completed,1787925499206168,178792343327014805,178792343404853505,18,,1787925499205975,1787925499205979,1787925499206168,,,"delta_len=50,sent_us=1787925499127338",,,,,189
server,membership_directory_read,completed,1787925499247751,178792343327014805,,,,,1787925499186426,1787925499247751,,,poll:336 descriptors,,,,,61325
server,client_mutation,completed,1787925499321090,178792343327014805,,,,1787925499319612,1787925499319612,1787925499321090,,,http_data_plane,,,,,1478
server,peer_replication_pull_request,sent,1787925499514785,178792343327014805,,,,,,,,,connected_peers=21,,,,,
server,peer_replication_merge_delta,completed,1787925499593884,178792343327014805,,18,,1787925499589302,1787925499593822,1787925499593884,,,"delta_len=41,sent_us=1787925499583219",,,,,62
server,client_mutation,completed,1787925499820858,178792343327014805,,,,1787925499819605,1787925499819605,1787925499820858,,,http_data_plane,,,,,1253
server,client_mutation,completed,1787925500320852,178792343327014805,,,,1787925500319602,1787925500319602,1787925500320852,,,http_data_plane,,,,,1250
server,peer_replication_pull_request,sent,1787925500514581,178792343327014805,,,,,,,,,connected_peers=21,,,,,
server,peer_replication_merge_delta,completed,1787925500644253,178792343327014805,,18,,1787925500636254,1787925500644201,1787925500644253,,,"delta_len=96,sent_us=1787925500599880",,,,,52
server,peer_replication_get_delta,completed,1787925500708526,178792343327014805,178792343513168005,18,,1787925500708264,1787925500708269,1787925500708526,,,"delta_len=109,sent_us=1787925500644748",,,,,257
server,client_mutation,completed,1787925500821245,178792343327014805,,,,1787925500819610,1787925500819610,1787925500821245,,,http_data_plane,,,,,1635
server,peer_replication_get_delta,completed,1787925501145559,178792343327014805,178792343266888005,18,,1787925501145364,1787925501145370,1787925501145559,,,"delta_len=34,sent_us=1787925501109205",,,,,189
server,client_mutation,completed,1787925501321444,178792343327014805,,,,1787925501319625,1787925501319626,1787925501321444,,,http_data_plane,,,,,1818
server,peer_replication_pull_request,sent,1787925501514191,178792343327014805,,,,,,,,,connected_peers=21,,,,,
server,peer_replication_merge_delta,completed,1787925501518875,178792343327014805,,18,,1787925501515273,1787925501518860,1787925501518875,,,"delta_len=15,sent_us=1787925501514779",,,,,15
server,client_mutation,completed,1787925501821614,178792343327014805,,,,1787925501819617,1787925501819618,1787925501821614,,,http_data_plane,,,,,1996
server,peer_replication_get_delta,completed,1787925502306153,178792343327014805,178792343404854505,18,,1787925502305937,1787925502305944,1787925502306153,,,"delta_len=36,sent_us=1787925502227239",,,,,209
server,client_mutation,completed,1787925502321591,178792343327014805,,,,1787925502319569,1787925502319569,1787925502321591,,,http_data_plane,,,,,2022
server,peer_replication_pull_request,sent,1787925502514355,178792343327014805,,,,,,,,,connected_peers=21,,,,,
server,peer_replication_merge_delta,completed,1787925502595167,178792343327014805,,18,,1787925502588986,1787925502595128,1787925502595167,,,"delta_len=62,sent_us=1787925502582901",,,,,39
server,peer_replication_get_delta,completed,1787925502810286,178792343327014805,178792343266890005,18,,1787925502810053,1787925502810059,1787925502810286,,,"delta_len=42,sent_us=1787925502773712",,,,,227
server,client_mutation,completed,1787925502821766,178792343327014805,,,,1787925502819632,1787925502819633,1787925502821766,,,http_data_plane,,,,,2133
server,client_mutation,completed,1787925503321605,178792343327014805,,,,1787925503319598,1787925503319598,1787925503321605,,,http_data_plane,,,,,2007
server,peer_replication_get_delta,completed,1787925503490067,178792343327014805,178792343327015805,18,,1787925503489895,1787925503489899,1787925503490067,,,"delta_len=58,sent_us=1787925503489463",,,,,168
server,peer_replication_pull_request,sent,1787925503514248,178792343327014805,,,,,,,,,connected_peers=21,,,,,
server,peer_replication_merge_delta,completed,1787925503606003,178792343327014805,,18,,1787925503599511,1787925503605959,1787925503606003,,,"delta_len=63,sent_us=1787925503589238",,,,,44
server,peer_replication_get_delta,completed,1787925503662763,178792343327014805,178792343513168005,18,,1787925503662576,1787925503662583,1787925503662763,,,"delta_len=83,sent_us=1787925503644582",,,,,180
server,client_mutation,completed,1787925503821692,178792343327014805,,,,1787925503819619,1787925503819620,1787925503821692,,,http_data_plane,,,,,2072
server,membership_directory_read,completed,1787925504251267,178792343327014805,,,,,1787925504186645,1787925504251267,,,poll:336 descriptors,,,,,64622
server,client_mutation,completed,1787925504321830,178792343327014805,,,,1787925504319611,1787925504319611,1787925504321830,,,http_data_plane,,,,,2219
server,client_mutation,completed,1787925504821656,178792343327014805,,,,1787925504819579,1787925504819580,1787925504821656,,,http_data_plane,,,,,2076
server,peer_replication_get_delta,completed,1787925505145306,178792343327014805,178792343266888005,18,,1787925505145118,1787925505145124,1787925505145306,,,"delta_len=51,sent_us=1787925505108925",,,,,182
server,client_mutation,completed,1787925505321645,178792343327014805,,,,1787925505319588,1787925505319588,1787925505321645,,,http_data_plane,,,,,2057
server,peer_replication_pull_request,sent,1787925505514373,178792343327014805,,,,,,,,,connected_peers=20,,,,,
server,peer_replication_merge_delta,completed,1787925505609307,178792343327014805,,18,,1787925505601488,1787925505609260,1787925505609307,,,"delta_len=76,sent_us=1787925505582820",,,,,47
server,client_mutation,completed,1787925505821738,178792343327014805,,,,1787925505819614,1787925505819615,1787925505821738,,,http_data_plane,,,,,2123
server,client_mutation,completed,1787925506321734,178792343327014805,,,,1787925506319639,1787925506319639,1787925506321734,,,http_data_plane,,,,,2095
server,peer_replication_pull_request,sent,1787925506514558,178792343327014805,,,,,,,,,connected_peers=20,,,,,
server,peer_replication_merge_delta,completed,1787925506523019,178792343327014805,,18,,1787925506515589,1787925506522981,1787925506523019,,,"delta_len=62,sent_us=1787925506515122",,,,,38
server,client_mutation,completed,1787925506821605,178792343327014805,,,,1787925506819581,1787925506819582,1787925506821605,,,http_data_plane,,,,,2023
server,peer_replication_get_delta,completed,1787925506822784,178792343327014805,178792343513164005,18,,1787925506822598,1787925506822603,1787925506822784,,,"delta_len=117,sent_us=1787925506804802",,,,,181
server,client_mutation,completed,1787925507321677,178792343327014805,,,,1787925507319612,1787925507319613,1787925507321677,,,http_data_plane,,,,,2064
server,peer_replication_pull_request,sent,1787925507514562,178792343327014805,,,,,,,,,connected_peers=20,,,,,
server,peer_replication_merge_delta,completed,1787925507558751,178792343327014805,,18,,1787925507554926,1787925507558730,1787925507558751,,,"delta_len=18,sent_us=1787925507544476",,,,,21
server,peer_replication_get_delta,completed,1787925507811416,178792343327014805,178792343266890005,18,,1787925507811206,1787925507811211,1787925507811416,,,"delta_len=55,sent_us=1787925507774063",,,,,205
server,client_mutation,completed,1787925507821738,178792343327014805,,,,1787925507819598,1787925507819599,1787925507821738,,,http_data_plane,,,,,2139
server,peer_replication_get_delta,completed,1787925507822407,178792343327014805,178792343513164005,18,,1787925507822227,1787925507822231,1787925507822407,,,"delta_len=19,sent_us=1787925507804363",,,,,176
server,client_mutation,completed,1787925508321730,178792343327014805,,,,1787925508319633,1787925508319634,1787925508321730,,,http_data_plane,,,,,2096
server,peer_replication_get_delta,completed,1787925508708444,178792343327014805,178792343513168005,18,,1787925508708251,1787925508708256,1787925508708444,,,"delta_len=71,sent_us=1787925508644169",,,,,188
server,client_mutation,completed,1787925508821699,178792343327014805,,,,1787925508819590,1787925508819591,1787925508821699,,,http_data_plane,,,,,2108
server,membership_directory_read,completed,1787925509250214,178792343327014805,,,,,1787925509186678,1787925509250214,,,poll:336 descriptors,,,,,63536
server,client_mutation,completed,1787925509321717,178792343327014805,,,,1787925509319567,1787925509319567,1787925509321717,,,http_data_plane,,,,,2150
server,peer_replication_pull_request,sent,1787925509514524,178792343327014805,,,,,,,,,connected_peers=19,,,,,
server,peer_replication_merge_delta,completed,1787925509526794,178792343327014805,,18,,1787925509515797,1787925509526737,1787925509526794,,,"delta_len=91,sent_us=1787925509515124",,,,,57
server,client_mutation,completed,1787925509821800,178792343327014805,,,,1787925509819598,1787925509819598,1787925509821800,,,http_data_plane,,,,,2202
server,peer_replication_get_delta,completed,1787925510248426,178792343327014805,178792343513166005,18,,1787925510248171,1787925510248177,1787925510248426,,,"delta_len=36,sent_us=1787925510229723",,,,,249
server,client_mutation,completed,1787925510321625,178792343327014805,,,,1787925510319626,1787925510319626,1787925510321625,,,http_data_plane,,,,,1999
server,peer_replication_get_delta,completed,1787925510429575,178792343327014805,178792343266889005,18,,1787925510429364,1787925510429371,1787925510429575,,,"delta_len=34,sent_us=1787925510393371",,,,,204
server,peer_replication_get_delta,completed,1787925510489825,178792343327014805,178792343327015805,18,,1787925510489640,1787925510489645,1787925510489825,,,"delta_len=26,sent_us=1787925510489230",,,,,180
server,peer_replication_pull_request,sent,1787925510514042,178792343327014805,,,,,,,,,connected_peers=19,,,,,
server,peer_replication_merge_delta,completed,1787925510617939,178792343327014805,,18,,1787925510612951,1787925510617909,1787925510617939,,,"delta_len=37,sent_us=1787925510600541",,,,,30
server,client_mutation,completed,1787925510821654,178792343327014805,,,,1787925510819572,1787925510819573,1787925510821654,,,http_data_plane,,,,,2081
server,peer_replication_get_delta,completed,1787925511248065,178792343327014805,178792343513166005,18,,1787925511247832,1787925511247837,1787925511248065,,,"delta_len=8,sent_us=1787925511229419",,,,,228
server,client_mutation,completed,1787925511322213,178792343327014805,,,,1787925511319605,1787925511319606,1787925511322213,,,http_data_plane,,,,,2607
server,peer_replication_pull_request,sent,1787925511514041,178792343327014805,,,,,,,,,connected_peers=19,,,,,
server,peer_replication_merge_delta,completed,1787925511567473,178792343327014805,,18,,1787925511564078,1787925511567461,1787925511567473,,,"delta_len=8,sent_us=1787925511551642",,,,,12
server,client_mutation,completed,1787925511821808,178792343327014805,,,,1787925511819607,1787925511819608,1787925511821808,,,http_data_plane,,,,,2200
server,client_mutation,completed,1787925512321689,178792343327014805,,,,1787925512319620,1787925512319621,1787925512321689,,,http_data_plane,,,,,2068
server,peer_replication_pull_request,sent,1787925512514562,178792343327014805,,,,,,,,,connected_peers=19,,,,,
server,peer_replication_merge_delta,completed,1787925512561359,178792343327014805,,18,,1787925512555071,1787925512561324,1787925512561359,,,"delta_len=49,sent_us=1787925512544868",,,,,35
server,client_mutation,completed,1787925512821666,178792343327014805,,,,1787925512819604,1787925512819604,1787925512821666,,,http_data_plane,,,,,2062
server,client_mutation,completed,1787925513321721,178792343327014805,,,,1787925513319697,1787925513319698,1787925513321721,,,http_data_plane,,,,,2023
server,peer_replication_pull_request,sent,1787925513514551,178792343327014805,,,,,,,,,connected_peers=19,,,,,
server,peer_replication_merge_delta,completed,1787925513561012,178792343327014805,,18,,1787925513555099,1787925513560992,1787925513561012,,,"delta_len=23,sent_us=1787925513544793",,,,,20
server,client_mutation,completed,1787925513821680,178792343327014805,,,,1787925513819670,1787925513819670,1787925513821680,,,http_data_plane,,,,,2010
server,peer_replication_get_delta,completed,1787925514156241,178792343327014805,178792343404853505,18,,1787925514156037,1787925514156042,1787925514156241,,,"delta_len=52,sent_us=1787925514126389",,,,,199
server,membership_directory_read,completed,1787925514258364,178792343327014805,,,,,1787925514186510,1787925514258364,,,poll:336 descriptors,,,,,71854
server,client_mutation,completed,1787925514321763,178792343327014805,,,,1787925514319582,1787925514319582,1787925514321763,,,http_data_plane,,,,,2181
server,peer_replication_get_delta,completed,1787925514371380,178792343327014805,178792343404855505,18,,1787925514371200,1787925514371205,1787925514371380,,,"delta_len=14,sent_us=1787925514340425",,,,,175
server,peer_replication_pull_request,sent,1787925514514752,178792343327014805,,,,,,,,,connected_peers=19,,,,,
server,peer_replication_merge_delta,completed,1787925514627532,178792343327014805,,18,,1787925514618814,1787925514627470,1787925514627532,,,"delta_len=101,sent_us=1787925514588938",,,,,62
server,client_mutation,completed,1787925514821642,178792343327014805,,,,1787925514819606,1787925514819607,1787925514821642,,,http_data_plane,,,,,2035
server,client_mutation,completed,1787925515321708,178792343327014805,,,,1787925515319617,1787925515319617,1787925515321708,,,http_data_plane,,,,,2091
server,peer_replication_pull_request,sent,1787925515514608,178792343327014805,,,,,,,,,connected_peers=19,,,,,
server,peer_replication_merge_delta,completed,1787925515644006,178792343327014805,,18,,1787925515635845,1787925515643930,1787925515644006,,,"delta_len=85,sent_us=1787925515599768",,,,,76
server,client_mutation,completed,1787925515821630,178792343327014805,,,,1787925515819591,1787925515819592,1787925515821630,,,http_data_plane,,,,,2038
server,client_mutation,completed,1787925516321770,178792343327014805,,,,1787925516319644,1787925516319645,1787925516321770,,,http_data_plane,,,,,2125
server,peer_replication_get_delta,completed,1787925516490166,178792343327014805,178792343327015805,18,,1787925516489973,1787925516489978,1787925516490166,,,"delta_len=66,sent_us=1787925516489425",,,,,188
server,peer_replication_pull_request,sent,1787925516514393,178792343327014805,,,,,,,,,connected_peers=19,,,,,
server,peer_replication_merge_delta,completed,1787925516560159,178792343327014805,,18,,1787925516554414,1787925516560129,1787925516560159,,,"delta_len=51,sent_us=1787925516544196",,,,,30
server,client_mutation,completed,1787925516821617,178792343327014805,,,,1787925516819584,1787925516819585,1787925516821617,,,http_data_plane,,,,,2032
server,client_mutation,completed,1787925517322121,178792343327014805,,,,1787925517319661,1787925517319661,1787925517322121,,,http_data_plane,,,,,2460
server,peer_replication_pull_request,sent,1787925517514876,178792343327014805,,,,,,,,,connected_peers=19,,,,,
server,peer_replication_merge_delta,completed,1787925517560466,178792343327014805,,18,,1787925517556316,1787925517560449,1787925517560466,,,"delta_len=19,sent_us=1787925517545728",,,,,17
server,client_mutation,completed,1787925517821693,178792343327014805,,,,1787925517819614,1787925517819615,1787925517821693,,,http_data_plane,,,,,2078
server,peer_replication_get_delta,completed,1787925518248446,178792343327014805,178792343513166005,18,,1787925518248258,1787925518248263,1787925518248446,,,"delta_len=29,sent_us=1787925518229647",,,,,183
server,client_mutation,completed,1787925518321789,178792343327014805,,,,1787925518319639,1787925518319639,1787925518321789,,,http_data_plane,,,,,2150
server,peer_replication_get_delta,completed,1787925518378789,178792343327014805,178792343513167005,18,,1787925518378606,1787925518378611,1787925518378789,,,"delta_len=68,sent_us=1787925518317447",,,,,178
server,peer_replication_pull_request,sent,1787925518514121,178792343327014805,,,,,,,,,connected_peers=19,,,,,
server,peer_replication_merge_delta,completed,1787925518559095,178792343327014805,,18,,1787925518554339,1787925518559070,1787925518559095,,,"delta_len=30,sent_us=1787925518543932",,,,,25
server,client_mutation,completed,1787925518821690,178792343327014805,,,,1787925518819592,1787925518819593,1787925518821690,,,http_data_plane,,,,,2097
server,peer_replication_get_delta,completed,1787925519145329,178792343327014805,178792343266888005,18,,1787925519145139,1787925519145144,1787925519145329,,,"delta_len=41,sent_us=1787925519108950",,,,,185
server,membership_directory_read,completed,1787925519254923,178792343327014805,,,,,1787925519186630,1787925519254923,,,poll:336 descriptors,,,,,68293
server,client_mutation,completed,1787925519321671,178792343327014805,,,,1787925519319601,1787925519319602,1787925519321671,,,http_data_plane,,,,,2069
server,peer_replication_pull_request,sent,1787925519514411,178792343327014805,,,,,,,,,connected_peers=19,,,,,
server,client_mutation,completed,1787925519821669,178792343327014805,,,,1787925519819584,1787925519819586,1787925519821669,,,http_data_plane,,,,,2083
server,peer_replication_get_delta,completed,1787925520021818,178792343327014805,178792343597981005,18,,1787925520021522,1787925520021529,1787925520021818,,,"delta_len=28,sent_us=1787925520009283",,,,,289
server,client_mutation,completed,1787925520321708,178792343327014805,,,,1787925520319629,1787925520319629,1787925520321708,,,http_data_plane,,,,,2079
server,peer_replication_pull_request,sent,1787925520514494,178792343327014805,,,,,,,,,connected_peers=19,,,,,
server,peer_replication_merge_delta,completed,1787925520560365,178792343327014805,,18,,1787925520551362,1787925520560308,1787925520560365,,,"delta_len=110,sent_us=1787925520533227",,,,,57
server,client_mutation,completed,1787925520821625,178792343327014805,,,,1787925520819584,1787925520819585,1787925520821625,,,http_data_plane,,,,,2040
server,peer_replication_get_delta,completed,1787925521066330,178792343327014805,178792343404851505,18,,1787925521066152,1787925521066158,1787925521066330,,,"delta_len=25,sent_us=1787925520994652",,,,,172
server,client_mutation,completed,1787925521321725,178792343327014805,,,,1787925521319602,1787925521319602,1787925521321725,,,http_data_plane,,,,,2123
server,peer_replication_pull_request,sent,1787925521514615,178792343327014805,,,,,,,,,connected_peers=19,,,,,
server,peer_replication_merge_delta,completed,1787925521545328,178792343327014805,,18,,1787925521539337,1787925521545289,1787925521545328,,,"delta_len=48,sent_us=1787925521533099",,,,,39
server,client_mutation,completed,1787925521821767,178792343327014805,,,,1787925521819605,1787925521819606,1787925521821767,,,http_data_plane,,,,,2161
server,client_mutation,completed,1787925522321555,178792343327014805,,,,1787925522319638,1787925522319638,1787925522321555,,,http_data_plane,,,,,1917
server,peer_replication_pull_request,sent,1787925522514327,178792343327014805,,,,,,,,,connected_peers=19,,,,,
server,peer_replication_merge_delta,completed,1787925522555795,178792343327014805,,18,,1787925522548794,1787925522555752,1787925522555795,,,"delta_len=68,sent_us=1787925522531519",,,,,43
server,client_mutation,completed,1787925522821776,178792343327014805,,,,1787925522819611,1787925522819612,1787925522821776,,,http_data_plane,,,,,2164
server,client_mutation,completed,1787925523321742,178792343327014805,,,,1787925523319655,1787925523319655,1787925523321742,,,http_data_plane,,,,,2087
server,peer_replication_get_delta,completed,1787925523390046,178792343327014805,178792343327016805,18,,1787925523389822,1787925523389827,1787925523390046,,,"delta_len=71,sent_us=1787925523389313",,,,,219
server,peer_replication_pull_request,sent,1787925523514392,178792343327014805,,,,,,,,,connected_peers=19,,,,,
server,peer_replication_merge_delta,completed,1787925523608219,178792343327014805,,18,,1787925523601359,1787925523608174,1787925523608219,,,"delta_len=71,sent_us=1787925523582926",,,,,45
server,client_mutation,completed,1787925523821654,178792343327014805,,,,1787925523819566,1787925523819567,1787925523821654,,,http_data_plane,,,,,2087
server,membership_directory_read,completed,1787925524251447,178792343327014805,,,,,1787925524186500,1787925524251447,,,poll:336 descriptors,,,,,64947
server,peer_replication_get_delta,completed,1787925524257087,178792343327014805,178792343404854505,18,,1787925524256904,1787925524256909,1787925524257087,,,"delta_len=42,sent_us=1787925524227304",,,,,178
server,client_mutation,completed,1787925524321782,178792343327014805,,,,1787925524319609,1787925524319610,1787925524321782,,,http_data_plane,,,,,2172
server,peer_replication_pull_request,sent,1787925524514535,178792343327014805,,,,,,,,,connected_peers=19,,,,,
server,peer_replication_merge_delta,completed,1787925524520569,178792343327014805,,18,,1787925524515449,1787925524520514,1787925524520569,,,"delta_len=40,sent_us=1787925524515014",,,,,55
server,client_mutation,completed,1787925524821641,178792343327014805,,,,1787925524819597,1787925524819598,1787925524821641,,,http_data_plane,,,,,2043
server,client_mutation,completed,1787925525321785,178792343327014805,,,,1787925525319671,1787925525319672,1787925525321785,,,http_data_plane,,,,,2113
server,peer_replication_pull_request,sent,1787925525514599,178792343327014805,,,,,,,,,connected_peers=19,,,,,
server,peer_replication_merge_delta,completed,1787925525643460,178792343327014805,,18,,1787925525636172,1787925525643413,1787925525643460,,,"delta_len=83,sent_us=1787925525600038",,,,,47
server,client_mutation,completed,1787925525821592,178792343327014805,,,,1787925525819589,1787925525819590,1787925525821592,,,http_data_plane,,,,,2002
server,client_mutation,completed,1787925526321782,178792343327014805,,,,1787925526319579,1787925526319580,1787925526321782,,,http_data_plane,,,,,2202
server,peer_replication_get_delta,completed,1787925526390067,178792343327014805,178792343327016805,18,,1787925526389876,1787925526389882,1787925526390067,,,"delta_len=99,sent_us=1787925526389472",,,,,185
server,peer_replication_pull_request,sent,1787925526514385,178792343327014805,,,,,,,,,connected_peers=19,,,,,
server,peer_replication_merge_delta,completed,1787925526519353,178792343327014805,,18,,1787925526515316,1787925526519333,1787925526519353,,,"delta_len=19,sent_us=1787925526514917",,,,,20
server,client_mutation,completed,1787925526821686,178792343327014805,,,,1787925526819569,1787925526819570,1787925526821686,,,http_data_plane,,,,,2116
server,client_mutation,completed,1787925527324850,178792343327014805,,,,1787925527319679,1787925527319680,1787925527324850,,,http_data_plane,,,,,5170
server,peer_replication_pull_request,sent,1787925527514595,178792343327014805,,,,,,,,,connected_peers=19,,,,,
server,peer_replication_merge_delta,completed,1787925527536555,178792343327014805,,18,,1787925527530865,1787925527536516,1787925527536555,,,"delta_len=52,sent_us=1787925527526511",,,,,39
server,client_mutation,completed,1787925527821526,178792343327014805,,,,1787925527819584,1787925527819584,1787925527821526,,,http_data_plane,,,,,1942
server,client_mutation,completed,1787925528321554,178792343327014805,,,,1787925528319596,1787925528319596,1787925528321554,,,http_data_plane,,,,,1958
server,peer_replication_pull_request,sent,1787925528514311,178792343327014805,,,,,,,,,connected_peers=19,,,,,
server,peer_replication_merge_delta,completed,1787925528567577,178792343327014805,,18,,1787925528562765,1787925528567555,1787925528567577,,,"delta_len=31,sent_us=1787925528550338",,,,,22
server,peer_replication_connection,established,1787925528783661,178792343327014805,178792343597982005,,,,,,,,,,,,,
server,client_mutation,completed,1787925528821613,178792343327014805,,,,1787925528819599,1787925528819599,1787925528821613,,,http_data_plane,,,,,2014
server,peer_replication_connection,established,1787925528927333,178792343327014805,178792343266886006,,,,,,,,,,,,,
server,membership_directory_read,completed,1787925529252111,178792343327014805,,,,,1787925529186834,1787925529252111,,,poll:335 descriptors,,,,,65277
server,client_mutation,completed,1787925529321597,178792343327014805,,,,1787925529319602,1787925529319602,1787925529321597,,,http_data_plane,,,,,1995
server,peer_replication_pull_request,sent,1787925529514349,178792343327014805,,,,,,,,,connected_peers=21,,,,,
server,peer_replication_merge_delta,completed,1787925529605121,178792343327014805,,18,,1787925529599174,1787925529605081,1787925529605121,,,"delta_len=63,sent_us=1787925529588933",,,,,40
server,peer_replication_connection,established,1787925529642686,178792343327014805,178792343597983005,,,,,,,,,,,,,
server,client_mutation,completed,1787925529821668,178792343327014805,,,,1787925529819572,1787925529819573,1787925529821668,,,http_data_plane,,,,,2095
server,peer_replication_get_delta,completed,1787925530021265,178792343327014805,178792343597981005,18,,1787925530021062,1787925530021067,1787925530021265,,,"delta_len=42,sent_us=1787925530009050",,,,,198
server,peer_replication_connection,established,1787925530099597,178792343327014805,178792343266887006,,,,,,,,,,,,,
server,client_mutation,completed,1787925530321734,178792343327014805,,,,1787925530319579,1787925530319579,1787925530321734,,,http_data_plane,,,,,2155
server,peer_replication_connection,established,1787925530378908,178792343327014805,178792343597984005,,,,,,,,,,,,,
server,peer_replication_pull_request,sent,1787925530514226,178792343327014805,,,,,,,,,connected_peers=24,,,,,
server,peer_replication_merge_delta,completed,1787925530602976,178792343327014805,,18,,1787925530599079,1787925530602959,1787925530602976,,,"delta_len=22,sent_us=1787925530588953",,,,,17
server,client_mutation,completed,1787925530821635,178792343327014805,,,,1787925530819588,1787925530819588,1787925530821635,,,http_data_plane,,,,,2047
server,peer_replication_get_delta,completed,1787925531145252,178792343327014805,178792343266888005,18,,1787925531145062,1787925531145066,1787925531145252,,,"delta_len=70,sent_us=1787925531108910",,,,,186
server,client_mutation,completed,1787925531321742,178792343327014805,,,,1787925531319659,1787925531319659,1787925531321742,,,http_data_plane,,,,,2083
server,peer_replication_connection,established,1787925531503771,178792343327014805,178792343597985005,,,,,,,,,,,,,
server,peer_replication_pull_request,sent,1787925531514052,178792343327014805,,,,,,,,,connected_peers=25,,,,,
server,peer_replication_merge_delta,completed,1787925531567136,178792343327014805,,18,,1787925531562411,1787925531567108,1787925531567136,,,"delta_len=32,sent_us=1787925531550035",,,,,28
server,client_mutation,completed,1787925531821783,178792343327014805,,,,1787925531819698,1787925531819699,1787925531821783,,,http_data_plane,,,,,2084
server,client_mutation,completed,1787925532322072,178792343327014805,,,,1787925532319632,1787925532319632,1787925532322072,,,http_data_plane,,,,,2440
server,peer_replication_pull_request,sent,1787925532514756,178792343327014805,,,,,,,,,connected_peers=25,,,,,
server,peer_replication_merge_delta,completed,1787925532537542,178792343327014805,,18,,1787925532530978,1787925532537503,1787925532537542,,,"delta_len=58,sent_us=1787925532526632",,,,,39
server,client_mutation,completed,1787925532821700,178792343327014805,,,,1787925532819562,1787925532819563,1787925532821700,,,http_data_plane,,,,,2137
server,peer_replication_get_delta,completed,1787925532822563,178792343327014805,178792343513164005,18,,1787925532822382,1787925532822386,1787925532822563,,,"delta_len=133,sent_us=1787925532804546",,,,,177
server,client_mutation,completed,1787925533321734,178792343327014805,,,,1787925533319581,1787925533319582,1787925533321734,,,http_data_plane,,,,,2152
server,peer_replication_pull_request,sent,1787925533514693,178792343327014805,,,,,,,,,connected_peers=25,,,,,
server,peer_replication_merge_delta,completed,1787925533559194,178792343327014805,,18,,1787925533552301,1787925533559125,1787925533559194,,,"delta_len=73,sent_us=1787925533533715",,,,,69
server,client_mutation,completed,1787925533821702,178792343327014805,,,,1787925533819639,1787925533819640,1787925533821702,,,http_data_plane,,,,,2062
server,membership_directory_read,completed,1787925534246486,178792343327014805,,,,,1787925534186630,1787925534246486,,,poll:334 descriptors,,,,,59856
server,client_mutation,completed,1787925534321713,178792343327014805,,,,1787925534319625,1787925534319625,1787925534321713,,,http_data_plane,,,,,2088
server,peer_replication_get_delta,completed,1787925534336067,178792343327014805,178792343513167005,18,,1787925534335879,1787925534335886,1787925534336067,,,"delta_len=60,sent_us=1787925534317603",,,,,181
server,peer_replication_pull_request,sent,1787925534514474,178792343327014805,,,,,,,,,connected_peers=25,,,,,
server,peer_replication_merge_delta,completed,1787925534617334,178792343327014805,,18,,1787925534612300,1787925534617300,1787925534617334,,,"delta_len=38,sent_us=1787925534599873",,,,,34
server,client_mutation,completed,1787925534821576,178792343327014805,,,,1787925534819564,1787925534819564,1787925534821576,,,http_data_plane,,,,,2012
server,client_mutation,completed,1787925535321636,178792343327014805,,,,1787925535319585,1787925535319586,1787925535321636,,,http_data_plane,,,,,2050
server,peer_replication_pull_request,sent,1787925535514439,178792343327014805,,,,,,,,,connected_peers=25,,,,,
server,peer_replication_merge_delta,completed,1787925535542350,178792343327014805,,18,,1787925535537557,1787925535542311,1787925535542350,,,"delta_len=33,sent_us=1787925535531536",,,,,39
server,client_mutation,completed,1787925535821577,178792343327014805,,,,1787925535819553,1787925535819554,1787925535821577,,,http_data_plane,,,,,2023
server,peer_replication_get_delta,completed,1787925535834365,178792343327014805,178792343597982005,18,,1787925535834181,1787925535834187,1787925535834365,,,"delta_len=44,sent_us=1787925535772736",,,,,178
server,client_mutation,completed,1787925536321591,178792343327014805,,,,1787925536319586,1787925536319586,1787925536321591,,,http_data_plane,,,,,2005
server,peer_replication_pull_request,sent,1787925536514357,178792343327014805,,,,,,,,,connected_peers=25,,,,,
server,peer_replication_merge_delta,completed,1787925536545586,178792343327014805,,18,,1787925536538847,1787925536545534,1787925536545586,,,"delta_len=72,sent_us=1787925536532782",,,,,52
server,client_mutation,completed,1787925536821624,178792343327014805,,,,1787925536819606,1787925536819607,1787925536821624,,,http_data_plane,,,,,2017
server,client_mutation,completed,1787925537321816,178792343327014805,,,,1787925537319677,1787925537319678,1787925537321816,,,http_data_plane,,,,,2138
server,peer_replication_pull_request,sent,1787925537514568,178792343327014805,,,,,,,,,connected_peers=25,,,,,
server,peer_replication_merge_delta,completed,1787925537569035,178792343327014805,,18,,1787925537564064,1787925537569004,1787925537569035,,,"delta_len=35,sent_us=1787925537551497",,,,,31
server,client_mutation,completed,1787925537821634,178792343327014805,,,,1787925537819564,1787925537819565,1787925537821634,,,http_data_plane,,,,,2069
server,client_mutation,completed,1787925538321660,178792343327014805,,,,1787925538319611,1787925538319612,1787925538321660,,,http_data_plane,,,,,2048
server,peer_replication_get_delta,completed,1787925538429734,178792343327014805,178792343266889005,18,,1787925538429543,1787925538429548,1787925538429734,,,"delta_len=65,sent_us=1787925538393598",,,,,186
server,peer_replication_pull_request,sent,1787925538514059,178792343327014805,,,,,,,,,connected_peers=25,,,,,
server,peer_replication_merge_delta,completed,1787925538560499,178792343327014805,,18,,1787925538556453,1787925538560476,1787925538560499,,,"delta_len=20,sent_us=1787925538514587",,,,,23
server,client_mutation,completed,1787925538821738,178792343327014805,,,,1787925538819585,1787925538819586,1787925538821738,,,http_data_plane,,,,,2152
server,peer_replication_get_delta,completed,1787925538850282,178792343327014805,178792343266890005,18,,1787925538850101,1787925538850106,1787925538850282,,,"delta_len=39,sent_us=1787925538773587",,,,,176
server,peer_replication_get_delta,completed,1787925538967255,178792343327014805,178792343404852505,18,,1787925538967069,1787925538967074,1787925538967255,,,"delta_len=45,sent_us=1787925538936823",,,,,181
server,membership_directory_read,completed,1787925539248816,178792343327014805,,,,,1787925539186645,1787925539248816,,,poll:334 descriptors,,,,,62171
server,peer_replication_get_delta,completed,1787925539257020,178792343327014805,178792343404854505,18,,1787925539256838,1787925539256843,1787925539257020,,,"delta_len=31,sent_us=1787925539227156",,,,,177
server,client_mutation,completed,1787925539321646,178792343327014805,,,,1787925539319609,1787925539319610,1787925539321646,,,http_data_plane,,,,,2036
server,peer_replication_pull_request,sent,1787925539514406,178792343327014805,,,,,,,,,connected_peers=25,,,,,
server,peer_replication_merge_delta,completed,1787925539595333,178792343327014805,,18,,1787925539589135,1787925539595262,1787925539595333,,,"delta_len=60,sent_us=1787925539582872",,,,,71
server,client_mutation,completed,1787925539821911,178792343327014805,,,,1787925539819800,1787925539819800,1787925539821911,,,http_data_plane,,,,,2111
server,peer_replication_get_delta,completed,1787925540157150,178792343327014805,178792343404853505,18,,1787925540156914,1787925540156919,1787925540157150,,,"delta_len=65,sent_us=1787925540127250",,,,,231
server,client_mutation,completed,1787925540321612,178792343327014805,,,,1787925540319566,1787925540319567,1787925540321612,,,http_data_plane,,,,,2045
server,peer_replication_pull_request,sent,1787925540514366,178792343327014805,,,,,,,,,connected_peers=25,,,,,
server,peer_replication_merge_delta,completed,1787925540542616,178792343327014805,,18,,1787925540537518,1787925540542582,1787925540542616,,,"delta_len=38,sent_us=1787925540531498",,,,,34
server,client_mutation,completed,1787925540821724,178792343327014805,,,,1787925540819622,1787925540819622,1787925540821724,,,http_data_plane,,,,,2102
server,client_mutation,completed,1787925541321820,178792343327014805,,,,1787925541319628,1787925541319629,1787925541321820,,,http_data_plane,,,,,2191
server,peer_replication_pull_request,sent,1787925541514621,178792343327014805,,,,,,,,,connected_peers=25,,,,,
server,peer_replication_merge_delta,completed,1787925541537533,178792343327014805,,18,,1787925541531240,1787925541537466,1787925541537533,,,"delta_len=55,sent_us=1787925541526703",,,,,67
server,peer_replication_get_delta,completed,1787925541650804,178792343327014805,178792343327017805,18,,1787925541650614,1787925541650619,1787925541650804,,,"delta_len=58,sent_us=1787925541650242",,,,,185
server,peer_replication_get_delta,completed,1787925541810125,178792343327014805,178792343266890005,18,,1787925541809919,1787925541809925,1787925541810125,,,"delta_len=50,sent_us=1787925541773639",,,,,200
server,client_mutation,completed,1787925541821691,178792343327014805,,,,1787925541819564,1787925541819564,1787925541821691,,,http_data_plane,,,,,2127
server,client_mutation,completed,1787925542321573,178792343327014805,,,,1787925542319596,1787925542319596,1787925542321573,,,http_data_plane,,,,,1977
server,peer_replication_get_delta,completed,1787925542380622,178792343327014805,178792343597984005,18,,1787925542380438,1787925542380442,1787925542380622,,,"delta_len=66,sent_us=1787925542368334",,,,,180
server,peer_replication_pull_request,sent,1787925542514962,178792343327014805,,,,,,,,,connected_peers=25,,,,,
server,peer_replication_merge_delta,completed,1787925542618651,178792343327014805,,18,,1787925542612122,1787925542618607,1787925542618651,,,"delta_len=56,sent_us=1787925542599760",,,,,44
server,client_mutation,completed,1787925542821683,178792343327014805,,,,1787925542819592,1787925542819593,1787925542821683,,,http_data_plane,,,,,2090
server,client_mutation,completed,1787925543321648,178792343327014805,,,,1787925543319679,1787925543319679,1787925543321648,,,http_data_plane,,,,,1969
server,peer_replication_get_delta,completed,1787925543651114,178792343327014805,178792343327017805,18,,1787925543650929,1787925543650934,1787925543651114,,,"delta_len=27,sent_us=1787925543650541",,,,,180
server,client_mutation,completed,1787925543821694,178792343327014805,,,,1787925543819609,1787925543819609,1787925543821694,,,http_data_plane,,,,,2085
server,membership_directory_read,completed,1787925544247642,178792343327014805,,,,,1787925544186638,1787925544247642,,,poll:334 descriptors,,,,,61004
server,client_mutation,completed,1787925544321696,178792343327014805,,,,1787925544319592,1787925544319593,1787925544321696,,,http_data_plane,,,,,2103
server,peer_replication_pull_request,sent,1787925544514452,178792343327014805,,,,,,,,,connected_peers=24,,,,,
server,peer_replication_merge_delta,completed,1787925544564241,178792343327014805,,18,,1787925544556130,1787925544564187,1787925544564241,,,"delta_len=97,sent_us=1787925544535385",,,,,54
server,client_mutation,completed,1787925544821626,178792343327014805,,,,1787925544819562,1787925544819563,1787925544821626,,,http_data_plane,,,,,2063
server,client_mutation,completed,1787925545321639,178792343327014805,,,,1787925545319607,1787925545319608,1787925545321639,,,http_data_plane,,,,,2031
server,peer_replication_get_delta,completed,1787925545389333,178792343327014805,178792343327016805,18,,1787925545389145,1787925545389148,1787925545389333,,,"delta_len=42,sent_us=1787925545388787",,,,,185
server,peer_replication_pull_request,sent,1787925545514653,178792343327014805,,,,,,,,,connected_peers=24,,,,,
server,peer_replication_merge_delta,completed,1787925545617597,178792343327014805,,18,,1787925545612123,1787925545617545,1787925545617597,,,"delta_len=42,sent_us=1787925545599804",,,,,52
server,peer_replication_get_delta,completed,1787925545652180,178792343327014805,178792343597983005,18,,1787925545651947,1787925545651951,1787925545652180,,,"delta_len=62,sent_us=1787925545639558",,,,,229
server,client_mutation,completed,1787925545821754,178792343327014805,,,,1787925545819589,1787925545819589,1787925545821754,,,http_data_plane,,,,,2165
server,client_mutation,completed,1787925546321771,178792343327014805,,,,1787925546319582,1787925546319583,1787925546321771,,,http_data_plane,,,,,2188
server,peer_replication_pull_request,sent,1787925546514521,178792343327014805,,,,,,,,,connected_peers=24,,,,,
server,peer_replication_merge_delta,completed,1787925546523132,178792343327014805,,18,,1787925546515563,1787925546523069,1787925546523132,,,"delta_len=59,sent_us=1787925546515057",,,,,63
server,client_mutation,completed,1787925546821804,178792343327014805,,,,1787925546819600,1787925546819601,1787925546821804,,,http_data_plane,,,,,2203
server,client_mutation,completed,1787925547321711,178792343327014805,,,,1787925547319622,1787925547319623,1787925547321711,,,http_data_plane,,,,,2088
server,peer_replication_pull_request,sent,1787925547514566,178792343327014805,,,,,,,,,connected_peers=24,,,,,
server,peer_replication_merge_delta,completed,1787925547595508,178792343327014805,,18,,1787925547589376,1787925547595472,1787925547595508,,,"delta_len=60,sent_us=1787925547583252",,,,,36
server,client_mutation,completed,1787925547821632,178792343327014805,,,,1787925547819584,1787925547819585,1787925547821632,,,http_data_plane,,,,,2047
server,client_mutation,completed,1787925548321547,178792343327014805,,,,1787925548319641,1787925548319642,1787925548321547,,,http_data_plane,,,,,1905
server,peer_replication_get_delta,completed,1787925548389369,178792343327014805,178792343327016805,18,,1787925548389187,1787925548389191,1787925548389369,,,"delta_len=72,sent_us=1787925548388830",,,,,178
server,peer_replication_pull_request,sent,1787925548514654,178792343327014805,,,,,,,,,connected_peers=24,,,,,
server,peer_replication_merge_delta,completed,1787925548543652,178792343327014805,,18,,1787925548539497,1787925548543633,1787925548543652,,,"delta_len=22,sent_us=1787925548533433",,,,,19
server,client_mutation,completed,1787925548821609,178792343327014805,,,,1787925548819602,1787925548819603,1787925548821609,,,http_data_plane,,,,,2006
server,peer_replication_get_delta,completed,1787925549145354,178792343327014805,178792343266888005,18,,1787925549145164,1787925549145169,1787925549145354,,,"delta_len=47,sent_us=1787925549109014",,,,,185
server,membership_directory_read,completed,1787925549253294,178792343327014805,,,,,1787925549186643,1787925549253294,,,poll:334 descriptors,,,,,66651
server,client_mutation,completed,1787925549321762,178792343327014805,,,,1787925549319581,1787925549319582,1787925549321762,,,http_data_plane,,,,,2180
server,peer_replication_pull_request,sent,1787925549514559,178792343327014805,,,,,,,,,connected_peers=24,,,,,
server,peer_replication_merge_delta,completed,1787925549536914,178792343327014805,,18,,1787925549531148,1787925549536837,1787925549536914,,,"delta_len=56,sent_us=1787925549526639",,,,,77
server,client_mutation,completed,1787925549821591,178792343327014805,,,,1787925549819580,1787925549819582,1787925549821591,,,http_data_plane,,,,,2009
server,client_mutation,completed,1787925550320806,178792343327014805,,,,1787925550319597,1787925550319598,1787925550320806,,,http_data_plane,,,,,1208
server,peer_replication_pull_request,sent,1787925550514477,178792343327014805,,,,,,,,,connected_peers=24,,,,,
server,peer_replication_merge_delta,completed,1787925550561743,178792343327014805,,18,,1787925550555830,1787925550561655,1787925550561743,,,"delta_len=65,sent_us=1787925550545213",,,,,88
server,client_mutation,completed,1787925550820809,178792343327014805,,,,1787925550819555,1787925550819556,1787925550820809,,,http_data_plane,,,,,1253
server,client_mutation,completed,1787925551321002,178792343327014805,,,,1787925551319606,1787925551319606,1787925551321002,,,http_data_plane,,,,,1396
server,peer_replication_get_delta,completed,1787925551429426,178792343327014805,178792343266889005,18,,1787925551429236,1787925551429241,1787925551429426,,,"delta_len=72,sent_us=1787925551393258",,,,,185
server,peer_replication_pull_request,sent,1787925551514748,178792343327014805,,,,,,,,,connected_peers=24,,,,,
server,peer_replication_merge_delta,completed,1787925551545160,178792343327014805,,18,,1787925551539413,1787925551545117,1787925551545160,,,"delta_len=63,sent_us=1787925551533267",,,,,43
server,client_mutation,completed,1787925551821049,178792343327014805,,,,1787925551819665,1787925551819665,1787925551821049,,,http_data_plane,,,,,1384
server,client_mutation,completed,1787925552321148,178792343327014805,,,,1787925552319608,1787925552319609,1787925552321148,,,http_data_plane,,,,,1539
server,peer_replication_get_delta,completed,1787925552424213,178792343327014805,178792343597984005,18,,1787925552424029,1787925552424035,1787925552424213,,,"delta_len=64,sent_us=1787925552368240",,,,,178
server,peer_replication_pull_request,sent,1787925552514493,178792343327014805,,,,,,,,,connected_peers=24,,,,,
server,peer_replication_merge_delta,completed,1787925552520636,178792343327014805,,18,,1787925552515457,1787925552520592,1787925552520636,,,"delta_len=49,sent_us=1787925552515032",,,,,44
server,client_mutation,completed,1787925552821529,178792343327014805,,,,1787925552819598,1787925552819599,1787925552821529,,,http_data_plane,,,,,1930
server,peer_replication_get_delta,completed,1787925552822540,178792343327014805,178792343513164005,18,,1787925552822351,1787925552822355,1787925552822540,,,"delta_len=39,sent_us=1787925552804404",,,,,185
server,client_mutation,completed,1787925553321635,178792343327014805,,,,1787925553319679,1787925553319680,1787925553321635,,,http_data_plane,,,,,1955
server,peer_replication_pull_request,sent,1787925553514397,178792343327014805,,,,,,,,,connected_peers=24,,,,,
server,peer_replication_merge_delta,completed,1787925553560157,178792343327014805,,18,,1787925553555732,1787925553560129,1787925553560157,,,"delta_len=30,sent_us=1787925553545192",,,,,28
server,peer_replication_get_delta,completed,1787925553589107,178792343327014805,178792343513165005,18,,1787925553588892,1787925553588896,1787925553589107,,,"delta_len=63,sent_us=1787925553571694",,,,,211
server,peer_replication_get_delta,completed,1787925553650881,178792343327014805,178792343327017805,18,,1787925553650645,1787925553650650,1787925553650881,,,"delta_len=48,sent_us=1787925553650192",,,,,231
server,client_mutation,completed,1787925553821636,178792343327014805,,,,1787925553819562,1787925553819562,1787925553821636,,,http_data_plane,,,,,2074
server,membership_directory_read,completed,1787925554255812,178792343327014805,,,,,1787925554186549,1787925554255812,,,poll:334 descriptors,,,,,69263
server,client_mutation,completed,1787925554321597,178792343327014805,,,,1787925554319571,1787925554319571,1787925554321597,,,http_data_plane,,,,,2026
server,peer_replication_pull_request,sent,1787925554514359,178792343327014805,,,,,,,,,connected_peers=24,,,,,
server,peer_replication_merge_delta,completed,1787925554593649,178792343327014805,,18,,1787925554589044,1787925554593623,1787925554593649,,,"delta_len=31,sent_us=1787925554582640",,,,,26
server,client_mutation,completed,1787925554821777,178792343327014805,,,,1787925554819587,1787925554819587,1787925554821777,,,http_data_plane,,,,,2190
server,peer_replication_get_delta,completed,1787925555024401,178792343327014805,178792343404851505,18,,1787925555024207,1787925555024212,1787925555024401,,,"delta_len=57,sent_us=1787925554994255",,,,,189
server,client_mutation,completed,1787925555321683,178792343327014805,,,,1787925555319571,1787925555319572,1787925555321683,,,http_data_plane,,,,,2111
server,peer_replication_pull_request,sent,1787925555514424,178792343327014805,,,,,,,,,connected_peers=24,,,,,
server,peer_replication_merge_delta,completed,1787925555594382,178792343327014805,,18,,1787925555586510,1787925555594310,1787925555594382,,,"delta_len=86,sent_us=1787925555550321",,,,,72
server,peer_replication_get_delta,completed,1787925555594641,178792343327014805,178792343513165005,18,,1787925555594404,1787925555594431,1787925555594641,,,"delta_len=86,sent_us=1787925555571545",,,,,210
server,client_mutation,completed,1787925555821525,178792343327014805,,,,1787925555819493,1787925555819494,1787925555821525,,,http_data_plane,,,,,2031
server,peer_replication_get_delta,completed,1787925555967846,178792343327014805,178792343404852505,18,,1787925555967660,1787925555967664,1787925555967846,,,"delta_len=53,sent_us=1787925555937546",,,,,182
server,client_mutation,completed,1787925556321655,178792343327014805,,,,1787925556319580,1787925556319581,1787925556321655,,,http_data_plane,,,,,2074
server,peer_replication_pull_request,sent,1787925556514367,178792343327014805,,,,,,,,,connected_peers=24,,,,,
server,peer_replication_merge_delta,completed,1787925556538068,178792343327014805,,18,,1787925556530939,1787925556538040,1787925556538068,,,"delta_len=33,sent_us=1787925556526437",,,,,28
server,client_mutation,completed,1787925556821693,178792343327014805,,,,1787925556819579,1787925556819579,1787925556821693,,,http_data_plane,,,,,2114
server,client_mutation,completed,1787925557321637,178792343327014805,,,,1787925557319592,1787925557319592,1787925557321637,,,http_data_plane,,,,,2045
server,peer_replication_pull_request,sent,1787925557514383,178792343327014805,,,,,,,,,connected_peers=24,,,,,
server,peer_replication_merge_delta,completed,1787925557536398,178792343327014805,,18,,1787925557530589,1787925557536363,1787925557536398,,,"delta_len=49,sent_us=1787925557526322",,,,,35
server,client_mutation,completed,1787925557821656,178792343327014805,,,,1787925557819592,1787925557819593,1787925557821656,,,http_data_plane,,,,,2063
server,client_mutation,completed,1787925558321708,178792343327014805,,,,1787925558319596,1787925558319597,1787925558321708,,,http_data_plane,,,,,2111
server,peer_replication_pull_request,sent,1787925558514420,178792343327014805,,,,,,,,,connected_peers=24,,,,,
server,peer_replication_merge_delta,completed,1787925558604981,178792343327014805,,18,,1787925558599096,1787925558604944,1787925558604981,,,"delta_len=51,sent_us=1787925558588950",,,,,37
server,peer_replication_get_delta,completed,1787925558784732,178792343327014805,178792343597982005,18,,1787925558784536,1787925558784541,1787925558784732,,,"delta_len=52,sent_us=1787925558772162",,,,,191
server,client_mutation,completed,1787925558821617,178792343327014805,,,,1787925558819581,1787925558819581,1787925558821617,,,http_data_plane,,,,,2036
server,membership_directory_read,completed,1787925559237110,178792343327014805,,,,,1787925559186560,1787925559237110,,,poll:334 descriptors,,,,,50550
server,client_mutation,completed,1787925559321694,178792343327014805,,,,1787925559319615,1787925559319616,1787925559321694,,,http_data_plane,,,,,2078
server,peer_replication_pull_request,sent,1787925559514420,178792343327014805,,,,,,,,,connected_peers=24,,,,,
server,peer_replication_merge_delta,completed,1787925559604744,178792343327014805,,18,,1787925559599080,1787925559604711,1787925559604744,,,"delta_len=48,sent_us=1787925559588932",,,,,33
server,client_mutation,completed,1787925559821690,178792343327014805,,,,1787925559819605,1787925559819606,1787925559821690,,,http_data_plane,,,,,2084
server,client_mutation,completed,1787925560321598,178792343327014805,,,,1787925560319583,1787925560319583,1787925560321598,,,http_data_plane,,,,,2015
server,peer_replication_pull_request,sent,1787925560514336,178792343327014805,,,,,,,,,connected_peers=24,,,,,
server,peer_replication_merge_delta,completed,1787925560540992,178792343327014805,,18,,1787925560537496,1787925560540980,1787925560540992,,,"delta_len=10,sent_us=1787925560531537",,,,,12
server,client_mutation,completed,1787925560821843,178792343327014805,,,,1787925560819617,1787925560819617,1787925560821843,,,http_data_plane,,,,,2226
server,peer_replication_get_delta,completed,1787925561247986,178792343327014805,178792343513166005,18,,1787925561247799,1787925561247803,1787925561247986,,,"delta_len=25,sent_us=1787925561229386",,,,,183
server,client_mutation,completed,1787925561321749,178792343327014805,,,,1787925561319603,1787925561319603,1787925561321749,,,http_data_plane,,,,,2146
server,peer_replication_pull_request,sent,1787925561514473,178792343327014805,,,,,,,,,connected_peers=24,,,,,
server,peer_replication_merge_delta,completed,1787925561610351,178792343327014805,,18,,1787925561601446,1787925561610286,1787925561610351,,,"delta_len=86,sent_us=1787925561582968",,,,,65
server,client_mutation,completed,1787925561821568,178792343327014805,,,,1787925561819603,1787925561819603,1787925561821568,,,http_data_plane,,,,,1965
server,client_mutation,completed,1787925562321719,178792343327014805,,,,1787925562319635,1787925562319636,1787925562321719,,,http_data_plane,,,,,2083
server,peer_replication_pull_request,sent,1787925562514458,178792343327014805,,,,,,,,,connected_peers=24,,,,,
server,peer_replication_merge_delta,completed,1787925562603520,178792343327014805,,18,,1787925562599375,1787925562603500,1787925562603520,,,"delta_len=24,sent_us=1787925562589259",,,,,20
server,client_mutation,completed,1787925562821561,178792343327014805,,,,1787925562819561,1787925562819562,1787925562821561,,,http_data_plane,,,,,1999
server,client_mutation,completed,1787925563321651,178792343327014805,,,,1787925563319597,1787925563319598,1787925563321651,,,http_data_plane,,,,,2053
server,peer_replication_pull_request,sent,1787925563514426,178792343327014805,,,,,,,,,connected_peers=24,,,,,
server,peer_replication_merge_delta,completed,1787925563581437,178792343327014805,,18,,1787925563574024,1787925563581359,1787925563581437,,,"delta_len=77,sent_us=1787925563544263",,,,,78
server,peer_replication_get_delta,completed,1787925563810184,178792343327014805,178792343266890005,18,,1787925563809978,1787925563809983,1787925563810184,,,"delta_len=84,sent_us=1787925563773580",,,,,201
server,client_mutation,completed,1787925563821656,178792343327014805,,,,1787925563819545,1787925563819545,1787925563821656,,,http_data_plane,,,,,2111
server,membership_directory_read,completed,1787925564246069,178792343327014805,,,,,1787925564186529,1787925564246069,,,poll:334 descriptors,,,,,59540
server,client_mutation,completed,1787925564321548,178792343327014805,,,,1787925564319516,1787925564319517,1787925564321548,,,http_data_plane,,,,,2031
server,peer_replication_get_delta,completed,1787925564424174,178792343327014805,178792343597984005,18,,1787925564423983,1787925564423987,1787925564424174,,,"delta_len=75,sent_us=1787925564368403",,,,,187
server,peer_replication_pull_request,sent,1787925564514459,178792343327014805,,,,,,,,,connected_peers=24,,,,,
server,peer_replication_merge_delta,completed,1787925564560884,178792343327014805,,18,,1787925564555774,1787925564560851,1787925564560884,,,"delta_len=44,sent_us=1787925564545301",,,,,33
server,client_mutation,completed,1787925564821739,178792343327014805,,,,1787925564819716,1787925564819716,1787925564821739,,,http_data_plane,,,,,2023
server,client_mutation,completed,1787925565321744,178792343327014805,,,,1787925565319633,1787925565319633,1787925565321744,,,http_data_plane,,,,,2111
server,peer_replication_pull_request,sent,1787925565514490,178792343327014805,,,,,,,,,connected_peers=24,,,,,
server,peer_replication_merge_delta,completed,1787925565543021,178792343327014805,,18,,1787925565537733,1787925565542975,1787925565543021,,,"delta_len=43,sent_us=1787925565531766",,,,,46
server,client_mutation,completed,1787925565821704,178792343327014805,,,,1787925565819593,1787925565819594,1787925565821704,,,http_data_plane,,,,,2110
server,client_mutation,completed,1787925566321751,178792343327014805,,,,1787925566319640,1787925566319640,1787925566321751,,,http_data_plane,,,,,2111
server,peer_replication_get_delta,completed,1787925566389717,178792343327014805,178792343327016805,18,,1787925566389533,1787925566389538,1787925566389717,,,"delta_len=34,sent_us=1787925566389080",,,,,179
server,peer_replication_pull_request,sent,1787925566514037,178792343327014805,,,,,,,,,connected_peers=24,,,,,
server,peer_replication_merge_delta,completed,1787925566595369,178792343327014805,,18,,1787925566588986,1787925566595324,1787925566595369,,,"delta_len=61,sent_us=1787925566582741",,,,,45
server,client_mutation,completed,1787925566821647,178792343327014805,,,,1787925566819574,1787925566819574,1787925566821647,,,http_data_plane,,,,,2073
server,client_mutation,completed,1787925567321658,178792343327014805,,,,1787925567319590,1787925567319591,1787925567321658,,,http_data_plane,,,,,2067
server,peer_replication_pull_request,sent,1787925567514433,178792343327014805,,,,,,,,,connected_peers=24,,,,,
server,peer_replication_merge_delta,completed,1787925567559619,178792343327014805,,18,,1787925567554330,1787925567559587,1787925567559619,,,"delta_len=41,sent_us=1787925567544183",,,,,32
server,client_mutation,completed,1787925567821634,178792343327014805,,,,1787925567819581,1787925567819582,1787925567821634,,,http_data_plane,,,,,2052
server,peer_replication_get_delta,completed,1787925567834392,178792343327014805,178792343597982005,18,,1787925567834161,1787925567834166,1787925567834392,,,"delta_len=62,sent_us=1787925567772547",,,,,226
server,client_mutation,completed,1787925568321682,178792343327014805,,,,1787925568319610,1787925568319610,1787925568321682,,,http_data_plane,,,,,2072
server,peer_replication_pull_request,sent,1787925568514449,178792343327014805,,,,,,,,,connected_peers=24,,,,,
server,peer_replication_merge_delta,completed,1787925568519636,178792343327014805,,18,,1787925568515442,1787925568519619,1787925568519636,,,"delta_len=18,sent_us=1787925568514988",,,,,17
server,client_mutation,completed,1787925568821509,178792343327014805,,,,1787925568819587,1787925568819588,1787925568821509,,,http_data_plane,,,,,1921
server,peer_replication_get_delta,completed,1787925569021867,178792343327014805,178792343597981005,18,,1787925569021631,1787925569021636,1787925569021867,,,"delta_len=45,sent_us=1787925569009623",,,,,231
server,membership_directory_read,completed,1787925569257442,178792343327014805,,,,,1787925569186213,1787925569257442,,,poll:334 descriptors,,,,,71229
server,client_mutation,completed,1787925569321563,178792343327014805,,,,1787925569319588,1787925569319589,1787925569321563,,,http_data_plane,,,,,1974
server,peer_replication_pull_request,sent,1787925569514237,178792343327014805,,,,,,,,,connected_peers=24,,,,,
server,peer_replication_merge_delta,completed,1787925569520330,178792343327014805,,18,,1787925569515204,1787925569520301,1787925569520330,,,"delta_len=37,sent_us=1787925569514797",,,,,29
server,client_mutation,completed,1787925569821679,178792343327014805,,,,1787925569819594,1787925569819594,1787925569821679,,,http_data_plane,,,,,2085
server,client_mutation,completed,1787925570321834,178792343327014805,,,,1787925570319622,1787925570319622,1787925570321834,,,http_data_plane,,,,,2212
server,peer_replication_get_delta,completed,1787925570429236,178792343327014805,178792343266889005,18,,1787925570429045,1787925570429050,1787925570429236,,,"delta_len=24,sent_us=1787925570393124",,,,,186
server,peer_replication_pull_request,sent,1787925570514573,178792343327014805,,,,,,,,,connected_peers=24,,,,,
server,peer_replication_merge_delta,completed,1787925570606218,178792343327014805,,18,,1787925570599634,1787925570606174,1787925570606218,,,"delta_len=71,sent_us=1787925570589202",,,,,44
server,peer_replication_get_delta,completed,1787925570809468,178792343327014805,178792343266890005,18,,1787925570809210,1787925570809215,1787925570809468,,,"delta_len=139,sent_us=1787925570773073",,,,,253
server,client_mutation,completed,1787925570821635,178792343327014805,,,,1787925570819547,1787925570819548,1787925570821635,,,http_data_plane,,,,,2087
server,peer_replication_get_delta,completed,1787925570822573,178792343327014805,178792343513164005,18,,1787925570822382,1787925570822386,1787925570822573,,,"delta_len=50,sent_us=1787925570804703",,,,,187
server,peer_replication_get_delta,completed,1787925570970193,178792343327014805,178792343266886006,18,,1787925570969990,1787925570969994,1787925570970193,,,"delta_len=70,sent_us=1787925570893711",,,,,199
server,client_mutation,completed,1787925571321571,178792343327014805,,,,1787925571319587,1787925571319587,1787925571321571,,,http_data_plane,,,,,1984
server,peer_replication_get_delta,completed,1787925571416673,178792343327014805,178792343404855505,18,,1787925571416492,1787925571416497,1787925571416673,,,"delta_len=51,sent_us=1787925571339748",,,,,176
server,peer_replication_pull_request,sent,1787925571513996,178792343327014805,,,,,,,,,connected_peers=24,,,,,
server,peer_replication_merge_delta,completed,1787925571566168,178792343327014805,,18,,1787925571562473,1787925571566152,1787925571566168,,,"delta_len=15,sent_us=1787925571550133",,,,,16
server,client_mutation,completed,1787925571821584,178792343327014805,,,,1787925571819593,1787925571819593,1787925571821584,,,http_data_plane,,,,,1991
server,client_mutation,completed,1787925572321728,178792343327014805,,,,1787925572319648,1787925572319649,1787925572321728,,,http_data_plane,,,,,2079
server,peer_replication_pull_request,sent,1787925572514440,178792343327014805,,,,,,,,,connected_peers=24,,,,,
server,peer_replication_merge_delta,completed,1787925572530956,178792343327014805,,18,,1787925572521767,1787925572530892,1787925572530956,,,"delta_len=106,sent_us=1787925572521276",,,,,64
server,client_mutation,completed,1787925572821864,178792343327014805,,,,1787925572819590,1787925572819591,1787925572821864,,,http_data_plane,,,,,2273
server,peer_replication_get_delta,completed,1787925573100315,178792343327014805,178792343266887006,18,,1787925573100106,1787925573100110,1787925573100315,,,"delta_len=83,sent_us=1787925573064240",,,,,205
server,client_mutation,completed,1787925573321721,178792343327014805,,,,1787925573319606,1787925573319607,1787925573321721,,,http_data_plane,,,,,2114
server,peer_replication_pull_request,sent,1787925573514410,178792343327014805,,,,,,,,,connected_peers=24,,,,,
server,peer_replication_merge_delta,completed,1787925573557994,178792343327014805,,18,,1787925573554762,1787925573557987,1787925573557994,,,"delta_len=3,sent_us=1787925573544418",,,,,7
server,client_mutation,completed,1787925573821610,178792343327014805,,,,1787925573819561,1787925573819561,1787925573821610,,,http_data_plane,,,,,2049
server,peer_replication_get_delta,completed,1787925573823060,178792343327014805,178792343513164005,18,,1787925573822878,1787925573822882,1787925573823060,,,"delta_len=39,sent_us=1787925573804908",,,,,178
server,peer_replication_get_delta,completed,1787925574157110,178792343327014805,178792343404853505,18,,1787925574156794,1787925574156802,1787925574157110,,,"delta_len=44,sent_us=1787925574127170",,,,,308
server,membership_directory_read,completed,1787925574250099,178792343327014805,,,,,1787925574186430,1787925574250099,,,poll:334 descriptors,,,,,63669
server,client_mutation,completed,1787925574321663,178792343327014805,,,,1787925574319587,1787925574319588,1787925574321663,,,http_data_plane,,,,,2075
server,peer_replication_pull_request,sent,1787925574514245,178792343327014805,,,,,,,,,connected_peers=24,,,,,
server,peer_replication_merge_delta,completed,1787925574560920,178792343327014805,,18,,1787925574554753,1787925574560878,1787925574560920,,,"delta_len=62,sent_us=1787925574544597",,,,,42
server,peer_replication_get_delta,completed,1787925574718729,178792343327014805,178792343513168005,18,,1787925574718488,1787925574718494,1787925574718729,,,"delta_len=65,sent_us=1787925574644772",,,,,235
server,client_mutation,completed,1787925574821776,178792343327014805,,,,1787925574819597,1787925574819599,1787925574821776,,,http_data_plane,,,,,2177
server,client_mutation,completed,1787925575321735,178792343327014805,,,,1787925575319661,1787925575319662,1787925575321735,,,http_data_plane,,,,,2073
server,peer_replication_get_delta,completed,1787925575505984,178792343327014805,178792343597985005,18,,1787925575505750,1787925575505754,1787925575505984,,,"delta_len=51,sent_us=1787925575493288",,,,,230
server,peer_replication_pull_request,sent,1787925575514189,178792343327014805,,,,,,,,,connected_peers=24,,,,,
server,peer_replication_merge_delta,completed,1787925575617291,178792343327014805,,18,,1787925575612238,1787925575617263,1787925575617291,,,"delta_len=36,sent_us=1787925575599900",,,,,28
server,client_mutation,completed,1787925575821689,178792343327014805,,,,1787925575819615,1787925575819616,1787925575821689,,,http_data_plane,,,,,2073
server,peer_replication_get_delta,completed,1787925576247863,178792343327014805,178792343513166005,18,,1787925576247659,1787925576247665,1787925576247863,,,"delta_len=71,sent_us=1787925576229275",,,,,198
server,client_mutation,completed,1787925576321667,178792343327014805,,,,1787925576319592,1787925576319593,1787925576321667,,,http_data_plane,,,,,2074
server,peer_replication_pull_request,sent,1787925576514496,178792343327014805,,,,,,,,,connected_peers=24,,,,,
server,peer_replication_merge_delta,completed,1787925576536764,178792343327014805,,18,,1787925576531105,1787925576536719,1787925576536764,,,"delta_len=56,sent_us=1787925576526619",,,,,45
server,client_mutation,completed,1787925576821699,178792343327014805,,,,1787925576819586,1787925576819587,1787925576821699,,,http_data_plane,,,,,2112
server,client_mutation,completed,1787925577321884,178792343327014805,,,,1787925577319621,1787925577319621,1787925577321884,,,http_data_plane,,,,,2263
server,peer_replication_pull_request,sent,1787925577514625,178792343327014805,,,,,,,,,connected_peers=24,,,,,
server,peer_replication_merge_delta,completed,1787925577605353,178792343327014805,,18,,1787925577599611,1787925577605318,1787925577605353,,,"delta_len=52,sent_us=1787925577589232",,,,,35
server,client_mutation,completed,1787925577821694,178792343327014805,,,,1787925577819597,1787925577819598,1787925577821694,,,http_data_plane,,,,,2096
server,peer_replication_get_delta,completed,1787925578248693,178792343327014805,178792343513166005,18,,1787925578248504,1787925578248509,1787925578248693,,,"delta_len=39,sent_us=1787925578230042",,,,,184
server,client_mutation,completed,1787925578321683,178792343327014805,,,,1787925578319604,1787925578319605,1787925578321683,,,http_data_plane,,,,,2078
server,peer_replication_get_delta,completed,1787925578424141,178792343327014805,178792343597984005,18,,1787925578423950,1787925578423957,1787925578424141,,,"delta_len=58,sent_us=1787925578368424",,,,,184
server,peer_replication_pull_request,sent,1787925578514431,178792343327014805,,,,,,,,,connected_peers=24,,,,,
server,peer_replication_merge_delta,completed,1787925578581346,178792343327014805,,18,,1787925578573995,1787925578581298,1787925578581346,,,"delta_len=79,sent_us=1787925578544270",,,,,48
server,client_mutation,completed,1787925578821669,178792343327014805,,,,1787925578819601,1787925578819602,1787925578821669,,,http_data_plane,,,,,2067
server,membership_directory_read,completed,1787925579251719,178792343327014805,,,,,1787925579186602,1787925579251719,,,poll:334 descriptors,,,,,65117
server,client_mutation,completed,1787925579321668,178792343327014805,,,,1787925579319621,1787925579319621,1787925579321668,,,http_data_plane,,,,,2047
server,peer_replication_get_delta,completed,1787925579390318,178792343327014805,178792343327016805,18,,1787925579390133,1787925579390137,1787925579390318,,,"delta_len=33,sent_us=1787925579389570",,,,,181
server,peer_replication_pull_request,sent,1787925579514631,178792343327014805,,,,,,,,,connected_peers=24,,,,,
server,peer_replication_merge_delta,completed,1787925579544120,178792343327014805,,18,,1787925579539185,1787925579544091,1787925579544120,,,"delta_len=37,sent_us=1787925579526769",,,,,29
server,client_mutation,completed,1787925579821854,178792343327014805,,,,1787925579819599,1787925579819599,1787925579821854,,,http_data_plane,,,,,2255
server,client_mutation,completed,1787925580321640,178792343327014805,,,,1787925580319599,1787925580319599,1787925580321640,,,http_data_plane,,,,,2041
server,peer_replication_pull_request,sent,1787925580514356,178792343327014805,,,,,,,,,connected_peers=24,,,,,
server,peer_replication_merge_delta,completed,1787925580560150,178792343327014805,,18,,1787925580554899,1787925580560123,1787925580560150,,,"delta_len=37,sent_us=1787925580544723",,,,,27
server,client_mutation,completed,1787925580821615,178792343327014805,,,,1787925580819535,1787925580819535,1787925580821615,,,http_data_plane,,,,,2080
server,peer_replication_get_delta,completed,1787925580967499,178792343327014805,178792343404852505,18,,1787925580967317,1787925580967322,1787925580967499,,,"delta_len=61,sent_us=1787925580937216",,,,,177
server,peer_replication_get_delta,completed,1787925581306127,178792343327014805,178792343404854505,18,,1787925581305916,1787925581305922,1787925581306127,,,"delta_len=26,sent_us=1787925581226371",,,,,205
server,client_mutation,completed,1787925581321781,178792343327014805,,,,1787925581319619,1787925581319619,1787925581321781,,,http_data_plane,,,,,2162
server,peer_replication_pull_request,sent,1787925581514544,178792343327014805,,,,,,,,,connected_peers=24,,,,,
server,peer_replication_merge_delta,completed,1787925581591510,178792343327014805,,18,,1787925581586596,1787925581591484,1787925581591510,,,"delta_len=31,sent_us=1787925581574111",,,,,26
server,client_mutation,completed,1787925581821902,178792343327014805,,,,1787925581819651,1787925581819651,1787925581821902,,,http_data_plane,,,,,2251
server,client_mutation,completed,1787925582321580,178792343327014805,,,,1787925582319597,1787925582319597,1787925582321580,,,http_data_plane,,,,,1983
server,peer_replication_get_delta,completed,1787925582389290,178792343327014805,178792343327016805,18,,1787925582389105,1787925582389109,1787925582389290,,,"delta_len=23,sent_us=1787925582388665",,,,,181
server,peer_replication_get_delta,completed,1787925582489707,178792343327014805,178792343327015805,18,,1787925582489535,1787925582489539,1787925582489707,,,"delta_len=13,sent_us=1787925582489151",,,,,168
server,peer_replication_pull_request,sent,1787925582514900,178792343327014805,,,,,,,,,connected_peers=24,,,,,
server,peer_replication_merge_delta,completed,1787925582537844,178792343327014805,,18,,1787925582531281,1787925582537765,1787925582537844,,,"delta_len=62,sent_us=1787925582526954",,,,,79
server,client_mutation,completed,1787925582821580,178792343327014805,,,,1787925582819615,1787925582819615,1787925582821580,,,http_data_plane,,,,,1965
server,client_mutation,completed,1787925583321665,178792343327014805,,,,1787925583319670,1787925583319671,1787925583321665,,,http_data_plane,,,,,1994
server,peer_replication_pull_request,sent,1787925583514422,178792343327014805,,,,,,,,,connected_peers=24,,,,,
server,peer_replication_merge_delta,completed,1787925583542486,178792343327014805,,18,,1787925583538494,1787925583542467,1787925583542486,,,"delta_len=18,sent_us=1787925583526434",,,,,19
server,client_mutation,completed,1787925583821552,178792343327014805,,,,1787925583819572,1787925583819573,1787925583821552,,,http_data_plane,,,,,1979
server,membership_directory_read,completed,1787925584248374,178792343327014805,,,,,1787925584186712,1787925584248374,,,poll:334 descriptors,,,,,61662
server,peer_replication_get_delta,completed,1787925584257052,178792343327014805,178792343404854505,18,,1787925584256867,1787925584256872,1787925584257052,,,"delta_len=17,sent_us=1787925584227248",,,,,180
server,client_mutation,completed,1787925584321664,178792343327014805,,,,1787925584319602,1787925584319603,1787925584321664,,,http_data_plane,,,,,2061
server,peer_replication_pull_request,sent,1787925584514438,178792343327014805,,,,,,,,,connected_peers=24,,,,,
server,peer_replication_merge_delta,completed,1787925584646849,178792343327014805,,18,,1787925584638968,1787925584646790,1787925584646849,,,"delta_len=84,sent_us=1787925584602174",,,,,59
server,client_mutation,completed,1787925584821662,178792343327014805,,,,1787925584819565,1787925584819566,1787925584821662,,,http_data_plane,,,,,2096
server,peer_replication_get_delta,completed,1787925585100974,178792343327014805,178792343266887006,18,,1787925585100771,1787925585100777,1787925585100974,,,"delta_len=67,sent_us=1787925585064672",,,,,197
server,client_mutation,completed,1787925585321632,178792343327014805,,,,1787925585319597,1787925585319597,1787925585321632,,,http_data_plane,,,,,2035
server,peer_replication_pull_request,sent,1787925585514352,178792343327014805,,,,,,,,,connected_peers=24,,,,,
server,peer_replication_merge_delta,completed,1787925585593685,178792343327014805,,18,,1787925585588910,1787925585593659,1787925585593685,,,"delta_len=29,sent_us=1787925585582956",,,,,26
server,peer_replication_get_delta,completed,1787925585652150,178792343327014805,178792343597983005,18,,1787925585651965,1787925585651969,1787925585652150,,,"delta_len=55,sent_us=1787925585639665",,,,,181
server,client_mutation,completed,1787925585821693,178792343327014805,,,,1787925585819587,1787925585819588,1787925585821693,,,http_data_plane,,,,,2105
server,client_mutation,completed,1787925586321613,178792343327014805,,,,1787925586319593,1787925586319593,1787925586321613,,,http_data_plane,,,,,2020
server,peer_replication_pull_request,sent,1787925586514409,178792343327014805,,,,,,,,,connected_peers=24,,,,,
server,peer_replication_merge_delta,completed,1787925586524138,178792343327014805,,18,,1787925586515733,1787925586524094,1787925586524138,,,"delta_len=74,sent_us=1787925586515067",,,,,44
server,client_mutation,completed,1787925586821595,178792343327014805,,,,1787925586819582,1787925586819583,1787925586821595,,,http_data_plane,,,,,2012
server,client_mutation,completed,1787925587321771,178792343327014805,,,,1787925587319676,1787925587319676,1787925587321771,,,http_data_plane,,,,,2095
server,peer_replication_pull_request,sent,1787925587514612,178792343327014805,,,,,,,,,connected_peers=24,,,,,
server,peer_replication_merge_delta,completed,1787925587559887,178792343327014805,,18,,1787925587554516,1787925587559851,1787925587559887,,,"delta_len=44,sent_us=1787925587544325",,,,,36
server,client_mutation,completed,1787925587821899,178792343327014805,,,,1787925587819629,1787925587819629,1787925587821899,,,http_data_plane,,,,,2270
