source,event,phase,timestamp_us,replica_pid,peer_pid,gc_marker,sent_us,received_us,start_us,end_us,insert_count,delete_count,detail,client_id,operation,value,status_code,latency_us
server,replica_init,start,1788431940294866,178842683849154810,,,,,,,,,,,,,,
server,membership_descriptor_write,completed,1788431940331013,178842683849154810,,,,,1788431940294901,1788431940331013,,,"178842683849154810,13.53.121.51:19080,49",,,,,36112
server,membership_directory_read,completed,1788431940369214,178842683849154810,,,,,1788431940331019,1788431940369214,,,init:226 descriptors,,,,,38195
server,persistent_state_fetch,completed,1788431940369271,178842683849154810,,,,,,,,,recovered_from_durability_journal,,,,,
server,replica_init,completed,1788431940369277,178842683849154810,,,,,,,,,,,,,,
server,peer_replication_connection,established,1788431940370220,178842683849154810,178842683849158811,,,,,,,,,,,,,
server,peer_replication_connection,established,1788431940370295,178842683849154810,178842683849157811,,,,,,,,,,,,,
server,peer_replication_connection,established,1788431940370320,178842683849154810,178842683849156808,,,,,,,,,,,,,
server,peer_replication_connection,established,1788431940387856,178842683849154810,178842684426434111,,,,,,,,,,,,,
server,peer_replication_connection,established,1788431940418287,178842683849154810,178842683956185211,,,,,,,,,,,,,
server,peer_replication_connection,established,1788431940418331,178842683849154810,178842683956181211,,,,,,,,,,,,,
server,peer_replication_connection,established,1788431940418341,178842683849154810,178842683956184208,,,,,,,,,,,,,
server,peer_replication_connection,established,1788431940418364,178842683849154810,178842683956183209,,,,,,,,,,,,,
server,peer_replication_connection,established,1788431940418433,178842683849154810,178842683956182210,,,,,,,,,,,,,
server,peer_replication_connection,established,1788431940425365,178842683849154810,178842684286996610,,,,,,,,,,,,,
server,peer_replication_connection,established,1788431940425409,178842683849154810,178842684286993611,,,,,,,,,,,,,
server,peer_replication_connection,established,1788431940425431,178842683849154810,178842684286994611,,,,,,,,,,,,,
server,peer_replication_connection,established,1788431940425454,178842683849154810,178842684286995611,,,,,,,,,,,,,
server,peer_replication_connection,established,1788431940428019,178842683849154810,178842684286997609,,,,,,,,,,,,,
server,client_mutation,completed,1788431940435632,178842683849154810,,,,1788431940429486,1788431940429486,1788431940435632,,,http_data_plane,,,,,6146
server,peer_replication_connection,established,1788431940435852,178842683849154810,178842684426433111,,,,,,,,,,,,,
server,peer_replication_connection,established,1788431940435887,178842683849154810,178842684426432108,,,,,,,,,,,,,
server,peer_replication_connection,established,1788431940455056,178842683849154810,178842684114093209,,,,,,,,,,,,,
server,peer_replication_connection,established,1788431940455103,178842683849154810,178842684114091211,,,,,,,,,,,,,
server,peer_replication_connection,established,1788431940455145,178842683849154810,178842684114090211,,,,,,,,,,,,,
server,peer_replication_connection,established,1788431940455205,178842683849154810,178842684114092210,,,,,,,,,,,,,
server,peer_replication_connection,established,1788431940455290,178842683849154810,178842684114094208,,,,,,,,,,,,,
server,client_mutation,completed,1788431940828395,178842683849154810,,,,1788431940826148,1788431940826148,1788431940828395,,,http_data_plane,,,,,2247
server,client_mutation,completed,1788431941230719,178842683849154810,,,,1788431941226239,1788431941226239,1788431941230719,,,http_data_plane,,,,,4480
server,peer_replication_pull_request,sent,1788431941370687,178842683849154810,,,,,,,,,connected_peers=21,,,,,
server,peer_replication_connection,established,1788431941629829,178842683849154810,178842684426435111,,,,,,,,,,,,,
server,client_mutation,completed,1788431941630280,178842683849154810,,,,1788431941626447,1788431941626447,1788431941630280,,,http_data_plane,,,,,3833
server,gc_observed,start,1788431941738742,178842683849154810,,50,,,,,,,,,,,,
server,gc_observed,completed,1788431942970708,178842683849154810,,50,,,,,,,,,,,,
server,peer_replication_merge_delta,completed,1788431943263610,178842683849154810,,50,,1788431941738740,1788431943258314,1788431943263610,,,"delta_len=3223,sent_us=1788431941561378",,,,,5296
server,peer_replication_connection,established,1788431943263917,178842683849154810,178842683849155809,,,,,,,,,,,,,
server,peer_replication_connection,established,1788431943263928,178842683849154810,178842684426436110,,,,,,,,,,,,,
server,client_mutation,completed,1788431942972747,178842683849154810,,,,1788431942025749,1788431942025749,1788431942972747,,,http_data_plane,,,,,946998
server,client_mutation,completed,1788431942974625,178842683849154810,,,,1788431942425731,1788431942425731,1788431942974625,,,http_data_plane,,,,,548894
server,client_mutation,completed,1788431942976619,178842683849154810,,,,1788431942925993,1788431942925993,1788431942976619,,,http_data_plane,,,,,50626
server,peer_replication_pull_request,sent,1788431943263980,178842683849154810,,,,,,,,,connected_peers=24,,,,,
server,peer_replication_pull_request,sent,1788431943370707,178842683849154810,,,,,,,,,connected_peers=24,,,,,
server,client_mutation,completed,1788431943427968,178842683849154810,,,,1788431943425767,1788431943425768,1788431943427968,,,http_data_plane,,,,,2200
server,client_mutation,completed,1788431943928296,178842683849154810,,,,1788431943925749,1788431943925749,1788431943928296,,,http_data_plane,,,,,2547
server,peer_replication_pull_request,sent,1788431944370570,178842683849154810,,,,,,,,,connected_peers=24,,,,,
server,client_mutation,completed,1788431944437504,178842683849154810,,,,1788431944430951,1788431944430951,1788431944437504,,,http_data_plane,,,,,6553
server,client_mutation,completed,1788431944928267,178842683849154810,,,,1788431944925962,1788431944925962,1788431944928267,,,http_data_plane,,,,,2305
server,membership_directory_read,completed,1788431945310546,178842683849154810,,,,,1788431945283322,1788431945310546,,,poll:229 descriptors,,,,,27224
server,client_mutation,completed,1788431945428821,178842683849154810,,,,1788431945426009,1788431945426009,1788431945428821,,,http_data_plane,,,,,2812
server,client_mutation,completed,1788431945929882,178842683849154810,,,,1788431945927109,1788431945927109,1788431945929882,,,http_data_plane,,,,,2773
server,client_mutation,completed,1788431946429381,178842683849154810,,,,1788431946425956,1788431946425956,1788431946429381,,,http_data_plane,,,,,3425
server,client_mutation,completed,1788431946928516,178842683849154810,,,,1788431946925749,1788431946925749,1788431946928516,,,http_data_plane,,,,,2767
server,client_mutation,completed,1788431947428252,178842683849154810,,,,1788431947425827,1788431947425828,1788431947428252,,,http_data_plane,,,,,2424
server,peer_replication_pull_request,sent,1788431947726452,178842683849154810,,,,,,,,,connected_peers=24,,,,,
server,peer_replication_pull_request,sent,1788431947726461,178842683849154810,,,,,,,,,connected_peers=24,,,,,
server,peer_replication_pull_request,sent,1788431947726468,178842683849154810,,,,,,,,,connected_peers=24,,,,,
server,peer_replication_merge_delta,completed,1788431947851681,178842683849154810,,50,,1788431947821034,1788431947851343,1788431947851681,,,"delta_len=275,sent_us=1788431947773290",,,,,338
server,client_mutation,completed,1788431947932838,178842683849154810,,,,1788431947926846,1788431947926846,1788431947932838,,,http_data_plane,,,,,5992
server,peer_replication_pull_request,sent,1788431948370897,178842683849154810,,,,,,,,,connected_peers=24,,,,,
server,client_mutation,completed,1788431948428248,178842683849154810,,,,1788431948426061,1788431948426061,1788431948428248,,,http_data_plane,,,,,2187
server,client_mutation,completed,1788431948928823,178842683849154810,,,,1788431948926256,1788431948926256,1788431948928823,,,http_data_plane,,,,,2567
server,peer_replication_pull_request,sent,1788431949370081,178842683849154810,,,,,,,,,connected_peers=24,,,,,
server,client_mutation,completed,1788431949429355,178842683849154810,,,,1788431949427008,1788431949427008,1788431949429355,,,http_data_plane,,,,,2347
server,client_mutation,completed,1788431949928669,178842683849154810,,,,1788431949926449,1788431949926450,1788431949928669,,,http_data_plane,,,,,2219
server,membership_directory_read,completed,1788431950312224,178842683849154810,,,,,1788431950283759,1788431950312224,,,poll:229 descriptors,,,,,28465
server,peer_replication_pull_request,sent,1788431950370725,178842683849154810,,,,,,,,,connected_peers=24,,,,,
server,client_mutation,completed,1788431950427230,178842683849154810,,,,1788431950425875,1788431950425875,1788431950427230,,,http_data_plane,,,,,1355
server,peer_replication_get_delta,completed,1788431950681782,178842683849154810,178842684426435111,50,,1788431950681548,1788431950681558,1788431950681782,,,"delta_len=34,sent_us=1788431950584894",,,,,224
server,peer_replication_merge_delta,completed,1788431950904309,178842683849154810,,50,,1788431950897984,1788431950904276,1788431950904309,,,"delta_len=39,sent_us=1788431950896328",,,,,33
server,client_mutation,completed,1788431950930112,178842683849154810,,,,1788431950927024,1788431950927024,1788431950930112,,,http_data_plane,,,,,3088
server,peer_replication_pull_request,sent,1788431951370229,178842683849154810,,,,,,,,,connected_peers=24,,,,,
server,client_mutation,completed,1788431951428910,178842683849154810,,,,1788431951427262,1788431951427262,1788431951428910,,,http_data_plane,,,,,1648
server,client_mutation,completed,1788431951928398,178842683849154810,,,,1788431951926100,1788431951926101,1788431951928398,,,http_data_plane,,,,,2297
server,peer_replication_pull_request,sent,1788431952370057,178842683849154810,,,,,,,,,connected_peers=24,,,,,
server,client_mutation,completed,1788431952427894,178842683849154810,,,,1788431952425772,1788431952425772,1788431952427894,,,http_data_plane,,,,,2122
server,client_mutation,completed,1788431952933124,178842683849154810,,,,1788431952929154,1788431952929154,1788431952933124,,,http_data_plane,,,,,3970
server,peer_replication_pull_request,sent,1788431953371370,178842683849154810,,,,,,,,,connected_peers=24,,,,,
server,client_mutation,completed,1788431953429940,178842683849154810,,,,1788431953425848,1788431953425848,1788431953429940,,,http_data_plane,,,,,4092
server,peer_replication_merge_delta,completed,1788431953443250,178842683849154810,,50,,1788431953436898,1788431953443230,1788431953443250,,,"delta_len=8,sent_us=1788431953419039",,,,,20
server,client_mutation,completed,1788431953930485,178842683849154810,,,,1788431953926170,1788431953926170,1788431953930485,,,http_data_plane,,,,,4315
server,client_mutation,completed,1788431954429249,178842683849154810,,,,1788431954426263,1788431954426263,1788431954429249,,,http_data_plane,,,,,2986
server,client_mutation,completed,1788431954928100,178842683849154810,,,,1788431954925714,1788431954925714,1788431954928100,,,http_data_plane,,,,,2386
server,membership_directory_read,completed,1788431955324707,178842683849154810,,,,,1788431955283913,1788431955324707,,,poll:229 descriptors,,,,,40794
server,peer_replication_pull_request,sent,1788431955372326,178842683849154810,,,,,,,,,connected_peers=23,,,,,
server,client_mutation,completed,1788431955431812,178842683849154810,,,,1788431955427410,1788431955427410,1788431955431812,,,http_data_plane,,,,,4402
server,client_mutation,completed,1788431955940568,178842683849154810,,,,1788431955929517,1788431955929517,1788431955940568,,,http_data_plane,,,,,11051
server,peer_replication_pull_request,sent,1788431956371285,178842683849154810,,,,,,,,,connected_peers=23,,,,,
server,client_mutation,completed,1788431956428180,178842683849154810,,,,1788431956425912,1788431956425913,1788431956428180,,,http_data_plane,,,,,2267
server,peer_replication_merge_delta,completed,1788431956608271,178842683849154810,,50,,1788431956545348,1788431956607682,1788431956608271,,,"delta_len=351,sent_us=1788431956466177",,,,,589
server,client_mutation,completed,1788431956932721,178842683849154810,,,,1788431956929763,1788431956929763,1788431956932721,,,http_data_plane,,,,,2958
server,peer_replication_get_delta,completed,1788431957164858,178842683849154810,178842684426436110,50,,1788431957161767,1788431957161776,1788431957164858,,,"delta_len=465,sent_us=1788431957070695",,,,,3082
server,peer_replication_pull_request,sent,1788431957370485,178842683849154810,,,,,,,,,connected_peers=23,,,,,
server,peer_replication_merge_delta,completed,1788431957402674,178842683849154810,,50,,1788431957380772,1788431957402633,1788431957402674,,,"delta_len=32,sent_us=1788431957378379",,,,,41
server,client_mutation,completed,1788431957432904,178842683849154810,,,,1788431957428340,1788431957428340,1788431957432904,,,http_data_plane,,,,,4564
server,client_mutation,completed,1788431957929620,178842683849154810,,,,1788431957926100,1788431957926100,1788431957929620,,,http_data_plane,,,,,3520
server,peer_replication_pull_request,sent,1788431958370173,178842683849154810,,,,,,,,,connected_peers=23,,,,,
server,client_mutation,completed,1788431958429882,178842683849154810,,,,1788431958426517,1788431958426517,1788431958429882,,,http_data_plane,,,,,3365
server,client_mutation,completed,1788431958928630,178842683849154810,,,,1788431958926185,1788431958926186,1788431958928630,,,http_data_plane,,,,,2444
server,client_mutation,completed,1788431959430680,178842683849154810,,,,1788431959427253,1788431959427253,1788431959430680,,,http_data_plane,,,,,3427
server,client_mutation,completed,1788431959928999,178842683849154810,,,,1788431959926158,1788431959926158,1788431959928999,,,http_data_plane,,,,,2841
server,membership_directory_read,completed,1788431960318380,178842683849154810,,,,,1788431960284358,1788431960318380,,,poll:229 descriptors,,,,,34022
server,peer_replication_pull_request,sent,1788431960370674,178842683849154810,,,,,,,,,connected_peers=22,,,,,
server,peer_replication_get_delta,completed,1788431960396775,178842683849154810,178842684426434111,50,,1788431960395019,1788431960395026,1788431960396775,,,"delta_len=60,sent_us=1788431960340769",,,,,1749
server,client_mutation,completed,1788431960428736,178842683849154810,,,,1788431960426552,1788431960426552,1788431960428736,,,http_data_plane,,,,,2184
server,peer_replication_merge_delta,completed,1788431960474376,178842683849154810,,50,,1788431960459978,1788431960474309,1788431960474376,,,"delta_len=96,sent_us=1788431960412829",,,,,67
server,client_mutation,completed,1788431960932214,178842683849154810,,,,1788431960925967,1788431960925967,1788431960932214,,,http_data_plane,,,,,6247
server,peer_replication_pull_request,sent,1788431961370565,178842683849154810,,,,,,,,,connected_peers=22,,,,,
server,client_mutation,completed,1788431961430619,178842683849154810,,,,1788431961427599,1788431961427599,1788431961430619,,,http_data_plane,,,,,3020
server,client_mutation,completed,1788431961929384,178842683849154810,,,,1788431961927295,1788431961927295,1788431961929384,,,http_data_plane,,,,,2089
server,peer_replication_pull_request,sent,1788431962370483,178842683849154810,,,,,,,,,connected_peers=22,,,,,
server,client_mutation,completed,1788431962427776,178842683849154810,,,,1788431962425707,1788431962425707,1788431962427776,,,http_data_plane,,,,,2069
server,peer_replication_get_delta,completed,1788431962681652,178842683849154810,178842684426435111,50,,1788431962681453,1788431962681458,1788431962681652,,,"delta_len=30,sent_us=1788431962584916",,,,,194
server,client_mutation,completed,1788431962929132,178842683849154810,,,,1788431962926392,1788431962926393,1788431962929132,,,http_data_plane,,,,,2739
server,peer_replication_pull_request,sent,1788431963370295,178842683849154810,,,,,,,,,connected_peers=22,,,,,
server,client_mutation,completed,1788431963427704,178842683849154810,,,,1788431963425718,1788431963425718,1788431963427704,,,http_data_plane,,,,,1986
server,peer_replication_merge_delta,completed,1788431963486304,178842683849154810,,50,,1788431963465211,1788431963485645,1788431963486304,,,"delta_len=272,sent_us=1788431963417220",,,,,659
server,client_mutation,completed,1788431963928013,178842683849154810,,,,1788431963926035,1788431963926036,1788431963928013,,,http_data_plane,,,,,1977
server,peer_replication_get_delta,completed,1788431964192319,178842683849154810,178842684426433111,50,,1788431964191324,1788431964191331,1788431964192319,,,"delta_len=45,sent_us=1788431964144482",,,,,988
server,peer_replication_pull_request,sent,1788431964370833,178842683849154810,,,,,,,,,connected_peers=22,,,,,
server,client_mutation,completed,1788431964428899,178842683849154810,,,,1788431964425854,1788431964425855,1788431964428899,,,http_data_plane,,,,,3044
server,client_mutation,completed,1788431964927738,178842683849154810,,,,1788431964925694,1788431964925694,1788431964927738,,,http_data_plane,,,,,2044
server,membership_directory_read,completed,1788431965314619,178842683849154810,,,,,1788431965283849,1788431965314619,,,poll:229 descriptors,,,,,30770
server,peer_replication_pull_request,sent,1788431965370047,178842683849154810,,,,,,,,,connected_peers=22,,,,,
server,client_mutation,completed,1788431965428394,178842683849154810,,,,1788431965425724,1788431965425724,1788431965428394,,,http_data_plane,,,,,2670
server,peer_replication_merge_delta,completed,1788431965436264,178842683849154810,,50,,1788431965432669,1788431965436251,1788431965436264,,,"delta_len=10,sent_us=1788431965416906",,,,,13
server,client_mutation,completed,1788431965928143,178842683849154810,,,,1788431965925830,1788431965925831,1788431965928143,,,http_data_plane,,,,,2312
server,peer_replication_pull_request,sent,1788431966370415,178842683849154810,,,,,,,,,connected_peers=22,,,,,
server,client_mutation,completed,1788431966427741,178842683849154810,,,,1788431966425716,1788431966425716,1788431966427741,,,http_data_plane,,,,,2025
server,client_mutation,completed,1788431966927741,178842683849154810,,,,1788431966925697,1788431966925697,1788431966927741,,,http_data_plane,,,,,2044
server,peer_replication_pull_request,sent,1788431967369923,178842683849154810,,,,,,,,,connected_peers=22,,,,,
server,client_mutation,completed,1788431967427965,178842683849154810,,,,1788431967425905,1788431967425905,1788431967427965,,,http_data_plane,,,,,2060
server,peer_replication_merge_delta,completed,1788431967473887,178842683849154810,,50,,1788431967464359,1788431967473772,1788431967473887,,,"delta_len=113,sent_us=1788431967416939",,,,,115
server,client_mutation,completed,1788431967928529,178842683849154810,,,,1788431967926133,1788431967926133,1788431967928529,,,http_data_plane,,,,,2396
server,peer_replication_pull_request,sent,1788431968370449,178842683849154810,,,,,,,,,connected_peers=22,,,,,
server,client_mutation,completed,1788431968427986,178842683849154810,,,,1788431968425706,1788431968425706,1788431968427986,,,http_data_plane,,,,,2280
server,client_mutation,completed,1788431968927828,178842683849154810,,,,1788431968925696,1788431968925696,1788431968927828,,,http_data_plane,,,,,2132
server,peer_replication_pull_request,sent,1788431969369969,178842683849154810,,,,,,,,,connected_peers=22,,,,,
server,client_mutation,completed,1788431969427846,178842683849154810,,,,1788431969425689,1788431969425689,1788431969427846,,,http_data_plane,,,,,2157
server,peer_replication_merge_delta,completed,1788431969476335,178842683849154810,,50,,1788431969464390,1788431969476241,1788431969476335,,,"delta_len=146,sent_us=1788431969417041",,,,,94
server,client_mutation,completed,1788431969928833,178842683849154810,,,,1788431969925720,1788431969925720,1788431969928833,,,http_data_plane,,,,,3113
server,membership_directory_read,completed,1788431970318475,178842683849154810,,,,,1788431970282922,1788431970318475,,,poll:229 descriptors,,,,,35553
server,peer_replication_pull_request,sent,1788431970369856,178842683849154810,,,,,,,,,connected_peers=22,,,,,
server,client_mutation,completed,1788431970427925,178842683849154810,,,,1788431970425717,1788431970425717,1788431970427925,,,http_data_plane,,,,,2208
server,client_mutation,completed,1788431970928336,178842683849154810,,,,1788431970926165,1788431970926165,1788431970928336,,,http_data_plane,,,,,2171
server,peer_replication_pull_request,sent,1788431971371309,178842683849154810,,,,,,,,,connected_peers=22,,,,,
server,client_mutation,completed,1788431971428191,178842683849154810,,,,1788431971425775,1788431971425775,1788431971428191,,,http_data_plane,,,,,2416
server,peer_replication_merge_delta,completed,1788431971473458,178842683849154810,,50,,1788431971465533,1788431971473385,1788431971473458,,,"delta_len=88,sent_us=1788431971418275",,,,,73
server,client_mutation,completed,1788431971927856,178842683849154810,,,,1788431971925703,1788431971925703,1788431971927856,,,http_data_plane,,,,,2153
server,client_mutation,completed,1788431972431612,178842683849154810,,,,1788431972429437,1788431972429438,1788431972431612,,,http_data_plane,,,,,2174
server,client_mutation,completed,1788431972929430,178842683849154810,,,,1788431972925961,1788431972925962,1788431972929430,,,http_data_plane,,,,,3468
server,client_mutation,completed,1788431973428549,178842683849154810,,,,1788431973426179,1788431973426179,1788431973428549,,,http_data_plane,,,,,2370
server,client_mutation,completed,1788431973927905,178842683849154810,,,,1788431973925717,1788431973925717,1788431973927905,,,http_data_plane,,,,,2188
server,peer_replication_pull_request,sent,1788431974371143,178842683849154810,,,,,,,,,connected_peers=20,,,,,
server,client_mutation,completed,1788431974430980,178842683849154810,,,,1788431974427198,1788431974427198,1788431974430980,,,http_data_plane,,,,,3782
server,client_mutation,completed,1788431974930958,178842683849154810,,,,1788431974925780,1788431974925780,1788431974930958,,,http_data_plane,,,,,5178
server,peer_replication_get_delta,completed,1788431975161641,178842683849154810,178842684426436110,50,,1788431975161414,1788431975161421,1788431975161641,,,"delta_len=94,sent_us=1788431975070835",,,,,220
server,membership_directory_read,completed,1788431975310648,178842683849154810,,,,,1788431975283081,1788431975310648,,,poll:229 descriptors,,,,,27567
server,peer_replication_pull_request,sent,1788431975370084,178842683849154810,,,,,,,,,connected_peers=20,,,,,
server,client_mutation,completed,1788431975427625,178842683849154810,,,,1788431975425738,1788431975425738,1788431975427625,,,http_data_plane,,,,,1887
server,client_mutation,completed,1788431975927819,178842683849154810,,,,1788431975925722,1788431975925722,1788431975927819,,,http_data_plane,,,,,2097
server,peer_replication_pull_request,sent,1788431976370035,178842683849154810,,,,,,,,,connected_peers=20,,,,,
server,client_mutation,completed,1788431976427888,178842683849154810,,,,1788431976425708,1788431976425708,1788431976427888,,,http_data_plane,,,,,2180
server,client_mutation,completed,1788431976929645,178842683849154810,,,,1788431976926468,1788431976926468,1788431976929645,,,http_data_plane,,,,,3177
server,peer_replication_pull_request,sent,1788431977371428,178842683849154810,,,,,,,,,connected_peers=20,,,,,
server,client_mutation,completed,1788431977428951,178842683849154810,,,,1788431977426043,1788431977426043,1788431977428951,,,http_data_plane,,,,,2908
server,client_mutation,completed,1788431977930095,178842683849154810,,,,1788431977927572,1788431977927572,1788431977930095,,,http_data_plane,,,,,2523
server,peer_replication_get_delta,completed,1788431978163863,178842683849154810,178842684426436110,50,,1788431978162259,1788431978162266,1788431978163863,,,"delta_len=6,sent_us=1788431978070715",,,,,1597
server,peer_replication_pull_request,sent,1788431978370147,178842683849154810,,,,,,,,,connected_peers=20,,,,,
server,client_mutation,completed,1788431978428383,178842683849154810,,,,1788431978425745,1788431978425745,1788431978428383,,,http_data_plane,,,,,2638
server,client_mutation,completed,1788431978928678,178842683849154810,,,,1788431978926278,1788431978926278,1788431978928678,,,http_data_plane,,,,,2400
server,client_mutation,completed,1788431979432147,178842683849154810,,,,1788431979426345,1788431979426345,1788431979432147,,,http_data_plane,,,,,5802
server,client_mutation,completed,1788431979927896,178842683849154810,,,,1788431979925753,1788431979925753,1788431979927896,,,http_data_plane,,,,,2143
server,membership_directory_read,completed,1788431980317870,178842683849154810,,,,,1788431980283136,1788431980317870,,,poll:229 descriptors,,,,,34734
server,peer_replication_pull_request,sent,1788431980370196,178842683849154810,,,,,,,,,connected_peers=19,,,,,
server,client_mutation,completed,1788431980430656,178842683849154810,,,,1788431980428101,1788431980428101,1788431980430656,,,http_data_plane,,,,,2555
server,peer_replication_merge_delta,completed,1788431980524328,178842683849154810,,50,,1788431980495513,1788431980523951,1788431980524328,,,"delta_len=394,sent_us=1788431980417149",,,,,377
server,client_mutation,completed,1788431980928576,178842683849154810,,,,1788431980926319,1788431980926319,1788431980928576,,,http_data_plane,,,,,2257
server,peer_replication_pull_request,sent,1788431981370725,178842683849154810,,,,,,,,,connected_peers=19,,,,,
server,client_mutation,completed,1788431981428194,178842683849154810,,,,1788431981425722,1788431981425722,1788431981428194,,,http_data_plane,,,,,2472
server,client_mutation,completed,1788431981927843,178842683849154810,,,,1788431981925723,1788431981925724,1788431981927843,,,http_data_plane,,,,,2119
server,peer_replication_pull_request,sent,1788431982372231,178842683849154810,,,,,,,,,connected_peers=19,,,,,
server,client_mutation,completed,1788431982428207,178842683849154810,,,,1788431982425780,1788431982425780,1788431982428207,,,http_data_plane,,,,,2427
server,peer_replication_merge_delta,completed,1788431982482183,178842683849154810,,50,,1788431982466715,1788431982482106,1788431982482183,,,"delta_len=126,sent_us=1788431982419424",,,,,77
server,client_mutation,completed,1788431982929737,178842683849154810,,,,1788431982927395,1788431982927395,1788431982929737,,,http_data_plane,,,,,2342
server,peer_replication_pull_request,sent,1788431983369916,178842683849154810,,,,,,,,,connected_peers=19,,,,,
server,peer_replication_merge_delta,completed,1788431983376310,178842683849154810,,50,,1788431983371112,1788431983376292,1788431983376310,,,"delta_len=18,sent_us=1788431983370594",,,,,18
server,client_mutation,completed,1788431983428417,178842683849154810,,,,1788431983425941,1788431983425941,1788431983428417,,,http_data_plane,,,,,2476
server,client_mutation,completed,1788431983928013,178842683849154810,,,,1788431983925706,1788431983925707,1788431983928013,,,http_data_plane,,,,,2306
server,peer_replication_pull_request,sent,1788431984370410,178842683849154810,,,,,,,,,connected_peers=19,,,,,
server,client_mutation,completed,1788431984429971,178842683849154810,,,,1788431984427340,1788431984427340,1788431984429971,,,http_data_plane,,,,,2631
server,client_mutation,completed,1788431984928312,178842683849154810,,,,1788431984925921,1788431984925921,1788431984928312,,,http_data_plane,,,,,2391
server,membership_directory_read,completed,1788431985314595,178842683849154810,,,,,1788431985283073,1788431985314595,,,poll:229 descriptors,,,,,31522
server,peer_replication_pull_request,sent,1788431985370720,178842683849154810,,,,,,,,,connected_peers=19,,,,,
server,peer_replication_get_delta,completed,1788431985387948,178842683849154810,178842684426434111,50,,1788431985387742,1788431985387749,1788431985387948,,,"delta_len=35,sent_us=1788431985340779",,,,,199
server,client_mutation,completed,1788431985427949,178842683849154810,,,,1788431985425790,1788431985425790,1788431985427949,,,http_data_plane,,,,,2159
server,client_mutation,completed,1788431985927941,178842683849154810,,,,1788431985925750,1788431985925750,1788431985927941,,,http_data_plane,,,,,2191
server,peer_replication_pull_request,sent,1788431986370074,178842683849154810,,,,,,,,,connected_peers=19,,,,,
server,client_mutation,completed,1788431986430654,178842683849154810,,,,1788431986427975,1788431986427975,1788431986430654,,,http_data_plane,,,,,2679
server,client_mutation,completed,1788431986927920,178842683849154810,,,,1788431986925740,1788431986925740,1788431986927920,,,http_data_plane,,,,,2180
server,peer_replication_pull_request,sent,1788431987370572,178842683849154810,,,,,,,,,connected_peers=19,,,,,
server,client_mutation,completed,1788431987428634,178842683849154810,,,,1788431987425722,1788431987425722,1788431987428634,,,http_data_plane,,,,,2912
server,client_mutation,completed,1788431987933429,178842683849154810,,,,1788431987929827,1788431987929828,1788431987933429,,,http_data_plane,,,,,3601
server,peer_replication_pull_request,sent,1788431988370002,178842683849154810,,,,,,,,,connected_peers=19,,,,,
server,client_mutation,completed,1788431988429166,178842683849154810,,,,1788431988426256,1788431988426256,1788431988429166,,,http_data_plane,,,,,2910
server,client_mutation,completed,1788431988929563,178842683849154810,,,,1788431988926749,1788431988926750,1788431988929563,,,http_data_plane,,,,,2813
server,client_mutation,completed,1788431989427894,178842683849154810,,,,1788431989425732,1788431989425732,1788431989427894,,,http_data_plane,,,,,2162
server,client_mutation,completed,1788431989928075,178842683849154810,,,,1788431989925664,1788431989925664,1788431989928075,,,http_data_plane,,,,,2411
server,membership_directory_read,completed,1788431990308398,178842683849154810,,,,,1788431990283104,1788431990308398,,,poll:229 descriptors,,,,,25294
server,peer_replication_pull_request,sent,1788431990370803,178842683849154810,,,,,,,,,connected_peers=18,,,,,
server,client_mutation,completed,1788431990428194,178842683849154810,,,,1788431990425723,1788431990425723,1788431990428194,,,http_data_plane,,,,,2471
server,peer_replication_merge_delta,completed,1788431990518830,178842683849154810,,50,,1788431990495959,1788431990518617,1788431990518830,,,"delta_len=360,sent_us=1788431990417784",,,,,213
server,client_mutation,completed,1788431990928199,178842683849154810,,,,1788431990925758,1788431990925758,1788431990928199,,,http_data_plane,,,,,2441
server,peer_replication_pull_request,sent,1788431991370765,178842683849154810,,,,,,,,,connected_peers=18,,,,,
server,client_mutation,completed,1788431991428836,178842683849154810,,,,1788431991426411,1788431991426411,1788431991428836,,,http_data_plane,,,,,2425
server,client_mutation,completed,1788431991928269,178842683849154810,,,,1788431991926016,1788431991926016,1788431991928269,,,http_data_plane,,,,,2253
server,peer_replication_pull_request,sent,1788431992370790,178842683849154810,,,,,,,,,connected_peers=18,,,,,
server,client_mutation,completed,1788431992427963,178842683849154810,,,,1788431992425800,1788431992425800,1788431992427963,,,http_data_plane,,,,,2163
server,peer_replication_merge_delta,completed,1788431992478014,178842683849154810,,50,,1788431992464719,1788431992477904,1788431992478014,,,"delta_len=137,sent_us=1788431992417731",,,,,110
server,client_mutation,completed,1788431992928620,178842683849154810,,,,1788431992926201,1788431992926201,1788431992928620,,,http_data_plane,,,,,2419
server,peer_replication_pull_request,sent,1788431993370833,178842683849154810,,,,,,,,,connected_peers=18,,,,,
server,client_mutation,completed,1788431993427944,178842683849154810,,,,1788431993425739,1788431993425739,1788431993427944,,,http_data_plane,,,,,2205
server,client_mutation,completed,1788431993927890,178842683849154810,,,,1788431993925710,1788431993925711,1788431993927890,,,http_data_plane,,,,,2179
server,peer_replication_pull_request,sent,1788431994370123,178842683849154810,,,,,,,,,connected_peers=18,,,,,
server,client_mutation,completed,1788431994428102,178842683849154810,,,,1788431994425954,1788431994425954,1788431994428102,,,http_data_plane,,,,,2148
server,client_mutation,completed,1788431994928130,178842683849154810,,,,1788431994925818,1788431994925818,1788431994928130,,,http_data_plane,,,,,2312
server,membership_directory_read,completed,1788431995311784,178842683849154810,,,,,1788431995283175,1788431995311784,,,poll:229 descriptors,,,,,28609
server,peer_replication_pull_request,sent,1788431995370238,178842683849154810,,,,,,,,,connected_peers=18,,,,,
server,client_mutation,completed,1788431995428269,178842683849154810,,,,1788431995425669,1788431995425669,1788431995428269,,,http_data_plane,,,,,2600
server,client_mutation,completed,1788431995927877,178842683849154810,,,,1788431995925823,1788431995925823,1788431995927877,,,http_data_plane,,,,,2054
server,peer_replication_pull_request,sent,1788431996370297,178842683849154810,,,,,,,,,connected_peers=18,,,,,
server,peer_replication_merge_delta,completed,1788431996381734,178842683849154810,,50,,1788431996371810,1788431996381646,1788431996381734,,,"delta_len=122,sent_us=1788431996370927",,,,,88
server,client_mutation,completed,1788431996427741,178842683849154810,,,,1788431996425715,1788431996425715,1788431996427741,,,http_data_plane,,,,,2026
server,client_mutation,completed,1788431996927995,178842683849154810,,,,1788431996925710,1788431996925710,1788431996927995,,,http_data_plane,,,,,2285
server,peer_replication_pull_request,sent,1788431997370339,178842683849154810,,,,,,,,,connected_peers=18,,,,,
server,client_mutation,completed,1788431997427850,178842683849154810,,,,1788431997425691,1788431997425691,1788431997427850,,,http_data_plane,,,,,2159
server,peer_replication_merge_delta,completed,1788431997471259,178842683849154810,,50,,1788431997464293,1788431997471172,1788431997471259,,,"delta_len=71,sent_us=1788431997417274",,,,,87
server,client_mutation,completed,1788431997928671,178842683849154810,,,,1788431997926204,1788431997926204,1788431997928671,,,http_data_plane,,,,,2467
server,client_mutation,completed,1788431998427905,178842683849154810,,,,1788431998425705,1788431998425705,1788431998427905,,,http_data_plane,,,,,2200
server,client_mutation,completed,1788431998728204,178842683849154810,,,,1788431998725814,1788431998725814,1788431998728204,,,http_data_plane,,,,,2390
server,client_mutation,completed,1788431999028575,178842683849154810,,,,1788431999026087,1788431999026087,1788431999028575,,,http_data_plane,,,,,2488
server,client_mutation,completed,1788431999227867,178842683849154810,,,,1788431999225731,1788431999225731,1788431999227867,,,http_data_plane,,,,,2136
server,peer_replication_pull_request,sent,1788431999370784,178842683849154810,,,,,,,,,connected_peers=17,,,,,
server,client_mutation,completed,1788431999428303,178842683849154810,,,,1788431999425734,1788431999425734,1788431999428303,,,http_data_plane,,,,,2569
server,client_mutation,completed,1788431999628714,178842683849154810,,,,1788431999625755,1788431999625755,1788431999628714,,,http_data_plane,,,,,2959
server,client_mutation,completed,1788431999827652,178842683849154810,,,,1788431999825717,1788431999825717,1788431999827652,,,http_data_plane,,,,,1935
server,client_mutation,completed,1788432000029028,178842683849154810,,,,1788432000026222,1788432000026222,1788432000029028,,,http_data_plane,,,,,2806
server,peer_replication_get_delta,completed,1788432000201771,178842683849154810,178842684426434111,50,,1788432000201575,1788432000201580,1788432000201771,,,"delta_len=55,sent_us=1788432000108670",,,,,191
server,client_mutation,completed,1788432000227899,178842683849154810,,,,1788432000225736,1788432000225736,1788432000227899,,,http_data_plane,,,,,2163
server,membership_directory_read,completed,1788432000310612,178842683849154810,,,,,1788432000283663,1788432000310612,,,poll:233 descriptors,,,,,26949
server,client_mutation,completed,1788432000428150,178842683849154810,,,,1788432000425903,1788432000425903,1788432000428150,,,http_data_plane,,,,,2247
server,client_mutation,completed,1788432000628287,178842683849154810,,,,1788432000626042,1788432000626042,1788432000628287,,,http_data_plane,,,,,2245
server,client_mutation,completed,1788432000829648,178842683849154810,,,,1788432000825735,1788432000825735,1788432000829648,,,http_data_plane,,,,,3913
server,client_mutation,completed,1788432001028362,178842683849154810,,,,1788432001026081,1788432001026081,1788432001028362,,,http_data_plane,,,,,2281
server,peer_replication_get_delta,completed,1788432001118913,178842683849154810,178842684426436110,50,,1788432001118520,1788432001118527,1788432001118913,,,"delta_len=90,sent_us=1788432001071021",,,,,386
server,client_mutation,completed,1788432001230023,178842683849154810,,,,1788432001227441,1788432001227441,1788432001230023,,,http_data_plane,,,,,2582
server,peer_replication_pull_request,sent,1788432001370026,178842683849154810,,,,,,,,,connected_peers=14,,,,,
server,client_mutation,completed,1788432001427897,178842683849154810,,,,1788432001425706,1788432001425706,1788432001427897,,,http_data_plane,,,,,2191
server,peer_replication_merge_delta,completed,1788432001439960,178842683849154810,,50,,1788432001432825,1788432001439895,1788432001439960,,,"delta_len=35,sent_us=1788432001416882",,,,,65
server,client_mutation,completed,1788432001629862,178842683849154810,,,,1788432001625752,1788432001625752,1788432001629862,,,http_data_plane,,,,,4110
server,client_mutation,completed,1788432001830883,178842683849154810,,,,1788432001826692,1788432001826692,1788432001830883,,,http_data_plane,,,,,4191
server,client_mutation,completed,1788432002027975,178842683849154810,,,,1788432002025727,1788432002025728,1788432002027975,,,http_data_plane,,,,,2247
server,client_mutation,completed,1788432002229709,178842683849154810,,,,1788432002226652,1788432002226652,1788432002229709,,,http_data_plane,,,,,3057
server,client_mutation,completed,1788432002428366,178842683849154810,,,,1788432002426172,1788432002426172,1788432002428366,,,http_data_plane,,,,,2194
server,client_mutation,completed,1788432002628336,178842683849154810,,,,1788432002626253,1788432002626253,1788432002628336,,,http_data_plane,,,,,2083
server,client_mutation,completed,1788432002828814,178842683849154810,,,,1788432002826698,1788432002826699,1788432002828814,,,http_data_plane,,,,,2115
server,client_mutation,completed,1788432003030988,178842683849154810,,,,1788432003027851,1788432003027851,1788432003030988,,,http_data_plane,,,,,3137
server,client_mutation,completed,1788432003228097,178842683849154810,,,,1788432003225843,1788432003225843,1788432003228097,,,http_data_plane,,,,,2254
server,peer_replication_pull_request,sent,1788432003369955,178842683849154810,,,,,,,,,connected_peers=13,,,,,
server,client_mutation,completed,1788432003427819,178842683849154810,,,,1788432003425687,1788432003425687,1788432003427819,,,http_data_plane,,,,,2132
server,client_mutation,completed,1788432003629877,178842683849154810,,,,1788432003626968,1788432003626969,1788432003629877,,,http_data_plane,,,,,2908
server,client_mutation,completed,1788432003827938,178842683849154810,,,,1788432003825732,1788432003825732,1788432003827938,,,http_data_plane,,,,,2206
server,peer_replication_merge_delta,completed,1788432003886358,178842683849154810,,50,,1788432003882508,1788432003886347,1788432003886358,,,"delta_len=5,sent_us=1788432003866759",,,,,11
server,client_mutation,completed,1788432004028519,178842683849154810,,,,1788432004025720,1788432004025720,1788432004028519,,,http_data_plane,,,,,2799
server,client_mutation,completed,1788432004227837,178842683849154810,,,,1788432004225722,1788432004225722,1788432004227837,,,http_data_plane,,,,,2115
server,peer_replication_get_delta,completed,1788432004271675,178842683849154810,178842684426433111,50,,1788432004271479,1788432004271485,1788432004271675,,,"delta_len=34,sent_us=1788432004182618",,,,,190
server,peer_replication_pull_request,sent,1788432004370061,178842683849154810,,,,,,,,,connected_peers=13,,,,,
server,client_mutation,completed,1788432004427877,178842683849154810,,,,1788432004425683,1788432004425684,1788432004427877,,,http_data_plane,,,,,2193
server,gc_observed,start,1788432004463999,178842683849154810,,51,,,,,,,,,,,,
server,gc_observed,completed,1788432005617211,178842683849154810,,51,,,,,,,,,,,,
server,peer_replication_merge_delta,completed,1788432005645291,178842683849154810,,51,,1788432004463996,1788432005645195,1788432005645291,,,"delta_len=159,sent_us=1788432004417013",,,,,96
server,peer_replication_get_delta,completed,1788432005645636,178842683849154810,178842684426436110,51,,1788432005645436,1788432005645439,1788432005645636,,,"delta_len=163,sent_us=1788432005070604",,,,,197
server,client_mutation,completed,1788432005619861,178842683849154810,,,,1788432004626464,1788432004626464,1788432005619861,,,http_data_plane,,,,,993397
server,client_mutation,completed,1788432005622376,178842683849154810,,,,1788432004825839,1788432004825839,1788432005622376,,,http_data_plane,,,,,796537
server,client_mutation,completed,1788432005624832,178842683849154810,,,,1788432005025986,1788432005025987,1788432005624832,,,http_data_plane,,,,,598845
server,client_mutation,completed,1788432005627459,178842683849154810,,,,1788432005226063,1788432005226063,1788432005627459,,,http_data_plane,,,,,401396
server,client_mutation,completed,1788432005631097,178842683849154810,,,,1788432005425909,1788432005425910,1788432005631097,,,http_data_plane,,,,,205187
server,peer_replication_get_delta,completed,1788432005645706,178842683849154810,178842684426433111,51,,1788432005645680,1788432005645681,1788432005645706,,,"delta_len=65,sent_us=1788432005144769",,,,,25
server,peer_replication_get_delta,completed,1788432005645755,178842683849154810,178842683849155809,51,,1788432005645710,1788432005645712,1788432005645755,,,"delta_len=261,sent_us=1788432005499508",,,,,43
server,peer_replication_pull_request,sent,1788432005645765,178842683849154810,,,,,,,,,connected_peers=13,,,,,
server,client_mutation,completed,1788432005650720,178842683849154810,,,,1788432005625970,1788432005625970,1788432005650720,,,http_data_plane,,,,,24750
server,membership_directory_read,completed,1788432005673282,178842683849154810,,,,,1788432005645840,1788432005673282,,,poll:233 descriptors,,,,,27442
server,client_mutation,completed,1788432005828265,178842683849154810,,,,1788432005825958,1788432005825958,1788432005828265,,,http_data_plane,,,,,2307
server,client_mutation,completed,1788432006029715,178842683849154810,,,,1788432006027431,1788432006027431,1788432006029715,,,http_data_plane,,,,,2284
server,client_mutation,completed,1788432006229373,178842683849154810,,,,1788432006227102,1788432006227103,1788432006229373,,,http_data_plane,,,,,2270
server,client_mutation,completed,1788432006432408,178842683849154810,,,,1788432006425792,1788432006425792,1788432006432408,,,http_data_plane,,,,,6616
server,client_mutation,completed,1788432006627117,178842683849154810,,,,1788432006625766,1788432006625766,1788432006627117,,,http_data_plane,,,,,1351
server,client_mutation,completed,1788432006827428,178842683849154810,,,,1788432006826295,1788432006826295,1788432006827428,,,http_data_plane,,,,,1133
server,client_mutation,completed,1788432007028962,178842683849154810,,,,1788432007027836,1788432007027836,1788432007028962,,,http_data_plane,,,,,1126
server,client_mutation,completed,1788432007226697,178842683849154810,,,,1788432007225736,1788432007225736,1788432007226697,,,http_data_plane,,,,,961
server,peer_replication_pull_request,sent,1788432007370677,178842683849154810,,,,,,,,,connected_peers=12,,,,,
server,client_mutation,completed,1788432007426850,178842683849154810,,,,1788432007425733,1788432007425734,1788432007426850,,,http_data_plane,,,,,1116
server,client_mutation,completed,1788432007627008,178842683849154810,,,,1788432007625925,1788432007625925,1788432007627008,,,http_data_plane,,,,,1083
server,client_mutation,completed,1788432007826902,178842683849154810,,,,1788432007825761,1788432007825762,1788432007826902,,,http_data_plane,,,,,1140
server,client_mutation,completed,1788432008026883,178842683849154810,,,,1788432008025749,1788432008025749,1788432008026883,,,http_data_plane,,,,,1134
server,client_mutation,completed,1788432008226805,178842683849154810,,,,1788432008225685,1788432008225685,1788432008226805,,,http_data_plane,,,,,1120
server,peer_replication_pull_request,sent,1788432008370983,178842683849154810,,,,,,,,,connected_peers=12,,,,,
server,client_mutation,completed,1788432008426798,178842683849154810,,,,1788432008425742,1788432008425742,1788432008426798,,,http_data_plane,,,,,1056
server,peer_replication_merge_delta,completed,1788432008436924,178842683849154810,,51,,1788432008433773,1788432008436906,1788432008436924,,,"delta_len=20,sent_us=1788432008417980",,,,,18
server,client_mutation,completed,1788432008627256,178842683849154810,,,,1788432008625761,1788432008625761,1788432008627256,,,http_data_plane,,,,,1495
server,client_mutation,completed,1788432008826768,178842683849154810,,,,1788432008825742,1788432008825742,1788432008826768,,,http_data_plane,,,,,1026
server,client_mutation,completed,1788432009026762,178842683849154810,,,,1788432009025750,1788432009025750,1788432009026762,,,http_data_plane,,,,,1012
server,client_mutation,completed,1788432009227236,178842683849154810,,,,1788432009225981,1788432009225981,1788432009227236,,,http_data_plane,,,,,1255
server,peer_replication_pull_request,sent,1788432009370145,178842683849154810,,,,,,,,,connected_peers=12,,,,,
server,client_mutation,completed,1788432009426611,178842683849154810,,,,1788432009425696,1788432009425696,1788432009426611,,,http_data_plane,,,,,915
server,peer_replication_merge_delta,completed,1788432009481590,178842683849154810,,51,,1788432009464716,1788432009481309,1788432009481590,,,"delta_len=226,sent_us=1788432009417146",,,,,281
server,client_mutation,completed,1788432009627279,178842683849154810,,,,1788432009626131,1788432009626131,1788432009627279,,,http_data_plane,,,,,1148
server,client_mutation,completed,1788432009830200,178842683849154810,,,,1788432009828741,1788432009828742,1788432009830200,,,http_data_plane,,,,,1458
server,client_mutation,completed,1788432010026856,178842683849154810,,,,1788432010025711,1788432010025711,1788432010026856,,,http_data_plane,,,,,1145
server,client_mutation,completed,1788432010227031,178842683849154810,,,,1788432010225713,1788432010225714,1788432010227031,,,http_data_plane,,,,,1317
server,membership_directory_read,completed,1788432010312334,178842683849154810,,,,,1788432010283834,1788432010312334,,,poll:233 descriptors,,,,,28500
server,client_mutation,completed,1788432010427024,178842683849154810,,,,1788432010425749,1788432010425749,1788432010427024,,,http_data_plane,,,,,1275
server,client_mutation,completed,1788432010629790,178842683849154810,,,,1788432010626780,1788432010626780,1788432010629790,,,http_data_plane,,,,,3010
server,client_mutation,completed,1788432010827439,178842683849154810,,,,1788432010825726,1788432010825726,1788432010827439,,,http_data_plane,,,,,1713
server,client_mutation,completed,1788432011029528,178842683849154810,,,,1788432011027782,1788432011027782,1788432011029528,,,http_data_plane,,,,,1746
server,client_mutation,completed,1788432011227427,178842683849154810,,,,1788432011225709,1788432011225709,1788432011227427,,,http_data_plane,,,,,1718
server,peer_replication_pull_request,sent,1788432011370509,178842683849154810,,,,,,,,,connected_peers=11,,,,,
server,client_mutation,completed,1788432011427972,178842683849154810,,,,1788432011425756,1788432011425756,1788432011427972,,,http_data_plane,,,,,2216
server,peer_replication_merge_delta,completed,1788432011491762,178842683849154810,,51,,1788432011484506,1788432011491727,1788432011491762,,,"delta_len=43,sent_us=1788432011466728",,,,,35
server,peer_replication_get_delta,completed,1788432011500081,178842683849154810,178842683849155809,51,,1788432011499849,1788432011499857,1788432011500081,,,"delta_len=52,sent_us=1788432011499240",,,,,224
server,client_mutation,completed,1788432011630395,178842683849154810,,,,1788432011626683,1788432011626683,1788432011630395,,,http_data_plane,,,,,3712
server,client_mutation,completed,1788432011827868,178842683849154810,,,,1788432011825743,1788432011825743,1788432011827868,,,http_data_plane,,,,,2125
server,client_mutation,completed,1788432012029168,178842683849154810,,,,1788432012027032,1788432012027032,1788432012029168,,,http_data_plane,,,,,2136
server,client_mutation,completed,1788432012227910,178842683849154810,,,,1788432012225828,1788432012225828,1788432012227910,,,http_data_plane,,,,,2082
server,peer_replication_pull_request,sent,1788432012370514,178842683849154810,,,,,,,,,connected_peers=11,,,,,
server,client_mutation,completed,1788432012427994,178842683849154810,,,,1788432012425738,1788432012425738,1788432012427994,,,http_data_plane,,,,,2256
server,peer_replication_get_delta,completed,1788432012431757,178842683849154810,178842684426434111,51,,1788432012431552,1788432012431558,1788432012431757,,,"delta_len=69,sent_us=1788432012340514",,,,,199
server,peer_replication_merge_delta,completed,1788432012438879,178842683849154810,,51,,1788432012433201,1788432012438829,1788432012438879,,,"delta_len=44,sent_us=1788432012417395",,,,,50
server,client_mutation,completed,1788432012628172,178842683849154810,,,,1788432012625962,1788432012625962,1788432012628172,,,http_data_plane,,,,,2210
server,client_mutation,completed,1788432012828199,178842683849154810,,,,1788432012825743,1788432012825744,1788432012828199,,,http_data_plane,,,,,2455
server,client_mutation,completed,1788432013028397,178842683849154810,,,,1788432013025769,1788432013025769,1788432013028397,,,http_data_plane,,,,,2628
server,client_mutation,completed,1788432013227967,178842683849154810,,,,1788432013225790,1788432013225790,1788432013227967,,,http_data_plane,,,,,2177
server,peer_replication_pull_request,sent,1788432013370421,178842683849154810,,,,,,,,,connected_peers=11,,,,,
server,peer_replication_merge_delta,completed,1788432013388292,178842683849154810,,51,,1788432013374367,1788432013388215,1788432013388292,,,"delta_len=96,sent_us=1788432013371878",,,,,77
server,client_mutation,completed,1788432013428389,178842683849154810,,,,1788432013426072,1788432013426072,1788432013428389,,,http_data_plane,,,,,2317
server,client_mutation,completed,1788432013630044,178842683849154810,,,,1788432013627265,1788432013627265,1788432013630044,,,http_data_plane,,,,,2779
server,client_mutation,completed,1788432013828280,178842683849154810,,,,1788432013825712,1788432013825712,1788432013828280,,,http_data_plane,,,,,2568
server,client_mutation,completed,1788432014028183,178842683849154810,,,,1788432014025899,1788432014025899,1788432014028183,,,http_data_plane,,,,,2284
server,client_mutation,completed,1788432014227808,178842683849154810,,,,1788432014225762,1788432014225762,1788432014227808,,,http_data_plane,,,,,2046
server,peer_replication_pull_request,sent,1788432014370688,178842683849154810,,,,,,,,,connected_peers=11,,,,,
server,client_mutation,completed,1788432014435065,178842683849154810,,,,1788432014432630,1788432014432630,1788432014435065,,,http_data_plane,,,,,2435
server,peer_replication_merge_delta,completed,1788432014525519,178842683849154810,,51,,1788432014513901,1788432014525411,1788432014525519,,,"delta_len=93,sent_us=1788432014466257",,,,,108
server,client_mutation,completed,1788432014629517,178842683849154810,,,,1788432014626313,1788432014626313,1788432014629517,,,http_data_plane,,,,,3204
server,client_mutation,completed,1788432014827825,178842683849154810,,,,1788432014825717,1788432014825718,1788432014827825,,,http_data_plane,,,,,2107
server,client_mutation,completed,1788432015029442,178842683849154810,,,,1788432015027094,1788432015027094,1788432015029442,,,http_data_plane,,,,,2348
server,client_mutation,completed,1788432015227868,178842683849154810,,,,1788432015225744,1788432015225744,1788432015227868,,,http_data_plane,,,,,2124
server,membership_directory_read,completed,1788432015313998,178842683849154810,,,,,1788432015283702,1788432015313998,,,poll:233 descriptors,,,,,30296
server,peer_replication_pull_request,sent,1788432015370747,178842683849154810,,,,,,,,,connected_peers=11,,,,,
server,peer_replication_merge_delta,completed,1788432015426794,178842683849154810,,51,,1788432015421860,1788432015426779,1788432015426794,,,"delta_len=10,sent_us=1788432015371607",,,,,15
server,client_mutation,completed,1788432015429431,178842683849154810,,,,1788432015426345,1788432015426345,1788432015429431,,,http_data_plane,,,,,3086
server,client_mutation,completed,1788432015631242,178842683849154810,,,,1788432015627039,1788432015627039,1788432015631242,,,http_data_plane,,,,,4203
server,client_mutation,completed,1788432015834062,178842683849154810,,,,1788432015827643,1788432015827643,1788432015834062,,,http_data_plane,,,,,6419
server,client_mutation,completed,1788432016028823,178842683849154810,,,,1788432016026154,1788432016026154,1788432016028823,,,http_data_plane,,,,,2669
server,client_mutation,completed,1788432016231194,178842683849154810,,,,1788432016226480,1788432016226480,1788432016231194,,,http_data_plane,,,,,4714
server,client_mutation,completed,1788432016429345,178842683849154810,,,,1788432016425877,1788432016425877,1788432016429345,,,http_data_plane,,,,,3468
server,client_mutation,completed,1788432016630869,178842683849154810,,,,1788432016628467,1788432016628467,1788432016630869,,,http_data_plane,,,,,2402
server,client_mutation,completed,1788432016828704,178842683849154810,,,,1788432016825983,1788432016825983,1788432016828704,,,http_data_plane,,,,,2721
server,client_mutation,completed,1788432017034097,178842683849154810,,,,1788432017028620,1788432017028621,1788432017034097,,,http_data_plane,,,,,5476
server,client_mutation,completed,1788432017231664,178842683849154810,,,,1788432017225922,1788432017225922,1788432017231664,,,http_data_plane,,,,,5742
server,client_mutation,completed,1788432017430037,178842683849154810,,,,1788432017426705,1788432017426706,1788432017430037,,,http_data_plane,,,,,3331
server,client_mutation,completed,1788432017631499,178842683849154810,,,,1788432017628911,1788432017628911,1788432017631499,,,http_data_plane,,,,,2588
server,peer_replication_get_delta,completed,1788432017681798,178842683849154810,178842684426435111,51,,1788432017681573,1788432017681580,1788432017681798,,,"delta_len=59,sent_us=1788432017584740",,,,,218
server,client_mutation,completed,1788432017829600,178842683849154810,,,,1788432017826030,1788432017826030,1788432017829600,,,http_data_plane,,,,,3570
server,client_mutation,completed,1788432018028255,178842683849154810,,,,1788432018025806,1788432018025806,1788432018028255,,,http_data_plane,,,,,2449
server,peer_replication_get_delta,completed,1788432018117533,178842683849154810,178842684426436110,51,,1788432018117334,1788432018117340,1788432018117533,,,"delta_len=28,sent_us=1788432018070577",,,,,193
server,client_mutation,completed,1788432018227925,178842683849154810,,,,1788432018225745,1788432018225752,1788432018227925,,,http_data_plane,,,,,2173
server,peer_replication_pull_request,sent,1788432018369989,178842683849154810,,,,,,,,,connected_peers=9,,,,,
server,peer_replication_merge_delta,completed,1788432018387817,178842683849154810,,51,,1788432018373182,1788432018387713,1788432018387817,,,"delta_len=119,sent_us=1788432018371829",,,,,104
server,client_mutation,completed,1788432018427800,178842683849154810,,,,1788432018425696,1788432018425696,1788432018427800,,,http_data_plane,,,,,2104
server,client_mutation,completed,1788432018628076,178842683849154810,,,,1788432018625952,1788432018625952,1788432018628076,,,http_data_plane,,,,,2124
server,client_mutation,completed,1788432018827780,178842683849154810,,,,1788432018825740,1788432018825740,1788432018827780,,,http_data_plane,,,,,2040
server,client_mutation,completed,1788432019028044,178842683849154810,,,,1788432019025738,1788432019025739,1788432019028044,,,http_data_plane,,,,,2305
server,client_mutation,completed,1788432019227715,178842683849154810,,,,1788432019225679,1788432019225679,1788432019227715,,,http_data_plane,,,,,2036
server,peer_replication_pull_request,sent,1788432019370631,178842683849154810,,,,,,,,,connected_peers=9,,,,,
server,client_mutation,completed,1788432019427782,178842683849154810,,,,1788432019425705,1788432019425705,1788432019427782,,,http_data_plane,,,,,2077
server,client_mutation,completed,1788432019627812,178842683849154810,,,,1788432019625700,1788432019625701,1788432019627812,,,http_data_plane,,,,,2111
server,client_mutation,completed,1788432019827827,178842683849154810,,,,1788432019825801,1788432019825801,1788432019827827,,,http_data_plane,,,,,2026
server,client_mutation,completed,1788432020027949,178842683849154810,,,,1788432020025728,1788432020025729,1788432020027949,,,http_data_plane,,,,,2220
server,client_mutation,completed,1788432020227859,178842683849154810,,,,1788432020225706,1788432020225706,1788432020227859,,,http_data_plane,,,,,2153
server,membership_directory_read,completed,1788432020315967,178842683849154810,,,,,1788432020282903,1788432020315967,,,poll:233 descriptors,,,,,33064
server,peer_replication_pull_request,sent,1788432020370421,178842683849154810,,,,,,,,,connected_peers=9,,,,,
server,peer_replication_merge_delta,completed,1788432020379019,178842683849154810,,51,,1788432020371731,1788432020378970,1788432020379019,,,"delta_len=59,sent_us=1788432020371109",,,,,49
server,client_mutation,completed,1788432020427906,178842683849154810,,,,1788432020425801,1788432020425801,1788432020427906,,,http_data_plane,,,,,2105
server,client_mutation,completed,1788432020627846,178842683849154810,,,,1788432020625709,1788432020625709,1788432020627846,,,http_data_plane,,,,,2137
server,client_mutation,completed,1788432020828136,178842683849154810,,,,1788432020825732,1788432020825732,1788432020828136,,,http_data_plane,,,,,2404
server,client_mutation,completed,1788432021027922,178842683849154810,,,,1788432021025762,1788432021025763,1788432021027922,,,http_data_plane,,,,,2159
server,client_mutation,completed,1788432021228104,178842683849154810,,,,1788432021225753,1788432021225753,1788432021228104,,,http_data_plane,,,,,2351
server,client_mutation,completed,1788432021428300,178842683849154810,,,,1788432021426071,1788432021426072,1788432021428300,,,http_data_plane,,,,,2228
server,client_mutation,completed,1788432021627939,178842683849154810,,,,1788432021625701,1788432021625701,1788432021627939,,,http_data_plane,,,,,2238
server,client_mutation,completed,1788432021828156,178842683849154810,,,,1788432021825715,1788432021825715,1788432021828156,,,http_data_plane,,,,,2441
server,client_mutation,completed,1788432022027900,178842683849154810,,,,1788432022025732,1788432022025732,1788432022027900,,,http_data_plane,,,,,2168
server,client_mutation,completed,1788432022227853,178842683849154810,,,,1788432022225738,1788432022225738,1788432022227853,,,http_data_plane,,,,,2115
server,peer_replication_pull_request,sent,1788432022370821,178842683849154810,,,,,,,,,connected_peers=8,,,,,
server,client_mutation,completed,1788432022427734,178842683849154810,,,,1788432022425723,1788432022425723,1788432022427734,,,http_data_plane,,,,,2011
server,peer_replication_get_delta,completed,1788432022500424,178842683849154810,178842683849155809,51,,1788432022500201,1788432022500207,1788432022500424,,,"delta_len=51,sent_us=1788432022499652",,,,,217
server,peer_replication_merge_delta,completed,1788432022521644,178842683849154810,,51,,1788432022513066,1788432022521564,1788432022521644,,,"delta_len=109,sent_us=1788432022466194",,,,,80
server,client_mutation,completed,1788432022627741,178842683849154810,,,,1788432022625723,1788432022625723,1788432022627741,,,http_data_plane,,,,,2018
server,client_mutation,completed,1788432022827837,178842683849154810,,,,1788432022825696,1788432022825696,1788432022827837,,,http_data_plane,,,,,2141
server,client_mutation,completed,1788432023028237,178842683849154810,,,,1788432023025727,1788432023025727,1788432023028237,,,http_data_plane,,,,,2510
server,client_mutation,completed,1788432023227780,178842683849154810,,,,1788432023225725,1788432023225726,1788432023227780,,,http_data_plane,,,,,2054
server,peer_replication_pull_request,sent,1788432023370537,178842683849154810,,,,,,,,,connected_peers=8,,,,,
server,client_mutation,completed,1788432023427964,178842683849154810,,,,1788432023425735,1788432023425736,1788432023427964,,,http_data_plane,,,,,2228
server,peer_replication_merge_delta,completed,1788432023471310,178842683849154810,,51,,1788432023464229,1788432023471250,1788432023471310,,,"delta_len=78,sent_us=1788432023417427",,,,,60
server,client_mutation,completed,1788432023627808,178842683849154810,,,,1788432023625704,1788432023625704,1788432023627808,,,http_data_plane,,,,,2104
server,client_mutation,completed,1788432023827857,178842683849154810,,,,1788432023825745,1788432023825746,1788432023827857,,,http_data_plane,,,,,2111
server,client_mutation,completed,1788432024027829,178842683849154810,,,,1788432024025712,1788432024025712,1788432024027829,,,http_data_plane,,,,,2117
server,peer_replication_get_delta,completed,1788432024117922,178842683849154810,178842684426436110,51,,1788432024117708,1788432024117715,1788432024117922,,,"delta_len=53,sent_us=1788432024070752",,,,,207
server,client_mutation,completed,1788432024227852,178842683849154810,,,,1788432024225695,1788432024225695,1788432024227852,,,http_data_plane,,,,,2157
server,client_mutation,completed,1788432024427961,178842683849154810,,,,1788432024425799,1788432024425799,1788432024427961,,,http_data_plane,,,,,2162
server,client_mutation,completed,1788432024627926,178842683849154810,,,,1788432024625729,1788432024625729,1788432024627926,,,http_data_plane,,,,,2197
server,client_mutation,completed,1788432024828634,178842683849154810,,,,1788432024826353,1788432024826354,1788432024828634,,,http_data_plane,,,,,2280
server,client_mutation,completed,1788432025028037,178842683849154810,,,,1788432025025750,1788432025025750,1788432025028037,,,http_data_plane,,,,,2287
server,client_mutation,completed,1788432025228217,178842683849154810,,,,1788432025225679,1788432025225679,1788432025228217,,,http_data_plane,,,,,2538
server,membership_directory_read,completed,1788432025308958,178842683849154810,,,,,1788432025283003,1788432025308958,,,poll:233 descriptors,,,,,25955
server,client_mutation,completed,1788432025428169,178842683849154810,,,,1788432025425731,1788432025425731,1788432025428169,,,http_data_plane,,,,,2438
server,client_mutation,completed,1788432025628222,178842683849154810,,,,1788432025625727,1788432025625728,1788432025628222,,,http_data_plane,,,,,2494
server,peer_replication_get_delta,completed,1788432025633611,178842683849154810,178842684426435111,51,,1788432025632825,1788432025632831,1788432025633611,,,"delta_len=60,sent_us=1788432025584856",,,,,780
server,client_mutation,completed,1788432025828107,178842683849154810,,,,1788432025825705,1788432025825705,1788432025828107,,,http_data_plane,,,,,2402
server,client_mutation,completed,1788432026028050,178842683849154810,,,,1788432026025706,1788432026025706,1788432026028050,,,http_data_plane,,,,,2344
server,client_mutation,completed,1788432026227961,178842683849154810,,,,1788432026225714,1788432026225715,1788432026227961,,,http_data_plane,,,,,2246
server,peer_replication_pull_request,sent,1788432026370775,178842683849154810,,,,,,,,,connected_peers=6,,,,,
server,client_mutation,completed,1788432026428161,178842683849154810,,,,1788432026425727,1788432026425727,1788432026428161,,,http_data_plane,,,,,2434
server,peer_replication_merge_delta,completed,1788432026520536,178842683849154810,,51,,1788432026513182,1788432026520480,1788432026520536,,,"delta_len=74,sent_us=1788432026466201",,,,,56
server,client_mutation,completed,1788432026628769,178842683849154810,,,,1788432026626356,1788432026626356,1788432026628769,,,http_data_plane,,,,,2413
server,client_mutation,completed,1788432026827997,178842683849154810,,,,1788432026825718,1788432026825718,1788432026827997,,,http_data_plane,,,,,2279
server,client_mutation,completed,1788432027029152,178842683849154810,,,,1788432027026777,1788432027026777,1788432027029152,,,http_data_plane,,,,,2375
server,client_mutation,completed,1788432027230362,178842683849154810,,,,1788432027226531,1788432027226531,1788432027230362,,,http_data_plane,,,,,3831
server,peer_replication_pull_request,sent,1788432027370463,178842683849154810,,,,,,,,,connected_peers=6,,,,,
server,client_mutation,completed,1788432027428256,178842683849154810,,,,1788432027425965,1788432027425965,1788432027428256,,,http_data_plane,,,,,2291
server,peer_replication_merge_delta,completed,1788432027476321,178842683849154810,,51,,1788432027464674,1788432027476224,1788432027476321,,,"delta_len=140,sent_us=1788432027417418",,,,,97
server,client_mutation,completed,1788432027627903,178842683849154810,,,,1788432027625677,1788432027625677,1788432027627903,,,http_data_plane,,,,,2226
server,client_mutation,completed,1788432027828069,178842683849154810,,,,1788432027825733,1788432027825733,1788432027828069,,,http_data_plane,,,,,2336
server,client_mutation,completed,1788432028027892,178842683849154810,,,,1788432028025745,1788432028025745,1788432028027892,,,http_data_plane,,,,,2147
server,client_mutation,completed,1788432028227885,178842683849154810,,,,1788432028225761,1788432028225761,1788432028227885,,,http_data_plane,,,,,2124
server,peer_replication_pull_request,sent,1788432028370904,178842683849154810,,,,,,,,,connected_peers=6,,,,,
server,client_mutation,completed,1788432028428000,178842683849154810,,,,1788432028425737,1788432028425737,1788432028428000,,,http_data_plane,,,,,2263
server,peer_replication_merge_delta,completed,1788432028438275,178842683849154810,,51,,1788432028433720,1788432028438253,1788432028438275,,,"delta_len=25,sent_us=1788432028417881",,,,,22
server,client_mutation,completed,1788432028627819,178842683849154810,,,,1788432028625740,1788432028625740,1788432028627819,,,http_data_plane,,,,,2079
server,client_mutation,completed,1788432028828000,178842683849154810,,,,1788432028825750,1788432028825750,1788432028828000,,,http_data_plane,,,,,2250
server,client_mutation,completed,1788432029029081,178842683849154810,,,,1788432029026785,1788432029026786,1788432029029081,,,http_data_plane,,,,,2295
server,client_mutation,completed,1788432029228305,178842683849154810,,,,1788432029226069,1788432029226069,1788432029228305,,,http_data_plane,,,,,2236
server,peer_replication_pull_request,sent,1788432029370103,178842683849154810,,,,,,,,,connected_peers=6,,,,,
server,client_mutation,completed,1788432029427961,178842683849154810,,,,1788432029425729,1788432029425730,1788432029427961,,,http_data_plane,,,,,2231
server,client_mutation,completed,1788432029628164,178842683849154810,,,,1788432029625903,1788432029625904,1788432029628164,,,http_data_plane,,,,,2260
server,client_mutation,completed,1788432029828267,178842683849154810,,,,1788432029825885,1788432029825885,1788432029828267,,,http_data_plane,,,,,2382
server,client_mutation,completed,1788432030029992,178842683849154810,,,,1788432030026364,1788432030026364,1788432030029992,,,http_data_plane,,,,,3628
server,client_mutation,completed,1788432030227941,178842683849154810,,,,1788432030225706,1788432030225706,1788432030227941,,,http_data_plane,,,,,2235
server,membership_directory_read,completed,1788432030314467,178842683849154810,,,,,1788432030283881,1788432030314467,,,poll:233 descriptors,,,,,30586
server,peer_replication_pull_request,sent,1788432030370060,178842683849154810,,,,,,,,,connected_peers=6,,,,,
server,client_mutation,completed,1788432030427877,178842683849154810,,,,1788432030425680,1788432030425680,1788432030427877,,,http_data_plane,,,,,2197
server,peer_replication_merge_delta,completed,1788432030486059,178842683849154810,,51,,1788432030482017,1788432030486039,1788432030486059,,,"delta_len=20,sent_us=1788432030466167",,,,,20
server,client_mutation,completed,1788432030627995,178842683849154810,,,,1788432030625765,1788432030625765,1788432030627995,,,http_data_plane,,,,,2230
server,client_mutation,completed,1788432030829046,178842683849154810,,,,1788432030826780,1788432030826780,1788432030829046,,,http_data_plane,,,,,2266
server,client_mutation,completed,1788432031028111,178842683849154810,,,,1788432031025830,1788432031025831,1788432031028111,,,http_data_plane,,,,,2280
server,client_mutation,completed,1788432031228331,178842683849154810,,,,1788432031225713,1788432031225713,1788432031228331,,,http_data_plane,,,,,2618
server,peer_replication_pull_request,sent,1788432031370133,178842683849154810,,,,,,,,,connected_peers=6,,,,,
server,client_mutation,completed,1788432031427758,178842683849154810,,,,1788432031425684,1788432031425684,1788432031427758,,,http_data_plane,,,,,2074
server,peer_replication_merge_delta,completed,1788432031438578,178842683849154810,,51,,1788432031432915,1788432031438536,1788432031438578,,,"delta_len=51,sent_us=1788432031417077",,,,,42
server,client_mutation,completed,1788432031627897,178842683849154810,,,,1788432031625745,1788432031625745,1788432031627897,,,http_data_plane,,,,,2152
server,client_mutation,completed,1788432031828894,178842683849154810,,,,1788432031826591,1788432031826591,1788432031828894,,,http_data_plane,,,,,2303
server,client_mutation,completed,1788432032028080,178842683849154810,,,,1788432032025747,1788432032025748,1788432032028080,,,http_data_plane,,,,,2332
server,client_mutation,completed,1788432032227933,178842683849154810,,,,1788432032225726,1788432032225726,1788432032227933,,,http_data_plane,,,,,2207
server,peer_replication_pull_request,sent,1788432032369922,178842683849154810,,,,,,,,,connected_peers=6,,,,,
server,client_mutation,completed,1788432032427848,178842683849154810,,,,1788432032425704,1788432032425704,1788432032427848,,,http_data_plane,,,,,2144
server,peer_replication_merge_delta,completed,1788432032521602,178842683849154810,,51,,1788432032513090,1788432032521530,1788432032521602,,,"delta_len=89,sent_us=1788432032466152",,,,,72
server,client_mutation,completed,1788432032628735,178842683849154810,,,,1788432032625908,1788432032625908,1788432032628735,,,http_data_plane,,,,,2827
server,client_mutation,completed,1788432032827858,178842683849154810,,,,1788432032825718,1788432032825718,1788432032827858,,,http_data_plane,,,,,2140
server,client_mutation,completed,1788432033030879,178842683849154810,,,,1788432033026933,1788432033026933,1788432033030879,,,http_data_plane,,,,,3946
server,peer_replication_get_delta,completed,1788432033161701,178842683849154810,178842684426436110,51,,1788432033161485,1788432033161491,1788432033161701,,,"delta_len=38,sent_us=1788432033070575",,,,,210
server,client_mutation,completed,1788432033227984,178842683849154810,,,,1788432033225723,1788432033225723,1788432033227984,,,http_data_plane,,,,,2261
server,peer_replication_pull_request,sent,1788432033369985,178842683849154810,,,,,,,,,connected_peers=6,,,,,
server,peer_replication_merge_delta,completed,1788432033380558,178842683849154810,,51,,1788432033371573,1788432033380474,1788432033380558,,,"delta_len=77,sent_us=1788432033370776",,,,,84
server,client_mutation,completed,1788432033427873,178842683849154810,,,,1788432033425739,1788432033425739,1788432033427873,,,http_data_plane,,,,,2134
server,client_mutation,completed,1788432033627931,178842683849154810,,,,1788432033625746,1788432033625746,1788432033627931,,,http_data_plane,,,,,2185
server,client_mutation,completed,1788432033827959,178842683849154810,,,,1788432033825713,1788432033825713,1788432033827959,,,http_data_plane,,,,,2246
server,client_mutation,completed,1788432034028602,178842683849154810,,,,1788432034026151,1788432034026151,1788432034028602,,,http_data_plane,,,,,2451
server,client_mutation,completed,1788432034227876,178842683849154810,,,,1788432034225699,1788432034225700,1788432034227876,,,http_data_plane,,,,,2176
server,peer_replication_pull_request,sent,1788432034370737,178842683849154810,,,,,,,,,connected_peers=6,,,,,
server,peer_replication_merge_delta,completed,1788432034376884,178842683849154810,,51,,1788432034372238,1788432034376867,1788432034376884,,,"delta_len=14,sent_us=1788432034371639",,,,,17
server,client_mutation,completed,1788432034427876,178842683849154810,,,,1788432034425722,1788432034425722,1788432034427876,,,http_data_plane,,,,,2154
server,client_mutation,completed,1788432034627851,178842683849154810,,,,1788432034625759,1788432034625759,1788432034627851,,,http_data_plane,,,,,2092
server,client_mutation,completed,1788432034827847,178842683849154810,,,,1788432034825688,1788432034825688,1788432034827847,,,http_data_plane,,,,,2159
server,client_mutation,completed,1788432035028004,178842683849154810,,,,1788432035025740,1788432035025740,1788432035028004,,,http_data_plane,,,,,2264
server,peer_replication_get_delta,completed,1788432035117662,178842683849154810,178842684426436110,51,,1788432035117457,1788432035117462,1788432035117662,,,"delta_len=50,sent_us=1788432035070547",,,,,200
server,client_mutation,completed,1788432035227978,178842683849154810,,,,1788432035225714,1788432035225714,1788432035227978,,,http_data_plane,,,,,2264
server,membership_directory_read,completed,1788432035317410,178842683849154810,,,,,1788432035283707,1788432035317410,,,poll:233 descriptors,,,,,33703
server,peer_replication_pull_request,sent,1788432035369888,178842683849154810,,,,,,,,,connected_peers=6,,,,,
server,client_mutation,completed,1788432035427945,178842683849154810,,,,1788432035425762,1788432035425762,1788432035427945,,,http_data_plane,,,,,2183
server,peer_replication_merge_delta,completed,1788432035438461,178842683849154810,,51,,1788432035432627,1788432035438412,1788432035438461,,,"delta_len=46,sent_us=1788432035416771",,,,,49
server,client_mutation,completed,1788432035628006,178842683849154810,,,,1788432035625799,1788432035625800,1788432035628006,,,http_data_plane,,,,,2206
server,client_mutation,completed,1788432035827883,178842683849154810,,,,1788432035825721,1788432035825721,1788432035827883,,,http_data_plane,,,,,2162
server,client_mutation,completed,1788432036027983,178842683849154810,,,,1788432036025728,1788432036025728,1788432036027983,,,http_data_plane,,,,,2255
server,client_mutation,completed,1788432036227983,178842683849154810,,,,1788432036225782,1788432036225782,1788432036227983,,,http_data_plane,,,,,2201
server,peer_replication_pull_request,sent,1788432036370227,178842683849154810,,,,,,,,,connected_peers=6,,,,,
server,client_mutation,completed,1788432036428294,178842683849154810,,,,1788432036425766,1788432036425767,1788432036428294,,,http_data_plane,,,,,2527
server,peer_replication_merge_delta,completed,1788432036492644,178842683849154810,,51,,1788432036482649,1788432036492610,1788432036492644,,,"delta_len=36,sent_us=1788432036466142",,,,,34
server,peer_replication_get_delta,completed,1788432036503237,178842683849154810,178842683849155809,51,,1788432036501809,1788432036501816,1788432036503237,,,"delta_len=37,sent_us=1788432036499460",,,,,1421
server,client_mutation,completed,1788432036628515,178842683849154810,,,,1788432036625952,1788432036625952,1788432036628515,,,http_data_plane,,,,,2563
server,client_mutation,completed,1788432036828732,178842683849154810,,,,1788432036826202,1788432036826202,1788432036828732,,,http_data_plane,,,,,2530
server,client_mutation,completed,1788432037031298,178842683849154810,,,,1788432037028557,1788432037028558,1788432037031298,,,http_data_plane,,,,,2740
server,peer_replication_get_delta,completed,1788432037162942,178842683849154810,178842684426436110,51,,1788432037162733,1788432037162739,1788432037162942,,,"delta_len=34,sent_us=1788432037070664",,,,,203
server,peer_replication_get_delta,completed,1788432037192238,178842683849154810,178842684426433111,51,,1788432037192025,1788432037192031,1788432037192238,,,"delta_len=136,sent_us=1788432037144607",,,,,207
server,client_mutation,completed,1788432037228140,178842683849154810,,,,1788432037225826,1788432037225826,1788432037228140,,,http_data_plane,,,,,2314
server,peer_replication_pull_request,sent,1788432037370099,178842683849154810,,,,,,,,,connected_peers=6,,,,,
server,client_mutation,completed,1788432037429449,178842683849154810,,,,1788432037426722,1788432037426722,1788432037429449,,,http_data_plane,,,,,2727
server,peer_replication_merge_delta,completed,1788432037443295,178842683849154810,,51,,1788432037433290,1788432037443259,1788432037443295,,,"delta_len=40,sent_us=1788432037417100",,,,,36
server,client_mutation,completed,1788432037630964,178842683849154810,,,,1788432037626642,1788432037626643,1788432037630964,,,http_data_plane,,,,,4321
server,client_mutation,completed,1788432037828340,178842683849154810,,,,1788432037825771,1788432037825771,1788432037828340,,,http_data_plane,,,,,2569
server,client_mutation,completed,1788432038032456,178842683849154810,,,,1788432038029552,1788432038029552,1788432038032456,,,http_data_plane,,,,,2904
server,peer_replication_get_delta,completed,1788432038121249,178842683849154810,178842684426436110,51,,1788432038120864,1788432038120874,1788432038121249,,,"delta_len=45,sent_us=1788432038070821",,,,,375
server,client_mutation,completed,1788432038231256,178842683849154810,,,,1788432038227612,1788432038227612,1788432038231256,,,http_data_plane,,,,,3644
server,peer_replication_pull_request,sent,1788432038369902,178842683849154810,,,,,,,,,connected_peers=6,,,,,
server,client_mutation,completed,1788432038429658,178842683849154810,,,,1788432038426720,1788432038426720,1788432038429658,,,http_data_plane,,,,,2938
server,peer_replication_merge_delta,completed,1788432038441205,178842683849154810,,51,,1788432038434118,1788432038441178,1788432038441205,,,"delta_len=23,sent_us=1788432038416801",,,,,27
server,peer_replication_get_delta,completed,1788432038500775,178842683849154810,178842683849155809,51,,1788432038500369,1788432038500376,1788432038500775,,,"delta_len=33,sent_us=1788432038499456",,,,,399
server,client_mutation,completed,1788432038628769,178842683849154810,,,,1788432038626494,1788432038626494,1788432038628769,,,http_data_plane,,,,,2275
server,client_mutation,completed,1788432038828724,178842683849154810,,,,1788432038826381,1788432038826381,1788432038828724,,,http_data_plane,,,,,2343
server,client_mutation,completed,1788432039028796,178842683849154810,,,,1788432039026571,1788432039026571,1788432039028796,,,http_data_plane,,,,,2225
server,client_mutation,completed,1788432039231300,178842683849154810,,,,1788432039227828,1788432039227828,1788432039231300,,,http_data_plane,,,,,3472
server,peer_replication_pull_request,sent,1788432039370341,178842683849154810,,,,,,,,,connected_peers=6,,,,,
server,client_mutation,completed,1788432039428087,178842683849154810,,,,1788432039425758,1788432039425765,1788432039428087,,,http_data_plane,,,,,2322
server,peer_replication_merge_delta,completed,1788432039439846,178842683849154810,,51,,1788432039434381,1788432039439810,1788432039439846,,,"delta_len=22,sent_us=1788432039417516",,,,,36
server,peer_replication_get_delta,completed,1788432039501776,178842683849154810,178842683849155809,51,,1788432039500542,1788432039500552,1788432039501776,,,"delta_len=10,sent_us=1788432039499147",,,,,1224
server,client_mutation,completed,1788432039628681,178842683849154810,,,,1788432039626360,1788432039626360,1788432039628681,,,http_data_plane,,,,,2321
server,client_mutation,completed,1788432039828808,178842683849154810,,,,1788432039826331,1788432039826331,1788432039828808,,,http_data_plane,,,,,2477
server,client_mutation,completed,1788432040028719,178842683849154810,,,,1788432040026368,1788432040026368,1788432040028719,,,http_data_plane,,,,,2351
server,client_mutation,completed,1788432040231943,178842683849154810,,,,1788432040227280,1788432040227280,1788432040231943,,,http_data_plane,,,,,4663
server,membership_directory_read,completed,1788432040310386,178842683849154810,,,,,1788432040283399,1788432040310386,,,poll:233 descriptors,,,,,26987
server,client_mutation,completed,1788432040429450,178842683849154810,,,,1788432040426742,1788432040426743,1788432040429450,,,http_data_plane,,,,,2707
server,client_mutation,completed,1788432040636109,178842683849154810,,,,1788432040632505,1788432040632505,1788432040636109,,,http_data_plane,,,,,3604
server,client_mutation,completed,1788432040831360,178842683849154810,,,,1788432040828702,1788432040828703,1788432040831360,,,http_data_plane,,,,,2657
server,client_mutation,completed,1788432041029404,178842683849154810,,,,1788432041025769,1788432041025769,1788432041029404,,,http_data_plane,,,,,3635
server,client_mutation,completed,1788432041230695,178842683849154810,,,,1788432041227021,1788432041227021,1788432041230695,,,http_data_plane,,,,,3674
server,peer_replication_pull_request,sent,1788432041371243,178842683849154810,,,,,,,,,connected_peers=5,,,,,
server,client_mutation,completed,1788432041428322,178842683849154810,,,,1788432041425738,1788432041425738,1788432041428322,,,http_data_plane,,,,,2584
server,peer_replication_merge_delta,completed,1788432041484713,178842683849154810,,51,,1788432041466941,1788432041484575,1788432041484713,,,"delta_len=179,sent_us=1788432041418089",,,,,138
server,peer_replication_get_delta,completed,1788432041506100,178842683849154810,178842683849155809,51,,1788432041504531,1788432041504538,1788432041506100,,,"delta_len=181,sent_us=1788432041501425",,,,,1562
server,client_mutation,completed,1788432041637031,178842683849154810,,,,1788432041629874,1788432041629874,1788432041637031,,,http_data_plane,,,,,7157
server,client_mutation,completed,1788432041830917,178842683849154810,,,,1788432041827640,1788432041827640,1788432041830917,,,http_data_plane,,,,,3277
server,client_mutation,completed,1788432042029942,178842683849154810,,,,1788432042026429,1788432042026429,1788432042029942,,,http_data_plane,,,,,3513
server,client_mutation,completed,1788432042231134,178842683849154810,,,,1788432042227253,1788432042227253,1788432042231134,,,http_data_plane,,,,,3881
server,peer_replication_pull_request,sent,1788432042370010,178842683849154810,,,,,,,,,connected_peers=5,,,,,
server,client_mutation,completed,1788432042429458,178842683849154810,,,,1788432042426866,1788432042426867,1788432042429458,,,http_data_plane,,,,,2591
server,peer_replication_merge_delta,completed,1788432042439670,178842683849154810,,51,,1788432042434180,1788432042439654,1788432042439670,,,"delta_len=12,sent_us=1788432042418095",,,,,16
server,client_mutation,completed,1788432042639815,178842683849154810,,,,1788432042635172,1788432042635172,1788432042639815,,,http_data_plane,,,,,4643
server,client_mutation,completed,1788432042830392,178842683849154810,,,,1788432042827681,1788432042827681,1788432042830392,,,http_data_plane,,,,,2711
server,client_mutation,completed,1788432043028084,178842683849154810,,,,1788432043025916,1788432043025917,1788432043028084,,,http_data_plane,,,,,2167
server,client_mutation,completed,1788432043228815,178842683849154810,,,,1788432043226229,1788432043226229,1788432043228815,,,http_data_plane,,,,,2586
server,peer_replication_pull_request,sent,1788432043371047,178842683849154810,,,,,,,,,connected_peers=5,,,,,
server,peer_replication_merge_delta,completed,1788432043381421,178842683849154810,,51,,1788432043376635,1788432043381407,1788432043381421,,,"delta_len=8,sent_us=1788432043372957",,,,,14
server,client_mutation,completed,1788432043436365,178842683849154810,,,,1788432043427351,1788432043427351,1788432043436365,,,http_data_plane,,,,,9014
server,client_mutation,completed,1788432043635277,178842683849154810,,,,1788432043628607,1788432043628607,1788432043635277,,,http_data_plane,,,,,6670
server,client_mutation,completed,1788432043829904,178842683849154810,,,,1788432043826809,1788432043826809,1788432043829904,,,http_data_plane,,,,,3095
server,client_mutation,completed,1788432044031167,178842683849154810,,,,1788432044026429,1788432044026429,1788432044031167,,,http_data_plane,,,,,4738
server,client_mutation,completed,1788432044231421,178842683849154810,,,,1788432044227013,1788432044227013,1788432044231421,,,http_data_plane,,,,,4408
server,peer_replication_pull_request,sent,1788432044370286,178842683849154810,,,,,,,,,connected_peers=5,,,,,
server,client_mutation,completed,1788432044429307,178842683849154810,,,,1788432044426645,1788432044426646,1788432044429307,,,http_data_plane,,,,,2661
server,peer_replication_merge_delta,completed,1788432044448477,178842683849154810,,51,,1788432044433170,1788432044448442,1788432044448477,,,"delta_len=47,sent_us=1788432044417176",,,,,35
server,peer_replication_get_delta,completed,1788432044502056,178842683849154810,178842683849155809,51,,1788432044501854,1788432044501860,1788432044502056,,,"delta_len=18,sent_us=1788432044499595",,,,,196
server,client_mutation,completed,1788432044628598,178842683849154810,,,,1788432044626264,1788432044626264,1788432044628598,,,http_data_plane,,,,,2334
server,client_mutation,completed,1788432044829257,178842683849154810,,,,1788432044826881,1788432044826881,1788432044829257,,,http_data_plane,,,,,2376
server,client_mutation,completed,1788432045028854,178842683849154810,,,,1788432045026742,1788432045026742,1788432045028854,,,http_data_plane,,,,,2112
server,client_mutation,completed,1788432045228354,178842683849154810,,,,1788432045225739,1788432045225739,1788432045228354,,,http_data_plane,,,,,2615
server,membership_directory_read,completed,1788432045318522,178842683849154810,,,,,1788432045283551,1788432045318522,,,poll:233 descriptors,,,,,34971
server,peer_replication_pull_request,sent,1788432045370413,178842683849154810,,,,,,,,,connected_peers=5,,,,,
server,client_mutation,completed,1788432045428329,178842683849154810,,,,1788432045425778,1788432045425779,1788432045428329,,,http_data_plane,,,,,2550
server,peer_replication_merge_delta,completed,1788432045472266,178842683849154810,,51,,1788432045464351,1788432045472208,1788432045472266,,,"delta_len=81,sent_us=1788432045417341",,,,,58
server,peer_replication_get_delta,completed,1788432045500902,178842683849154810,178842683849155809,51,,1788432045500684,1788432045500690,1788432045500902,,,"delta_len=86,sent_us=1788432045499920",,,,,212
server,client_mutation,completed,1788432045628712,178842683849154810,,,,1788432045625822,1788432045625822,1788432045628712,,,http_data_plane,,,,,2890
server,client_mutation,completed,1788432045832576,178842683849154810,,,,1788432045827021,1788432045827022,1788432045832576,,,http_data_plane,,,,,5554
server,client_mutation,completed,1788432046030198,178842683849154810,,,,1788432046025869,1788432046025869,1788432046030198,,,http_data_plane,,,,,4329
server,client_mutation,completed,1788432046228203,178842683849154810,,,,1788432046225867,1788432046225867,1788432046228203,,,http_data_plane,,,,,2336
server,peer_replication_pull_request,sent,1788432046371136,178842683849154810,,,,,,,,,connected_peers=5,,,,,
server,client_mutation,completed,1788432046429349,178842683849154810,,,,1788432046426063,1788432046426063,1788432046429349,,,http_data_plane,,,,,3286
server,peer_replication_merge_delta,completed,1788432046443284,178842683849154810,,51,,1788432046434226,1788432046443237,1788432046443284,,,"delta_len=62,sent_us=1788432046418333",,,,,47
server,client_mutation,completed,1788432046630837,178842683849154810,,,,1788432046628292,1788432046628292,1788432046630837,,,http_data_plane,,,,,2545
server,client_mutation,completed,1788432046829401,178842683849154810,,,,1788432046826589,1788432046826589,1788432046829401,,,http_data_plane,,,,,2812
server,client_mutation,completed,1788432047033289,178842683849154810,,,,1788432047029383,1788432047029383,1788432047033289,,,http_data_plane,,,,,3906
server,peer_replication_get_delta,completed,1788432047165782,178842683849154810,178842684426436110,51,,1788432047163659,1788432047163669,1788432047165782,,,"delta_len=29,sent_us=1788432047070717",,,,,2113
server,client_mutation,completed,1788432047229338,178842683849154810,,,,1788432047226655,1788432047226655,1788432047229338,,,http_data_plane,,,,,2683
server,peer_replication_pull_request,sent,1788432047370482,178842683849154810,,,,,,,,,connected_peers=5,,,,,
server,peer_replication_merge_delta,completed,1788432047446542,178842683849154810,,51,,1788432047434180,1788432047446510,1788432047446542,,,"delta_len=41,sent_us=1788432047417780",,,,,32
server,client_mutation,completed,1788432047436458,178842683849154810,,,,1788432047431168,1788432047431168,1788432047436458,,,http_data_plane,,,,,5290
server,client_mutation,completed,1788432047630318,178842683849154810,,,,1788432047626771,1788432047626771,1788432047630318,,,http_data_plane,,,,,3547
server,client_mutation,completed,1788432047830748,178842683849154810,,,,1788432047826406,1788432047826406,1788432047830748,,,http_data_plane,,,,,4342
server,client_mutation,completed,1788432048040048,178842683849154810,,,,1788432048028910,1788432048028910,1788432048040048,,,http_data_plane,,,,,11138
server,peer_replication_get_delta,completed,1788432048118598,178842683849154810,178842684426436110,51,,1788432048118383,1788432048118389,1788432048118598,,,"delta_len=41,sent_us=1788432048070725",,,,,209
server,client_mutation,completed,1788432048231450,178842683849154810,,,,1788432048226688,1788432048226688,1788432048231450,,,http_data_plane,,,,,4762
server,peer_replication_pull_request,sent,1788432048372636,178842683849154810,,,,,,,,,connected_peers=5,,,,,
server,peer_replication_merge_delta,completed,1788432048443693,178842683849154810,,51,,1788432048436744,1788432048443683,1788432048443693,,,"delta_len=4,sent_us=1788432048420145",,,,,10
server,client_mutation,completed,1788432048438391,178842683849154810,,,,1788432048429586,1788432048429586,1788432048438391,,,http_data_plane,,,,,8805
server,client_mutation,completed,1788432048639330,178842683849154810,,,,1788432048628218,1788432048628219,1788432048639330,,,http_data_plane,,,,,11111
server,client_mutation,completed,1788432048829041,178842683849154810,,,,1788432048826053,1788432048826053,1788432048829041,,,http_data_plane,,,,,2988
server,client_mutation,completed,1788432049031812,178842683849154810,,,,1788432049028271,1788432049028272,1788432049031812,,,http_data_plane,,,,,3540
server,client_mutation,completed,1788432049232870,178842683849154810,,,,1788432049228560,1788432049228560,1788432049232870,,,http_data_plane,,,,,4310
server,peer_replication_pull_request,sent,1788432049370828,178842683849154810,,,,,,,,,connected_peers=5,,,,,
server,client_mutation,completed,1788432049428288,178842683849154810,,,,1788432049425843,1788432049425844,1788432049428288,,,http_data_plane,,,,,2444
server,peer_replication_merge_delta,completed,1788432049489818,178842683849154810,,51,,1788432049466447,1788432049489747,1788432049489818,,,"delta_len=98,sent_us=1788432049417878",,,,,71
server,client_mutation,completed,1788432049635518,178842683849154810,,,,1788432049631174,1788432049631175,1788432049635518,,,http_data_plane,,,,,4343
server,client_mutation,completed,1788432049830135,178842683849154810,,,,1788432049826722,1788432049826722,1788432049830135,,,http_data_plane,,,,,3413
server,client_mutation,completed,1788432050029141,178842683849154810,,,,1788432050026042,1788432050026042,1788432050029141,,,http_data_plane,,,,,3099
server,client_mutation,completed,1788432050229196,178842683849154810,,,,1788432050226015,1788432050226016,1788432050229196,,,http_data_plane,,,,,3180
server,membership_directory_read,completed,1788432050314617,178842683849154810,,,,,1788432050286227,1788432050314617,,,poll:233 descriptors,,,,,28390
server,peer_replication_pull_request,sent,1788432050370846,178842683849154810,,,,,,,,,connected_peers=5,,,,,
server,client_mutation,completed,1788432050428614,178842683849154810,,,,1788432050425870,1788432050425870,1788432050428614,,,http_data_plane,,,,,2744
server,peer_replication_merge_delta,completed,1788432050438360,178842683849154810,,51,,1788432050433905,1788432050438346,1788432050438360,,,"delta_len=9,sent_us=1788432050417981",,,,,14
server,client_mutation,completed,1788432050629025,178842683849154810,,,,1788432050625791,1788432050625791,1788432050629025,,,http_data_plane,,,,,3234
server,client_mutation,completed,1788432050828918,178842683849154810,,,,1788432050825804,1788432050825804,1788432050828918,,,http_data_plane,,,,,3114
server,client_mutation,completed,1788432051031392,178842683849154810,,,,1788432051026515,1788432051026515,1788432051031392,,,http_data_plane,,,,,4877
server,client_mutation,completed,1788432051230114,178842683849154810,,,,1788432051226786,1788432051226786,1788432051230114,,,http_data_plane,,,,,3328
server,peer_replication_pull_request,sent,1788432051370237,178842683849154810,,,,,,,,,connected_peers=5,,,,,
server,client_mutation,completed,1788432051433797,178842683849154810,,,,1788432051427585,1788432051427585,1788432051433797,,,http_data_plane,,,,,6212
server,peer_replication_merge_delta,completed,1788432051439589,178842683849154810,,51,,1788432051433957,1788432051439571,1788432051439589,,,"delta_len=13,sent_us=1788432051417245",,,,,18
server,client_mutation,completed,1788432051629167,178842683849154810,,,,1788432051626948,1788432051626949,1788432051629167,,,http_data_plane,,,,,2218
server,client_mutation,completed,1788432051828313,178842683849154810,,,,1788432051825725,1788432051825725,1788432051828313,,,http_data_plane,,,,,2588
server,client_mutation,completed,1788432052029759,178842683849154810,,,,1788432052027033,1788432052027033,1788432052029759,,,http_data_plane,,,,,2726
server,client_mutation,completed,1788432052228055,178842683849154810,,,,1788432052225849,1788432052225849,1788432052228055,,,http_data_plane,,,,,2206
server,peer_replication_pull_request,sent,1788432052369911,178842683849154810,,,,,,,,,connected_peers=5,,,,,
server,client_mutation,completed,1788432052428394,178842683849154810,,,,1788432052426078,1788432052426078,1788432052428394,,,http_data_plane,,,,,2316
server,peer_replication_merge_delta,completed,1788432052440703,178842683849154810,,51,,1788432052432692,1788432052440669,1788432052440703,,,"delta_len=43,sent_us=1788432052416836",,,,,34
server,client_mutation,completed,1788432052628758,178842683849154810,,,,1788432052626467,1788432052626467,1788432052628758,,,http_data_plane,,,,,2291
server,client_mutation,completed,1788432052829935,178842683849154810,,,,1788432052826141,1788432052826141,1788432052829935,,,http_data_plane,,,,,3794
server,client_mutation,completed,1788432053028402,178842683849154810,,,,1788432053026097,1788432053026097,1788432053028402,,,http_data_plane,,,,,2305
server,client_mutation,completed,1788432053228481,178842683849154810,,,,1788432053226228,1788432053226228,1788432053228481,,,http_data_plane,,,,,2253
server,peer_replication_pull_request,sent,1788432053370321,178842683849154810,,,,,,,,,connected_peers=5,,,,,
server,client_mutation,completed,1788432053428336,178842683849154810,,,,1788432053425743,1788432053425743,1788432053428336,,,http_data_plane,,,,,2593
server,peer_replication_merge_delta,completed,1788432053480594,178842683849154810,,51,,1788432053465784,1788432053480491,1788432053480594,,,"delta_len=104,sent_us=1788432053418355",,,,,103
server,client_mutation,completed,1788432053632719,178842683849154810,,,,1788432053628345,1788432053628345,1788432053632719,,,http_data_plane,,,,,4374
server,client_mutation,completed,1788432053829739,178842683849154810,,,,1788432053826861,1788432053826861,1788432053829739,,,http_data_plane,,,,,2878
server,client_mutation,completed,1788432054028766,178842683849154810,,,,1788432054026161,1788432054026161,1788432054028766,,,http_data_plane,,,,,2605
server,client_mutation,completed,1788432054235122,178842683849154810,,,,1788432054228769,1788432054228769,1788432054235122,,,http_data_plane,,,,,6353
server,peer_replication_pull_request,sent,1788432054369979,178842683849154810,,,,,,,,,connected_peers=5,,,,,
server,client_mutation,completed,1788432054429176,178842683849154810,,,,1788432054426880,1788432054426880,1788432054429176,,,http_data_plane,,,,,2296
server,peer_replication_merge_delta,completed,1788432054482745,178842683849154810,,51,,1788432054470473,1788432054482683,1788432054482745,,,"delta_len=91,sent_us=1788432054422473",,,,,62
server,client_mutation,completed,1788432054628270,178842683849154810,,,,1788432054625894,1788432054625894,1788432054628270,,,http_data_plane,,,,,2376
server,client_mutation,completed,1788432054828415,178842683849154810,,,,1788432054825712,1788432054825712,1788432054828415,,,http_data_plane,,,,,2703
server,client_mutation,completed,1788432055029684,178842683849154810,,,,1788432055026143,1788432055026143,1788432055029684,,,http_data_plane,,,,,3541
server,client_mutation,completed,1788432055230022,178842683849154810,,,,1788432055227174,1788432055227174,1788432055230022,,,http_data_plane,,,,,2848
server,membership_directory_read,completed,1788432055312293,178842683849154810,,,,,1788432055283754,1788432055312293,,,poll:233 descriptors,,,,,28539
server,peer_replication_pull_request,sent,1788432055370030,178842683849154810,,,,,,,,,connected_peers=5,,,,,
server,client_mutation,completed,1788432055430575,178842683849154810,,,,1788432055428150,1788432055428150,1788432055430575,,,http_data_plane,,,,,2425
server,peer_replication_merge_delta,completed,1788432055437742,178842683849154810,,51,,1788432055433178,1788432055437734,1788432055437742,,,"delta_len=2,sent_us=1788432055417038",,,,,8
server,client_mutation,completed,1788432055628627,178842683849154810,,,,1788432055625810,1788432055625810,1788432055628627,,,http_data_plane,,,,,2817
server,client_mutation,completed,1788432055828099,178842683849154810,,,,1788432055825692,1788432055825692,1788432055828099,,,http_data_plane,,,,,2407
server,client_mutation,completed,1788432056028832,178842683849154810,,,,1788432056026377,1788432056026377,1788432056028832,,,http_data_plane,,,,,2455
server,client_mutation,completed,1788432056227928,178842683849154810,,,,1788432056225741,1788432056225741,1788432056227928,,,http_data_plane,,,,,2187
server,peer_replication_pull_request,sent,1788432056371384,178842683849154810,,,,,,,,,connected_peers=5,,,,,
server,peer_replication_merge_delta,completed,1788432056381147,178842683849154810,,51,,1788432056375462,1788432056381120,1788432056381147,,,"delta_len=27,sent_us=1788432056374373",,,,,27
server,client_mutation,completed,1788432056428466,178842683849154810,,,,1788432056426009,1788432056426009,1788432056428466,,,http_data_plane,,,,,2457
server,client_mutation,completed,1788432056629825,178842683849154810,,,,1788432056626976,1788432056626976,1788432056629825,,,http_data_plane,,,,,2849
server,client_mutation,completed,1788432056829926,178842683849154810,,,,1788432056825708,1788432056825709,1788432056829926,,,http_data_plane,,,,,4217
server,client_mutation,completed,1788432057028861,178842683849154810,,,,1788432057026532,1788432057026532,1788432057028861,,,http_data_plane,,,,,2329
server,peer_replication_get_delta,completed,1788432057118078,178842683849154810,178842684426436110,51,,1788432057117855,1788432057117862,1788432057118078,,,"delta_len=106,sent_us=1788432057070883",,,,,216
server,client_mutation,completed,1788432057227848,178842683849154810,,,,1788432057225730,1788432057225730,1788432057227848,,,http_data_plane,,,,,2118
server,peer_replication_pull_request,sent,1788432057370780,178842683849154810,,,,,,,,,connected_peers=5,,,,,
server,client_mutation,completed,1788432057428792,178842683849154810,,,,1788432057425759,1788432057425759,1788432057428792,,,http_data_plane,,,,,3033
server,peer_replication_merge_delta,completed,1788432057437245,178842683849154810,,51,,1788432057433664,1788432057437236,1788432057437245,,,"delta_len=3,sent_us=1788432057417868",,,,,9
server,client_mutation,completed,1788432057628633,178842683849154810,,,,1788432057626264,1788432057626264,1788432057628633,,,http_data_plane,,,,,2369
server,client_mutation,completed,1788432057830830,178842683849154810,,,,1788432057826874,1788432057826874,1788432057830830,,,http_data_plane,,,,,3956
server,client_mutation,completed,1788432058031742,178842683849154810,,,,1788432058026860,1788432058026861,1788432058031742,,,http_data_plane,,,,,4881
server,peer_replication_get_delta,completed,1788432058117677,178842683849154810,178842684426436110,51,,1788432058117459,1788432058117465,1788432058117677,,,"delta_len=5,sent_us=1788432058070278",,,,,212
server,client_mutation,completed,1788432058229339,178842683849154810,,,,1788432058226443,1788432058226443,1788432058229339,,,http_data_plane,,,,,2896
server,peer_replication_pull_request,sent,1788432058370604,178842683849154810,,,,,,,,,connected_peers=5,,,,,
server,client_mutation,completed,1788432058428243,178842683849154810,,,,1788432058425948,1788432058425948,1788432058428243,,,http_data_plane,,,,,2295
server,peer_replication_merge_delta,completed,1788432058438028,178842683849154810,,51,,1788432058433895,1788432058438016,1788432058438028,,,"delta_len=2,sent_us=1788432058417988",,,,,12
server,client_mutation,completed,1788432058627953,178842683849154810,,,,1788432058625824,1788432058625825,1788432058627953,,,http_data_plane,,,,,2128
server,client_mutation,completed,1788432058828682,178842683849154810,,,,1788432058826060,1788432058826061,1788432058828682,,,http_data_plane,,,,,2621
server,client_mutation,completed,1788432059029706,178842683849154810,,,,1788432059027570,1788432059027570,1788432059029706,,,http_data_plane,,,,,2136
server,client_mutation,completed,1788432059229035,178842683849154810,,,,1788432059226613,1788432059226613,1788432059229035,,,http_data_plane,,,,,2422
server,peer_replication_pull_request,sent,1788432059370175,178842683849154810,,,,,,,,,connected_peers=5,,,,,
server,client_mutation,completed,1788432059428432,178842683849154810,,,,1788432059426337,1788432059426337,1788432059428432,,,http_data_plane,,,,,2095
server,peer_replication_merge_delta,completed,1788432059493387,178842683849154810,,51,,1788432059465242,1788432059493268,1788432059493387,,,"delta_len=161,sent_us=1788432059417081",,,,,119
server,peer_replication_get_delta,completed,1788432059500380,178842683849154810,178842683849155809,51,,1788432059500133,1788432059500139,1788432059500380,,,"delta_len=73,sent_us=1788432059499326",,,,,241
server,client_mutation,completed,1788432059628135,178842683849154810,,,,1788432059625943,1788432059625943,1788432059628135,,,http_data_plane,,,,,2192
server,client_mutation,completed,1788432059827451,178842683849154810,,,,1788432059826465,1788432059826465,1788432059827451,,,http_data_plane,,,,,986
server,client_mutation,completed,1788432060028832,178842683849154810,,,,1788432060026731,1788432060026731,1788432060028832,,,http_data_plane,,,,,2101
server,peer_replication_connection,established,1788432060101433,178842683849154810,178842683849156812,,,,,,,,,,,,,
server,client_mutation,completed,1788432060240374,178842683849154810,,,,1788432060226197,1788432060226197,1788432060240374,,,http_data_plane,,,,,14177
server,membership_directory_read,completed,1788432060317804,178842683849154810,,,,,1788432060284783,1788432060317804,,,poll:235 descriptors,,,,,33021
server,peer_replication_pull_request,sent,1788432060370162,178842683849154810,,,,,,,,,connected_peers=6,,,,,
server,peer_replication_merge_delta,completed,1788432060453654,178842683849154810,,51,,1788432060433417,1788432060453632,1788432060453654,,,"delta_len=11,sent_us=1788432060417507",,,,,22
server,client_mutation,completed,1788432060530733,178842683849154810,,,,1788432060528854,1788432060528854,1788432060530733,,,http_data_plane,,,,,1879
server,client_mutation,completed,1788432060827451,178842683849154810,,,,1788432060826057,1788432060826058,1788432060827451,,,http_data_plane,,,,,1393
server,peer_replication_get_delta,completed,1788432061106915,178842683849154810,178842683849156812,51,,1788432061106672,1788432061106683,1788432061106915,,,"delta_len=45,sent_us=1788432061102223",,,,,232
server,client_mutation,completed,1788432061127248,178842683849154810,,,,1788432061126118,1788432061126118,1788432061127248,,,http_data_plane,,,,,1130
server,peer_replication_pull_request,sent,1788432061370667,178842683849154810,,,,,,,,,connected_peers=6,,,,,
server,peer_replication_merge_delta,completed,1788432061382242,178842683849154810,,51,,1788432061374766,1788432061382176,1788432061382242,,,"delta_len=46,sent_us=1788432061372378",,,,,66
server,client_mutation,completed,1788432061429072,178842683849154810,,,,1788432061427452,1788432061427452,1788432061429072,,,http_data_plane,,,,,1620
server,peer_replication_get_delta,completed,1788432061500085,178842683849154810,178842683849155809,51,,1788432061499848,1788432061499855,1788432061500085,,,"delta_len=41,sent_us=1788432061499307",,,,,230
server,peer_replication_get_delta,completed,1788432061633601,178842683849154810,178842684426435111,51,,1788432061633375,1788432061633382,1788432061633601,,,"delta_len=66,sent_us=1788432061584707",,,,,219
server,client_mutation,completed,1788432061730040,178842683849154810,,,,1788432061726299,1788432061726299,1788432061730040,,,http_data_plane,,,,,3741
server,client_mutation,completed,1788432062034176,178842683849154810,,,,1788432062028989,1788432062028989,1788432062034176,,,http_data_plane,,,,,5187
server,client_mutation,completed,1788432062328811,178842683849154810,,,,1788432062327320,1788432062327320,1788432062328811,,,http_data_plane,,,,,1491
server,peer_replication_pull_request,sent,1788432062369991,178842683849154810,,,,,,,,,connected_peers=6,,,,,
server,peer_replication_merge_delta,completed,1788432062443099,178842683849154810,,51,,1788432062437853,1788432062443076,1788432062443099,,,"delta_len=14,sent_us=1788432062417134",,,,,23
server,peer_replication_connection,established,1788432062454458,178842683849154810,178842683849157812,,,,,,,,,,,,,
server,peer_replication_get_delta,completed,1788432062500733,178842683849154810,178842683849155809,51,,1788432062500514,1788432062500522,1788432062500733,,,"delta_len=17,sent_us=1788432062499840",,,,,211
server,client_mutation,completed,1788432062860335,178842683849154810,,,,1788432062830463,1788432062830464,1788432062860335,,,http_data_plane,,,,,29871
server,client_mutation,completed,1788432063228706,178842683849154810,,,,1788432063226303,1788432063226303,1788432063228706,,,http_data_plane,,,,,2403
server,peer_replication_pull_request,sent,1788432063370802,178842683849154810,,,,,,,,,connected_peers=7,,,,,
server,peer_replication_merge_delta,completed,1788432063461322,178842683849154810,,51,,1788432063440676,1788432063461261,1788432063461322,,,"delta_len=59,sent_us=1788432063417677",,,,,61
server,client_mutation,completed,1788432063631538,178842683849154810,,,,1788432063626739,1788432063626739,1788432063631538,,,http_data_plane,,,,,4799
server,client_mutation,completed,1788432064029565,178842683849154810,,,,1788432064027627,1788432064027627,1788432064029565,,,http_data_plane,,,,,1938
server,peer_replication_pull_request,sent,1788432064370174,178842683849154810,,,,,,,,,connected_peers=7,,,,,
server,peer_replication_merge_delta,completed,1788432064382057,178842683849154810,,51,,1788432064375802,1788432064381995,1788432064382057,,,"delta_len=42,sent_us=1788432064372232",,,,,62
server,client_mutation,completed,1788432064428648,178842683849154810,,,,1788432064426543,1788432064426543,1788432064428648,,,http_data_plane,,,,,2105
server,peer_replication_connection,established,1788432064726495,178842683849154810,178842683849158812,,,,,,,,,,,,,
server,client_mutation,completed,1788432064937038,178842683849154810,,,,1788432064935531,1788432064935532,1788432064937038,,,http_data_plane,,,,,1506
server,membership_directory_read,completed,1788432065318538,178842683849154810,,,,,1788432065283189,1788432065318538,,,poll:238 descriptors,,,,,35349
server,peer_replication_pull_request,sent,1788432065369929,178842683849154810,,,,,,,,,connected_peers=8,,,,,
server,client_mutation,completed,1788432065431087,178842683849154810,,,,1788432065429386,1788432065429386,1788432065431087,,,http_data_plane,,,,,1701
server,peer_replication_merge_delta,completed,1788432065476136,178842683849154810,,51,,1788432065464858,1788432065475955,1788432065476136,,,"delta_len=74,sent_us=1788432065416733",,,,,181
server,client_mutation,completed,1788432065929480,178842683849154810,,,,1788432065927986,1788432065927986,1788432065929480,,,http_data_plane,,,,,1494
server,peer_replication_get_delta,completed,1788432066164990,178842683849154810,178842684426436110,51,,1788432066164758,1788432066164765,1788432066164990,,,"delta_len=110,sent_us=1788432066070779",,,,,225
server,peer_replication_pull_request,sent,1788432066370924,178842683849154810,,,,,,,,,connected_peers=8,,,,,
server,client_mutation,completed,1788432066428548,178842683849154810,,,,1788432066426125,1788432066426125,1788432066428548,,,http_data_plane,,,,,2423
server,peer_replication_merge_delta,completed,1788432066451719,178842683849154810,,51,,1788432066438511,1788432066451675,1788432066451719,,,"delta_len=18,sent_us=1788432066418416",,,,,44
server,client_mutation,completed,1788432066929578,178842683849154810,,,,1788432066926938,1788432066926938,1788432066929578,,,http_data_plane,,,,,2640
server,peer_replication_get_delta,completed,1788432067243686,178842683849154810,178842684426433111,51,,1788432067242751,1788432067242758,1788432067243686,,,"delta_len=33,sent_us=1788432067144560",,,,,928
server,peer_replication_pull_request,sent,1788432067370545,178842683849154810,,,,,,,,,connected_peers=8,,,,,
server,peer_replication_merge_delta,completed,1788432067393936,178842683849154810,,51,,1788432067374726,1788432067393885,1788432067393936,,,"delta_len=38,sent_us=1788432067371725",,,,,51
server,client_mutation,completed,1788432067428920,178842683849154810,,,,1788432067426042,1788432067426042,1788432067428920,,,http_data_plane,,,,,2878
server,client_mutation,completed,1788432067929648,178842683849154810,,,,1788432067927337,1788432067927337,1788432067929648,,,http_data_plane,,,,,2311
server,peer_replication_pull_request,sent,1788432068370720,178842683849154810,,,,,,,,,connected_peers=8,,,,,
server,client_mutation,completed,1788432068441403,178842683849154810,,,,1788432068429358,1788432068429358,1788432068441403,,,http_data_plane,,,,,12045
server,peer_replication_merge_delta,completed,1788432068481924,178842683849154810,,51,,1788432068465036,1788432068481871,1788432068481924,,,"delta_len=69,sent_us=1788432068418008",,,,,53
server,peer_replication_get_delta,completed,1788432068682065,178842683849154810,178842684426435111,51,,1788432068681829,1788432068681836,1788432068682065,,,"delta_len=104,sent_us=1788432068584966",,,,,229
server,client_mutation,completed,1788432068930747,178842683849154810,,,,1788432068927038,1788432068927038,1788432068930747,,,http_data_plane,,,,,3709
server,peer_replication_pull_request,sent,1788432069370864,178842683849154810,,,,,,,,,connected_peers=8,,,,,
server,client_mutation,completed,1788432069434563,178842683849154810,,,,1788432069429257,1788432069429257,1788432069434563,,,http_data_plane,,,,,5306
server,peer_replication_merge_delta,completed,1788432069449514,178842683849154810,,51,,1788432069434765,1788432069449458,1788432069449514,,,"delta_len=34,sent_us=1788432069418124",,,,,56
server,client_mutation,completed,1788432069930144,178842683849154810,,,,1788432069926033,1788432069926033,1788432069930144,,,http_data_plane,,,,,4111
server,membership_directory_read,completed,1788432070314299,178842683849154810,,,,,1788432070283069,1788432070314299,,,poll:238 descriptors,,,,,31230
server,peer_replication_pull_request,sent,1788432070370949,178842683849154810,,,,,,,,,connected_peers=8,,,,,
server,peer_replication_get_delta,completed,1788432070393312,178842683849154810,178842684426434111,51,,1788432070388141,1788432070388151,1788432070393312,,,"delta_len=12,sent_us=1788432070340779",,,,,5161
server,client_mutation,completed,1788432070428570,178842683849154810,,,,1788432070425874,1788432070425874,1788432070428570,,,http_data_plane,,,,,2696
server,peer_replication_merge_delta,completed,1788432070440893,178842683849154810,,51,,1788432070434797,1788432070440880,1788432070440893,,,"delta_len=6,sent_us=1788432070418747",,,,,13
server,client_mutation,completed,1788432070932243,178842683849154810,,,,1788432070927681,1788432070927681,1788432070932243,,,http_data_plane,,,,,4562
server,peer_replication_pull_request,sent,1788432071370569,178842683849154810,,,,,,,,,connected_peers=8,,,,,
server,client_mutation,completed,1788432071430561,178842683849154810,,,,1788432071427019,1788432071427019,1788432071430561,,,http_data_plane,,,,,3542
server,peer_replication_merge_delta,completed,1788432071440747,178842683849154810,,51,,1788432071435301,1788432071440737,1788432071440747,,,"delta_len=5,sent_us=1788432071419451",,,,,10
server,client_mutation,completed,1788432071932212,178842683849154810,,,,1788432071928245,1788432071928246,1788432071932212,,,http_data_plane,,,,,3966
server,peer_replication_pull_request,sent,1788432072370026,178842683849154810,,,,,,,,,connected_peers=8,,,,,
server,client_mutation,completed,1788432072432134,178842683849154810,,,,1788432072428632,1788432072428632,1788432072432134,,,http_data_plane,,,,,3502
server,peer_replication_merge_delta,completed,1788432072540192,178842683849154810,,51,,1788432072519273,1788432072539504,1788432072540192,,,"delta_len=98,sent_us=1788432072466202",,,,,688
server,peer_replication_get_delta,completed,1788432072632242,178842683849154810,178842684426435111,51,,1788432072631953,1788432072631959,1788432072632242,,,"delta_len=25,sent_us=1788432072584464",,,,,283
server,client_mutation,completed,1788432072935787,178842683849154810,,,,1788432072932721,1788432072932721,1788432072935787,,,http_data_plane,,,,,3066
server,peer_replication_pull_request,sent,1788432073371039,178842683849154810,,,,,,,,,connected_peers=8,,,,,
server,peer_replication_merge_delta,completed,1788432073392676,178842683849154810,,51,,1788432073372810,1788432073392411,1788432073392676,,,"delta_len=96,sent_us=1788432073371961",,,,,265
server,client_mutation,completed,1788432073438885,178842683849154810,,,,1788432073436237,1788432073436237,1788432073438885,,,http_data_plane,,,,,2648
server,peer_replication_get_delta,completed,1788432073505270,178842683849154810,178842683849155809,51,,1788432073505065,1788432073505072,1788432073505270,,,"delta_len=38,sent_us=1788432073499528",,,,,198
server,client_mutation,completed,1788432073928182,178842683849154810,,,,1788432073925981,1788432073925981,1788432073928182,,,http_data_plane,,,,,2201
server,peer_replication_pull_request,sent,1788432074370351,178842683849154810,,,,,,,,,connected_peers=8,,,,,
server,peer_replication_merge_delta,completed,1788432074380921,178842683849154810,,51,,1788432074372720,1788432074380878,1788432074380921,,,"delta_len=49,sent_us=1788432074371239",,,,,43
server,client_mutation,completed,1788432074428534,178842683849154810,,,,1788432074425929,1788432074425929,1788432074428534,,,http_data_plane,,,,,2605
server,client_mutation,completed,1788432074928541,178842683849154810,,,,1788432074925774,1788432074925774,1788432074928541,,,http_data_plane,,,,,2767
server,membership_directory_read,completed,1788432075316132,178842683849154810,,,,,1788432075283991,1788432075316132,,,poll:238 descriptors,,,,,32141
server,peer_replication_pull_request,sent,1788432075370625,178842683849154810,,,,,,,,,connected_peers=8,,,,,
server,peer_replication_merge_delta,completed,1788432075378230,178842683849154810,,51,,1788432075372423,1788432075378183,1788432075378230,,,"delta_len=29,sent_us=1788432075371742",,,,,47
server,client_mutation,completed,1788432075429008,178842683849154810,,,,1788432075426328,1788432075426328,1788432075429008,,,http_data_plane,,,,,2680
server,client_mutation,completed,1788432075929723,178842683849154810,,,,1788432075926813,1788432075926813,1788432075929723,,,http_data_plane,,,,,2910
server,peer_replication_get_delta,completed,1788432076245479,178842683849154810,178842684426433111,51,,1788432076245264,1788432076245270,1788432076245479,,,"delta_len=58,sent_us=1788432076144535",,,,,209
server,peer_replication_pull_request,sent,1788432076370615,178842683849154810,,,,,,,,,connected_peers=8,,,,,
server,peer_replication_merge_delta,completed,1788432076392298,178842683849154810,,51,,1788432076385732,1788432076392276,1788432076392298,,,"delta_len=21,sent_us=1788432076384492",,,,,22
server,client_mutation,completed,1788432076428448,178842683849154810,,,,1788432076425945,1788432076425945,1788432076428448,,,http_data_plane,,,,,2503
server,peer_replication_get_delta,completed,1788432076500822,178842683849154810,178842683849155809,51,,1788432076500387,1788432076500394,1788432076500822,,,"delta_len=81,sent_us=1788432076499752",,,,,428
server,client_mutation,completed,1788432076928103,178842683849154810,,,,1788432076925809,1788432076925809,1788432076928103,,,http_data_plane,,,,,2294
server,peer_replication_get_delta,completed,1788432077117767,178842683849154810,178842684426436110,51,,1788432077117533,1788432077117539,1788432077117767,,,"delta_len=51,sent_us=1788432077070639",,,,,228
server,peer_replication_pull_request,sent,1788432077370403,178842683849154810,,,,,,,,,connected_peers=8,,,,,
server,peer_replication_merge_delta,completed,1788432077379160,178842683849154810,,51,,1788432077372291,1788432077379088,1788432077379160,,,"delta_len=62,sent_us=1788432077371265",,,,,72
server,client_mutation,completed,1788432077427913,178842683849154810,,,,1788432077425721,1788432077425721,1788432077427913,,,http_data_plane,,,,,2192
server,client_mutation,completed,1788432077931924,178842683849154810,,,,1788432077927829,1788432077927830,1788432077931924,,,http_data_plane,,,,,4094
server,peer_replication_pull_request,sent,1788432078371056,178842683849154810,,,,,,,,,connected_peers=8,,,,,
server,peer_replication_merge_delta,completed,1788432078386999,178842683849154810,,51,,1788432078374596,1788432078386645,1788432078386999,,,"delta_len=70,sent_us=1788432078373854",,,,,354
server,client_mutation,completed,1788432078430819,178842683849154810,,,,1788432078427953,1788432078427953,1788432078430819,,,http_data_plane,,,,,2866
server,client_mutation,completed,1788432078933997,178842683849154810,,,,1788432078929434,1788432078929435,1788432078933997,,,http_data_plane,,,,,4562
server,peer_replication_pull_request,sent,1788432079371147,178842683849154810,,,,,,,,,connected_peers=8,,,,,
server,client_mutation,completed,1788432079432552,178842683849154810,,,,1788432079429236,1788432079429236,1788432079432552,,,http_data_plane,,,,,3316
server,peer_replication_merge_delta,completed,1788432079491832,178842683849154810,,51,,1788432079482565,1788432079491782,1788432079491832,,,"delta_len=60,sent_us=1788432079466354",,,,,50
server,client_mutation,completed,1788432079931428,178842683849154810,,,,1788432079928995,1788432079928995,1788432079931428,,,http_data_plane,,,,,2433
server,peer_replication_get_delta,completed,1788432080103086,178842683849154810,178842683849156812,51,,1788432080102649,1788432080102655,1788432080103086,,,"delta_len=48,sent_us=1788432080101647",,,,,431
server,membership_directory_read,completed,1788432080311340,178842683849154810,,,,,1788432080283673,1788432080311340,,,poll:238 descriptors,,,,,27667
server,peer_replication_pull_request,sent,1788432080370990,178842683849154810,,,,,,,,,connected_peers=8,,,,,
server,peer_replication_merge_delta,completed,1788432080380897,178842683849154810,,51,,1788432080372710,1788432080380844,1788432080380897,,,"delta_len=34,sent_us=1788432080371786",,,,,53
server,client_mutation,completed,1788432080432969,178842683849154810,,,,1788432080428647,1788432080428647,1788432080432969,,,http_data_plane,,,,,4322
server,client_mutation,completed,1788432080932529,178842683849154810,,,,1788432080926717,1788432080926717,1788432080932529,,,http_data_plane,,,,,5812
server,peer_replication_get_delta,completed,1788432081241679,178842683849154810,178842684426433111,51,,1788432081241463,1788432081241469,1788432081241679,,,"delta_len=64,sent_us=1788432081144509",,,,,210
server,peer_replication_pull_request,sent,1788432081370384,178842683849154810,,,,,,,,,connected_peers=8,,,,,
server,peer_replication_merge_delta,completed,1788432081382560,178842683849154810,,51,,1788432081372881,1788432081382523,1788432081382560,,,"delta_len=45,sent_us=1788432081371178",,,,,37
server,client_mutation,completed,1788432081429272,178842683849154810,,,,1788432081426163,1788432081426163,1788432081429272,,,http_data_plane,,,,,3109
server,peer_replication_get_delta,completed,1788432081501472,178842683849154810,178842683849155809,51,,1788432081501132,1788432081501139,1788432081501472,,,"delta_len=41,sent_us=1788432081500327",,,,,333
server,client_mutation,completed,1788432081928928,178842683849154810,,,,1788432081926459,1788432081926459,1788432081928928,,,http_data_plane,,,,,2469
server,peer_replication_pull_request,sent,1788432082371318,178842683849154810,,,,,,,,,connected_peers=8,,,,,
server,peer_replication_merge_delta,completed,1788432082382431,178842683849154810,,51,,1788432082377391,1788432082382402,1788432082382431,,,"delta_len=27,sent_us=1788432082373000",,,,,29
server,client_mutation,completed,1788432082429686,178842683849154810,,,,1788432082425789,1788432082425789,1788432082429686,,,http_data_plane,,,,,3897
server,peer_replication_get_delta,completed,1788432082727854,178842683849154810,178842683849158812,51,,1788432082727244,1788432082727248,1788432082727854,,,"delta_len=75,sent_us=1788432082726392",,,,,606
server,client_mutation,completed,1788432082928877,178842683849154810,,,,1788432082925729,1788432082925729,1788432082928877,,,http_data_plane,,,,,3148
server,peer_replication_pull_request,sent,1788432083370300,178842683849154810,,,,,,,,,connected_peers=8,,,,,
server,peer_replication_merge_delta,completed,1788432083384117,178842683849154810,,51,,1788432083373177,1788432083383701,1788432083384117,,,"delta_len=49,sent_us=1788432083371876",,,,,416
server,client_mutation,completed,1788432083428364,178842683849154810,,,,1788432083425915,1788432083425915,1788432083428364,,,http_data_plane,,,,,2449
server,client_mutation,completed,1788432083932353,178842683849154810,,,,1788432083927014,1788432083927014,1788432083932353,,,http_data_plane,,,,,5339
server,peer_replication_get_delta,completed,1788432084242012,178842683849154810,178842684426433111,51,,1788432084241522,1788432084241529,1788432084242012,,,"delta_len=10,sent_us=1788432084144509",,,,,483
server,peer_replication_pull_request,sent,1788432084372506,178842683849154810,,,,,,,,,connected_peers=8,,,,,
server,peer_replication_merge_delta,completed,1788432084386412,178842683849154810,,51,,1788432084375908,1788432084386358,1788432084386412,,,"delta_len=65,sent_us=1788432084374421",,,,,54
server,client_mutation,completed,1788432084428742,178842683849154810,,,,1788432084425982,1788432084425983,1788432084428742,,,http_data_plane,,,,,2759
server,peer_replication_get_delta,completed,1788432084727979,178842683849154810,178842683849158812,51,,1788432084727732,1788432084727739,1788432084727979,,,"delta_len=20,sent_us=1788432084726696",,,,,240
server,client_mutation,completed,1788432084928179,178842683849154810,,,,1788432084925696,1788432084925696,1788432084928179,,,http_data_plane,,,,,2483
server,peer_replication_get_delta,completed,1788432085104325,178842683849154810,178842683849156812,51,,1788432085104095,1788432085104103,1788432085104325,,,"delta_len=21,sent_us=1788432085101173",,,,,222
server,membership_directory_read,completed,1788432085321384,178842683849154810,,,,,1788432085283929,1788432085321384,,,poll:238 descriptors,,,,,37455
server,peer_replication_pull_request,sent,1788432085370394,178842683849154810,,,,,,,,,connected_peers=8,,,,,
server,client_mutation,completed,1788432085433324,178842683849154810,,,,1788432085426797,1788432085426797,1788432085433324,,,http_data_plane,,,,,6527
server,peer_replication_merge_delta,completed,1788432085544140,178842683849154810,,51,,1788432085524938,1788432085544075,1788432085544140,,,"delta_len=63,sent_us=1788432085476718",,,,,65
server,client_mutation,completed,1788432085928474,178842683849154810,,,,1788432085926366,1788432085926366,1788432085928474,,,http_data_plane,,,,,2108
server,peer_replication_pull_request,sent,1788432086370965,178842683849154810,,,,,,,,,connected_peers=8,,,,,
server,client_mutation,completed,1788432086429276,178842683849154810,,,,1788432086426386,1788432086426386,1788432086429276,,,http_data_plane,,,,,2890
server,peer_replication_merge_delta,completed,1788432086440755,178842683849154810,,51,,1788432086434249,1788432086440712,1788432086440755,,,"delta_len=53,sent_us=1788432086418222",,,,,43
server,peer_replication_get_delta,completed,1788432086729513,178842683849154810,178842683849158812,51,,1788432086728526,1788432086728533,1788432086729513,,,"delta_len=77,sent_us=1788432086726826",,,,,980
server,client_mutation,completed,1788432086932223,178842683849154810,,,,1788432086927193,1788432086927193,1788432086932223,,,http_data_plane,,,,,5030
server,peer_replication_pull_request,sent,1788432087371031,178842683849154810,,,,,,,,,connected_peers=8,,,,,
server,peer_replication_merge_delta,completed,1788432087394131,178842683849154810,,51,,1788432087384953,1788432087394102,1788432087394131,,,"delta_len=25,sent_us=1788432087376871",,,,,29
server,client_mutation,completed,1788432087434713,178842683849154810,,,,1788432087427556,1788432087427556,1788432087434713,,,http_data_plane,,,,,7157
server,client_mutation,completed,1788432087939392,178842683849154810,,,,1788432087929521,1788432087929522,1788432087939392,,,http_data_plane,,,,,9870
server,peer_replication_pull_request,sent,1788432088370614,178842683849154810,,,,,,,,,connected_peers=8,,,,,
server,client_mutation,completed,1788432088431908,178842683849154810,,,,1788432088426735,1788432088426735,1788432088431908,,,http_data_plane,,,,,5173
server,peer_replication_merge_delta,completed,1788432088458323,178842683849154810,,51,,1788432088441693,1788432088458283,1788432088458323,,,"delta_len=44,sent_us=1788432088424279",,,,,40
server,client_mutation,completed,1788432088929637,178842683849154810,,,,1788432088926880,1788432088926881,1788432088929637,,,http_data_plane,,,,,2756
server,peer_replication_pull_request,sent,1788432089370104,178842683849154810,,,,,,,,,connected_peers=8,,,,,
server,client_mutation,completed,1788432089430474,178842683849154810,,,,1788432089426613,1788432089426613,1788432089430474,,,http_data_plane,,,,,3861
server,peer_replication_merge_delta,completed,1788432089487177,178842683849154810,,51,,1788432089466323,1788432089487094,1788432089487177,,,"delta_len=124,sent_us=1788432089417110",,,,,83
server,client_mutation,completed,1788432089929324,178842683849154810,,,,1788432089926118,1788432089926118,1788432089929324,,,http_data_plane,,,,,3206
server,membership_directory_read,completed,1788432090317180,178842683849154810,,,,,1788432090283651,1788432090317180,,,poll:238 descriptors,,,,,33529
server,peer_replication_pull_request,sent,1788432090370926,178842683849154810,,,,,,,,,connected_peers=8,,,,,
server,peer_replication_merge_delta,completed,1788432090384779,178842683849154810,,51,,1788432090374945,1788432090384755,1788432090384779,,,"delta_len=17,sent_us=1788432090373585",,,,,24
server,client_mutation,completed,1788432090434362,178842683849154810,,,,1788432090427111,1788432090427111,1788432090434362,,,http_data_plane,,,,,7251
server,client_mutation,completed,1788432090932410,178842683849154810,,,,1788432090928561,1788432090928561,1788432090932410,,,http_data_plane,,,,,3849
server,peer_replication_pull_request,sent,1788432091370536,178842683849154810,,,,,,,,,connected_peers=8,,,,,
server,peer_replication_merge_delta,completed,1788432091448331,178842683849154810,,51,,1788432091434909,1788432091448286,1788432091448331,,,"delta_len=47,sent_us=1788432091418176",,,,,45
server,client_mutation,completed,1788432091435758,178842683849154810,,,,1788432091430566,1788432091430566,1788432091435758,,,http_data_plane,,,,,5192
server,client_mutation,completed,1788432091931711,178842683849154810,,,,1788432091927462,1788432091927462,1788432091931711,,,http_data_plane,,,,,4249
server,peer_replication_pull_request,sent,1788432092370032,178842683849154810,,,,,,,,,connected_peers=8,,,,,
server,peer_replication_merge_delta,completed,1788432092382120,178842683849154810,,51,,1788432092373675,1788432092382074,1788432092382120,,,"delta_len=58,sent_us=1788432092372621",,,,,46
server,client_mutation,completed,1788432092435395,178842683849154810,,,,1788432092431592,1788432092431592,1788432092435395,,,http_data_plane,,,,,3803
server,client_mutation,completed,1788432092931112,178842683849154810,,,,1788432092926884,1788432092926885,1788432092931112,,,http_data_plane,,,,,4227
server,peer_replication_pull_request,sent,1788432093372627,178842683849154810,,,,,,,,,connected_peers=8,,,,,
server,client_mutation,completed,1788432093430111,178842683849154810,,,,1788432093425851,1788432093425851,1788432093430111,,,http_data_plane,,,,,4260
server,peer_replication_merge_delta,completed,1788432093447638,178842683849154810,,51,,1788432093437304,1788432093447586,1788432093447638,,,"delta_len=41,sent_us=1788432093419706",,,,,52
server,client_mutation,completed,1788432093928786,178842683849154810,,,,1788432093926190,1788432093926190,1788432093928786,,,http_data_plane,,,,,2596
server,peer_replication_pull_request,sent,1788432094371510,178842683849154810,,,,,,,,,connected_peers=8,,,,,
server,peer_replication_merge_delta,completed,1788432094381976,178842683849154810,,51,,1788432094375653,1788432094381939,1788432094381976,,,"delta_len=43,sent_us=1788432094375129",,,,,37
server,peer_replication_get_delta,completed,1788432094388484,178842683849154810,178842684426434111,51,,1788432094388066,1788432094388072,1788432094388484,,,"delta_len=75,sent_us=1788432094340610",,,,,412
server,client_mutation,completed,1788432094431598,178842683849154810,,,,1788432094425974,1788432094425974,1788432094431598,,,http_data_plane,,,,,5624
server,client_mutation,completed,1788432094930603,178842683849154810,,,,1788432094925734,1788432094925734,1788432094930603,,,http_data_plane,,,,,4869
server,membership_directory_read,completed,1788432095318571,178842683849154810,,,,,1788432095283663,1788432095318571,,,poll:238 descriptors,,,,,34908
server,peer_replication_pull_request,sent,1788432095370116,178842683849154810,,,,,,,,,connected_peers=8,,,,,
server,client_mutation,completed,1788432095429441,178842683849154810,,,,1788432095427185,1788432095427186,1788432095429441,,,http_data_plane,,,,,2255
server,peer_replication_merge_delta,completed,1788432095450691,178842683849154810,,51,,1788432095441164,1788432095450647,1788432095450691,,,"delta_len=43,sent_us=1788432095419594",,,,,44
server,client_mutation,completed,1788432095929776,178842683849154810,,,,1788432095927134,1788432095927135,1788432095929776,,,http_data_plane,,,,,2641
server,peer_replication_pull_request,sent,1788432096371037,178842683849154810,,,,,,,,,connected_peers=8,,,,,
server,peer_replication_merge_delta,completed,1788432096379670,178842683849154810,,51,,1788432096372700,1788432096379638,1788432096379670,,,"delta_len=26,sent_us=1788432096372149",,,,,32
server,client_mutation,completed,1788432096432602,178842683849154810,,,,1788432096426424,1788432096426424,1788432096432602,,,http_data_plane,,,,,6178
server,client_mutation,completed,1788432096929365,178842683849154810,,,,1788432096926807,1788432096926807,1788432096929365,,,http_data_plane,,,,,2558
server,peer_replication_pull_request,sent,1788432097370615,178842683849154810,,,,,,,,,connected_peers=8,,,,,
server,client_mutation,completed,1788432097430471,178842683849154810,,,,1788432097427738,1788432097427738,1788432097430471,,,http_data_plane,,,,,2733
server,peer_replication_merge_delta,completed,1788432097483445,178842683849154810,,51,,1788432097466129,1788432097483396,1788432097483445,,,"delta_len=62,sent_us=1788432097417999",,,,,49
server,peer_replication_get_delta,completed,1788432097633468,178842683849154810,178842684426435111,51,,1788432097633205,1788432097633215,1788432097633468,,,"delta_len=69,sent_us=1788432097584828",,,,,253
server,client_mutation,completed,1788432097929009,178842683849154810,,,,1788432097926810,1788432097926810,1788432097929009,,,http_data_plane,,,,,2199
server,peer_replication_pull_request,sent,1788432098370446,178842683849154810,,,,,,,,,connected_peers=8,,,,,
server,client_mutation,completed,1788432098433398,178842683849154810,,,,1788432098427809,1788432098427809,1788432098433398,,,http_data_plane,,,,,5589
server,peer_replication_merge_delta,completed,1788432098440304,178842683849154810,,51,,1788432098433642,1788432098439611,1788432098440304,,,"delta_len=27,sent_us=1788432098417553",,,,,693
server,client_mutation,completed,1788432098928644,178842683849154810,,,,1788432098925780,1788432098925780,1788432098928644,,,http_data_plane,,,,,2864
server,peer_replication_pull_request,sent,1788432099371013,178842683849154810,,,,,,,,,connected_peers=8,,,,,
server,peer_replication_merge_delta,completed,1788432099386281,178842683849154810,,51,,1788432099374463,1788432099386227,1788432099386281,,,"delta_len=65,sent_us=1788432099373134",,,,,54
server,client_mutation,completed,1788432099430806,178842683849154810,,,,1788432099427274,1788432099427274,1788432099430806,,,http_data_plane,,,,,3532
server,client_mutation,completed,1788432099929460,178842683849154810,,,,1788432099926491,1788432099926491,1788432099929460,,,http_data_plane,,,,,2969
server,peer_replication_get_delta,completed,1788432100102739,178842683849154810,178842683849156812,51,,1788432100102528,1788432100102534,1788432100102739,,,"delta_len=44,sent_us=1788432100101797",,,,,205
server,membership_directory_read,completed,1788432100317206,178842683849154810,,,,,1788432100283202,1788432100317206,,,poll:238 descriptors,,,,,34004
server,peer_replication_pull_request,sent,1788432100371055,178842683849154810,,,,,,,,,connected_peers=8,,,,,
server,peer_replication_merge_delta,completed,1788432100381794,178842683849154810,,51,,1788432100373578,1788432100381776,1788432100381794,,,"delta_len=17,sent_us=1788432100372541",,,,,18
server,client_mutation,completed,1788432100429630,178842683849154810,,,,1788432100426397,1788432100426397,1788432100429630,,,http_data_plane,,,,,3233
server,client_mutation,completed,1788432100929346,178842683849154810,,,,1788432100925883,1788432100925883,1788432100929346,,,http_data_plane,,,,,3463
server,peer_replication_pull_request,sent,1788432101370511,178842683849154810,,,,,,,,,connected_peers=8,,,,,
server,peer_replication_merge_delta,completed,1788432101381348,178842683849154810,,51,,1788432101373033,1788432101381306,1788432101381348,,,"delta_len=41,sent_us=1788432101371936",,,,,42
server,client_mutation,completed,1788432101428337,178842683849154810,,,,1788432101426032,1788432101426032,1788432101428337,,,http_data_plane,,,,,2305
server,client_mutation,completed,1788432101927915,178842683849154810,,,,1788432101925824,1788432101925824,1788432101927915,,,http_data_plane,,,,,2091
server,peer_replication_get_delta,completed,1788432102162315,178842683849154810,178842684426436110,51,,1788432102161770,1788432102161776,1788432102162315,,,"delta_len=17,sent_us=1788432102070875",,,,,539
server,peer_replication_pull_request,sent,1788432102370784,178842683849154810,,,,,,,,,connected_peers=8,,,,,
server,peer_replication_merge_delta,completed,1788432102383965,178842683849154810,,51,,1788432102374286,1788432102383908,1788432102383965,,,"delta_len=68,sent_us=1788432102372923",,,,,57
server,peer_replication_get_delta,completed,1788432102389080,178842683849154810,178842684426434111,51,,1788432102388859,1788432102388865,1788432102389080,,,"delta_len=91,sent_us=1788432102340708",,,,,215
server,client_mutation,completed,1788432102429830,178842683849154810,,,,1788432102427347,1788432102427347,1788432102429830,,,http_data_plane,,,,,2483
server,client_mutation,completed,1788432102929527,178842683849154810,,,,1788432102926508,1788432102926509,1788432102929527,,,http_data_plane,,,,,3018
server,peer_replication_get_delta,completed,1788432103241959,178842683849154810,178842684426433111,51,,1788432103241749,1788432103241755,1788432103241959,,,"delta_len=54,sent_us=1788432103144759",,,,,204
server,peer_replication_pull_request,sent,1788432103370205,178842683849154810,,,,,,,,,connected_peers=8,,,,,
server,peer_replication_merge_delta,completed,1788432103379446,178842683849154810,,51,,1788432103373143,1788432103379418,1788432103379446,,,"delta_len=23,sent_us=1788432103371560",,,,,28
server,client_mutation,completed,1788432103431961,178842683849154810,,,,1788432103426996,1788432103426996,1788432103431961,,,http_data_plane,,,,,4965
server,client_mutation,completed,1788432103927896,178842683849154810,,,,1788432103925728,1788432103925728,1788432103927896,,,http_data_plane,,,,,2168
server,peer_replication_get_delta,completed,1788432104232314,178842683849154810,178842684426433111,51,,1788432104231434,1788432104231440,1788432104232314,,,"delta_len=4,sent_us=1788432104144651",,,,,874
server,peer_replication_pull_request,sent,1788432104371332,178842683849154810,,,,,,,,,connected_peers=8,,,,,
server,client_mutation,completed,1788432104428577,178842683849154810,,,,1788432104425730,1788432104425730,1788432104428577,,,http_data_plane,,,,,2847
server,peer_replication_merge_delta,completed,1788432104437957,178842683849154810,,51,,1788432104434583,1788432104437949,1788432104437957,,,"delta_len=2,sent_us=1788432104418493",,,,,8
server,client_mutation,completed,1788432104930053,178842683849154810,,,,1788432104926073,1788432104926073,1788432104930053,,,http_data_plane,,,,,3980
server,membership_directory_read,completed,1788432105319762,178842683849154810,,,,,1788432105284079,1788432105319762,,,poll:238 descriptors,,,,,35683
server,peer_replication_pull_request,sent,1788432105372558,178842683849154810,,,,,,,,,connected_peers=8,,,,,
server,peer_replication_merge_delta,completed,1788432105394409,178842683849154810,,51,,1788432105374806,1788432105394314,1788432105394409,,,"delta_len=139,sent_us=1788432105374152",,,,,95
server,client_mutation,completed,1788432105428134,178842683849154810,,,,1788432105425893,1788432105425893,1788432105428134,,,http_data_plane,,,,,2241
server,client_mutation,completed,1788432105929855,178842683849154810,,,,1788432105926297,1788432105926298,1788432105929855,,,http_data_plane,,,,,3557
server,peer_replication_pull_request,sent,1788432106370858,178842683849154810,,,,,,,,,connected_peers=8,,,,,
server,client_mutation,completed,1788432106430875,178842683849154810,,,,1788432106427274,1788432106427274,1788432106430875,,,http_data_plane,,,,,3601
server,peer_replication_merge_delta,completed,1788432106479949,178842683849154810,,51,,1788432106467397,1788432106479895,1788432106479949,,,"delta_len=63,sent_us=1788432106417837",,,,,54
server,client_mutation,completed,1788432106938423,178842683849154810,,,,1788432106930128,1788432106930129,1788432106938423,,,http_data_plane,,,,,8294
server,peer_replication_pull_request,sent,1788432107370875,178842683849154810,,,,,,,,,connected_peers=8,,,,,
server,peer_replication_merge_delta,completed,1788432107381764,178842683849154810,,51,,1788432107373615,1788432107381715,1788432107381764,,,"delta_len=59,sent_us=1788432107371799",,,,,49
server,client_mutation,completed,1788432107428559,178842683849154810,,,,1788432107425784,1788432107425784,1788432107428559,,,http_data_plane,,,,,2775
server,client_mutation,completed,1788432107928666,178842683849154810,,,,1788432107926206,1788432107926207,1788432107928666,,,http_data_plane,,,,,2459
server,peer_replication_pull_request,sent,1788432108370165,178842683849154810,,,,,,,,,connected_peers=8,,,,,
server,peer_replication_merge_delta,completed,1788432108385811,178842683849154810,,51,,1788432108375587,1788432108385772,1788432108385811,,,"delta_len=39,sent_us=1788432108372886",,,,,39
server,peer_replication_get_delta,completed,1788432108389600,178842683849154810,178842684426434111,51,,1788432108388505,1788432108388511,1788432108389600,,,"delta_len=80,sent_us=1788432108340887",,,,,1089
server,client_mutation,completed,1788432108428753,178842683849154810,,,,1788432108426466,1788432108426466,1788432108428753,,,http_data_plane,,,,,2287
server,peer_replication_get_delta,completed,1788432108503969,178842683849154810,178842683849155809,51,,1788432108503749,1788432108503755,1788432108503969,,,"delta_len=41,sent_us=1788432108499977",,,,,214
server,client_mutation,completed,1788432108930722,178842683849154810,,,,1788432108928301,1788432108928301,1788432108930722,,,http_data_plane,,,,,2421
server,peer_replication_pull_request,sent,1788432109370810,178842683849154810,,,,,,,,,connected_peers=8,,,,,
server,client_mutation,completed,1788432109429531,178842683849154810,,,,1788432109426979,1788432109426979,1788432109429531,,,http_data_plane,,,,,2552
server,peer_replication_merge_delta,completed,1788432109446807,178842683849154810,,51,,1788432109433790,1788432109446771,1788432109446807,,,"delta_len=41,sent_us=1788432109417787",,,,,36
server,client_mutation,completed,1788432109930040,178842683849154810,,,,1788432109927384,1788432109927384,1788432109930040,,,http_data_plane,,,,,2656
server,membership_directory_read,completed,1788432110319154,178842683849154810,,,,,1788432110283061,1788432110319154,,,poll:238 descriptors,,,,,36093
server,peer_replication_pull_request,sent,1788432110370425,178842683849154810,,,,,,,,,connected_peers=8,,,,,
server,client_mutation,completed,1788432110427978,178842683849154810,,,,1788432110425922,1788432110425922,1788432110427978,,,http_data_plane,,,,,2056
server,peer_replication_merge_delta,completed,1788432110438130,178842683849154810,,51,,1788432110433136,1788432110438095,1788432110438130,,,"delta_len=34,sent_us=1788432110417320",,,,,35
server,client_mutation,completed,1788432110929144,178842683849154810,,,,1788432110926651,1788432110926651,1788432110929144,,,http_data_plane,,,,,2493
server,peer_replication_pull_request,sent,1788432111370723,178842683849154810,,,,,,,,,connected_peers=8,,,,,
server,client_mutation,completed,1788432111430290,178842683849154810,,,,1788432111426762,1788432111426762,1788432111430290,,,http_data_plane,,,,,3528
server,peer_replication_merge_delta,completed,1788432111441731,178842683849154810,,51,,1788432111433691,1788432111441694,1788432111441731,,,"delta_len=41,sent_us=1788432111417701",,,,,37
server,client_mutation,completed,1788432111929334,178842683849154810,,,,1788432111925726,1788432111925726,1788432111929334,,,http_data_plane,,,,,3608
server,peer_replication_pull_request,sent,1788432112370857,178842683849154810,,,,,,,,,connected_peers=8,,,,,
server,client_mutation,completed,1788432112430133,178842683849154810,,,,1788432112427826,1788432112427826,1788432112430133,,,http_data_plane,,,,,2307
server,peer_replication_merge_delta,completed,1788432112444342,178842683849154810,,51,,1788432112435537,1788432112444305,1788432112444342,,,"delta_len=53,sent_us=1788432112418117",,,,,37
server,peer_replication_get_delta,completed,1788432112727642,178842683849154810,178842683849158812,51,,1788432112727432,1788432112727438,1788432112727642,,,"delta_len=61,sent_us=1788432112726746",,,,,204
server,client_mutation,completed,1788432112946563,178842683849154810,,,,1788432112931725,1788432112931725,1788432112946563,,,http_data_plane,,,,,14838
server,peer_replication_pull_request,sent,1788432113370050,178842683849154810,,,,,,,,,connected_peers=8,,,,,
server,client_mutation,completed,1788432113428796,178842683849154810,,,,1788432113426303,1788432113426303,1788432113428796,,,http_data_plane,,,,,2493
server,peer_replication_merge_delta,completed,1788432113475664,178842683849154810,,51,,1788432113464350,1788432113475594,1788432113475664,,,"delta_len=87,sent_us=1788432113416983",,,,,70
server,client_mutation,completed,1788432113927877,178842683849154810,,,,1788432113925718,1788432113925718,1788432113927877,,,http_data_plane,,,,,2159
server,peer_replication_pull_request,sent,1788432114370449,178842683849154810,,,,,,,,,connected_peers=8,,,,,
server,client_mutation,completed,1788432114431086,178842683849154810,,,,1788432114427721,1788432114427721,1788432114431086,,,http_data_plane,,,,,3365
server,peer_replication_merge_delta,completed,1788432114444102,178842683849154810,,51,,1788432114434654,1788432114444007,1788432114444102,,,"delta_len=38,sent_us=1788432114417900",,,,,95
server,client_mutation,completed,1788432114928594,178842683849154810,,,,1788432114926297,1788432114926297,1788432114928594,,,http_data_plane,,,,,2297
server,membership_directory_read,completed,1788432115315805,178842683849154810,,,,,1788432115282874,1788432115315805,,,poll:238 descriptors,,,,,32931
server,peer_replication_pull_request,sent,1788432115370363,178842683849154810,,,,,,,,,connected_peers=8,,,,,
server,client_mutation,completed,1788432115428107,178842683849154810,,,,1788432115425746,1788432115425746,1788432115428107,,,http_data_plane,,,,,2361
server,peer_replication_merge_delta,completed,1788432115439473,178842683849154810,,51,,1788432115433765,1788432115439448,1788432115439473,,,"delta_len=21,sent_us=1788432115417782",,,,,25
server,peer_replication_get_delta,completed,1788432115726853,178842683849154810,178842683849158812,51,,1788432115726640,1788432115726645,1788432115726853,,,"delta_len=49,sent_us=1788432115726046",,,,,208
server,client_mutation,completed,1788432115930368,178842683849154810,,,,1788432115925751,1788432115925751,1788432115930368,,,http_data_plane,,,,,4617
server,peer_replication_get_delta,completed,1788432116103623,178842683849154810,178842683849156812,51,,1788432116103418,1788432116103424,1788432116103623,,,"delta_len=66,sent_us=1788432116102266",,,,,199
server,peer_replication_pull_request,sent,1788432116370168,178842683849154810,,,,,,,,,connected_peers=8,,,,,
server,client_mutation,completed,1788432116427799,178842683849154810,,,,1788432116425712,1788432116425712,1788432116427799,,,http_data_plane,,,,,2087
server,peer_replication_merge_delta,completed,1788432116440193,178842683849154810,,51,,1788432116433174,1788432116440139,1788432116440193,,,"delta_len=61,sent_us=1788432116417207",,,,,54
server,client_mutation,completed,1788432116931680,178842683849154810,,,,1788432116928083,1788432116928083,1788432116931680,,,http_data_plane,,,,,3597
server,peer_replication_pull_request,sent,1788432117370163,178842683849154810,,,,,,,,,connected_peers=8,,,,,
server,peer_replication_merge_delta,completed,1788432117379166,178842683849154810,,51,,1788432117374212,1788432117379146,1788432117379166,,,"delta_len=16,sent_us=1788432117372469",,,,,20
server,client_mutation,completed,1788432117428529,178842683849154810,,,,1788432117426058,1788432117426059,1788432117428529,,,http_data_plane,,,,,2470
server,client_mutation,completed,1788432117928216,178842683849154810,,,,1788432117925979,1788432117925979,1788432117928216,,,http_data_plane,,,,,2237
server,peer_replication_pull_request,sent,1788432118370404,178842683849154810,,,,,,,,,connected_peers=8,,,,,
server,client_mutation,completed,1788432118428482,178842683849154810,,,,1788432118426280,1788432118426280,1788432118428482,,,http_data_plane,,,,,2202
server,peer_replication_merge_delta,completed,1788432118448279,178842683849154810,,51,,1788432118435262,1788432118447869,1788432118448279,,,"delta_len=53,sent_us=1788432118417737",,,,,410
server,client_mutation,completed,1788432118931912,178842683849154810,,,,1788432118929157,1788432118929158,1788432118931912,,,http_data_plane,,,,,2754
server,peer_replication_get_delta,completed,1788432119162170,178842683849154810,178842684426436110,51,,1788432119161767,1788432119161775,1788432119162170,,,"delta_len=58,sent_us=1788432119070631",,,,,395
server,peer_replication_pull_request,sent,1788432119370101,178842683849154810,,,,,,,,,connected_peers=8,,,,,
server,peer_replication_merge_delta,completed,1788432119380892,178842683849154810,,51,,1788432119374260,1788432119380879,1788432119380892,,,"delta_len=8,sent_us=1788432119371655",,,,,13
server,client_mutation,completed,1788432119428585,178842683849154810,,,,1788432119425971,1788432119425972,1788432119428585,,,http_data_plane,,,,,2613
server,client_mutation,completed,1788432119928320,178842683849154810,,,,1788432119926108,1788432119926109,1788432119928320,,,http_data_plane,,,,,2211
server,membership_directory_read,completed,1788432120323911,178842683849154810,,,,,1788432120283321,1788432120323911,,,poll:241 descriptors,,,,,40590
server,client_mutation,completed,1788432120431140,178842683849154810,,,,1788432120426930,1788432120426930,1788432120431140,,,http_data_plane,,,,,4210
server,client_mutation,completed,1788432120932993,178842683849154810,,,,1788432120930865,1788432120930865,1788432120932993,,,http_data_plane,,,,,2128
server,client_mutation,completed,1788432121441331,178842683849154810,,,,1788432121430862,1788432121430862,1788432121441331,,,http_data_plane,,,,,10469
server,peer_replication_get_delta,completed,1788432121721222,178842683849154810,178842684426436110,51,,1788432121720986,1788432121720989,1788432121721222,,,"delta_len=53,sent_us=1788432121070787",,,,,233
server,peer_replication_pull_request,sent,1788432121721257,178842683849154810,,,,,,,,,connected_peers=8,,,,,
server,peer_replication_pull_request,sent,1788432121721266,178842683849154810,,,,,,,,,connected_peers=8,,,,,
server,peer_replication_merge_delta,completed,1788432121812362,178842683849154810,,51,,1788432121787725,1788432121812333,1788432121812362,,,"delta_len=31,sent_us=1788432121768279",,,,,29
server,peer_replication_merge_delta,completed,1788432121827736,178842683849154810,,51,,1788432121817948,1788432121827640,1788432121827736,,,"delta_len=61,sent_us=1788432121768708",,,,,96
server,client_mutation,completed,1788432121928504,178842683849154810,,,,1788432121926233,1788432121926233,1788432121928504,,,http_data_plane,,,,,2271
server,peer_replication_pull_request,sent,1788432122370911,178842683849154810,,,,,,,,,connected_peers=8,,,,,
server,client_mutation,completed,1788432122428747,178842683849154810,,,,1788432122426515,1788432122426515,1788432122428747,,,http_data_plane,,,,,2232
server,peer_replication_merge_delta,completed,1788432122437449,178842683849154810,,51,,1788432122433826,1788432122437435,1788432122437449,,,"delta_len=7,sent_us=1788432122418042",,,,,14
server,client_mutation,completed,1788432122929580,178842683849154810,,,,1788432122926585,1788432122926585,1788432122929580,,,http_data_plane,,,,,2995
server,peer_replication_pull_request,sent,1788432123370388,178842683849154810,,,,,,,,,connected_peers=8,,,,,
server,peer_replication_merge_delta,completed,1788432123391597,178842683849154810,,51,,1788432123381462,1788432123391553,1788432123391597,,,"delta_len=46,sent_us=1788432123380715",,,,,44
server,client_mutation,completed,1788432123433179,178842683849154810,,,,1788432123430990,1788432123430990,1788432123433179,,,http_data_plane,,,,,2189
server,client_mutation,completed,1788432123942514,178842683849154810,,,,1788432123940446,1788432123940447,1788432123942514,,,http_data_plane,,,,,2067
server,peer_replication_pull_request,sent,1788432124369947,178842683849154810,,,,,,,,,connected_peers=8,,,,,
server,peer_replication_merge_delta,completed,1788432124385273,178842683849154810,,51,,1788432124374232,1788432124384860,1788432124385273,,,"delta_len=27,sent_us=1788432124371808",,,,,413
server,gc_init,start,1788432124406031,178842683849154810,,52,,,,,,,previous_gc_marker=51,,,,,
server,gc_membership_descriptor_write,completed,1788432124433395,178842683849154810,,52,,,,,,,"178842683849154810,13.53.121.51:19080,52",,,,,
server,membership_directory_read,completed,1788432124481722,178842683849154810,,52,,,1788432124433428,1788432124481722,,,gc_validation:242 descriptors,,,,,48294
server,gc_local_collect,completed,1788432124503129,178842683849154810,,52,,,1788432124481793,1788432124503129,,,departed_pids=None,,,,,21336
server,gc_persistent_state_write,completed,1788432124960306,178842683849154810,,52,,,1788432124503400,1788432124960306,,,state_bytes=21472075,,,,,456906
server,gc_finalize,completed,1788432126167162,178842683849154810,,52,,,,,,,"178842683849154810,13.53.121.51:19080,51",,,,,
server,client_mutation,completed,1788432124431159,178842683849154810,,,,1788432124427928,1788432124427928,1788432124431159,,,http_data_plane,,,,,3231
server,client_mutation,completed,1788432124931658,178842683849154810,,,,1788432124928294,1788432124928294,1788432124931658,,,http_data_plane,,,,,3364
server,peer_replication_pull_request,sent,1788432126173019,178842683849154810,,,,,,,,,connected_peers=8,,,,,
server,client_mutation,completed,1788432126137689,178842683849154810,,,,1788432125426948,1788432125426948,1788432126137689,,,http_data_plane,,,,,710741
server,client_mutation,completed,1788432126138689,178842683849154810,,,,1788432125928213,1788432125928213,1788432126138689,,,http_data_plane,,,,,210476
server,peer_replication_merge_delta,refused_stale_gc,1788432126176733,178842683849154810,,51,1788432126175854,1788432126176732,,,,,"remote_gc_counter=51,current_gc_counter=52,delta_len=60",,,,,1
server,membership_directory_read,completed,1788432126231122,178842683849154810,,,,,1788432126174128,1788432126231122,,,poll:242 descriptors,,,,,56994
server,peer_replication_pull_request,sent,1788432126372869,178842683849154810,,,,,,,,,connected_peers=8,,,,,
server,client_mutation,completed,1788432126428094,178842683849154810,,,,1788432126426292,1788432126426293,1788432126428094,,,http_data_plane,,,,,1801
server,peer_replication_merge_delta,refused_stale_gc,1788432126467402,178842683849154810,,51,1788432126420086,1788432126467400,,,,,"remote_gc_counter=51,current_gc_counter=52,delta_len=125",,,,,2
server,peer_replication_get_delta,completed,1788432126728770,178842683849154810,178842683849158812,52,,1788432126728302,1788432126728307,1788432126728770,,,"delta_len=15,sent_us=1788432126727260",,,,,463
server,client_mutation,completed,1788432126942415,178842683849154810,,,,1788432126929089,1788432126929090,1788432126942415,,,http_data_plane,,,,,13325
server,peer_replication_pull_request,sent,1788432127370797,178842683849154810,,,,,,,,,connected_peers=8,,,,,
server,peer_replication_merge_delta,refused_stale_gc,1788432127372822,178842683849154810,,51,1788432127371950,1788432127372821,,,,,"remote_gc_counter=51,current_gc_counter=52,delta_len=69",,,,,1
server,client_mutation,completed,1788432127428159,178842683849154810,,,,1788432127426960,1788432127426961,1788432127428159,,,http_data_plane,,,,,1198
server,client_mutation,completed,1788432127927280,178842683849154810,,,,1788432127926280,1788432127926280,1788432127927280,,,http_data_plane,,,,,1000
server,peer_replication_get_delta,completed,1788432128123353,178842683849154810,178842684426436110,52,,1788432128123145,1788432128123155,1788432128123353,,,"delta_len=13,sent_us=1788432128070580",,,,,198
server,peer_replication_get_delta,completed,1788432128242691,178842683849154810,178842684426433111,52,,1788432128242416,1788432128242422,1788432128242691,,,"delta_len=32,sent_us=1788432128144738",,,,,269
server,peer_replication_pull_request,sent,1788432128371820,178842683849154810,,,,,,,,,connected_peers=8,,,,,
server,peer_replication_merge_delta,completed,1788432128386257,178842683849154810,,52,,1788432128373969,1788432128386152,1788432128386257,,,"delta_len=118,sent_us=1788432128372797",,,,,105
server,client_mutation,completed,1788432128430797,178842683849154810,,,,1788432128427132,1788432128427132,1788432128430797,,,http_data_plane,,,,,3665
server,peer_replication_get_delta,completed,1788432128461685,178842683849154810,178842683849157812,52,,1788432128461476,1788432128461481,1788432128461685,,,"delta_len=56,sent_us=1788432128455506",,,,,204
server,peer_replication_get_delta,completed,1788432128502908,178842683849154810,178842683849155809,52,,1788432128502700,1788432128502704,1788432128502908,,,"delta_len=64,sent_us=1788432128499986",,,,,204
server,client_mutation,completed,1788432128931419,178842683849154810,,,,1788432128930481,1788432128930481,1788432128931419,,,http_data_plane,,,,,938
server,peer_replication_pull_request,sent,1788432129370353,178842683849154810,,,,,,,,,connected_peers=8,,,,,
server,client_mutation,completed,1788432129432824,178842683849154810,,,,1788432129430884,1788432129430884,1788432129432824,,,http_data_plane,,,,,1940
server,peer_replication_merge_delta,refused_stale_gc,1788432129433296,178842683849154810,,51,1788432129417199,1788432129433295,,,,,"remote_gc_counter=51,current_gc_counter=52,delta_len=39",,,,,1
server,client_mutation,completed,1788432129926723,178842683849154810,,,,1788432129925740,1788432129925740,1788432129926723,,,http_data_plane,,,,,983
server,peer_replication_get_delta,completed,1788432130241934,178842683849154810,178842684426433111,52,,1788432130241719,1788432130241725,1788432130241934,,,"delta_len=46,sent_us=1788432130144704",,,,,209
server,membership_directory_read,completed,1788432130315167,178842683849154810,,,,,1788432130282933,1788432130315167,,,poll:243 descriptors,,,,,32234
server,peer_replication_pull_request,sent,1788432130370713,178842683849154810,,,,,,,,,connected_peers=8,,,,,
server,peer_replication_merge_delta,completed,1788432130382819,178842683849154810,,52,,1788432130372187,1788432130382743,1788432130382819,,,"delta_len=93,sent_us=1788432130371308",,,,,76
server,client_mutation,completed,1788432130432189,178842683849154810,,,,1788432130425765,1788432130425765,1788432130432189,,,http_data_plane,,,,,6424
server,client_mutation,completed,1788432130928742,178842683849154810,,,,1788432130927032,1788432130927032,1788432130928742,,,http_data_plane,,,,,1710
server,peer_replication_pull_request,sent,1788432131370578,178842683849154810,,,,,,,,,connected_peers=8,,,,,
server,client_mutation,completed,1788432131427114,178842683849154810,,,,1788432131425778,1788432131425778,1788432131427114,,,http_data_plane,,,,,1336
server,peer_replication_merge_delta,completed,1788432131441775,178842683849154810,,52,,1788432131434318,1788432131441744,1788432131441775,,,"delta_len=35,sent_us=1788432131417472",,,,,31
server,client_mutation,completed,1788432131927467,178842683849154810,,,,1788432131926094,1788432131926094,1788432131927467,,,http_data_plane,,,,,1373
server,peer_replication_pull_request,sent,1788432132370161,178842683849154810,,,,,,,,,connected_peers=8,,,,,
server,client_mutation,completed,1788432132427526,178842683849154810,,,,1788432132426204,1788432132426204,1788432132427526,,,http_data_plane,,,,,1322
server,peer_replication_merge_delta,completed,1788432132450069,178842683849154810,,52,,1788432132433349,1788432132450012,1788432132450069,,,"delta_len=55,sent_us=1788432132417035",,,,,57
server,client_mutation,completed,1788432132929048,178842683849154810,,,,1788432132927200,1788432132927200,1788432132929048,,,http_data_plane,,,,,1848
server,peer_replication_pull_request,sent,1788432133370270,178842683849154810,,,,,,,,,connected_peers=8,,,,,
server,peer_replication_get_delta,completed,1788432133388755,178842683849154810,178842684426434111,52,,1788432133388551,1788432133388560,1788432133388755,,,"delta_len=6,sent_us=1788432133340645",,,,,195
server,client_mutation,completed,1788432133429074,178842683849154810,,,,1788432133427272,1788432133427272,1788432133429074,,,http_data_plane,,,,,1802
server,peer_replication_merge_delta,completed,1788432133441107,178842683849154810,,52,,1788432133433403,1788432133441075,1788432133441107,,,"delta_len=42,sent_us=1788432133417173",,,,,32
server,client_mutation,completed,1788432133927873,178842683849154810,,,,1788432133926508,1788432133926508,1788432133927873,,,http_data_plane,,,,,1365
server,peer_replication_get_delta,completed,1788432134232166,178842683849154810,178842684426433111,52,,1788432134231903,1788432134231912,1788432134232166,,,"delta_len=48,sent_us=1788432134144388",,,,,254
server,peer_replication_pull_request,sent,1788432134370600,178842683849154810,,,,,,,,,connected_peers=8,,,,,
server,peer_replication_merge_delta,completed,1788432134386991,178842683849154810,,52,,1788432134373555,1788432134386925,1788432134386991,,,"delta_len=96,sent_us=1788432134371892",,,,,66
server,client_mutation,completed,1788432134427890,178842683849154810,,,,1788432134426131,1788432134426132,1788432134427890,,,http_data_plane,,,,,1758
server,client_mutation,completed,1788432134927490,178842683849154810,,,,1788432134926128,1788432134926128,1788432134927490,,,http_data_plane,,,,,1362
server,membership_directory_read,completed,1788432135314991,178842683849154810,,,,,1788432135282960,1788432135314991,,,poll:242 descriptors,,,,,32031
server,peer_replication_pull_request,sent,1788432135370439,178842683849154810,,,,,,,,,connected_peers=8,,,,,
server,client_mutation,completed,1788432135427444,178842683849154810,,,,1788432135425995,1788432135425995,1788432135427444,,,http_data_plane,,,,,1449
server,peer_replication_merge_delta,completed,1788432135437104,178842683849154810,,52,,1788432135433523,1788432135437092,1788432135437104,,,"delta_len=8,sent_us=1788432135417590",,,,,12
server,peer_replication_get_delta,completed,1788432135455243,178842683849154810,178842683849157812,52,,1788432135454681,1788432135454685,1788432135455243,,,"delta_len=54,sent_us=1788432135454139",,,,,558
server,client_mutation,completed,1788432135928384,178842683849154810,,,,1788432135926141,1788432135926141,1788432135928384,,,http_data_plane,,,,,2243
server,peer_replication_pull_request,sent,1788432136370651,178842683849154810,,,,,,,,,connected_peers=8,,,,,
server,peer_replication_merge_delta,completed,1788432136378414,178842683849154810,,52,,1788432136372584,1788432136378367,1788432136378414,,,"delta_len=65,sent_us=1788432136371816",,,,,47
server,client_mutation,completed,1788432136426744,178842683849154810,,,,1788432136425699,1788432136425699,1788432136426744,,,http_data_plane,,,,,1045
server,client_mutation,completed,1788432136929245,178842683849154810,,,,1788432136926771,1788432136926772,1788432136929245,,,http_data_plane,,,,,2473
server,peer_replication_get_delta,completed,1788432137102530,178842683849154810,178842683849156812,52,,1788432137102312,1788432137102318,1788432137102530,,,"delta_len=43,sent_us=1788432137101440",,,,,212
server,peer_replication_pull_request,sent,1788432137370084,178842683849154810,,,,,,,,,connected_peers=8,,,,,
server,client_mutation,completed,1788432137426681,178842683849154810,,,,1788432137425705,1788432137425706,1788432137426681,,,http_data_plane,,,,,975
server,peer_replication_merge_delta,completed,1788432137470051,178842683849154810,,52,,1788432137463882,1788432137470000,1788432137470051,,,"delta_len=75,sent_us=1788432137416980",,,,,51
server,client_mutation,completed,1788432137926869,178842683849154810,,,,1788432137925823,1788432137925823,1788432137926869,,,http_data_plane,,,,,1046
server,peer_replication_pull_request,sent,1788432138370153,178842683849154810,,,,,,,,,connected_peers=8,,,,,
server,peer_replication_merge_delta,completed,1788432138382226,178842683849154810,,52,,1788432138372321,1788432138382174,1788432138382226,,,"delta_len=40,sent_us=1788432138370971",,,,,52
server,client_mutation,completed,1788432138427885,178842683849154810,,,,1788432138426595,1788432138426595,1788432138427885,,,http_data_plane,,,,,1290
server,client_mutation,completed,1788432138927553,178842683849154810,,,,1788432138925933,1788432138925933,1788432138927553,,,http_data_plane,,,,,1620
server,peer_replication_pull_request,sent,1788432139370990,178842683849154810,,,,,,,,,connected_peers=8,,,,,
server,peer_replication_merge_delta,completed,1788432139385544,178842683849154810,,52,,1788432139372623,1788432139385474,1788432139385544,,,"delta_len=123,sent_us=1788432139371691",,,,,70
server,client_mutation,completed,1788432139428234,178842683849154810,,,,1788432139425730,1788432139425730,1788432139428234,,,http_data_plane,,,,,2504
server,peer_replication_get_delta,completed,1788432139500858,178842683849154810,178842683849155809,52,,1788432139500519,1788432139500528,1788432139500858,,,"delta_len=52,sent_us=1788432139499048",,,,,330
server,client_mutation,completed,1788432139927752,178842683849154810,,,,1788432139925711,1788432139925711,1788432139927752,,,http_data_plane,,,,,2041
server,peer_replication_get_delta,completed,1788432140102920,178842683849154810,178842683849156812,52,,1788432140102696,1788432140102703,1788432140102920,,,"delta_len=74,sent_us=1788432140101516",,,,,217
server,membership_directory_read,completed,1788432140318473,178842683849154810,,,,,1788432140283554,1788432140318473,,,poll:242 descriptors,,,,,34919
server,peer_replication_pull_request,sent,1788432140370873,178842683849154810,,,,,,,,,connected_peers=8,,,,,
server,client_mutation,completed,1788432140428212,178842683849154810,,,,1788432140425976,1788432140425976,1788432140428212,,,http_data_plane,,,,,2236
server,peer_replication_merge_delta,completed,1788432140442069,178842683849154810,,52,,1788432140433935,1788432140442031,1788432140442069,,,"delta_len=56,sent_us=1788432140417882",,,,,38
server,client_mutation,completed,1788432140931912,178842683849154810,,,,1788432140929631,1788432140929631,1788432140931912,,,http_data_plane,,,,,2281
server,peer_replication_pull_request,sent,1788432141371217,178842683849154810,,,,,,,,,connected_peers=8,,,,,
server,peer_replication_merge_delta,completed,1788432141382071,178842683849154810,,52,,1788432141375680,1788432141382034,1788432141382071,,,"delta_len=48,sent_us=1788432141374031",,,,,37
server,client_mutation,completed,1788432141428919,178842683849154810,,,,1788432141425747,1788432141425747,1788432141428919,,,http_data_plane,,,,,3172
server,client_mutation,completed,1788432141928969,178842683849154810,,,,1788432141926088,1788432141926088,1788432141928969,,,http_data_plane,,,,,2881
server,peer_replication_get_delta,completed,1788432142161607,178842683849154810,178842684426436110,52,,1788432142161388,1788432142161394,1788432142161607,,,"delta_len=30,sent_us=1788432142070140",,,,,213
server,peer_replication_pull_request,sent,1788432142370646,178842683849154810,,,,,,,,,connected_peers=8,,,,,
server,peer_replication_merge_delta,completed,1788432142377491,178842683849154810,,52,,1788432142372303,1788432142377471,1788432142377491,,,"delta_len=15,sent_us=1788432142371706",,,,,20
server,client_mutation,completed,1788432142427966,178842683849154810,,,,1788432142425735,1788432142425735,1788432142427966,,,http_data_plane,,,,,2231
server,client_mutation,completed,1788432142927922,178842683849154810,,,,1788432142925768,1788432142925768,1788432142927922,,,http_data_plane,,,,,2154
server,peer_replication_pull_request,sent,1788432143370087,178842683849154810,,,,,,,,,connected_peers=8,,,,,
server,client_mutation,completed,1788432143427792,178842683849154810,,,,1788432143425691,1788432143425692,1788432143427792,,,http_data_plane,,,,,2100
server,peer_replication_merge_delta,completed,1788432143437238,178842683849154810,,52,,1788432143433077,1788432143437219,1788432143437238,,,"delta_len=16,sent_us=1788432143417205",,,,,19
server,client_mutation,completed,1788432143927963,178842683849154810,,,,1788432143925735,1788432143925735,1788432143927963,,,http_data_plane,,,,,2228
server,peer_replication_pull_request,sent,1788432144370350,178842683849154810,,,,,,,,,connected_peers=8,,,,,
server,peer_replication_merge_delta,completed,1788432144375657,178842683849154810,,52,,1788432144371664,1788432144375638,1788432144375657,,,"delta_len=15,sent_us=1788432144371010",,,,,19
server,client_mutation,completed,1788432144428273,178842683849154810,,,,1788432144425762,1788432144425762,1788432144428273,,,http_data_plane,,,,,2511
server,client_mutation,completed,1788432144927952,178842683849154810,,,,1788432144925674,1788432144925674,1788432144927952,,,http_data_plane,,,,,2278
server,membership_directory_read,completed,1788432145312989,178842683849154810,,,,,1788432145283092,1788432145312989,,,poll:242 descriptors,,,,,29897
server,peer_replication_pull_request,sent,1788432145370336,178842683849154810,,,,,,,,,connected_peers=8,,,,,
server,peer_replication_merge_delta,completed,1788432145390523,178842683849154810,,52,,1788432145372521,1788432145390213,1788432145390523,,,"delta_len=137,sent_us=1788432145371002",,,,,310
server,client_mutation,completed,1788432145428321,178842683849154810,,,,1788432145426161,1788432145426161,1788432145428321,,,http_data_plane,,,,,2160
server,client_mutation,completed,1788432145928310,178842683849154810,,,,1788432145925900,1788432145925900,1788432145928310,,,http_data_plane,,,,,2410
server,peer_replication_pull_request,sent,1788432146370705,178842683849154810,,,,,,,,,connected_peers=8,,,,,
server,client_mutation,completed,1788432146429125,178842683849154810,,,,1788432146426337,1788432146426337,1788432146429125,,,http_data_plane,,,,,2788
server,peer_replication_merge_delta,completed,1788432146439368,178842683849154810,,52,,1788432146434085,1788432146439338,1788432146439368,,,"delta_len=32,sent_us=1788432146418106",,,,,30
server,client_mutation,completed,1788432146928176,178842683849154810,,,,1788432146925775,1788432146925775,1788432146928176,,,http_data_plane,,,,,2401
server,peer_replication_pull_request,sent,1788432147370451,178842683849154810,,,,,,,,,connected_peers=8,,,,,
server,client_mutation,completed,1788432147429015,178842683849154810,,,,1788432147425808,1788432147425808,1788432147429015,,,http_data_plane,,,,,3207
server,peer_replication_merge_delta,completed,1788432147475714,178842683849154810,,52,,1788432147464618,1788432147475670,1788432147475714,,,"delta_len=57,sent_us=1788432147417674",,,,,44
server,client_mutation,completed,1788432147928329,178842683849154810,,,,1788432147926029,1788432147926029,1788432147928329,,,http_data_plane,,,,,2300
server,peer_replication_pull_request,sent,1788432148370873,178842683849154810,,,,,,,,,connected_peers=8,,,,,
server,client_mutation,completed,1788432148427925,178842683849154810,,,,1788432148425731,1788432148425731,1788432148427925,,,http_data_plane,,,,,2194
server,peer_replication_merge_delta,completed,1788432148438063,178842683849154810,,52,,1788432148433736,1788432148438036,1788432148438063,,,"delta_len=21,sent_us=1788432148417871",,,,,27
server,peer_replication_get_delta,completed,1788432148500829,178842683849154810,178842683849155809,52,,1788432148500623,1788432148500630,1788432148500829,,,"delta_len=37,sent_us=1788432148499465",,,,,199
server,client_mutation,completed,1788432148928196,178842683849154810,,,,1788432148925772,1788432148925772,1788432148928196,,,http_data_plane,,,,,2424
server,peer_replication_pull_request,sent,1788432149370739,178842683849154810,,,,,,,,,connected_peers=8,,,,,
server,client_mutation,completed,1788432149427958,178842683849154810,,,,1788432149425819,1788432149425819,1788432149427958,,,http_data_plane,,,,,2139
server,peer_replication_merge_delta,completed,1788432149437219,178842683849154810,,52,,1788432149433356,1788432149437207,1788432149437219,,,"delta_len=9,sent_us=1788432149417562",,,,,12
server,client_mutation,completed,1788432149927784,178842683849154810,,,,1788432149925710,1788432149925710,1788432149927784,,,http_data_plane,,,,,2074
server,peer_replication_get_delta,completed,1788432150161713,178842683849154810,178842684426436110,52,,1788432150161469,1788432150161475,1788432150161713,,,"delta_len=62,sent_us=1788432150070824",,,,,238
server,membership_directory_read,completed,1788432150316867,178842683849154810,,,,,1788432150283448,1788432150316867,,,poll:242 descriptors,,,,,33419
server,peer_replication_pull_request,sent,1788432150370054,178842683849154810,,,,,,,,,connected_peers=8,,,,,
server,peer_replication_merge_delta,completed,1788432150387551,178842683849154810,,52,,1788432150373891,1788432150387472,1788432150387551,,,"delta_len=131,sent_us=1788432150372997",,,,,79
server,client_mutation,completed,1788432150428202,178842683849154810,,,,1788432150425860,1788432150425860,1788432150428202,,,http_data_plane,,,,,2342
server,client_mutation,completed,1788432150927978,178842683849154810,,,,1788432150925764,1788432150925764,1788432150927978,,,http_data_plane,,,,,2214
server,peer_replication_pull_request,sent,1788432151370392,178842683849154810,,,,,,,,,connected_peers=8,,,,,
server,peer_replication_merge_delta,completed,1788432151379079,178842683849154810,,52,,1788432151373315,1788432151379067,1788432151379079,,,"delta_len=7,sent_us=1788432151371154",,,,,12
server,client_mutation,completed,1788432151429861,178842683849154810,,,,1788432151426430,1788432151426430,1788432151429861,,,http_data_plane,,,,,3431
server,client_mutation,completed,1788432151928124,178842683849154810,,,,1788432151925766,1788432151925766,1788432151928124,,,http_data_plane,,,,,2358
server,peer_replication_pull_request,sent,1788432152370409,178842683849154810,,,,,,,,,connected_peers=8,,,,,
server,peer_replication_merge_delta,completed,1788432152376937,178842683849154810,,52,,1788432152372448,1788432152376914,1788432152376937,,,"delta_len=18,sent_us=1788432152371630",,,,,23
server,client_mutation,completed,1788432152428197,178842683849154810,,,,1788432152426047,1788432152426047,1788432152428197,,,http_data_plane,,,,,2150
server,peer_replication_get_delta,completed,1788432152431730,178842683849154810,178842684426434111,52,,1788432152431512,1788432152431518,1788432152431730,,,"delta_len=138,sent_us=1788432152340360",,,,,212
server,client_mutation,completed,1788432152928836,178842683849154810,,,,1788432152926553,1788432152926553,1788432152928836,,,http_data_plane,,,,,2283
server,peer_replication_pull_request,sent,1788432153370389,178842683849154810,,,,,,,,,connected_peers=8,,,,,
server,peer_replication_merge_delta,completed,1788432153386558,178842683849154810,,52,,1788432153373236,1788432153386483,1788432153386558,,,"delta_len=116,sent_us=1788432153371140",,,,,75
server,client_mutation,completed,1788432153427893,178842683849154810,,,,1788432153425727,1788432153425727,1788432153427893,,,http_data_plane,,,,,2166
server,client_mutation,completed,1788432153932915,178842683849154810,,,,1788432153926324,1788432153926324,1788432153932915,,,http_data_plane,,,,,6591
server,peer_replication_pull_request,sent,1788432154370065,178842683849154810,,,,,,,,,connected_peers=8,,,,,
server,peer_replication_merge_delta,completed,1788432154377719,178842683849154810,,52,,1788432154371511,1788432154377656,1788432154377719,,,"delta_len=56,sent_us=1788432154370932",,,,,63
server,client_mutation,completed,1788432154428350,178842683849154810,,,,1788432154425720,1788432154425720,1788432154428350,,,http_data_plane,,,,,2630
server,client_mutation,completed,1788432154927650,178842683849154810,,,,1788432154925742,1788432154925742,1788432154927650,,,http_data_plane,,,,,1908
server,membership_directory_read,completed,1788432155318249,178842683849154810,,,,,1788432155283667,1788432155318249,,,poll:242 descriptors,,,,,34582
server,peer_replication_pull_request,sent,1788432155370708,178842683849154810,,,,,,,,,connected_peers=8,,,,,
server,client_mutation,completed,1788432155427848,178842683849154810,,,,1788432155425695,1788432155425695,1788432155427848,,,http_data_plane,,,,,2153
server,peer_replication_merge_delta,completed,1788432155438977,178842683849154810,,52,,1788432155433576,1788432155438945,1788432155438977,,,"delta_len=38,sent_us=1788432155417738",,,,,32
server,peer_replication_get_delta,completed,1788432155454794,178842683849154810,178842683849157812,52,,1788432155454572,1788432155454579,1788432155454794,,,"delta_len=99,sent_us=1788432155454042",,,,,215
server,client_mutation,completed,1788432155927731,178842683849154810,,,,1788432155925701,1788432155925701,1788432155927731,,,http_data_plane,,,,,2030
server,peer_replication_get_delta,completed,1788432156103216,178842683849154810,178842683849156812,52,,1788432156102567,1788432156102573,1788432156103216,,,"delta_len=69,sent_us=1788432156102063",,,,,643
server,peer_replication_pull_request,sent,1788432156370749,178842683849154810,,,,,,,,,connected_peers=8,,,,,
server,client_mutation,completed,1788432156428509,178842683849154810,,,,1788432156425754,1788432156425755,1788432156428509,,,http_data_plane,,,,,2754
server,peer_replication_merge_delta,completed,1788432156489398,178842683849154810,,52,,1788432156482360,1788432156489359,1788432156489398,,,"delta_len=47,sent_us=1788432156466376",,,,,39
server,peer_replication_get_delta,completed,1788432156500530,178842683849154810,178842683849155809,52,,1788432156499952,1788432156499958,1788432156500530,,,"delta_len=69,sent_us=1788432156499360",,,,,572
server,client_mutation,completed,1788432156929495,178842683849154810,,,,1788432156927389,1788432156927389,1788432156929495,,,http_data_plane,,,,,2106
server,peer_replication_pull_request,sent,1788432157370234,178842683849154810,,,,,,,,,connected_peers=8,,,,,
server,peer_replication_merge_delta,completed,1788432157440657,178842683849154810,,52,,1788432157433494,1788432157440635,1788432157440657,,,"delta_len=18,sent_us=1788432157417321",,,,,22
server,client_mutation,completed,1788432157433668,178842683849154810,,,,1788432157427135,1788432157427135,1788432157433668,,,http_data_plane,,,,,6533
server,client_mutation,completed,1788432157935102,178842683849154810,,,,1788432157925937,1788432157925937,1788432157935102,,,http_data_plane,,,,,9165
server,peer_replication_pull_request,sent,1788432158371834,178842683849154810,,,,,,,,,connected_peers=8,,,,,
server,peer_replication_merge_delta,completed,1788432158390235,178842683849154810,,52,,1788432158376585,1788432158390144,1788432158390235,,,"delta_len=96,sent_us=1788432158374196",,,,,91
server,client_mutation,completed,1788432158433379,178842683849154810,,,,1788432158426444,1788432158426444,1788432158433379,,,http_data_plane,,,,,6935
server,client_mutation,completed,1788432158932473,178842683849154810,,,,1788432158926864,1788432158926864,1788432158932473,,,http_data_plane,,,,,5609
server,peer_replication_pull_request,sent,1788432159370526,178842683849154810,,,,,,,,,connected_peers=8,,,,,
server,client_mutation,completed,1788432159431445,178842683849154810,,,,1788432159427942,1788432159427942,1788432159431445,,,http_data_plane,,,,,3503
server,peer_replication_merge_delta,completed,1788432159442896,178842683849154810,,52,,1788432159434167,1788432159442692,1788432159442896,,,"delta_len=49,sent_us=1788432159417727",,,,,204
server,client_mutation,completed,1788432159928992,178842683849154810,,,,1788432159926240,1788432159926240,1788432159928992,,,http_data_plane,,,,,2752
server,membership_directory_read,completed,1788432160325650,178842683849154810,,,,,1788432160283604,1788432160325650,,,poll:242 descriptors,,,,,42046
server,peer_replication_pull_request,sent,1788432160370142,178842683849154810,,,,,,,,,connected_peers=8,,,,,
server,peer_replication_merge_delta,completed,1788432160381417,178842683849154810,,52,,1788432160374410,1788432160381363,1788432160381417,,,"delta_len=39,sent_us=1788432160370933",,,,,54
server,client_mutation,completed,1788432160428330,178842683849154810,,,,1788432160426134,1788432160426134,1788432160428330,,,http_data_plane,,,,,2196
server,client_mutation,completed,1788432160930484,178842683849154810,,,,1788432160927297,1788432160927297,1788432160930484,,,http_data_plane,,,,,3187
server,peer_replication_pull_request,sent,1788432161370651,178842683849154810,,,,,,,,,connected_peers=8,,,,,
server,client_mutation,completed,1788432161428614,178842683849154810,,,,1788432161425936,1788432161425937,1788432161428614,,,http_data_plane,,,,,2677
server,peer_replication_merge_delta,completed,1788432161440347,178842683849154810,,52,,1788432161433766,1788432161440237,1788432161440347,,,"delta_len=36,sent_us=1788432161417656",,,,,110
server,peer_replication_get_delta,completed,1788432161728767,178842683849154810,178842683849158812,52,,1788432161728557,1788432161728564,1788432161728767,,,"delta_len=77,sent_us=1788432161727153",,,,,203
server,client_mutation,completed,1788432161928659,178842683849154810,,,,1788432161925860,1788432161925860,1788432161928659,,,http_data_plane,,,,,2799
server,peer_replication_pull_request,sent,1788432162370626,178842683849154810,,,,,,,,,connected_peers=8,,,,,
server,client_mutation,completed,1788432162431036,178842683849154810,,,,1788432162427875,1788432162427875,1788432162431036,,,http_data_plane,,,,,3161
server,peer_replication_merge_delta,completed,1788432162445619,178842683849154810,,52,,1788432162435116,1788432162445571,1788432162445619,,,"delta_len=57,sent_us=1788432162419190",,,,,48
server,client_mutation,completed,1788432162927891,178842683849154810,,,,1788432162925712,1788432162925713,1788432162927891,,,http_data_plane,,,,,2178
server,peer_replication_pull_request,sent,1788432163370147,178842683849154810,,,,,,,,,connected_peers=8,,,,,
server,peer_replication_merge_delta,completed,1788432163380529,178842683849154810,,52,,1788432163373342,1788432163380502,1788432163380529,,,"delta_len=26,sent_us=1788432163370926",,,,,27
server,client_mutation,completed,1788432163428790,178842683849154810,,,,1788432163426252,1788432163426252,1788432163428790,,,http_data_plane,,,,,2538
server,peer_replication_get_delta,completed,1788432163728077,178842683849154810,178842683849158812,52,,1788432163727439,1788432163727445,1788432163728077,,,"delta_len=19,sent_us=1788432163726866",,,,,632
server,client_mutation,completed,1788432163930832,178842683849154810,,,,1788432163925763,1788432163925763,1788432163930832,,,http_data_plane,,,,,5069
server,peer_replication_get_delta,completed,1788432164161633,178842683849154810,178842684426436110,52,,1788432164161441,1788432164161446,1788432164161633,,,"delta_len=19,sent_us=1788432164070778",,,,,187
server,peer_replication_pull_request,sent,1788432164370184,178842683849154810,,,,,,,,,connected_peers=8,,,,,
server,peer_replication_merge_delta,completed,1788432164376806,178842683849154810,,52,,1788432164371534,1788432164376781,1788432164376806,,,"delta_len=27,sent_us=1788432164370977",,,,,25
server,client_mutation,completed,1788432164428201,178842683849154810,,,,1788432164425746,1788432164425746,1788432164428201,,,http_data_plane,,,,,2455
server,peer_replication_get_delta,completed,1788432164500353,178842683849154810,178842683849155809,52,,1788432164499969,1788432164499975,1788432164500353,,,"delta_len=39,sent_us=1788432164499471",,,,,378
server,client_mutation,completed,1788432164927926,178842683849154810,,,,1788432164925702,1788432164925702,1788432164927926,,,http_data_plane,,,,,2224
server,membership_directory_read,completed,1788432165318149,178842683849154810,,,,,1788432165283299,1788432165318149,,,poll:242 descriptors,,,,,34850
server,peer_replication_pull_request,sent,1788432165370827,178842683849154810,,,,,,,,,connected_peers=8,,,,,
server,peer_replication_merge_delta,completed,1788432165378210,178842683849154810,,52,,1788432165372981,1788432165378203,1788432165378210,,,"delta_len=2,sent_us=1788432165371538",,,,,7
server,client_mutation,completed,1788432165435576,178842683849154810,,,,1788432165432299,1788432165432299,1788432165435576,,,http_data_plane,,,,,3277
server,client_mutation,completed,1788432165927787,178842683849154810,,,,1788432165925720,1788432165925720,1788432165927787,,,http_data_plane,,,,,2067
server,peer_replication_get_delta,completed,1788432166196425,178842683849154810,178842684426433111,52,,1788432166193132,1788432166193138,1788432166196425,,,"delta_len=17,sent_us=1788432166144408",,,,,3287
server,peer_replication_pull_request,sent,1788432166372464,178842683849154810,,,,,,,,,connected_peers=8,,,,,
server,peer_replication_merge_delta,completed,1788432166396723,178842683849154810,,52,,1788432166380469,1788432166396682,1788432166396723,,,"delta_len=58,sent_us=1788432166374419",,,,,41
server,client_mutation,completed,1788432166428365,178842683849154810,,,,1788432166425961,1788432166425961,1788432166428365,,,http_data_plane,,,,,2404
server,client_mutation,completed,1788432166927887,178842683849154810,,,,1788432166925766,1788432166925766,1788432166927887,,,http_data_plane,,,,,2121
server,peer_replication_get_delta,completed,1788432167117895,178842683849154810,178842684426436110,52,,1788432167117682,1788432167117691,1788432167117895,,,"delta_len=28,sent_us=1788432167070763",,,,,204
server,peer_replication_get_delta,completed,1788432167196900,178842683849154810,178842684426433111,52,,1788432167196533,1788432167196539,1788432167196900,,,"delta_len=14,sent_us=1788432167144612",,,,,361
server,peer_replication_pull_request,sent,1788432167370395,178842683849154810,,,,,,,,,connected_peers=8,,,,,
server,peer_replication_merge_delta,completed,1788432167380108,178842683849154810,,52,,1788432167372007,1788432167380088,1788432167380108,,,"delta_len=14,sent_us=1788432167371361",,,,,20
server,client_mutation,completed,1788432167430052,178842683849154810,,,,1788432167426977,1788432167426977,1788432167430052,,,http_data_plane,,,,,3075
server,client_mutation,completed,1788432167932449,178842683849154810,,,,1788432167925996,1788432167925996,1788432167932449,,,http_data_plane,,,,,6453
server,peer_replication_pull_request,sent,1788432168381335,178842683849154810,,,,,,,,,connected_peers=8,,,,,
server,client_mutation,completed,1788432168429647,178842683849154810,,,,1788432168426597,1788432168426597,1788432168429647,,,http_data_plane,,,,,3050
server,peer_replication_merge_delta,completed,1788432168493342,178842683849154810,,52,,1788432168480853,1788432168492771,1788432168493342,,,"delta_len=81,sent_us=1788432168432367",,,,,571
server,client_mutation,completed,1788432168931394,178842683849154810,,,,1788432168927455,1788432168927455,1788432168931394,,,http_data_plane,,,,,3939
server,peer_replication_get_delta,completed,1788432169103521,178842683849154810,178842683849156812,52,,1788432169103238,1788432169103245,1788432169103521,,,"delta_len=14,sent_us=1788432169101155",,,,,276
server,peer_replication_pull_request,sent,1788432169370420,178842683849154810,,,,,,,,,connected_peers=8,,,,,
server,peer_replication_merge_delta,completed,1788432169388238,178842683849154810,,52,,1788432169372669,1788432169388131,1788432169388238,,,"delta_len=154,sent_us=1788432169371735",,,,,107
server,client_mutation,completed,1788432169430075,178842683849154810,,,,1788432169427325,1788432169427326,1788432169430075,,,http_data_plane,,,,,2749
server,client_mutation,completed,1788432169928594,178842683849154810,,,,1788432169926148,1788432169926148,1788432169928594,,,http_data_plane,,,,,2446
server,membership_directory_read,completed,1788432170326811,178842683849154810,,,,,1788432170283831,1788432170326811,,,poll:242 descriptors,,,,,42980
server,peer_replication_pull_request,sent,1788432170370805,178842683849154810,,,,,,,,,connected_peers=8,,,,,
server,client_mutation,completed,1788432170429536,178842683849154810,,,,1788432170425945,1788432170425945,1788432170429536,,,http_data_plane,,,,,3591
server,peer_replication_merge_delta,completed,1788432170447018,178842683849154810,,52,,1788432170440794,1788432170446991,1788432170447018,,,"delta_len=35,sent_us=1788432170419813",,,,,27
server,client_mutation,completed,1788432170930885,178842683849154810,,,,1788432170927114,1788432170927114,1788432170930885,,,http_data_plane,,,,,3771
server,peer_replication_pull_request,sent,1788432171370285,178842683849154810,,,,,,,,,connected_peers=8,,,,,
server,client_mutation,completed,1788432171433308,178842683849154810,,,,1788432171429019,1788432171429019,1788432171433308,,,http_data_plane,,,,,4289
server,peer_replication_merge_delta,completed,1788432171444054,178842683849154810,,52,,1788432171433504,1788432171443991,1788432171444054,,,"delta_len=46,sent_us=1788432171417523",,,,,63
server,peer_replication_get_delta,completed,1788432171727410,178842683849154810,178842683849158812,52,,1788432171727182,1788432171727188,1788432171727410,,,"delta_len=38,sent_us=1788432171726653",,,,,222
server,client_mutation,completed,1788432171929593,178842683849154810,,,,1788432171927246,1788432171927247,1788432171929593,,,http_data_plane,,,,,2346
server,peer_replication_pull_request,sent,1788432172370599,178842683849154810,,,,,,,,,connected_peers=8,,,,,
server,peer_replication_merge_delta,completed,1788432172378864,178842683849154810,,52,,1788432172372249,1788432172378828,1788432172378864,,,"delta_len=38,sent_us=1788432172371272",,,,,36
server,client_mutation,completed,1788432172428122,178842683849154810,,,,1788432172425737,1788432172425738,1788432172428122,,,http_data_plane,,,,,2384
server,client_mutation,completed,1788432172930673,178842683849154810,,,,1788432172927963,1788432172927963,1788432172930673,,,http_data_plane,,,,,2710
server,peer_replication_pull_request,sent,1788432173370079,178842683849154810,,,,,,,,,connected_peers=8,,,,,
server,client_mutation,completed,1788432173428557,178842683849154810,,,,1788432173425748,1788432173425748,1788432173428557,,,http_data_plane,,,,,2809
server,peer_replication_merge_delta,completed,1788432173446218,178842683849154810,,52,,1788432173436622,1788432173446181,1788432173446218,,,"delta_len=50,sent_us=1788432173420745",,,,,37
server,client_mutation,completed,1788432173930642,178842683849154810,,,,1788432173926377,1788432173926377,1788432173930642,,,http_data_plane,,,,,4265
server,peer_replication_pull_request,sent,1788432174371114,178842683849154810,,,,,,,,,connected_peers=8,,,,,
server,client_mutation,completed,1788432174431366,178842683849154810,,,,1788432174426114,1788432174426114,1788432174431366,,,http_data_plane,,,,,5252
server,peer_replication_merge_delta,completed,1788432174486345,178842683849154810,,52,,1788432174466568,1788432174486214,1788432174486345,,,"delta_len=80,sent_us=1788432174417986",,,,,131
server,client_mutation,completed,1788432174928786,178842683849154810,,,,1788432174926425,1788432174926429,1788432174928786,,,http_data_plane,,,,,2357
server,peer_replication_get_delta,completed,1788432175242773,178842683849154810,178842684426433111,52,,1788432175242461,1788432175242468,1788432175242773,,,"delta_len=36,sent_us=1788432175144609",,,,,305
server,membership_directory_read,completed,1788432175315456,178842683849154810,,,,,1788432175283343,1788432175315456,,,poll:242 descriptors,,,,,32113
server,peer_replication_pull_request,sent,1788432175369930,178842683849154810,,,,,,,,,connected_peers=8,,,,,
server,client_mutation,completed,1788432175429097,178842683849154810,,,,1788432175426128,1788432175426128,1788432175429097,,,http_data_plane,,,,,2969
server,peer_replication_merge_delta,completed,1788432175485370,178842683849154810,,52,,1788432175482140,1788432175485362,1788432175485370,,,"delta_len=2,sent_us=1788432175466312",,,,,8
server,client_mutation,completed,1788432175932639,178842683849154810,,,,1788432175930474,1788432175930474,1788432175932639,,,http_data_plane,,,,,2165
server,peer_replication_pull_request,sent,1788432176370818,178842683849154810,,,,,,,,,connected_peers=8,,,,,
server,peer_replication_merge_delta,completed,1788432176379616,178842683849154810,,52,,1788432176372511,1788432176379271,1788432176379616,,,"delta_len=42,sent_us=1788432176371554",,,,,345
server,client_mutation,completed,1788432176429545,178842683849154810,,,,1788432176426862,1788432176426862,1788432176429545,,,http_data_plane,,,,,2683
server,client_mutation,completed,1788432176933355,178842683849154810,,,,1788432176929555,1788432176929555,1788432176933355,,,http_data_plane,,,,,3800
server,peer_replication_pull_request,sent,1788432177370763,178842683849154810,,,,,,,,,connected_peers=8,,,,,
server,peer_replication_merge_delta,completed,1788432177377046,178842683849154810,,52,,1788432177372253,1788432177377029,1788432177377046,,,"delta_len=9,sent_us=1788432177371574",,,,,17
server,client_mutation,completed,1788432177428869,178842683849154810,,,,1788432177425743,1788432177425743,1788432177428869,,,http_data_plane,,,,,3126
server,peer_replication_get_delta,completed,1788432177728581,178842683849154810,178842683849158812,52,,1788432177728374,1788432177728381,1788432177728581,,,"delta_len=23,sent_us=1788432177726847",,,,,200
server,client_mutation,completed,1788432177930173,178842683849154810,,,,1788432177928202,1788432177928202,1788432177930173,,,http_data_plane,,,,,1971
server,peer_replication_pull_request,sent,1788432178370010,178842683849154810,,,,,,,,,connected_peers=8,,,,,
server,peer_replication_merge_delta,completed,1788432178381036,178842683849154810,,52,,1788432178373038,1788432178380981,1788432178381036,,,"delta_len=66,sent_us=1788432178370939",,,,,55
server,client_mutation,completed,1788432178428608,178842683849154810,,,,1788432178425877,1788432178425877,1788432178428608,,,http_data_plane,,,,,2731
server,peer_replication_get_delta,completed,1788432178726921,178842683849154810,178842683849158812,52,,1788432178726697,1788432178726703,1788432178726921,,,"delta_len=68,sent_us=1788432178725851",,,,,218
server,client_mutation,completed,1788432178928597,178842683849154810,,,,1788432178926237,1788432178926238,1788432178928597,,,http_data_plane,,,,,2359
server,peer_replication_pull_request,sent,1788432179371048,178842683849154810,,,,,,,,,connected_peers=8,,,,,
server,peer_replication_merge_delta,completed,1788432179392595,178842683849154810,,52,,1788432179373513,1788432179392549,1788432179392595,,,"delta_len=52,sent_us=1788432179372901",,,,,46
server,client_mutation,completed,1788432179430802,178842683849154810,,,,1788432179428543,1788432179428544,1788432179430802,,,http_data_plane,,,,,2258
server,peer_replication_connection,established,1788432179926124,178842683849154810,178842683956184212,,,,,,,,,,,,,
server,client_mutation,completed,1788432179929195,178842683849154810,,,,1788432179925859,1788432179925859,1788432179929195,,,http_data_plane,,,,,3336
server,peer_replication_connection,established,1788432180127608,178842683849154810,178842684114090212,,,,,,,,,,,,,
server,peer_replication_get_delta,completed,1788432180162742,178842683849154810,178842684426436110,52,,1788432180162288,1788432180162296,1788432180162742,,,"delta_len=83,sent_us=1788432180070519",,,,,446
server,membership_directory_read,completed,1788432180324437,178842683849154810,,,,,1788432180283553,1788432180324437,,,poll:245 descriptors,,,,,40884
server,peer_replication_pull_request,sent,1788432180370569,178842683849154810,,,,,,,,,connected_peers=10,,,,,
server,peer_replication_merge_delta,completed,1788432180386709,178842683849154810,,52,,1788432180373493,1788432180386624,1788432180386709,,,"delta_len=106,sent_us=1788432180371977",,,,,85
server,client_mutation,completed,1788432180428737,178842683849154810,,,,1788432180425838,1788432180425838,1788432180428737,,,http_data_plane,,,,,2899
server,peer_replication_get_delta,completed,1788432180433913,178842683849154810,178842684426434111,52,,1788432180432978,1788432180432999,1788432180433913,,,"delta_len=178,sent_us=1788432180340421",,,,,914
server,client_mutation,completed,1788432180928371,178842683849154810,,,,1788432180925752,1788432180925752,1788432180928371,,,http_data_plane,,,,,2619
server,peer_replication_pull_request,sent,1788432181370721,178842683849154810,,,,,,,,,connected_peers=10,,,,,
server,client_mutation,completed,1788432181427818,178842683849154810,,,,1788432181425747,1788432181425747,1788432181427818,,,http_data_plane,,,,,2071
server,peer_replication_merge_delta,completed,1788432181442896,178842683849154810,,52,,1788432181434649,1788432181442615,1788432181442896,,,"delta_len=40,sent_us=1788432181418299",,,,,281
server,peer_replication_connection,established,1788432181728809,178842683849154810,178842683956185212,,,,,,,,,,,,,
server,client_mutation,completed,1788432181931385,178842683849154810,,,,1788432181927538,1788432181927538,1788432181931385,,,http_data_plane,,,,,3847
server,peer_replication_pull_request,sent,1788432182371218,178842683849154810,,,,,,,,,connected_peers=11,,,,,
server,client_mutation,completed,1788432182428462,178842683849154810,,,,1788432182426033,1788432182426033,1788432182428462,,,http_data_plane,,,,,2429
server,peer_replication_merge_delta,completed,1788432182442139,178842683849154810,,52,,1788432182435701,1788432182442119,1788432182442139,,,"delta_len=15,sent_us=1788432182418381",,,,,20
server,peer_replication_get_delta,completed,1788432182455843,178842683849154810,178842683849157812,52,,1788432182455212,1788432182455218,1788432182455843,,,"delta_len=46,sent_us=1788432182454100",,,,,625
server,peer_replication_get_delta,completed,1788432182753594,178842683849154810,178842683956185212,52,,1788432182753309,1788432182753315,1788432182753594,,,"delta_len=62,sent_us=1788432182717416",,,,,279
server,client_mutation,completed,1788432182928730,178842683849154810,,,,1788432182926153,1788432182926153,1788432182928730,,,http_data_plane,,,,,2577
server,peer_replication_pull_request,sent,1788432183370070,178842683849154810,,,,,,,,,connected_peers=11,,,,,
server,client_mutation,completed,1788432183428526,178842683849154810,,,,1788432183425767,1788432183425767,1788432183428526,,,http_data_plane,,,,,2759
server,peer_replication_merge_delta,completed,1788432183440092,178842683849154810,,52,,1788432183434129,1788432183439995,1788432183440092,,,"delta_len=32,sent_us=1788432183417079",,,,,97
server,client_mutation,completed,1788432183929460,178842683849154810,,,,1788432183926003,1788432183926003,1788432183929460,,,http_data_plane,,,,,3457
server,peer_replication_get_delta,completed,1788432184102434,178842683849154810,178842683849156812,52,,1788432184102232,1788432184102238,1788432184102434,,,"delta_len=20,sent_us=1788432184101628",,,,,196
server,peer_replication_pull_request,sent,1788432184370965,178842683849154810,,,,,,,,,connected_peers=11,,,,,
server,peer_replication_merge_delta,completed,1788432184426084,178842683849154810,,52,,1788432184420189,1788432184426040,1788432184426084,,,"delta_len=24,sent_us=1788432184407267",,,,,44
server,client_mutation,completed,1788432184428748,178842683849154810,,,,1788432184426502,1788432184426502,1788432184428748,,,http_data_plane,,,,,2246
server,client_mutation,completed,1788432184927886,178842683849154810,,,,1788432184925716,1788432184925716,1788432184927886,,,http_data_plane,,,,,2170
server,membership_directory_read,completed,1788432185322070,178842683849154810,,,,,1788432185283047,1788432185322070,,,poll:247 descriptors,,,,,39023
server,peer_replication_pull_request,sent,1788432185370529,178842683849154810,,,,,,,,,connected_peers=11,,,,,
server,client_mutation,completed,1788432185427859,178842683849154810,,,,1788432185425737,1788432185425737,1788432185427859,,,http_data_plane,,,,,2122
server,peer_replication_merge_delta,completed,1788432185440886,178842683849154810,,52,,1788432185433695,1788432185440615,1788432185440886,,,"delta_len=60,sent_us=1788432185417670",,,,,271
server,client_mutation,completed,1788432185928217,178842683849154810,,,,1788432185926029,1788432185926029,1788432185928217,,,http_data_plane,,,,,2188
server,peer_replication_get_delta,completed,1788432186173031,178842683849154810,178842684114090212,52,,1788432186172816,1788432186172822,1788432186173031,,,"delta_len=39,sent_us=1788432186062437",,,,,209
server,peer_replication_pull_request,sent,1788432186370392,178842683849154810,,,,,,,,,connected_peers=11,,,,,
server,peer_replication_merge_delta,completed,1788432186397192,178842683849154810,,52,,1788432186386082,1788432186397142,1788432186397192,,,"delta_len=33,sent_us=1788432186384540",,,,,50
server,client_mutation,completed,1788432186429896,178842683849154810,,,,1788432186427216,1788432186427216,1788432186429896,,,http_data_plane,,,,,2680
server,peer_replication_get_delta,completed,1788432186681827,178842683849154810,178842684426435111,52,,1788432186681620,1788432186681626,1788432186681827,,,"delta_len=56,sent_us=1788432186585047",,,,,201
server,peer_replication_get_delta,completed,1788432186804465,178842683849154810,178842683956185212,52,,1788432186804248,1788432186804254,1788432186804465,,,"delta_len=51,sent_us=1788432186717672",,,,,211
server,client_mutation,completed,1788432186928490,178842683849154810,,,,1788432186926164,1788432186926164,1788432186928490,,,http_data_plane,,,,,2326
server,peer_replication_pull_request,sent,1788432187371346,178842683849154810,,,,,,,,,connected_peers=11,,,,,
server,client_mutation,completed,1788432187432683,178842683849154810,,,,1788432187428783,1788432187428783,1788432187432683,,,http_data_plane,,,,,3900
server,peer_replication_merge_delta,completed,1788432187444273,178842683849154810,,52,,1788432187434900,1788432187444232,1788432187444273,,,"delta_len=40,sent_us=1788432187418509",,,,,41
server,client_mutation,completed,1788432187931214,178842683849154810,,,,1788432187926758,1788432187926758,1788432187931214,,,http_data_plane,,,,,4456
server,peer_replication_pull_request,sent,1788432188370557,178842683849154810,,,,,,,,,connected_peers=11,,,,,
server,peer_replication_merge_delta,completed,1788432188380984,178842683849154810,,52,,1788432188375805,1788432188380975,1788432188380984,,,"delta_len=4,sent_us=1788432188372919",,,,,9
server,client_mutation,completed,1788432188431460,178842683849154810,,,,1788432188427558,1788432188427558,1788432188431460,,,http_data_plane,,,,,3902
server,client_mutation,completed,1788432188929867,178842683849154810,,,,1788432188927724,1788432188927724,1788432188929867,,,http_data_plane,,,,,2143
server,peer_replication_pull_request,sent,1788432189371698,178842683849154810,,,,,,,,,connected_peers=11,,,,,
server,client_mutation,completed,1788432189430235,178842683849154810,,,,1788432189427712,1788432189427712,1788432189430235,,,http_data_plane,,,,,2523
server,peer_replication_merge_delta,completed,1788432189518794,178842683849154810,,52,,1788432189504141,1788432189518670,1788432189518794,,,"delta_len=140,sent_us=1788432189436382",,,,,124
server,client_mutation,completed,1788432189928455,178842683849154810,,,,1788432189926198,1788432189926198,1788432189928455,,,http_data_plane,,,,,2257
server,membership_directory_read,completed,1788432190319056,178842683849154810,,,,,1788432190283632,1788432190319056,,,poll:248 descriptors,,,,,35424
server,peer_replication_pull_request,sent,1788432190370582,178842683849154810,,,,,,,,,connected_peers=11,,,,,
server,client_mutation,completed,1788432190428063,178842683849154810,,,,1788432190425813,1788432190425813,1788432190428063,,,http_data_plane,,,,,2250
server,peer_replication_merge_delta,completed,1788432190461659,178842683849154810,,52,,1788432190456715,1788432190461633,1788432190461659,,,"delta_len=19,sent_us=1788432190435234",,,,,26
server,client_mutation,completed,1788432190928912,178842683849154810,,,,1788432190926710,1788432190926710,1788432190928912,,,http_data_plane,,,,,2202
server,peer_replication_pull_request,sent,1788432191370655,178842683849154810,,,,,,,,,connected_peers=11,,,,,
server,peer_replication_merge_delta,completed,1788432191379553,178842683849154810,,52,,1788432191372987,1788432191379530,1788432191379553,,,"delta_len=18,sent_us=1788432191371874",,,,,23
server,client_mutation,completed,1788432191428748,178842683849154810,,,,1788432191426502,1788432191426502,1788432191428748,,,http_data_plane,,,,,2246
server,peer_replication_get_delta,completed,1788432191454762,178842683849154810,178842683849157812,52,,1788432191454518,1788432191454525,1788432191454762,,,"delta_len=27,sent_us=1788432191453995",,,,,237
server,client_mutation,completed,1788432191928882,178842683849154810,,,,1788432191925995,1788432191925995,1788432191928882,,,http_data_plane,,,,,2887
server,peer_replication_pull_request,sent,1788432192370750,178842683849154810,,,,,,,,,connected_peers=11,,,,,
server,client_mutation,completed,1788432192429818,178842683849154810,,,,1788432192427046,1788432192427046,1788432192429818,,,http_data_plane,,,,,2772
server,peer_replication_merge_delta,completed,1788432192449551,178842683849154810,,52,,1788432192438714,1788432192449472,1788432192449551,,,"delta_len=52,sent_us=1788432192420125",,,,,79
server,client_mutation,completed,1788432192931740,178842683849154810,,,,1788432192928764,1788432192928764,1788432192931740,,,http_data_plane,,,,,2976
server,peer_replication_get_delta,completed,1788432192975522,178842683849154810,178842683956184212,52,,1788432192974550,1788432192974557,1788432192975522,,,"delta_len=46,sent_us=1788432192891469",,,,,965
server,peer_replication_get_delta,completed,1788432193103464,178842683849154810,178842683849156812,52,,1788432193103248,1788432193103254,1788432193103464,,,"delta_len=33,sent_us=1788432193101678",,,,,210
server,peer_replication_get_delta,completed,1788432193173424,178842683849154810,178842684114090212,52,,1788432193173213,1788432193173219,1788432193173424,,,"delta_len=43,sent_us=1788432193063137",,,,,205
server,peer_replication_pull_request,sent,1788432193376452,178842683849154810,,,,,,,,,connected_peers=11,,,,,
server,peer_replication_merge_delta,completed,1788432193386283,178842683849154810,,52,,1788432193379466,1788432193386260,1788432193386283,,,"delta_len=12,sent_us=1788432193378372",,,,,23
server,client_mutation,completed,1788432193429132,178842683849154810,,,,1788432193426492,1788432193426493,1788432193429132,,,http_data_plane,,,,,2639
server,client_mutation,completed,1788432193931482,178842683849154810,,,,1788432193928777,1788432193928777,1788432193931482,,,http_data_plane,,,,,2705
server,peer_replication_pull_request,sent,1788432194370014,178842683849154810,,,,,,,,,connected_peers=11,,,,,
server,client_mutation,completed,1788432194429564,178842683849154810,,,,1788432194426544,1788432194426544,1788432194429564,,,http_data_plane,,,,,3020
server,peer_replication_merge_delta,completed,1788432194481798,178842683849154810,,52,,1788432194464497,1788432194481686,1788432194481798,,,"delta_len=106,sent_us=1788432194417045",,,,,112
server,client_mutation,completed,1788432194927902,178842683849154810,,,,1788432194925733,1788432194925733,1788432194927902,,,http_data_plane,,,,,2169
server,membership_directory_read,completed,1788432195323934,178842683849154810,,,,,1788432195283015,1788432195323934,,,poll:248 descriptors,,,,,40919
server,peer_replication_pull_request,sent,1788432195370526,178842683849154810,,,,,,,,,connected_peers=11,,,,,
server,client_mutation,completed,1788432195428111,178842683849154810,,,,1788432195425887,1788432195425888,1788432195428111,,,http_data_plane,,,,,2223
server,peer_replication_merge_delta,completed,1788432195440525,178842683849154810,,52,,1788432195433887,1788432195440461,1788432195440525,,,"delta_len=63,sent_us=1788432195417971",,,,,64
server,client_mutation,completed,1788432195928785,178842683849154810,,,,1788432195925785,1788432195925785,1788432195928785,,,http_data_plane,,,,,3000
server,peer_replication_pull_request,sent,1788432196370034,178842683849154810,,,,,,,,,connected_peers=11,,,,,
server,client_mutation,completed,1788432196429723,178842683849154810,,,,1788432196426363,1788432196426363,1788432196429723,,,http_data_plane,,,,,3360
server,peer_replication_merge_delta,completed,1788432196514012,178842683849154810,,52,,1788432196500918,1788432196513948,1788432196514012,,,"delta_len=92,sent_us=1788432196434352",,,,,64
server,client_mutation,completed,1788432196927888,178842683849154810,,,,1788432196925739,1788432196925739,1788432196927888,,,http_data_plane,,,,,2149
server,peer_replication_pull_request,sent,1788432197370663,178842683849154810,,,,,,,,,connected_peers=11,,,,,
server,client_mutation,completed,1788432197428247,178842683849154810,,,,1788432197425737,1788432197425738,1788432197428247,,,http_data_plane,,,,,2509
server,peer_replication_merge_delta,completed,1788432197476646,178842683849154810,,52,,1788432197466519,1788432197476262,1788432197476646,,,"delta_len=66,sent_us=1788432197417685",,,,,384
server,peer_replication_get_delta,completed,1788432197500566,178842683849154810,178842683849155809,52,,1788432197500348,1788432197500354,1788432197500566,,,"delta_len=138,sent_us=1788432197499840",,,,,212
server,peer_replication_get_delta,completed,1788432197804500,178842683849154810,178842683956185212,52,,1788432197804269,1788432197804276,1788432197804500,,,"delta_len=120,sent_us=1788432197717050",,,,,224
server,client_mutation,completed,1788432197927860,178842683849154810,,,,1788432197925707,1788432197925707,1788432197927860,,,http_data_plane,,,,,2153
server,peer_replication_pull_request,sent,1788432198371416,178842683849154810,,,,,,,,,connected_peers=11,,,,,
server,peer_replication_merge_delta,completed,1788432198378740,178842683849154810,,52,,1788432198373144,1788432198378723,1788432198378740,,,"delta_len=11,sent_us=1788432198372521",,,,,17
server,client_mutation,completed,1788432198428475,178842683849154810,,,,1788432198425906,1788432198425906,1788432198428475,,,http_data_plane,,,,,2569
server,client_mutation,completed,1788432198927914,178842683849154810,,,,1788432198925758,1788432198925758,1788432198927914,,,http_data_plane,,,,,2156
server,peer_replication_get_delta,completed,1788432199126346,178842683849154810,178842684114090212,52,,1788432199126117,1788432199126122,1788432199126346,,,"delta_len=42,sent_us=1788432199062358",,,,,224
server,peer_replication_pull_request,sent,1788432199370866,178842683849154810,,,,,,,,,connected_peers=11,,,,,
server,client_mutation,completed,1788432199427874,178842683849154810,,,,1788432199425779,1788432199425779,1788432199427874,,,http_data_plane,,,,,2095
server,peer_replication_merge_delta,completed,1788432199475656,178842683849154810,,52,,1788432199464945,1788432199475544,1788432199475656,,,"delta_len=101,sent_us=1788432199417845",,,,,112
server,peer_replication_get_delta,completed,1788432199671640,178842683849154810,178842684426435111,52,,1788432199671413,1788432199671419,1788432199671640,,,"delta_len=63,sent_us=1788432199584550",,,,,221
server,client_mutation,completed,1788432199928100,178842683849154810,,,,1788432199925952,1788432199925953,1788432199928100,,,http_data_plane,,,,,2147
server,membership_directory_read,completed,1788432200316811,178842683849154810,,,,,1788432200283443,1788432200316811,,,poll:248 descriptors,,,,,33368
server,peer_replication_pull_request,sent,1788432200370390,178842683849154810,,,,,,,,,connected_peers=11,,,,,
server,client_mutation,completed,1788432200428555,178842683849154810,,,,1788432200425760,1788432200425760,1788432200428555,,,http_data_plane,,,,,2795
server,peer_replication_merge_delta,completed,1788432200437274,178842683849154810,,52,,1788432200433236,1788432200437247,1788432200437274,,,"delta_len=12,sent_us=1788432200417417",,,,,27
server,client_mutation,completed,1788432200927868,178842683849154810,,,,1788432200925741,1788432200925741,1788432200927868,,,http_data_plane,,,,,2127
server,peer_replication_pull_request,sent,1788432201370360,178842683849154810,,,,,,,,,connected_peers=11,,,,,
server,peer_replication_merge_delta,completed,1788432201424198,178842683849154810,,52,,1788432201418635,1788432201424150,1788432201424198,,,"delta_len=38,sent_us=1788432201406559",,,,,48
server,client_mutation,completed,1788432201427676,178842683849154810,,,,1788432201425671,1788432201425671,1788432201427676,,,http_data_plane,,,,,2005
server,client_mutation,completed,1788432201928175,178842683849154810,,,,1788432201925736,1788432201925736,1788432201928175,,,http_data_plane,,,,,2439
server,peer_replication_pull_request,sent,1788432202370273,178842683849154810,,,,,,,,,connected_peers=11,,,,,
server,peer_replication_merge_delta,completed,1788432202378699,178842683849154810,,52,,1788432202373733,1788432202378663,1788432202378699,,,"delta_len=25,sent_us=1788432202370990",,,,,36
server,client_mutation,completed,1788432202428140,178842683849154810,,,,1788432202425788,1788432202425788,1788432202428140,,,http_data_plane,,,,,2352
server,client_mutation,completed,1788432202927919,178842683849154810,,,,1788432202925722,1788432202925722,1788432202927919,,,http_data_plane,,,,,2197
server,peer_replication_pull_request,sent,1788432203370156,178842683849154810,,,,,,,,,connected_peers=11,,,,,
server,client_mutation,completed,1788432203427899,178842683849154810,,,,1788432203425740,1788432203425740,1788432203427899,,,http_data_plane,,,,,2159
server,peer_replication_merge_delta,completed,1788432203474230,178842683849154810,,52,,1788432203464479,1788432203474159,1788432203474230,,,"delta_len=103,sent_us=1788432203417196",,,,,71
server,client_mutation,completed,1788432203928207,178842683849154810,,,,1788432203925690,1788432203925691,1788432203928207,,,http_data_plane,,,,,2516
server,peer_replication_pull_request,sent,1788432204370336,178842683849154810,,,,,,,,,connected_peers=11,,,,,
server,client_mutation,completed,1788432204428303,178842683849154810,,,,1788432204425746,1788432204425746,1788432204428303,,,http_data_plane,,,,,2557
server,peer_replication_merge_delta,completed,1788432204459816,178842683849154810,,52,,1788432204455921,1788432204459803,1788432204459816,,,"delta_len=9,sent_us=1788432204434537",,,,,13
server,peer_replication_get_delta,completed,1788432204726467,178842683849154810,178842683849158812,52,,1788432204726253,1788432204726258,1788432204726467,,,"delta_len=44,sent_us=1788432204725839",,,,,209
server,client_mutation,completed,1788432204927837,178842683849154810,,,,1788432204925733,1788432204925733,1788432204927837,,,http_data_plane,,,,,2104
server,membership_directory_read,completed,1788432205317801,178842683849154810,,,,,1788432205282916,1788432205317801,,,poll:248 descriptors,,,,,34885
server,peer_replication_pull_request,sent,1788432205370238,178842683849154810,,,,,,,,,connected_peers=11,,,,,
server,client_mutation,completed,1788432205427864,178842683849154810,,,,1788432205425710,1788432205425710,1788432205427864,,,http_data_plane,,,,,2154
server,peer_replication_merge_delta,completed,1788432205472293,178842683849154810,,52,,1788432205464142,1788432205472227,1788432205472293,,,"delta_len=83,sent_us=1788432205417117",,,,,66
server,peer_replication_get_delta,completed,1788432205500377,178842683849154810,178842683849155809,52,,1788432205500009,1788432205500013,1788432205500377,,,"delta_len=88,sent_us=1788432205499467",,,,,364
server,client_mutation,completed,1788432205927779,178842683849154810,,,,1788432205925722,1788432205925722,1788432205927779,,,http_data_plane,,,,,2057
server,peer_replication_pull_request,sent,1788432206369994,178842683849154810,,,,,,,,,connected_peers=11,,,,,
server,client_mutation,completed,1788432206427831,178842683849154810,,,,1788432206425730,1788432206425730,1788432206427831,,,http_data_plane,,,,,2101
server,peer_replication_merge_delta,completed,1788432206436857,178842683849154810,,52,,1788432206432721,1788432206436836,1788432206436857,,,"delta_len=21,sent_us=1788432206416895",,,,,21
server,peer_replication_get_delta,completed,1788432206499947,178842683849154810,178842683849155809,52,,1788432206499749,1788432206499755,1788432206499947,,,"delta_len=23,sent_us=1788432206499085",,,,,192
server,client_mutation,completed,1788432206928010,178842683849154810,,,,1788432206925752,1788432206925752,1788432206928010,,,http_data_plane,,,,,2258
server,peer_replication_pull_request,sent,1788432207370145,178842683849154810,,,,,,,,,connected_peers=11,,,,,
server,client_mutation,completed,1788432207427814,178842683849154810,,,,1788432207425711,1788432207425711,1788432207427814,,,http_data_plane,,,,,2103
server,peer_replication_merge_delta,completed,1788432207437642,178842683849154810,,52,,1788432207432792,1788432207437614,1788432207437642,,,"delta_len=33,sent_us=1788432207416961",,,,,28
server,peer_replication_get_delta,completed,1788432207454411,178842683849154810,178842683849157812,52,,1788432207454205,1788432207454211,1788432207454411,,,"delta_len=59,sent_us=1788432207453703",,,,,200
server,client_mutation,completed,1788432207928332,178842683849154810,,,,1788432207925825,1788432207925825,1788432207928332,,,http_data_plane,,,,,2507
server,peer_replication_pull_request,sent,1788432208370031,178842683849154810,,,,,,,,,connected_peers=11,,,,,
server,client_mutation,completed,1788432208427923,178842683849154810,,,,1788432208425747,1788432208425747,1788432208427923,,,http_data_plane,,,,,2176
server,peer_replication_merge_delta,completed,1788432208493705,178842683849154810,,52,,1788432208482673,1788432208493662,1788432208493705,,,"delta_len=63,sent_us=1788432208446758",,,,,43
server,client_mutation,completed,1788432208928016,178842683849154810,,,,1788432208925787,1788432208925787,1788432208928016,,,http_data_plane,,,,,2229
server,peer_replication_pull_request,sent,1788432209370393,178842683849154810,,,,,,,,,connected_peers=11,,,,,
server,client_mutation,completed,1788432209428175,178842683849154810,,,,1788432209425972,1788432209425972,1788432209428175,,,http_data_plane,,,,,2203
server,peer_replication_merge_delta,completed,1788432209510033,178842683849154810,,52,,1788432209498823,1788432209509971,1788432209510033,,,"delta_len=90,sent_us=1788432209434652",,,,,62
server,client_mutation,completed,1788432209929265,178842683849154810,,,,1788432209925767,1788432209925767,1788432209929265,,,http_data_plane,,,,,3498
server,membership_directory_read,completed,1788432210315780,178842683849154810,,,,,1788432210283320,1788432210315780,,,poll:248 descriptors,,,,,32460
server,peer_replication_pull_request,sent,1788432210370005,178842683849154810,,,,,,,,,connected_peers=11,,,,,
server,peer_replication_merge_delta,completed,1788432210379236,178842683849154810,,52,,1788432210372312,1788432210379119,1788432210379236,,,"delta_len=50,sent_us=1788432210371038",,,,,117
server,client_mutation,completed,1788432210427775,178842683849154810,,,,1788432210425747,1788432210425747,1788432210427775,,,http_data_plane,,,,,2028
server,client_mutation,completed,1788432210928240,178842683849154810,,,,1788432210926230,1788432210926230,1788432210928240,,,http_data_plane,,,,,2010
server,peer_replication_get_delta,completed,1788432211102580,178842683849154810,178842683849156812,52,,1788432211102373,1788432211102379,1788432211102580,,,"delta_len=50,sent_us=1788432211101066",,,,,201
server,peer_replication_pull_request,sent,1788432211370167,178842683849154810,,,,,,,,,connected_peers=11,,,,,
server,client_mutation,completed,1788432211429300,178842683849154810,,,,1788432211427123,1788432211427123,1788432211429300,,,http_data_plane,,,,,2177
server,peer_replication_merge_delta,completed,1788432211447948,178842683849154810,,52,,1788432211434009,1788432211447901,1788432211447948,,,"delta_len=33,sent_us=1788432211417760",,,,,47
server,client_mutation,completed,1788432211927841,178842683849154810,,,,1788432211925655,1788432211925655,1788432211927841,,,http_data_plane,,,,,2186
server,peer_replication_pull_request,sent,1788432212370093,178842683849154810,,,,,,,,,connected_peers=11,,,,,
server,peer_replication_merge_delta,completed,1788432212380379,178842683849154810,,52,,1788432212371909,1788432212380343,1788432212380379,,,"delta_len=38,sent_us=1788432212370932",,,,,36
server,client_mutation,completed,1788432212428356,178842683849154810,,,,1788432212426025,1788432212426025,1788432212428356,,,http_data_plane,,,,,2331
server,client_mutation,completed,1788432212929548,178842683849154810,,,,1788432212926726,1788432212926726,1788432212929548,,,http_data_plane,,,,,2822
server,peer_replication_pull_request,sent,1788432213370786,178842683849154810,,,,,,,,,connected_peers=11,,,,,
server,peer_replication_get_delta,completed,1788432213388238,178842683849154810,178842684426434111,52,,1788432213387961,1788432213387968,1788432213388238,,,"delta_len=32,sent_us=1788432213340214",,,,,270
server,client_mutation,completed,1788432213428006,178842683849154810,,,,1788432213425842,1788432213425842,1788432213428006,,,http_data_plane,,,,,2164
server,peer_replication_merge_delta,completed,1788432213439154,178842683849154810,,52,,1788432213433535,1788432213439129,1788432213439154,,,"delta_len=26,sent_us=1788432213417672",,,,,25
server,client_mutation,completed,1788432213929371,178842683849154810,,,,1788432213925770,1788432213925770,1788432213929371,,,http_data_plane,,,,,3601
server,peer_replication_get_delta,completed,1788432214117662,178842683849154810,178842684426436110,52,,1788432214117442,1788432214117448,1788432214117662,,,"delta_len=9,sent_us=1788432214070579",,,,,214
server,peer_replication_pull_request,sent,1788432214370231,178842683849154810,,,,,,,,,connected_peers=11,,,,,
server,peer_replication_merge_delta,completed,1788432214379307,178842683849154810,,52,,1788432214373475,1788432214379275,1788432214379307,,,"delta_len=32,sent_us=1788432214372678",,,,,32
server,client_mutation,completed,1788432214429006,178842683849154810,,,,1788432214426667,1788432214426667,1788432214429006,,,http_data_plane,,,,,2339
server,client_mutation,completed,1788432214927787,178842683849154810,,,,1788432214925729,1788432214925729,1788432214927787,,,http_data_plane,,,,,2058
server,membership_directory_read,completed,1788432215319141,178842683849154810,,,,,1788432215283024,1788432215319141,,,poll:248 descriptors,,,,,36117
server,peer_replication_pull_request,sent,1788432215370560,178842683849154810,,,,,,,,,connected_peers=11,,,,,
server,client_mutation,completed,1788432215427849,178842683849154810,,,,1788432215425758,1788432215425758,1788432215427849,,,http_data_plane,,,,,2091
server,peer_replication_merge_delta,completed,1788432215439156,178842683849154810,,52,,1788432215433537,1788432215439117,1788432215439156,,,"delta_len=41,sent_us=1788432215417551",,,,,39
server,peer_replication_get_delta,completed,1788432215752972,178842683849154810,178842683956185212,52,,1788432215752747,1788432215752755,1788432215752972,,,"delta_len=47,sent_us=1788432215717036",,,,,217
server,client_mutation,completed,1788432215927921,178842683849154810,,,,1788432215925758,1788432215925758,1788432215927921,,,http_data_plane,,,,,2163
server,peer_replication_pull_request,sent,1788432216370117,178842683849154810,,,,,,,,,connected_peers=11,,,,,
server,peer_replication_merge_delta,completed,1788432216380548,178842683849154810,,52,,1788432216373247,1788432216380482,1788432216380548,,,"delta_len=68,sent_us=1788432216371045",,,,,66
server,client_mutation,completed,1788432216428146,178842683849154810,,,,1788432216425714,1788432216425714,1788432216428146,,,http_data_plane,,,,,2432
server,client_mutation,completed,1788432216927923,178842683849154810,,,,1788432216925788,1788432216925788,1788432216927923,,,http_data_plane,,,,,2135
server,peer_replication_pull_request,sent,1788432217370693,178842683849154810,,,,,,,,,connected_peers=11,,,,,
server,peer_replication_merge_delta,completed,1788432217376538,178842683849154810,,52,,1788432217372729,1788432217376526,1788432217376538,,,"delta_len=8,sent_us=1788432217371606",,,,,12
server,client_mutation,completed,1788432217427821,178842683849154810,,,,1788432217425700,1788432217425700,1788432217427821,,,http_data_plane,,,,,2121
server,peer_replication_get_delta,completed,1788432217431809,178842683849154810,178842684426434111,52,,1788432217431605,1788432217431611,1788432217431809,,,"delta_len=35,sent_us=1788432217340716",,,,,198
server,client_mutation,completed,1788432217927943,178842683849154810,,,,1788432217925770,1788432217925770,1788432217927943,,,http_data_plane,,,,,2173
server,peer_replication_pull_request,sent,1788432218370174,178842683849154810,,,,,,,,,connected_peers=11,,,,,
server,client_mutation,completed,1788432218427756,178842683849154810,,,,1788432218425709,1788432218425709,1788432218427756,,,http_data_plane,,,,,2047
server,peer_replication_merge_delta,completed,1788432218471709,178842683849154810,,52,,1788432218464347,1788432218471647,1788432218471709,,,"delta_len=74,sent_us=1788432218417295",,,,,62
server,client_mutation,completed,1788432218927853,178842683849154810,,,,1788432218925732,1788432218925732,1788432218927853,,,http_data_plane,,,,,2121
server,peer_replication_get_delta,completed,1788432219231650,178842683849154810,178842684426433111,52,,1788432219231428,1788432219231435,1788432219231650,,,"delta_len=31,sent_us=1788432219144491",,,,,215
server,peer_replication_pull_request,sent,1788432219370072,178842683849154810,,,,,,,,,connected_peers=11,,,,,
server,peer_replication_merge_delta,completed,1788432219381241,178842683849154810,,52,,1788432219372374,1788432219381196,1788432219381241,,,"delta_len=64,sent_us=1788432219370791",,,,,45
server,client_mutation,completed,1788432219428893,178842683849154810,,,,1788432219426257,1788432219426257,1788432219428893,,,http_data_plane,,,,,2636
server,peer_replication_get_delta,completed,1788432219500656,178842683849154810,178842683849155809,52,,1788432219499874,1788432219499880,1788432219500656,,,"delta_len=49,sent_us=1788432219499122",,,,,776
server,client_mutation,completed,1788432219927790,178842683849154810,,,,1788432219925728,1788432219925728,1788432219927790,,,http_data_plane,,,,,2062
server,peer_replication_get_delta,completed,1788432220161664,178842683849154810,178842684426436110,52,,1788432220161414,1788432220161422,1788432220161664,,,"delta_len=28,sent_us=1788432220070761",,,,,242
server,membership_directory_read,completed,1788432220323517,178842683849154810,,,,,1788432220283254,1788432220323517,,,poll:248 descriptors,,,,,40263
server,peer_replication_pull_request,sent,1788432220370844,178842683849154810,,,,,,,,,connected_peers=11,,,,,
server,peer_replication_merge_delta,completed,1788432220380375,178842683849154810,,52,,1788432220372313,1788432220380324,1788432220380375,,,"delta_len=61,sent_us=1788432220371602",,,,,51
server,client_mutation,completed,1788432220429381,178842683849154810,,,,1788432220427141,1788432220427141,1788432220429381,,,http_data_plane,,,,,2240
server,peer_replication_get_delta,completed,1788432220500339,178842683849154810,178842683849155809,52,,1788432220500062,1788432220500084,1788432220500339,,,"delta_len=58,sent_us=1788432220499245",,,,,255
server,client_mutation,completed,1788432220931935,178842683849154810,,,,1788432220928078,1788432220928078,1788432220931935,,,http_data_plane,,,,,3857
server,peer_replication_pull_request,sent,1788432221370963,178842683849154810,,,,,,,,,connected_peers=11,,,,,
server,client_mutation,completed,1788432221431790,178842683849154810,,,,1788432221427553,1788432221427553,1788432221431790,,,http_data_plane,,,,,4237
server,peer_replication_merge_delta,completed,1788432221470105,178842683849154810,,52,,1788432221457174,1788432221470068,1788432221470105,,,"delta_len=34,sent_us=1788432221435129",,,,,37
server,client_mutation,completed,1788432221929899,178842683849154810,,,,1788432221927295,1788432221927295,1788432221929899,,,http_data_plane,,,,,2604
server,peer_replication_pull_request,sent,1788432222373733,178842683849154810,,,,,,,,,connected_peers=11,,,,,
server,client_mutation,completed,1788432222432706,178842683849154810,,,,1788432222429777,1788432222429777,1788432222432706,,,http_data_plane,,,,,2929
server,peer_replication_merge_delta,completed,1788432222448790,178842683849154810,,52,,1788432222436943,1788432222448759,1788432222448790,,,"delta_len=25,sent_us=1788432222420990",,,,,31
server,client_mutation,completed,1788432222929595,178842683849154810,,,,1788432222926310,1788432222926311,1788432222929595,,,http_data_plane,,,,,3284
server,peer_replication_pull_request,sent,1788432223370143,178842683849154810,,,,,,,,,connected_peers=11,,,,,
server,client_mutation,completed,1788432223427950,178842683849154810,,,,1788432223425729,1788432223425729,1788432223427950,,,http_data_plane,,,,,2221
server,peer_replication_merge_delta,completed,1788432223467959,178842683849154810,,52,,1788432223458604,1788432223467915,1788432223467959,,,"delta_len=53,sent_us=1788432223446436",,,,,44
server,client_mutation,completed,1788432223927828,178842683849154810,,,,1788432223925722,1788432223925722,1788432223927828,,,http_data_plane,,,,,2106
server,peer_replication_get_delta,completed,1788432224118790,178842683849154810,178842684426436110,52,,1788432224117647,1788432224117653,1788432224118790,,,"delta_len=71,sent_us=1788432224070745",,,,,1137
server,peer_replication_pull_request,sent,1788432224370369,178842683849154810,,,,,,,,,connected_peers=11,,,,,
server,client_mutation,completed,1788432224428565,178842683849154810,,,,1788432224426386,1788432224426386,1788432224428565,,,http_data_plane,,,,,2179
server,peer_replication_get_delta,completed,1788432224456709,178842683849154810,178842683849157812,52,,1788432224456489,1788432224456498,1788432224456709,,,"delta_len=49,sent_us=1788432224454111",,,,,211
server,peer_replication_merge_delta,completed,1788432224537840,178842683849154810,,52,,1788432224523596,1788432224537778,1788432224537840,,,"delta_len=89,sent_us=1788432224476098",,,,,62
server,peer_replication_get_delta,completed,1788432224927094,178842683849154810,178842683956184212,52,,1788432224926902,1788432224926907,1788432224927094,,,"delta_len=57,sent_us=1788432224891098",,,,,187
server,client_mutation,completed,1788432224927873,178842683849154810,,,,1788432224925747,1788432224925748,1788432224927873,,,http_data_plane,,,,,2125
server,peer_replication_get_delta,completed,1788432225102950,178842683849154810,178842683849156812,52,,1788432225102736,1788432225102743,1788432225102950,,,"delta_len=57,sent_us=1788432225101763",,,,,207
server,membership_directory_read,completed,1788432225322120,178842683849154810,,,,,1788432225283985,1788432225322120,,,poll:248 descriptors,,,,,38135
server,peer_replication_pull_request,sent,1788432225370737,178842683849154810,,,,,,,,,connected_peers=11,,,,,
server,peer_replication_merge_delta,completed,1788432225379374,178842683849154810,,52,,1788432225372141,1788432225379336,1788432225379374,,,"delta_len=55,sent_us=1788432225371558",,,,,38
server,client_mutation,completed,1788432225430129,178842683849154810,,,,1788432225425735,1788432225425735,1788432225430129,,,http_data_plane,,,,,4394
server,client_mutation,completed,1788432225927985,178842683849154810,,,,1788432225925715,1788432225925715,1788432225927985,,,http_data_plane,,,,,2270
server,peer_replication_get_delta,completed,1788432226117876,178842683849154810,178842684426436110,52,,1788432226117649,1788432226117654,1788432226117876,,,"delta_len=45,sent_us=1788432226070765",,,,,222
server,peer_replication_get_delta,completed,1788432226191962,178842683849154810,178842684426433111,52,,1788432226191753,1788432226191759,1788432226191962,,,"delta_len=41,sent_us=1788432226144752",,,,,203
server,peer_replication_pull_request,sent,1788432226370703,178842683849154810,,,,,,,,,connected_peers=11,,,,,
server,peer_replication_merge_delta,completed,1788432226378032,178842683849154810,,52,,1788432226372844,1788432226377995,1788432226378032,,,"delta_len=38,sent_us=1788432226371373",,,,,37
server,client_mutation,completed,1788432226427882,178842683849154810,,,,1788432226425809,1788432226425809,1788432226427882,,,http_data_plane,,,,,2073
server,client_mutation,completed,1788432226927942,178842683849154810,,,,1788432226925729,1788432226925729,1788432226927942,,,http_data_plane,,,,,2213
server,peer_replication_pull_request,sent,1788432227370214,178842683849154810,,,,,,,,,connected_peers=11,,,,,
server,peer_replication_merge_delta,completed,1788432227426512,178842683849154810,,52,,1788432227420459,1788432227426484,1788432227426512,,,"delta_len=29,sent_us=1788432227407386",,,,,28
server,client_mutation,completed,1788432227428798,178842683849154810,,,,1788432227425798,1788432227425798,1788432227428798,,,http_data_plane,,,,,3000
server,client_mutation,completed,1788432227927844,178842683849154810,,,,1788432227925721,1788432227925721,1788432227927844,,,http_data_plane,,,,,2123
server,peer_replication_get_delta,completed,1788432228118386,178842683849154810,178842684426436110,52,,1788432228118165,1788432228118172,1788432228118386,,,"delta_len=28,sent_us=1788432228071081",,,,,214
server,peer_replication_get_delta,completed,1788432228191885,178842683849154810,178842684426433111,52,,1788432228191496,1788432228191503,1788432228191885,,,"delta_len=28,sent_us=1788432228144649",,,,,382
server,peer_replication_pull_request,sent,1788432228370385,178842683849154810,,,,,,,,,connected_peers=11,,,,,
server,peer_replication_merge_delta,completed,1788432228375941,178842683849154810,,52,,1788432228371809,1788432228375916,1788432228375941,,,"delta_len=12,sent_us=1788432228371070",,,,,25
server,client_mutation,completed,1788432228427856,178842683849154810,,,,1788432228425736,1788432228425736,1788432228427856,,,http_data_plane,,,,,2120
server,client_mutation,completed,1788432228927589,178842683849154810,,,,1788432228925719,1788432228925719,1788432228927589,,,http_data_plane,,,,,1870
server,peer_replication_get_delta,completed,1788432229102324,178842683849154810,178842683849156812,52,,1788432229102118,1788432229102125,1788432229102324,,,"delta_len=6,sent_us=1788432229101246",,,,,199
server,peer_replication_get_delta,completed,1788432229118236,178842683849154810,178842684426436110,52,,1788432229118014,1788432229118020,1788432229118236,,,"delta_len=10,sent_us=1788432229071036",,,,,216
server,peer_replication_pull_request,sent,1788432229370731,178842683849154810,,,,,,,,,connected_peers=11,,,,,
server,client_mutation,completed,1788432229427597,178842683849154810,,,,1788432229425691,1788432229425691,1788432229427597,,,http_data_plane,,,,,1906
server,peer_replication_merge_delta,completed,1788432229439474,178842683849154810,,52,,1788432229433682,1788432229439433,1788432229439474,,,"delta_len=53,sent_us=1788432229417874",,,,,41
server,peer_replication_get_delta,completed,1788432229727428,178842683849154810,178842683849158812,52,,1788432229727224,1788432229727229,1788432229727428,,,"delta_len=27,sent_us=1788432229726763",,,,,199
server,client_mutation,completed,1788432229927728,178842683849154810,,,,1788432229925679,1788432229925679,1788432229927728,,,http_data_plane,,,,,2049
server,membership_directory_read,completed,1788432230324598,178842683849154810,,,,,1788432230283836,1788432230324598,,,poll:248 descriptors,,,,,40762
server,peer_replication_pull_request,sent,1788432230370061,178842683849154810,,,,,,,,,connected_peers=11,,,,,
server,peer_replication_merge_delta,completed,1788432230376476,178842683849154810,,52,,1788432230371724,1788432230376452,1788432230376476,,,"delta_len=28,sent_us=1788432230370911",,,,,24
server,client_mutation,completed,1788432230428182,178842683849154810,,,,1788432230425749,1788432230425749,1788432230428182,,,http_data_plane,,,,,2433
server,peer_replication_get_delta,completed,1788432230726478,178842683849154810,178842683849158812,52,,1788432230726277,1788432230726282,1788432230726478,,,"delta_len=30,sent_us=1788432230725884",,,,,196
server,client_mutation,completed,1788432230927731,178842683849154810,,,,1788432230925711,1788432230925712,1788432230927731,,,http_data_plane,,,,,2019
server,peer_replication_pull_request,sent,1788432231369923,178842683849154810,,,,,,,,,connected_peers=11,,,,,
server,client_mutation,completed,1788432231427780,178842683849154810,,,,1788432231425756,1788432231425756,1788432231427780,,,http_data_plane,,,,,2024
server,peer_replication_merge_delta,completed,1788432231439038,178842683849154810,,52,,1788432231432655,1788432231438994,1788432231439038,,,"delta_len=58,sent_us=1788432231416798",,,,,44
server,client_mutation,completed,1788432231927695,178842683849154810,,,,1788432231925740,1788432231925740,1788432231927695,,,http_data_plane,,,,,1955
server,peer_replication_get_delta,completed,1788432232117826,178842683849154810,178842684426436110,52,,1788432232117616,1788432232117623,1788432232117826,,,"delta_len=37,sent_us=1788432232070813",,,,,203
server,peer_replication_pull_request,sent,1788432232370401,178842683849154810,,,,,,,,,connected_peers=11,,,,,
server,client_mutation,completed,1788432232427806,178842683849154810,,,,1788432232425726,1788432232425726,1788432232427806,,,http_data_plane,,,,,2080
server,peer_replication_merge_delta,completed,1788432232437136,178842683849154810,,52,,1788432232432917,1788432232437114,1788432232437136,,,"delta_len=23,sent_us=1788432232417118",,,,,22
server,client_mutation,completed,1788432232928122,178842683849154810,,,,1788432232925940,1788432232925940,1788432232928122,,,http_data_plane,,,,,2182
server,peer_replication_pull_request,sent,1788432233370364,178842683849154810,,,,,,,,,connected_peers=11,,,,,
server,client_mutation,completed,1788432233427985,178842683849154810,,,,1788432233425915,1788432233425915,1788432233427985,,,http_data_plane,,,,,2070
server,peer_replication_merge_delta,completed,1788432233452525,178842683849154810,,52,,1788432233442903,1788432233452445,1788432233452525,,,"delta_len=93,sent_us=1788432233406869",,,,,80
server,client_mutation,completed,1788432233927904,178842683849154810,,,,1788432233925754,1788432233925754,1788432233927904,,,http_data_plane,,,,,2150
server,peer_replication_pull_request,sent,1788432234370064,178842683849154810,,,,,,,,,connected_peers=11,,,,,
server,peer_replication_merge_delta,completed,1788432234377516,178842683849154810,,52,,1788432234371383,1788432234377415,1788432234377516,,,"delta_len=54,sent_us=1788432234370862",,,,,101
server,client_mutation,completed,1788432234427919,178842683849154810,,,,1788432234425731,1788432234425731,1788432234427919,,,http_data_plane,,,,,2188
server,client_mutation,completed,1788432234927972,178842683849154810,,,,1788432234925746,1788432234925747,1788432234927972,,,http_data_plane,,,,,2225
server,peer_replication_get_delta,completed,1788432235117857,178842683849154810,178842684426436110,52,,1788432235117644,1788432235117651,1788432235117857,,,"delta_len=42,sent_us=1788432235070726",,,,,206
server,membership_directory_read,completed,1788432235309257,178842683849154810,,,,,1788432235283250,1788432235309257,,,poll:248 descriptors,,,,,26007
server,peer_replication_pull_request,sent,1788432235370725,178842683849154810,,,,,,,,,connected_peers=11,,,,,
server,client_mutation,completed,1788432235427850,178842683849154810,,,,1788432235425695,1788432235425695,1788432235427850,,,http_data_plane,,,,,2155
server,peer_replication_merge_delta,completed,1788432235473553,178842683849154810,,52,,1788432235464644,1788432235473483,1788432235473553,,,"delta_len=100,sent_us=1788432235417672",,,,,70
server,client_mutation,completed,1788432235927981,178842683849154810,,,,1788432235925719,1788432235925719,1788432235927981,,,http_data_plane,,,,,2262
server,peer_replication_pull_request,sent,1788432236370140,178842683849154810,,,,,,,,,connected_peers=11,,,,,
server,peer_replication_merge_delta,completed,1788432236376569,178842683849154810,,52,,1788432236371585,1788432236376538,1788432236376569,,,"delta_len=33,sent_us=1788432236370899",,,,,31
server,client_mutation,completed,1788432236428478,178842683849154810,,,,1788432236425754,1788432236425755,1788432236428478,,,http_data_plane,,,,,2723
server,client_mutation,completed,1788432236931102,178842683849154810,,,,1788432236928832,1788432236928832,1788432236931102,,,http_data_plane,,,,,2270
server,peer_replication_pull_request,sent,1788432237370340,178842683849154810,,,,,,,,,connected_peers=11,,,,,
server,client_mutation,completed,1788432237428188,178842683849154810,,,,1788432237425735,1788432237425735,1788432237428188,,,http_data_plane,,,,,2453
server,peer_replication_merge_delta,completed,1788432237437665,178842683849154810,,52,,1788432237432931,1788432237437632,1788432237437665,,,"delta_len=29,sent_us=1788432237417156",,,,,33
server,gc_init,start,1788432237923028,178842683849154810,,53,,,,,,,previous_gc_marker=52,,,,,
server,gc_membership_descriptor_write,completed,1788432237949308,178842683849154810,,53,,,,,,,"178842683849154810,13.53.121.51:19080,53",,,,,
server,membership_directory_read,completed,1788432237986574,178842683849154810,,53,,,1788432237949341,1788432237986574,,,gc_validation:250 descriptors,,,,,37233
server,gc_init,aborted,1788432238010786,178842683849154810,,53,,,,,,,membership_changed,,,,,
server,membership_directory_read,completed,1788432238067367,178842683849154810,,53,,,1788432238010823,1788432238067367,,,gc_abort_refresh:249 descriptors,,,,,56544
server,client_mutation,completed,1788432237929678,178842683849154810,,,,1788432237926695,1788432237926696,1788432237929678,,,http_data_plane,,,,,2982
server,peer_replication_pull_request,sent,1788432238370556,178842683849154810,,,,,,,,,connected_peers=11,,,,,
server,peer_replication_merge_delta,completed,1788432238379553,178842683849154810,,52,,1788432238373165,1788432238379521,1788432238379553,,,"delta_len=34,sent_us=1788432238372012",,,,,32
server,client_mutation,completed,1788432238427930,178842683849154810,,,,1788432238425742,1788432238425743,1788432238427930,,,http_data_plane,,,,,2187
server,client_mutation,completed,1788432238931451,178842683849154810,,,,1788432238925745,1788432238925745,1788432238931451,,,http_data_plane,,,,,5706
server,peer_replication_get_delta,completed,1788432239102377,178842683849154810,178842683849156812,52,,1788432239102139,1788432239102147,1788432239102377,,,"delta_len=42,sent_us=1788432239101498",,,,,230
server,peer_replication_get_delta,completed,1788432239117968,178842683849154810,178842684426436110,52,,1788432239117741,1788432239117747,1788432239117968,,,"delta_len=44,sent_us=1788432239070796",,,,,221
server,peer_replication_pull_request,sent,1788432239370433,178842683849154810,,,,,,,,,connected_peers=11,,,,,
server,peer_replication_merge_delta,completed,1788432239430441,178842683849154810,,52,,1788432239418934,1788432239430417,1788432239430441,,,"delta_len=22,sent_us=1788432239406822",,,,,24
server,client_mutation,completed,1788432239432837,178842683849154810,,,,1788432239425747,1788432239425747,1788432239432837,,,http_data_plane,,,,,7090
server,client_mutation,completed,1788432239930372,178842683849154810,,,,1788432239927768,1788432239927768,1788432239930372,,,http_data_plane,,,,,2604
server,membership_directory_read,completed,1788432240326235,178842683849154810,,,,,1788432240283193,1788432240326235,,,poll:252 descriptors,,,,,43042
server,client_mutation,completed,1788432240427972,178842683849154810,,,,1788432240426229,1788432240426229,1788432240427972,,,http_data_plane,,,,,1743
server,client_mutation,completed,1788432240940817,178842683849154810,,,,1788432240930995,1788432240930995,1788432240940817,,,http_data_plane,,,,,9822
server,client_mutation,completed,1788432241427273,178842683849154810,,,,1788432241426247,1788432241426247,1788432241427273,,,http_data_plane,,,,,1026
server,peer_replication_pull_request,sent,1788432242149139,178842683849154810,,,,,,,,,connected_peers=11,,,,,
server,peer_replication_pull_request,sent,1788432242149153,178842683849154810,,,,,,,,,connected_peers=11,,,,,
server,client_mutation,completed,1788432241932526,178842683849154810,,,,1788432241930986,1788432241930986,1788432241932526,,,http_data_plane,,,,,1540
server,gc_observed,start,1788432242228729,178842683849154810,,53,,,,,,,,,,,,
server,gc_observed,completed,1788432243728958,178842683849154810,,53,,,,,,,,,,,,
server,peer_replication_merge_delta,completed,1788432243753719,178842683849154810,,53,,1788432242228727,1788432243753599,1788432243753719,,,"delta_len=95,sent_us=1788432242192754",,,,,120
server,peer_replication_merge_delta,completed,1788432243771766,178842683849154810,,53,,1788432243753785,1788432243771721,1788432243771766,,,"delta_len=70,sent_us=1788432242236375",,,,,45
server,peer_replication_pull_request,sent,1788432243771858,178842683849154810,,,,,,,,,connected_peers=11,,,,,
server,peer_replication_pull_request,sent,1788432243771869,178842683849154810,,,,,,,,,connected_peers=11,,,,,
server,client_mutation,completed,1788432243730854,178842683849154810,,,,1788432242426306,1788432242426306,1788432243730854,,,http_data_plane,,,,,1304548
server,client_mutation,completed,1788432243732135,178842683849154810,,,,1788432242925741,1788432242925741,1788432243732135,,,http_data_plane,,,,,806394
server,client_mutation,completed,1788432243732997,178842683849154810,,,,1788432243431684,1788432243431684,1788432243732997,,,http_data_plane,,,,,301313
server,client_mutation,completed,1788432243932158,178842683849154810,,,,1788432243931104,1788432243931104,1788432243932158,,,http_data_plane,,,,,1054
server,peer_replication_pull_request,sent,1788432244370215,178842683849154810,,,,,,,,,connected_peers=11,,,,,
server,client_mutation,completed,1788432244450924,178842683849154810,,,,1788432244431000,1788432244431001,1788432244450924,,,http_data_plane,,,,,19923
server,peer_replication_get_delta,completed,1788432244752299,178842683849154810,178842683849158812,53,,1788432244752067,1788432244752076,1788432244752299,,,"delta_len=113,sent_us=1788432244750802",,,,,223
server,client_mutation,completed,1788432244928377,178842683849154810,,,,1788432244926144,1788432244926144,1788432244928377,,,http_data_plane,,,,,2233
server,peer_replication_merge_delta,refused_stale_gc,1788432245028170,178842683849154810,,52,1788432245026744,1788432245028168,,,,,"remote_gc_counter=52,current_gc_counter=53,delta_len=39",,,,,2
server,peer_replication_merge_delta,completed,1788432245124513,178842683849154810,,53,,1788432245121314,1788432245124503,1788432245124513,,,"delta_len=6,sent_us=1788432245105341",,,,,10
server,membership_directory_read,completed,1788432245321600,178842683849154810,,,,,1788432245283904,1788432245321600,,,poll:252 descriptors,,,,,37696
server,peer_replication_merge_delta,completed,1788432245370119,178842683849154810,,53,,1788432245367167,1788432245370058,1788432245370119,,,"delta_len=6,sent_us=1788432245349567",,,,,61
server,peer_replication_pull_request,sent,1788432245370306,178842683849154810,,,,,,,,,connected_peers=11,,,,,
server,peer_replication_merge_delta,completed,1788432245378234,178842683849154810,,53,,1788432245371482,1788432245378173,1788432245378234,,,"delta_len=55,sent_us=1788432245370869",,,,,61
server,client_mutation,completed,1788432245427764,178842683849154810,,,,1788432245426543,1788432245426543,1788432245427764,,,http_data_plane,,,,,1221
server,peer_replication_get_delta,completed,1788432245500652,178842683849154810,178842683849155809,53,,1788432245500442,1788432245500447,1788432245500652,,,"delta_len=40,sent_us=1788432245499318",,,,,205
server,peer_replication_get_delta,completed,1788432245794342,178842683849154810,178842683956185212,53,,1788432245794136,1788432245794141,1788432245794342,,,"delta_len=55,sent_us=1788432245717458",,,,,201
server,client_mutation,completed,1788432245927603,178842683849154810,,,,1788432245926536,1788432245926536,1788432245927603,,,http_data_plane,,,,,1067
server,peer_replication_pull_request,sent,1788432246370840,178842683849154810,,,,,,,,,connected_peers=11,,,,,
server,peer_replication_merge_delta,completed,1788432246378414,178842683849154810,,53,,1788432246372677,1788432246378345,1788432246378414,,,"delta_len=65,sent_us=1788432246371581",,,,,69
server,client_mutation,completed,1788432246426778,178842683849154810,,,,1788432246425715,1788432246425715,1788432246426778,,,http_data_plane,,,,,1063
server,client_mutation,completed,1788432246928214,178842683849154810,,,,1788432246925751,1788432246925751,1788432246928214,,,http_data_plane,,,,,2463
server,peer_replication_pull_request,sent,1788432247370309,178842683849154810,,,,,,,,,connected_peers=11,,,,,
server,client_mutation,completed,1788432247426715,178842683849154810,,,,1788432247425710,1788432247425710,1788432247426715,,,http_data_plane,,,,,1005
server,peer_replication_merge_delta,completed,1788432247435687,178842683849154810,,53,,1788432247433366,1788432247435677,1788432247435687,,,"delta_len=5,sent_us=1788432247417550",,,,,10
server,client_mutation,completed,1788432247927276,178842683849154810,,,,1788432247925790,1788432247925790,1788432247927276,,,http_data_plane,,,,,1486
server,peer_replication_pull_request,sent,1788432248370594,178842683849154810,,,,,,,,,connected_peers=11,,,,,
server,client_mutation,completed,1788432248427273,178842683849154810,,,,1788432248426197,1788432248426197,1788432248427273,,,http_data_plane,,,,,1076
server,peer_replication_merge_delta,completed,1788432248436831,178842683849154810,,53,,1788432248433600,1788432248436824,1788432248436831,,,"delta_len=2,sent_us=1788432248417578",,,,,7
server,client_mutation,completed,1788432248928803,178842683849154810,,,,1788432248926670,1788432248926670,1788432248928803,,,http_data_plane,,,,,2133
server,peer_replication_pull_request,sent,1788432249370135,178842683849154810,,,,,,,,,connected_peers=11,,,,,
server,client_mutation,completed,1788432249428562,178842683849154810,,,,1788432249426655,1788432249426655,1788432249428562,,,http_data_plane,,,,,1907
server,peer_replication_merge_delta,completed,1788432249473699,178842683849154810,,53,,1788432249463996,1788432249473619,1788432249473699,,,"delta_len=72,sent_us=1788432249417085",,,,,80
server,client_mutation,completed,1788432249926823,178842683849154810,,,,1788432249925741,1788432249925741,1788432249926823,,,http_data_plane,,,,,1082
server,membership_directory_read,completed,1788432250318247,178842683849154810,,,,,1788432250284114,1788432250318247,,,poll:252 descriptors,,,,,34133
server,peer_replication_pull_request,sent,1788432250370715,178842683849154810,,,,,,,,,connected_peers=11,,,,,
server,peer_replication_merge_delta,completed,1788432250379996,178842683849154810,,53,,1788432250372092,1788432250379922,1788432250379996,,,"delta_len=107,sent_us=1788432250371355",,,,,74
server,client_mutation,completed,1788432250426811,178842683849154810,,,,1788432250425780,1788432250425780,1788432250426811,,,http_data_plane,,,,,1031
server,client_mutation,completed,1788432250928465,178842683849154810,,,,1788432250925764,1788432250925764,1788432250928465,,,http_data_plane,,,,,2701
server,peer_replication_pull_request,sent,1788432251370227,178842683849154810,,,,,,,,,connected_peers=11,,,,,
server,client_mutation,completed,1788432251429430,178842683849154810,,,,1788432251427261,1788432251427261,1788432251429430,,,http_data_plane,,,,,2169
server,peer_replication_merge_delta,completed,1788432251488450,178842683849154810,,53,,1788432251482076,1788432251488402,1788432251488450,,,"delta_len=38,sent_us=1788432251466165",,,,,48
server,client_mutation,completed,1788432251927522,178842683849154810,,,,1788432251926083,1788432251926083,1788432251927522,,,http_data_plane,,,,,1439
server,peer_replication_pull_request,sent,1788432252370828,178842683849154810,,,,,,,,,connected_peers=11,,,,,
server,peer_replication_merge_delta,completed,1788432252380505,178842683849154810,,53,,1788432252372395,1788432252380440,1788432252380505,,,"delta_len=79,sent_us=1788432252371646",,,,,65
server,client_mutation,completed,1788432252429302,178842683849154810,,,,1788432252425870,1788432252425870,1788432252429302,,,http_data_plane,,,,,3432
server,client_mutation,completed,1788432252927969,178842683849154810,,,,1788432252925926,1788432252925926,1788432252927969,,,http_data_plane,,,,,2043
server,peer_replication_pull_request,sent,1788432253370792,178842683849154810,,,,,,,,,connected_peers=11,,,,,
server,client_mutation,completed,1788432253428373,178842683849154810,,,,1788432253426564,1788432253426564,1788432253428373,,,http_data_plane,,,,,1809
server,peer_replication_merge_delta,completed,1788432253437769,178842683849154810,,53,,1788432253433811,1788432253437755,1788432253437769,,,"delta_len=12,sent_us=1788432253417803",,,,,14
server,client_mutation,completed,1788432253926896,178842683849154810,,,,1788432253925769,1788432253925769,1788432253926896,,,http_data_plane,,,,,1127
server,peer_replication_pull_request,sent,1788432254370048,178842683849154810,,,,,,,,,connected_peers=11,,,,,
server,peer_replication_merge_delta,completed,1788432254424339,178842683849154810,,53,,1788432254418486,1788432254424302,1788432254424339,,,"delta_len=44,sent_us=1788432254406391",,,,,37
server,client_mutation,completed,1788432254426845,178842683849154810,,,,1788432254425677,1788432254425677,1788432254426845,,,http_data_plane,,,,,1168
server,client_mutation,completed,1788432254926746,178842683849154810,,,,1788432254925751,1788432254925751,1788432254926746,,,http_data_plane,,,,,995
server,membership_directory_read,completed,1788432255320910,178842683849154810,,,,,1788432255283724,1788432255320910,,,poll:252 descriptors,,,,,37186
server,peer_replication_pull_request,sent,1788432255370392,178842683849154810,,,,,,,,,connected_peers=11,,,,,
server,client_mutation,completed,1788432255427462,178842683849154810,,,,1788432255426373,1788432255426373,1788432255427462,,,http_data_plane,,,,,1089
server,peer_replication_merge_delta,completed,1788432255462119,178842683849154810,,53,,1788432255456923,1788432255462090,1788432255462119,,,"delta_len=41,sent_us=1788432255434967",,,,,29
server,peer_replication_get_delta,completed,1788432255753649,178842683849154810,178842683956185212,53,,1788432255753444,1788432255753450,1788432255753649,,,"delta_len=54,sent_us=1788432255717656",,,,,199
server,client_mutation,completed,1788432255927059,178842683849154810,,,,1788432255925936,1788432255925936,1788432255927059,,,http_data_plane,,,,,1123
server,peer_replication_pull_request,sent,1788432256370592,178842683849154810,,,,,,,,,connected_peers=11,,,,,
server,peer_replication_merge_delta,completed,1788432256377869,178842683849154810,,53,,1788432256372306,1788432256377831,1788432256377869,,,"delta_len=54,sent_us=1788432256371382",,,,,38
server,peer_replication_get_delta,completed,1788432256387783,178842683849154810,178842684426434111,53,,1788432256387538,1788432256387544,1788432256387783,,,"delta_len=151,sent_us=1788432256340484",,,,,239
server,client_mutation,completed,1788432256426873,178842683849154810,,,,1788432256425749,1788432256425749,1788432256426873,,,http_data_plane,,,,,1124
server,client_mutation,completed,1788432256926720,178842683849154810,,,,1788432256925691,1788432256925691,1788432256926720,,,http_data_plane,,,,,1029
server,peer_replication_pull_request,sent,1788432257370770,178842683849154810,,,,,,,,,connected_peers=11,,,,,
server,client_mutation,completed,1788432257426733,178842683849154810,,,,1788432257425741,1788432257425741,1788432257426733,,,http_data_plane,,,,,992
server,peer_replication_merge_delta,completed,1788432257462512,178842683849154810,,53,,1788432257456338,1788432257462463,1788432257462512,,,"delta_len=38,sent_us=1788432257434905",,,,,49
server,client_mutation,completed,1788432257926937,178842683849154810,,,,1788432257925756,1788432257925756,1788432257926937,,,http_data_plane,,,,,1181
server,peer_replication_pull_request,sent,1788432258370072,178842683849154810,,,,,,,,,connected_peers=11,,,,,
server,client_mutation,completed,1788432258426751,178842683849154810,,,,1788432258425719,1788432258425719,1788432258426751,,,http_data_plane,,,,,1032
server,peer_replication_merge_delta,completed,1788432258435553,178842683849154810,,53,,1788432258432962,1788432258435542,1788432258435553,,,"delta_len=10,sent_us=1788432258417169",,,,,11
server,client_mutation,completed,1788432258930924,178842683849154810,,,,1788432258928997,1788432258928997,1788432258930924,,,http_data_plane,,,,,1927
server,peer_replication_pull_request,sent,1788432259370407,178842683849154810,,,,,,,,,connected_peers=11,,,,,
server,client_mutation,completed,1788432259426905,178842683849154810,,,,1788432259425696,1788432259425696,1788432259426905,,,http_data_plane,,,,,1209
server,peer_replication_merge_delta,completed,1788432259438044,178842683849154810,,53,,1788432259433300,1788432259438022,1788432259438044,,,"delta_len=22,sent_us=1788432259417506",,,,,22
server,peer_replication_get_delta,completed,1788432259454901,178842683849154810,178842683849157812,53,,1788432259454681,1788432259454687,1788432259454901,,,"delta_len=54,sent_us=1788432259454122",,,,,214
server,client_mutation,completed,1788432259926694,178842683849154810,,,,1788432259925664,1788432259925664,1788432259926694,,,http_data_plane,,,,,1030
server,membership_directory_read,completed,1788432260321829,178842683849154810,,,,,1788432260283685,1788432260321829,,,poll:252 descriptors,,,,,38144
server,peer_replication_pull_request,sent,1788432260370171,178842683849154810,,,,,,,,,connected_peers=11,,,,,
server,client_mutation,completed,1788432260426783,178842683849154810,,,,1788432260425724,1788432260425724,1788432260426783,,,http_data_plane,,,,,1059
server,peer_replication_merge_delta,completed,1788432260436812,178842683849154810,,53,,1788432260432910,1788432260436752,1788432260436812,,,"delta_len=37,sent_us=1788432260417115",,,,,60
server,client_mutation,completed,1788432260926752,178842683849154810,,,,1788432260925752,1788432260925752,1788432260926752,,,http_data_plane,,,,,1000
server,peer_replication_pull_request,sent,1788432261370701,178842683849154810,,,,,,,,,connected_peers=11,,,,,
server,peer_replication_get_delta,completed,1788432261387986,178842683849154810,178842684426434111,53,,1788432261387770,1788432261387777,1788432261387986,,,"delta_len=48,sent_us=1788432261340710",,,,,209
server,client_mutation,completed,1788432261426653,178842683849154810,,,,1788432261425716,1788432261425716,1788432261426653,,,http_data_plane,,,,,937
server,peer_replication_merge_delta,completed,1788432261438034,178842683849154810,,53,,1788432261433468,1788432261437988,1788432261438034,,,"delta_len=44,sent_us=1788432261417640",,,,,46
server,client_mutation,completed,1788432261926721,178842683849154810,,,,1788432261925735,1788432261925735,1788432261926721,,,http_data_plane,,,,,986
server,peer_replication_pull_request,sent,1788432262370788,178842683849154810,,,,,,,,,connected_peers=11,,,,,
server,peer_replication_merge_delta,completed,1788432262376899,178842683849154810,,53,,1788432262372221,1788432262376859,1788432262376899,,,"delta_len=49,sent_us=1788432262371586",,,,,40
server,client_mutation,completed,1788432262426801,178842683849154810,,,,1788432262425716,1788432262425716,1788432262426801,,,http_data_plane,,,,,1085
server,client_mutation,completed,1788432262926827,178842683849154810,,,,1788432262925721,1788432262925721,1788432262926827,,,http_data_plane,,,,,1106
server,peer_replication_pull_request,sent,1788432263370037,178842683849154810,,,,,,,,,connected_peers=11,,,,,
server,peer_replication_merge_delta,completed,1788432263376673,178842683849154810,,53,,1788432263371460,1788432263376633,1788432263376673,,,"delta_len=56,sent_us=1788432263370807",,,,,40
server,client_mutation,completed,1788432263426994,178842683849154810,,,,1788432263425757,1788432263425757,1788432263426994,,,http_data_plane,,,,,1237
server,client_mutation,completed,1788432263926716,178842683849154810,,,,1788432263925680,1788432263925681,1788432263926716,,,http_data_plane,,,,,1035
server,peer_replication_pull_request,sent,1788432264370783,178842683849154810,,,,,,,,,connected_peers=11,,,,,
server,client_mutation,completed,1788432264426755,178842683849154810,,,,1788432264425710,1788432264425710,1788432264426755,,,http_data_plane,,,,,1045
server,peer_replication_merge_delta,completed,1788432264448416,178842683849154810,,53,,1788432264443079,1788432264448370,1788432264448416,,,"delta_len=61,sent_us=1788432264407138",,,,,46
server,client_mutation,completed,1788432264926823,178842683849154810,,,,1788432264925723,1788432264925723,1788432264926823,,,http_data_plane,,,,,1100
server,peer_replication_get_delta,completed,1788432265161594,178842683849154810,178842684426436110,53,,1788432265161380,1788432265161388,1788432265161594,,,"delta_len=63,sent_us=1788432265070842",,,,,206
server,membership_directory_read,completed,1788432265317282,178842683849154810,,,,,1788432265282967,1788432265317282,,,poll:252 descriptors,,,,,34315
server,peer_replication_pull_request,sent,1788432265370405,178842683849154810,,,,,,,,,connected_peers=11,,,,,
server,peer_replication_get_delta,completed,1788432265387684,178842683849154810,178842684426434111,53,,1788432265387469,1788432265387476,1788432265387684,,,"delta_len=19,sent_us=1788432265340323",,,,,208
server,client_mutation,completed,1788432265426704,178842683849154810,,,,1788432265425697,1788432265425697,1788432265426704,,,http_data_plane,,,,,1007
server,peer_replication_merge_delta,completed,1788432265436467,178842683849154810,,53,,1788432265432953,1788432265436441,1788432265436467,,,"delta_len=30,sent_us=1788432265417197",,,,,26
server,client_mutation,completed,1788432265927057,178842683849154810,,,,1788432265925745,1788432265925745,1788432265927057,,,http_data_plane,,,,,1312
server,peer_replication_pull_request,sent,1788432266370113,178842683849154810,,,,,,,,,connected_peers=11,,,,,
server,client_mutation,completed,1788432266426737,178842683849154810,,,,1788432266425745,1788432266425746,1788432266426737,,,http_data_plane,,,,,991
server,peer_replication_merge_delta,completed,1788432266459831,178842683849154810,,53,,1788432266455618,1788432266459797,1788432266459831,,,"delta_len=39,sent_us=1788432266434192",,,,,34
server,peer_replication_get_delta,completed,1788432266753395,178842683849154810,178842683956185212,53,,1788432266753187,1788432266753194,1788432266753395,,,"delta_len=17,sent_us=1788432266717465",,,,,201
server,client_mutation,completed,1788432266926737,178842683849154810,,,,1788432266925709,1788432266925710,1788432266926737,,,http_data_plane,,,,,1027
server,peer_replication_get_delta,completed,1788432267126328,178842683849154810,178842684114090212,53,,1788432267126118,1788432267126124,1788432267126328,,,"delta_len=4,sent_us=1788432267062432",,,,,204
server,peer_replication_pull_request,sent,1788432267370840,178842683849154810,,,,,,,,,connected_peers=11,,,,,
server,peer_replication_merge_delta,completed,1788432267376262,178842683849154810,,53,,1788432267372470,1788432267376235,1788432267376262,,,"delta_len=31,sent_us=1788432267371772",,,,,27
server,client_mutation,completed,1788432267426710,178842683849154810,,,,1788432267425679,1788432267425679,1788432267426710,,,http_data_plane,,,,,1031
server,peer_replication_get_delta,completed,1788432267752990,178842683849154810,178842683956185212,53,,1788432267752781,1788432267752787,1788432267752990,,,"delta_len=32,sent_us=1788432267716898",,,,,203
server,client_mutation,completed,1788432267926807,178842683849154810,,,,1788432267925743,1788432267925744,1788432267926807,,,http_data_plane,,,,,1063
server,peer_replication_get_delta,completed,1788432268191677,178842683849154810,178842684426433111,53,,1788432268191481,1788432268191489,1788432268191677,,,"delta_len=21,sent_us=1788432268144656",,,,,188
server,peer_replication_pull_request,sent,1788432268370126,178842683849154810,,,,,,,,,connected_peers=11,,,,,
server,peer_replication_merge_delta,completed,1788432268375191,178842683849154810,,53,,1788432268371754,1788432268375172,1788432268375191,,,"delta_len=17,sent_us=1788432268370972",,,,,19
server,client_mutation,completed,1788432268426694,178842683849154810,,,,1788432268425715,1788432268425715,1788432268426694,,,http_data_plane,,,,,979
server,peer_replication_get_delta,completed,1788432268681761,178842683849154810,178842684426435111,53,,1788432268681553,1788432268681559,1788432268681761,,,"delta_len=20,sent_us=1788432268584900",,,,,202
server,client_mutation,completed,1788432268926922,178842683849154810,,,,1788432268925689,1788432268925689,1788432268926922,,,http_data_plane,,,,,1233
server,peer_replication_pull_request,sent,1788432269370025,178842683849154810,,,,,,,,,connected_peers=11,,,,,
server,peer_replication_merge_delta,completed,1788432269375664,178842683849154810,,53,,1788432269371593,1788432269375628,1788432269375664,,,"delta_len=36,sent_us=1788432269370836",,,,,36
server,peer_replication_get_delta,completed,1788432269388383,178842683849154810,178842684426434111,53,,1788432269388170,1788432269388176,1788432269388383,,,"delta_len=27,sent_us=1788432269341097",,,,,207
server,client_mutation,completed,1788432269426801,178842683849154810,,,,1788432269425763,1788432269425763,1788432269426801,,,http_data_plane,,,,,1038
server,peer_replication_get_delta,completed,1788432269727438,178842683849154810,178842683849158812,53,,1788432269727203,1788432269727208,1788432269727438,,,"delta_len=40,sent_us=1788432269726659",,,,,230
server,client_mutation,completed,1788432269927688,178842683849154810,,,,1788432269925798,1788432269925798,1788432269927688,,,http_data_plane,,,,,1890
server,membership_directory_read,completed,1788432270342072,178842683849154810,,,,,1788432270283026,1788432270342072,,,poll:252 descriptors,,,,,59046
server,peer_replication_pull_request,sent,1788432270370473,178842683849154810,,,,,,,,,connected_peers=11,,,,,
server,client_mutation,completed,1788432270427620,178842683849154810,,,,1788432270425720,1788432270425720,1788432270427620,,,http_data_plane,,,,,1900
server,peer_replication_merge_delta,completed,1788432270438995,178842683849154810,,53,,1788432270433267,1788432270438955,1788432270438995,,,"delta_len=49,sent_us=1788432270417381",,,,,40
server,client_mutation,completed,1788432270927790,178842683849154810,,,,1788432270925760,1788432270925760,1788432270927790,,,http_data_plane,,,,,2030
server,peer_replication_pull_request,sent,1788432271370358,178842683849154810,,,,,,,,,connected_peers=11,,,,,
server,peer_replication_merge_delta,completed,1788432271375491,178842683849154810,,53,,1788432271371549,1788432271375472,1788432271375491,,,"delta_len=14,sent_us=1788432271371031",,,,,19
server,client_mutation,completed,1788432271430490,178842683849154810,,,,1788432271428283,1788432271428283,1788432271430490,,,http_data_plane,,,,,2207
server,client_mutation,completed,1788432271928122,178842683849154810,,,,1788432271925938,1788432271925938,1788432271928122,,,http_data_plane,,,,,2184
server,peer_replication_pull_request,sent,1788432272370379,178842683849154810,,,,,,,,,connected_peers=11,,,,,
server,client_mutation,completed,1788432272428168,178842683849154810,,,,1788432272425699,1788432272425699,1788432272428168,,,http_data_plane,,,,,2469
server,peer_replication_merge_delta,completed,1788432272487599,178842683849154810,,53,,1788432272482175,1788432272487561,1788432272487599,,,"delta_len=36,sent_us=1788432272466291",,,,,38
server,client_mutation,completed,1788432272928117,178842683849154810,,,,1788432272925717,1788432272925717,1788432272928117,,,http_data_plane,,,,,2400
server,peer_replication_pull_request,sent,1788432273370238,178842683849154810,,,,,,,,,connected_peers=11,,,,,
server,client_mutation,completed,1788432273428085,178842683849154810,,,,1788432273425739,1788432273425739,1788432273428085,,,http_data_plane,,,,,2346
server,peer_replication_merge_delta,completed,1788432273473343,178842683849154810,,53,,1788432273468537,1788432273473320,1788432273473343,,,"delta_len=28,sent_us=1788432273456450",,,,,23
server,client_mutation,completed,1788432273927972,178842683849154810,,,,1788432273925745,1788432273925745,1788432273927972,,,http_data_plane,,,,,2227
server,peer_replication_get_delta,completed,1788432274191416,178842683849154810,178842684426433111,53,,1788432274191184,1788432274191191,1788432274191416,,,"delta_len=42,sent_us=1788432274144408",,,,,225
server,peer_replication_pull_request,sent,1788432274369912,178842683849154810,,,,,,,,,connected_peers=11,,,,,
server,peer_replication_merge_delta,completed,1788432274423780,178842683849154810,,53,,1788432274418441,1788432274423751,1788432274423780,,,"delta_len=33,sent_us=1788432274406319",,,,,29
server,client_mutation,completed,1788432274427874,178842683849154810,,,,1788432274425738,1788432274425738,1788432274427874,,,http_data_plane,,,,,2136
server,peer_replication_get_delta,completed,1788432274726995,178842683849154810,178842683849158812,53,,1788432274726776,1788432274726782,1788432274726995,,,"delta_len=34,sent_us=1788432274726215",,,,,213
server,client_mutation,completed,1788432274927825,178842683849154810,,,,1788432274925741,1788432274925741,1788432274927825,,,http_data_plane,,,,,2084
server,peer_replication_get_delta,completed,1788432275173046,178842683849154810,178842684114090212,53,,1788432275172785,1788432275172791,1788432275173046,,,"delta_len=63,sent_us=1788432275062603",,,,,255
server,membership_directory_read,completed,1788432275321560,178842683849154810,,,,,1788432275283526,1788432275321560,,,poll:252 descriptors,,,,,38034
server,peer_replication_pull_request,sent,1788432275370033,178842683849154810,,,,,,,,,connected_peers=11,,,,,
server,peer_replication_merge_delta,completed,1788432275376280,178842683849154810,,53,,1788432275371268,1788432275376256,1788432275376280,,,"delta_len=26,sent_us=1788432275370733",,,,,24
server,client_mutation,completed,1788432275429705,178842683849154810,,,,1788432275427475,1788432275427475,1788432275429705,,,http_data_plane,,,,,2230
server,client_mutation,completed,1788432275928324,178842683849154810,,,,1788432275925721,1788432275925721,1788432275928324,,,http_data_plane,,,,,2603
server,peer_replication_pull_request,sent,1788432276370057,178842683849154810,,,,,,,,,connected_peers=11,,,,,
server,client_mutation,completed,1788432276429293,178842683849154810,,,,1788432276427024,1788432276427024,1788432276429293,,,http_data_plane,,,,,2269
server,peer_replication_merge_delta,completed,1788432276464441,178842683849154810,,53,,1788432276458522,1788432276464404,1788432276464441,,,"delta_len=39,sent_us=1788432276446394",,,,,37
server,client_mutation,completed,1788432276928181,178842683849154810,,,,1788432276925732,1788432276925732,1788432276928181,,,http_data_plane,,,,,2449
server,peer_replication_pull_request,sent,1788432277370077,178842683849154810,,,,,,,,,connected_peers=11,,,,,
server,client_mutation,completed,1788432277430474,178842683849154810,,,,1788432277427407,1788432277427407,1788432277430474,,,http_data_plane,,,,,3067
server,peer_replication_merge_delta,completed,1788432277491796,178842683849154810,,53,,1788432277482036,1788432277491774,1788432277491796,,,"delta_len=19,sent_us=1788432277466299",,,,,22
server,peer_replication_get_delta,completed,1788432277501000,178842683849154810,178842683849155809,53,,1788432277500781,1788432277500788,1788432277501000,,,"delta_len=46,sent_us=1788432277499649",,,,,212
server,client_mutation,completed,1788432277928787,178842683849154810,,,,1788432277926286,1788432277926287,1788432277928787,,,http_data_plane,,,,,2500
server,peer_replication_pull_request,sent,1788432278370232,178842683849154810,,,,,,,,,connected_peers=11,,,,,
server,client_mutation,completed,1788432278428111,178842683849154810,,,,1788432278425825,1788432278425825,1788432278428111,,,http_data_plane,,,,,2286
server,peer_replication_merge_delta,completed,1788432278489314,178842683849154810,,53,,1788432278473089,1788432278489169,1788432278489314,,,"delta_len=52,sent_us=1788432278417397",,,,,145
server,client_mutation,completed,1788432278930519,178842683849154810,,,,1788432278927107,1788432278927107,1788432278930519,,,http_data_plane,,,,,3412
server,peer_replication_get_delta,completed,1788432279103283,178842683849154810,178842683849156812,53,,1788432279103075,1788432279103083,1788432279103283,,,"delta_len=18,sent_us=1788432279101459",,,,,200
server,peer_replication_pull_request,sent,1788432279370421,178842683849154810,,,,,,,,,connected_peers=11,,,,,
server,client_mutation,completed,1788432279432398,178842683849154810,,,,1788432279427120,1788432279427120,1788432279432398,,,http_data_plane,,,,,5278
server,peer_replication_merge_delta,completed,1788432279465043,178842683849154810,,53,,1788432279446540,1788432279464900,1788432279465043,,,"delta_len=128,sent_us=1788432279408152",,,,,143
server,client_mutation,completed,1788432279929386,178842683849154810,,,,1788432279926594,1788432279926594,1788432279929386,,,http_data_plane,,,,,2792
server,membership_directory_read,completed,1788432280321602,178842683849154810,,,,,1788432280283469,1788432280321602,,,poll:252 descriptors,,,,,38133
server,peer_replication_pull_request,sent,1788432280370103,178842683849154810,,,,,,,,,connected_peers=11,,,,,
server,client_mutation,completed,1788432280429315,178842683849154810,,,,1788432280426620,1788432280426620,1788432280429315,,,http_data_plane,,,,,2695
server,peer_replication_merge_delta,completed,1788432280437647,178842683849154810,,53,,1788432280433733,1788432280437626,1788432280437647,,,"delta_len=11,sent_us=1788432280417621",,,,,21
server,client_mutation,completed,1788432280928396,178842683849154810,,,,1788432280925967,1788432280925967,1788432280928396,,,http_data_plane,,,,,2429
server,peer_replication_get_delta,completed,1788432281163516,178842683849154810,178842684426436110,53,,1788432281163299,1788432281163307,1788432281163516,,,"delta_len=80,sent_us=1788432281070671",,,,,209
server,peer_replication_pull_request,sent,1788432281370315,178842683849154810,,,,,,,,,connected_peers=11,,,,,
server,client_mutation,completed,1788432281432342,178842683849154810,,,,1788432281429603,1788432281429603,1788432281432342,,,http_data_plane,,,,,2739
server,peer_replication_merge_delta,completed,1788432281439575,178842683849154810,,53,,1788432281433153,1788432281439547,1788432281439575,,,"delta_len=22,sent_us=1788432281417404",,,,,28
server,client_mutation,completed,1788432281929809,178842683849154810,,,,1788432281926529,1788432281926529,1788432281929809,,,http_data_plane,,,,,3280
server,peer_replication_pull_request,sent,1788432282370438,178842683849154810,,,,,,,,,connected_peers=11,,,,,
server,client_mutation,completed,1788432282429770,178842683849154810,,,,1788432282426586,1788432282426586,1788432282429770,,,http_data_plane,,,,,3184
server,peer_replication_merge_delta,completed,1788432282448850,178842683849154810,,53,,1788432282433591,1788432282448820,1788432282448850,,,"delta_len=35,sent_us=1788432282417423",,,,,30
server,client_mutation,completed,1788432282929360,178842683849154810,,,,1788432282926614,1788432282926614,1788432282929360,,,http_data_plane,,,,,2746
server,peer_replication_get_delta,completed,1788432283126414,178842683849154810,178842684114090212,53,,1788432283126202,1788432283126208,1788432283126414,,,"delta_len=25,sent_us=1788432283062426",,,,,206
server,peer_replication_pull_request,sent,1788432283370567,178842683849154810,,,,,,,,,connected_peers=11,,,,,
server,client_mutation,completed,1788432283429978,178842683849154810,,,,1788432283426269,1788432283426269,1788432283429978,,,http_data_plane,,,,,3709
server,peer_replication_merge_delta,completed,1788432283448187,178842683849154810,,53,,1788432283434733,1788432283448151,1788432283448187,,,"delta_len=52,sent_us=1788432283418725",,,,,36
server,client_mutation,completed,1788432283934880,178842683849154810,,,,1788432283930992,1788432283930992,1788432283934880,,,http_data_plane,,,,,3888
server,peer_replication_pull_request,sent,1788432284370790,178842683849154810,,,,,,,,,connected_peers=11,,,,,
server,client_mutation,completed,1788432284428253,178842683849154810,,,,1788432284425900,1788432284425900,1788432284428253,,,http_data_plane,,,,,2353
server,peer_replication_merge_delta,completed,1788432284441509,178842683849154810,,53,,1788432284433667,1788432284441476,1788432284441509,,,"delta_len=36,sent_us=1788432284417747",,,,,33
server,client_mutation,completed,1788432284927932,178842683849154810,,,,1788432284925714,1788432284925714,1788432284927932,,,http_data_plane,,,,,2218
server,peer_replication_get_delta,completed,1788432285119434,178842683849154810,178842684426436110,53,,1788432285119216,1788432285119225,1788432285119434,,,"delta_len=59,sent_us=1788432285070845",,,,,209
server,peer_replication_get_delta,completed,1788432285243381,178842683849154810,178842684426433111,53,,1788432285242404,1788432285242411,1788432285243381,,,"delta_len=33,sent_us=1788432285144738",,,,,970
server,membership_directory_read,completed,1788432285326018,178842683849154810,,,,,1788432285283758,1788432285326018,,,poll:252 descriptors,,,,,42260
server,peer_replication_pull_request,sent,1788432285370758,178842683849154810,,,,,,,,,connected_peers=11,,,,,
server,client_mutation,completed,1788432285427920,178842683849154810,,,,1788432285425720,1788432285425720,1788432285427920,,,http_data_plane,,,,,2200
server,peer_replication_merge_delta,completed,1788432285450642,178842683849154810,,53,,1788432285443196,1788432285450599,1788432285450642,,,"delta_len=66,sent_us=1788432285407137",,,,,43
server,client_mutation,completed,1788432285927883,178842683849154810,,,,1788432285925714,1788432285925714,1788432285927883,,,http_data_plane,,,,,2169
server,peer_replication_pull_request,sent,1788432286370221,178842683849154810,,,,,,,,,connected_peers=11,,,,,
server,peer_replication_merge_delta,completed,1788432286378886,178842683849154810,,53,,1788432286371683,1788432286378854,1788432286378886,,,"delta_len=34,sent_us=1788432286370926",,,,,32
server,client_mutation,completed,1788432286427951,178842683849154810,,,,1788432286425736,1788432286425736,1788432286427951,,,http_data_plane,,,,,2215
server,client_mutation,completed,1788432286927951,178842683849154810,,,,1788432286925696,1788432286925696,1788432286927951,,,http_data_plane,,,,,2255
server,peer_replication_pull_request,sent,1788432287370235,178842683849154810,,,,,,,,,connected_peers=11,,,,,
server,client_mutation,completed,1788432287428202,178842683849154810,,,,1788432287425689,1788432287425689,1788432287428202,,,http_data_plane,,,,,2513
server,peer_replication_merge_delta,completed,1788432287473404,178842683849154810,,53,,1788432287468714,1788432287473376,1788432287473404,,,"delta_len=28,sent_us=1788432287456612",,,,,28
server,client_mutation,completed,1788432287928366,178842683849154810,,,,1788432287925725,1788432287925725,1788432287928366,,,http_data_plane,,,,,2641
server,peer_replication_pull_request,sent,1788432288370439,178842683849154810,,,,,,,,,connected_peers=11,,,,,
server,peer_replication_merge_delta,completed,1788432288379544,178842683849154810,,53,,1788432288371788,1788432288379521,1788432288379544,,,"delta_len=21,sent_us=1788432288371206",,,,,23
server,client_mutation,completed,1788432288429613,178842683849154810,,,,1788432288427080,1788432288427081,1788432288429613,,,http_data_plane,,,,,2532
server,client_mutation,completed,1788432288931859,178842683849154810,,,,1788432288927332,1788432288927332,1788432288931859,,,http_data_plane,,,,,4527
server,peer_replication_pull_request,sent,1788432289371203,178842683849154810,,,,,,,,,connected_peers=11,,,,,
server,client_mutation,completed,1788432289429170,178842683849154810,,,,1788432289425872,1788432289425872,1788432289429170,,,http_data_plane,,,,,3298
server,peer_replication_get_delta,completed,1788432289499720,178842683849154810,178842683849155809,53,,1788432289499507,1788432289499514,1788432289499720,,,"delta_len=40,sent_us=1788432289498923",,,,,206
server,peer_replication_merge_delta,completed,1788432289514608,178842683849154810,,53,,1788432289500769,1788432289514551,1788432289514608,,,"delta_len=84,sent_us=1788432289436642",,,,,57
server,client_mutation,completed,1788432289928650,178842683849154810,,,,1788432289926338,1788432289926338,1788432289928650,,,http_data_plane,,,,,2312
server,membership_directory_read,completed,1788432290318496,178842683849154810,,,,,1788432290283733,1788432290318496,,,poll:252 descriptors,,,,,34763
server,peer_replication_pull_request,sent,1788432290371200,178842683849154810,,,,,,,,,connected_peers=11,,,,,
server,client_mutation,completed,1788432290429180,178842683849154810,,,,1788432290426216,1788432290426216,1788432290429180,,,http_data_plane,,,,,2964
server,peer_replication_merge_delta,completed,1788432290448308,178842683849154810,,53,,1788432290436457,1788432290448278,1788432290448308,,,"delta_len=35,sent_us=1788432290418844",,,,,30
server,client_mutation,completed,1788432290930895,178842683849154810,,,,1788432290926847,1788432290926847,1788432290930895,,,http_data_plane,,,,,4048
server,peer_replication_pull_request,sent,1788432291371182,178842683849154810,,,,,,,,,connected_peers=11,,,,,
server,client_mutation,completed,1788432291432099,178842683849154810,,,,1788432291427464,1788432291427464,1788432291432099,,,http_data_plane,,,,,4635
server,peer_replication_merge_delta,completed,1788432291468434,178842683849154810,,53,,1788432291435243,1788432291468418,1788432291468434,,,"delta_len=9,sent_us=1788432291418746",,,,,16
server,client_mutation,completed,1788432291932081,178842683849154810,,,,1788432291928086,1788432291928086,1788432291932081,,,http_data_plane,,,,,3995
server,peer_replication_pull_request,sent,1788432292370732,178842683849154810,,,,,,,,,connected_peers=11,,,,,
server,peer_replication_merge_delta,completed,1788432292381843,178842683849154810,,53,,1788432292373367,1788432292381793,1788432292381843,,,"delta_len=33,sent_us=1788432292372319",,,,,50
server,client_mutation,completed,1788432292429845,178842683849154810,,,,1788432292427179,1788432292427179,1788432292429845,,,http_data_plane,,,,,2666
server,client_mutation,completed,1788432292930537,178842683849154810,,,,1788432292928144,1788432292928144,1788432292930537,,,http_data_plane,,,,,2393
server,peer_replication_pull_request,sent,1788432293372005,178842683849154810,,,,,,,,,connected_peers=11,,,,,
server,peer_replication_get_delta,completed,1788432293390016,178842683849154810,178842684426434111,53,,1788432293389501,1788432293389509,1788432293390016,,,"delta_len=35,sent_us=1788432293340502",,,,,507
server,client_mutation,completed,1788432293428892,178842683849154810,,,,1788432293426088,1788432293426089,1788432293428892,,,http_data_plane,,,,,2803
server,peer_replication_merge_delta,completed,1788432293466835,178842683849154810,,53,,1788432293458064,1788432293466773,1788432293466835,,,"delta_len=63,sent_us=1788432293436321",,,,,62
server,peer_replication_get_delta,completed,1788432293681840,178842683849154810,178842684426435111,53,,1788432293681619,1788432293681626,1788432293681840,,,"delta_len=64,sent_us=1788432293584197",,,,,214
server,client_mutation,completed,1788432293928100,178842683849154810,,,,1788432293925775,1788432293925775,1788432293928100,,,http_data_plane,,,,,2325
server,peer_replication_pull_request,sent,1788432294370955,178842683849154810,,,,,,,,,connected_peers=11,,,,,
server,peer_replication_merge_delta,completed,1788432294388456,178842683849154810,,53,,1788432294376937,1788432294388426,1788432294388456,,,"delta_len=27,sent_us=1788432294374382",,,,,30
server,client_mutation,completed,1788432294429992,178842683849154810,,,,1788432294426829,1788432294426829,1788432294429992,,,http_data_plane,,,,,3163
server,client_mutation,completed,1788432294929784,178842683849154810,,,,1788432294926229,1788432294926229,1788432294929784,,,http_data_plane,,,,,3555
server,peer_replication_get_delta,completed,1788432295192291,178842683849154810,178842684426433111,53,,1788432295191977,1788432295191983,1788432295192291,,,"delta_len=27,sent_us=1788432295144977",,,,,308
server,membership_directory_read,completed,1788432295318809,178842683849154810,,,,,1788432295283854,1788432295318809,,,poll:252 descriptors,,,,,34955
server,peer_replication_pull_request,sent,1788432295370134,178842683849154810,,,,,,,,,connected_peers=11,,,,,
server,peer_replication_merge_delta,completed,1788432295425520,178842683849154810,,53,,1788432295418876,1788432295425483,1788432295425520,,,"delta_len=38,sent_us=1788432295406578",,,,,37
server,client_mutation,completed,1788432295427965,178842683849154810,,,,1788432295425860,1788432295425860,1788432295427965,,,http_data_plane,,,,,2105
server,client_mutation,completed,1788432295928154,178842683849154810,,,,1788432295925752,1788432295925752,1788432295928154,,,http_data_plane,,,,,2402
server,peer_replication_pull_request,sent,1788432296370504,178842683849154810,,,,,,,,,connected_peers=11,,,,,
server,peer_replication_merge_delta,completed,1788432296377932,178842683849154810,,53,,1788432296372197,1788432296377914,1788432296377932,,,"delta_len=15,sent_us=1788432296371271",,,,,18
server,client_mutation,completed,1788432296429625,178842683849154810,,,,1788432296426254,1788432296426254,1788432296429625,,,http_data_plane,,,,,3371
server,client_mutation,completed,1788432296938498,178842683849154810,,,,1788432296932662,1788432296932662,1788432296938498,,,http_data_plane,,,,,5836
server,peer_replication_pull_request,sent,1788432297370142,178842683849154810,,,,,,,,,connected_peers=11,,,,,
server,client_mutation,completed,1788432297428157,178842683849154810,,,,1788432297425705,1788432297425705,1788432297428157,,,http_data_plane,,,,,2452
server,peer_replication_merge_delta,completed,1788432297439266,178842683849154810,,53,,1788432297432944,1788432297438999,1788432297439266,,,"delta_len=38,sent_us=1788432297417054",,,,,267
server,client_mutation,completed,1788432297928513,178842683849154810,,,,1788432297926115,1788432297926115,1788432297928513,,,http_data_plane,,,,,2398
server,peer_replication_pull_request,sent,1788432298372123,178842683849154810,,,,,,,,,connected_peers=11,,,,,
server,peer_replication_merge_delta,completed,1788432298380052,178842683849154810,,53,,1788432298373933,1788432298379992,1788432298380052,,,"delta_len=12,sent_us=1788432298373062",,,,,60
server,client_mutation,completed,1788432298428956,178842683849154810,,,,1788432298426625,1788432298426625,1788432298428956,,,http_data_plane,,,,,2331
server,client_mutation,completed,1788432298928504,178842683849154810,,,,1788432298925737,1788432298925737,1788432298928504,,,http_data_plane,,,,,2767
server,peer_replication_pull_request,sent,1788432299370662,178842683849154810,,,,,,,,,connected_peers=11,,,,,
server,client_mutation,completed,1788432299428331,178842683849154810,,,,1788432299425920,1788432299425920,1788432299428331,,,http_data_plane,,,,,2411
server,peer_replication_merge_delta,completed,1788432299476686,178842683849154810,,53,,1788432299465200,1788432299476614,1788432299476686,,,"delta_len=102,sent_us=1788432299417827",,,,,72
server,peer_replication_connection,established,1788432299511542,178842683849154810,178842684286993612,,,,,,,,,,,,,
server,peer_replication_connection,established,1788432299593036,178842683849154810,178842684114094212,,,,,,,,,,,,,
server,client_mutation,completed,1788432299929649,178842683849154810,,,,1788432299926805,1788432299926805,1788432299929649,,,http_data_plane,,,,,2844
server,peer_replication_get_delta,completed,1788432300105362,178842683849154810,178842683849156812,53,,1788432300104149,1788432300104157,1788432300105362,,,"delta_len=57,sent_us=1788432300102543",,,,,1205
server,membership_directory_read,completed,1788432300318340,178842683849154810,,,,,1788432300283758,1788432300318340,,,poll:255 descriptors,,,,,34582
server,peer_replication_pull_request,sent,1788432300370728,178842683849154810,,,,,,,,,connected_peers=13,,,,,
server,peer_replication_merge_delta,completed,1788432300384327,178842683849154810,,53,,1788432300374352,1788432300384316,1788432300384327,,,"delta_len=6,sent_us=1788432300373161",,,,,11
server,client_mutation,completed,1788432300431756,178842683849154810,,,,1788432300426100,1788432300426100,1788432300431756,,,http_data_plane,,,,,5656
server,client_mutation,completed,1788432300929863,178842683849154810,,,,1788432300926637,1788432300926637,1788432300929863,,,http_data_plane,,,,,3226
server,peer_replication_connection,established,1788432301157157,178842683849154810,178842684286994612,,,,,,,,,,,,,
server,peer_replication_get_delta,completed,1788432301188042,178842683849154810,178842684286994612,53,,1788432301185937,1788432301185945,1788432301188042,,,"delta_len=2624,sent_us=1788432301142227",,,,,2097
server,peer_replication_pull_request,sent,1788432301370169,178842683849154810,,,,,,,,,connected_peers=14,,,,,
server,client_mutation,completed,1788432301434095,178842683849154810,,,,1788432301429611,1788432301429611,1788432301434095,,,http_data_plane,,,,,4484
server,peer_replication_get_delta,completed,1788432301456617,178842683849154810,178842683849157812,53,,1788432301456285,1788432301456291,1788432301456617,,,"delta_len=33,sent_us=1788432301454634",,,,,326
server,peer_replication_merge_delta,completed,1788432301609380,178842683849154810,,53,,1788432301605392,1788432301609375,1788432301609380,,,"delta_len=1,sent_us=1788432301589177",,,,,5
server,peer_replication_get_delta,completed,1788432301928118,178842683849154810,178842683956184212,53,,1788432301927859,1788432301927866,1788432301928118,,,"delta_len=18,sent_us=1788432301890914",,,,,252
server,client_mutation,completed,1788432301931219,178842683849154810,,,,1788432301926220,1788432301926220,1788432301931219,,,http_data_plane,,,,,4999
server,peer_replication_pull_request,sent,1788432302371027,178842683849154810,,,,,,,,,connected_peers=14,,,,,
server,client_mutation,completed,1788432302429910,178842683849154810,,,,1788432302426201,1788432302426202,1788432302429910,,,http_data_plane,,,,,3708
server,peer_replication_get_delta,completed,1788432302454675,178842683849154810,178842683849157812,53,,1788432302454470,1788432302454476,1788432302454675,,,"delta_len=3,sent_us=1788432302453968",,,,,199
server,peer_replication_merge_delta,completed,1788432302486860,178842683849154810,,53,,1788432302467013,1788432302486778,1788432302486860,,,"delta_len=114,sent_us=1788432302419245",,,,,82
server,client_mutation,completed,1788432302929049,178842683849154810,,,,1788432302926274,1788432302926274,1788432302929049,,,http_data_plane,,,,,2775
server,peer_replication_pull_request,sent,1788432303373516,178842683849154810,,,,,,,,,connected_peers=14,,,,,
server,client_mutation,completed,1788432303436577,178842683849154810,,,,1788432303426016,1788432303426016,1788432303436577,,,http_data_plane,,,,,10561
server,peer_replication_merge_delta,completed,1788432303446499,178842683849154810,,53,,1788432303436902,1788432303446458,1788432303446499,,,"delta_len=40,sent_us=1788432303420926",,,,,41
server,peer_replication_get_delta,completed,1788432303671949,178842683849154810,178842684426435111,53,,1788432303671699,1788432303671707,1788432303671949,,,"delta_len=31,sent_us=1788432303584543",,,,,242
server,client_mutation,completed,1788432303928483,178842683849154810,,,,1788432303925907,1788432303925907,1788432303928483,,,http_data_plane,,,,,2576
server,peer_replication_get_delta,completed,1788432304119469,178842683849154810,178842684426436110,53,,1788432304118527,1788432304118536,1788432304119469,,,"delta_len=38,sent_us=1788432304070670",,,,,933
server,peer_replication_get_delta,completed,1788432304176938,178842683849154810,178842684114090212,53,,1788432304176591,1788432304176598,1788432304176938,,,"delta_len=48,sent_us=1788432304062809",,,,,340
server,peer_replication_pull_request,sent,1788432304371048,178842683849154810,,,,,,,,,connected_peers=14,,,,,
server,client_mutation,completed,1788432304431328,178842683849154810,,,,1788432304428726,1788432304428726,1788432304431328,,,http_data_plane,,,,,2602
server,peer_replication_merge_delta,completed,1788432304446995,178842683849154810,,53,,1788432304434838,1788432304446956,1788432304446995,,,"delta_len=24,sent_us=1788432304418299",,,,,39
server,client_mutation,completed,1788432304928786,178842683849154810,,,,1788432304925784,1788432304925784,1788432304928786,,,http_data_plane,,,,,3002
server,membership_directory_read,completed,1788432305319328,178842683849154810,,,,,1788432305283759,1788432305319328,,,poll:256 descriptors,,,,,35569
server,peer_replication_pull_request,sent,1788432305371111,178842683849154810,,,,,,,,,connected_peers=14,,,,,
server,client_mutation,completed,1788432305428225,178842683849154810,,,,1788432305425984,1788432305425984,1788432305428225,,,http_data_plane,,,,,2241
server,peer_replication_merge_delta,completed,1788432305446558,178842683849154810,,53,,1788432305434437,1788432305446539,1788432305446558,,,"delta_len=14,sent_us=1788432305418659",,,,,19
server,client_mutation,completed,1788432305928590,178842683849154810,,,,1788432305925723,1788432305925723,1788432305928590,,,http_data_plane,,,,,2867
server,peer_replication_get_delta,completed,1788432306192529,178842683849154810,178842684426433111,53,,1788432306192297,1788432306192304,1788432306192529,,,"delta_len=24,sent_us=1788432306144718",,,,,225
server,peer_replication_pull_request,sent,1788432306371625,178842683849154810,,,,,,,,,connected_peers=14,,,,,
server,peer_replication_merge_delta,completed,1788432306383946,178842683849154810,,53,,1788432306374406,1788432306383908,1788432306383946,,,"delta_len=40,sent_us=1788432306372982",,,,,38
server,client_mutation,completed,1788432306428288,178842683849154810,,,,1788432306425763,1788432306425763,1788432306428288,,,http_data_plane,,,,,2525
server,client_mutation,completed,1788432306927932,178842683849154810,,,,1788432306925783,1788432306925783,1788432306927932,,,http_data_plane,,,,,2149
server,peer_replication_pull_request,sent,1788432307370399,178842683849154810,,,,,,,,,connected_peers=14,,,,,
server,client_mutation,completed,1788432307428401,178842683849154810,,,,1788432307426051,1788432307426051,1788432307428401,,,http_data_plane,,,,,2350
server,peer_replication_merge_delta,completed,1788432307513697,178842683849154810,,53,,1788432307493854,1788432307513561,1788432307513697,,,"delta_len=95,sent_us=1788432307456759",,,,,136
server,client_mutation,completed,1788432307928864,178842683849154810,,,,1788432307925851,1788432307925851,1788432307928864,,,http_data_plane,,,,,3013
server,peer_replication_pull_request,sent,1788432308370682,178842683849154810,,,,,,,,,connected_peers=14,,,,,
server,client_mutation,completed,1788432308436340,178842683849154810,,,,1788432308429007,1788432308429007,1788432308436340,,,http_data_plane,,,,,7333
server,peer_replication_merge_delta,completed,1788432308474538,178842683849154810,,53,,1788432308459392,1788432308474445,1788432308474538,,,"delta_len=82,sent_us=1788432308414629",,,,,93
server,peer_replication_get_delta,completed,1788432308499842,178842683849154810,178842683849155809,53,,1788432308499614,1788432308499620,1788432308499842,,,"delta_len=54,sent_us=1788432308499065",,,,,222
server,client_mutation,completed,1788432308933935,178842683849154810,,,,1788432308930335,1788432308930335,1788432308933935,,,http_data_plane,,,,,3600
server,peer_replication_pull_request,sent,1788432309370094,178842683849154810,,,,,,,,,connected_peers=14,,,,,
server,peer_replication_merge_delta,completed,1788432309378081,178842683849154810,,53,,1788432309372979,1788432309378069,1788432309378081,,,"delta_len=6,sent_us=1788432309372001",,,,,12
server,client_mutation,completed,1788432309430594,178842683849154810,,,,1788432309427941,1788432309427941,1788432309430594,,,http_data_plane,,,,,2653
server,peer_replication_get_delta,completed,1788432309458644,178842683849154810,178842683849157812,53,,1788432309458040,1788432309458046,1788432309458644,,,"delta_len=47,sent_us=1788432309455305",,,,,598
server,client_mutation,completed,1788432309928368,178842683849154810,,,,1788432309925752,1788432309925752,1788432309928368,,,http_data_plane,,,,,2616
server,peer_replication_get_delta,completed,1788432310102632,178842683849154810,178842683849156812,53,,1788432310102387,1788432310102393,1788432310102632,,,"delta_len=32,sent_us=1788432310101376",,,,,239
server,membership_directory_read,completed,1788432310327352,178842683849154810,,,,,1788432310283077,1788432310327352,,,poll:257 descriptors,,,,,44275
server,peer_replication_pull_request,sent,1788432310372689,178842683849154810,,,,,,,,,connected_peers=14,,,,,
server,client_mutation,completed,1788432310428168,178842683849154810,,,,1788432310425798,1788432310425799,1788432310428168,,,http_data_plane,,,,,2369
server,peer_replication_merge_delta,completed,1788432310452993,178842683849154810,,53,,1788432310438590,1788432310452948,1788432310452993,,,"delta_len=57,sent_us=1788432310420069",,,,,45
server,peer_replication_get_delta,completed,1788432310507673,178842683849154810,178842683849155809,53,,1788432310507444,1788432310507451,1788432310507673,,,"delta_len=44,sent_us=1788432310499872",,,,,222
server,peer_replication_get_delta,completed,1788432310728765,178842683849154810,178842683849158812,53,,1788432310728534,1788432310728541,1788432310728765,,,"delta_len=28,sent_us=1788432310726996",,,,,224
server,client_mutation,completed,1788432310928899,178842683849154810,,,,1788432310925876,1788432310925876,1788432310928899,,,http_data_plane,,,,,3023
server,peer_replication_get_delta,completed,1788432311103129,178842683849154810,178842683849156812,53,,1788432311102918,1788432311102925,1788432311103129,,,"delta_len=8,sent_us=1788432311101630",,,,,204
server,peer_replication_pull_request,sent,1788432311370435,178842683849154810,,,,,,,,,connected_peers=14,,,,,
server,client_mutation,completed,1788432311431888,178842683849154810,,,,1788432311427162,1788432311427162,1788432311431888,,,http_data_plane,,,,,4726
server,peer_replication_merge_delta,completed,1788432311480113,178842683849154810,,53,,1788432311460213,1788432311479977,1788432311480113,,,"delta_len=55,sent_us=1788432311413269",,,,,136
server,client_mutation,completed,1788432311932064,178842683849154810,,,,1788432311929183,1788432311929183,1788432311932064,,,http_data_plane,,,,,2881
server,peer_replication_get_delta,completed,1788432312192829,178842683849154810,178842684426433111,53,,1788432312192557,1788432312192566,1788432312192829,,,"delta_len=67,sent_us=1788432312144988",,,,,263
server,peer_replication_pull_request,sent,1788432312370412,178842683849154810,,,,,,,,,connected_peers=14,,,,,
server,peer_replication_merge_delta,completed,1788432312441481,178842683849154810,,53,,1788432312429956,1788432312441424,1788432312441481,,,"delta_len=55,sent_us=1788432312412877",,,,,57
server,client_mutation,completed,1788432312445022,178842683849154810,,,,1788432312430813,1788432312430813,1788432312445022,,,http_data_plane,,,,,14209
server,client_mutation,completed,1788432312930614,178842683849154810,,,,1788432312928129,1788432312928129,1788432312930614,,,http_data_plane,,,,,2485
server,peer_replication_get_delta,completed,1788432313103057,178842683849154810,178842683849156812,53,,1788432313101975,1788432313101982,1788432313103057,,,"delta_len=17,sent_us=1788432313101124",,,,,1075
server,peer_replication_pull_request,sent,1788432313371029,178842683849154810,,,,,,,,,connected_peers=14,,,,,
server,client_mutation,completed,1788432313432551,178842683849154810,,,,1788432313427841,1788432313428594,1788432313432551,,,http_data_plane,,,,,3957
server,peer_replication_merge_delta,completed,1788432313494031,178842683849154810,,53,,1788432313484091,1788432313493981,1788432313494031,,,"delta_len=33,sent_us=1788432313466531",,,,,50
server,client_mutation,completed,1788432313932546,178842683849154810,,,,1788432313926092,1788432313926092,1788432313932546,,,http_data_plane,,,,,6454
server,peer_replication_pull_request,sent,1788432314370729,178842683849154810,,,,,,,,,connected_peers=14,,,,,
server,client_mutation,completed,1788432314431493,178842683849154810,,,,1788432314428491,1788432314428491,1788432314431493,,,http_data_plane,,,,,3002
server,peer_replication_merge_delta,completed,1788432314486098,178842683849154810,,53,,1788432314474240,1788432314486072,1788432314486098,,,"delta_len=28,sent_us=1788432314458127",,,,,26
server,client_mutation,completed,1788432314936479,178842683849154810,,,,1788432314933276,1788432314933277,1788432314936479,,,http_data_plane,,,,,3202
server,peer_replication_get_delta,completed,1788432315229862,178842683849154810,178842684286994612,53,,1788432315229529,1788432315229535,1788432315229862,,,"delta_len=57,sent_us=1788432315142946",,,,,327
server,membership_directory_read,completed,1788432315327940,178842683849154810,,,,,1788432315283304,1788432315327940,,,poll:257 descriptors,,,,,44636
server,peer_replication_pull_request,sent,1788432315372618,178842683849154810,,,,,,,,,connected_peers=14,,,,,
server,client_mutation,completed,1788432315429095,178842683849154810,,,,1788432315426438,1788432315426438,1788432315429095,,,http_data_plane,,,,,2657
server,peer_replication_merge_delta,completed,1788432315437803,178842683849154810,,53,,1788432315432818,1788432315437777,1788432315437803,,,"delta_len=21,sent_us=1788432315416535",,,,,26
server,peer_replication_get_delta,completed,1788432315503887,178842683849154810,178842683849155809,53,,1788432315503516,1788432315503524,1788432315503887,,,"delta_len=68,sent_us=1788432315499832",,,,,363
server,client_mutation,completed,1788432315937770,178842683849154810,,,,1788432315932177,1788432315932177,1788432315937770,,,http_data_plane,,,,,5593
server,peer_replication_pull_request,sent,1788432316370170,178842683849154810,,,,,,,,,connected_peers=14,,,,,
server,client_mutation,completed,1788432316430728,178842683849154810,,,,1788432316427189,1788432316427189,1788432316430728,,,http_data_plane,,,,,3539
server,peer_replication_merge_delta,completed,1788432316514374,178842683849154810,,53,,1788432316486157,1788432316514303,1788432316514374,,,"delta_len=102,sent_us=1788432316446718",,,,,71
server,client_mutation,completed,1788432316984402,178842683849154810,,,,1788432316927838,1788432316927838,1788432316984402,,,http_data_plane,,,,,56564
server,peer_replication_pull_request,sent,1788432317370922,178842683849154810,,,,,,,,,connected_peers=14,,,,,
server,client_mutation,completed,1788432317431286,178842683849154810,,,,1788432317428617,1788432317428617,1788432317431286,,,http_data_plane,,,,,2669
server,peer_replication_get_delta,completed,1788432317457122,178842683849154810,178842683849157812,53,,1788432317456898,1788432317456904,1788432317457122,,,"delta_len=124,sent_us=1788432317456291",,,,,218
server,peer_replication_merge_delta,completed,1788432317486870,178842683849154810,,53,,1788432317470555,1788432317486834,1788432317486870,,,"delta_len=25,sent_us=1788432317456770",,,,,36
server,peer_replication_get_delta,completed,1788432317682880,178842683849154810,178842684426435111,53,,1788432317682467,1788432317682475,1788432317682880,,,"delta_len=67,sent_us=1788432317584887",,,,,405
server,peer_replication_get_delta,completed,1788432317927328,178842683849154810,178842683956184212,53,,1788432317927109,1788432317927115,1788432317927328,,,"delta_len=66,sent_us=1788432317891128",,,,,213
server,client_mutation,completed,1788432317935633,178842683849154810,,,,1788432317927636,1788432317927636,1788432317935633,,,http_data_plane,,,,,7997
server,peer_replication_get_delta,completed,1788432318191988,178842683849154810,178842684426433111,53,,1788432318191689,1788432318191695,1788432318191988,,,"delta_len=15,sent_us=1788432318144493",,,,,293
server,peer_replication_pull_request,sent,1788432318371765,178842683849154810,,,,,,,,,connected_peers=14,,,,,
server,peer_replication_merge_delta,completed,1788432318388049,178842683849154810,,53,,1788432318381703,1788432318387952,1788432318388049,,,"delta_len=25,sent_us=1788432318380564",,,,,97
server,client_mutation,completed,1788432318429078,178842683849154810,,,,1788432318426365,1788432318426365,1788432318429078,,,http_data_plane,,,,,2713
server,peer_replication_get_delta,completed,1788432318631981,178842683849154810,178842684426435111,53,,1788432318631663,1788432318631669,1788432318631981,,,"delta_len=6,sent_us=1788432318584540",,,,,312
server,client_mutation,completed,1788432318929874,178842683849154810,,,,1788432318927283,1788432318927283,1788432318929874,,,http_data_plane,,,,,2591
server,peer_replication_pull_request,sent,1788432319371863,178842683849154810,,,,,,,,,connected_peers=14,,,,,
server,client_mutation,completed,1788432319436392,178842683849154810,,,,1788432319429704,1788432319429704,1788432319436392,,,http_data_plane,,,,,6688
server,peer_replication_merge_delta,completed,1788432319483817,178842683849154810,,53,,1788432319468742,1788432319483733,1788432319483817,,,"delta_len=129,sent_us=1788432319419433",,,,,84
server,client_mutation,completed,1788432319930157,178842683849154810,,,,1788432319927614,1788432319927614,1788432319930157,,,http_data_plane,,,,,2543
server,membership_directory_read,completed,1788432320327335,178842683849154810,,,,,1788432320283430,1788432320327335,,,poll:257 descriptors,,,,,43905
server,peer_replication_pull_request,sent,1788432320370645,178842683849154810,,,,,,,,,connected_peers=14,,,,,
server,peer_replication_merge_delta,completed,1788432320430950,178842683849154810,,53,,1788432320420678,1788432320430920,1788432320430950,,,"delta_len=26,sent_us=1788432320406960",,,,,30
server,client_mutation,completed,1788432320435297,178842683849154810,,,,1788432320426015,1788432320426015,1788432320435297,,,http_data_plane,,,,,9282
server,client_mutation,completed,1788432320932319,178842683849154810,,,,1788432320925776,1788432320925776,1788432320932319,,,http_data_plane,,,,,6543
server,peer_replication_pull_request,sent,1788432321370669,178842683849154810,,,,,,,,,connected_peers=14,,,,,
server,peer_replication_merge_delta,completed,1788432321384890,178842683849154810,,53,,1788432321377911,1788432321384866,1788432321384890,,,"delta_len=25,sent_us=1788432321377079",,,,,24
server,client_mutation,completed,1788432321434472,178842683849154810,,,,1788432321430022,1788432321430022,1788432321434472,,,http_data_plane,,,,,4450
server,client_mutation,completed,1788432321931906,178842683849154810,,,,1788432321928344,1788432321928344,1788432321931906,,,http_data_plane,,,,,3562
server,peer_replication_pull_request,sent,1788432322370140,178842683849154810,,,,,,,,,connected_peers=14,,,,,
server,peer_replication_merge_delta,completed,1788432322380692,178842683849154810,,53,,1788432322372719,1788432322380638,1788432322380692,,,"delta_len=46,sent_us=1788432322371063",,,,,54
server,client_mutation,completed,1788432322428668,178842683849154810,,,,1788432322426375,1788432322426375,1788432322428668,,,http_data_plane,,,,,2293
server,client_mutation,completed,1788432322929486,178842683849154810,,,,1788432322926287,1788432322926288,1788432322929486,,,http_data_plane,,,,,3198
server,peer_replication_pull_request,sent,1788432323371945,178842683849154810,,,,,,,,,connected_peers=14,,,,,
server,peer_replication_merge_delta,completed,1788432323383428,178842683849154810,,53,,1788432323374510,1788432323383392,1788432323383428,,,"delta_len=47,sent_us=1788432323372838",,,,,36
server,client_mutation,completed,1788432323435067,178842683849154810,,,,1788432323432732,1788432323432732,1788432323435067,,,http_data_plane,,,,,2335
server,client_mutation,completed,1788432323935196,178842683849154810,,,,1788432323931148,1788432323931148,1788432323935196,,,http_data_plane,,,,,4048
server,peer_replication_get_delta,completed,1788432324192457,178842683849154810,178842684426433111,53,,1788432324191891,1788432324191898,1788432324192457,,,"delta_len=38,sent_us=1788432324145114",,,,,559
server,peer_replication_pull_request,sent,1788432324371562,178842683849154810,,,,,,,,,connected_peers=14,,,,,
server,peer_replication_merge_delta,completed,1788432324394783,178842683849154810,,53,,1788432324376370,1788432324394723,1788432324394783,,,"delta_len=68,sent_us=1788432324374167",,,,,60
server,client_mutation,completed,1788432324429275,178842683849154810,,,,1788432324426016,1788432324426016,1788432324429275,,,http_data_plane,,,,,3259
server,peer_replication_get_delta,completed,1788432324636286,178842683849154810,178842684426435111,53,,1788432324636051,1788432324636066,1788432324636286,,,"delta_len=61,sent_us=1788432324584967",,,,,220
server,client_mutation,completed,1788432324929523,178842683849154810,,,,1788432324926007,1788432324926007,1788432324929523,,,http_data_plane,,,,,3516
server,membership_directory_read,completed,1788432325318903,178842683849154810,,,,,1788432325283329,1788432325318903,,,poll:257 descriptors,,,,,35574
server,peer_replication_pull_request,sent,1788432325370367,178842683849154810,,,,,,,,,connected_peers=14,,,,,
server,peer_replication_merge_delta,completed,1788432325379453,178842683849154810,,53,,1788432325371767,1788432325379391,1788432325379453,,,"delta_len=46,sent_us=1788432325371087",,,,,62
server,client_mutation,completed,1788432325429013,178842683849154810,,,,1788432325426650,1788432325426650,1788432325429013,,,http_data_plane,,,,,2363
server,peer_replication_get_delta,completed,1788432325727374,178842683849154810,178842683849158812,53,,1788432325726938,1788432325726945,1788432325727374,,,"delta_len=38,sent_us=1788432325726352",,,,,429
server,client_mutation,completed,1788432325928139,178842683849154810,,,,1788432325925900,1788432325925900,1788432325928139,,,http_data_plane,,,,,2239
server,peer_replication_get_delta,completed,1788432326173038,178842683849154810,178842684114090212,53,,1788432326172808,1788432326172815,1788432326173038,,,"delta_len=71,sent_us=1788432326062436",,,,,223
server,peer_replication_pull_request,sent,1788432326370548,178842683849154810,,,,,,,,,connected_peers=14,,,,,
server,client_mutation,completed,1788432326428064,178842683849154810,,,,1788432326425944,1788432326425944,1788432326428064,,,http_data_plane,,,,,2120
server,peer_replication_merge_delta,completed,1788432326440566,178842683849154810,,53,,1788432326433499,1788432326440348,1788432326440566,,,"delta_len=46,sent_us=1788432326417543",,,,,218
server,client_mutation,completed,1788432326929260,178842683849154810,,,,1788432326925881,1788432326925881,1788432326929260,,,http_data_plane,,,,,3379
server,peer_replication_pull_request,sent,1788432327370429,178842683849154810,,,,,,,,,connected_peers=14,,,,,
server,client_mutation,completed,1788432327427327,178842683849154810,,,,1788432327425761,1788432327425761,1788432327427327,,,http_data_plane,,,,,1566
server,peer_replication_merge_delta,completed,1788432327437879,178842683849154810,,53,,1788432327433234,1788432327437849,1788432327437879,,,"delta_len=31,sent_us=1788432327417395",,,,,30
server,client_mutation,completed,1788432327932718,178842683849154810,,,,1788432327928493,1788432327928493,1788432327932718,,,http_data_plane,,,,,4225
server,peer_replication_pull_request,sent,1788432328370657,178842683849154810,,,,,,,,,connected_peers=14,,,,,
server,peer_replication_merge_delta,completed,1788432328384331,178842683849154810,,53,,1788432328372905,1788432328383818,1788432328384331,,,"delta_len=55,sent_us=1788432328371726",,,,,513
server,client_mutation,completed,1788432328428466,178842683849154810,,,,1788432328426232,1788432328426233,1788432328428466,,,http_data_plane,,,,,2233
server,client_mutation,completed,1788432328928711,178842683849154810,,,,1788432328926020,1788432328926020,1788432328928711,,,http_data_plane,,,,,2691
server,peer_replication_pull_request,sent,1788432329370385,178842683849154810,,,,,,,,,connected_peers=14,,,,,
server,client_mutation,completed,1788432329431056,178842683849154810,,,,1788432329427907,1788432329427907,1788432329431056,,,http_data_plane,,,,,3149
server,peer_replication_get_delta,completed,1788432329432440,178842683849154810,178842684426434111,53,,1788432329432213,1788432329432220,1788432329432440,,,"delta_len=47,sent_us=1788432329340767",,,,,220
server,peer_replication_merge_delta,completed,1788432329476538,178842683849154810,,53,,1788432329456613,1788432329476485,1788432329476538,,,"delta_len=43,sent_us=1788432329434536",,,,,53
server,peer_replication_get_delta,completed,1788432329755522,178842683849154810,178842683956185212,53,,1788432329753535,1788432329753541,1788432329755522,,,"delta_len=55,sent_us=1788432329717136",,,,,1981
server,client_mutation,completed,1788432329928482,178842683849154810,,,,1788432329925829,1788432329925829,1788432329928482,,,http_data_plane,,,,,2653
server,membership_directory_read,completed,1788432330324403,178842683849154810,,,,,1788432330283567,1788432330324403,,,poll:257 descriptors,,,,,40836
server,peer_replication_pull_request,sent,1788432330370482,178842683849154810,,,,,,,,,connected_peers=14,,,,,
server,client_mutation,completed,1788432330428461,178842683849154810,,,,1788432330425887,1788432330425888,1788432330428461,,,http_data_plane,,,,,2573
server,peer_replication_merge_delta,completed,1788432330451261,178842683849154810,,53,,1788432330443254,1788432330451212,1788432330451261,,,"delta_len=67,sent_us=1788432330407151",,,,,49
server,client_mutation,completed,1788432330928571,178842683849154810,,,,1788432330925912,1788432330925912,1788432330928571,,,http_data_plane,,,,,2659
server,peer_replication_pull_request,sent,1788432331370629,178842683849154810,,,,,,,,,connected_peers=14,,,,,
server,peer_replication_get_delta,completed,1788432331388058,178842683849154810,178842684426434111,53,,1788432331387761,1788432331387768,1788432331388058,,,"delta_len=37,sent_us=1788432331340592",,,,,290
server,peer_replication_merge_delta,completed,1788432331431115,178842683849154810,,53,,1788432331421276,1788432331431084,1788432331431115,,,"delta_len=30,sent_us=1788432331404194",,,,,31
server,client_mutation,completed,1788432331433529,178842683849154810,,,,1788432331426426,1788432331426426,1788432331433529,,,http_data_plane,,,,,7103
server,client_mutation,completed,1788432331929645,178842683849154810,,,,1788432331926341,1788432331926341,1788432331929645,,,http_data_plane,,,,,3304
server,peer_replication_pull_request,sent,1788432332370973,178842683849154810,,,,,,,,,connected_peers=14,,,,,
server,client_mutation,completed,1788432332428764,178842683849154810,,,,1788432332425787,1788432332425788,1788432332428764,,,http_data_plane,,,,,2976
server,peer_replication_merge_delta,completed,1788432332489769,178842683849154810,,53,,1788432332484132,1788432332489740,1788432332489769,,,"delta_len=23,sent_us=1788432332468118",,,,,29
server,client_mutation,completed,1788432332930382,178842683849154810,,,,1788432332927633,1788432332927633,1788432332930382,,,http_data_plane,,,,,2749
server,peer_replication_pull_request,sent,1788432333371095,178842683849154810,,,,,,,,,connected_peers=14,,,,,
server,peer_replication_merge_delta,completed,1788432333385053,178842683849154810,,53,,1788432333373663,1788432333382742,1788432333385053,,,"delta_len=55,sent_us=1788432333371857",,,,,2311
server,client_mutation,completed,1788432333428152,178842683849154810,,,,1788432333425942,1788432333425942,1788432333428152,,,http_data_plane,,,,,2210
server,client_mutation,completed,1788432333927847,178842683849154810,,,,1788432333925696,1788432333925696,1788432333927847,,,http_data_plane,,,,,2151
server,peer_replication_pull_request,sent,1788432334370101,178842683849154810,,,,,,,,,connected_peers=14,,,,,
server,client_mutation,completed,1788432334428205,178842683849154810,,,,1788432334425978,1788432334425978,1788432334428205,,,http_data_plane,,,,,2227
server,peer_replication_merge_delta,completed,1788432334438739,178842683849154810,,53,,1788432334432663,1788432334438705,1788432334438739,,,"delta_len=35,sent_us=1788432334416924",,,,,34
server,client_mutation,completed,1788432334928143,178842683849154810,,,,1788432334925811,1788432334925811,1788432334928143,,,http_data_plane,,,,,2332
server,peer_replication_get_delta,completed,1788432335103807,178842683849154810,178842683849156812,53,,1788432335103577,1788432335103583,1788432335103807,,,"delta_len=18,sent_us=1788432335102954",,,,,224
server,membership_directory_read,completed,1788432335330813,178842683849154810,,,,,1788432335283300,1788432335330813,,,poll:257 descriptors,,,,,47513
server,peer_replication_pull_request,sent,1788432335370149,178842683849154810,,,,,,,,,connected_peers=14,,,,,
server,client_mutation,completed,1788432335427960,178842683849154810,,,,1788432335425754,1788432335425754,1788432335427960,,,http_data_plane,,,,,2206
server,peer_replication_merge_delta,completed,1788432335439693,178842683849154810,,53,,1788432335433251,1788432335439629,1788432335439693,,,"delta_len=54,sent_us=1788432335417280",,,,,64
server,client_mutation,completed,1788432335927886,178842683849154810,,,,1788432335925745,1788432335925745,1788432335927886,,,http_data_plane,,,,,2141
server,peer_replication_pull_request,sent,1788432336370525,178842683849154810,,,,,,,,,connected_peers=14,,,,,
server,client_mutation,completed,1788432336430483,178842683849154810,,,,1788432336425798,1788432336425798,1788432336430483,,,http_data_plane,,,,,4685
server,peer_replication_merge_delta,completed,1788432336474325,178842683849154810,,53,,1788432336468840,1788432336474290,1788432336474325,,,"delta_len=40,sent_us=1788432336456678",,,,,35
server,peer_replication_get_delta,completed,1788432336513129,178842683849154810,178842684286993612,53,,1788432336512509,1788432336512518,1788432336513129,,,"delta_len=111,sent_us=1788432336467696",,,,,611
server,client_mutation,completed,1788432336928276,178842683849154810,,,,1788432336925716,1788432336925716,1788432336928276,,,http_data_plane,,,,,2560
server,peer_replication_get_delta,completed,1788432337161874,178842683849154810,178842684426436110,53,,1788432337161638,1788432337161647,1788432337161874,,,"delta_len=90,sent_us=1788432337070873",,,,,227
server,peer_replication_pull_request,sent,1788432337372433,178842683849154810,,,,,,,,,connected_peers=14,,,,,
server,client_mutation,completed,1788432337428702,178842683849154810,,,,1788432337426168,1788432337426168,1788432337428702,,,http_data_plane,,,,,2534
server,peer_replication_merge_delta,completed,1788432337474963,178842683849154810,,53,,1788432337466308,1788432337474901,1788432337474963,,,"delta_len=68,sent_us=1788432337419420",,,,,62
server,client_mutation,completed,1788432337929942,178842683849154810,,,,1788432337926587,1788432337926587,1788432337929942,,,http_data_plane,,,,,3355
server,peer_replication_pull_request,sent,1788432338370491,178842683849154810,,,,,,,,,connected_peers=14,,,,,
server,client_mutation,completed,1788432338428829,178842683849154810,,,,1788432338426006,1788432338426006,1788432338428829,,,http_data_plane,,,,,2823
server,peer_replication_merge_delta,completed,1788432338444870,178842683849154810,,53,,1788432338434724,1788432338444835,1788432338444870,,,"delta_len=35,sent_us=1788432338418233",,,,,35
server,peer_replication_get_delta,completed,1788432338927575,178842683849154810,178842683956184212,53,,1788432338927363,1788432338927368,1788432338927575,,,"delta_len=50,sent_us=1788432338891404",,,,,207
server,client_mutation,completed,1788432338928379,178842683849154810,,,,1788432338926075,1788432338926075,1788432338928379,,,http_data_plane,,,,,2304
server,peer_replication_get_delta,completed,1788432339230386,178842683849154810,178842684286994612,53,,1788432339230121,1788432339230126,1788432339230386,,,"delta_len=43,sent_us=1788432339142552",,,,,260
server,peer_replication_pull_request,sent,1788432339369967,178842683849154810,,,,,,,,,connected_peers=14,,,,,
server,client_mutation,completed,1788432339429439,178842683849154810,,,,1788432339426684,1788432339426685,1788432339429439,,,http_data_plane,,,,,2754
server,peer_replication_merge_delta,completed,1788432339475586,178842683849154810,,53,,1788432339464316,1788432339475536,1788432339475586,,,"delta_len=80,sent_us=1788432339417476",,,,,50
server,peer_replication_get_delta,completed,1788432339682171,178842683849154810,178842684426435111,53,,1788432339681689,1788432339681696,1788432339682171,,,"delta_len=58,sent_us=1788432339584882",,,,,475
server,client_mutation,completed,1788432339927745,178842683849154810,,,,1788432339925706,1788432339925706,1788432339927745,,,http_data_plane,,,,,2039
server,membership_directory_read,completed,1788432340326737,178842683849154810,,,,,1788432340282930,1788432340326737,,,poll:257 descriptors,,,,,43807
server,peer_replication_pull_request,sent,1788432340370067,178842683849154810,,,,,,,,,connected_peers=14,,,,,
server,client_mutation,completed,1788432340427910,178842683849154810,,,,1788432340425755,1788432340425755,1788432340427910,,,http_data_plane,,,,,2155
server,peer_replication_merge_delta,completed,1788432340479449,178842683849154810,,53,,1788432340474036,1788432340479422,1788432340479449,,,"delta_len=25,sent_us=1788432340458116",,,,,27
server,client_mutation,completed,1788432340928091,178842683849154810,,,,1788432340925767,1788432340925767,1788432340928091,,,http_data_plane,,,,,2324
server,peer_replication_get_delta,completed,1788432341193112,178842683849154810,178842684426433111,53,,1788432341192884,1788432341192891,1788432341193112,,,"delta_len=23,sent_us=1788432341144713",,,,,221
server,peer_replication_pull_request,sent,1788432341370852,178842683849154810,,,,,,,,,connected_peers=14,,,,,
server,client_mutation,completed,1788432341429135,178842683849154810,,,,1788432341425729,1788432341425729,1788432341429135,,,http_data_plane,,,,,3406
server,peer_replication_merge_delta,completed,1788432341475132,178842683849154810,,53,,1788432341464886,1788432341475048,1788432341475132,,,"delta_len=88,sent_us=1788432341418016",,,,,84
server,client_mutation,completed,1788432341929796,178842683849154810,,,,1788432341926687,1788432341926687,1788432341929796,,,http_data_plane,,,,,3109
server,peer_replication_pull_request,sent,1788432342370314,178842683849154810,,,,,,,,,connected_peers=14,,,,,
server,peer_replication_merge_delta,completed,1788432342382854,178842683849154810,,53,,1788432342374060,1788432342382833,1788432342382854,,,"delta_len=12,sent_us=1788432342372987",,,,,21
server,client_mutation,completed,1788432342429355,178842683849154810,,,,1788432342426025,1788432342426025,1788432342429355,,,http_data_plane,,,,,3330
server,client_mutation,completed,1788432342930199,178842683849154810,,,,1788432342926108,1788432342926108,1788432342930199,,,http_data_plane,,,,,4091
server,peer_replication_pull_request,sent,1788432343370803,178842683849154810,,,,,,,,,connected_peers=14,,,,,
server,client_mutation,completed,1788432343433313,178842683849154810,,,,1788432343428276,1788432343428276,1788432343433313,,,http_data_plane,,,,,5037
server,peer_replication_merge_delta,completed,1788432343476120,178842683849154810,,53,,1788432343465018,1788432343475973,1788432343476120,,,"delta_len=82,sent_us=1788432343417773",,,,,147
server,client_mutation,completed,1788432343929629,178842683849154810,,,,1788432343925897,1788432343925897,1788432343929629,,,http_data_plane,,,,,3732
server,peer_replication_get_delta,completed,1788432344191505,178842683849154810,178842684426433111,53,,1788432344191284,1788432344191290,1788432344191505,,,"delta_len=36,sent_us=1788432344144504",,,,,215
server,peer_replication_pull_request,sent,1788432344370107,178842683849154810,,,,,,,,,connected_peers=14,,,,,
server,client_mutation,completed,1788432344428273,178842683849154810,,,,1788432344425981,1788432344425981,1788432344428273,,,http_data_plane,,,,,2292
server,peer_replication_merge_delta,completed,1788432344507865,178842683849154810,,53,,1788432344499872,1788432344507834,1788432344507865,,,"delta_len=28,sent_us=1788432344477794",,,,,31
server,client_mutation,completed,1788432344927806,178842683849154810,,,,1788432344925832,1788432344925832,1788432344927806,,,http_data_plane,,,,,1974
server,membership_directory_read,completed,1788432345317422,178842683849154810,,,,,1788432345283952,1788432345317422,,,poll:257 descriptors,,,,,33470
server,peer_replication_pull_request,sent,1788432345370208,178842683849154810,,,,,,,,,connected_peers=14,,,,,
server,client_mutation,completed,1788432345427883,178842683849154810,,,,1788432345425877,1788432345425877,1788432345427883,,,http_data_plane,,,,,2006
server,peer_replication_merge_delta,completed,1788432345436520,178842683849154810,,53,,1788432345428914,1788432345436473,1788432345436520,,,"delta_len=61,sent_us=1788432345412781",,,,,47
server,client_mutation,completed,1788432345927910,178842683849154810,,,,1788432345925769,1788432345925769,1788432345927910,,,http_data_plane,,,,,2141
server,peer_replication_pull_request,sent,1788432346370133,178842683849154810,,,,,,,,,connected_peers=14,,,,,
server,peer_replication_merge_delta,completed,1788432346423210,178842683849154810,,53,,1788432346418779,1788432346423187,1788432346423210,,,"delta_len=18,sent_us=1788432346406600",,,,,23
server,client_mutation,completed,1788432346430752,178842683849154810,,,,1788432346427236,1788432346427236,1788432346430752,,,http_data_plane,,,,,3516
server,peer_replication_get_delta,completed,1788432346500218,178842683849154810,178842683849155809,53,,1788432346499864,1788432346499871,1788432346500218,,,"delta_len=65,sent_us=1788432346499223",,,,,347
server,client_mutation,completed,1788432346928297,178842683849154810,,,,1788432346925714,1788432346925714,1788432346928297,,,http_data_plane,,,,,2583
server,peer_replication_pull_request,sent,1788432347370647,178842683849154810,,,,,,,,,connected_peers=14,,,,,
server,client_mutation,completed,1788432347427903,178842683849154810,,,,1788432347425718,1788432347425718,1788432347427903,,,http_data_plane,,,,,2185
server,peer_replication_merge_delta,completed,1788432347467642,178842683849154810,,53,,1788432347457912,1788432347467609,1788432347467642,,,"delta_len=31,sent_us=1788432347435541",,,,,33
server,client_mutation,completed,1788432347928479,178842683849154810,,,,1788432347925787,1788432347925787,1788432347928479,,,http_data_plane,,,,,2692
server,peer_replication_pull_request,sent,1788432348370709,178842683849154810,,,,,,,,,connected_peers=14,,,,,
server,peer_replication_get_delta,completed,1788432348402269,178842683849154810,178842684426434111,53,,1788432348402041,1788432348402047,1788432348402269,,,"delta_len=43,sent_us=1788432348341077",,,,,222
server,client_mutation,completed,1788432348428405,178842683849154810,,,,1788432348425791,1788432348425791,1788432348428405,,,http_data_plane,,,,,2614
server,peer_replication_merge_delta,completed,1788432348439513,178842683849154810,,53,,1788432348434173,1788432348439492,1788432348439513,,,"delta_len=21,sent_us=1788432348418244",,,,,21
server,peer_replication_get_delta,completed,1788432348500717,178842683849154810,178842683849155809,53,,1788432348500496,1788432348500502,1788432348500717,,,"delta_len=25,sent_us=1788432348499177",,,,,215
server,client_mutation,completed,1788432348929291,178842683849154810,,,,1788432348926460,1788432348926461,1788432348929291,,,http_data_plane,,,,,2830
server,peer_replication_pull_request,sent,1788432349370782,178842683849154810,,,,,,,,,connected_peers=14,,,,,
server,client_mutation,completed,1788432349429218,178842683849154810,,,,1788432349426961,1788432349426962,1788432349429218,,,http_data_plane,,,,,2256
server,peer_replication_merge_delta,completed,1788432349484545,178842683849154810,,53,,1788432349465821,1788432349484465,1788432349484545,,,"delta_len=125,sent_us=1788432349417890",,,,,80
server,peer_replication_get_delta,completed,1788432349633187,178842683849154810,178842684426435111,53,,1788432349632953,1788432349632960,1788432349633187,,,"delta_len=108,sent_us=1788432349584963",,,,,227
server,client_mutation,completed,1788432349929134,178842683849154810,,,,1788432349926255,1788432349926255,1788432349929134,,,http_data_plane,,,,,2879
server,membership_directory_read,completed,1788432350328412,178842683849154810,,,,,1788432350283825,1788432350328412,,,poll:257 descriptors,,,,,44587
server,peer_replication_pull_request,sent,1788432350370686,178842683849154810,,,,,,,,,connected_peers=14,,,,,
server,peer_replication_merge_delta,completed,1788432350436825,178842683849154810,,53,,1788432350424387,1788432350436804,1788432350436825,,,"delta_len=23,sent_us=1788432350407434",,,,,21
server,client_mutation,completed,1788432350439904,178842683849154810,,,,1788432350430716,1788432350430716,1788432350439904,,,http_data_plane,,,,,9188
server,client_mutation,completed,1788432350927884,178842683849154810,,,,1788432350925737,1788432350925737,1788432350927884,,,http_data_plane,,,,,2147
server,peer_replication_get_delta,completed,1788432351229445,178842683849154810,178842684286994612,53,,1788432351229230,1788432351229237,1788432351229445,,,"delta_len=60,sent_us=1788432351143071",,,,,208
server,peer_replication_pull_request,sent,1788432351369943,178842683849154810,,,,,,,,,connected_peers=14,,,,,
server,client_mutation,completed,1788432351431501,178842683849154810,,,,1788432351427036,1788432351427036,1788432351431501,,,http_data_plane,,,,,4465
server,peer_replication_merge_delta,completed,1788432351466575,178842683849154810,,53,,1788432351455750,1788432351466531,1788432351466575,,,"delta_len=54,sent_us=1788432351434210",,,,,44
server,client_mutation,completed,1788432351927882,178842683849154810,,,,1788432351925811,1788432351925811,1788432351927882,,,http_data_plane,,,,,2071
server,peer_replication_pull_request,sent,1788432352370129,178842683849154810,,,,,,,,,connected_peers=14,,,,,
server,peer_replication_merge_delta,completed,1788432352375609,178842683849154810,,53,,1788432352371411,1788432352375593,1788432352375609,,,"delta_len=7,sent_us=1788432352370769",,,,,16
server,client_mutation,completed,1788432352427923,178842683849154810,,,,1788432352425737,1788432352425738,1788432352427923,,,http_data_plane,,,,,2185
server,client_mutation,completed,1788432352931619,178842683849154810,,,,1788432352928411,1788432352928411,1788432352931619,,,http_data_plane,,,,,3208
server,peer_replication_pull_request,sent,1788432353370970,178842683849154810,,,,,,,,,connected_peers=14,,,,,
server,peer_replication_merge_delta,completed,1788432353426061,178842683849154810,,53,,1788432353419614,1788432353426028,1788432353426061,,,"delta_len=33,sent_us=1788432353407459",,,,,33
server,client_mutation,completed,1788432353428298,178842683849154810,,,,1788432353425698,1788432353425698,1788432353428298,,,http_data_plane,,,,,2600
server,client_mutation,completed,1788432353930441,178842683849154810,,,,1788432353925784,1788432353925784,1788432353930441,,,http_data_plane,,,,,4657
server,peer_replication_pull_request,sent,1788432354370505,178842683849154810,,,,,,,,,connected_peers=14,,,,,
server,client_mutation,completed,1788432354428195,178842683849154810,,,,1788432354425728,1788432354425728,1788432354428195,,,http_data_plane,,,,,2467
server,peer_replication_merge_delta,completed,1788432354474035,178842683849154810,,53,,1788432354464696,1788432354473965,1788432354474035,,,"delta_len=99,sent_us=1788432354417401",,,,,70
server,client_mutation,completed,1788432354927799,178842683849154810,,,,1788432354925721,1788432354925722,1788432354927799,,,http_data_plane,,,,,2077
server,membership_directory_read,completed,1788432355317279,178842683849154810,,,,,1788432355282915,1788432355317279,,,poll:257 descriptors,,,,,34364
server,peer_replication_pull_request,sent,1788432355370716,178842683849154810,,,,,,,,,connected_peers=14,,,,,
server,client_mutation,completed,1788432355427883,178842683849154810,,,,1788432355425734,1788432355425734,1788432355427883,,,http_data_plane,,,,,2149
server,peer_replication_merge_delta,completed,1788432355464876,178842683849154810,,53,,1788432355457812,1788432355464804,1788432355464876,,,"delta_len=77,sent_us=1788432355413170",,,,,72
server,client_mutation,completed,1788432355927827,178842683849154810,,,,1788432355925716,1788432355925716,1788432355927827,,,http_data_plane,,,,,2111
server,peer_replication_pull_request,sent,1788432356369971,178842683849154810,,,,,,,,,connected_peers=14,,,,,
server,peer_replication_merge_delta,completed,1788432356423261,178842683849154810,,53,,1788432356418548,1788432356423232,1788432356423261,,,"delta_len=27,sent_us=1788432356406458",,,,,29
server,client_mutation,completed,1788432356427835,178842683849154810,,,,1788432356425680,1788432356425680,1788432356427835,,,http_data_plane,,,,,2155
server,client_mutation,completed,1788432356927970,178842683849154810,,,,1788432356925739,1788432356925740,1788432356927970,,,http_data_plane,,,,,2230
server,peer_replication_get_delta,completed,1788432357102402,178842683849154810,178842683849156812,53,,1788432357102165,1788432357102179,1788432357102402,,,"delta_len=70,sent_us=1788432357101629",,,,,223
server,gc_init,start,1788432357203852,178842683849154810,,54,,,,,,,previous_gc_marker=53,,,,,
server,gc_membership_descriptor_write,completed,1788432357229020,178842683849154810,,54,,,,,,,"178842683849154810,13.53.121.51:19080,54",,,,,
server,membership_directory_read,completed,1788432357275363,178842683849154810,,54,,,1788432357229035,1788432357275363,,,gc_validation:259 descriptors,,,,,46328
server,gc_init,aborted,1788432357302693,178842683849154810,,54,,,,,,,membership_changed,,,,,
server,membership_directory_read,completed,1788432357353835,178842683849154810,,54,,,1788432357302727,1788432357353835,,,gc_abort_refresh:258 descriptors,,,,,51108
server,peer_replication_pull_request,sent,1788432357370599,178842683849154810,,,,,,,,,connected_peers=14,,,,,
server,client_mutation,completed,1788432357427856,178842683849154810,,,,1788432357425686,1788432357425686,1788432357427856,,,http_data_plane,,,,,2170
server,peer_replication_merge_delta,completed,1788432357438610,178842683849154810,,53,,1788432357433442,1788432357438577,1788432357438610,,,"delta_len=39,sent_us=1788432357417638",,,,,33
server,peer_replication_get_delta,completed,1788432357500487,178842683849154810,178842683849155809,53,,1788432357500240,1788432357500270,1788432357500487,,,"delta_len=77,sent_us=1788432357499672",,,,,217
server,client_mutation,completed,1788432357927949,178842683849154810,,,,1788432357925707,1788432357925707,1788432357927949,,,http_data_plane,,,,,2242
