source,event,phase,timestamp_us,replica_pid,peer_pid,gc_marker,sent_us,received_us,start_us,end_us,insert_count,delete_count,detail,client_id,operation,value,status_code,latency_us
client,client_request,completed,1777553763017309,2,,,1777553762993295,1777553763017309,1777553762993295,1777553763017309,,,,client-2-3,Remove,3501061,200,24014
client,client_request,completed,1777553763026505,2,,,1777553763018290,1777553763026505,1777553763018290,1777553763026505,,,,client-2-3,Remove,14676716,200,8215
client,client_request,completed,1777553763036265,2,,,1777553763027998,1777553763036265,1777553763027998,1777553763036265,,,,client-2-3,Remove,2930360,200,8267
client,client_request,completed,1777553763049659,2,,,1777553763038600,1777553763049659,1777553763038600,1777553763049659,,,,client-2-3,Insert,-8488557,200,11059
client,client_request,completed,1777553763063070,2,,,1777553763051945,1777553763063070,1777553763051945,1777553763063070,,,,client-2-3,Remove,7317876,200,11125
client,client_request,completed,1777553763088326,2,,,1777553763068944,1777553763088326,1777553763068944,1777553763088326,,,,client-2-3,Insert,207532,200,19382
client,client_request,completed,1777553763094946,2,,,1777553763088442,1777553763094946,1777553763088442,1777553763094946,,,,client-2-3,Remove,12184498,200,6504
client,client_request,completed,1777553763110431,2,,,1777553763096491,1777553763110431,1777553763096491,1777553763110431,,,,client-2-3,Remove,-5870817,200,13940
client,client_request,completed,1777553763128358,2,,,1777553763111268,1777553763128358,1777553763111268,1777553763128358,,,,client-2-3,Remove,-3081572,200,17090
client,client_request,completed,1777553763140834,2,,,1777553763129857,1777553763140834,1777553763129857,1777553763140834,,,,client-2-3,Remove,4989099,200,10977
client,client_request,completed,1777553763160454,2,,,1777553763142209,1777553763160454,1777553763142209,1777553763160454,,,,client-2-3,Remove,-3786193,200,18245
client,client_request,completed,1777553763176908,2,,,1777553763163055,1777553763176908,1777553763163055,1777553763176908,,,,client-2-3,Remove,-4614427,200,13853
client,client_request,completed,1777553763195134,2,,,1777553763184401,1777553763195134,1777553763184401,1777553763195134,,,,client-2-3,Insert,-14957612,200,10733
client,client_request,completed,1777553763207911,2,,,1777553763195692,1777553763207911,1777553763195692,1777553763207911,,,,client-2-3,Insert,2770837,200,12219
client,client_request,completed,1777553763219394,2,,,1777553763208884,1777553763219394,1777553763208884,1777553763219394,,,,client-2-3,Remove,-3522097,200,10510
client,client_request,completed,1777553763229321,2,,,1777553763220601,1777553763229321,1777553763220601,1777553763229321,,,,client-2-3,Remove,12102869,200,8720
client,client_request,completed,1777553763243970,2,,,1777553763230804,1777553763243970,1777553763230804,1777553763243970,,,,client-2-3,Remove,-8093124,200,13166
client,client_request,completed,1777553763267160,2,,,1777553763247950,1777553763267160,1777553763247950,1777553763267160,,,,client-2-3,Insert,2622613,200,19210
client,client_request,completed,1777553763284030,2,,,1777553763267284,1777553763284030,1777553763267284,1777553763284030,,,,client-2-3,Remove,-1018556,200,16746
client,client_request,completed,1777553763303588,2,,,1777553763286771,1777553763303588,1777553763286771,1777553763303588,,,,client-2-3,Insert,-15523510,200,16817
client,client_request,completed,1777553763314193,2,,,1777553763304066,1777553763314193,1777553763304066,1777553763314193,,,,client-2-3,Insert,-8617228,200,10127
client,client_request,completed,1777553763322934,2,,,1777553763314290,1777553763322934,1777553763314290,1777553763322934,,,,client-2-3,Insert,-6946809,200,8644
client,client_request,completed,1777553763346223,2,,,1777553763325212,1777553763346223,1777553763325212,1777553763346223,,,,client-2-3,Insert,-5849133,200,21011
client,client_request,completed,1777553763363528,2,,,1777553763346330,1777553763363528,1777553763346330,1777553763363528,,,,client-2-3,Remove,-5204319,200,17198
client,client_request,completed,1777553763382879,2,,,1777553763364411,1777553763382879,1777553763364411,1777553763382879,,,,client-2-3,Insert,-8646215,200,18468
client,client_request,completed,1777553763397142,2,,,1777553763388459,1777553763397142,1777553763388459,1777553763397142,,,,client-2-3,Remove,4438547,200,8683
client,client_request,completed,1777553763406299,2,,,1777553763397265,1777553763406299,1777553763397265,1777553763406299,,,,client-2-3,Remove,9761403,200,9034
client,client_request,completed,1777553763421682,2,,,1777553763407725,1777553763421682,1777553763407725,1777553763421682,,,,client-2-3,Insert,-426668,200,13957
client,client_request,completed,1777553763433760,2,,,1777553763421788,1777553763433760,1777553763421788,1777553763433760,,,,client-2-3,Insert,-14457916,200,11972
client,client_request,completed,1777553763452813,2,,,1777553763439868,1777553763452813,1777553763439868,1777553763452813,,,,client-2-3,Insert,-338671,200,12945
client,client_request,completed,1777553763465138,2,,,1777553763452920,1777553763465138,1777553763452920,1777553763465138,,,,client-2-3,Remove,7465036,200,12218
client,client_request,completed,1777553763481762,2,,,1777553763466602,1777553763481762,1777553763466602,1777553763481762,,,,client-2-3,Remove,9968415,200,15160
client,client_request,completed,1777553763496074,2,,,1777553763481891,1777553763496074,1777553763481891,1777553763496074,,,,client-2-3,Remove,16405158,200,14183
client,client_request,completed,1777553763509575,2,,,1777553763496208,1777553763509575,1777553763496208,1777553763509575,,,,client-2-3,Remove,-6179259,200,13367
client,client_request,completed,1777553763524736,2,,,1777553763511304,1777553763524736,1777553763511304,1777553763524736,,,,client-2-3,Insert,5373866,200,13432
client,client_request,completed,1777553763534732,2,,,1777553763526078,1777553763534732,1777553763526078,1777553763534732,,,,client-2-3,Remove,16740583,200,8654
client,client_request,completed,1777553763548517,2,,,1777553763534844,1777553763548517,1777553763534844,1777553763548517,,,,client-2-3,Insert,9486999,200,13673
client,client_request,completed,1777553763554019,2,,,1777553763549170,1777553763554019,1777553763549170,1777553763554019,,,,client-2-3,Insert,1132553,200,4849
client,client_request,completed,1777553763563449,2,,,1777553763554913,1777553763563449,1777553763554913,1777553763563449,,,,client-2-3,Insert,-5326908,200,8536
client,client_request,completed,1777553763567817,2,,,1777553763563584,1777553763567817,1777553763563584,1777553763567817,,,,client-2-3,Insert,3076765,200,4233
client,client_request,completed,1777553763575794,2,,,1777553763568247,1777553763575794,1777553763568247,1777553763575794,,,,client-2-3,Insert,9532220,200,7547
client,client_request,completed,1777553763581504,2,,,1777553763576495,1777553763581504,1777553763576495,1777553763581504,,,,client-2-3,Remove,-9262165,200,5009
client,client_request,completed,1777553763589131,2,,,1777553763581935,1777553763589131,1777553763581935,1777553763589131,,,,client-2-3,Remove,-9801237,200,7196
client,client_request,completed,1777553763596757,2,,,1777553763590389,1777553763596757,1777553763590389,1777553763596757,,,,client-2-3,Insert,3020713,200,6368
client,client_request,completed,1777553763608763,2,,,1777553763596876,1777553763608763,1777553763596876,1777553763608763,,,,client-2-3,Remove,-16528684,200,11887
client,client_request,completed,1777553763621679,2,,,1777553763608869,1777553763621679,1777553763608869,1777553763621679,,,,client-2-3,Remove,-8009747,200,12810
client,client_request,completed,1777553763640850,2,,,1777553763623654,1777553763640850,1777553763623654,1777553763640850,,,,client-2-3,Insert,-10496602,200,17196
client,client_request,completed,1777553763659835,2,,,1777553763640956,1777553763659835,1777553763640956,1777553763659835,,,,client-2-3,Insert,-4335936,200,18879
client,client_request,completed,1777553763670059,2,,,1777553763660870,1777553763670059,1777553763660870,1777553763670059,,,,client-2-3,Remove,-1409187,200,9189
client,client_request,completed,1777553763684542,2,,,1777553763671236,1777553763684542,1777553763671236,1777553763684542,,,,client-2-3,Remove,-14393737,200,13306
client,client_request,completed,1777553763695776,2,,,1777553763687601,1777553763695776,1777553763687601,1777553763695776,,,,client-2-3,Insert,2150158,200,8175
client,client_request,completed,1777553763716544,2,,,1777553763695906,1777553763716544,1777553763695906,1777553763716544,,,,client-2-3,Insert,-8662434,200,20638
client,client_request,completed,1777553763746149,2,,,1777553763717563,1777553763746149,1777553763717563,1777553763746149,,,,client-2-3,Insert,-11468200,200,28586
client,client_request,completed,1777553763765316,2,,,1777553763746286,1777553763765316,1777553763746286,1777553763765316,,,,client-2-3,Remove,-13129626,200,19030
client,client_request,completed,1777553763824903,2,,,1777553763765459,1777553763824903,1777553763765459,1777553763824903,,,,client-2-3,Insert,-16133861,200,59444
client,client_request,completed,1777553763840880,2,,,1777553763827633,1777553763840880,1777553763827633,1777553763840880,,,,client-2-3,Insert,-3133584,200,13247
client,client_request,completed,1777553763862649,2,,,1777553763840992,1777553763862649,1777553763840992,1777553763862649,,,,client-2-3,Remove,9103143,200,21657
client,client_request,completed,1777553763870671,2,,,1777553763863636,1777553763870671,1777553763863636,1777553763870671,,,,client-2-3,Insert,-11334535,200,7035
client,client_request,completed,1777553763885802,2,,,1777553763870767,1777553763885802,1777553763870767,1777553763885802,,,,client-2-3,Insert,-7697102,200,15035
client,client_request,completed,1777553763901223,2,,,1777553763887541,1777553763901223,1777553763887541,1777553763901223,,,,client-2-3,Remove,-3377027,200,13682
client,client_request,completed,1777553763927614,2,,,1777553763904443,1777553763927614,1777553763904443,1777553763927614,,,,client-2-3,Insert,-5606216,200,23171
client,client_request,completed,1777553763941658,2,,,1777553763929033,1777553763941658,1777553763929033,1777553763941658,,,,client-2-3,Remove,-3365935,200,12625
client,client_request,completed,1777553763960090,2,,,1777553763943914,1777553763960090,1777553763943914,1777553763960090,,,,client-2-3,Remove,-12141386,200,16176
client,client_request,completed,1777553763978784,2,,,1777553763961802,1777553763978784,1777553763961802,1777553763978784,,,,client-2-3,Remove,-8682507,200,16982
client,client_request,completed,1777553763996899,2,,,1777553763978912,1777553763996899,1777553763978912,1777553763996899,,,,client-2-3,Insert,2735997,200,17987
client,client_request,completed,1777553764007159,2,,,1777553763998942,1777553764007159,1777553763998942,1777553764007159,,,,client-2-3,Insert,-12961569,200,8217
client,client_request,completed,1777553764025707,2,,,1777553764011975,1777553764025707,1777553764011975,1777553764025707,,,,client-2-3,Insert,1410326,200,13732
client,client_request,completed,1777553764047989,2,,,1777553764026914,1777553764047989,1777553764026914,1777553764047989,,,,client-2-3,Insert,15243112,200,21075
client,client_request,completed,1777553764061721,2,,,1777553764050221,1777553764061721,1777553764050221,1777553764061721,,,,client-2-3,Remove,-3407527,200,11500
client,client_request,completed,1777553764082872,2,,,1777553764063832,1777553764082872,1777553764063832,1777553764082872,,,,client-2-3,Insert,-13478334,200,19040
client,client_request,completed,1777553764102639,2,,,1777553764083502,1777553764102639,1777553764083502,1777553764102639,,,,client-2-3,Insert,6388740,200,19137
client,client_request,completed,1777553764116995,2,,,1777553764103817,1777553764116995,1777553764103817,1777553764116995,,,,client-2-3,Remove,-16408598,200,13178
client,client_request,completed,1777553764136358,2,,,1777553764117105,1777553764136358,1777553764117105,1777553764136358,,,,client-2-3,Remove,6954154,200,19253
client,client_request,completed,1777553764145839,2,,,1777553764136469,1777553764145839,1777553764136469,1777553764145839,,,,client-2-3,Insert,-16361203,200,9370
client,client_request,completed,1777553764161815,2,,,1777553764145971,1777553764161815,1777553764145971,1777553764161815,,,,client-2-3,Insert,7609664,200,15844
client,client_request,completed,1777553764176348,2,,,1777553764161939,1777553764176348,1777553764161939,1777553764176348,,,,client-2-3,Insert,1400445,200,14409
client,client_request,completed,1777553764188821,2,,,1777553764179841,1777553764188821,1777553764179841,1777553764188821,,,,client-2-3,Remove,8708440,200,8980
client,client_request,completed,1777553764200396,2,,,1777553764191166,1777553764200396,1777553764191166,1777553764200396,,,,client-2-3,Remove,10060634,200,9230
client,client_request,completed,1777553764211509,2,,,1777553764202493,1777553764211509,1777553764202493,1777553764211509,,,,client-2-3,Insert,-8800187,200,9016
client,client_request,completed,1777553764226475,2,,,1777553764214623,1777553764226475,1777553764214623,1777553764226475,,,,client-2-3,Insert,10372269,200,11852
client,client_request,completed,1777553764246331,2,,,1777553764226606,1777553764246331,1777553764226606,1777553764246331,,,,client-2-3,Insert,9478527,200,19725
client,client_request,completed,1777553764267165,2,,,1777553764250342,1777553764267165,1777553764250342,1777553764267165,,,,client-2-3,Remove,13645771,200,16823
client,client_request,completed,1777553764280499,2,,,1777553764269960,1777553764280499,1777553764269960,1777553764280499,,,,client-2-3,Insert,9149224,200,10539
client,client_request,completed,1777553764304519,2,,,1777553764291494,1777553764304519,1777553764291494,1777553764304519,,,,client-2-3,Remove,10521689,200,13025
client,client_request,completed,1777553764314188,2,,,1777553764304635,1777553764314188,1777553764304635,1777553764314188,,,,client-2-3,Insert,-8236394,200,9553
client,client_request,completed,1777553764325416,2,,,1777553764315518,1777553764325416,1777553764315518,1777553764325416,,,,client-2-3,Insert,6516198,200,9898
client,client_request,completed,1777553764335096,2,,,1777553764325546,1777553764335096,1777553764325546,1777553764335096,,,,client-2-3,Remove,3451844,200,9550
client,client_request,completed,1777553764344945,2,,,1777553764336876,1777553764344945,1777553764336876,1777553764344945,,,,client-2-3,Insert,-4566857,200,8069
client,client_request,completed,1777553764352901,2,,,1777553764345049,1777553764352901,1777553764345049,1777553764352901,,,,client-2-3,Remove,-3262788,200,7852
client,client_request,completed,1777553764379280,2,,,1777553764354316,1777553764379280,1777553764354316,1777553764379280,,,,client-2-3,Insert,-6792408,200,24964
client,client_request,completed,1777553764389013,2,,,1777553764382683,1777553764389013,1777553764382683,1777553764389013,,,,client-2-3,Insert,8943607,200,6330
client,client_request,completed,1777553764404530,2,,,1777553764389115,1777553764404530,1777553764389115,1777553764404530,,,,client-2-3,Remove,-3782903,200,15415
client,client_request,completed,1777553764422202,2,,,1777553764407798,1777553764422202,1777553764407798,1777553764422202,,,,client-2-3,Remove,5543920,200,14404
client,client_request,completed,1777553764434602,2,,,1777553764423404,1777553764434602,1777553764423404,1777553764434602,,,,client-2-3,Insert,-12263671,200,11198
client,client_request,completed,1777553764454844,2,,,1777553764436057,1777553764454844,1777553764436057,1777553764454844,,,,client-2-3,Remove,-6181564,200,18787
client,client_request,completed,1777553764464792,2,,,1777553764456500,1777553764464792,1777553764456500,1777553764464792,,,,client-2-3,Remove,9622403,200,8292
client,client_request,completed,1777553764481055,2,,,1777553764468562,1777553764481055,1777553764468562,1777553764481055,,,,client-2-3,Remove,11746282,200,12493
client,client_request,completed,1777553764497208,2,,,1777553764483896,1777553764497208,1777553764483896,1777553764497208,,,,client-2-3,Insert,13726255,200,13312
client,client_request,completed,1777553764508534,2,,,1777553764497348,1777553764508534,1777553764497348,1777553764508534,,,,client-2-3,Remove,5356084,200,11186
client,client_request,completed,1777553764528528,2,,,1777553764509206,1777553764528528,1777553764509206,1777553764528528,,,,client-2-3,Remove,7087083,200,19322
client,client_request,completed,1777553764538124,2,,,1777553764528904,1777553764538124,1777553764528904,1777553764538124,,,,client-2-3,Insert,-4074703,200,9220
client,client_request,completed,1777553764549972,2,,,1777553764538247,1777553764549972,1777553764538247,1777553764549972,,,,client-2-3,Remove,-10286622,200,11725
client,client_request,completed,1777553764555240,2,,,1777553764550072,1777553764555240,1777553764550072,1777553764555240,,,,client-2-3,Remove,11055429,200,5168
client,client_request,completed,1777553764564854,2,,,1777553764556079,1777553764564854,1777553764556079,1777553764564854,,,,client-2-3,Remove,-2523692,200,8775
client,client_request,completed,1777553764572040,2,,,1777553764565276,1777553764572040,1777553764565276,1777553764572040,,,,client-2-3,Remove,13505002,200,6764
client,client_request,completed,1777553764577564,2,,,1777553764572888,1777553764577564,1777553764572888,1777553764577564,,,,client-2-3,Insert,11435632,200,4676
client,client_request,completed,1777553764583981,2,,,1777553764578250,1777553764583981,1777553764578250,1777553764583981,,,,client-2-3,Remove,6834768,200,5731
client,client_request,completed,1777553764588205,2,,,1777553764584458,1777553764588205,1777553764584458,1777553764588205,,,,client-2-3,Remove,5542250,200,3747
client,client_request,completed,1777553764594895,2,,,1777553764589198,1777553764594895,1777553764589198,1777553764594895,,,,client-2-3,Insert,-5594361,200,5697
client,client_request,completed,1777553764607189,2,,,1777553764595390,1777553764607189,1777553764595390,1777553764607189,,,,client-2-3,Insert,-8049089,200,11799
client,client_request,completed,1777553764618781,2,,,1777553764608406,1777553764618781,1777553764608406,1777553764618781,,,,client-2-3,Insert,-2937715,200,10375
client,client_request,completed,1777553764640616,2,,,1777553764624444,1777553764640616,1777553764624444,1777553764640616,,,,client-2-3,Remove,-7040570,200,16172
client,client_request,completed,1777553764667397,2,,,1777553764643878,1777553764667397,1777553764643878,1777553764667397,,,,client-2-3,Remove,319344,200,23519
client,client_request,completed,1777553764686665,2,,,1777553764669312,1777553764686665,1777553764669312,1777553764686665,,,,client-2-3,Insert,-16104967,200,17353
client,client_request,completed,1777553764698000,2,,,1777553764688291,1777553764698000,1777553764688291,1777553764698000,,,,client-2-3,Insert,-8165508,200,9709
client,client_request,completed,1777553764708248,2,,,1777553764699294,1777553764708248,1777553764699294,1777553764708248,,,,client-2-3,Remove,15195110,200,8954
client,client_request,completed,1777553764721009,2,,,1777553764710556,1777553764721009,1777553764710556,1777553764721009,,,,client-2-3,Remove,16060549,200,10453
client,client_request,completed,1777553764733458,2,,,1777553764721135,1777553764733458,1777553764721135,1777553764733458,,,,client-2-3,Remove,-10777669,200,12323
client,client_request,completed,1777553764752259,2,,,1777553764734610,1777553764752259,1777553764734610,1777553764752259,,,,client-2-3,Remove,-8058202,200,17649
client,client_request,completed,1777553764760370,2,,,1777553764752770,1777553764760370,1777553764752770,1777553764760370,,,,client-2-3,Remove,-11159848,200,7600
client,client_request,completed,1777553764830628,2,,,1777553764763090,1777553764830628,1777553764763090,1777553764830628,,,,client-2-3,Insert,-16739743,200,67538
client,client_request,completed,1777553764844979,2,,,1777553764832777,1777553764844979,1777553764832777,1777553764844979,,,,client-2-3,Insert,-1353743,200,12202
client,client_request,completed,1777553764855214,2,,,1777553764846279,1777553764855214,1777553764846279,1777553764855214,,,,client-2-3,Remove,-4549633,200,8935
client,client_request,completed,1777553764868363,2,,,1777553764855325,1777553764868363,1777553764855325,1777553764868363,,,,client-2-3,Remove,-5649573,200,13038
client,client_request,completed,1777553764888888,2,,,1777553764869165,1777553764888888,1777553764869165,1777553764888888,,,,client-2-3,Insert,-8759417,200,19723
client,client_request,completed,1777553764910410,2,,,1777553764899343,1777553764910410,1777553764899343,1777553764910410,,,,client-2-3,Remove,-5202009,200,11067
client,client_request,completed,1777553764926118,2,,,1777553764910548,1777553764926118,1777553764910548,1777553764926118,,,,client-2-3,Insert,16084478,200,15570
client,client_request,completed,1777553764936323,2,,,1777553764926265,1777553764936323,1777553764926265,1777553764936323,,,,client-2-3,Remove,13534771,200,10058
client,client_request,completed,1777553764949108,2,,,1777553764940719,1777553764949108,1777553764940719,1777553764949108,,,,client-2-3,Remove,-16757001,200,8389
client,client_request,completed,1777553764960886,2,,,1777553764949213,1777553764960886,1777553764949213,1777553764960886,,,,client-2-3,Insert,5085088,200,11673
client,client_request,completed,1777553764977089,2,,,1777553764963656,1777553764977089,1777553764963656,1777553764977089,,,,client-2-3,Insert,702464,200,13433
client,client_request,completed,1777553764987577,2,,,1777553764978790,1777553764987577,1777553764978790,1777553764987577,,,,client-2-3,Insert,-12029680,200,8787
client,client_request,completed,1777553765003623,2,,,1777553764989342,1777553765003623,1777553764989342,1777553765003623,,,,client-2-3,Remove,3668925,200,14281
client,client_request,completed,1777553765015641,2,,,1777553765004812,1777553765015641,1777553765004812,1777553765015641,,,,client-2-3,Insert,-14797429,200,10829
client,client_request,completed,1777553765031073,2,,,1777553765017467,1777553765031073,1777553765017467,1777553765031073,,,,client-2-3,Remove,16419107,200,13606
client,client_request,completed,1777553765048695,2,,,1777553765033224,1777553765048695,1777553765033224,1777553765048695,,,,client-2-3,Remove,-9214592,200,15471
client,client_request,completed,1777553765061645,2,,,1777553765050306,1777553765061645,1777553765050306,1777553765061645,,,,client-2-3,Insert,10400678,200,11339
client,client_request,completed,1777553765071111,2,,,1777553765062470,1777553765071111,1777553765062470,1777553765071111,,,,client-2-3,Remove,9457175,200,8641
client,client_request,completed,1777553765081591,2,,,1777553765072220,1777553765081591,1777553765072220,1777553765081591,,,,client-2-3,Insert,14064373,200,9371
client,client_request,completed,1777553765098908,2,,,1777553765082585,1777553765098908,1777553765082585,1777553765098908,,,,client-2-3,Remove,7122865,200,16323
client,client_request,completed,1777553765107549,2,,,1777553765104123,1777553765107549,1777553765104123,1777553765107549,,,,client-2-3,Insert,-4853583,200,3426
client,client_request,completed,1777553765126700,2,,,1777553765112218,1777553765126700,1777553765112218,1777553765126700,,,,client-2-3,Insert,-6996805,200,14482
client,client_request,completed,1777553765140417,2,,,1777553765126828,1777553765140417,1777553765126828,1777553765140417,,,,client-2-3,Insert,11233049,200,13589
client,client_request,completed,1777553765161264,2,,,1777553765143425,1777553765161264,1777553765143425,1777553765161264,,,,client-2-3,Insert,240974,200,17839
client,client_request,completed,1777553765180599,2,,,1777553765161381,1777553765180599,1777553765161381,1777553765180599,,,,client-2-3,Remove,-8366046,200,19218
client,client_request,completed,1777553765197013,2,,,1777553765183328,1777553765197013,1777553765183328,1777553765197013,,,,client-2-3,Remove,12917856,200,13685
client,client_request,completed,1777553765219487,2,,,1777553765199620,1777553765219487,1777553765199620,1777553765219487,,,,client-2-3,Remove,-5012415,200,19867
client,client_request,completed,1777553765236538,2,,,1777553765223822,1777553765236538,1777553765223822,1777553765236538,,,,client-2-3,Insert,6246599,200,12716
client,client_request,completed,1777553765271071,2,,,1777553765239516,1777553765271071,1777553765239516,1777553765271071,,,,client-2-3,Insert,16743559,200,31555
client,client_request,completed,1777553765286525,2,,,1777553765271186,1777553765286525,1777553765271186,1777553765286525,,,,client-2-3,Remove,16714625,200,15339
client,client_request,completed,1777553765306522,2,,,1777553765287683,1777553765306522,1777553765287683,1777553765306522,,,,client-2-3,Remove,-1351871,200,18839
client,client_request,completed,1777553765318100,2,,,1777553765306648,1777553765318100,1777553765306648,1777553765318100,,,,client-2-3,Insert,-11772912,200,11452
client,client_request,completed,1777553765332888,2,,,1777553765318860,1777553765332888,1777553765318860,1777553765332888,,,,client-2-3,Insert,-857633,200,14028
client,client_request,completed,1777553765350349,2,,,1777553765335885,1777553765350349,1777553765335885,1777553765350349,,,,client-2-3,Insert,-7916990,200,14464
client,client_request,completed,1777553765384690,2,,,1777553765355625,1777553765384690,1777553765355625,1777553765384690,,,,client-2-3,Remove,-4164948,200,29065
client,client_request,completed,1777553765406616,2,,,1777553765384823,1777553765406616,1777553765384823,1777553765406616,,,,client-2-3,Insert,8620374,200,21793
client,client_request,completed,1777553765421274,2,,,1777553765407552,1777553765421274,1777553765407552,1777553765421274,,,,client-2-3,Remove,-12730087,200,13722
client,client_request,completed,1777553765428976,2,,,1777553765421384,1777553765428976,1777553765421384,1777553765428976,,,,client-2-3,Insert,11447249,200,7592
client,client_request,completed,1777553765436690,2,,,1777553765429080,1777553765436690,1777553765429080,1777553765436690,,,,client-2-3,Insert,-10630798,200,7610
client,client_request,completed,1777553765455877,2,,,1777553765436811,1777553765455877,1777553765436811,1777553765455877,,,,client-2-3,Insert,115096,200,19066
client,client_request,completed,1777553765465626,2,,,1777553765457014,1777553765465626,1777553765457014,1777553765465626,,,,client-2-3,Remove,-1463069,200,8612
client,client_request,completed,1777553765480506,2,,,1777553765465754,1777553765480506,1777553765465754,1777553765480506,,,,client-2-3,Insert,5026805,200,14752
client,client_request,completed,1777553765495407,2,,,1777553765481181,1777553765495407,1777553765481181,1777553765495407,,,,client-2-3,Insert,-9990035,200,14226
client,client_request,completed,1777553765518169,2,,,1777553765496950,1777553765518169,1777553765496950,1777553765518169,,,,client-2-3,Insert,4639876,200,21219
client,client_request,completed,1777553765528353,2,,,1777553765518337,1777553765528353,1777553765518337,1777553765528353,,,,client-2-3,Remove,15609489,200,10016
client,client_request,completed,1777553765537082,2,,,1777553765530721,1777553765537082,1777553765530721,1777553765537082,,,,client-2-3,Remove,-13431660,200,6361
client,client_request,completed,1777553765545709,2,,,1777553765537685,1777553765545709,1777553765537685,1777553765545709,,,,client-2-3,Insert,6220779,200,8024
client,client_request,completed,1777553765552344,2,,,1777553765546222,1777553765552344,1777553765546222,1777553765552344,,,,client-2-3,Remove,5874313,200,6122
client,client_request,completed,1777553765557724,2,,,1777553765552390,1777553765557724,1777553765552390,1777553765557724,,,,client-2-3,Remove,9340676,200,5334
client,client_request,completed,1777553765562983,2,,,1777553765558466,1777553765562983,1777553765558466,1777553765562983,,,,client-2-3,Remove,5547113,200,4517
client,client_request,completed,1777553765571790,2,,,1777553765563025,1777553765571790,1777553765563025,1777553765571790,,,,client-2-3,Remove,-2994409,200,8765
client,client_request,completed,1777553765577891,2,,,1777553765571851,1777553765577891,1777553765571851,1777553765577891,,,,client-2-3,Remove,-16309420,200,6040
client,client_request,completed,1777553765583777,2,,,1777553765578492,1777553765583777,1777553765578492,1777553765583777,,,,client-2-3,Remove,13450956,200,5285
client,client_request,completed,1777553765589842,2,,,1777553765584332,1777553765589842,1777553765584332,1777553765589842,,,,client-2-3,Remove,7175058,200,5510
client,client_request,completed,1777553765599625,2,,,1777553765589967,1777553765599625,1777553765589967,1777553765599625,,,,client-2-3,Insert,-9213770,200,9658
client,client_request,completed,1777553765616100,2,,,1777553765601426,1777553765616100,1777553765601426,1777553765616100,,,,client-2-3,Remove,-14996385,200,14674
client,client_request,completed,1777553765635596,2,,,1777553765616215,1777553765635596,1777553765616215,1777553765635596,,,,client-2-3,Insert,-5656939,200,19381
client,client_request,completed,1777553765648257,2,,,1777553765638315,1777553765648257,1777553765638315,1777553765648257,,,,client-2-3,Remove,7891555,200,9942
client,client_request,completed,1777553765661122,2,,,1777553765649613,1777553765661122,1777553765649613,1777553765661122,,,,client-2-3,Remove,15714017,200,11509
client,client_request,completed,1777553765681242,2,,,1777553765661585,1777553765681242,1777553765661585,1777553765681242,,,,client-2-3,Remove,7053084,200,19657
client,client_request,completed,1777553765699941,2,,,1777553765681363,1777553765699941,1777553765681363,1777553765699941,,,,client-2-3,Remove,-11400081,200,18578
client,client_request,completed,1777553765714290,2,,,1777553765702485,1777553765714290,1777553765702485,1777553765714290,,,,client-2-3,Remove,295497,200,11805
client,client_request,completed,1777553765725851,2,,,1777553765715453,1777553765725851,1777553765715453,1777553765725851,,,,client-2-3,Remove,13258863,200,10398
client,client_request,completed,1777553765746824,2,,,1777553765728160,1777553765746824,1777553765728160,1777553765746824,,,,client-2-3,Insert,10606705,200,18664
client,client_request,completed,1777553765769385,2,,,1777553765746968,1777553765769385,1777553765746968,1777553765769385,,,,client-2-3,Remove,-14191734,200,22417
client,client_request,completed,1777553765830950,2,,,1777553765769512,1777553765830950,1777553765769512,1777553765830950,,,,client-2-3,Insert,2582096,200,61438
client,client_request,completed,1777553765839718,2,,,1777553765831893,1777553765839718,1777553765831893,1777553765839718,,,,client-2-3,Remove,7092633,200,7825
client,client_request,completed,1777553765854069,2,,,1777553765841073,1777553765854069,1777553765841073,1777553765854069,,,,client-2-3,Remove,-7504484,200,12996
client,client_request,completed,1777553765864845,2,,,1777553765855134,1777553765864845,1777553765855134,1777553765864845,,,,client-2-3,Remove,-4971988,200,9711
client,client_request,completed,1777553765878316,2,,,1777553765866770,1777553765878316,1777553765866770,1777553765878316,,,,client-2-3,Insert,-6052209,200,11546
client,client_request,completed,1777553765888283,2,,,1777553765880119,1777553765888283,1777553765880119,1777553765888283,,,,client-2-3,Insert,-6847713,200,8164
client,client_request,completed,1777553765903965,2,,,1777553765888397,1777553765903965,1777553765888397,1777553765903965,,,,client-2-3,Remove,-1304335,200,15568
client,client_request,completed,1777553765914088,2,,,1777553765904027,1777553765914088,1777553765904027,1777553765914088,,,,client-2-3,Remove,-9450775,200,10061
client,client_request,completed,1777553765925912,2,,,1777553765914159,1777553765925912,1777553765914159,1777553765925912,,,,client-2-3,Remove,4578921,200,11753
client,client_request,completed,1777553765940780,2,,,1777553765928130,1777553765940780,1777553765928130,1777553765940780,,,,client-2-3,Remove,-11242215,200,12650
client,client_request,completed,1777553765954747,2,,,1777553765943038,1777553765954747,1777553765943038,1777553765954747,,,,client-2-3,Insert,5867580,200,11709
client,client_request,completed,1777553765965338,2,,,1777553765954852,1777553765965338,1777553765954852,1777553765965338,,,,client-2-3,Insert,12057177,200,10486
client,client_request,completed,1777553765980977,2,,,1777553765967587,1777553765980977,1777553765967587,1777553765980977,,,,client-2-3,Remove,10309001,200,13390
client,client_request,completed,1777553765996940,2,,,1777553765981660,1777553765996940,1777553765981660,1777553765996940,,,,client-2-3,Remove,10673580,200,15280
client,client_request,completed,1777553766009366,2,,,1777553765997040,1777553766009366,1777553765997040,1777553766009366,,,,client-2-3,Remove,5277457,200,12326
client,client_request,completed,1777553766020030,2,,,1777553766010080,1777553766020030,1777553766010080,1777553766020030,,,,client-2-3,Insert,3960053,200,9950
client,client_request,completed,1777553766027185,2,,,1777553766020832,1777553766027185,1777553766020832,1777553766027185,,,,client-2-3,Insert,-1148262,200,6353
client,client_request,completed,1777553766039325,2,,,1777553766027588,1777553766039325,1777553766027588,1777553766039325,,,,client-2-3,Insert,-12131847,200,11737
client,client_request,completed,1777553766053696,2,,,1777553766039430,1777553766053696,1777553766039430,1777553766053696,,,,client-2-3,Insert,-4863541,200,14266
client,client_request,completed,1777553766057667,2,,,1777553766053777,1777553766057667,1777553766053777,1777553766057667,,,,client-2-3,Insert,15429569,200,3890
client,client_request,completed,1777553766070063,2,,,1777553766058708,1777553766070063,1777553766058708,1777553766070063,,,,client-2-3,Insert,-11127028,200,11355
client,client_request,completed,1777553766080928,2,,,1777553766070194,1777553766080928,1777553766070194,1777553766080928,,,,client-2-3,Insert,-6625718,200,10734
client,client_request,completed,1777553766094217,2,,,1777553766081962,1777553766094217,1777553766081962,1777553766094217,,,,client-2-3,Insert,-1317088,200,12255
client,client_request,completed,1777553766104547,2,,,1777553766095445,1777553766104547,1777553766095445,1777553766104547,,,,client-2-3,Insert,12562862,200,9102
client,client_request,completed,1777553766116808,2,,,1777553766105320,1777553766116808,1777553766105320,1777553766116808,,,,client-2-3,Remove,-7370347,200,11488
client,client_request,completed,1777553766130583,2,,,1777553766120014,1777553766130583,1777553766120014,1777553766130583,,,,client-2-3,Remove,-12638901,200,10569
client,client_request,completed,1777553766148509,2,,,1777553766130714,1777553766148509,1777553766130714,1777553766148509,,,,client-2-3,Remove,5299821,200,17795
client,client_request,completed,1777553766160535,2,,,1777553766148611,1777553766160535,1777553766148611,1777553766160535,,,,client-2-3,Insert,-11494219,200,11924
client,client_request,completed,1777553766170471,2,,,1777553766162124,1777553766170471,1777553766162124,1777553766170471,,,,client-2-3,Insert,-16658810,200,8347
client,client_request,completed,1777553766182915,2,,,1777553766171354,1777553766182915,1777553766171354,1777553766182915,,,,client-2-3,Remove,8302146,200,11561
client,client_request,completed,1777553766192718,2,,,1777553766182995,1777553766192718,1777553766182995,1777553766192718,,,,client-2-3,Remove,-1936024,200,9723
client,client_request,completed,1777553766212000,2,,,1777553766194748,1777553766212000,1777553766194748,1777553766212000,,,,client-2-3,Insert,9528675,200,17252
client,client_request,completed,1777553766246359,2,,,1777553766212882,1777553766246359,1777553766212882,1777553766246359,,,,client-2-3,Remove,-15226950,200,33477
client,client_request,completed,1777553766253790,2,,,1777553766247871,1777553766253790,1777553766247871,1777553766253790,,,,client-2-3,Insert,-11152180,200,5919
client,client_request,completed,1777553766260665,2,,,1777553766254294,1777553766260665,1777553766254294,1777553766260665,,,,client-2-3,Insert,5547657,200,6371
client,client_request,completed,1777553766266164,2,,,1777553766261591,1777553766266164,1777553766261591,1777553766266164,,,,client-2-3,Remove,-5244203,200,4573
client,client_request,completed,1777553766273275,2,,,1777553766266222,1777553766273275,1777553766266222,1777553766273275,,,,client-2-3,Insert,-8190224,200,7053
client,client_request,completed,1777553766282883,2,,,1777553766274377,1777553766282883,1777553766274377,1777553766282883,,,,client-2-3,Insert,-16679441,200,8506
client,client_request,completed,1777553766298227,2,,,1777553766284115,1777553766298227,1777553766284115,1777553766298227,,,,client-2-3,Insert,7602108,200,14112
client,client_request,completed,1777553766324591,2,,,1777553766300001,1777553766324591,1777553766300001,1777553766324591,,,,client-2-3,Remove,-9327544,200,24590
client,client_request,completed,1777553766340589,2,,,1777553766325812,1777553766340589,1777553766325812,1777553766340589,,,,client-2-3,Insert,-9558392,200,14777
client,client_request,completed,1777553766359004,2,,,1777553766341432,1777553766359004,1777553766341432,1777553766359004,,,,client-2-3,Insert,-6805175,200,17572
client,client_request,completed,1777553766369689,2,,,1777553766359153,1777553766369689,1777553766359153,1777553766369689,,,,client-2-3,Insert,-16333495,200,10536
client,client_request,completed,1777553766382919,2,,,1777553766369805,1777553766382919,1777553766369805,1777553766382919,,,,client-2-3,Remove,370182,200,13114
client,client_request,completed,1777553766395422,2,,,1777553766383026,1777553766395422,1777553766383026,1777553766395422,,,,client-2-3,Insert,-14053984,200,12396
client,client_request,completed,1777553766405679,2,,,1777553766396674,1777553766405679,1777553766396674,1777553766405679,,,,client-2-3,Remove,-9057181,200,9005
client,client_request,completed,1777553766427584,2,,,1777553766405856,1777553766427584,1777553766405856,1777553766427584,,,,client-2-3,Insert,8434169,200,21728
client,client_request,completed,1777553766445214,2,,,1777553766431270,1777553766445214,1777553766431270,1777553766445214,,,,client-2-3,Remove,13201562,200,13944
client,client_request,completed,1777553766466300,2,,,1777553766445336,1777553766466300,1777553766445336,1777553766466300,,,,client-2-3,Insert,-9244481,200,20964
client,client_request,completed,1777553766482674,2,,,1777553766467844,1777553766482674,1777553766467844,1777553766482674,,,,client-2-3,Remove,-14043132,200,14830
client,client_request,completed,1777553766494063,2,,,1777553766483535,1777553766494063,1777553766483535,1777553766494063,,,,client-2-3,Insert,-2130686,200,10528
client,client_request,completed,1777553766506298,2,,,1777553766494178,1777553766506298,1777553766494178,1777553766506298,,,,client-2-3,Remove,7549020,200,12120
client,client_request,completed,1777553766518111,2,,,1777553766507666,1777553766518111,1777553766507666,1777553766518111,,,,client-2-3,Insert,5689270,200,10445
client,client_request,completed,1777553766538486,2,,,1777553766520633,1777553766538486,1777553766520633,1777553766538486,,,,client-2-3,Remove,1044494,200,17853
client,client_request,completed,1777553766549895,2,,,1777553766538636,1777553766549895,1777553766538636,1777553766549895,,,,client-2-3,Insert,-7064730,200,11259
client,client_request,completed,1777553766557427,2,,,1777553766550430,1777553766557427,1777553766550430,1777553766557427,,,,client-2-3,Remove,-11286458,200,6997
client,client_request,completed,1777553766562988,2,,,1777553766557725,1777553766562988,1777553766557725,1777553766562988,,,,client-2-3,Remove,-3641944,200,5263
client,client_request,completed,1777553766573177,2,,,1777553766563921,1777553766573177,1777553766563921,1777553766573177,,,,client-2-3,Remove,10585324,200,9256
client,client_request,completed,1777553766580412,2,,,1777553766573283,1777553766580412,1777553766573283,1777553766580412,,,,client-2-3,Insert,-16033675,200,7129
client,client_request,completed,1777553766586657,2,,,1777553766580681,1777553766586657,1777553766580681,1777553766586657,,,,client-2-3,Remove,-6489737,200,5976
client,client_request,completed,1777553766595376,2,,,1777553766586784,1777553766595376,1777553766586784,1777553766595376,,,,client-2-3,Remove,-12102610,200,8592
client,client_request,completed,1777553766606954,2,,,1777553766595653,1777553766606954,1777553766595653,1777553766606954,,,,client-2-3,Remove,-4577687,200,11301
client,client_request,completed,1777553766616826,2,,,1777553766607692,1777553766616826,1777553766607692,1777553766616826,,,,client-2-3,Insert,14358932,200,9134
client,client_request,completed,1777553766633411,2,,,1777553766617649,1777553766633411,1777553766617649,1777553766633411,,,,client-2-3,Insert,3347016,200,15762
client,client_request,completed,1777553766648840,2,,,1777553766633518,1777553766648840,1777553766633518,1777553766648840,,,,client-2-3,Insert,6543931,200,15322
client,client_request,completed,1777553766665077,2,,,1777553766651434,1777553766665077,1777553766651434,1777553766665077,,,,client-2-3,Insert,10427041,200,13643
client,client_request,completed,1777553766676565,2,,,1777553766665179,1777553766676565,1777553766665179,1777553766676565,,,,client-2-3,Remove,13981939,200,11386
client,client_request,completed,1777553766697513,2,,,1777553766677541,1777553766697513,1777553766677541,1777553766697513,,,,client-2-3,Insert,6749725,200,19972
client,client_request,completed,1777553766707009,2,,,1777553766697646,1777553766707009,1777553766697646,1777553766707009,,,,client-2-3,Remove,3857531,200,9363
client,client_request,completed,1777553766725019,2,,,1777553766709509,1777553766725019,1777553766709509,1777553766725019,,,,client-2-3,Remove,13934090,200,15510
client,client_request,completed,1777553766748389,2,,,1777553766726293,1777553766748389,1777553766726293,1777553766748389,,,,client-2-3,Insert,-13365245,200,22096
client,client_request,completed,1777553766762233,2,,,1777553766749101,1777553766762233,1777553766749101,1777553766762233,,,,client-2-3,Insert,-9146158,200,13132
client,client_request,completed,1777553766830626,2,,,1777553766763621,1777553766830626,1777553766763621,1777553766830626,,,,client-2-3,Insert,-4262748,200,67005
client,client_request,completed,1777553766839876,2,,,1777553766831242,1777553766839876,1777553766831242,1777553766839876,,,,client-2-3,Remove,4490389,200,8634
client,client_request,completed,1777553766849225,2,,,1777553766840754,1777553766849225,1777553766840754,1777553766849225,,,,client-2-3,Remove,-2700833,200,8471
client,client_request,completed,1777553766861461,2,,,1777553766849324,1777553766861461,1777553766849324,1777553766861461,,,,client-2-3,Insert,-10236484,200,12137
client,client_request,completed,1777553766870756,2,,,1777553766861558,1777553766870756,1777553766861558,1777553766870756,,,,client-2-3,Insert,573579,200,9198
client,client_request,completed,1777553766888017,2,,,1777553766871823,1777553766888017,1777553766871823,1777553766888017,,,,client-2-3,Insert,15016504,200,16194
client,client_request,completed,1777553766901732,2,,,1777553766888467,1777553766901732,1777553766888467,1777553766901732,,,,client-2-3,Remove,-9494747,200,13265
client,client_request,completed,1777553766918869,2,,,1777553766902861,1777553766918869,1777553766902861,1777553766918869,,,,client-2-3,Insert,5656414,200,16008
client,client_request,completed,1777553766938501,2,,,1777553766923934,1777553766938501,1777553766923934,1777553766938501,,,,client-2-3,Insert,-32619,200,14567
client,client_request,completed,1777553766953117,2,,,1777553766939165,1777553766953117,1777553766939165,1777553766953117,,,,client-2-3,Remove,-9169007,200,13952
client,client_request,completed,1777553766965768,2,,,1777553766955246,1777553766965768,1777553766955246,1777553766965768,,,,client-2-3,Insert,-11313122,200,10522
client,client_request,completed,1777553766976120,2,,,1777553766965866,1777553766976120,1777553766965866,1777553766976120,,,,client-2-3,Insert,9409146,200,10254
client,client_request,completed,1777553766986291,2,,,1777553766977120,1777553766986291,1777553766977120,1777553766986291,,,,client-2-3,Insert,-10610322,200,9171
client,client_request,completed,1777553766995996,2,,,1777553766987737,1777553766995996,1777553766987737,1777553766995996,,,,client-2-3,Insert,-12357762,200,8259
client,client_request,completed,1777553767008904,2,,,1777553766996096,1777553767008904,1777553766996096,1777553767008904,,,,client-2-3,Remove,16019899,200,12808
client,client_request,completed,1777553767016965,2,,,1777553767009186,1777553767016965,1777553767009186,1777553767016965,,,,client-2-3,Remove,-6593147,200,7779
client,client_request,completed,1777553767029200,2,,,1777553767017807,1777553767029200,1777553767017807,1777553767029200,,,,client-2-3,Remove,15266996,200,11393
client,client_request,completed,1777553767042986,2,,,1777553767030567,1777553767042986,1777553767030567,1777553767042986,,,,client-2-3,Remove,-15305469,200,12419
client,client_request,completed,1777553767055643,2,,,1777553767044107,1777553767055643,1777553767044107,1777553767055643,,,,client-2-3,Remove,12082364,200,11536
client,client_request,completed,1777553767069915,2,,,1777553767056648,1777553767069915,1777553767056648,1777553767069915,,,,client-2-3,Remove,4945402,200,13267
client,client_request,completed,1777553767077958,2,,,1777553767071547,1777553767077958,1777553767071547,1777553767077958,,,,client-2-3,Insert,12991974,200,6411
client,client_request,completed,1777553767095794,2,,,1777553767078996,1777553767095794,1777553767078996,1777553767095794,,,,client-2-3,Insert,-3032805,200,16798
client,client_request,completed,1777553767105695,2,,,1777553767095903,1777553767105695,1777553767095903,1777553767105695,,,,client-2-3,Insert,13735784,200,9792
client,client_request,completed,1777553767112902,2,,,1777553767105800,1777553767112902,1777553767105800,1777553767112902,,,,client-2-3,Insert,-14539823,200,7102
client,client_request,completed,1777553767124801,2,,,1777553767113001,1777553767124801,1777553767113001,1777553767124801,,,,client-2-3,Insert,14152919,200,11800
client,client_request,completed,1777553767137111,2,,,1777553767126721,1777553767137111,1777553767126721,1777553767137111,,,,client-2-3,Insert,12728400,200,10390
client,client_request,completed,1777553767149049,2,,,1777553767137888,1777553767149049,1777553767137888,1777553767149049,,,,client-2-3,Insert,2284875,200,11161
client,client_request,completed,1777553767157663,2,,,1777553767149161,1777553767157663,1777553767149161,1777553767157663,,,,client-2-3,Insert,-11547957,200,8502
client,client_request,completed,1777553767171051,2,,,1777553767158583,1777553767171051,1777553767158583,1777553767171051,,,,client-2-3,Remove,1451464,200,12468
client,client_request,completed,1777553767187245,2,,,1777553767171153,1777553767187245,1777553767171153,1777553767187245,,,,client-2-3,Insert,16686067,200,16092
client,client_request,completed,1777553767202731,2,,,1777553767188608,1777553767202731,1777553767188608,1777553767202731,,,,client-2-3,Remove,-6550814,200,14123
client,client_request,completed,1777553767216506,2,,,1777553767203844,1777553767216506,1777553767203844,1777553767216506,,,,client-2-3,Remove,11912931,200,12662
client,client_request,completed,1777553767232019,2,,,1777553767217762,1777553767232019,1777553767217762,1777553767232019,,,,client-2-3,Insert,1633881,200,14257
client,client_request,completed,1777553767241273,2,,,1777553767232639,1777553767241273,1777553767232639,1777553767241273,,,,client-2-3,Insert,-6480720,200,8634
client,client_request,completed,1777553767252704,2,,,1777553767241363,1777553767252704,1777553767241363,1777553767252704,,,,client-2-3,Insert,-10355563,200,11341
client,client_request,completed,1777553767265797,2,,,1777553767254150,1777553767265797,1777553767254150,1777553767265797,,,,client-2-3,Insert,-1568747,200,11647
client,client_request,completed,1777553767280764,2,,,1777553767269222,1777553767280764,1777553767269222,1777553767280764,,,,client-2-3,Remove,2465238,200,11542
client,client_request,completed,1777553767292935,2,,,1777553767280881,1777553767292935,1777553767280881,1777553767292935,,,,client-2-3,Remove,10716316,200,12054
client,client_request,completed,1777553767311957,2,,,1777553767294889,1777553767311957,1777553767294889,1777553767311957,,,,client-2-3,Insert,-2076991,200,17068
client,client_request,completed,1777553767328976,2,,,1777553767312898,1777553767328976,1777553767312898,1777553767328976,,,,client-2-3,Insert,14164563,200,16078
client,client_request,completed,1777553767337397,2,,,1777553767329084,1777553767337397,1777553767329084,1777553767337397,,,,client-2-3,Remove,-14317111,200,8313
client,client_request,completed,1777553767347587,2,,,1777553767337492,1777553767347587,1777553767337492,1777553767347587,,,,client-2-3,Insert,7404053,200,10095
client,client_request,completed,1777553767358264,2,,,1777553767348401,1777553767358264,1777553767348401,1777553767358264,,,,client-2-3,Insert,-4470669,200,9863
client,client_request,completed,1777553767372147,2,,,1777553767359105,1777553767372147,1777553767359105,1777553767372147,,,,client-2-3,Insert,-4241287,200,13042
client,client_request,completed,1777553767388489,2,,,1777553767375017,1777553767388489,1777553767375017,1777553767388489,,,,client-2-3,Remove,-7239207,200,13472
client,client_request,completed,1777553767403359,2,,,1777553767389127,1777553767403359,1777553767389127,1777553767403359,,,,client-2-3,Remove,8173781,200,14232
client,client_request,completed,1777553767417359,2,,,1777553767406533,1777553767417359,1777553767406533,1777553767417359,,,,client-2-3,Insert,-406603,200,10826
client,client_request,completed,1777553767433814,2,,,1777553767418920,1777553767433814,1777553767418920,1777553767433814,,,,client-2-3,Remove,13082781,200,14894
client,client_request,completed,1777553767448172,2,,,1777553767434541,1777553767448172,1777553767434541,1777553767448172,,,,client-2-3,Insert,-6253625,200,13631
client,client_request,completed,1777553767460758,2,,,1777553767450108,1777553767460758,1777553767450108,1777553767460758,,,,client-2-3,Insert,15720383,200,10650
client,client_request,completed,1777553767486258,2,,,1777553767460868,1777553767486258,1777553767460868,1777553767486258,,,,client-2-3,Remove,7847460,200,25390
client,client_request,completed,1777553767500858,2,,,1777553767488169,1777553767500858,1777553767488169,1777553767500858,,,,client-2-3,Remove,-11791218,200,12689
client,client_request,completed,1777553767513776,2,,,1777553767500963,1777553767513776,1777553767500963,1777553767513776,,,,client-2-3,Remove,-13026130,200,12813
client,client_request,completed,1777553767532032,2,,,1777553767515108,1777553767532032,1777553767515108,1777553767532032,,,,client-2-3,Insert,-1156409,200,16924
client,client_request,completed,1777553767543766,2,,,1777553767537682,1777553767543766,1777553767537682,1777553767543766,,,,client-2-3,Remove,9447608,200,6084
client,client_request,completed,1777553767552096,2,,,1777553767544404,1777553767552096,1777553767544404,1777553767552096,,,,client-2-3,Insert,-3974378,200,7692
client,client_request,completed,1777553767557747,2,,,1777553767552227,1777553767557747,1777553767552227,1777553767557747,,,,client-2-3,Insert,7356944,200,5520
client,client_request,completed,1777553767563291,2,,,1777553767557842,1777553767563291,1777553767557842,1777553767563291,,,,client-2-3,Remove,12486476,200,5449
client,client_request,completed,1777553767568972,2,,,1777553767564090,1777553767568972,1777553767564090,1777553767568972,,,,client-2-3,Insert,1734512,200,4882
client,client_request,completed,1777553767582622,2,,,1777553767569811,1777553767582622,1777553767569811,1777553767582622,,,,client-2-3,Insert,-8696181,200,12811
client,client_request,completed,1777553767588781,2,,,1777553767582757,1777553767588781,1777553767582757,1777553767588781,,,,client-2-3,Remove,2081696,200,6024
client,client_request,completed,1777553767594849,2,,,1777553767589314,1777553767594849,1777553767589314,1777553767594849,,,,client-2-3,Insert,13470863,200,5535
client,client_request,completed,1777553767607276,2,,,1777553767594967,1777553767607276,1777553767594967,1777553767607276,,,,client-2-3,Insert,-5736666,200,12309
client,client_request,completed,1777553767622841,2,,,1777553767607399,1777553767622841,1777553767607399,1777553767622841,,,,client-2-3,Insert,16229158,200,15442
client,client_request,completed,1777553767632634,2,,,1777553767624282,1777553767632634,1777553767624282,1777553767632634,,,,client-2-3,Remove,5799303,200,8352
client,client_request,completed,1777553767645290,2,,,1777553767632741,1777553767645290,1777553767632741,1777553767645290,,,,client-2-3,Insert,-2603563,200,12549
client,client_request,completed,1777553767655501,2,,,1777553767646011,1777553767655501,1777553767646011,1777553767655501,,,,client-2-3,Insert,-6302102,200,9490
client,client_request,completed,1777553767666170,2,,,1777553767656451,1777553767666170,1777553767656451,1777553767666170,,,,client-2-3,Remove,14863158,200,9719
client,client_request,completed,1777553767684166,2,,,1777553767669268,1777553767684166,1777553767669268,1777553767684166,,,,client-2-3,Insert,7608324,200,14898
client,client_request,completed,1777553767701386,2,,,1777553767684755,1777553767701386,1777553767684755,1777553767701386,,,,client-2-3,Insert,-3417106,200,16631
client,client_request,completed,1777553767711071,2,,,1777553767702885,1777553767711071,1777553767702885,1777553767711071,,,,client-2-3,Insert,-4380862,200,8186
client,client_request,completed,1777553767722326,2,,,1777553767712995,1777553767722326,1777553767712995,1777553767722326,,,,client-2-3,Remove,15072932,200,9331
client,client_request,completed,1777553767733333,2,,,1777553767722444,1777553767733333,1777553767722444,1777553767733333,,,,client-2-3,Remove,10520956,200,10889
client,client_request,completed,1777553767743182,2,,,1777553767733445,1777553767743182,1777553767733445,1777553767743182,,,,client-2-3,Insert,6362590,200,9737
client,client_request,completed,1777553767831225,2,,,1777553767747776,1777553767831225,1777553767747776,1777553767831225,,,,client-2-3,Remove,-1302116,200,83449
client,client_request,completed,1777553767839126,2,,,1777553767832647,1777553767839126,1777553767832647,1777553767839126,,,,client-2-3,Remove,-11803774,200,6479
client,client_request,completed,1777553767845069,2,,,1777553767841523,1777553767845069,1777553767841523,1777553767845069,,,,client-2-3,Insert,-9329253,200,3546
client,client_request,completed,1777553767859622,2,,,1777553767845162,1777553767859622,1777553767845162,1777553767859622,,,,client-2-3,Insert,11327770,200,14460
client,client_request,completed,1777553767874337,2,,,1777553767860507,1777553767874337,1777553767860507,1777553767874337,,,,client-2-3,Remove,-681789,200,13830
client,client_request,completed,1777553767886641,2,,,1777553767874398,1777553767886641,1777553767874398,1777553767886641,,,,client-2-3,Insert,-14364247,200,12243
client,client_request,completed,1777553767902033,2,,,1777553767887269,1777553767902033,1777553767887269,1777553767902033,,,,client-2-3,Insert,16646873,200,14764
client,client_request,completed,1777553767913646,2,,,1777553767903082,1777553767913646,1777553767903082,1777553767913646,,,,client-2-3,Remove,-8366507,200,10564
client,client_request,completed,1777553767924378,2,,,1777553767914390,1777553767924378,1777553767914390,1777553767924378,,,,client-2-3,Insert,13639595,200,9988
client,client_request,completed,1777553767935584,2,,,1777553767925084,1777553767935584,1777553767925084,1777553767935584,,,,client-2-3,Insert,-1207938,200,10500
client,client_request,completed,1777553767948670,2,,,1777553767936955,1777553767948670,1777553767936955,1777553767948670,,,,client-2-3,Insert,-10426619,200,11715
client,client_request,completed,1777553767961395,2,,,1777553767948849,1777553767961395,1777553767948849,1777553767961395,,,,client-2-3,Remove,5350465,200,12546
client,client_request,completed,1777553767974777,2,,,1777553767962496,1777553767974777,1777553767962496,1777553767974777,,,,client-2-3,Remove,15104555,200,12281
client,client_request,completed,1777553767986153,2,,,1777553767975586,1777553767986153,1777553767975586,1777553767986153,,,,client-2-3,Insert,-4648740,200,10567
client,client_request,completed,1777553768000894,2,,,1777553767990479,1777553768000894,1777553767990479,1777553768000894,,,,client-2-3,Remove,12265677,200,10415
client,client_request,completed,1777553768008225,2,,,1777553768001435,1777553768008225,1777553768001435,1777553768008225,,,,client-2-3,Remove,16278082,200,6790
client,client_request,completed,1777553768019403,2,,,1777553768009116,1777553768019403,1777553768009116,1777553768019403,,,,client-2-3,Remove,10050117,200,10287
client,client_request,completed,1777553768035135,2,,,1777553768019877,1777553768035135,1777553768019877,1777553768035135,,,,client-2-3,Insert,12361724,200,15258
client,client_request,completed,1777553768053155,2,,,1777553768036532,1777553768053155,1777553768036532,1777553768053155,,,,client-2-3,Insert,-989990,200,16623
client,client_request,completed,1777553768067123,2,,,1777553768055261,1777553768067123,1777553768055261,1777553768067123,,,,client-2-3,Insert,80919,200,11862
client,client_request,completed,1777553768079744,2,,,1777553768068521,1777553768079744,1777553768068521,1777553768079744,,,,client-2-3,Insert,-13879430,200,11223
client,client_request,completed,1777553768090536,2,,,1777553768080324,1777553768090536,1777553768080324,1777553768090536,,,,client-2-3,Remove,8595446,200,10212
client,client_request,completed,1777553768104838,2,,,1777553768091734,1777553768104838,1777553768091734,1777553768104838,,,,client-2-3,Remove,4681127,200,13104
client,client_request,completed,1777553768116845,2,,,1777553768105732,1777553768116845,1777553768105732,1777553768116845,,,,client-2-3,Remove,-3010119,200,11113
client,client_request,completed,1777553768131891,2,,,1777553768117415,1777553768131891,1777553768117415,1777553768131891,,,,client-2-3,Remove,-16503339,200,14476
client,client_request,completed,1777553768141589,2,,,1777553768132408,1777553768141589,1777553768132408,1777553768141589,,,,client-2-3,Insert,9507632,200,9181
client,client_request,completed,1777553768149248,2,,,1777553768141695,1777553768149248,1777553768141695,1777553768149248,,,,client-2-3,Remove,11270005,200,7553
client,client_request,completed,1777553768159611,2,,,1777553768149345,1777553768159611,1777553768149345,1777553768159611,,,,client-2-3,Insert,-10723123,200,10266
client,client_request,completed,1777553768171161,2,,,1777553768159967,1777553768171161,1777553768159967,1777553768171161,,,,client-2-3,Remove,-14427316,200,11194
client,client_request,completed,1777553768186674,2,,,1777553768171269,1777553768186674,1777553768171269,1777553768186674,,,,client-2-3,Insert,-13161804,200,15405
client,client_request,completed,1777553768203629,2,,,1777553768186809,1777553768203629,1777553768186809,1777553768203629,,,,client-2-3,Insert,11814510,200,16820
client,client_request,completed,1777553768216480,2,,,1777553768204685,1777553768216480,1777553768204685,1777553768216480,,,,client-2-3,Insert,-7494247,200,11795
client,client_request,completed,1777553768227392,2,,,1777553768216665,1777553768227392,1777553768216665,1777553768227392,,,,client-2-3,Insert,-9672726,200,10727
client,client_request,completed,1777553768240867,2,,,1777553768228332,1777553768240867,1777553768228332,1777553768240867,,,,client-2-3,Remove,-14391120,200,12535
client,client_request,completed,1777553768255986,2,,,1777553768241504,1777553768255986,1777553768241504,1777553768255986,,,,client-2-3,Insert,485487,200,14482
client,client_request,completed,1777553768266941,2,,,1777553768256358,1777553768266941,1777553768256358,1777553768266941,,,,client-2-3,Insert,-10326032,200,10583
client,client_request,completed,1777553768280715,2,,,1777553768267052,1777553768280715,1777553768267052,1777553768280715,,,,client-2-3,Insert,10866081,200,13663
client,client_request,completed,1777553768294888,2,,,1777553768284112,1777553768294888,1777553768284112,1777553768294888,,,,client-2-3,Insert,16054100,200,10776
client,client_request,completed,1777553768306996,2,,,1777553768295483,1777553768306996,1777553768295483,1777553768306996,,,,client-2-3,Insert,-4228627,200,11513
client,client_request,completed,1777553768318517,2,,,1777553768307313,1777553768318517,1777553768307313,1777553768318517,,,,client-2-3,Insert,3829046,200,11204
client,client_request,completed,1777553768334531,2,,,1777553768321596,1777553768334531,1777553768321596,1777553768334531,,,,client-2-3,Remove,-743650,200,12935
client,client_request,completed,1777553768344679,2,,,1777553768334633,1777553768344679,1777553768334633,1777553768344679,,,,client-2-3,Insert,11755537,200,10046
client,client_request,completed,1777553768362093,2,,,1777553768344793,1777553768362093,1777553768344793,1777553768362093,,,,client-2-3,Insert,-12359275,200,17300
client,client_request,completed,1777553768373567,2,,,1777553768362215,1777553768373567,1777553768362215,1777553768373567,,,,client-2-3,Insert,-9170044,200,11352
client,client_request,completed,1777553768386510,2,,,1777553768374155,1777553768386510,1777553768374155,1777553768386510,,,,client-2-3,Insert,14144758,200,12355
client,client_request,completed,1777553768398625,2,,,1777553768387857,1777553768398625,1777553768387857,1777553768398625,,,,client-2-3,Insert,-2254090,200,10768
client,client_request,completed,1777553768414722,2,,,1777553768399747,1777553768414722,1777553768399747,1777553768414722,,,,client-2-3,Remove,6452765,200,14975
client,client_request,completed,1777553768423658,2,,,1777553768415683,1777553768423658,1777553768415683,1777553768423658,,,,client-2-3,Remove,13885182,200,7975
client,client_request,completed,1777553768442162,2,,,1777553768427151,1777553768442162,1777553768427151,1777553768442162,,,,client-2-3,Remove,-16107469,200,15011
client,client_request,completed,1777553768453263,2,,,1777553768442426,1777553768453263,1777553768442426,1777553768453263,,,,client-2-3,Insert,-6403826,200,10837
client,client_request,completed,1777553768461063,2,,,1777553768454520,1777553768461063,1777553768454520,1777553768461063,,,,client-2-3,Remove,-16530722,200,6543
client,client_request,completed,1777553768475799,2,,,1777553768461532,1777553768475799,1777553768461532,1777553768475799,,,,client-2-3,Insert,11475930,200,14267
client,client_request,completed,1777553768489041,2,,,1777553768475897,1777553768489041,1777553768475897,1777553768489041,,,,client-2-3,Insert,-4880182,200,13144
client,client_request,completed,1777553768498546,2,,,1777553768490142,1777553768498546,1777553768490142,1777553768498546,,,,client-2-3,Remove,-8719492,200,8404
client,client_request,completed,1777553768508416,2,,,1777553768499045,1777553768508416,1777553768499045,1777553768508416,,,,client-2-3,Insert,13630723,200,9371
client,client_request,completed,1777553768517799,2,,,1777553768508511,1777553768517799,1777553768508511,1777553768517799,,,,client-2-3,Remove,10578124,200,9288
client,client_request,completed,1777553768527796,2,,,1777553768518097,1777553768527796,1777553768518097,1777553768527796,,,,client-2-3,Remove,-11812780,200,9699
client,client_request,completed,1777553768538070,2,,,1777553768528242,1777553768538070,1777553768528242,1777553768538070,,,,client-2-3,Remove,7830925,200,9828
client,client_request,completed,1777553768548152,2,,,1777553768540350,1777553768548152,1777553768540350,1777553768548152,,,,client-2-3,Insert,10029307,200,7802
client,client_request,completed,1777553768553522,2,,,1777553768548214,1777553768553522,1777553768548214,1777553768553522,,,,client-2-3,Insert,-13213369,200,5308
client,client_request,completed,1777553768560184,2,,,1777553768553557,1777553768560184,1777553768553557,1777553768560184,,,,client-2-3,Insert,-1959797,200,6627
client,client_request,completed,1777553768566528,2,,,1777553768560231,1777553768566528,1777553768560231,1777553768566528,,,,client-2-3,Remove,708681,200,6297
client,client_request,completed,1777553768572959,2,,,1777553768566590,1777553768572959,1777553768566590,1777553768572959,,,,client-2-3,Insert,-11582923,200,6369
client,client_request,completed,1777553768579016,2,,,1777553768573021,1777553768579016,1777553768573021,1777553768579016,,,,client-2-3,Insert,3088969,200,5995
client,client_request,completed,1777553768585003,2,,,1777553768579120,1777553768585003,1777553768579120,1777553768585003,,,,client-2-3,Insert,4699769,200,5883
client,client_request,completed,1777553768591120,2,,,1777553768585127,1777553768591120,1777553768585127,1777553768591120,,,,client-2-3,Insert,-9623099,200,5993
client,client_request,completed,1777553768598085,2,,,1777553768591234,1777553768598085,1777553768591234,1777553768598085,,,,client-2-3,Insert,10322128,200,6851
client,client_request,completed,1777553768607008,2,,,1777553768598247,1777553768607008,1777553768598247,1777553768607008,,,,client-2-3,Remove,-554901,200,8761
client,client_request,completed,1777553768619011,2,,,1777553768607109,1777553768619011,1777553768607109,1777553768619011,,,,client-2-3,Remove,-2556897,200,11902
client,client_request,completed,1777553768627618,2,,,1777553768619739,1777553768627618,1777553768619739,1777553768627618,,,,client-2-3,Remove,-12911671,200,7879
client,client_request,completed,1777553768635735,2,,,1777553768627711,1777553768635735,1777553768627711,1777553768635735,,,,client-2-3,Remove,503177,200,8024
client,client_request,completed,1777553768650554,2,,,1777553768639982,1777553768650554,1777553768639982,1777553768650554,,,,client-2-3,Remove,-13862764,200,10572
client,client_request,completed,1777553768668004,2,,,1777553768650758,1777553768668004,1777553768650758,1777553768668004,,,,client-2-3,Remove,-10403910,200,17246
client,client_request,completed,1777553768684531,2,,,1777553768668107,1777553768684531,1777553768668107,1777553768684531,,,,client-2-3,Remove,-6659564,200,16424
client,client_request,completed,1777553768699076,2,,,1777553768685642,1777553768699076,1777553768685642,1777553768699076,,,,client-2-3,Remove,10929306,200,13434
client,client_request,completed,1777553768705436,2,,,1777553768699787,1777553768705436,1777553768699787,1777553768705436,,,,client-2-3,Remove,-11832512,200,5649
client,client_request,completed,1777553768715997,2,,,1777553768706294,1777553768715997,1777553768706294,1777553768715997,,,,client-2-3,Insert,10070304,200,9703
client,client_request,completed,1777553768729615,2,,,1777553768716258,1777553768729615,1777553768716258,1777553768729615,,,,client-2-3,Insert,-8201277,200,13357
client,client_request,completed,1777553768737856,2,,,1777553768730104,1777553768737856,1777553768730104,1777553768737856,,,,client-2-3,Insert,-13566763,200,7752
client,client_request,completed,1777553768749484,2,,,1777553768737953,1777553768749484,1777553768737953,1777553768749484,,,,client-2-3,Remove,8287663,200,11531
client,client_request,completed,1777553768756526,2,,,1777553768750370,1777553768756526,1777553768750370,1777553768756526,,,,client-2-3,Insert,-5586870,200,6156
client,client_request,completed,1777553768765638,2,,,1777553768756619,1777553768765638,1777553768756619,1777553768765638,,,,client-2-3,Insert,9313215,200,9019
client,client_request,completed,1777553768832351,2,,,1777553768766419,1777553768832351,1777553768766419,1777553768832351,,,,client-2-3,Insert,-3279846,200,65932
client,client_request,completed,1777553768851637,2,,,1777553768836223,1777553768851637,1777553768836223,1777553768851637,,,,client-2-3,Insert,-485842,200,15414
client,client_request,completed,1777553768863748,2,,,1777553768852742,1777553768863748,1777553768852742,1777553768863748,,,,client-2-3,Insert,77330,200,11006
client,client_request,completed,1777553768879471,2,,,1777553768865892,1777553768879471,1777553768865892,1777553768879471,,,,client-2-3,Remove,6735802,200,13579
client,client_request,completed,1777553768894207,2,,,1777553768880338,1777553768894207,1777553768880338,1777553768894207,,,,client-2-3,Remove,-1610191,200,13869
client,client_request,completed,1777553768914764,2,,,1777553768896287,1777553768914764,1777553768896287,1777553768914764,,,,client-2-3,Insert,3214656,200,18477
client,client_request,completed,1777553768926054,2,,,1777553768915090,1777553768926054,1777553768915090,1777553768926054,,,,client-2-3,Insert,-8329548,200,10964
client,client_request,completed,1777553768935703,2,,,1777553768926147,1777553768935703,1777553768926147,1777553768935703,,,,client-2-3,Remove,14868900,200,9556
client,client_request,completed,1777553768947846,2,,,1777553768935811,1777553768947846,1777553768935811,1777553768947846,,,,client-2-3,Insert,-16534689,200,12035
client,client_request,completed,1777553768958055,2,,,1777553768947972,1777553768958055,1777553768947972,1777553768958055,,,,client-2-3,Insert,13829004,200,10083
client,client_request,completed,1777553768972144,2,,,1777553768958146,1777553768972144,1777553768958146,1777553768972144,,,,client-2-3,Remove,-15218840,200,13998
client,client_request,completed,1777553768989094,2,,,1777553768972738,1777553768989094,1777553768972738,1777553768989094,,,,client-2-3,Insert,6624201,200,16356
client,client_request,completed,1777553768996036,2,,,1777553768989190,1777553768996036,1777553768989190,1777553768996036,,,,client-2-3,Insert,4763881,200,6846
client,client_request,completed,1777553769006386,2,,,1777553768996194,1777553769006386,1777553768996194,1777553769006386,,,,client-2-3,Insert,10301828,200,10192
client,client_request,completed,1777553769017577,2,,,1777553769006477,1777553769017577,1777553769006477,1777553769017577,,,,client-2-3,Insert,9739054,200,11100
client,client_request,completed,1777553769027129,2,,,1777553769017679,1777553769027129,1777553769017679,1777553769027129,,,,client-2-3,Remove,-14828666,200,9450
client,client_request,completed,1777553769040376,2,,,1777553769027626,1777553769040376,1777553769027626,1777553769040376,,,,client-2-3,Insert,1050725,200,12750
client,client_request,completed,1777553769053301,2,,,1777553769040493,1777553769053301,1777553769040493,1777553769053301,,,,client-2-3,Insert,-13084380,200,12808
client,client_request,completed,1777553769063564,2,,,1777553769053474,1777553769063564,1777553769053474,1777553769063564,,,,client-2-3,Insert,-9830729,200,10090
client,client_request,completed,1777553769073299,2,,,1777553769063672,1777553769073299,1777553769063672,1777553769073299,,,,client-2-3,Insert,14063810,200,9627
client,client_request,completed,1777553769085513,2,,,1777553769074152,1777553769085513,1777553769074152,1777553769085513,,,,client-2-3,Remove,-10489663,200,11361
client,client_request,completed,1777553769104761,2,,,1777553769085609,1777553769104761,1777553769085609,1777553769104761,,,,client-2-3,Remove,12688200,200,19152
client,client_request,completed,1777553769120481,2,,,1777553769105550,1777553769120481,1777553769105550,1777553769120481,,,,client-2-3,Remove,-5696409,200,14931
client,client_request,completed,1777553769131651,2,,,1777553769120589,1777553769131651,1777553769120589,1777553769131651,,,,client-2-3,Insert,-15138693,200,11062
client,client_request,completed,1777553769139708,2,,,1777553769132152,1777553769139708,1777553769132152,1777553769139708,,,,client-2-3,Remove,-16221342,200,7556
client,client_request,completed,1777553769155488,2,,,1777553769142502,1777553769155488,1777553769142502,1777553769155488,,,,client-2-3,Remove,7268187,200,12986
client,client_request,completed,1777553769169143,2,,,1777553769156112,1777553769169143,1777553769156112,1777553769169143,,,,client-2-3,Insert,-6293380,200,13031
client,client_request,completed,1777553769177243,2,,,1777553769169242,1777553769177243,1777553769169242,1777553769177243,,,,client-2-3,Remove,-4857621,200,8001
client,client_request,completed,1777553769190570,2,,,1777553769178150,1777553769190570,1777553769178150,1777553769190570,,,,client-2-3,Insert,10301590,200,12420
client,client_request,completed,1777553769203261,2,,,1777553769191490,1777553769203261,1777553769191490,1777553769203261,,,,client-2-3,Insert,-8929981,200,11771
client,client_request,completed,1777553769212101,2,,,1777553769203363,1777553769212101,1777553769203363,1777553769212101,,,,client-2-3,Remove,11970892,200,8738
client,client_request,completed,1777553769223404,2,,,1777553769212908,1777553769223404,1777553769212908,1777553769223404,,,,client-2-3,Insert,12775922,200,10496
client,client_request,completed,1777553769233897,2,,,1777553769225760,1777553769233897,1777553769225760,1777553769233897,,,,client-2-3,Insert,16757092,200,8137
client,client_request,completed,1777553769246203,2,,,1777553769234588,1777553769246203,1777553769234588,1777553769246203,,,,client-2-3,Remove,12760043,200,11615
client,client_request,completed,1777553769259385,2,,,1777553769247680,1777553769259385,1777553769247680,1777553769259385,,,,client-2-3,Insert,13414138,200,11705
client,client_request,completed,1777553769271511,2,,,1777553769259789,1777553769271511,1777553769259789,1777553769271511,,,,client-2-3,Insert,-10044338,200,11722
client,client_request,completed,1777553769288764,2,,,1777553769272247,1777553769288764,1777553769272247,1777553769288764,,,,client-2-3,Remove,8746409,200,16517
client,client_request,completed,1777553769301270,2,,,1777553769290543,1777553769301270,1777553769290543,1777553769301270,,,,client-2-3,Remove,7966779,200,10727
client,client_request,completed,1777553769313706,2,,,1777553769302455,1777553769313706,1777553769302455,1777553769313706,,,,client-2-3,Remove,1853051,200,11251
client,client_request,completed,1777553769322542,2,,,1777553769314340,1777553769322542,1777553769314340,1777553769322542,,,,client-2-3,Remove,2903319,200,8202
client,client_request,completed,1777553769332888,2,,,1777553769323180,1777553769332888,1777553769323180,1777553769332888,,,,client-2-3,Remove,13143500,200,9708
client,client_request,completed,1777553769349966,2,,,1777553769336078,1777553769349966,1777553769336078,1777553769349966,,,,client-2-3,Insert,12622128,200,13888
client,client_request,completed,1777553769361377,2,,,1777553769351609,1777553769361377,1777553769351609,1777553769361377,,,,client-2-3,Insert,-10962477,200,9768
client,client_request,completed,1777553769372051,2,,,1777553769361967,1777553769372051,1777553769361967,1777553769372051,,,,client-2-3,Remove,9468663,200,10084
client,client_request,completed,1777553769382979,2,,,1777553769373088,1777553769382979,1777553769373088,1777553769382979,,,,client-2-3,Insert,-6439492,200,9891
client,client_request,completed,1777553769393592,2,,,1777553769383964,1777553769393592,1777553769383964,1777553769393592,,,,client-2-3,Remove,-650710,200,9628
client,client_request,completed,1777553769403861,2,,,1777553769394973,1777553769403861,1777553769394973,1777553769403861,,,,client-2-3,Insert,-14453809,200,8888
client,client_request,completed,1777553769411635,2,,,1777553769403962,1777553769411635,1777553769403962,1777553769411635,,,,client-2-3,Insert,625410,200,7673
client,client_request,completed,1777553769424686,2,,,1777553769412378,1777553769424686,1777553769412378,1777553769424686,,,,client-2-3,Insert,-1081613,200,12308
client,client_request,completed,1777553769438649,2,,,1777553769426121,1777553769438649,1777553769426121,1777553769438649,,,,client-2-3,Insert,-6630966,200,12528
client,client_request,completed,1777553769448885,2,,,1777553769438908,1777553769448885,1777553769438908,1777553769448885,,,,client-2-3,Insert,-6017229,200,9977
client,client_request,completed,1777553769460899,2,,,1777553769449464,1777553769460899,1777553769449464,1777553769460899,,,,client-2-3,Insert,13011964,200,11435
client,client_request,completed,1777553769475286,2,,,1777553769461701,1777553769475286,1777553769461701,1777553769475286,,,,client-2-3,Insert,-4669049,200,13585
client,client_request,completed,1777553769484326,2,,,1777553769475646,1777553769484326,1777553769475646,1777553769484326,,,,client-2-3,Insert,10712409,200,8680
client,client_request,completed,1777553769494810,2,,,1777553769484456,1777553769494810,1777553769484456,1777553769494810,,,,client-2-3,Remove,-10704431,200,10354
client,client_request,completed,1777553769509973,2,,,1777553769495632,1777553769509973,1777553769495632,1777553769509973,,,,client-2-3,Insert,-6849446,200,14341
client,client_request,completed,1777553769522407,2,,,1777553769510080,1777553769522407,1777553769510080,1777553769522407,,,,client-2-3,Remove,375860,200,12327
client,client_request,completed,1777553769535278,2,,,1777553769522511,1777553769535278,1777553769522511,1777553769535278,,,,client-2-3,Remove,-12566943,200,12767
client,client_request,completed,1777553769542929,2,,,1777553769535947,1777553769542929,1777553769535947,1777553769542929,,,,client-2-3,Remove,14938861,200,6982
client,client_request,completed,1777553769551967,2,,,1777553769543592,1777553769551967,1777553769543592,1777553769551967,,,,client-2-3,Insert,4612346,200,8375
client,client_request,completed,1777553769562188,2,,,1777553769552061,1777553769562188,1777553769552061,1777553769562188,,,,client-2-3,Insert,638060,200,10127
client,client_request,completed,1777553769569905,2,,,1777553769562291,1777553769569905,1777553769562291,1777553769569905,,,,client-2-3,Insert,10356636,200,7614
client,client_request,completed,1777553769577070,2,,,1777553769570002,1777553769577070,1777553769570002,1777553769577070,,,,client-2-3,Insert,-11384407,200,7068
client,client_request,completed,1777553769583989,2,,,1777553769577170,1777553769583989,1777553769577170,1777553769583989,,,,client-2-3,Insert,14964157,200,6819
client,client_request,completed,1777553769591390,2,,,1777553769584084,1777553769591390,1777553769584084,1777553769591390,,,,client-2-3,Remove,2757511,200,7306
client,client_request,completed,1777553769599129,2,,,1777553769591485,1777553769599129,1777553769591485,1777553769599129,,,,client-2-3,Insert,-6562048,200,7644
client,client_request,completed,1777553769607969,2,,,1777553769599269,1777553769607969,1777553769599269,1777553769607969,,,,client-2-3,Insert,-11926251,200,8700
client,client_request,completed,1777553769618747,2,,,1777553769609125,1777553769618747,1777553769609125,1777553769618747,,,,client-2-3,Remove,-14195100,200,9622
client,client_request,completed,1777553769631487,2,,,1777553769618862,1777553769631487,1777553769618862,1777553769631487,,,,client-2-3,Remove,11458377,200,12625
client,client_request,completed,1777553769642059,2,,,1777553769632429,1777553769642059,1777553769632429,1777553769642059,,,,client-2-3,Insert,-15589118,200,9630
client,client_request,completed,1777553769651073,2,,,1777553769642879,1777553769651073,1777553769642879,1777553769651073,,,,client-2-3,Remove,-3097178,200,8194
client,client_request,completed,1777553769660551,2,,,1777553769651831,1777553769660551,1777553769651831,1777553769660551,,,,client-2-3,Insert,-12893980,200,8720
client,client_request,completed,1777553769673042,2,,,1777553769661319,1777553769673042,1777553769661319,1777553769673042,,,,client-2-3,Remove,-283673,200,11723
client,client_request,completed,1777553769684971,2,,,1777553769673397,1777553769684971,1777553769673397,1777553769684971,,,,client-2-3,Insert,-11809793,200,11574
client,client_request,completed,1777553769692986,2,,,1777553769685704,1777553769692986,1777553769685704,1777553769692986,,,,client-2-3,Remove,3482395,200,7282
client,client_request,completed,1777553769704462,2,,,1777553769693667,1777553769704462,1777553769693667,1777553769704462,,,,client-2-3,Remove,7804966,200,10795
client,client_request,completed,1777553769717603,2,,,1777553769704895,1777553769717603,1777553769704895,1777553769717603,,,,client-2-3,Remove,9416081,200,12708
client,client_request,completed,1777553769732052,2,,,1777553769717706,1777553769732052,1777553769717706,1777553769732052,,,,client-2-3,Remove,-14688936,200,14346
client,client_request,completed,1777553769744134,2,,,1777553769732162,1777553769744134,1777553769732162,1777553769744134,,,,client-2-3,Insert,7448559,200,11972
client,client_request,completed,1777553769758908,2,,,1777553769744445,1777553769758908,1777553769744445,1777553769758908,,,,client-2-3,Insert,93058,200,14463
client,client_request,completed,1777553769769102,2,,,1777553769759015,1777553769769102,1777553769759015,1777553769769102,,,,client-2-3,Insert,-598929,200,10087
client,client_request,completed,1777553769837893,2,,,1777553769771404,1777553769837893,1777553769771404,1777553769837893,,,,client-2-3,Remove,-15235621,200,66489
client,client_request,completed,1777553769850912,2,,,1777553769837994,1777553769850912,1777553769837994,1777553769850912,,,,client-2-3,Remove,5838299,200,12918
client,client_request,completed,1777553769864211,2,,,1777553769851600,1777553769864211,1777553769851600,1777553769864211,,,,client-2-3,Remove,3317442,200,12611
client,client_request,completed,1777553769878218,2,,,1777553769864939,1777553769878218,1777553769864939,1777553769878218,,,,client-2-3,Remove,13897339,200,13279
client,client_request,completed,1777553769894774,2,,,1777553769878321,1777553769894774,1777553769878321,1777553769894774,,,,client-2-3,Remove,16307407,200,16453
client,client_request,completed,1777553769911477,2,,,1777553769897176,1777553769911477,1777553769897176,1777553769911477,,,,client-2-3,Insert,-13156859,200,14301
client,client_request,completed,1777553769921483,2,,,1777553769911904,1777553769921483,1777553769911904,1777553769921483,,,,client-2-3,Insert,7462723,200,9579
client,client_request,completed,1777553769930831,2,,,1777553769921900,1777553769930831,1777553769921900,1777553769930831,,,,client-2-3,Remove,12938470,200,8931
client,client_request,completed,1777553769944615,2,,,1777553769931672,1777553769944615,1777553769931672,1777553769944615,,,,client-2-3,Remove,10747754,200,12943
client,client_request,completed,1777553769955785,2,,,1777553769944767,1777553769955785,1777553769944767,1777553769955785,,,,client-2-3,Remove,12002247,200,11018
client,client_request,completed,1777553769964665,2,,,1777553769955888,1777553769964665,1777553769955888,1777553769964665,,,,client-2-3,Remove,14203086,200,8777
client,client_request,completed,1777553769982317,2,,,1777553769966644,1777553769982317,1777553769966644,1777553769982317,,,,client-2-3,Remove,-13776207,200,15673
client,client_request,completed,1777553769994170,2,,,1777553769985303,1777553769994170,1777553769985303,1777553769994170,,,,client-2-3,Remove,12317382,200,8867
client,client_request,completed,1777553770009190,2,,,1777553769994291,1777553770009190,1777553769994291,1777553770009190,,,,client-2-3,Remove,1065417,200,14899
client,client_request,completed,1777553770021709,2,,,1777553770009575,1777553770021709,1777553770009575,1777553770021709,,,,client-2-3,Insert,-13027894,200,12134
client,client_request,completed,1777553770038416,2,,,1777553770024153,1777553770038416,1777553770024153,1777553770038416,,,,client-2-3,Insert,8742086,200,14263
client,client_request,completed,1777553770050372,2,,,1777553770038658,1777553770050372,1777553770038658,1777553770050372,,,,client-2-3,Remove,7765889,200,11714
client,client_request,completed,1777553770065335,2,,,1777553770051133,1777553770065335,1777553770051133,1777553770065335,,,,client-2-3,Remove,-16661771,200,14202
client,client_request,completed,1777553770078607,2,,,1777553770067320,1777553770078607,1777553770067320,1777553770078607,,,,client-2-3,Remove,-7698894,200,11287
client,client_request,completed,1777553770090283,2,,,1777553770080758,1777553770090283,1777553770080758,1777553770090283,,,,client-2-3,Remove,-3431183,200,9525
client,client_request,completed,1777553770099377,2,,,1777553770090850,1777553770099377,1777553770090850,1777553770099377,,,,client-2-3,Remove,15097798,200,8527
client,client_request,completed,1777553770111647,2,,,1777553770099497,1777553770111647,1777553770099497,1777553770111647,,,,client-2-3,Remove,-4635486,200,12150
client,client_request,completed,1777553770126686,2,,,1777553770112141,1777553770126686,1777553770112141,1777553770126686,,,,client-2-3,Remove,-4131194,200,14545
client,client_request,completed,1777553770139318,2,,,1777553770127689,1777553770139318,1777553770127689,1777553770139318,,,,client-2-3,Insert,-10132355,200,11629
client,client_request,completed,1777553770151263,2,,,1777553770139992,1777553770151263,1777553770139992,1777553770151263,,,,client-2-3,Insert,15901168,200,11271
client,client_request,completed,1777553770164699,2,,,1777553770151845,1777553770164699,1777553770151845,1777553770164699,,,,client-2-3,Remove,-15711543,200,12854
client,client_request,completed,1777553770175484,2,,,1777553770165235,1777553770175484,1777553770165235,1777553770175484,,,,client-2-3,Insert,-15683151,200,10249
client,client_request,completed,1777553770184511,2,,,1777553770176422,1777553770184511,1777553770176422,1777553770184511,,,,client-2-3,Insert,-8331142,200,8089
client,client_request,completed,1777553770198830,2,,,1777553770185291,1777553770198830,1777553770185291,1777553770198830,,,,client-2-3,Remove,-11854337,200,13539
client,client_request,completed,1777553770209738,2,,,1777553770199329,1777553770209738,1777553770199329,1777553770209738,,,,client-2-3,Remove,-62178,200,10409
client,client_request,completed,1777553770219421,2,,,1777553770210146,1777553770219421,1777553770210146,1777553770219421,,,,client-2-3,Insert,4253112,200,9275
client,client_request,completed,1777553770238077,2,,,1777553770221485,1777553770238077,1777553770221485,1777553770238077,,,,client-2-3,Insert,-7855138,200,16592
client,client_request,completed,1777553770259144,2,,,1777553770238896,1777553770259144,1777553770238896,1777553770259144,,,,client-2-3,Remove,11708482,200,20248
client,client_request,completed,1777553770271687,2,,,1777553770259272,1777553770271687,1777553770259272,1777553770271687,,,,client-2-3,Remove,9975619,200,12415
client,client_request,completed,1777553770283682,2,,,1777553770273061,1777553770283682,1777553770273061,1777553770283682,,,,client-2-3,Remove,-7352360,200,10621
client,client_request,completed,1777553770297258,2,,,1777553770283787,1777553770297258,1777553770283787,1777553770297258,,,,client-2-3,Remove,8800846,200,13471
client,client_request,completed,1777553770308165,2,,,1777553770297668,1777553770308165,1777553770297668,1777553770308165,,,,client-2-3,Insert,15085930,200,10497
client,client_request,completed,1777553770324424,2,,,1777553770311191,1777553770324424,1777553770311191,1777553770324424,,,,client-2-3,Remove,16619722,200,13233
client,client_request,completed,1777553770337717,2,,,1777553770325312,1777553770337717,1777553770325312,1777553770337717,,,,client-2-3,Remove,-10159985,200,12405
client,client_request,completed,1777553770353745,2,,,1777553770340144,1777553770353745,1777553770340144,1777553770353745,,,,client-2-3,Remove,-4406175,200,13601
client,client_request,completed,1777553770362760,2,,,1777553770354431,1777553770362760,1777553770354431,1777553770362760,,,,client-2-3,Remove,6187270,200,8329
client,client_request,completed,1777553770372966,2,,,1777553770363013,1777553770372966,1777553770363013,1777553770372966,,,,client-2-3,Insert,4387170,200,9953
client,client_request,completed,1777553770386474,2,,,1777553770374076,1777553770386474,1777553770374076,1777553770386474,,,,client-2-3,Remove,-8066479,200,12398
client,client_request,completed,1777553770397798,2,,,1777553770386588,1777553770397798,1777553770386588,1777553770397798,,,,client-2-3,Insert,854527,200,11210
client,client_request,completed,1777553770407971,2,,,1777553770397907,1777553770407971,1777553770397907,1777553770407971,,,,client-2-3,Remove,-6574967,200,10064
client,client_request,completed,1777553770415528,2,,,1777553770408745,1777553770415528,1777553770408745,1777553770415528,,,,client-2-3,Remove,14694904,200,6783
client,client_request,completed,1777553770434898,2,,,1777553770417791,1777553770434898,1777553770417791,1777553770434898,,,,client-2-3,Insert,-14117572,200,17107
client,client_request,completed,1777553770446747,2,,,1777553770434992,1777553770446747,1777553770434992,1777553770446747,,,,client-2-3,Remove,10126489,200,11755
client,client_request,completed,1777553770461270,2,,,1777553770447456,1777553770461270,1777553770447456,1777553770461270,,,,client-2-3,Insert,-6896355,200,13814
client,client_request,completed,1777553770471864,2,,,1777553770462305,1777553770471864,1777553770462305,1777553770471864,,,,client-2-3,Insert,-11709621,200,9559
client,client_request,completed,1777553770485157,2,,,1777553770474870,1777553770485157,1777553770474870,1777553770485157,,,,client-2-3,Insert,15224480,200,10287
client,client_request,completed,1777553770498020,2,,,1777553770485257,1777553770498020,1777553770485257,1777553770498020,,,,client-2-3,Insert,9384779,200,12763
client,client_request,completed,1777553770510848,2,,,1777553770498124,1777553770510848,1777553770498124,1777553770510848,,,,client-2-3,Remove,-1077753,200,12724
client,client_request,completed,1777553770529476,2,,,1777553770511061,1777553770529476,1777553770511061,1777553770529476,,,,client-2-3,Remove,-16481742,200,18415
client,client_request,completed,1777553770543010,2,,,1777553770530682,1777553770543010,1777553770530682,1777553770543010,,,,client-2-3,Insert,-12809025,200,12328
client,client_request,completed,1777553770560638,2,,,1777553770543127,1777553770560638,1777553770543127,1777553770560638,,,,client-2-3,Remove,-1229723,200,17511
client,client_request,completed,1777553770568570,2,,,1777553770560745,1777553770568570,1777553770560745,1777553770568570,,,,client-2-3,Insert,10633083,200,7825
client,client_request,completed,1777553770576459,2,,,1777553770568681,1777553770576459,1777553770568681,1777553770576459,,,,client-2-3,Remove,-11771644,200,7778
client,client_request,completed,1777553770584423,2,,,1777553770576565,1777553770584423,1777553770576565,1777553770584423,,,,client-2-3,Remove,-14695713,200,7858
client,client_request,completed,1777553770592369,2,,,1777553770584527,1777553770592369,1777553770584527,1777553770592369,,,,client-2-3,Remove,12430750,200,7842
client,client_request,completed,1777553770600610,2,,,1777553770592470,1777553770600610,1777553770592470,1777553770600610,,,,client-2-3,Insert,4126888,200,8140
client,client_request,completed,1777553770609334,2,,,1777553770600809,1777553770609334,1777553770600809,1777553770609334,,,,client-2-3,Insert,16186554,200,8525
client,client_request,completed,1777553770619250,2,,,1777553770609527,1777553770619250,1777553770609527,1777553770619250,,,,client-2-3,Remove,9760658,200,9723
client,client_request,completed,1777553770634627,2,,,1777553770619379,1777553770634627,1777553770619379,1777553770634627,,,,client-2-3,Remove,12114490,200,15248
client,client_request,completed,1777553770646017,2,,,1777553770634733,1777553770646017,1777553770634733,1777553770646017,,,,client-2-3,Remove,-3961457,200,11284
client,client_request,completed,1777553770665218,2,,,1777553770648837,1777553770665218,1777553770648837,1777553770665218,,,,client-2-3,Remove,-13966283,200,16381
client,client_request,completed,1777553770678753,2,,,1777553770665375,1777553770678753,1777553770665375,1777553770678753,,,,client-2-3,Insert,-7939988,200,13378
client,client_request,completed,1777553770690836,2,,,1777553770679855,1777553770690836,1777553770679855,1777553770690836,,,,client-2-3,Remove,-1715933,200,10981
client,client_request,completed,1777553770703937,2,,,1777553770690962,1777553770703937,1777553770690962,1777553770703937,,,,client-2-3,Insert,-2298487,200,12975
client,client_request,completed,1777553770717659,2,,,1777553770704073,1777553770717659,1777553770704073,1777553770717659,,,,client-2-3,Insert,3548688,200,13586
client,client_request,completed,1777553770735589,2,,,1777553770719737,1777553770735589,1777553770719737,1777553770735589,,,,client-2-3,Insert,-8666192,200,15852
client,client_request,completed,1777553770765717,2,,,1777553770740406,1777553770765717,1777553770740406,1777553770765717,,,,client-2-3,Remove,-7090427,200,25311
client,client_request,completed,1777553770833229,2,,,1777553770767768,1777553770833229,1777553770767768,1777553770833229,,,,client-2-3,Insert,-8736524,200,65461
client,client_request,completed,1777553770844935,2,,,1777553770833641,1777553770844935,1777553770833641,1777553770844935,,,,client-2-3,Remove,16563659,200,11294
client,client_request,completed,1777553770860924,2,,,1777553770845746,1777553770860924,1777553770845746,1777553770860924,,,,client-2-3,Remove,-2925463,200,15178
client,client_request,completed,1777553770872509,2,,,1777553770861608,1777553770872509,1777553770861608,1777553770872509,,,,client-2-3,Remove,1595831,200,10901
client,client_request,completed,1777553770888192,2,,,1777553770875958,1777553770888192,1777553770875958,1777553770888192,,,,client-2-3,Remove,-15018156,200,12234
client,client_request,completed,1777553770901014,2,,,1777553770888334,1777553770901014,1777553770888334,1777553770901014,,,,client-2-3,Remove,7976663,200,12680
client,client_request,completed,1777553770916791,2,,,1777553770902368,1777553770916791,1777553770902368,1777553770916791,,,,client-2-3,Remove,1473744,200,14423
client,client_request,completed,1777553770928590,2,,,1777553770917230,1777553770928590,1777553770917230,1777553770928590,,,,client-2-3,Remove,-1787450,200,11360
client,client_request,completed,1777553770941281,2,,,1777553770930343,1777553770941281,1777553770930343,1777553770941281,,,,client-2-3,Insert,6285237,200,10938
client,client_request,completed,1777553770958188,2,,,1777553770941388,1777553770958188,1777553770941388,1777553770958188,,,,client-2-3,Remove,-6900765,200,16800
client,client_request,completed,1777553770974271,2,,,1777553770960298,1777553770974271,1777553770960298,1777553770974271,,,,client-2-3,Insert,13000634,200,13973
client,client_request,completed,1777553770986338,2,,,1777553770974374,1777553770986338,1777553770974374,1777553770986338,,,,client-2-3,Insert,14652217,200,11964
client,client_request,completed,1777553771001701,2,,,1777553770987552,1777553771001701,1777553770987552,1777553771001701,,,,client-2-3,Remove,11406303,200,14149
client,client_request,completed,1777553771015112,2,,,1777553771003088,1777553771015112,1777553771003088,1777553771015112,,,,client-2-3,Insert,-8982945,200,12024
client,client_request,completed,1777553771027415,2,,,1777553771015753,1777553771027415,1777553771015753,1777553771027415,,,,client-2-3,Insert,816578,200,11662
client,client_request,completed,1777553771046999,2,,,1777553771031453,1777553771046999,1777553771031453,1777553771046999,,,,client-2-3,Insert,-8863324,200,15546
client,client_request,completed,1777553771062154,2,,,1777553771047413,1777553771062154,1777553771047413,1777553771062154,,,,client-2-3,Remove,-10299659,200,14741
client,client_request,completed,1777553771075022,2,,,1777553771063035,1777553771075022,1777553771063035,1777553771075022,,,,client-2-3,Insert,8870674,200,11987
client,client_request,completed,1777553771089574,2,,,1777553771075711,1777553771089574,1777553771075711,1777553771089574,,,,client-2-3,Remove,2021604,200,13863
client,client_request,completed,1777553771100935,2,,,1777553771089907,1777553771100935,1777553771089907,1777553771100935,,,,client-2-3,Remove,-15151538,200,11028
client,client_request,completed,1777553771116883,2,,,1777553771101867,1777553771116883,1777553771101867,1777553771116883,,,,client-2-3,Remove,14890038,200,15016
client,client_request,completed,1777553771130590,2,,,1777553771117499,1777553771130590,1777553771117499,1777553771130590,,,,client-2-3,Insert,15808634,200,13091
client,client_request,completed,1777553771149957,2,,,1777553771131031,1777553771149957,1777553771131031,1777553771149957,,,,client-2-3,Insert,11996377,200,18926
client,client_request,completed,1777553771161016,2,,,1777553771150072,1777553771161016,1777553771150072,1777553771161016,,,,client-2-3,Insert,4493939,200,10944
client,client_request,completed,1777553771173534,2,,,1777553771162446,1777553771173534,1777553771162446,1777553771173534,,,,client-2-3,Insert,10407797,200,11088
client,client_request,completed,1777553771184730,2,,,1777553771174547,1777553771184730,1777553771174547,1777553771184730,,,,client-2-3,Insert,-9877262,200,10183
client,client_request,completed,1777553771200144,2,,,1777553771184837,1777553771200144,1777553771184837,1777553771200144,,,,client-2-3,Insert,11384078,200,15307
client,client_request,completed,1777553771220057,2,,,1777553771201734,1777553771220057,1777553771201734,1777553771220057,,,,client-2-3,Insert,2037260,200,18323
client,client_request,completed,1777553771233068,2,,,1777553771220165,1777553771233068,1777553771220165,1777553771233068,,,,client-2-3,Insert,3203542,200,12903
client,client_request,completed,1777553771245012,2,,,1777553771234762,1777553771245012,1777553771234762,1777553771245012,,,,client-2-3,Insert,-2775894,200,10250
client,client_request,completed,1777553771258054,2,,,1777553771246583,1777553771258054,1777553771246583,1777553771258054,,,,client-2-3,Remove,-15641306,200,11471
client,client_request,completed,1777553771267787,2,,,1777553771258682,1777553771267787,1777553771258682,1777553771267787,,,,client-2-3,Remove,13828330,200,9105
client,client_request,completed,1777553771280766,2,,,1777553771269679,1777553771280766,1777553771269679,1777553771280766,,,,client-2-3,Insert,-15900390,200,11087
client,client_request,completed,1777553771290438,2,,,1777553771280906,1777553771290438,1777553771280906,1777553771290438,,,,client-2-3,Remove,-9721285,200,9532
client,client_request,completed,1777553771304273,2,,,1777553771290587,1777553771304273,1777553771290587,1777553771304273,,,,client-2-3,Insert,16496126,200,13686
client,client_request,completed,1777553771312986,2,,,1777553771304695,1777553771312986,1777553771304695,1777553771312986,,,,client-2-3,Insert,-11926980,200,8291
client,client_request,completed,1777553771322646,2,,,1777553771313062,1777553771322646,1777553771313062,1777553771322646,,,,client-2-3,Insert,-8433210,200,9584
client,client_request,completed,1777553771333737,2,,,1777553771323733,1777553771333737,1777553771323733,1777553771333737,,,,client-2-3,Remove,6652670,200,10004
client,client_request,completed,1777553771347882,2,,,1777553771333772,1777553771347882,1777553771333772,1777553771347882,,,,client-2-3,Remove,10545643,200,14110
client,client_request,completed,1777553771356845,2,,,1777553771348269,1777553771356845,1777553771348269,1777553771356845,,,,client-2-3,Remove,-6061098,200,8576
client,client_request,completed,1777553771367821,2,,,1777553771356915,1777553771367821,1777553771356915,1777553771367821,,,,client-2-3,Insert,-9482583,200,10906
client,client_request,completed,1777553771377570,2,,,1777553771367905,1777553771377570,1777553771367905,1777553771377570,,,,client-2-3,Insert,-11720653,200,9665
client,client_request,completed,1777553771391960,2,,,1777553771377716,1777553771391960,1777553771377716,1777553771391960,,,,client-2-3,Insert,-2665003,200,14244
client,client_request,completed,1777553771402755,2,,,1777553771392503,1777553771402755,1777553771392503,1777553771402755,,,,client-2-3,Insert,-6739181,200,10252
client,client_request,completed,1777553771412798,2,,,1777553771403335,1777553771412798,1777553771403335,1777553771412798,,,,client-2-3,Insert,13221542,200,9463
client,client_request,completed,1777553771422212,2,,,1777553771412929,1777553771422212,1777553771412929,1777553771422212,,,,client-2-3,Remove,7319633,200,9283
client,client_request,completed,1777553771434638,2,,,1777553771423347,1777553771434638,1777553771423347,1777553771434638,,,,client-2-3,Insert,12242924,200,11291
client,client_request,completed,1777553771446169,2,,,1777553771435166,1777553771446169,1777553771435166,1777553771446169,,,,client-2-3,Remove,932925,200,11003
client,client_request,completed,1777553771456687,2,,,1777553771446273,1777553771456687,1777553771446273,1777553771456687,,,,client-2-3,Insert,1878806,200,10414
client,client_request,completed,1777553771467198,2,,,1777553771457671,1777553771467198,1777553771457671,1777553771467198,,,,client-2-3,Remove,12524461,200,9527
client,client_request,completed,1777553771480615,2,,,1777553771467307,1777553771480615,1777553771467307,1777553771480615,,,,client-2-3,Insert,566687,200,13308
client,client_request,completed,1777553771497555,2,,,1777553771480713,1777553771497555,1777553771480713,1777553771497555,,,,client-2-3,Remove,2480892,200,16842
client,client_request,completed,1777553771508873,2,,,1777553771500167,1777553771508873,1777553771500167,1777553771508873,,,,client-2-3,Insert,-13689420,200,8706
client,client_request,completed,1777553771521224,2,,,1777553771509403,1777553771521224,1777553771509403,1777553771521224,,,,client-2-3,Insert,-11815372,200,11821
client,client_request,completed,1777553771532352,2,,,1777553771521700,1777553771532352,1777553771521700,1777553771532352,,,,client-2-3,Remove,2990940,200,10652
client,client_request,completed,1777553771542705,2,,,1777553771533106,1777553771542705,1777553771533106,1777553771542705,,,,client-2-3,Insert,-8024670,200,9599
client,client_request,completed,1777553771561419,2,,,1777553771543695,1777553771561419,1777553771543695,1777553771561419,,,,client-2-3,Remove,-11154797,200,17724
client,client_request,completed,1777553771571804,2,,,1777553771561524,1777553771571804,1777553771561524,1777553771571804,,,,client-2-3,Remove,-8045902,200,10280
client,client_request,completed,1777553771580758,2,,,1777553771571901,1777553771580758,1777553771571901,1777553771580758,,,,client-2-3,Remove,3875581,200,8857
client,client_request,completed,1777553771589469,2,,,1777553771580853,1777553771589469,1777553771580853,1777553771589469,,,,client-2-3,Remove,-13668901,200,8616
client,client_request,completed,1777553771598998,2,,,1777553771589565,1777553771598998,1777553771589565,1777553771598998,,,,client-2-3,Remove,3651985,200,9433
client,client_request,completed,1777553771608550,2,,,1777553771599095,1777553771608550,1777553771599095,1777553771608550,,,,client-2-3,Remove,-1225320,200,9455
client,client_request,completed,1777553771620841,2,,,1777553771609040,1777553771620841,1777553771609040,1777553771620841,,,,client-2-3,Insert,7575870,200,11801
client,client_request,completed,1777553771639972,2,,,1777553771623561,1777553771639972,1777553771623561,1777553771639972,,,,client-2-3,Remove,-5970018,200,16411
client,client_request,completed,1777553771651818,2,,,1777553771640297,1777553771651818,1777553771640297,1777553771651818,,,,client-2-3,Insert,11893743,200,11521
client,client_request,completed,1777553771667368,2,,,1777553771654782,1777553771667368,1777553771654782,1777553771667368,,,,client-2-3,Remove,2434675,200,12586
client,client_request,completed,1777553771686705,2,,,1777553771667486,1777553771686705,1777553771667486,1777553771686705,,,,client-2-3,Remove,3541693,200,19219
client,client_request,completed,1777553771702239,2,,,1777553771687900,1777553771702239,1777553771687900,1777553771702239,,,,client-2-3,Insert,8204831,200,14339
client,client_request,completed,1777553771718652,2,,,1777553771702450,1777553771718652,1777553771702450,1777553771718652,,,,client-2-3,Remove,-4420005,200,16202
client,client_request,completed,1777553771729675,2,,,1777553771720054,1777553771729675,1777553771720054,1777553771729675,,,,client-2-3,Remove,-11945800,200,9621
client,client_request,completed,1777553771745339,2,,,1777553771730248,1777553771745339,1777553771730248,1777553771745339,,,,client-2-3,Remove,5196556,200,15091
client,client_request,completed,1777553771758210,2,,,1777553771745455,1777553771758210,1777553771745455,1777553771758210,,,,client-2-3,Remove,-12228292,200,12755
client,client_request,completed,1777553771833264,2,,,1777553771759042,1777553771833264,1777553771759042,1777553771833264,,,,client-2-3,Insert,8092163,200,74222
client,client_request,completed,1777553771846026,2,,,1777553771833918,1777553771846026,1777553771833918,1777553771846026,,,,client-2-3,Remove,8164524,200,12108
client,client_request,completed,1777553771854691,2,,,1777553771846776,1777553771854691,1777553771846776,1777553771854691,,,,client-2-3,Remove,-7842312,200,7915
client,client_request,completed,1777553771861935,2,,,1777553771854814,1777553771861935,1777553771854814,1777553771861935,,,,client-2-3,Insert,7735683,200,7121
client,client_request,completed,1777553771881542,2,,,1777553771862090,1777553771881542,1777553771862090,1777553771881542,,,,client-2-3,Remove,-647523,200,19452
client,client_request,completed,1777553771895525,2,,,1777553771881981,1777553771895525,1777553771881981,1777553771895525,,,,client-2-3,Insert,11459765,200,13544
client,client_request,completed,1777553771904410,2,,,1777553771896642,1777553771904410,1777553771896642,1777553771904410,,,,client-2-3,Remove,-12473418,200,7768
client,client_request,completed,1777553771925315,2,,,1777553771905371,1777553771925315,1777553771905371,1777553771925315,,,,client-2-3,Remove,-8805019,200,19944
client,client_request,completed,1777553771941272,2,,,1777553771926082,1777553771941272,1777553771926082,1777553771941272,,,,client-2-3,Remove,9307236,200,15190
client,client_request,completed,1777553771954350,2,,,1777553771941710,1777553771954350,1777553771941710,1777553771954350,,,,client-2-3,Insert,1751362,200,12640
client,client_request,completed,1777553771980570,2,,,1777553771956512,1777553771980570,1777553771956512,1777553771980570,,,,client-2-3,Remove,8299082,200,24058
client,client_request,completed,1777553771992029,2,,,1777553771980882,1777553771992029,1777553771980882,1777553771992029,,,,client-2-3,Insert,10354471,200,11147
client,client_request,completed,1777553772004955,2,,,1777553771992417,1777553772004955,1777553771992417,1777553772004955,,,,client-2-3,Insert,-7702581,200,12538
client,client_request,completed,1777553772019597,2,,,1777553772006314,1777553772019597,1777553772006314,1777553772019597,,,,client-2-3,Insert,10768556,200,13283
client,client_request,completed,1777553772031789,2,,,1777553772019700,1777553772031789,1777553772019700,1777553772031789,,,,client-2-3,Remove,8233816,200,12089
client,client_request,completed,1777553772044924,2,,,1777553772031892,1777553772044924,1777553772031892,1777553772044924,,,,client-2-3,Insert,13609131,200,13032
client,client_request,completed,1777553772052319,2,,,1777553772045393,1777553772052319,1777553772045393,1777553772052319,,,,client-2-3,Insert,12777575,200,6926
client,client_request,completed,1777553772062939,2,,,1777553772053776,1777553772062939,1777553772053776,1777553772062939,,,,client-2-3,Remove,-11511567,200,9163
client,client_request,completed,1777553772078909,2,,,1777553772063863,1777553772078909,1777553772063863,1777553772078909,,,,client-2-3,Remove,-875149,200,15046
client,client_request,completed,1777553772089429,2,,,1777553772079106,1777553772089429,1777553772079106,1777553772089429,,,,client-2-3,Insert,1141440,200,10323
client,client_request,completed,1777553772101046,2,,,1777553772089536,1777553772101046,1777553772089536,1777553772101046,,,,client-2-3,Remove,-1628209,200,11510
client,client_request,completed,1777553772113194,2,,,1777553772101151,1777553772113194,1777553772101151,1777553772113194,,,,client-2-3,Insert,8877617,200,12043
client,client_request,completed,1777553772125607,2,,,1777553772113613,1777553772125607,1777553772113613,1777553772125607,,,,client-2-3,Remove,-11113385,200,11994
client,client_request,completed,1777553772137549,2,,,1777553772125845,1777553772137549,1777553772125845,1777553772137549,,,,client-2-3,Insert,-4483721,200,11704
client,client_request,completed,1777553772152321,2,,,1777553772138087,1777553772152321,1777553772138087,1777553772152321,,,,client-2-3,Insert,-5852628,200,14234
client,client_request,completed,1777553772168631,2,,,1777553772154179,1777553772168631,1777553772154179,1777553772168631,,,,client-2-3,Insert,-12056933,200,14452
client,client_request,completed,1777553772179289,2,,,1777553772168737,1777553772179289,1777553772168737,1777553772179289,,,,client-2-3,Insert,10498255,200,10552
client,client_request,completed,1777553772189752,2,,,1777553772180323,1777553772189752,1777553772180323,1777553772189752,,,,client-2-3,Remove,-9616474,200,9429
client,client_request,completed,1777553772210631,2,,,1777553772190653,1777553772210631,1777553772190653,1777553772210631,,,,client-2-3,Insert,14588346,200,19978
client,client_request,completed,1777553772221189,2,,,1777553772210740,1777553772221189,1777553772210740,1777553772221189,,,,client-2-3,Insert,-6378711,200,10449
client,client_request,completed,1777553772233627,2,,,1777553772221760,1777553772233627,1777553772221760,1777553772233627,,,,client-2-3,Insert,9818537,200,11867
client,client_request,completed,1777553772250314,2,,,1777553772235223,1777553772250314,1777553772235223,1777553772250314,,,,client-2-3,Insert,-9178435,200,15091
client,client_request,completed,1777553772268871,2,,,1777553772251176,1777553772268871,1777553772251176,1777553772268871,,,,client-2-3,Remove,-12246299,200,17695
client,client_request,completed,1777553772284753,2,,,1777553772271056,1777553772284753,1777553772271056,1777553772284753,,,,client-2-3,Insert,-4618530,200,13697
client,client_request,completed,1777553772297621,2,,,1777553772284862,1777553772297621,1777553772284862,1777553772297621,,,,client-2-3,Insert,-1939944,200,12759
client,client_request,completed,1777553772305864,2,,,1777553772297725,1777553772305864,1777553772297725,1777553772305864,,,,client-2-3,Insert,-6378620,200,8139
client,client_request,completed,1777553772319346,2,,,1777553772305988,1777553772319346,1777553772305988,1777553772319346,,,,client-2-3,Remove,-6829054,200,13358
client,client_request,completed,1777553772332377,2,,,1777553772319446,1777553772332377,1777553772319446,1777553772332377,,,,client-2-3,Insert,-15822159,200,12931
client,client_request,completed,1777553772344672,2,,,1777553772332844,1777553772344672,1777553772332844,1777553772344672,,,,client-2-3,Remove,-7111419,200,11828
client,client_request,completed,1777553772367768,2,,,1777553772347707,1777553772367768,1777553772347707,1777553772367768,,,,client-2-3,Insert,-7007329,200,20061
client,client_request,completed,1777553772381022,2,,,1777553772367887,1777553772381022,1777553772367887,1777553772381022,,,,client-2-3,Insert,10487127,200,13135
client,client_request,completed,1777553772390910,2,,,1777553772381619,1777553772390910,1777553772381619,1777553772390910,,,,client-2-3,Remove,-9505481,200,9291
client,client_request,completed,1777553772401681,2,,,1777553772391022,1777553772401681,1777553772391022,1777553772401681,,,,client-2-3,Remove,2956752,200,10659
client,client_request,completed,1777553772418920,2,,,1777553772403747,1777553772418920,1777553772403747,1777553772418920,,,,client-2-3,Remove,-15689073,200,15173
client,client_request,completed,1777553772430386,2,,,1777553772419260,1777553772430386,1777553772419260,1777553772430386,,,,client-2-3,Insert,-2304135,200,11126
client,client_request,completed,1777553772441915,2,,,1777553772430488,1777553772441915,1777553772430488,1777553772441915,,,,client-2-3,Remove,-8832328,200,11427
client,client_request,completed,1777553772456829,2,,,1777553772444025,1777553772456829,1777553772444025,1777553772456829,,,,client-2-3,Insert,9094564,200,12804
client,client_request,completed,1777553772465544,2,,,1777553772457168,1777553772465544,1777553772457168,1777553772465544,,,,client-2-3,Remove,1462596,200,8376
client,client_request,completed,1777553772481507,2,,,1777553772465655,1777553772481507,1777553772465655,1777553772481507,,,,client-2-3,Insert,9763009,200,15852
client,client_request,completed,1777553772491223,2,,,1777553772484398,1777553772491223,1777553772484398,1777553772491223,,,,client-2-3,Insert,2980980,200,6825
client,client_request,completed,1777553772501786,2,,,1777553772491646,1777553772501786,1777553772491646,1777553772501786,,,,client-2-3,Remove,3121462,200,10140
client,client_request,completed,1777553772512524,2,,,1777553772502313,1777553772512524,1777553772502313,1777553772512524,,,,client-2-3,Insert,7949969,200,10211
client,client_request,completed,1777553772524246,2,,,1777553772514895,1777553772524246,1777553772514895,1777553772524246,,,,client-2-3,Remove,913839,200,9351
client,client_request,completed,1777553772541139,2,,,1777553772525548,1777553772541139,1777553772525548,1777553772541139,,,,client-2-3,Insert,10703952,200,15591
client,client_request,completed,1777553772551069,2,,,1777553772541246,1777553772551069,1777553772541246,1777553772551069,,,,client-2-3,Remove,13219046,200,9823
client,client_request,completed,1777553772560867,2,,,1777553772551167,1777553772560867,1777553772551167,1777553772560867,,,,client-2-3,Remove,1988240,200,9700
client,client_request,completed,1777553772571050,2,,,1777553772560956,1777553772571050,1777553772560956,1777553772571050,,,,client-2-3,Remove,-8568745,200,10094
client,client_request,completed,1777553772580840,2,,,1777553772571147,1777553772580840,1777553772571147,1777553772580840,,,,client-2-3,Insert,-16303724,200,9693
client,client_request,completed,1777553772590825,2,,,1777553772580929,1777553772590825,1777553772580929,1777553772590825,,,,client-2-3,Insert,-14303264,200,9896
client,client_request,completed,1777553772600729,2,,,1777553772590922,1777553772600729,1777553772590922,1777553772600729,,,,client-2-3,Remove,-2519402,200,9807
client,client_request,completed,1777553772611860,2,,,1777553772600819,1777553772611860,1777553772600819,1777553772611860,,,,client-2-3,Insert,-15045855,200,11041
client,client_request,completed,1777553772621882,2,,,1777553772611961,1777553772621882,1777553772611961,1777553772621882,,,,client-2-3,Remove,-7207041,200,9921
client,client_request,completed,1777553772643359,2,,,1777553772622689,1777553772643359,1777553772622689,1777553772643359,,,,client-2-3,Remove,-5897066,200,20670
client,client_request,completed,1777553772654042,2,,,1777553772644508,1777553772654042,1777553772644508,1777553772654042,,,,client-2-3,Insert,14416965,200,9534
client,client_request,completed,1777553772665561,2,,,1777553772654582,1777553772665561,1777553772654582,1777553772665561,,,,client-2-3,Remove,-13333902,200,10979
client,client_request,completed,1777553772679569,2,,,1777553772668396,1777553772679569,1777553772668396,1777553772679569,,,,client-2-3,Remove,7656652,200,11173
client,client_request,completed,1777553772694397,2,,,1777553772681543,1777553772694397,1777553772681543,1777553772694397,,,,client-2-3,Remove,2554973,200,12854
client,client_request,completed,1777553772707896,2,,,1777553772695451,1777553772707896,1777553772695451,1777553772707896,,,,client-2-3,Remove,-13373761,200,12445
client,client_request,completed,1777553772716725,2,,,1777553772708116,1777553772716725,1777553772708116,1777553772716725,,,,client-2-3,Insert,-8024887,200,8609
client,client_request,completed,1777553772727932,2,,,1777553772716986,1777553772727932,1777553772716986,1777553772727932,,,,client-2-3,Remove,8124748,200,10946
client,client_request,completed,1777553772742728,2,,,1777553772730236,1777553772742728,1777553772730236,1777553772742728,,,,client-2-3,Insert,-13089194,200,12492
client,client_request,completed,1777553772760410,2,,,1777553772743965,1777553772760410,1777553772743965,1777553772760410,,,,client-2-3,Insert,4342696,200,16445
client,client_request,completed,1777553772832510,2,,,1777553772760519,1777553772832510,1777553772760519,1777553772832510,,,,client-2-3,Remove,-16447702,200,71991
client,client_request,completed,1777553772846630,2,,,1777553772832722,1777553772846630,1777553772832722,1777553772846630,,,,client-2-3,Remove,-11345296,200,13908
client,client_request,completed,1777553772860152,2,,,1777553772847107,1777553772860152,1777553772847107,1777553772860152,,,,client-2-3,Remove,-2665807,200,13045
client,client_request,completed,1777553772869891,2,,,1777553772860274,1777553772869891,1777553772860274,1777553772869891,,,,client-2-3,Insert,-13064973,200,9617
client,client_request,completed,1777553772888832,2,,,1777553772871050,1777553772888832,1777553772871050,1777553772888832,,,,client-2-3,Remove,6162573,200,17782
client,client_request,completed,1777553772900812,2,,,1777553772889181,1777553772900812,1777553772889181,1777553772900812,,,,client-2-3,Remove,10833936,200,11631
client,client_request,completed,1777553772909966,2,,,1777553772901492,1777553772909966,1777553772901492,1777553772909966,,,,client-2-3,Insert,369448,200,8474
client,client_request,completed,1777553772927966,2,,,1777553772916471,1777553772927966,1777553772916471,1777553772927966,,,,client-2-3,Remove,-1118003,200,11495
client,client_request,completed,1777553772942210,2,,,1777553772929030,1777553772942210,1777553772929030,1777553772942210,,,,client-2-3,Remove,13814055,200,13180
client,client_request,completed,1777553772951363,2,,,1777553772942451,1777553772951363,1777553772942451,1777553772951363,,,,client-2-3,Insert,6713324,200,8912
client,client_request,completed,1777553772963339,2,,,1777553772951561,1777553772963339,1777553772951561,1777553772963339,,,,client-2-3,Remove,10204698,200,11778
client,client_request,completed,1777553772975059,2,,,1777553772963733,1777553772975059,1777553772963733,1777553772975059,,,,client-2-3,Insert,10081321,200,11326
client,client_request,completed,1777553772987312,2,,,1777553772975453,1777553772987312,1777553772975453,1777553772987312,,,,client-2-3,Insert,-12611042,200,11859
client,client_request,completed,1777553772999768,2,,,1777553772987430,1777553772999768,1777553772987430,1777553772999768,,,,client-2-3,Remove,-1590911,200,12338
client,client_request,completed,1777553773011531,2,,,1777553772999948,1777553773011531,1777553772999948,1777553773011531,,,,client-2-3,Insert,7576726,200,11583
client,client_request,completed,1777553773024347,2,,,1777553773011978,1777553773024347,1777553773011978,1777553773024347,,,,client-2-3,Remove,-2249596,200,12369
client,client_request,completed,1777553773037289,2,,,1777553773024464,1777553773037289,1777553773024464,1777553773037289,,,,client-2-3,Remove,-4528404,200,12825
client,client_request,completed,1777553773049152,2,,,1777553773037659,1777553773049152,1777553773037659,1777553773049152,,,,client-2-3,Remove,25864,200,11493
client,client_request,completed,1777553773061812,2,,,1777553773049258,1777553773061812,1777553773049258,1777553773061812,,,,client-2-3,Remove,2797524,200,12554
client,client_request,completed,1777553773073620,2,,,1777553773061920,1777553773073620,1777553773061920,1777553773073620,,,,client-2-3,Insert,9063059,200,11700
client,client_request,completed,1777553773086412,2,,,1777553773073725,1777553773086412,1777553773073725,1777553773086412,,,,client-2-3,Remove,-9793065,200,12687
client,client_request,completed,1777553773099770,2,,,1777553773086518,1777553773099770,1777553773086518,1777553773099770,,,,client-2-3,Remove,12795274,200,13252
client,client_request,completed,1777553773115393,2,,,1777553773100736,1777553773115393,1777553773100736,1777553773115393,,,,client-2-3,Insert,-12653784,200,14657
client,client_request,completed,1777553773126890,2,,,1777553773115508,1777553773126890,1777553773115508,1777553773126890,,,,client-2-3,Insert,-2012639,200,11382
client,client_request,completed,1777553773145390,2,,,1777553773127172,1777553773145390,1777553773127172,1777553773145390,,,,client-2-3,Remove,13241247,200,18218
client,client_request,completed,1777553773158498,2,,,1777553773145682,1777553773158498,1777553773145682,1777553773158498,,,,client-2-3,Insert,4953325,200,12816
client,client_request,completed,1777553773170504,2,,,1777553773158603,1777553773170504,1777553773158603,1777553773170504,,,,client-2-3,Remove,-14694185,200,11901
client,client_request,completed,1777553773193496,2,,,1777553773170904,1777553773193496,1777553773170904,1777553773193496,,,,client-2-3,Insert,-742776,200,22592
client,client_request,completed,1777553773205908,2,,,1777553773193592,1777553773205908,1777553773193592,1777553773205908,,,,client-2-3,Insert,10058382,200,12316
client,client_request,completed,1777553773219081,2,,,1777553773206340,1777553773219081,1777553773206340,1777553773219081,,,,client-2-3,Remove,-9073630,200,12741
client,client_request,completed,1777553773231654,2,,,1777553773219194,1777553773231654,1777553773219194,1777553773231654,,,,client-2-3,Remove,-12360018,200,12460
client,client_request,completed,1777553773242284,2,,,1777553773232558,1777553773242284,1777553773232558,1777553773242284,,,,client-2-3,Remove,-1110082,200,9726
client,client_request,completed,1777553773257229,2,,,1777553773242667,1777553773257229,1777553773242667,1777553773257229,,,,client-2-3,Insert,3601856,200,14562
client,client_request,completed,1777553773271011,2,,,1777553773257379,1777553773271011,1777553773257379,1777553773271011,,,,client-2-3,Remove,-6884800,200,13632
client,client_request,completed,1777553773283901,2,,,1777553773271129,1777553773283901,1777553773271129,1777553773283901,,,,client-2-3,Remove,-8486429,200,12772
client,client_request,completed,1777553773293343,2,,,1777553773284858,1777553773293343,1777553773284858,1777553773293343,,,,client-2-3,Insert,4890134,200,8485
client,client_request,completed,1777553773309566,2,,,1777553773293745,1777553773309566,1777553773293745,1777553773309566,,,,client-2-3,Remove,-6606472,200,15821
client,client_request,completed,1777553773318455,2,,,1777553773310203,1777553773318455,1777553773310203,1777553773318455,,,,client-2-3,Remove,6522950,200,8252
client,client_request,completed,1777553773332357,2,,,1777553773318558,1777553773332357,1777553773318558,1777553773332357,,,,client-2-3,Insert,5902760,200,13799
client,client_request,completed,1777553773342811,2,,,1777553773332571,1777553773342811,1777553773332571,1777553773342811,,,,client-2-3,Remove,6274128,200,10240
client,client_request,completed,1777553773351592,2,,,1777553773342921,1777553773351592,1777553773342921,1777553773351592,,,,client-2-3,Insert,414985,200,8671
client,client_request,completed,1777553773362751,2,,,1777553773353328,1777553773362751,1777553773353328,1777553773362751,,,,client-2-3,Insert,12043582,200,9423
client,client_request,completed,1777553773374185,2,,,1777553773363411,1777553773374185,1777553773363411,1777553773374185,,,,client-2-3,Remove,-3557017,200,10774
client,client_request,completed,1777553773393835,2,,,1777553773374310,1777553773393835,1777553773374310,1777553773393835,,,,client-2-3,Insert,-15079645,200,19525
client,client_request,completed,1777553773413277,2,,,1777553773396341,1777553773413277,1777553773396341,1777553773413277,,,,client-2-3,Insert,-5817502,200,16936
client,client_request,completed,1777553773429562,2,,,1777553773413616,1777553773429562,1777553773413616,1777553773429562,,,,client-2-3,Remove,1903424,200,15946
client,client_request,completed,1777553773444787,2,,,1777553773429680,1777553773444787,1777553773429680,1777553773444787,,,,client-2-3,Insert,-13012847,200,15107
client,client_request,completed,1777553773458374,2,,,1777553773445417,1777553773458374,1777553773445417,1777553773458374,,,,client-2-3,Remove,10266307,200,12957
client,client_request,completed,1777553773472453,2,,,1777553773460343,1777553773472453,1777553773460343,1777553773472453,,,,client-2-3,Remove,13541411,200,12110
client,client_request,completed,1777553773483576,2,,,1777553773473092,1777553773483576,1777553773473092,1777553773483576,,,,client-2-3,Insert,5535232,200,10484
client,client_request,completed,1777553773495190,2,,,1777553773484273,1777553773495190,1777553773484273,1777553773495190,,,,client-2-3,Insert,15171755,200,10917
client,client_request,completed,1777553773508399,2,,,1777553773495313,1777553773508399,1777553773495313,1777553773508399,,,,client-2-3,Remove,5945768,200,13086
client,client_request,completed,1777553773518849,2,,,1777553773508495,1777553773518849,1777553773508495,1777553773518849,,,,client-2-3,Remove,9640693,200,10354
client,client_request,completed,1777553773527293,2,,,1777553773518962,1777553773527293,1777553773518962,1777553773527293,,,,client-2-3,Insert,-4478766,200,8331
client,client_request,completed,1777553773547473,2,,,1777553773529467,1777553773547473,1777553773529467,1777553773547473,,,,client-2-3,Insert,11132752,200,18006
client,client_request,completed,1777553773558457,2,,,1777553773547573,1777553773558457,1777553773547573,1777553773558457,,,,client-2-3,Remove,7712022,200,10884
client,client_request,completed,1777553773569039,2,,,1777553773558555,1777553773569039,1777553773558555,1777553773569039,,,,client-2-3,Remove,6465609,200,10484
client,client_request,completed,1777553773579571,2,,,1777553773569136,1777553773579571,1777553773569136,1777553773579571,,,,client-2-3,Insert,3107189,200,10435
client,client_request,completed,1777553773590515,2,,,1777553773579669,1777553773590515,1777553773579669,1777553773590515,,,,client-2-3,Insert,-4616774,200,10846
client,client_request,completed,1777553773601121,2,,,1777553773590612,1777553773601121,1777553773590612,1777553773601121,,,,client-2-3,Remove,271242,200,10509
client,client_request,completed,1777553773613006,2,,,1777553773601456,1777553773613006,1777553773601456,1777553773613006,,,,client-2-3,Remove,11221405,200,11550
client,client_request,completed,1777553773625310,2,,,1777553773613102,1777553773625310,1777553773613102,1777553773625310,,,,client-2-3,Remove,8042344,200,12208
client,client_request,completed,1777553773636827,2,,,1777553773625633,1777553773636827,1777553773625633,1777553773636827,,,,client-2-3,Remove,13032427,200,11194
client,client_request,completed,1777553773651326,2,,,1777553773636933,1777553773651326,1777553773636933,1777553773651326,,,,client-2-3,Insert,-8942073,200,14393
client,client_request,completed,1777553773667017,2,,,1777553773652037,1777553773667017,1777553773652037,1777553773667017,,,,client-2-3,Remove,4494923,200,14980
client,client_request,completed,1777553773684715,2,,,1777553773668909,1777553773684715,1777553773668909,1777553773684715,,,,client-2-3,Remove,8397382,200,15806
client,client_request,completed,1777553773699764,2,,,1777553773685173,1777553773699764,1777553773685173,1777553773699764,,,,client-2-3,Insert,16299856,200,14591
client,client_request,completed,1777553773713995,2,,,1777553773699862,1777553773713995,1777553773699862,1777553773713995,,,,client-2-3,Remove,-13600379,200,14133
client,client_request,completed,1777553773728235,2,,,1777553773714636,1777553773728235,1777553773714636,1777553773728235,,,,client-2-3,Insert,5002655,200,13599
client,client_request,completed,1777553773739366,2,,,1777553773729996,1777553773739366,1777553773729996,1777553773739366,,,,client-2-3,Remove,2364466,200,9370
client,client_request,completed,1777553773751571,2,,,1777553773739854,1777553773751571,1777553773739854,1777553773751571,,,,client-2-3,Insert,-16655268,200,11717
client,client_request,completed,1777553773761240,2,,,1777553773752504,1777553773761240,1777553773752504,1777553773761240,,,,client-2-3,Insert,14549755,200,8736
client,client_request,completed,1777553773837782,2,,,1777553773761430,1777553773837782,1777553773761430,1777553773837782,,,,client-2-3,Remove,4132388,200,76352
client,client_request,completed,1777553773851725,2,,,1777553773838118,1777553773851725,1777553773838118,1777553773851725,,,,client-2-3,Insert,13817202,200,13607
client,client_request,completed,1777553773865041,2,,,1777553773851968,1777553773865041,1777553773851968,1777553773865041,,,,client-2-3,Insert,15259490,200,13073
client,client_request,completed,1777553773877038,2,,,1777553773865169,1777553773877038,1777553773865169,1777553773877038,,,,client-2-3,Remove,1298163,200,11869
client,client_request,completed,1777553773889720,2,,,1777553773877279,1777553773889720,1777553773877279,1777553773889720,,,,client-2-3,Remove,-4430058,200,12441
client,client_request,completed,1777553773902265,2,,,1777553773889845,1777553773902265,1777553773889845,1777553773902265,,,,client-2-3,Remove,1467014,200,12420
client,client_request,completed,1777553773914578,2,,,1777553773902587,1777553773914578,1777553773902587,1777553773914578,,,,client-2-3,Insert,1612168,200,11991
client,client_request,completed,1777553773927153,2,,,1777553773914775,1777553773927153,1777553773914775,1777553773927153,,,,client-2-3,Insert,2665516,200,12378
client,client_request,completed,1777553773939891,2,,,1777553773927298,1777553773939891,1777553773927298,1777553773939891,,,,client-2-3,Remove,8649115,200,12593
client,client_request,completed,1777553773952499,2,,,1777553773940239,1777553773952499,1777553773940239,1777553773952499,,,,client-2-3,Remove,-15981346,200,12260
client,client_request,completed,1777553773966099,2,,,1777553773952705,1777553773966099,1777553773952705,1777553773966099,,,,client-2-3,Remove,-4152849,200,13394
client,client_request,completed,1777553773979467,2,,,1777553773966202,1777553773979467,1777553773966202,1777553773979467,,,,client-2-3,Insert,-8652144,200,13265
client,client_request,completed,1777553773993084,2,,,1777553773979608,1777553773993084,1777553773979608,1777553773993084,,,,client-2-3,Insert,13546639,200,13476
client,client_request,completed,1777553774007172,2,,,1777553773993454,1777553774007172,1777553773993454,1777553774007172,,,,client-2-3,Insert,6818899,200,13718
client,client_request,completed,1777553774020547,2,,,1777553774007272,1777553774020547,1777553774007272,1777553774020547,,,,client-2-3,Remove,-7758298,200,13275
client,client_request,completed,1777553774034322,2,,,1777553774020639,1777553774034322,1777553774020639,1777553774034322,,,,client-2-3,Insert,2325089,200,13683
client,client_request,completed,1777553774048213,2,,,1777553774034688,1777553774048213,1777553774034688,1777553774048213,,,,client-2-3,Insert,-1509686,200,13525
client,client_request,completed,1777553774061593,2,,,1777553774048352,1777553774061593,1777553774048352,1777553774061593,,,,client-2-3,Insert,-5780756,200,13241
client,client_request,completed,1777553774075436,2,,,1777553774061692,1777553774075436,1777553774061692,1777553774075436,,,,client-2-3,Insert,680222,200,13744
client,client_request,completed,1777553774088321,2,,,1777553774075537,1777553774088321,1777553774075537,1777553774088321,,,,client-2-3,Remove,16572171,200,12784
client,client_request,completed,1777553774102232,2,,,1777553774088448,1777553774102232,1777553774088448,1777553774102232,,,,client-2-3,Insert,-9555817,200,13784
client,client_request,completed,1777553774116521,2,,,1777553774102360,1777553774116521,1777553774102360,1777553774116521,,,,client-2-3,Remove,-4143575,200,14161
client,client_request,completed,1777553774130150,2,,,1777553774116610,1777553774130150,1777553774116610,1777553774130150,,,,client-2-3,Insert,7421639,200,13540
client,client_request,completed,1777553774144266,2,,,1777553774130245,1777553774144266,1777553774130245,1777553774144266,,,,client-2-3,Insert,12219072,200,14021
client,client_request,completed,1777553774158383,2,,,1777553774144466,1777553774158383,1777553774144466,1777553774158383,,,,client-2-3,Remove,-10790952,200,13917
client,client_request,completed,1777553774172192,2,,,1777553774158498,1777553774172192,1777553774158498,1777553774172192,,,,client-2-3,Remove,-15400131,200,13694
client,client_request,completed,1777553774186026,2,,,1777553774172603,1777553774186026,1777553774172603,1777553774186026,,,,client-2-3,Remove,-12140436,200,13423
client,client_request,completed,1777553774198688,2,,,1777553774186124,1777553774198688,1777553774186124,1777553774198688,,,,client-2-3,Remove,6025526,200,12564
client,client_request,completed,1777553774212258,2,,,1777553774198792,1777553774212258,1777553774198792,1777553774212258,,,,client-2-3,Remove,4486485,200,13466
client,client_request,completed,1777553774225682,2,,,1777553774212471,1777553774225682,1777553774212471,1777553774225682,,,,client-2-3,Insert,-1498139,200,13211
client,client_request,completed,1777553774238399,2,,,1777553774225811,1777553774238399,1777553774225811,1777553774238399,,,,client-2-3,Insert,2023163,200,12588
client,client_request,completed,1777553774251410,2,,,1777553774238534,1777553774251410,1777553774238534,1777553774251410,,,,client-2-3,Insert,13388012,200,12876
client,client_request,completed,1777553774265189,2,,,1777553774251840,1777553774265189,1777553774251840,1777553774265189,,,,client-2-3,Remove,-13293546,200,13349
client,client_request,completed,1777553774278118,2,,,1777553774265291,1777553774278118,1777553774265291,1777553774278118,,,,client-2-3,Insert,15603543,200,12827
client,client_request,completed,1777553774292005,2,,,1777553774278247,1777553774292005,1777553774278247,1777553774292005,,,,client-2-3,Insert,13105191,200,13758
client,client_request,completed,1777553774305176,2,,,1777553774292394,1777553774305176,1777553774292394,1777553774305176,,,,client-2-3,Insert,-4485924,200,12782
client,client_request,completed,1777553774318825,2,,,1777553774305337,1777553774318825,1777553774305337,1777553774318825,,,,client-2-3,Remove,7901649,200,13488
client,client_request,completed,1777553774331984,2,,,1777553774319028,1777553774331984,1777553774319028,1777553774331984,,,,client-2-3,Remove,16033024,200,12956
client,client_request,completed,1777553774344657,2,,,1777553774332112,1777553774344657,1777553774332112,1777553774344657,,,,client-2-3,Insert,-5118818,200,12545
client,client_request,completed,1777553774360167,2,,,1777553774344774,1777553774360167,1777553774344774,1777553774360167,,,,client-2-3,Remove,-1239751,200,15393
client,client_request,completed,1777553774373122,2,,,1777553774360323,1777553774373122,1777553774360323,1777553774373122,,,,client-2-3,Insert,5997451,200,12799
client,client_request,completed,1777553774385956,2,,,1777553774373256,1777553774385956,1777553774373256,1777553774385956,,,,client-2-3,Remove,10661850,200,12700
client,client_request,completed,1777553774399791,2,,,1777553774386056,1777553774399791,1777553774386056,1777553774399791,,,,client-2-3,Insert,-263893,200,13735
client,client_request,completed,1777553774413166,2,,,1777553774400152,1777553774413166,1777553774400152,1777553774413166,,,,client-2-3,Insert,9861347,200,13014
client,client_request,completed,1777553774426886,2,,,1777553774413270,1777553774426886,1777553774413270,1777553774426886,,,,client-2-3,Remove,-15833878,200,13616
client,client_request,completed,1777553774440761,2,,,1777553774427087,1777553774440761,1777553774427087,1777553774440761,,,,client-2-3,Insert,4324987,200,13674
client,client_request,completed,1777553774454510,2,,,1777553774440870,1777553774454510,1777553774440870,1777553774454510,,,,client-2-3,Remove,2193262,200,13640
client,client_request,completed,1777553774468667,2,,,1777553774454866,1777553774468667,1777553774454866,1777553774468667,,,,client-2-3,Remove,-5308384,200,13801
client,client_request,completed,1777553774483216,2,,,1777553774468762,1777553774483216,1777553774468762,1777553774483216,,,,client-2-3,Remove,11400108,200,14454
client,client_request,completed,1777553774497460,2,,,1777553774483313,1777553774497460,1777553774483313,1777553774497460,,,,client-2-3,Remove,-9231576,200,14147
client,client_request,completed,1777553774511472,2,,,1777553774497647,1777553774511472,1777553774497647,1777553774511472,,,,client-2-3,Insert,10808404,200,13825
client,client_request,completed,1777553774524850,2,,,1777553774511576,1777553774524850,1777553774511576,1777553774524850,,,,client-2-3,Remove,6679179,200,13274
client,client_request,completed,1777553774538523,2,,,1777553774524946,1777553774538523,1777553774524946,1777553774538523,,,,client-2-3,Insert,-8472927,200,13577
client,client_request,completed,1777553774551824,2,,,1777553774538631,1777553774551824,1777553774538631,1777553774551824,,,,client-2-3,Insert,4705558,200,13193
client,client_request,completed,1777553774564524,2,,,1777553774551937,1777553774564524,1777553774551937,1777553774564524,,,,client-2-3,Remove,-7929558,200,12587
client,client_request,completed,1777553774577926,2,,,1777553774564621,1777553774577926,1777553774564621,1777553774577926,,,,client-2-3,Remove,4142620,200,13305
client,client_request,completed,1777553774590818,2,,,1777553774578020,1777553774590818,1777553774578020,1777553774590818,,,,client-2-3,Insert,-769142,200,12798
client,client_request,completed,1777553774603685,2,,,1777553774590914,1777553774603685,1777553774590914,1777553774603685,,,,client-2-3,Remove,-14816548,200,12771
client,client_request,completed,1777553774616955,2,,,1777553774603786,1777553774616955,1777553774603786,1777553774616955,,,,client-2-3,Remove,9691347,200,13169
client,client_request,completed,1777553774630669,2,,,1777553774617325,1777553774630669,1777553774617325,1777553774630669,,,,client-2-3,Insert,2813094,200,13344
client,client_request,completed,1777553774644971,2,,,1777553774630939,1777553774644971,1777553774630939,1777553774644971,,,,client-2-3,Remove,4759640,200,14032
client,client_request,completed,1777553774659002,2,,,1777553774645315,1777553774659002,1777553774645315,1777553774659002,,,,client-2-3,Remove,-8520015,200,13687
client,client_request,completed,1777553774672723,2,,,1777553774659333,1777553774672723,1777553774659333,1777553774672723,,,,client-2-3,Remove,15607854,200,13390
client,client_request,completed,1777553774687162,2,,,1777553774673003,1777553774687162,1777553774673003,1777553774687162,,,,client-2-3,Remove,-9100560,200,14159
client,client_request,completed,1777553774701017,2,,,1777553774687502,1777553774701017,1777553774687502,1777553774701017,,,,client-2-3,Insert,-12416047,200,13515
client,client_request,completed,1777553774714661,2,,,1777553774701360,1777553774714661,1777553774701360,1777553774714661,,,,client-2-3,Remove,-15862048,200,13301
client,client_request,completed,1777553774729141,2,,,1777553774714770,1777553774729141,1777553774714770,1777553774729141,,,,client-2-3,Insert,-6677684,200,14371
client,client_request,completed,1777553774742314,2,,,1777553774729510,1777553774742314,1777553774729510,1777553774742314,,,,client-2-3,Remove,-6508194,200,12804
client,client_request,completed,1777553774756400,2,,,1777553774742522,1777553774756400,1777553774742522,1777553774756400,,,,client-2-3,Remove,-1674817,200,13878
client,client_request,completed,1777553774831117,2,,,1777553774756506,1777553774831117,1777553774756506,1777553774831117,,,,client-2-3,Insert,15813783,200,74611
client,client_request,completed,1777553774845930,2,,,1777553774831445,1777553774845930,1777553774831445,1777553774845930,,,,client-2-3,Insert,-5587243,200,14485
client,client_request,completed,1777553774862491,2,,,1777553774846271,1777553774862491,1777553774846271,1777553774862491,,,,client-2-3,Insert,-6396965,200,16220
client,client_request,completed,1777553774874279,2,,,1777553774862600,1777553774874279,1777553774862600,1777553774874279,,,,client-2-3,Insert,-6228363,200,11679
client,client_request,completed,1777553774890192,2,,,1777553774874634,1777553774890192,1777553774874634,1777553774890192,,,,client-2-3,Insert,8155783,200,15558
client,client_request,completed,1777553774905225,2,,,1777553774891532,1777553774905225,1777553774891532,1777553774905225,,,,client-2-3,Remove,-14290349,200,13693
client,client_request,completed,1777553774915753,2,,,1777553774905662,1777553774915753,1777553774905662,1777553774915753,,,,client-2-3,Insert,10000941,200,10091
client,client_request,completed,1777553774928853,2,,,1777553774915956,1777553774928853,1777553774915956,1777553774928853,,,,client-2-3,Remove,-14536641,200,12897
client,client_request,completed,1777553774942882,2,,,1777553774929005,1777553774942882,1777553774929005,1777553774942882,,,,client-2-3,Insert,-15038340,200,13877
client,client_request,completed,1777553774956197,2,,,1777553774942991,1777553774956197,1777553774942991,1777553774956197,,,,client-2-3,Insert,-5562331,200,13206
client,client_request,completed,1777553774969889,2,,,1777553774956325,1777553774969889,1777553774956325,1777553774969889,,,,client-2-3,Remove,-16457266,200,13564
client,client_request,completed,1777553774984113,2,,,1777553774969992,1777553774984113,1777553774969992,1777553774984113,,,,client-2-3,Remove,1942246,200,14121
client,client_request,completed,1777553774997861,2,,,1777553774984482,1777553774997861,1777553774984482,1777553774997861,,,,client-2-3,Insert,13315854,200,13379
client,client_request,completed,1777553775012342,2,,,1777553774998208,1777553775012342,1777553774998208,1777553775012342,,,,client-2-3,Remove,10616682,200,14134
client,client_request,completed,1777553775026860,2,,,1777553775012457,1777553775026860,1777553775012457,1777553775026860,,,,client-2-3,Remove,-15438786,200,14403
client,client_request,completed,1777553775041640,2,,,1777553775027190,1777553775041640,1777553775027190,1777553775041640,,,,client-2-3,Remove,-10866433,200,14450
client,client_request,completed,1777553775055883,2,,,1777553775041748,1777553775055883,1777553775041748,1777553775055883,,,,client-2-3,Insert,3840171,200,14135
client,client_request,completed,1777553775069810,2,,,1777553775056139,1777553775069810,1777553775056139,1777553775069810,,,,client-2-3,Insert,-10117767,200,13671
client,client_request,completed,1777553775085914,2,,,1777553775069921,1777553775085914,1777553775069921,1777553775085914,,,,client-2-3,Insert,4415271,200,15993
client,client_request,completed,1777553775100981,2,,,1777553775086013,1777553775100981,1777553775086013,1777553775100981,,,,client-2-3,Insert,2091284,200,14968
client,client_request,completed,1777553775115316,2,,,1777553775101085,1777553775115316,1777553775101085,1777553775115316,,,,client-2-3,Insert,1711075,200,14231
client,client_request,completed,1777553775130286,2,,,1777553775115412,1777553775130286,1777553775115412,1777553775130286,,,,client-2-3,Insert,-4005641,200,14874
client,client_request,completed,1777553775144582,2,,,1777553775130410,1777553775144582,1777553775130410,1777553775144582,,,,client-2-3,Insert,-12982501,200,14172
client,client_request,completed,1777553775158647,2,,,1777553775144860,1777553775158647,1777553775144860,1777553775158647,,,,client-2-3,Remove,16139522,200,13787
client,client_request,completed,1777553775173531,2,,,1777553775158787,1777553775173531,1777553775158787,1777553775173531,,,,client-2-3,Remove,7422095,200,14744
client,client_request,completed,1777553775187984,2,,,1777553775173621,1777553775187984,1777553775173621,1777553775187984,,,,client-2-3,Insert,10868974,200,14363
client,client_request,completed,1777553775202538,2,,,1777553775188084,1777553775202538,1777553775188084,1777553775202538,,,,client-2-3,Insert,6518158,200,14454
client,client_request,completed,1777553775216958,2,,,1777553775202858,1777553775216958,1777553775202858,1777553775216958,,,,client-2-3,Remove,-1517841,200,14100
client,client_request,completed,1777553775231261,2,,,1777553775217055,1777553775231261,1777553775217055,1777553775231261,,,,client-2-3,Insert,-3470247,200,14206
client,client_request,completed,1777553775245748,2,,,1777553775231579,1777553775245748,1777553775231579,1777553775245748,,,,client-2-3,Remove,3155275,200,14169
client,client_request,completed,1777553775260381,2,,,1777553775245863,1777553775260381,1777553775245863,1777553775260381,,,,client-2-3,Remove,-11944043,200,14518
client,client_request,completed,1777553775274199,2,,,1777553775260705,1777553775274199,1777553775260705,1777553775274199,,,,client-2-3,Remove,10374769,200,13494
client,client_request,completed,1777553775288942,2,,,1777553775274288,1777553775288942,1777553775274288,1777553775288942,,,,client-2-3,Insert,-1273978,200,14654
client,client_request,completed,1777553775303497,2,,,1777553775289038,1777553775303497,1777553775289038,1777553775303497,,,,client-2-3,Insert,-14620627,200,14459
client,client_request,completed,1777553775318509,2,,,1777553775303606,1777553775318509,1777553775303606,1777553775318509,,,,client-2-3,Remove,-11354185,200,14903
client,client_request,completed,1777553775333496,2,,,1777553775318809,1777553775333496,1777553775318809,1777553775333496,,,,client-2-3,Insert,-13056043,200,14687
client,client_request,completed,1777553775348103,2,,,1777553775333607,1777553775348103,1777553775333607,1777553775348103,,,,client-2-3,Remove,5016741,200,14496
client,client_request,completed,1777553775362796,2,,,1777553775348280,1777553775362796,1777553775348280,1777553775362796,,,,client-2-3,Remove,3989634,200,14516
client,client_request,completed,1777553775377259,2,,,1777553775363119,1777553775377259,1777553775363119,1777553775377259,,,,client-2-3,Insert,-2335991,200,14140
client,client_request,completed,1777553775391360,2,,,1777553775377585,1777553775391360,1777553775377585,1777553775391360,,,,client-2-3,Remove,-3789484,200,13775
client,client_request,completed,1777553775406060,2,,,1777553775391453,1777553775406060,1777553775391453,1777553775406060,,,,client-2-3,Remove,-5687293,200,14607
client,client_request,completed,1777553775420924,2,,,1777553775406149,1777553775420924,1777553775406149,1777553775420924,,,,client-2-3,Remove,12422252,200,14775
client,client_request,completed,1777553775436255,2,,,1777553775421178,1777553775436255,1777553775421178,1777553775436255,,,,client-2-3,Insert,531518,200,15077
client,client_request,completed,1777553775451734,2,,,1777553775436347,1777553775451734,1777553775436347,1777553775451734,,,,client-2-3,Insert,-541697,200,15387
client,client_request,completed,1777553775466782,2,,,1777553775451843,1777553775466782,1777553775451843,1777553775466782,,,,client-2-3,Insert,1481242,200,14939
client,client_request,completed,1777553775481607,2,,,1777553775466898,1777553775481607,1777553775466898,1777553775481607,,,,client-2-3,Insert,9570515,200,14709
client,client_request,completed,1777553775496421,2,,,1777553775481931,1777553775496421,1777553775481931,1777553775496421,,,,client-2-3,Remove,5216106,200,14490
client,client_request,completed,1777553775510625,2,,,1777553775496746,1777553775510625,1777553775496746,1777553775510625,,,,client-2-3,Remove,-11078521,200,13879
client,client_request,completed,1777553775524880,2,,,1777553775510715,1777553775524880,1777553775510715,1777553775524880,,,,client-2-3,Remove,-1713218,200,14165
client,client_request,completed,1777553775539025,2,,,1777553775525034,1777553775539025,1777553775525034,1777553775539025,,,,client-2-3,Remove,16755642,200,13991
client,client_request,completed,1777553775553358,2,,,1777553775539185,1777553775553358,1777553775539185,1777553775553358,,,,client-2-3,Remove,11145388,200,14173
client,client_request,completed,1777553775567476,2,,,1777553775553446,1777553775567476,1777553775553446,1777553775567476,,,,client-2-3,Insert,-8150484,200,14030
client,client_request,completed,1777553775580777,2,,,1777553775567563,1777553775580777,1777553775567563,1777553775580777,,,,client-2-3,Insert,-8656576,200,13214
client,client_request,completed,1777553775594951,2,,,1777553775580866,1777553775594951,1777553775580866,1777553775594951,,,,client-2-3,Remove,1510680,200,14085
client,client_request,completed,1777553775609563,2,,,1777553775595039,1777553775609563,1777553775595039,1777553775609563,,,,client-2-3,Insert,3609585,200,14524
client,client_request,completed,1777553775625436,2,,,1777553775609934,1777553775625436,1777553775609934,1777553775625436,,,,client-2-3,Remove,8841608,200,15502
client,client_request,completed,1777553775638910,2,,,1777553775626405,1777553775638910,1777553775626405,1777553775638910,,,,client-2-3,Remove,-578042,200,12505
client,client_request,completed,1777553775653018,2,,,1777553775639035,1777553775653018,1777553775639035,1777553775653018,,,,client-2-3,Insert,-591307,200,13983
client,client_request,completed,1777553775668269,2,,,1777553775653189,1777553775668269,1777553775653189,1777553775668269,,,,client-2-3,Remove,-14557585,200,15080
client,client_request,completed,1777553775686021,2,,,1777553775668802,1777553775686021,1777553775668802,1777553775686021,,,,client-2-3,Insert,684285,200,17219
client,client_request,completed,1777553775699566,2,,,1777553775686726,1777553775699566,1777553775686726,1777553775699566,,,,client-2-3,Insert,-7879722,200,12840
client,client_request,completed,1777553775718853,2,,,1777553775699784,1777553775718853,1777553775699784,1777553775718853,,,,client-2-3,Remove,-9992399,200,19069
client,client_request,completed,1777553775730089,2,,,1777553775720725,1777553775730089,1777553775720725,1777553775730089,,,,client-2-3,Remove,-15022394,200,9364
client,client_request,completed,1777553775747287,2,,,1777553775730181,1777553775747287,1777553775730181,1777553775747287,,,,client-2-3,Insert,-14534517,200,17106
client,client_request,completed,1777553775763789,2,,,1777553775748065,1777553775763789,1777553775748065,1777553775763789,,,,client-2-3,Remove,7162824,200,15724
client,client_request,completed,1777553775838523,2,,,1777553775763890,1777553775838523,1777553775763890,1777553775838523,,,,client-2-3,Remove,-11254596,200,74633
client,client_request,completed,1777553775856334,2,,,1777553775838954,1777553775856334,1777553775838954,1777553775856334,,,,client-2-3,Insert,2002450,200,17380
client,client_request,completed,1777553775868962,2,,,1777553775857010,1777553775868962,1777553775857010,1777553775868962,,,,client-2-3,Insert,-12090375,200,11952
client,client_request,completed,1777553775883000,2,,,1777553775869053,1777553775883000,1777553775869053,1777553775883000,,,,client-2-3,Remove,7155528,200,13947
client,client_request,completed,1777553775897796,2,,,1777553775883096,1777553775897796,1777553775883096,1777553775897796,,,,client-2-3,Insert,-12896874,200,14700
client,client_request,completed,1777553775912403,2,,,1777553775897898,1777553775912403,1777553775897898,1777553775912403,,,,client-2-3,Insert,-9598003,200,14505
client,client_request,completed,1777553775926347,2,,,1777553775912514,1777553775926347,1777553775912514,1777553775926347,,,,client-2-3,Remove,-11024520,200,13833
client,client_request,completed,1777553775940872,2,,,1777553775926444,1777553775940872,1777553775926444,1777553775940872,,,,client-2-3,Remove,-15917061,200,14428
client,client_request,completed,1777553775955292,2,,,1777553775940962,1777553775955292,1777553775940962,1777553775955292,,,,client-2-3,Insert,-3996542,200,14330
client,client_request,completed,1777553775970340,2,,,1777553775955388,1777553775970340,1777553775955388,1777553775970340,,,,client-2-3,Remove,6004840,200,14952
client,client_request,completed,1777553775985476,2,,,1777553775970526,1777553775985476,1777553775970526,1777553775985476,,,,client-2-3,Remove,8783806,200,14950
client,client_request,completed,1777553776000087,2,,,1777553775985659,1777553776000087,1777553775985659,1777553776000087,,,,client-2-3,Remove,-13040953,200,14428
client,client_request,completed,1777553776015027,2,,,1777553776000318,1777553776015027,1777553776000318,1777553776015027,,,,client-2-3,Remove,3911238,200,14709
client,client_request,completed,1777553776029983,2,,,1777553776015127,1777553776029983,1777553776015127,1777553776029983,,,,client-2-3,Insert,-9420444,200,14856
client,client_request,completed,1777553776044109,2,,,1777553776030073,1777553776044109,1777553776030073,1777553776044109,,,,client-2-3,Remove,-15482366,200,14036
client,client_request,completed,1777553776059064,2,,,1777553776044231,1777553776059064,1777553776044231,1777553776059064,,,,client-2-3,Insert,-1538043,200,14833
client,client_request,completed,1777553776074218,2,,,1777553776059159,1777553776074218,1777553776059159,1777553776074218,,,,client-2-3,Remove,7201064,200,15059
client,client_request,completed,1777553776088350,2,,,1777553776074328,1777553776088350,1777553776074328,1777553776088350,,,,client-2-3,Insert,-15322533,200,14022
client,client_request,completed,1777553776103571,2,,,1777553776088441,1777553776103571,1777553776088441,1777553776103571,,,,client-2-3,Insert,-14405433,200,15130
client,client_request,completed,1777553776118379,2,,,1777553776103660,1777553776118379,1777553776103660,1777553776118379,,,,client-2-3,Remove,-12363191,200,14719
client,client_request,completed,1777553776133453,2,,,1777553776118558,1777553776133453,1777553776118558,1777553776133453,,,,client-2-3,Remove,-15261658,200,14895
client,client_request,completed,1777553776148408,2,,,1777553776133812,1777553776148408,1777553776133812,1777553776148408,,,,client-2-3,Insert,-9574781,200,14596
client,client_request,completed,1777553776163517,2,,,1777553776148499,1777553776163517,1777553776148499,1777553776163517,,,,client-2-3,Remove,-5725712,200,15018
client,client_request,completed,1777553776178674,2,,,1777553776163870,1777553776178674,1777553776163870,1777553776178674,,,,client-2-3,Insert,10689969,200,14804
client,client_request,completed,1777553776193702,2,,,1777553776178997,1777553776193702,1777553776178997,1777553776193702,,,,client-2-3,Insert,-6556159,200,14705
client,client_request,completed,1777553776208163,2,,,1777553776193801,1777553776208163,1777553776193801,1777553776208163,,,,client-2-3,Insert,9863198,200,14362
client,client_request,completed,1777553776223460,2,,,1777553776208297,1777553776223460,1777553776208297,1777553776223460,,,,client-2-3,Insert,-4975663,200,15163
client,client_request,completed,1777553776238506,2,,,1777553776223558,1777553776238506,1777553776223558,1777553776238506,,,,client-2-3,Remove,966028,200,14948
client,client_request,completed,1777553776254190,2,,,1777553776238707,1777553776254190,1777553776238707,1777553776254190,,,,client-2-3,Remove,768787,200,15483
client,client_request,completed,1777553776269974,2,,,1777553776254288,1777553776269974,1777553776254288,1777553776269974,,,,client-2-3,Insert,-2943182,200,15686
client,client_request,completed,1777553776284523,2,,,1777553776270304,1777553776284523,1777553776270304,1777553776284523,,,,client-2-3,Insert,1785411,200,14219
client,client_request,completed,1777553776299818,2,,,1777553776284614,1777553776299818,1777553776284614,1777553776299818,,,,client-2-3,Remove,-485405,200,15204
client,client_request,completed,1777553776315229,2,,,1777553776299915,1777553776315229,1777553776299915,1777553776315229,,,,client-2-3,Remove,14026491,200,15314
client,client_request,completed,1777553776329891,2,,,1777553776315349,1777553776329891,1777553776315349,1777553776329891,,,,client-2-3,Insert,-6353033,200,14542
client,client_request,completed,1777553776345125,2,,,1777553776329986,1777553776345125,1777553776329986,1777553776345125,,,,client-2-3,Insert,-13882030,200,15139
client,client_request,completed,1777553776359752,2,,,1777553776345229,1777553776359752,1777553776345229,1777553776359752,,,,client-2-3,Insert,-13913938,200,14523
client,client_request,completed,1777553776375330,2,,,1777553776359848,1777553776375330,1777553776359848,1777553776375330,,,,client-2-3,Remove,11699824,200,15482
client,client_request,completed,1777553776390209,2,,,1777553776375529,1777553776390209,1777553776375529,1777553776390209,,,,client-2-3,Insert,15181067,200,14680
client,client_request,completed,1777553776404810,2,,,1777553776390301,1777553776404810,1777553776390301,1777553776404810,,,,client-2-3,Insert,-12411037,200,14509
client,client_request,completed,1777553776420335,2,,,1777553776404910,1777553776420335,1777553776404910,1777553776420335,,,,client-2-3,Remove,6598407,200,15425
client,client_request,completed,1777553776435304,2,,,1777553776420542,1777553776435304,1777553776420542,1777553776435304,,,,client-2-3,Remove,12302958,200,14762
client,client_request,completed,1777553776450206,2,,,1777553776435402,1777553776450206,1777553776435402,1777553776450206,,,,client-2-3,Remove,-8998654,200,14804
client,client_request,completed,1777553776465827,2,,,1777553776450305,1777553776465827,1777553776450305,1777553776465827,,,,client-2-3,Insert,-10630622,200,15522
client,client_request,completed,1777553776480279,2,,,1777553776465928,1777553776480279,1777553776465928,1777553776480279,,,,client-2-3,Remove,-2353177,200,14351
client,client_request,completed,1777553776495399,2,,,1777553776480399,1777553776495399,1777553776480399,1777553776495399,,,,client-2-3,Insert,-7770175,200,15000
client,client_request,completed,1777553776511052,2,,,1777553776495489,1777553776511052,1777553776495489,1777553776511052,,,,client-2-3,Remove,-1894613,200,15563
client,client_request,completed,1777553776525538,2,,,1777553776511160,1777553776525538,1777553776511160,1777553776525538,,,,client-2-3,Insert,-13707348,200,14378
client,client_request,completed,1777553776540489,2,,,1777553776525714,1777553776540489,1777553776525714,1777553776540489,,,,client-2-3,Insert,-6549672,200,14775
client,client_request,completed,1777553776555567,2,,,1777553776540588,1777553776555567,1777553776540588,1777553776555567,,,,client-2-3,Remove,-7966164,200,14979
client,client_request,completed,1777553776570015,2,,,1777553776555656,1777553776570015,1777553776555656,1777553776570015,,,,client-2-3,Remove,-6299554,200,14359
client,client_request,completed,1777553776584800,2,,,1777553776570104,1777553776584800,1777553776570104,1777553776584800,,,,client-2-3,Remove,-15570284,200,14696
client,client_request,completed,1777553776599485,2,,,1777553776584889,1777553776599485,1777553776584889,1777553776599485,,,,client-2-3,Insert,-2922784,200,14596
client,client_request,completed,1777553776616899,2,,,1777553776599586,1777553776616899,1777553776599586,1777553776616899,,,,client-2-3,Remove,-8985729,200,17313
client,client_request,completed,1777553776634350,2,,,1777553776616999,1777553776634350,1777553776616999,1777553776634350,,,,client-2-3,Remove,922153,200,17351
client,client_request,completed,1777553776645820,2,,,1777553776635078,1777553776645820,1777553776635078,1777553776645820,,,,client-2-3,Remove,-2682503,200,10742
client,client_request,completed,1777553776662888,2,,,1777553776645951,1777553776662888,1777553776645951,1777553776662888,,,,client-2-3,Insert,2280997,200,16937
client,client_request,completed,1777553776678472,2,,,1777553776663403,1777553776678472,1777553776663403,1777553776678472,,,,client-2-3,Insert,4354960,200,15069
client,client_request,completed,1777553776692578,2,,,1777553776678837,1777553776692578,1777553776678837,1777553776692578,,,,client-2-3,Insert,-12532795,200,13741
client,client_request,completed,1777553776708020,2,,,1777553776692706,1777553776708020,1777553776692706,1777553776708020,,,,client-2-3,Insert,-11571451,200,15314
client,client_request,completed,1777553776723233,2,,,1777553776708134,1777553776723233,1777553776708134,1777553776723233,,,,client-2-3,Remove,12922214,200,15099
client,client_request,completed,1777553776738549,2,,,1777553776723357,1777553776738549,1777553776723357,1777553776738549,,,,client-2-3,Insert,14216637,200,15192
client,client_request,completed,1777553776754247,2,,,1777553776738653,1777553776754247,1777553776738653,1777553776754247,,,,client-2-3,Insert,-11733551,200,15594
client,client_request,completed,1777553776827173,2,,,1777553776754655,1777553776827173,1777553776754655,1777553776827173,,,,client-2-3,Remove,11101937,200,72518
client,client_request,completed,1777553776848772,2,,,1777553776827278,1777553776848772,1777553776827278,1777553776848772,,,,client-2-3,Insert,-344665,200,21494
client,client_request,completed,1777553776864094,2,,,1777553776849141,1777553776864094,1777553776849141,1777553776864094,,,,client-2-3,Remove,-2649239,200,14953
client,client_request,completed,1777553776879489,2,,,1777553776864247,1777553776879489,1777553776864247,1777553776879489,,,,client-2-3,Remove,13689327,200,15242
client,client_request,completed,1777553776895076,2,,,1777553776879693,1777553776895076,1777553776879693,1777553776895076,,,,client-2-3,Insert,15117576,200,15383
client,client_request,completed,1777553776910334,2,,,1777553776895177,1777553776910334,1777553776895177,1777553776910334,,,,client-2-3,Insert,-407850,200,15157
client,client_request,completed,1777553776925955,2,,,1777553776910541,1777553776925955,1777553776910541,1777553776925955,,,,client-2-3,Insert,-13322400,200,15414
client,client_request,completed,1777553776941306,2,,,1777553776926058,1777553776941306,1777553776926058,1777553776941306,,,,client-2-3,Insert,-76390,200,15248
client,client_request,completed,1777553776956722,2,,,1777553776941505,1777553776956722,1777553776941505,1777553776956722,,,,client-2-3,Remove,1732398,200,15217
client,client_request,completed,1777553776972703,2,,,1777553776956821,1777553776972703,1777553776956821,1777553776972703,,,,client-2-3,Remove,16750186,200,15882
client,client_request,completed,1777553776989146,2,,,1777553776973080,1777553776989146,1777553776973080,1777553776989146,,,,client-2-3,Insert,-12586284,200,16066
client,client_request,completed,1777553777004377,2,,,1777553776989262,1777553777004377,1777553776989262,1777553777004377,,,,client-2-3,Insert,-5970465,200,15115
client,client_request,completed,1777553777020416,2,,,1777553777004715,1777553777020416,1777553777004715,1777553777020416,,,,client-2-3,Remove,748751,200,15701
client,client_request,completed,1777553777035770,2,,,1777553777020621,1777553777035770,1777553777020621,1777553777035770,,,,client-2-3,Remove,11388362,200,15149
client,client_request,completed,1777553777051534,2,,,1777553777036081,1777553777051534,1777553777036081,1777553777051534,,,,client-2-3,Remove,-13436273,200,15453
client,client_request,completed,1777553777067624,2,,,1777553777051670,1777553777067624,1777553777051670,1777553777067624,,,,client-2-3,Insert,-3638110,200,15954
client,client_request,completed,1777553777084539,2,,,1777553777067824,1777553777084539,1777553777067824,1777553777084539,,,,client-2-3,Insert,-6641665,200,16715
client,client_request,completed,1777553777100391,2,,,1777553777084911,1777553777100391,1777553777084911,1777553777100391,,,,client-2-3,Remove,8547420,200,15480
client,client_request,completed,1777553777116289,2,,,1777553777100592,1777553777116289,1777553777100592,1777553777116289,,,,client-2-3,Remove,-2549961,200,15697
client,client_request,completed,1777553777131573,2,,,1777553777116471,1777553777131573,1777553777116471,1777553777131573,,,,client-2-3,Insert,-1498488,200,15102
client,client_request,completed,1777553777147578,2,,,1777553777131673,1777553777147578,1777553777131673,1777553777147578,,,,client-2-3,Insert,8943061,200,15905
client,client_request,completed,1777553777164820,2,,,1777553777147683,1777553777164820,1777553777147683,1777553777164820,,,,client-2-3,Insert,-13690650,200,17137
client,client_request,completed,1777553777180581,2,,,1777553777164917,1777553777180581,1777553777164917,1777553777180581,,,,client-2-3,Remove,15983277,200,15664
client,client_request,completed,1777553777196838,2,,,1777553777180680,1777553777196838,1777553777180680,1777553777196838,,,,client-2-3,Remove,-16334697,200,16158
client,client_request,completed,1777553777212078,2,,,1777553777196963,1777553777212078,1777553777196963,1777553777212078,,,,client-2-3,Insert,-1476868,200,15115
client,client_request,completed,1777553777228068,2,,,1777553777212457,1777553777228068,1777553777212457,1777553777228068,,,,client-2-3,Insert,4677633,200,15611
client,client_request,completed,1777553777244212,2,,,1777553777228165,1777553777244212,1777553777228165,1777553777244212,,,,client-2-3,Insert,2172788,200,16047
client,client_request,completed,1777553777259755,2,,,1777553777244412,1777553777259755,1777553777244412,1777553777259755,,,,client-2-3,Insert,4770139,200,15343
client,client_request,completed,1777553777275920,2,,,1777553777259851,1777553777275920,1777553777259851,1777553777275920,,,,client-2-3,Remove,8238485,200,16069
client,client_request,completed,1777553777291084,2,,,1777553777276127,1777553777291084,1777553777276127,1777553777291084,,,,client-2-3,Insert,720265,200,14957
client,client_request,completed,1777553777306759,2,,,1777553777291452,1777553777306759,1777553777291452,1777553777306759,,,,client-2-3,Insert,-1170626,200,15307
client,client_request,completed,1777553777322862,2,,,1777553777306862,1777553777322862,1777553777306862,1777553777322862,,,,client-2-3,Insert,1584516,200,16000
client,client_request,completed,1777553777339200,2,,,1777553777323071,1777553777339200,1777553777323071,1777553777339200,,,,client-2-3,Insert,-14868586,200,16129
client,client_request,completed,1777553777356854,2,,,1777553777339298,1777553777356854,1777553777339298,1777553777356854,,,,client-2-3,Insert,-14815288,200,17556
client,client_request,completed,1777553777373856,2,,,1777553777356959,1777553777373856,1777553777356959,1777553777373856,,,,client-2-3,Remove,-3265894,200,16897
client,client_request,completed,1777553777389665,2,,,1777553777373973,1777553777389665,1777553777373973,1777553777389665,,,,client-2-3,Remove,-1704952,200,15692
client,client_request,completed,1777553777405866,2,,,1777553777389873,1777553777405866,1777553777389873,1777553777405866,,,,client-2-3,Remove,13268443,200,15993
client,client_request,completed,1777553777421315,2,,,1777553777405968,1777553777421315,1777553777405968,1777553777421315,,,,client-2-3,Insert,6569926,200,15347
client,client_request,completed,1777553777436810,2,,,1777553777421425,1777553777436810,1777553777421425,1777553777436810,,,,client-2-3,Remove,-543419,200,15385
client,client_request,completed,1777553777453702,2,,,1777553777436914,1777553777453702,1777553777436914,1777553777453702,,,,client-2-3,Remove,-4840838,200,16788
client,client_request,completed,1777553777471359,2,,,1777553777453900,1777553777471359,1777553777453900,1777553777471359,,,,client-2-3,Insert,-12949626,200,17459
client,client_request,completed,1777553777488288,2,,,1777553777471716,1777553777488288,1777553777471716,1777553777488288,,,,client-2-3,Remove,-10313334,200,16572
client,client_request,completed,1777553777504779,2,,,1777553777488388,1777553777504779,1777553777488388,1777553777504779,,,,client-2-3,Remove,-13136355,200,16391
client,client_request,completed,1777553777520306,2,,,1777553777505145,1777553777520306,1777553777505145,1777553777520306,,,,client-2-3,Insert,-5910167,200,15161
client,client_request,completed,1777553777536240,2,,,1777553777520672,1777553777536240,1777553777520672,1777553777536240,,,,client-2-3,Remove,3258005,200,15568
client,client_request,completed,1777553777551463,2,,,1777553777536346,1777553777551463,1777553777536346,1777553777551463,,,,client-2-3,Insert,-12708948,200,15117
client,client_request,completed,1777553777567116,2,,,1777553777551559,1777553777567116,1777553777551559,1777553777567116,,,,client-2-3,Remove,12987593,200,15557
client,client_request,completed,1777553777582803,2,,,1777553777567213,1777553777582803,1777553777567213,1777553777582803,,,,client-2-3,Insert,14315493,200,15590
client,client_request,completed,1777553777598083,2,,,1777553777582909,1777553777598083,1777553777582909,1777553777598083,,,,client-2-3,Remove,3048177,200,15174
client,client_request,completed,1777553777614369,2,,,1777553777598180,1777553777614369,1777553777598180,1777553777614369,,,,client-2-3,Insert,-7471254,200,16189
client,client_request,completed,1777553777631239,2,,,1777553777614583,1777553777631239,1777553777614583,1777553777631239,,,,client-2-3,Insert,-2348126,200,16656
client,client_request,completed,1777553777647991,2,,,1777553777631708,1777553777647991,1777553777631708,1777553777647991,,,,client-2-3,Remove,-12157639,200,16283
client,client_request,completed,1777553777665197,2,,,1777553777648576,1777553777665197,1777553777648576,1777553777665197,,,,client-2-3,Remove,11384583,200,16621
client,client_request,completed,1777553777679748,2,,,1777553777665308,1777553777679748,1777553777665308,1777553777679748,,,,client-2-3,Remove,13201129,200,14440
client,client_request,completed,1777553777697856,2,,,1777553777680967,1777553777697856,1777553777680967,1777553777697856,,,,client-2-3,Insert,-4510609,200,16889
client,client_request,completed,1777553777714459,2,,,1777553777697965,1777553777714459,1777553777697965,1777553777714459,,,,client-2-3,Insert,4168788,200,16494
client,client_request,completed,1777553777730809,2,,,1777553777714669,1777553777730809,1777553777714669,1777553777730809,,,,client-2-3,Insert,-6146916,200,16140
client,client_request,completed,1777553777747236,2,,,1777553777731002,1777553777747236,1777553777731002,1777553777747236,,,,client-2-3,Insert,-4624744,200,16234
client,client_request,completed,1777553777763390,2,,,1777553777747366,1777553777763390,1777553777747366,1777553777763390,,,,client-2-3,Remove,-9558657,200,16024
client,client_request,completed,1777553777840718,2,,,1777553777763608,1777553777840718,1777553777763608,1777553777840718,,,,client-2-3,Insert,-9080123,200,77110
client,client_request,completed,1777553777856212,2,,,1777553777840900,1777553777856212,1777553777840900,1777553777856212,,,,client-2-3,Remove,-4098859,200,15312
client,client_request,completed,1777553777871779,2,,,1777553777856393,1777553777871779,1777553777856393,1777553777871779,,,,client-2-3,Insert,-3689490,200,15386
client,client_request,completed,1777553777887515,2,,,1777553777872087,1777553777887515,1777553777872087,1777553777887515,,,,client-2-3,Remove,-4155308,200,15428
client,client_request,completed,1777553777902888,2,,,1777553777887623,1777553777902888,1777553777887623,1777553777902888,,,,client-2-3,Remove,9130979,200,15265
client,client_request,completed,1777553777918691,2,,,1777553777903419,1777553777918691,1777553777903419,1777553777918691,,,,client-2-3,Remove,992926,200,15272
client,client_request,completed,1777553777936886,2,,,1777553777921100,1777553777936886,1777553777921100,1777553777936886,,,,client-2-3,Insert,-6343541,200,15786
client,client_request,completed,1777553777948947,2,,,1777553777937138,1777553777948947,1777553777937138,1777553777948947,,,,client-2-3,Insert,-6214485,200,11809
client,client_request,completed,1777553777959975,2,,,1777553777949051,1777553777959975,1777553777949051,1777553777959975,,,,client-2-3,Insert,10605778,200,10924
client,client_request,completed,1777553777972502,2,,,1777553777960559,1777553777972502,1777553777960559,1777553777972502,,,,client-2-3,Remove,7741234,200,11943
client,client_request,completed,1777553777985750,2,,,1777553777972613,1777553777985750,1777553777972613,1777553777985750,,,,client-2-3,Insert,-6018269,200,13137
client,client_request,completed,1777553778000680,2,,,1777553777986217,1777553778000680,1777553777986217,1777553778000680,,,,client-2-3,Insert,-12095667,200,14463
client,client_request,completed,1777553778016413,2,,,1777553778000938,1777553778016413,1777553778000938,1777553778016413,,,,client-2-3,Remove,11553831,200,15475
client,client_request,completed,1777553778031219,2,,,1777553778016814,1777553778031219,1777553778016814,1777553778031219,,,,client-2-3,Insert,2377144,200,14405
client,client_request,completed,1777553778045972,2,,,1777553778031335,1777553778045972,1777553778031335,1777553778045972,,,,client-2-3,Insert,11511227,200,14637
client,client_request,completed,1777553778060998,2,,,1777553778046878,1777553778060998,1777553778046878,1777553778060998,,,,client-2-3,Remove,-16187566,200,14120
client,client_request,completed,1777553778076876,2,,,1777553778061440,1777553778076876,1777553778061440,1777553778076876,,,,client-2-3,Remove,-7066641,200,15436
client,client_request,completed,1777553778093668,2,,,1777553778077338,1777553778093668,1777553778077338,1777553778093668,,,,client-2-3,Insert,-9424775,200,16330
client,client_request,completed,1777553778109871,2,,,1777553778094183,1777553778109871,1777553778094183,1777553778109871,,,,client-2-3,Remove,6151510,200,15688
client,client_request,completed,1777553778126246,2,,,1777553778109977,1777553778126246,1777553778109977,1777553778126246,,,,client-2-3,Insert,1109321,200,16269
client,client_request,completed,1777553778141139,2,,,1777553778126354,1777553778141139,1777553778126354,1777553778141139,,,,client-2-3,Insert,16013777,200,14785
client,client_request,completed,1777553778157706,2,,,1777553778141787,1777553778157706,1777553778141787,1777553778157706,,,,client-2-3,Remove,-7720708,200,15919
client,client_request,completed,1777553778175169,2,,,1777553778157814,1777553778175169,1777553778157814,1777553778175169,,,,client-2-3,Remove,4409895,200,17355
client,client_request,completed,1777553778188669,2,,,1777553778175683,1777553778188669,1777553778175683,1777553778188669,,,,client-2-3,Remove,15878053,200,12986
client,client_request,completed,1777553778204338,2,,,1777553778189092,1777553778204338,1777553778189092,1777553778204338,,,,client-2-3,Remove,-11525222,200,15246
client,client_request,completed,1777553778220777,2,,,1777553778204618,1777553778220777,1777553778204618,1777553778220777,,,,client-2-3,Remove,-9973817,200,16159
client,client_request,completed,1777553778236555,2,,,1777553778221000,1777553778236555,1777553778221000,1777553778236555,,,,client-2-3,Insert,-13640182,200,15555
client,client_request,completed,1777553778251809,2,,,1777553778236980,1777553778251809,1777553778236980,1777553778251809,,,,client-2-3,Insert,10305949,200,14829
client,client_request,completed,1777553778268152,2,,,1777553778252245,1777553778268152,1777553778252245,1777553778268152,,,,client-2-3,Insert,-2710380,200,15907
client,client_request,completed,1777553778283657,2,,,1777553778268372,1777553778283657,1777553778268372,1777553778283657,,,,client-2-3,Insert,-2929463,200,15285
client,client_request,completed,1777553778299934,2,,,1777553778283999,1777553778299934,1777553778283999,1777553778299934,,,,client-2-3,Insert,9799178,200,15935
client,client_request,completed,1777553778315449,2,,,1777553778300316,1777553778315449,1777553778300316,1777553778315449,,,,client-2-3,Remove,13811047,200,15133
client,client_request,completed,1777553778331633,2,,,1777553778315869,1777553778331633,1777553778315869,1777553778331633,,,,client-2-3,Insert,2001855,200,15764
client,client_request,completed,1777553778348312,2,,,1777553778331741,1777553778348312,1777553778331741,1777553778348312,,,,client-2-3,Insert,2601483,200,16571
client,client_request,completed,1777553778364360,2,,,1777553778348449,1777553778364360,1777553778348449,1777553778364360,,,,client-2-3,Remove,9690895,200,15911
client,client_request,completed,1777553778379998,2,,,1777553778364586,1777553778379998,1777553778364586,1777553778379998,,,,client-2-3,Remove,1264664,200,15412
client,client_request,completed,1777553778396679,2,,,1777553778380366,1777553778396679,1777553778380366,1777553778396679,,,,client-2-3,Insert,7264920,200,16313
client,client_request,completed,1777553778415522,2,,,1777553778396789,1777553778415522,1777553778396789,1777553778415522,,,,client-2-3,Remove,-1755545,200,18733
client,client_request,completed,1777553778430580,2,,,1777553778415990,1777553778430580,1777553778415990,1777553778430580,,,,client-2-3,Insert,11297311,200,14590
client,client_request,completed,1777553778445475,2,,,1777553778431352,1777553778445475,1777553778431352,1777553778445475,,,,client-2-3,Insert,4685255,200,14123
client,client_request,completed,1777553778463630,2,,,1777553778445961,1777553778463630,1777553778445961,1777553778463630,,,,client-2-3,Remove,10103985,200,17669
client,client_request,completed,1777553778478616,2,,,1777553778464483,1777553778478616,1777553778464483,1777553778478616,,,,client-2-3,Remove,9259187,200,14133
client,client_request,completed,1777553778496634,2,,,1777553778479958,1777553778496634,1777553778479958,1777553778496634,,,,client-2-3,Remove,-8427985,200,16676
client,client_request,completed,1777553778512018,2,,,1777553778497096,1777553778512018,1777553778497096,1777553778512018,,,,client-2-3,Remove,16130226,200,14922
client,client_request,completed,1777553778527333,2,,,1777553778513487,1777553778527333,1777553778513487,1777553778527333,,,,client-2-3,Insert,-3361408,200,13846
client,client_request,completed,1777553778539586,2,,,1777553778529184,1777553778539586,1777553778529184,1777553778539586,,,,client-2-3,Insert,7201375,200,10402
client,client_request,completed,1777553778553674,2,,,1777553778539784,1777553778553674,1777553778539784,1777553778553674,,,,client-2-3,Remove,-5321720,200,13890
client,client_request,completed,1777553778568608,2,,,1777553778553770,1777553778568608,1777553778553770,1777553778568608,,,,client-2-3,Insert,-10249702,200,14838
client,client_request,completed,1777553778584046,2,,,1777553778568704,1777553778584046,1777553778568704,1777553778584046,,,,client-2-3,Insert,-11090204,200,15342
client,client_request,completed,1777553778599595,2,,,1777553778584141,1777553778599595,1777553778584141,1777553778599595,,,,client-2-3,Insert,5287272,200,15454
client,client_request,completed,1777553778616711,2,,,1777553778599690,1777553778616711,1777553778599690,1777553778616711,,,,client-2-3,Insert,-13110994,200,17021
client,client_request,completed,1777553778633103,2,,,1777553778617238,1777553778633103,1777553778617238,1777553778633103,,,,client-2-3,Remove,-15564914,200,15865
client,client_request,completed,1777553778650455,2,,,1777553778635030,1777553778650455,1777553778635030,1777553778650455,,,,client-2-3,Insert,9357195,200,15425
client,client_request,completed,1777553778663348,2,,,1777553778651108,1777553778663348,1777553778651108,1777553778663348,,,,client-2-3,Remove,5496392,200,12240
client,client_request,completed,1777553778679964,2,,,1777553778663452,1777553778679964,1777553778663452,1777553778679964,,,,client-2-3,Insert,-2180012,200,16512
client,client_request,completed,1777553778700474,2,,,1777553778680628,1777553778700474,1777553778680628,1777553778700474,,,,client-2-3,Remove,-5332498,200,19846
client,client_request,completed,1777553778714720,2,,,1777553778700588,1777553778714720,1777553778700588,1777553778714720,,,,client-2-3,Remove,-13387071,200,14132
client,client_request,completed,1777553778731823,2,,,1777553778714825,1777553778731823,1777553778714825,1777553778731823,,,,client-2-3,Remove,-10968265,200,16998
client,client_request,completed,1777553778746632,2,,,1777553778732049,1777553778746632,1777553778732049,1777553778746632,,,,client-2-3,Remove,-7113902,200,14583
client,client_request,completed,1777553778764347,2,,,1777553778746837,1777553778764347,1777553778746837,1777553778764347,,,,client-2-3,Remove,-6533584,200,17510
client,client_request,completed,1777553778840891,2,,,1777553778764476,1777553778840891,1777553778764476,1777553778840891,,,,client-2-3,Insert,4995455,200,76415
client,client_request,completed,1777553778857465,2,,,1777553778841248,1777553778857465,1777553778841248,1777553778857465,,,,client-2-3,Remove,10335540,200,16217
client,client_request,completed,1777553778873129,2,,,1777553778857614,1777553778873129,1777553778857614,1777553778873129,,,,client-2-3,Remove,-193007,200,15515
client,client_request,completed,1777553778889531,2,,,1777553778873563,1777553778889531,1777553778873563,1777553778889531,,,,client-2-3,Remove,8668783,200,15968
client,client_request,completed,1777553778902225,2,,,1777553778889634,1777553778902225,1777553778889634,1777553778902225,,,,client-2-3,Remove,-11259415,200,12591
client,client_request,completed,1777553778916713,2,,,1777553778902633,1777553778916713,1777553778902633,1777553778916713,,,,client-2-3,Insert,6859762,200,14080
client,client_request,completed,1777553778934733,2,,,1777553778917437,1777553778934733,1777553778917437,1777553778934733,,,,client-2-3,Remove,15690998,200,17296
client,client_request,completed,1777553778951310,2,,,1777553778935958,1777553778951310,1777553778935958,1777553778951310,,,,client-2-3,Insert,14259120,200,15352
client,client_request,completed,1777553778968049,2,,,1777553778952435,1777553778968049,1777553778952435,1777553778968049,,,,client-2-3,Remove,6111137,200,15614
client,client_request,completed,1777553778981724,2,,,1777553778969194,1777553778981724,1777553778969194,1777553778981724,,,,client-2-3,Insert,15317261,200,12530
client,client_request,completed,1777553779001993,2,,,1777553778982600,1777553779001993,1777553778982600,1777553779001993,,,,client-2-3,Insert,9479165,200,19393
client,client_request,completed,1777553779018915,2,,,1777553779002104,1777553779018915,1777553779002104,1777553779018915,,,,client-2-3,Insert,9177444,200,16811
client,client_request,completed,1777553779035633,2,,,1777553779019119,1777553779035633,1777553779019119,1777553779035633,,,,client-2-3,Insert,-9416812,200,16514
client,client_request,completed,1777553779051774,2,,,1777553779035980,1777553779051774,1777553779035980,1777553779051774,,,,client-2-3,Insert,-4541747,200,15794
client,client_request,completed,1777553779068628,2,,,1777553779051902,1777553779068628,1777553779051902,1777553779068628,,,,client-2-3,Remove,-12537831,200,16726
client,client_request,completed,1777553779085443,2,,,1777553779068888,1777553779085443,1777553779068888,1777553779085443,,,,client-2-3,Remove,10186772,200,16555
client,client_request,completed,1777553779101312,2,,,1777553779085554,1777553779101312,1777553779085554,1777553779101312,,,,client-2-3,Insert,-8812173,200,15758
client,client_request,completed,1777553779118531,2,,,1777553779101437,1777553779118531,1777553779101437,1777553779118531,,,,client-2-3,Insert,-1037059,200,17094
client,client_request,completed,1777553779134812,2,,,1777553779118954,1777553779134812,1777553779118954,1777553779134812,,,,client-2-3,Insert,10750554,200,15858
client,client_request,completed,1777553779151866,2,,,1777553779134942,1777553779151866,1777553779134942,1777553779151866,,,,client-2-3,Insert,4838498,200,16924
client,client_request,completed,1777553779168385,2,,,1777553779152095,1777553779168385,1777553779152095,1777553779168385,,,,client-2-3,Remove,9818853,200,16290
client,client_request,completed,1777553779184864,2,,,1777553779168810,1777553779184864,1777553779168810,1777553779184864,,,,client-2-3,Insert,11427624,200,16054
client,client_request,completed,1777553779202432,2,,,1777553779185305,1777553779202432,1777553779185305,1777553779202432,,,,client-2-3,Insert,-3553065,200,17127
client,client_request,completed,1777553779220513,2,,,1777553779202631,1777553779220513,1777553779202631,1777553779220513,,,,client-2-3,Insert,6924697,200,17882
client,client_request,completed,1777553779238135,2,,,1777553779220830,1777553779238135,1777553779220830,1777553779238135,,,,client-2-3,Remove,-1463670,200,17305
client,client_request,completed,1777553779255601,2,,,1777553779238349,1777553779255601,1777553779238349,1777553779255601,,,,client-2-3,Remove,350348,200,17252
client,client_request,completed,1777553779273113,2,,,1777553779255747,1777553779273113,1777553779255747,1777553779273113,,,,client-2-3,Insert,-9155687,200,17366
client,client_request,completed,1777553779290569,2,,,1777553779273230,1777553779290569,1777553779273230,1777553779290569,,,,client-2-3,Remove,1698983,200,17339
client,client_request,completed,1777553779308690,2,,,1777553779290778,1777553779308690,1777553779290778,1777553779308690,,,,client-2-3,Insert,8026759,200,17912
client,client_request,completed,1777553779326964,2,,,1777553779308883,1777553779326964,1777553779308883,1777553779326964,,,,client-2-3,Remove,-1799913,200,18081
client,client_request,completed,1777553779345318,2,,,1777553779327340,1777553779345318,1777553779327340,1777553779345318,,,,client-2-3,Insert,-12076697,200,17978
client,client_request,completed,1777553779363082,2,,,1777553779345527,1777553779363082,1777553779345527,1777553779363082,,,,client-2-3,Insert,2150399,200,17555
client,client_request,completed,1777553779380596,2,,,1777553779363198,1777553779380596,1777553779363198,1777553779380596,,,,client-2-3,Insert,16709823,200,17398
client,client_request,completed,1777553779398939,2,,,1777553779380928,1777553779398939,1777553779380928,1777553779398939,,,,client-2-3,Insert,16391913,200,18011
client,client_request,completed,1777553779416782,2,,,1777553779399369,1777553779416782,1777553779399369,1777553779416782,,,,client-2-3,Remove,13386081,200,17413
client,client_request,completed,1777553779434642,2,,,1777553779417009,1777553779434642,1777553779417009,1777553779434642,,,,client-2-3,Insert,-6148800,200,17633
client,client_request,completed,1777553779452469,2,,,1777553779434757,1777553779452469,1777553779434757,1777553779452469,,,,client-2-3,Remove,13011241,200,17712
client,client_request,completed,1777553779469671,2,,,1777553779452862,1777553779469671,1777553779452862,1777553779469671,,,,client-2-3,Remove,-9681115,200,16809
client,client_request,completed,1777553779487949,2,,,1777553779469867,1777553779487949,1777553779469867,1777553779487949,,,,client-2-3,Insert,15609029,200,18082
client,client_request,completed,1777553779506318,2,,,1777553779488147,1777553779506318,1777553779488147,1777553779506318,,,,client-2-3,Insert,-8122793,200,18171
client,client_request,completed,1777553779523396,2,,,1777553779506690,1777553779523396,1777553779506690,1777553779523396,,,,client-2-3,Insert,-6530723,200,16706
client,client_request,completed,1777553779541227,2,,,1777553779523522,1777553779541227,1777553779523522,1777553779541227,,,,client-2-3,Insert,7040764,200,17705
client,client_request,completed,1777553779558229,2,,,1777553779541339,1777553779558229,1777553779541339,1777553779558229,,,,client-2-3,Remove,5712452,200,16890
client,client_request,completed,1777553779575488,2,,,1777553779558342,1777553779575488,1777553779558342,1777553779575488,,,,client-2-3,Insert,870768,200,17146
client,client_request,completed,1777553779593155,2,,,1777553779575582,1777553779593155,1777553779575582,1777553779593155,,,,client-2-3,Insert,7205340,200,17573
client,client_request,completed,1777553779610248,2,,,1777553779593251,1777553779610248,1777553779593251,1777553779610248,,,,client-2-3,Remove,7753721,200,16997
client,client_request,completed,1777553779628853,2,,,1777553779610350,1777553779628853,1777553779610350,1777553779628853,,,,client-2-3,Remove,6213204,200,18503
client,client_request,completed,1777553779646783,2,,,1777553779629066,1777553779646783,1777553779629066,1777553779646783,,,,client-2-3,Remove,-946127,200,17717
client,client_request,completed,1777553779663674,2,,,1777553779646986,1777553779663674,1777553779646986,1777553779663674,,,,client-2-3,Insert,8155732,200,16688
client,client_request,completed,1777553779681616,2,,,1777553779663798,1777553779681616,1777553779663798,1777553779681616,,,,client-2-3,Insert,3197245,200,17818
client,client_request,completed,1777553779698638,2,,,1777553779681721,1777553779698638,1777553779681721,1777553779698638,,,,client-2-3,Remove,-12710545,200,16917
client,client_request,completed,1777553779717502,2,,,1777553779698806,1777553779717502,1777553779698806,1777553779717502,,,,client-2-3,Insert,-9376397,200,18696
client,client_request,completed,1777553779735608,2,,,1777553779717668,1777553779735608,1777553779717668,1777553779735608,,,,client-2-3,Remove,-2224688,200,17940
client,client_request,completed,1777553779752830,2,,,1777553779735736,1777553779752830,1777553779735736,1777553779752830,,,,client-2-3,Insert,-12354063,200,17094
client,client_request,completed,1777553779832050,2,,,1777553779753023,1777553779832050,1777553779753023,1777553779832050,,,,client-2-3,Insert,7300652,200,79027
client,client_request,completed,1777553779849360,2,,,1777553779832284,1777553779849360,1777553779832284,1777553779849360,,,,client-2-3,Insert,2756413,200,17076
client,client_request,completed,1777553779865602,2,,,1777553779849592,1777553779865602,1777553779849592,1777553779865602,,,,client-2-3,Insert,465899,200,16010
client,client_request,completed,1777553779881956,2,,,1777553779865749,1777553779881956,1777553779865749,1777553779881956,,,,client-2-3,Remove,11162826,200,16207
client,client_request,completed,1777553779898101,2,,,1777553779882284,1777553779898101,1777553779882284,1777553779898101,,,,client-2-3,Insert,-10648981,200,15817
client,client_request,completed,1777553779914756,2,,,1777553779898210,1777553779914756,1777553779898210,1777553779914756,,,,client-2-3,Remove,3406461,200,16546
client,client_request,completed,1777553779931129,2,,,1777553779914884,1777553779931129,1777553779914884,1777553779931129,,,,client-2-3,Remove,-3707210,200,16245
client,client_request,completed,1777553779947082,2,,,1777553779931326,1777553779947082,1777553779931326,1777553779947082,,,,client-2-3,Insert,14491121,200,15756
client,client_request,completed,1777553779963537,2,,,1777553779947227,1777553779963537,1777553779947227,1777553779963537,,,,client-2-3,Insert,-13397323,200,16310
client,client_request,completed,1777553779980547,2,,,1777553779963877,1777553779980547,1777553779963877,1777553779980547,,,,client-2-3,Insert,-5778104,200,16670
client,client_request,completed,1777553779996826,2,,,1777553779980675,1777553779996826,1777553779980675,1777553779996826,,,,client-2-3,Insert,8364986,200,16151
client,client_request,completed,1777553780014252,2,,,1777553779997029,1777553780014252,1777553779997029,1777553780014252,,,,client-2-3,Insert,-8143694,200,17223
client,client_request,completed,1777553780030389,2,,,1777553780014446,1777553780030389,1777553780014446,1777553780030389,,,,client-2-3,Remove,9976642,200,15943
client,client_request,completed,1777553780047373,2,,,1777553780030731,1777553780047373,1777553780030731,1777553780047373,,,,client-2-3,Insert,-9781500,200,16642
client,client_request,completed,1777553780065050,2,,,1777553780047712,1777553780065050,1777553780047712,1777553780065050,,,,client-2-3,Remove,-16295057,200,17338
client,client_request,completed,1777553780081369,2,,,1777553780065161,1777553780081369,1777553780065161,1777553780081369,,,,client-2-3,Insert,15050696,200,16208
client,client_request,completed,1777553780098461,2,,,1777553780081575,1777553780098461,1777553780081575,1777553780098461,,,,client-2-3,Insert,-3957126,200,16886
client,client_request,completed,1777553780115504,2,,,1777553780098659,1777553780115504,1777553780098659,1777553780115504,,,,client-2-3,Remove,12924892,200,16845
client,client_request,completed,1777553780132481,2,,,1777553780115630,1777553780132481,1777553780115630,1777553780132481,,,,client-2-3,Insert,-64794,200,16851
client,client_request,completed,1777553780148857,2,,,1777553780132598,1777553780148857,1777553780132598,1777553780148857,,,,client-2-3,Insert,8427522,200,16259
client,client_request,completed,1777553780165640,2,,,1777553780148982,1777553780165640,1777553780148982,1777553780165640,,,,client-2-3,Remove,-13466071,200,16658
client,client_request,completed,1777553780182828,2,,,1777553780165746,1777553780182828,1777553780165746,1777553780182828,,,,client-2-3,Insert,11638222,200,17082
client,client_request,completed,1777553780200251,2,,,1777553780182931,1777553780200251,1777553780182931,1777553780200251,,,,client-2-3,Insert,8480367,200,17320
client,client_request,completed,1777553780216817,2,,,1777553780200627,1777553780216817,1777553780200627,1777553780216817,,,,client-2-3,Insert,7061643,200,16190
client,client_request,completed,1777553780233881,2,,,1777553780217157,1777553780233881,1777553780217157,1777553780233881,,,,client-2-3,Insert,12357282,200,16724
client,client_request,completed,1777553780250718,2,,,1777553780234214,1777553780250718,1777553780234214,1777553780250718,,,,client-2-3,Remove,11014625,200,16504
client,client_request,completed,1777553780267453,2,,,1777553780250821,1777553780267453,1777553780250821,1777553780267453,,,,client-2-3,Insert,-16513582,200,16632
client,client_request,completed,1777553780283841,2,,,1777553780267646,1777553780283841,1777553780267646,1777553780283841,,,,client-2-3,Remove,-4599866,200,16195
client,client_request,completed,1777553780300213,2,,,1777553780284262,1777553780300213,1777553780284262,1777553780300213,,,,client-2-3,Insert,16506767,200,15951
client,client_request,completed,1777553780317158,2,,,1777553780300323,1777553780317158,1777553780300323,1777553780317158,,,,client-2-3,Remove,-13874614,200,16835
client,client_request,completed,1777553780333525,2,,,1777553780317512,1777553780333525,1777553780317512,1777553780333525,,,,client-2-3,Insert,-4930670,200,16013
client,client_request,completed,1777553780349352,2,,,1777553780333864,1777553780349352,1777553780333864,1777553780349352,,,,client-2-3,Insert,14958826,200,15488
client,client_request,completed,1777553780366334,2,,,1777553780349567,1777553780366334,1777553780349567,1777553780366334,,,,client-2-3,Insert,-8045244,200,16767
client,client_request,completed,1777553780383747,2,,,1777553780366468,1777553780383747,1777553780366468,1777553780383747,,,,client-2-3,Remove,-2133156,200,17279
client,client_request,completed,1777553780400155,2,,,1777553780383952,1777553780400155,1777553780383952,1777553780400155,,,,client-2-3,Remove,2101735,200,16203
client,client_request,completed,1777553780416730,2,,,1777553780400282,1777553780416730,1777553780400282,1777553780416730,,,,client-2-3,Insert,-12277007,200,16448
client,client_request,completed,1777553780432665,2,,,1777553780416859,1777553780432665,1777553780416859,1777553780432665,,,,client-2-3,Insert,-5363837,200,15806
client,client_request,completed,1777553780449170,2,,,1777553780432874,1777553780449170,1777553780432874,1777553780449170,,,,client-2-3,Remove,2243093,200,16296
client,client_request,completed,1777553780465550,2,,,1777553780449277,1777553780465550,1777553780449277,1777553780465550,,,,client-2-3,Insert,-3126257,200,16273
client,client_request,completed,1777553780481793,2,,,1777553780465689,1777553780481793,1777553780465689,1777553780481793,,,,client-2-3,Remove,6535865,200,16104
client,client_request,completed,1777553780498434,2,,,1777553780481929,1777553780498434,1777553780481929,1777553780498434,,,,client-2-3,Insert,15669641,200,16505
client,client_request,completed,1777553780514845,2,,,1777553780498782,1777553780514845,1777553780498782,1777553780514845,,,,client-2-3,Remove,-12190639,200,16063
client,client_request,completed,1777553780531006,2,,,1777553780514980,1777553780531006,1777553780514980,1777553780531006,,,,client-2-3,Remove,7998228,200,16026
client,client_request,completed,1777553780547308,2,,,1777553780531210,1777553780547308,1777553780531210,1777553780547308,,,,client-2-3,Remove,-1219521,200,16098
client,client_request,completed,1777553780565300,2,,,1777553780547405,1777553780565300,1777553780547405,1777553780565300,,,,client-2-3,Insert,-3896578,200,17895
client,client_request,completed,1777553780582132,2,,,1777553780565397,1777553780582132,1777553780565397,1777553780582132,,,,client-2-3,Insert,8648212,200,16735
client,client_request,completed,1777553780598994,2,,,1777553780582229,1777553780598994,1777553780582229,1777553780598994,,,,client-2-3,Insert,-8997481,200,16765
client,client_request,completed,1777553780615174,2,,,1777553780599090,1777553780615174,1777553780599090,1777553780615174,,,,client-2-3,Insert,9774687,200,16084
client,client_request,completed,1777553780632340,2,,,1777553780615311,1777553780632340,1777553780615311,1777553780632340,,,,client-2-3,Insert,9948227,200,17029
client,client_request,completed,1777553780649001,2,,,1777553780632546,1777553780649001,1777553780632546,1777553780649001,,,,client-2-3,Remove,-38090,200,16455
client,client_request,completed,1777553780665796,2,,,1777553780649104,1777553780665796,1777553780649104,1777553780665796,,,,client-2-3,Insert,-8150756,200,16692
client,client_request,completed,1777553780683000,2,,,1777553780666160,1777553780683000,1777553780666160,1777553780683000,,,,client-2-3,Insert,12665656,200,16840
client,client_request,completed,1777553780699563,2,,,1777553780683206,1777553780699563,1777553780683206,1777553780699563,,,,client-2-3,Remove,-3496147,200,16357
client,client_request,completed,1777553780718492,2,,,1777553780699669,1777553780718492,1777553780699669,1777553780718492,,,,client-2-3,Insert,10484807,200,18823
client,client_request,completed,1777553780737334,2,,,1777553780718597,1777553780737334,1777553780718597,1777553780737334,,,,client-2-3,Insert,-9708433,200,18737
client,client_request,completed,1777553780755473,2,,,1777553780737470,1777553780755473,1777553780737470,1777553780755473,,,,client-2-3,Remove,-1170759,200,18003
client,client_request,completed,1777553780835502,2,,,1777553780755588,1777553780835502,1777553780755588,1777553780835502,,,,client-2-3,Remove,-4323537,200,79914
client,client_request,completed,1777553780854344,2,,,1777553780835635,1777553780854344,1777553780835635,1777553780854344,,,,client-2-3,Insert,16468412,200,18709
client,client_request,completed,1777553780872371,2,,,1777553780854447,1777553780872371,1777553780854447,1777553780872371,,,,client-2-3,Insert,-9017675,200,17924
client,client_request,completed,1777553780891014,2,,,1777553780872473,1777553780891014,1777553780872473,1777553780891014,,,,client-2-3,Remove,8406627,200,18541
client,client_request,completed,1777553780908888,2,,,1777553780891125,1777553780908888,1777553780891125,1777553780908888,,,,client-2-3,Insert,7175146,200,17763
client,client_request,completed,1777553780927432,2,,,1777553780908993,1777553780927432,1777553780908993,1777553780927432,,,,client-2-3,Remove,3093201,200,18439
client,client_request,completed,1777553780945881,2,,,1777553780927537,1777553780945881,1777553780927537,1777553780945881,,,,client-2-3,Remove,1660046,200,18344
client,client_request,completed,1777553780964208,2,,,1777553780945985,1777553780964208,1777553780945985,1777553780964208,,,,client-2-3,Remove,-14026003,200,18223
client,client_request,completed,1777553780982980,2,,,1777553780964311,1777553780982980,1777553780964311,1777553780982980,,,,client-2-3,Remove,1695337,200,18669
client,client_request,completed,1777553781001606,2,,,1777553780983100,1777553781001606,1777553780983100,1777553781001606,,,,client-2-3,Insert,-7138231,200,18506
client,client_request,completed,1777553781020083,2,,,1777553781001709,1777553781020083,1777553781001709,1777553781020083,,,,client-2-3,Insert,14901062,200,18374
client,client_request,completed,1777553781038761,2,,,1777553781020319,1777553781038761,1777553781020319,1777553781038761,,,,client-2-3,Insert,-6617028,200,18442
client,client_request,completed,1777553781056682,2,,,1777553781038964,1777553781056682,1777553781038964,1777553781056682,,,,client-2-3,Remove,9577594,200,17718
client,client_request,completed,1777553781075848,2,,,1777553781056785,1777553781075848,1777553781056785,1777553781075848,,,,client-2-3,Remove,14743071,200,19063
client,client_request,completed,1777553781094432,2,,,1777553781075975,1777553781094432,1777553781075975,1777553781094432,,,,client-2-3,Insert,1242099,200,18457
client,client_request,completed,1777553781112979,2,,,1777553781094567,1777553781112979,1777553781094567,1777553781112979,,,,client-2-3,Insert,-4657183,200,18412
client,client_request,completed,1777553781133594,2,,,1777553781113113,1777553781133594,1777553781113113,1777553781133594,,,,client-2-3,Insert,-14943518,200,20481
client,client_request,completed,1777553781152442,2,,,1777553781133698,1777553781152442,1777553781133698,1777553781152442,,,,client-2-3,Remove,27568,200,18744
client,client_request,completed,1777553781170786,2,,,1777553781152545,1777553781170786,1777553781152545,1777553781170786,,,,client-2-3,Insert,-1836814,200,18241
client,client_request,completed,1777553781189435,2,,,1777553781170891,1777553781189435,1777553781170891,1777553781189435,,,,client-2-3,Insert,11398667,200,18544
client,client_request,completed,1777553781207731,2,,,1777553781189537,1777553781207731,1777553781189537,1777553781207731,,,,client-2-3,Insert,7368095,200,18194
client,client_request,completed,1777553781226547,2,,,1777553781207834,1777553781226547,1777553781207834,1777553781226547,,,,client-2-3,Insert,-9789200,200,18713
client,client_request,completed,1777553781245364,2,,,1777553781226650,1777553781245364,1777553781226650,1777553781245364,,,,client-2-3,Insert,-8033070,200,18714
client,client_request,completed,1777553781264105,2,,,1777553781245732,1777553781264105,1777553781245732,1777553781264105,,,,client-2-3,Insert,7357774,200,18373
client,client_request,completed,1777553781283456,2,,,1777553781264491,1777553781283456,1777553781264491,1777553781283456,,,,client-2-3,Remove,15768931,200,18965
client,client_request,completed,1777553781303607,2,,,1777553781283588,1777553781303607,1777553781283588,1777553781303607,,,,client-2-3,Insert,-6698424,200,20019
client,client_request,completed,1777553781322256,2,,,1777553781303712,1777553781322256,1777553781303712,1777553781322256,,,,client-2-3,Insert,-9540136,200,18544
client,client_request,completed,1777553781340920,2,,,1777553781322359,1777553781340920,1777553781322359,1777553781340920,,,,client-2-3,Remove,11055759,200,18561
client,client_request,completed,1777553781359440,2,,,1777553781341054,1777553781359440,1777553781341054,1777553781359440,,,,client-2-3,Insert,-4766027,200,18386
client,client_request,completed,1777553781378695,2,,,1777553781359544,1777553781378695,1777553781359544,1777553781378695,,,,client-2-3,Insert,-16328894,200,19151
client,client_request,completed,1777553781397534,2,,,1777553781378798,1777553781397534,1777553781378798,1777553781397534,,,,client-2-3,Remove,-8446755,200,18736
client,client_request,completed,1777553781416449,2,,,1777553781397637,1777553781416449,1777553781397637,1777553781416449,,,,client-2-3,Insert,4134697,200,18812
client,client_request,completed,1777553781435490,2,,,1777553781416663,1777553781435490,1777553781416663,1777553781435490,,,,client-2-3,Insert,-10972939,200,18827
client,client_request,completed,1777553781454438,2,,,1777553781435689,1777553781454438,1777553781435689,1777553781454438,,,,client-2-3,Remove,-2747293,200,18749
client,client_request,completed,1777553781472775,2,,,1777553781454564,1777553781472775,1777553781454564,1777553781472775,,,,client-2-3,Insert,-4102369,200,18211
client,client_request,completed,1777553781491693,2,,,1777553781472911,1777553781491693,1777553781472911,1777553781491693,,,,client-2-3,Remove,10312137,200,18782
client,client_request,completed,1777553781510319,2,,,1777553781491805,1777553781510319,1777553781491805,1777553781510319,,,,client-2-3,Insert,7203617,200,18514
client,client_request,completed,1777553781528894,2,,,1777553781510428,1777553781528894,1777553781510428,1777553781528894,,,,client-2-3,Insert,-15442517,200,18466
client,client_request,completed,1777553781547862,2,,,1777553781528999,1777553781547862,1777553781528999,1777553781547862,,,,client-2-3,Insert,14301177,200,18863
client,client_request,completed,1777553781566357,2,,,1777553781547966,1777553781566357,1777553781547966,1777553781566357,,,,client-2-3,Remove,-11323331,200,18391
client,client_request,completed,1777553781585213,2,,,1777553781566453,1777553781585213,1777553781566453,1777553781585213,,,,client-2-3,Remove,7501243,200,18760
client,client_request,completed,1777553781604250,2,,,1777553781585310,1777553781604250,1777553781585310,1777553781604250,,,,client-2-3,Insert,15508955,200,18940
client,client_request,completed,1777553781622961,2,,,1777553781604351,1777553781622961,1777553781604351,1777553781622961,,,,client-2-3,Remove,-11291942,200,18610
client,client_request,completed,1777553781641761,2,,,1777553781623091,1777553781641761,1777553781623091,1777553781641761,,,,client-2-3,Insert,-13705724,200,18670
client,client_request,completed,1777553781660310,2,,,1777553781641969,1777553781660310,1777553781641969,1777553781660310,,,,client-2-3,Remove,858820,200,18341
client,client_request,completed,1777553781679260,2,,,1777553781660516,1777553781679260,1777553781660516,1777553781679260,,,,client-2-3,Remove,2981821,200,18744
client,client_request,completed,1777553781698192,2,,,1777553781679387,1777553781698192,1777553781679387,1777553781698192,,,,client-2-3,Insert,1680681,200,18805
client,client_request,completed,1777553781717513,2,,,1777553781698541,1777553781717513,1777553781698541,1777553781717513,,,,client-2-3,Remove,12994145,200,18972
client,client_request,completed,1777553781737745,2,,,1777553781717617,1777553781737745,1777553781717617,1777553781737745,,,,client-2-3,Remove,8345733,200,20128
client,client_request,completed,1777553781758219,2,,,1777553781737855,1777553781758219,1777553781737855,1777553781758219,,,,client-2-3,Insert,-7087441,200,20364
client,client_request,completed,1777553781839405,2,,,1777553781758569,1777553781839405,1777553781758569,1777553781839405,,,,client-2-3,Remove,-7486346,200,80836
client,client_request,completed,1777553781859657,2,,,1777553781839753,1777553781859657,1777553781839753,1777553781859657,,,,client-2-3,Remove,-14983921,200,19904
client,client_request,completed,1777553781878810,2,,,1777553781859787,1777553781878810,1777553781859787,1777553781878810,,,,client-2-3,Insert,-16577466,200,19023
client,client_request,completed,1777553781898461,2,,,1777553781878917,1777553781898461,1777553781878917,1777553781898461,,,,client-2-3,Insert,14195006,200,19544
client,client_request,completed,1777553781917956,2,,,1777553781898655,1777553781917956,1777553781898655,1777553781917956,,,,client-2-3,Insert,3741398,200,19301
client,client_request,completed,1777553781936850,2,,,1777553781918168,1777553781936850,1777553781918168,1777553781936850,,,,client-2-3,Insert,-7173421,200,18682
client,client_request,completed,1777553781956461,2,,,1777553781937184,1777553781956461,1777553781937184,1777553781956461,,,,client-2-3,Insert,3662225,200,19277
client,client_request,completed,1777553781975945,2,,,1777553781956845,1777553781975945,1777553781956845,1777553781975945,,,,client-2-3,Insert,10987416,200,19100
client,client_request,completed,1777553781995647,2,,,1777553781976055,1777553781995647,1777553781976055,1777553781995647,,,,client-2-3,Insert,9114112,200,19592
client,client_request,completed,1777553782015425,2,,,1777553781995994,1777553782015425,1777553781995994,1777553782015425,,,,client-2-3,Remove,16414148,200,19431
client,client_request,completed,1777553782035059,2,,,1777553782015619,1777553782035059,1777553782015619,1777553782035059,,,,client-2-3,Remove,16277325,200,19440
client,client_request,completed,1777553782054943,2,,,1777553782035163,1777553782054943,1777553782035163,1777553782054943,,,,client-2-3,Remove,14563340,200,19780
client,client_request,completed,1777553782083786,2,,,1777553782055047,1777553782083786,1777553782055047,1777553782083786,,,,client-2-3,Remove,-2722486,200,28739
client,client_request,completed,1777553782103668,2,,,1777553782083917,1777553782103668,1777553782083917,1777553782103668,,,,client-2-3,Insert,-11548936,200,19751
client,client_request,completed,1777553782123876,2,,,1777553782103864,1777553782123876,1777553782103864,1777553782123876,,,,client-2-3,Remove,502557,200,20012
client,client_request,completed,1777553782143858,2,,,1777553782124078,1777553782143858,1777553782124078,1777553782143858,,,,client-2-3,Remove,-6156153,200,19780
client,client_request,completed,1777553782164113,2,,,1777553782143977,1777553782164113,1777553782143977,1777553782164113,,,,client-2-3,Remove,-6777341,200,20136
client,client_request,completed,1777553782185025,2,,,1777553782164230,1777553782185025,1777553782164230,1777553782185025,,,,client-2-3,Insert,-1449459,200,20795
client,client_request,completed,1777553782204792,2,,,1777553782185132,1777553782204792,1777553782185132,1777553782204792,,,,client-2-3,Remove,-12450812,200,19660
client,client_request,completed,1777553782226475,2,,,1777553782205076,1777553782226475,1777553782205076,1777553782226475,,,,client-2-3,Insert,-3263678,200,21399
client,client_request,completed,1777553782247077,2,,,1777553782226669,1777553782247077,1777553782226669,1777553782247077,,,,client-2-3,Insert,-7563108,200,20408
client,client_request,completed,1777553782266827,2,,,1777553782247183,1777553782266827,1777553782247183,1777553782266827,,,,client-2-3,Remove,12346243,200,19644
client,client_request,completed,1777553782286977,2,,,1777553782267031,1777553782286977,1777553782267031,1777553782286977,,,,client-2-3,Insert,-235141,200,19946
client,client_request,completed,1777553782307598,2,,,1777553782287313,1777553782307598,1777553782287313,1777553782307598,,,,client-2-3,Insert,773392,200,20285
client,client_request,completed,1777553782328172,2,,,1777553782307704,1777553782328172,1777553782307704,1777553782328172,,,,client-2-3,Remove,11064548,200,20468
client,client_request,completed,1777553782349255,2,,,1777553782328323,1777553782349255,1777553782328323,1777553782349255,,,,client-2-3,Remove,9152944,200,20932
client,client_request,completed,1777553782369489,2,,,1777553782349360,1777553782369489,1777553782349360,1777553782369489,,,,client-2-3,Remove,7224413,200,20129
client,client_request,completed,1777553782390362,2,,,1777553782369594,1777553782390362,1777553782369594,1777553782390362,,,,client-2-3,Insert,1173846,200,20768
client,client_request,completed,1777553782412107,2,,,1777553782390471,1777553782412107,1777553782390471,1777553782412107,,,,client-2-3,Remove,8611472,200,21636
client,client_request,completed,1777553782433074,2,,,1777553782412259,1777553782433074,1777553782412259,1777553782433074,,,,client-2-3,Remove,-14224822,200,20815
client,client_request,completed,1777553782453906,2,,,1777553782433288,1777553782453906,1777553782433288,1777553782453906,,,,client-2-3,Remove,-8024472,200,20618
client,client_request,completed,1777553782475105,2,,,1777553782454011,1777553782475105,1777553782454011,1777553782475105,,,,client-2-3,Insert,-8502636,200,21094
client,client_request,completed,1777553782495266,2,,,1777553782475211,1777553782495266,1777553782475211,1777553782495266,,,,client-2-3,Insert,6861604,200,20055
client,client_request,completed,1777553782517719,2,,,1777553782495366,1777553782517719,1777553782495366,1777553782517719,,,,client-2-3,Insert,-8671613,200,22353
client,client_request,completed,1777553782538480,2,,,1777553782518085,1777553782538480,1777553782518085,1777553782538480,,,,client-2-3,Remove,676044,200,20395
client,client_request,completed,1777553782558710,2,,,1777553782538607,1777553782558710,1777553782538607,1777553782558710,,,,client-2-3,Insert,12243540,200,20103
client,client_request,completed,1777553782578291,2,,,1777553782558809,1777553782578291,1777553782558809,1777553782578291,,,,client-2-3,Insert,10014942,200,19482
client,client_request,completed,1777553782597416,2,,,1777553782578388,1777553782597416,1777553782578388,1777553782597416,,,,client-2-3,Insert,4233588,200,19028
client,client_request,completed,1777553782617885,2,,,1777553782597512,1777553782617885,1777553782597512,1777553782617885,,,,client-2-3,Insert,6765593,200,20373
client,client_request,completed,1777553782638225,2,,,1777553782618007,1777553782638225,1777553782618007,1777553782638225,,,,client-2-3,Insert,7043785,200,20218
client,client_request,completed,1777553782658382,2,,,1777553782638333,1777553782658382,1777553782638333,1777553782658382,,,,client-2-3,Remove,-8624116,200,20049
client,client_request,completed,1777553782678180,2,,,1777553782658517,1777553782678180,1777553782658517,1777553782678180,,,,client-2-3,Remove,13414697,200,19663
client,client_request,completed,1777553782697741,2,,,1777553782678283,1777553782697741,1777553782678283,1777553782697741,,,,client-2-3,Remove,465912,200,19458
client,client_request,completed,1777553782718492,2,,,1777553782697844,1777553782718492,1777553782697844,1777553782718492,,,,client-2-3,Insert,16224597,200,20648
client,client_request,completed,1777553782738601,2,,,1777553782718689,1777553782738601,1777553782718689,1777553782738601,,,,client-2-3,Insert,-8993370,200,19912
client,client_request,completed,1777553782758426,2,,,1777553782738708,1777553782758426,1777553782738708,1777553782758426,,,,client-2-3,Remove,5965866,200,19718
client,client_request,completed,1777553782841266,2,,,1777553782758562,1777553782841266,1777553782758562,1777553782841266,,,,client-2-3,Remove,13008445,200,82704
client,client_request,completed,1777553782861976,2,,,1777553782841610,1777553782861976,1777553782841610,1777553782861976,,,,client-2-3,Remove,1053879,200,20366
client,client_request,completed,1777553782882054,2,,,1777553782862072,1777553782882054,1777553782862072,1777553782882054,,,,client-2-3,Remove,11774871,200,19982
client,client_request,completed,1777553782902372,2,,,1777553782882155,1777553782902372,1777553782882155,1777553782902372,,,,client-2-3,Insert,-4082883,200,20217
client,client_request,completed,1777553782922472,2,,,1777553782902473,1777553782922472,1777553782902473,1777553782922472,,,,client-2-3,Remove,15953187,200,19999
client,client_request,completed,1777553782943714,2,,,1777553782922575,1777553782943714,1777553782922575,1777553782943714,,,,client-2-3,Remove,14708349,200,21139
client,client_request,completed,1777553782965879,2,,,1777553782943817,1777553782965879,1777553782943817,1777553782965879,,,,client-2-3,Insert,5933724,200,22062
client,client_request,completed,1777553782987930,2,,,1777553782966098,1777553782987930,1777553782966098,1777553782987930,,,,client-2-3,Remove,5972715,200,21832
client,client_request,completed,1777553783010622,2,,,1777553782988037,1777553783010622,1777553782988037,1777553783010622,,,,client-2-3,Insert,563842,200,22585
client,client_request,completed,1777553783033229,2,,,1777553783010734,1777553783033229,1777553783010734,1777553783033229,,,,client-2-3,Remove,-243771,200,22495
client,client_request,completed,1777553783053616,2,,,1777553783033334,1777553783053616,1777553783033334,1777553783053616,,,,client-2-3,Insert,8276219,200,20282
client,client_request,completed,1777553783074873,2,,,1777553783053717,1777553783074873,1777553783053717,1777553783074873,,,,client-2-3,Remove,-11020385,200,21156
client,client_request,completed,1777553783094918,2,,,1777553783075229,1777553783094918,1777553783075229,1777553783094918,,,,client-2-3,Insert,-1205076,200,19689
client,client_request,completed,1777553783116593,2,,,1777553783095051,1777553783116593,1777553783095051,1777553783116593,,,,client-2-3,Remove,15665933,200,21542
client,client_request,completed,1777553783137026,2,,,1777553783116719,1777553783137026,1777553783116719,1777553783137026,,,,client-2-3,Insert,-4559267,200,20307
client,client_request,completed,1777553783156681,2,,,1777553783137127,1777553783156681,1777553783137127,1777553783156681,,,,client-2-3,Remove,1201153,200,19554
client,client_request,completed,1777553783177087,2,,,1777553783156783,1777553783177087,1777553783156783,1777553783177087,,,,client-2-3,Insert,-4346942,200,20304
client,client_request,completed,1777553783197221,2,,,1777553783177442,1777553783197221,1777553783177442,1777553783197221,,,,client-2-3,Remove,6255300,200,19779
client,client_request,completed,1777553783217136,2,,,1777553783197347,1777553783217136,1777553783197347,1777553783217136,,,,client-2-3,Insert,4247507,200,19789
client,client_request,completed,1777553783237504,2,,,1777553783217259,1777553783237504,1777553783217259,1777553783237504,,,,client-2-3,Insert,-13278359,200,20245
client,client_request,completed,1777553783257267,2,,,1777553783237606,1777553783257267,1777553783237606,1777553783257267,,,,client-2-3,Remove,15328002,200,19661
client,client_request,completed,1777553783277503,2,,,1777553783257373,1777553783277503,1777553783257373,1777553783277503,,,,client-2-3,Insert,-8255279,200,20130
client,client_request,completed,1777553783298127,2,,,1777553783277604,1777553783298127,1777553783277604,1777553783298127,,,,client-2-3,Remove,16371590,200,20523
client,client_request,completed,1777553783317664,2,,,1777553783298230,1777553783317664,1777553783298230,1777553783317664,,,,client-2-3,Insert,2354060,200,19434
client,client_request,completed,1777553783338197,2,,,1777553783317769,1777553783338197,1777553783317769,1777553783338197,,,,client-2-3,Remove,-2006642,200,20428
client,client_request,completed,1777553783358600,2,,,1777553783338299,1777553783358600,1777553783338299,1777553783358600,,,,client-2-3,Remove,-11828719,200,20301
client,client_request,completed,1777553783378559,2,,,1777553783358808,1777553783378559,1777553783358808,1777553783378559,,,,client-2-3,Insert,-14111262,200,19751
client,client_request,completed,1777553783398656,2,,,1777553783378692,1777553783398656,1777553783378692,1777553783398656,,,,client-2-3,Insert,-14108767,200,19964
client,client_request,completed,1777553783418539,2,,,1777553783398758,1777553783418539,1777553783398758,1777553783418539,,,,client-2-3,Remove,-4264535,200,19781
client,client_request,completed,1777553783439058,2,,,1777553783418641,1777553783439058,1777553783418641,1777553783439058,,,,client-2-3,Remove,-275394,200,20417
client,client_request,completed,1777553783459824,2,,,1777553783439161,1777553783459824,1777553783439161,1777553783459824,,,,client-2-3,Remove,12756976,200,20663
client,client_request,completed,1777553783479595,2,,,1777553783460192,1777553783479595,1777553783460192,1777553783479595,,,,client-2-3,Insert,11557736,200,19403
client,client_request,completed,1777553783499955,2,,,1777553783479702,1777553783499955,1777553783479702,1777553783499955,,,,client-2-3,Insert,-9083470,200,20253
client,client_request,completed,1777553783520773,2,,,1777553783500058,1777553783520773,1777553783500058,1777553783520773,,,,client-2-3,Insert,-15630594,200,20715
client,client_request,completed,1777553783541317,2,,,1777553783520875,1777553783541317,1777553783520875,1777553783541317,,,,client-2-3,Remove,3564710,200,20442
client,client_request,completed,1777553783561266,2,,,1777553783541677,1777553783561266,1777553783541677,1777553783561266,,,,client-2-3,Remove,10711556,200,19589
client,client_request,completed,1777553783581064,2,,,1777553783561361,1777553783581064,1777553783561361,1777553783581064,,,,client-2-3,Remove,9175657,200,19703
client,client_request,completed,1777553783601504,2,,,1777553783581159,1777553783601504,1777553783581159,1777553783601504,,,,client-2-3,Remove,-10869653,200,20345
client,client_request,completed,1777553783622155,2,,,1777553783601605,1777553783622155,1777553783601605,1777553783622155,,,,client-2-3,Insert,810325,200,20550
client,client_request,completed,1777553783641965,2,,,1777553783622274,1777553783641965,1777553783622274,1777553783641965,,,,client-2-3,Remove,-11796303,200,19691
client,client_request,completed,1777553783662889,2,,,1777553783642096,1777553783662889,1777553783642096,1777553783662889,,,,client-2-3,Remove,11610146,200,20793
client,client_request,completed,1777553783683048,2,,,1777553783663099,1777553783683048,1777553783663099,1777553783683048,,,,client-2-3,Remove,-13740713,200,19949
client,client_request,completed,1777553783702840,2,,,1777553783683388,1777553783702840,1777553783683388,1777553783702840,,,,client-2-3,Insert,829142,200,19452
client,client_request,completed,1777553783724009,2,,,1777553783702970,1777553783724009,1777553783702970,1777553783724009,,,,client-2-3,Insert,10026384,200,21039
client,client_request,completed,1777553783743928,2,,,1777553783724375,1777553783743928,1777553783724375,1777553783743928,,,,client-2-3,Remove,16438369,200,19553
client,client_request,completed,1777553783764673,2,,,1777553783744040,1777553783764673,1777553783744040,1777553783764673,,,,client-2-3,Remove,-12885450,200,20633
client,client_request,completed,1777553783850259,2,,,1777553783764778,1777553783850259,1777553783764778,1777553783850259,,,,client-2-3,Insert,-14424672,200,85481
client,client_request,completed,1777553783871617,2,,,1777553783850394,1777553783871617,1777553783850394,1777553783871617,,,,client-2-3,Remove,10307840,200,21223
client,client_request,completed,1777553783892875,2,,,1777553783871730,1777553783892875,1777553783871730,1777553783892875,,,,client-2-3,Remove,6035692,200,21145
client,client_request,completed,1777553783913388,2,,,1777553783893010,1777553783913388,1777553783893010,1777553783913388,,,,client-2-3,Remove,-9807816,200,20378
client,client_request,completed,1777553783933699,2,,,1777553783913494,1777553783933699,1777553783913494,1777553783933699,,,,client-2-3,Remove,13504762,200,20205
client,client_request,completed,1777553783955254,2,,,1777553783933801,1777553783955254,1777553783933801,1777553783955254,,,,client-2-3,Remove,8360583,200,21453
client,client_request,completed,1777553783975336,2,,,1777553783955604,1777553783975336,1777553783955604,1777553783975336,,,,client-2-3,Insert,-14737867,200,19732
client,client_request,completed,1777553783996588,2,,,1777553783975441,1777553783996588,1777553783975441,1777553783996588,,,,client-2-3,Insert,12576264,200,21147
client,client_request,completed,1777553784018298,2,,,1777553783996800,1777553784018298,1777553783996800,1777553784018298,,,,client-2-3,Insert,-14878762,200,21498
client,client_request,completed,1777553784032353,2,,,1777553784018508,1777553784032353,1777553784018508,1777553784032353,,,,client-2-3,Insert,-4955897,200,13845
client,client_request,completed,1777553784045661,2,,,1777553784032457,1777553784045661,1777553784032457,1777553784045661,,,,client-2-3,Insert,-13839875,200,13204
client,client_request,completed,1777553784059141,2,,,1777553784046014,1777553784059141,1777553784046014,1777553784059141,,,,client-2-3,Remove,-5413353,200,13127
client,client_request,completed,1777553784072899,2,,,1777553784059266,1777553784072899,1777553784059266,1777553784072899,,,,client-2-3,Remove,2014702,200,13633
client,client_request,completed,1777553784085996,2,,,1777553784073252,1777553784085996,1777553784073252,1777553784085996,,,,client-2-3,Insert,-6918640,200,12744
client,client_request,completed,1777553784099076,2,,,1777553784086340,1777553784099076,1777553784086340,1777553784099076,,,,client-2-3,Insert,6663024,200,12736
client,client_request,completed,1777553784112965,2,,,1777553784099418,1777553784112965,1777553784099418,1777553784112965,,,,client-2-3,Insert,-15003326,200,13547
client,client_request,completed,1777553784126487,2,,,1777553784113069,1777553784126487,1777553784113069,1777553784126487,,,,client-2-3,Insert,1454254,200,13418
client,client_request,completed,1777553784141048,2,,,1777553784126617,1777553784141048,1777553784126617,1777553784141048,,,,client-2-3,Remove,-10550020,200,14431
client,client_request,completed,1777553784154963,2,,,1777553784141151,1777553784154963,1777553784141151,1777553784154963,,,,client-2-3,Insert,13769790,200,13812
client,client_request,completed,1777553784167869,2,,,1777553784155314,1777553784167869,1777553784155314,1777553784167869,,,,client-2-3,Insert,11193365,200,12555
client,client_request,completed,1777553784181840,2,,,1777553784167972,1777553784181840,1777553784167972,1777553784181840,,,,client-2-3,Insert,9636858,200,13868
client,client_request,completed,1777553784195070,2,,,1777553784182047,1777553784195070,1777553784182047,1777553784195070,,,,client-2-3,Remove,4581123,200,13023
client,client_request,completed,1777553784208382,2,,,1777553784195276,1777553784208382,1777553784195276,1777553784208382,,,,client-2-3,Remove,-15095058,200,13106
client,client_request,completed,1777553784222256,2,,,1777553784208598,1777553784222256,1777553784208598,1777553784222256,,,,client-2-3,Insert,-15027162,200,13658
client,client_request,completed,1777553784236936,2,,,1777553784222465,1777553784236936,1777553784222465,1777553784236936,,,,client-2-3,Remove,13429113,200,14471
client,client_request,completed,1777553784249162,2,,,1777553784237481,1777553784249162,1777553784237481,1777553784249162,,,,client-2-3,Remove,-12739722,200,11681
client,client_request,completed,1777553784262910,2,,,1777553784249861,1777553784262910,1777553784249861,1777553784262910,,,,client-2-3,Remove,-13233275,200,13049
client,client_request,completed,1777553784276944,2,,,1777553784263227,1777553784276944,1777553784263227,1777553784276944,,,,client-2-3,Remove,12235992,200,13717
client,client_request,completed,1777553784290720,2,,,1777553784277375,1777553784290720,1777553784277375,1777553784290720,,,,client-2-3,Insert,-6215196,200,13345
client,client_request,completed,1777553784303836,2,,,1777553784290824,1777553784303836,1777553784290824,1777553784303836,,,,client-2-3,Insert,13337990,200,13012
client,client_request,completed,1777553784316961,2,,,1777553784303960,1777553784316961,1777553784303960,1777553784316961,,,,client-2-3,Remove,4301426,200,13001
client,client_request,completed,1777553784331149,2,,,1777553784317087,1777553784331149,1777553784317087,1777553784331149,,,,client-2-3,Insert,10323711,200,14062
client,client_request,completed,1777553784344226,2,,,1777553784331361,1777553784344226,1777553784331361,1777553784344226,,,,client-2-3,Insert,7534726,200,12865
client,client_request,completed,1777553784358584,2,,,1777553784344402,1777553784358584,1777553784344402,1777553784358584,,,,client-2-3,Remove,9916134,200,14182
client,client_request,completed,1777553784371894,2,,,1777553784358947,1777553784371894,1777553784358947,1777553784371894,,,,client-2-3,Insert,-13805444,200,12947
client,client_request,completed,1777553784385072,2,,,1777553784372343,1777553784385072,1777553784372343,1777553784385072,,,,client-2-3,Insert,12098836,200,12729
client,client_request,completed,1777553784399269,2,,,1777553784385174,1777553784399269,1777553784385174,1777553784399269,,,,client-2-3,Insert,-2979654,200,14095
client,client_request,completed,1777553784412795,2,,,1777553784399631,1777553784412795,1777553784399631,1777553784412795,,,,client-2-3,Insert,8516203,200,13164
client,client_request,completed,1777553784426044,2,,,1777553784412917,1777553784426044,1777553784412917,1777553784426044,,,,client-2-3,Insert,-9177917,200,13127
client,client_request,completed,1777553784439828,2,,,1777553784426171,1777553784439828,1777553784426171,1777553784439828,,,,client-2-3,Insert,15861542,200,13657
client,client_request,completed,1777553784453014,2,,,1777553784439962,1777553784453014,1777553784439962,1777553784453014,,,,client-2-3,Insert,1137035,200,13052
client,client_request,completed,1777553784466934,2,,,1777553784453148,1777553784466934,1777553784453148,1777553784466934,,,,client-2-3,Remove,-7202081,200,13786
client,client_request,completed,1777553784480062,2,,,1777553784467131,1777553784480062,1777553784467131,1777553784480062,,,,client-2-3,Remove,15001089,200,12931
client,client_request,completed,1777553784493346,2,,,1777553784480208,1777553784493346,1777553784480208,1777553784493346,,,,client-2-3,Insert,12375904,200,13138
client,client_request,completed,1777553784507244,2,,,1777553784493464,1777553784507244,1777553784493464,1777553784507244,,,,client-2-3,Remove,13970670,200,13780
client,client_request,completed,1777553784520469,2,,,1777553784507359,1777553784520469,1777553784507359,1777553784520469,,,,client-2-3,Insert,13163804,200,13110
client,client_request,completed,1777553784533704,2,,,1777553784520595,1777553784533704,1777553784520595,1777553784533704,,,,client-2-3,Remove,-8949415,200,13109
client,client_request,completed,1777553784547823,2,,,1777553784533832,1777553784547823,1777553784533832,1777553784547823,,,,client-2-3,Insert,16724821,200,13991
client,client_request,completed,1777553784561002,2,,,1777553784547919,1777553784561002,1777553784547919,1777553784561002,,,,client-2-3,Remove,-8836470,200,13083
client,client_request,completed,1777553784574948,2,,,1777553784561099,1777553784574948,1777553784561099,1777553784574948,,,,client-2-3,Insert,6368202,200,13849
client,client_request,completed,1777553784588232,2,,,1777553784575044,1777553784588232,1777553784575044,1777553784588232,,,,client-2-3,Remove,14095213,200,13188
client,client_request,completed,1777553784601544,2,,,1777553784588347,1777553784601544,1777553784588347,1777553784601544,,,,client-2-3,Remove,2892616,200,13197
client,client_request,completed,1777553784615492,2,,,1777553784601640,1777553784615492,1777553784601640,1777553784615492,,,,client-2-3,Remove,7054152,200,13852
client,client_request,completed,1777553784629436,2,,,1777553784615601,1777553784629436,1777553784615601,1777553784629436,,,,client-2-3,Insert,16023357,200,13835
client,client_request,completed,1777553784642709,2,,,1777553784629769,1777553784642709,1777553784629769,1777553784642709,,,,client-2-3,Insert,14193486,200,12940
client,client_request,completed,1777553784656577,2,,,1777553784642919,1777553784656577,1777553784642919,1777553784656577,,,,client-2-3,Remove,10171409,200,13658
client,client_request,completed,1777553784670236,2,,,1777553784656710,1777553784670236,1777553784656710,1777553784670236,,,,client-2-3,Remove,10807732,200,13526
client,client_request,completed,1777553784684133,2,,,1777553784670354,1777553784684133,1777553784670354,1777553784684133,,,,client-2-3,Remove,10591584,200,13779
client,client_request,completed,1777553784697907,2,,,1777553784684552,1777553784697907,1777553784684552,1777553784697907,,,,client-2-3,Insert,-13477209,200,13355
client,client_request,completed,1777553784711480,2,,,1777553784698015,1777553784711480,1777553784698015,1777553784711480,,,,client-2-3,Insert,9525114,200,13465
client,client_request,completed,1777553784726292,2,,,1777553784711589,1777553784726292,1777553784711589,1777553784726292,,,,client-2-3,Insert,15095392,200,14703
client,client_request,completed,1777553784739524,2,,,1777553784726417,1777553784739524,1777553784726417,1777553784739524,,,,client-2-3,Insert,3703579,200,13107
client,client_request,completed,1777553784753011,2,,,1777553784739873,1777553784753011,1777553784739873,1777553784753011,,,,client-2-3,Remove,3827732,200,13138
client,client_request,completed,1777553784767679,2,,,1777553784753151,1777553784767679,1777553784753151,1777553784767679,,,,client-2-3,Remove,4431673,200,14528
client,client_request,completed,1777553784853081,2,,,1777553784767812,1777553784853081,1777553784767812,1777553784853081,,,,client-2-3,Remove,2634490,200,85269
client,client_request,completed,1777553784875190,2,,,1777553784853183,1777553784875190,1777553784853183,1777553784875190,,,,client-2-3,Insert,8127421,200,22007
client,client_request,completed,1777553784898039,2,,,1777553784875296,1777553784898039,1777553784875296,1777553784898039,,,,client-2-3,Insert,1094262,200,22743
client,client_request,completed,1777553784921158,2,,,1777553784898248,1777553784921158,1777553784898248,1777553784921158,,,,client-2-3,Remove,-9021283,200,22910
client,client_request,completed,1777553784943448,2,,,1777553784921263,1777553784943448,1777553784921263,1777553784943448,,,,client-2-3,Remove,-6726435,200,22185
client,client_request,completed,1777553784966730,2,,,1777553784943585,1777553784966730,1777553784943585,1777553784966730,,,,client-2-3,Insert,-2725833,200,23145
client,client_request,completed,1777553784987267,2,,,1777553784966941,1777553784987267,1777553784966941,1777553784987267,,,,client-2-3,Remove,-9043207,200,20326
client,client_request,completed,1777553785001069,2,,,1777553784987633,1777553785001069,1777553784987633,1777553785001069,,,,client-2-3,Insert,15659934,200,13436
client,client_request,completed,1777553785015766,2,,,1777553785001206,1777553785015766,1777553785001206,1777553785015766,,,,client-2-3,Remove,-6570647,200,14560
client,client_request,completed,1777553785029689,2,,,1777553785015868,1777553785029689,1777553785015868,1777553785029689,,,,client-2-3,Insert,-3052875,200,13821
client,client_request,completed,1777553785044116,2,,,1777553785030067,1777553785044116,1777553785030067,1777553785044116,,,,client-2-3,Insert,10240087,200,14049
client,client_request,completed,1777553785058655,2,,,1777553785044258,1777553785058655,1777553785044258,1777553785058655,,,,client-2-3,Insert,14818669,200,14397
client,client_request,completed,1777553785073356,2,,,1777553785058757,1777553785073356,1777553785058757,1777553785073356,,,,client-2-3,Insert,16369192,200,14599
client,client_request,completed,1777553785088217,2,,,1777553785073462,1777553785088217,1777553785073462,1777553785088217,,,,client-2-3,Insert,-14942292,200,14755
client,client_request,completed,1777553785102693,2,,,1777553785088324,1777553785102693,1777553785088324,1777553785102693,,,,client-2-3,Insert,-1096519,200,14369
client,client_request,completed,1777553785117119,2,,,1777553785102799,1777553785117119,1777553785102799,1777553785117119,,,,client-2-3,Insert,-14093595,200,14320
client,client_request,completed,1777553785131019,2,,,1777553785117233,1777553785131019,1777553785117233,1777553785131019,,,,client-2-3,Insert,-962601,200,13786
client,client_request,completed,1777553785144500,2,,,1777553785131123,1777553785144500,1777553785131123,1777553785144500,,,,client-2-3,Insert,-14760144,200,13377
client,client_request,completed,1777553785158170,2,,,1777553785144603,1777553785158170,1777553785144603,1777553785158170,,,,client-2-3,Remove,8193323,200,13567
client,client_request,completed,1777553785172173,2,,,1777553785158272,1777553785172173,1777553785158272,1777553785172173,,,,client-2-3,Remove,-12301805,200,13901
client,client_request,completed,1777553785186256,2,,,1777553785172297,1777553785186256,1777553785172297,1777553785186256,,,,client-2-3,Insert,-3958284,200,13959
client,client_request,completed,1777553785200094,2,,,1777553785186461,1777553785200094,1777553785186461,1777553785200094,,,,client-2-3,Insert,6708899,200,13633
client,client_request,completed,1777553785214754,2,,,1777553785200214,1777553785214754,1777553785200214,1777553785214754,,,,client-2-3,Remove,5305594,200,14540
client,client_request,completed,1777553785228845,2,,,1777553785215103,1777553785228845,1777553785215103,1777553785228845,,,,client-2-3,Remove,16016589,200,13742
client,client_request,completed,1777553785243327,2,,,1777553785229061,1777553785243327,1777553785229061,1777553785243327,,,,client-2-3,Remove,-15802439,200,14266
client,client_request,completed,1777553785258158,2,,,1777553785243425,1777553785258158,1777553785243425,1777553785258158,,,,client-2-3,Remove,-1814031,200,14733
client,client_request,completed,1777553785271922,2,,,1777553785258515,1777553785271922,1777553785258515,1777553785271922,,,,client-2-3,Remove,-11580520,200,13407
client,client_request,completed,1777553785286639,2,,,1777553785272036,1777553785286639,1777553785272036,1777553785286639,,,,client-2-3,Insert,1111766,200,14603
client,client_request,completed,1777553785300453,2,,,1777553785286760,1777553785300453,1777553785286760,1777553785300453,,,,client-2-3,Remove,9432902,200,13693
client,client_request,completed,1777553785314950,2,,,1777553785300563,1777553785314950,1777553785300563,1777553785314950,,,,client-2-3,Insert,-3290287,200,14387
client,client_request,completed,1777553785329318,2,,,1777553785315233,1777553785329318,1777553785315233,1777553785329318,,,,client-2-3,Insert,-13052118,200,14085
client,client_request,completed,1777553785343306,2,,,1777553785329442,1777553785343306,1777553785329442,1777553785343306,,,,client-2-3,Insert,-5873014,200,13864
client,client_request,completed,1777553785358037,2,,,1777553785343415,1777553785358037,1777553785343415,1777553785358037,,,,client-2-3,Insert,9088089,200,14622
client,client_request,completed,1777553785372284,2,,,1777553785358142,1777553785372284,1777553785358142,1777553785372284,,,,client-2-3,Insert,15022899,200,14142
client,client_request,completed,1777553785386941,2,,,1777553785372620,1777553785386941,1777553785372620,1777553785386941,,,,client-2-3,Remove,-15904297,200,14321
client,client_request,completed,1777553785401364,2,,,1777553785387128,1777553785401364,1777553785387128,1777553785401364,,,,client-2-3,Insert,-9409019,200,14236
client,client_request,completed,1777553785415799,2,,,1777553785401480,1777553785415799,1777553785401480,1777553785415799,,,,client-2-3,Remove,9059456,200,14319
client,client_request,completed,1777553785429458,2,,,1777553785415901,1777553785429458,1777553785415901,1777553785429458,,,,client-2-3,Insert,15839886,200,13557
client,client_request,completed,1777553785444740,2,,,1777553785429592,1777553785444740,1777553785429592,1777553785444740,,,,client-2-3,Remove,-8581624,200,15148
client,client_request,completed,1777553785460039,2,,,1777553785444847,1777553785460039,1777553785444847,1777553785460039,,,,client-2-3,Remove,2190698,200,15192
client,client_request,completed,1777553785475355,2,,,1777553785460268,1777553785475355,1777553785460268,1777553785475355,,,,client-2-3,Remove,-12997518,200,15087
client,client_request,completed,1777553785490124,2,,,1777553785475559,1777553785490124,1777553785475559,1777553785490124,,,,client-2-3,Remove,-5794083,200,14565
client,client_request,completed,1777553785504544,2,,,1777553785490297,1777553785504544,1777553785490297,1777553785504544,,,,client-2-3,Insert,-12252,200,14247
client,client_request,completed,1777553785519814,2,,,1777553785504636,1777553785519814,1777553785504636,1777553785519814,,,,client-2-3,Remove,14183161,200,15178
client,client_request,completed,1777553785534171,2,,,1777553785519918,1777553785534171,1777553785519918,1777553785534171,,,,client-2-3,Remove,4299589,200,14253
client,client_request,completed,1777553785549128,2,,,1777553785534512,1777553785549128,1777553785534512,1777553785549128,,,,client-2-3,Remove,-12573360,200,14616
client,client_request,completed,1777553785563770,2,,,1777553785549496,1777553785563770,1777553785549496,1777553785563770,,,,client-2-3,Remove,11035361,200,14274
client,client_request,completed,1777553785577830,2,,,1777553785563867,1777553785577830,1777553785563867,1777553785577830,,,,client-2-3,Insert,-10596626,200,13963
client,client_request,completed,1777553785592359,2,,,1777553785577926,1777553785592359,1777553785577926,1777553785592359,,,,client-2-3,Insert,-4572799,200,14433
client,client_request,completed,1777553785606218,2,,,1777553785592456,1777553785606218,1777553785592456,1777553785606218,,,,client-2-3,Remove,-12337925,200,13762
client,client_request,completed,1777553785621225,2,,,1777553785606314,1777553785621225,1777553785606314,1777553785621225,,,,client-2-3,Remove,-30965,200,14911
client,client_request,completed,1777553785636357,2,,,1777553785621358,1777553785636357,1777553785621358,1777553785636357,,,,client-2-3,Insert,4760119,200,14999
client,client_request,completed,1777553785651318,2,,,1777553785636481,1777553785651318,1777553785636481,1777553785651318,,,,client-2-3,Insert,-7203498,200,14837
client,client_request,completed,1777553785665763,2,,,1777553785651444,1777553785665763,1777553785651444,1777553785665763,,,,client-2-3,Insert,11364216,200,14319
client,client_request,completed,1777553785680509,2,,,1777553785666123,1777553785680509,1777553785666123,1777553785680509,,,,client-2-3,Remove,-12955641,200,14386
client,client_request,completed,1777553785694398,2,,,1777553785680722,1777553785694398,1777553785680722,1777553785694398,,,,client-2-3,Insert,-15839089,200,13676
client,client_request,completed,1777553785708772,2,,,1777553785694671,1777553785708772,1777553785694671,1777553785708772,,,,client-2-3,Insert,-3344445,200,14101
client,client_request,completed,1777553785722803,2,,,1777553785708879,1777553785722803,1777553785708879,1777553785722803,,,,client-2-3,Remove,13484695,200,13924
client,client_request,completed,1777553785736965,2,,,1777553785722916,1777553785736965,1777553785722916,1777553785736965,,,,client-2-3,Remove,-5040492,200,14049
client,client_request,completed,1777553785751667,2,,,1777553785737069,1777553785751667,1777553785737069,1777553785751667,,,,client-2-3,Insert,13032646,200,14598
client,client_request,completed,1777553785765894,2,,,1777553785751875,1777553785765894,1777553785751875,1777553785765894,,,,client-2-3,Remove,4276141,200,14019
client,client_request,completed,1777553785842341,2,,,1777553785766235,1777553785842341,1777553785766235,1777553785842341,,,,client-2-3,Remove,-14453209,200,76106
client,client_request,completed,1777553785857236,2,,,1777553785842556,1777553785857236,1777553785842556,1777553785857236,,,,client-2-3,Insert,9288273,200,14680
client,client_request,completed,1777553785871545,2,,,1777553785857342,1777553785871545,1777553785857342,1777553785871545,,,,client-2-3,Insert,3880493,200,14203
client,client_request,completed,1777553785886571,2,,,1777553785871756,1777553785886571,1777553785871756,1777553785886571,,,,client-2-3,Remove,-3352015,200,14815
client,client_request,completed,1777553785900470,2,,,1777553785886931,1777553785900470,1777553785886931,1777553785900470,,,,client-2-3,Insert,-7507060,200,13539
client,client_request,completed,1777553785914585,2,,,1777553785900594,1777553785914585,1777553785900594,1777553785914585,,,,client-2-3,Remove,-4232272,200,13991
client,client_request,completed,1777553785929355,2,,,1777553785914682,1777553785929355,1777553785914682,1777553785929355,,,,client-2-3,Remove,435047,200,14673
client,client_request,completed,1777553785943200,2,,,1777553785929466,1777553785943200,1777553785929466,1777553785943200,,,,client-2-3,Remove,9476171,200,13734
client,client_request,completed,1777553785957658,2,,,1777553785943297,1777553785957658,1777553785943297,1777553785957658,,,,client-2-3,Remove,-14865091,200,14361
client,client_request,completed,1777553785972662,2,,,1777553785958042,1777553785972662,1777553785958042,1777553785972662,,,,client-2-3,Insert,-13365476,200,14620
client,client_request,completed,1777553785987439,2,,,1777553785972759,1777553785987439,1777553785972759,1777553785987439,,,,client-2-3,Remove,13340569,200,14680
client,client_request,completed,1777553786002308,2,,,1777553785987648,1777553786002308,1777553785987648,1777553786002308,,,,client-2-3,Remove,8969732,200,14660
client,client_request,completed,1777553786016579,2,,,1777553786002414,1777553786016579,1777553786002414,1777553786016579,,,,client-2-3,Insert,-4613736,200,14165
client,client_request,completed,1777553786032028,2,,,1777553786016712,1777553786032028,1777553786016712,1777553786032028,,,,client-2-3,Insert,12714047,200,15316
client,client_request,completed,1777553786046607,2,,,1777553786032253,1777553786046607,1777553786032253,1777553786046607,,,,client-2-3,Insert,12134247,200,14354
client,client_request,completed,1777553786060928,2,,,1777553786046704,1777553786060928,1777553786046704,1777553786060928,,,,client-2-3,Insert,3361615,200,14224
client,client_request,completed,1777553786076405,2,,,1777553786061340,1777553786076405,1777553786061340,1777553786076405,,,,client-2-3,Insert,14876268,200,15065
client,client_request,completed,1777553786090726,2,,,1777553786076510,1777553786090726,1777553786076510,1777553786090726,,,,client-2-3,Insert,7381442,200,14216
client,client_request,completed,1777553786105609,2,,,1777553786090828,1777553786105609,1777553786090828,1777553786105609,,,,client-2-3,Remove,15677587,200,14781
client,client_request,completed,1777553786120472,2,,,1777553786105717,1777553786120472,1777553786105717,1777553786120472,,,,client-2-3,Remove,-523850,200,14755
client,client_request,completed,1777553786134685,2,,,1777553786120596,1777553786134685,1777553786120596,1777553786134685,,,,client-2-3,Remove,-1345485,200,14089
client,client_request,completed,1777553786149924,2,,,1777553786135065,1777553786149924,1777553786135065,1777553786149924,,,,client-2-3,Remove,-9087761,200,14859
client,client_request,completed,1777553786164470,2,,,1777553786150057,1777553786164470,1777553786150057,1777553786164470,,,,client-2-3,Insert,-16604595,200,14413
client,client_request,completed,1777553786179046,2,,,1777553786164683,1777553786179046,1777553786164683,1777553786179046,,,,client-2-3,Remove,-2472272,200,14363
client,client_request,completed,1777553786193778,2,,,1777553786179370,1777553786193778,1777553786179370,1777553786193778,,,,client-2-3,Insert,-5180529,200,14408
client,client_request,completed,1777553786208046,2,,,1777553786193880,1777553786208046,1777553786193880,1777553786208046,,,,client-2-3,Remove,-2198697,200,14166
client,client_request,completed,1777553786222461,2,,,1777553786208399,1777553786222461,1777553786208399,1777553786222461,,,,client-2-3,Remove,14535855,200,14062
client,client_request,completed,1777553786237167,2,,,1777553786222675,1777553786237167,1777553786222675,1777553786237167,,,,client-2-3,Remove,-5420542,200,14492
client,client_request,completed,1777553786252009,2,,,1777553786237265,1777553786252009,1777553786237265,1777553786252009,,,,client-2-3,Insert,10163466,200,14744
client,client_request,completed,1777553786269844,2,,,1777553786252120,1777553786269844,1777553786252120,1777553786269844,,,,client-2-3,Remove,-13247674,200,17724
client,client_request,completed,1777553786284763,2,,,1777553786270253,1777553786284763,1777553786270253,1777553786284763,,,,client-2-3,Remove,8673877,200,14510
client,client_request,completed,1777553786299270,2,,,1777553786284981,1777553786299270,1777553786284981,1777553786299270,,,,client-2-3,Insert,13552572,200,14289
client,client_request,completed,1777553786314445,2,,,1777553786299375,1777553786314445,1777553786299375,1777553786314445,,,,client-2-3,Remove,8991525,200,15070
client,client_request,completed,1777553786328648,2,,,1777553786314652,1777553786328648,1777553786314652,1777553786328648,,,,client-2-3,Remove,15504555,200,13996
client,client_request,completed,1777553786342554,2,,,1777553786328856,1777553786342554,1777553786328856,1777553786342554,,,,client-2-3,Remove,10418162,200,13698
client,client_request,completed,1777553786357200,2,,,1777553786342688,1777553786357200,1777553786342688,1777553786357200,,,,client-2-3,Remove,11141756,200,14512
client,client_request,completed,1777553786371711,2,,,1777553786357302,1777553786371711,1777553786357302,1777553786371711,,,,client-2-3,Remove,-15142706,200,14409
client,client_request,completed,1777553786386314,2,,,1777553786371846,1777553786386314,1777553786371846,1777553786386314,,,,client-2-3,Insert,8954709,200,14468
client,client_request,completed,1777553786400387,2,,,1777553786386416,1777553786400387,1777553786386416,1777553786400387,,,,client-2-3,Insert,16137080,200,13971
client,client_request,completed,1777553786415635,2,,,1777553786400521,1777553786415635,1777553786400521,1777553786415635,,,,client-2-3,Insert,-13496334,200,15114
client,client_request,completed,1777553786430951,2,,,1777553786415739,1777553786430951,1777553786415739,1777553786430951,,,,client-2-3,Insert,15050462,200,15212
client,client_request,completed,1777553786444742,2,,,1777553786431062,1777553786444742,1777553786431062,1777553786444742,,,,client-2-3,Remove,-16305700,200,13680
client,client_request,completed,1777553786459643,2,,,1777553786445102,1777553786459643,1777553786445102,1777553786459643,,,,client-2-3,Remove,4006252,200,14541
client,client_request,completed,1777553786474310,2,,,1777553786459998,1777553786474310,1777553786459998,1777553786474310,,,,client-2-3,Insert,-13299133,200,14312
client,client_request,completed,1777553786488818,2,,,1777553786474413,1777553786488818,1777553786474413,1777553786488818,,,,client-2-3,Insert,4196773,200,14405
client,client_request,completed,1777553786503618,2,,,1777553786489178,1777553786503618,1777553786489178,1777553786503618,,,,client-2-3,Insert,14312458,200,14440
client,client_request,completed,1777553786518206,2,,,1777553786503721,1777553786518206,1777553786503721,1777553786518206,,,,client-2-3,Remove,-14381225,200,14485
client,client_request,completed,1777553786532431,2,,,1777553786518313,1777553786532431,1777553786518313,1777553786532431,,,,client-2-3,Remove,-9799326,200,14118
client,client_request,completed,1777553786547573,2,,,1777553786532562,1777553786547573,1777553786532562,1777553786547573,,,,client-2-3,Insert,11510150,200,15011
client,client_request,completed,1777553786562858,2,,,1777553786547670,1777553786562858,1777553786547670,1777553786562858,,,,client-2-3,Remove,12629445,200,15188
client,client_request,completed,1777553786579599,2,,,1777553786562954,1777553786579599,1777553786562954,1777553786579599,,,,client-2-3,Insert,-7869538,200,16645
client,client_request,completed,1777553786595356,2,,,1777553786579696,1777553786595356,1777553786579696,1777553786595356,,,,client-2-3,Insert,-10171593,200,15660
client,client_request,completed,1777553786609796,2,,,1777553786595453,1777553786609796,1777553786595453,1777553786609796,,,,client-2-3,Remove,-8261612,200,14343
client,client_request,completed,1777553786624815,2,,,1777553786610157,1777553786624815,1777553786610157,1777553786624815,,,,client-2-3,Insert,-8207274,200,14658
client,client_request,completed,1777553786640160,2,,,1777553786624918,1777553786640160,1777553786624918,1777553786640160,,,,client-2-3,Insert,10260907,200,15242
client,client_request,completed,1777553786654766,2,,,1777553786640282,1777553786654766,1777553786640282,1777553786654766,,,,client-2-3,Insert,-11632083,200,14484
client,client_request,completed,1777553786670256,2,,,1777553786654909,1777553786670256,1777553786654909,1777553786670256,,,,client-2-3,Insert,-2211302,200,15347
client,client_request,completed,1777553786684109,2,,,1777553786670389,1777553786684109,1777553786670389,1777553786684109,,,,client-2-3,Remove,-4916661,200,13720
client,client_request,completed,1777553786698460,2,,,1777553786684228,1777553786698460,1777553786684228,1777553786698460,,,,client-2-3,Insert,13377957,200,14232
client,client_request,completed,1777553786713412,2,,,1777553786698594,1777553786713412,1777553786698594,1777553786713412,,,,client-2-3,Remove,-11145354,200,14818
client,client_request,completed,1777553786727594,2,,,1777553786713543,1777553786727594,1777553786713543,1777553786727594,,,,client-2-3,Insert,10150601,200,14051
client,client_request,completed,1777553786742798,2,,,1777553786727693,1777553786742798,1777553786727693,1777553786742798,,,,client-2-3,Remove,-881718,200,15105
client,client_request,completed,1777553786757208,2,,,1777553786742895,1777553786757208,1777553786742895,1777553786757208,,,,client-2-3,Remove,-3235474,200,14313
client,client_request,completed,1777553786832337,2,,,1777553786757330,1777553786832337,1777553786757330,1777553786832337,,,,client-2-3,Remove,6000304,200,75007
client,client_request,completed,1777553786849389,2,,,1777553786832440,1777553786849389,1777553786832440,1777553786849389,,,,client-2-3,Remove,-12851026,200,16949
client,client_request,completed,1777553786864029,2,,,1777553786849493,1777553786864029,1777553786849493,1777553786864029,,,,client-2-3,Insert,12864377,200,14536
client,client_request,completed,1777553786878875,2,,,1777553786864130,1777553786878875,1777553786864130,1777553786878875,,,,client-2-3,Remove,10597881,200,14745
client,client_request,completed,1777553786892919,2,,,1777553786879235,1777553786892919,1777553786879235,1777553786892919,,,,client-2-3,Remove,-735577,200,13684
client,client_request,completed,1777553786907768,2,,,1777553786893020,1777553786907768,1777553786893020,1777553786907768,,,,client-2-3,Remove,824592,200,14748
client,client_request,completed,1777553786921846,2,,,1777553786907871,1777553786921846,1777553786907871,1777553786921846,,,,client-2-3,Remove,-7496830,200,13975
client,client_request,completed,1777553786935971,2,,,1777553786921943,1777553786935971,1777553786921943,1777553786935971,,,,client-2-3,Remove,12813828,200,14028
client,client_request,completed,1777553786950476,2,,,1777553786936095,1777553786950476,1777553786936095,1777553786950476,,,,client-2-3,Insert,-11066145,200,14381
client,client_request,completed,1777553786964699,2,,,1777553786950573,1777553786964699,1777553786950573,1777553786964699,,,,client-2-3,Remove,6666006,200,14126
client,client_request,completed,1777553786979368,2,,,1777553786964828,1777553786979368,1777553786964828,1777553786979368,,,,client-2-3,Remove,1907707,200,14540
client,client_request,completed,1777553786993633,2,,,1777553786979572,1777553786993633,1777553786979572,1777553786993633,,,,client-2-3,Insert,12237607,200,14061
client,client_request,completed,1777553787008156,2,,,1777553786993733,1777553787008156,1777553786993733,1777553787008156,,,,client-2-3,Insert,-8562366,200,14423
client,client_request,completed,1777553787023089,2,,,1777553787008533,1777553787023089,1777553787008533,1777553787023089,,,,client-2-3,Remove,4750362,200,14556
client,client_request,completed,1777553787037535,2,,,1777553787023188,1777553787037535,1777553787023188,1777553787037535,,,,client-2-3,Insert,-5972068,200,14347
client,client_request,completed,1777553787052617,2,,,1777553787037633,1777553787052617,1777553787037633,1777553787052617,,,,client-2-3,Insert,-9491023,200,14984
client,client_request,completed,1777553787067077,2,,,1777553787052748,1777553787067077,1777553787052748,1777553787067077,,,,client-2-3,Remove,16101145,200,14329
client,client_request,completed,1777553787081358,2,,,1777553787067174,1777553787081358,1777553787067174,1777553787081358,,,,client-2-3,Insert,1687166,200,14184
client,client_request,completed,1777553787096545,2,,,1777553787081482,1777553787096545,1777553787081482,1777553787096545,,,,client-2-3,Remove,266484,200,15063
client,client_request,completed,1777553787110882,2,,,1777553787096754,1777553787110882,1777553787096754,1777553787110882,,,,client-2-3,Insert,13180269,200,14128
client,client_request,completed,1777553787125382,2,,,1777553787110980,1777553787125382,1777553787110980,1777553787125382,,,,client-2-3,Insert,9284044,200,14402
client,client_request,completed,1777553787140654,2,,,1777553787125487,1777553787140654,1777553787125487,1777553787140654,,,,client-2-3,Insert,13900902,200,15167
client,client_request,completed,1777553787154959,2,,,1777553787141010,1777553787154959,1777553787141010,1777553787154959,,,,client-2-3,Remove,8834736,200,13949
client,client_request,completed,1777553787170485,2,,,1777553787155062,1777553787170485,1777553787155062,1777553787170485,,,,client-2-3,Insert,2956083,200,15423
client,client_request,completed,1777553787184745,2,,,1777553787170650,1777553787184745,1777553787170650,1777553787184745,,,,client-2-3,Remove,-16497793,200,14095
client,client_request,completed,1777553787199302,2,,,1777553787184843,1777553787199302,1777553787184843,1777553787199302,,,,client-2-3,Insert,-2990102,200,14459
client,client_request,completed,1777553787214672,2,,,1777553787199405,1777553787214672,1777553787199405,1777553787214672,,,,client-2-3,Insert,-16607153,200,15267
client,client_request,completed,1777553787228803,2,,,1777553787215017,1777553787228803,1777553787215017,1777553787228803,,,,client-2-3,Remove,-12883249,200,13786
client,client_request,completed,1777553787243461,2,,,1777553787228906,1777553787243461,1777553787228906,1777553787243461,,,,client-2-3,Remove,11959299,200,14555
client,client_request,completed,1777553787259041,2,,,1777553787243565,1777553787259041,1777553787243565,1777553787259041,,,,client-2-3,Remove,-2089954,200,15476
client,client_request,completed,1777553787273160,2,,,1777553787259176,1777553787273160,1777553787259176,1777553787273160,,,,client-2-3,Insert,4318506,200,13984
client,client_request,completed,1777553787288444,2,,,1777553787273261,1777553787288444,1777553787273261,1777553787288444,,,,client-2-3,Remove,-1540082,200,15183
client,client_request,completed,1777553787302662,2,,,1777553787288662,1777553787302662,1777553787288662,1777553787302662,,,,client-2-3,Remove,-4462337,200,14000
client,client_request,completed,1777553787317243,2,,,1777553787302788,1777553787317243,1777553787302788,1777553787317243,,,,client-2-3,Remove,1719761,200,14455
client,client_request,completed,1777553787332434,2,,,1777553787317377,1777553787332434,1777553787317377,1777553787332434,,,,client-2-3,Insert,-13510872,200,15057
client,client_request,completed,1777553787346883,2,,,1777553787332536,1777553787346883,1777553787332536,1777553787346883,,,,client-2-3,Remove,-11304568,200,14347
client,client_request,completed,1777553787361333,2,,,1777553787347215,1777553787361333,1777553787347215,1777553787361333,,,,client-2-3,Insert,-7698867,200,14118
client,client_request,completed,1777553787376682,2,,,1777553787361668,1777553787376682,1777553787361668,1777553787376682,,,,client-2-3,Insert,3416036,200,15014
client,client_request,completed,1777553787391518,2,,,1777553787377028,1777553787391518,1777553787377028,1777553787391518,,,,client-2-3,Remove,-9784148,200,14490
client,client_request,completed,1777553787408498,2,,,1777553787391633,1777553787408498,1777553787391633,1777553787408498,,,,client-2-3,Remove,-11322369,200,16865
client,client_request,completed,1777553787424749,2,,,1777553787408600,1777553787424749,1777553787408600,1777553787424749,,,,client-2-3,Insert,4499295,200,16149
client,client_request,completed,1777553787440346,2,,,1777553787425086,1777553787440346,1777553787425086,1777553787440346,,,,client-2-3,Insert,-12178754,200,15260
client,client_request,completed,1777553787456494,2,,,1777553787440450,1777553787456494,1777553787440450,1777553787456494,,,,client-2-3,Remove,-1062863,200,16044
client,client_request,completed,1777553787471509,2,,,1777553787456707,1777553787471509,1777553787456707,1777553787471509,,,,client-2-3,Insert,-11689354,200,14802
client,client_request,completed,1777553787486988,2,,,1777553787471611,1777553787486988,1777553787471611,1777553787486988,,,,client-2-3,Remove,3215063,200,15377
client,client_request,completed,1777553787502780,2,,,1777553787487098,1777553787502780,1777553787487098,1777553787502780,,,,client-2-3,Insert,5350628,200,15682
client,client_request,completed,1777553787517711,2,,,1777553787502873,1777553787517711,1777553787502873,1777553787517711,,,,client-2-3,Remove,10994462,200,14838
client,client_request,completed,1777553787533160,2,,,1777553787517814,1777553787533160,1777553787517814,1777553787533160,,,,client-2-3,Remove,9055610,200,15346
client,client_request,completed,1777553787547572,2,,,1777553787533520,1777553787547572,1777553787533520,1777553787547572,,,,client-2-3,Insert,8025649,200,14052
client,client_request,completed,1777553787562197,2,,,1777553787547669,1777553787562197,1777553787547669,1777553787562197,,,,client-2-3,Remove,-12553414,200,14528
client,client_request,completed,1777553787577415,2,,,1777553787562294,1777553787577415,1777553787562294,1777553787577415,,,,client-2-3,Insert,15686068,200,15121
client,client_request,completed,1777553787592102,2,,,1777553787577510,1777553787592102,1777553787577510,1777553787592102,,,,client-2-3,Insert,15534101,200,14592
client,client_request,completed,1777553787606988,2,,,1777553787593243,1777553787606988,1777553787593243,1777553787606988,,,,client-2-3,Remove,2004963,200,13745
client,client_request,completed,1777553787622411,2,,,1777553787607093,1777553787622411,1777553787607093,1777553787622411,,,,client-2-3,Insert,-9235245,200,15318
client,client_request,completed,1777553787636624,2,,,1777553787622766,1777553787636624,1777553787622766,1777553787636624,,,,client-2-3,Insert,14671341,200,13858
client,client_request,completed,1777553787651907,2,,,1777553787636732,1777553787651907,1777553787636732,1777553787651907,,,,client-2-3,Insert,8849773,200,15175
client,client_request,completed,1777553787666663,2,,,1777553787652014,1777553787666663,1777553787652014,1777553787666663,,,,client-2-3,Insert,-12566077,200,14649
client,client_request,completed,1777553787681299,2,,,1777553787666766,1777553787681299,1777553787666766,1777553787681299,,,,client-2-3,Remove,11165855,200,14533
client,client_request,completed,1777553787696657,2,,,1777553787681423,1777553787696657,1777553787681423,1777553787696657,,,,client-2-3,Insert,-13842565,200,15234
client,client_request,completed,1777553787712134,2,,,1777553787696798,1777553787712134,1777553787696798,1777553787712134,,,,client-2-3,Insert,-12162279,200,15336
client,client_request,completed,1777553787726959,2,,,1777553787712513,1777553787726959,1777553787712513,1777553787726959,,,,client-2-3,Remove,-7788493,200,14446
client,client_request,completed,1777553787742896,2,,,1777553787727069,1777553787742896,1777553787727069,1777553787742896,,,,client-2-3,Remove,-16249283,200,15827
client,client_request,completed,1777553787757490,2,,,1777553787743249,1777553787757490,1777553787743249,1777553787757490,,,,client-2-3,Insert,4304879,200,14241
client,client_request,completed,1777553787835179,2,,,1777553787757846,1777553787835179,1777553787757846,1777553787835179,,,,client-2-3,Insert,6552140,200,77333
client,client_request,completed,1777553787853286,2,,,1777553787835284,1777553787853286,1777553787835284,1777553787853286,,,,client-2-3,Remove,1784353,200,18002
client,client_request,completed,1777553787868453,2,,,1777553787853501,1777553787868453,1777553787853501,1777553787868453,,,,client-2-3,Remove,-7808324,200,14952
client,client_request,completed,1777553787884055,2,,,1777553787868586,1777553787884055,1777553787868586,1777553787884055,,,,client-2-3,Remove,3806230,200,15469
client,client_request,completed,1777553787899867,2,,,1777553787884440,1777553787899867,1777553787884440,1777553787899867,,,,client-2-3,Remove,5752604,200,15427
client,client_request,completed,1777553787915305,2,,,1777553787899978,1777553787915305,1777553787899978,1777553787915305,,,,client-2-3,Insert,-5131081,200,15327
client,client_request,completed,1777553787930321,2,,,1777553787915674,1777553787930321,1777553787915674,1777553787930321,,,,client-2-3,Insert,11517124,200,14647
client,client_request,completed,1777553787945936,2,,,1777553787930426,1777553787945936,1777553787930426,1777553787945936,,,,client-2-3,Remove,14728715,200,15510
client,client_request,completed,1777553787961428,2,,,1777553787946270,1777553787961428,1777553787946270,1777553787961428,,,,client-2-3,Remove,-5688500,200,15158
client,client_request,completed,1777553787977324,2,,,1777553787961788,1777553787977324,1777553787961788,1777553787977324,,,,client-2-3,Remove,-9205724,200,15536
client,client_request,completed,1777553787993197,2,,,1777553787977458,1777553787993197,1777553787977458,1777553787993197,,,,client-2-3,Remove,-13717947,200,15739
client,client_request,completed,1777553788008588,2,,,1777553787993290,1777553788008588,1777553787993290,1777553788008588,,,,client-2-3,Remove,-1899381,200,15298
client,client_request,completed,1777553788024989,2,,,1777553788008908,1777553788024989,1777553788008908,1777553788024989,,,,client-2-3,Remove,10185996,200,16081
client,client_request,completed,1777553788040643,2,,,1777553788025085,1777553788040643,1777553788025085,1777553788040643,,,,client-2-3,Remove,8641541,200,15558
client,client_request,completed,1777553788056383,2,,,1777553788040834,1777553788056383,1777553788040834,1777553788056383,,,,client-2-3,Insert,-3803490,200,15549
client,client_request,completed,1777553788072739,2,,,1777553788056536,1777553788072739,1777553788056536,1777553788072739,,,,client-2-3,Insert,5832851,200,16203
client,client_request,completed,1777553788088016,2,,,1777553788072865,1777553788088016,1777553788072865,1777553788088016,,,,client-2-3,Remove,14131765,200,15151
client,client_request,completed,1777553788103337,2,,,1777553788088114,1777553788103337,1777553788088114,1777553788103337,,,,client-2-3,Remove,-8083091,200,15223
client,client_request,completed,1777553788119600,2,,,1777553788103440,1777553788119600,1777553788103440,1777553788119600,,,,client-2-3,Insert,-3676775,200,16160
client,client_request,completed,1777553788135074,2,,,1777553788119698,1777553788135074,1777553788119698,1777553788135074,,,,client-2-3,Insert,-16288814,200,15376
client,client_request,completed,1777553788152964,2,,,1777553788135181,1777553788152964,1777553788135181,1777553788152964,,,,client-2-3,Insert,-2838760,200,17783
client,client_request,completed,1777553788169132,2,,,1777553788153088,1777553788169132,1777553788153088,1777553788169132,,,,client-2-3,Remove,718938,200,16044
client,client_request,completed,1777553788185007,2,,,1777553788169537,1777553788185007,1777553788169537,1777553788185007,,,,client-2-3,Remove,-14950136,200,15470
client,client_request,completed,1777553788201530,2,,,1777553788185374,1777553788201530,1777553788185374,1777553788201530,,,,client-2-3,Remove,14575480,200,16156
client,client_request,completed,1777553788218043,2,,,1777553788201658,1777553788218043,1777553788201658,1777553788218043,,,,client-2-3,Insert,-7741315,200,16385
client,client_request,completed,1777553788234100,2,,,1777553788218178,1777553788234100,1777553788218178,1777553788234100,,,,client-2-3,Remove,5652059,200,15922
client,client_request,completed,1777553788250593,2,,,1777553788234204,1777553788250593,1777553788234204,1777553788250593,,,,client-2-3,Remove,5123715,200,16389
client,client_request,completed,1777553788266666,2,,,1777553788250813,1777553788266666,1777553788250813,1777553788266666,,,,client-2-3,Remove,-2334882,200,15853
client,client_request,completed,1777553788282936,2,,,1777553788267012,1777553788282936,1777553788267012,1777553788282936,,,,client-2-3,Remove,4989186,200,15924
client,client_request,completed,1777553788298674,2,,,1777553788283042,1777553788298674,1777553788283042,1777553788298674,,,,client-2-3,Insert,-12425935,200,15632
client,client_request,completed,1777553788314220,2,,,1777553788298885,1777553788314220,1777553788298885,1777553788314220,,,,client-2-3,Insert,-1438238,200,15335
client,client_request,completed,1777553788330000,2,,,1777553788314425,1777553788330000,1777553788314425,1777553788330000,,,,client-2-3,Remove,-9798378,200,15575
client,client_request,completed,1777553788345716,2,,,1777553788330102,1777553788345716,1777553788330102,1777553788345716,,,,client-2-3,Remove,613296,200,15614
client,client_request,completed,1777553788361216,2,,,1777553788345913,1777553788361216,1777553788345913,1777553788361216,,,,client-2-3,Insert,7411804,200,15303
client,client_request,completed,1777553788377794,2,,,1777553788361422,1777553788377794,1777553788361422,1777553788377794,,,,client-2-3,Insert,-781582,200,16372
client,client_request,completed,1777553788393484,2,,,1777553788378003,1777553788393484,1777553788378003,1777553788393484,,,,client-2-3,Insert,-5460275,200,15481
client,client_request,completed,1777553788410252,2,,,1777553788393839,1777553788410252,1777553788393839,1777553788410252,,,,client-2-3,Insert,8941678,200,16413
client,client_request,completed,1777553788426180,2,,,1777553788410468,1777553788426180,1777553788410468,1777553788426180,,,,client-2-3,Remove,7118282,200,15712
client,client_request,completed,1777553788441530,2,,,1777553788426286,1777553788441530,1777553788426286,1777553788441530,,,,client-2-3,Remove,-11644118,200,15244
client,client_request,completed,1777553788458177,2,,,1777553788441633,1777553788458177,1777553788441633,1777553788458177,,,,client-2-3,Insert,-6122050,200,16544
client,client_request,completed,1777553788473916,2,,,1777553788458332,1777553788473916,1777553788458332,1777553788473916,,,,client-2-3,Insert,12103331,200,15584
client,client_request,completed,1777553788490669,2,,,1777553788474014,1777553788490669,1777553788474014,1777553788490669,,,,client-2-3,Insert,-11332273,200,16655
client,client_request,completed,1777553788507082,2,,,1777553788490847,1777553788507082,1777553788490847,1777553788507082,,,,client-2-3,Insert,-15553073,200,16235
client,client_request,completed,1777553788522950,2,,,1777553788507189,1777553788522950,1777553788507189,1777553788522950,,,,client-2-3,Remove,558505,200,15761
client,client_request,completed,1777553788538923,2,,,1777553788523151,1777553788538923,1777553788523151,1777553788538923,,,,client-2-3,Remove,-947491,200,15772
client,client_request,completed,1777553788554220,2,,,1777553788539035,1777553788554220,1777553788539035,1777553788554220,,,,client-2-3,Insert,-9860878,200,15185
client,client_request,completed,1777553788569495,2,,,1777553788554361,1777553788569495,1777553788554361,1777553788569495,,,,client-2-3,Insert,2133963,200,15134
client,client_request,completed,1777553788585575,2,,,1777553788569620,1777553788585575,1777553788569620,1777553788585575,,,,client-2-3,Insert,3416872,200,15955
client,client_request,completed,1777553788601376,2,,,1777553788585672,1777553788601376,1777553788585672,1777553788601376,,,,client-2-3,Insert,6996965,200,15704
client,client_request,completed,1777553788616774,2,,,1777553788601480,1777553788616774,1777553788601480,1777553788616774,,,,client-2-3,Remove,-10923566,200,15294
client,client_request,completed,1777553788633548,2,,,1777553788616869,1777553788633548,1777553788616869,1777553788633548,,,,client-2-3,Insert,2242336,200,16679
client,client_request,completed,1777553788649590,2,,,1777553788633652,1777553788649590,1777553788633652,1777553788649590,,,,client-2-3,Insert,-15032137,200,15938
client,client_request,completed,1777553788666351,2,,,1777553788649805,1777553788666351,1777553788649805,1777553788666351,,,,client-2-3,Remove,16148127,200,16546
client,client_request,completed,1777553788681856,2,,,1777553788666483,1777553788681856,1777553788666483,1777553788681856,,,,client-2-3,Remove,12715113,200,15373
client,client_request,completed,1777553788697221,2,,,1777553788681962,1777553788697221,1777553788681962,1777553788697221,,,,client-2-3,Remove,-16375127,200,15259
client,client_request,completed,1777553788714915,2,,,1777553788697347,1777553788714915,1777553788697347,1777553788714915,,,,client-2-3,Insert,-11313950,200,17568
client,client_request,completed,1777553788732334,2,,,1777553788715009,1777553788732334,1777553788715009,1777553788732334,,,,client-2-3,Remove,-7362488,200,17325
client,client_request,completed,1777553788750031,2,,,1777553788732556,1777553788750031,1777553788732556,1777553788750031,,,,client-2-3,Remove,13100840,200,17475
client,client_request,completed,1777553788767458,2,,,1777553788750391,1777553788767458,1777553788750391,1777553788767458,,,,client-2-3,Remove,-15613863,200,17067
client,client_request,completed,1777553788850164,2,,,1777553788767837,1777553788850164,1777553788767837,1777553788850164,,,,client-2-3,Remove,-15435907,200,82327
client,client_request,completed,1777553788867151,2,,,1777553788850235,1777553788867151,1777553788850235,1777553788867151,,,,client-2-3,Remove,11184508,200,16916
client,client_request,completed,1777553788882575,2,,,1777553788867362,1777553788882575,1777553788867362,1777553788882575,,,,client-2-3,Remove,325002,200,15213
client,client_request,completed,1777553788898436,2,,,1777553788882680,1777553788898436,1777553788882680,1777553788898436,,,,client-2-3,Remove,3844995,200,15756
client,client_request,completed,1777553788914924,2,,,1777553788898659,1777553788914924,1777553788898659,1777553788914924,,,,client-2-3,Remove,-2297964,200,16265
client,client_request,completed,1777553788931468,2,,,1777553788915027,1777553788931468,1777553788915027,1777553788931468,,,,client-2-3,Insert,-5840316,200,16441
client,client_request,completed,1777553788947447,2,,,1777553788931673,1777553788947447,1777553788931673,1777553788947447,,,,client-2-3,Insert,-3988893,200,15774
client,client_request,completed,1777553788970290,2,,,1777553788947545,1777553788970290,1777553788947545,1777553788970290,,,,client-2-3,Insert,-16125288,200,22745
client,client_request,completed,1777553788996610,2,,,1777553788970402,1777553788996610,1777553788970402,1777553788996610,,,,client-2-3,Remove,4255835,200,26208
client,client_request,completed,1777553789022692,2,,,1777553788996714,1777553789022692,1777553788996714,1777553789022692,,,,client-2-3,Remove,-2857040,200,25978
client,client_request,completed,1777553789049678,2,,,1777553789022797,1777553789049678,1777553789022797,1777553789049678,,,,client-2-3,Remove,12505597,200,26881
client,client_request,completed,1777553789075430,2,,,1777553789049890,1777553789075430,1777553789049890,1777553789075430,,,,client-2-3,Insert,-13769146,200,25540
client,client_request,completed,1777553789101389,2,,,1777553789075776,1777553789101389,1777553789075776,1777553789101389,,,,client-2-3,Insert,15523196,200,25613
client,client_request,completed,1777553789128262,2,,,1777553789101496,1777553789128262,1777553789101496,1777553789128262,,,,client-2-3,Remove,-4826586,200,26766
client,client_request,completed,1777553789154309,2,,,1777553789128643,1777553789154309,1777553789128643,1777553789154309,,,,client-2-3,Remove,-12574507,200,25666
client,client_request,completed,1777553789180780,2,,,1777553789154509,1777553789180780,1777553789154509,1777553789180780,,,,client-2-3,Remove,-11625428,200,26271
client,client_request,completed,1777553789207048,2,,,1777553789180883,1777553789207048,1777553789180883,1777553789207048,,,,client-2-3,Remove,66417,200,26165
client,client_request,completed,1777553789233883,2,,,1777553789207378,1777553789233883,1777553789207378,1777553789233883,,,,client-2-3,Remove,-15087228,200,26505
client,client_request,completed,1777553789260213,2,,,1777553789234245,1777553789260213,1777553789234245,1777553789260213,,,,client-2-3,Insert,14599641,200,25968
client,client_request,completed,1777553789286400,2,,,1777553789260316,1777553789286400,1777553789260316,1777553789286400,,,,client-2-3,Remove,851522,200,26084
client,client_request,completed,1777553789312949,2,,,1777553789286531,1777553789312949,1777553789286531,1777553789312949,,,,client-2-3,Remove,-12496250,200,26418
client,client_request,completed,1777553789339935,2,,,1777553789313150,1777553789339935,1777553789313150,1777553789339935,,,,client-2-3,Insert,14579220,200,26785
client,client_request,completed,1777553789367322,2,,,1777553789340129,1777553789367322,1777553789340129,1777553789367322,,,,client-2-3,Insert,12214404,200,27193
client,client_request,completed,1777553789394244,2,,,1777553789367717,1777553789394244,1777553789367717,1777553789394244,,,,client-2-3,Insert,-7675901,200,26527
client,client_request,completed,1777553789421033,2,,,1777553789394348,1777553789421033,1777553789394348,1777553789421033,,,,client-2-3,Remove,-14448798,200,26685
client,client_request,completed,1777553789448335,2,,,1777553789421144,1777553789448335,1777553789421144,1777553789448335,,,,client-2-3,Insert,-3195655,200,27191
client,client_request,completed,1777553789476914,2,,,1777553789448470,1777553789476914,1777553789448470,1777553789476914,,,,client-2-3,Insert,-3756421,200,28444
client,client_request,completed,1777553789505554,2,,,1777553789477012,1777553789505554,1777553789477012,1777553789505554,,,,client-2-3,Insert,14256742,200,28542
client,client_request,completed,1777553789533389,2,,,1777553789505656,1777553789533389,1777553789505656,1777553789533389,,,,client-2-3,Remove,-15422606,200,27733
client,client_request,completed,1777553789560482,2,,,1777553789533487,1777553789560482,1777553789533487,1777553789560482,,,,client-2-3,Insert,-6197855,200,26995
client,client_request,completed,1777553789586473,2,,,1777553789560579,1777553789586473,1777553789560579,1777553789586473,,,,client-2-3,Remove,4002592,200,25894
client,client_request,completed,1777553789612537,2,,,1777553789586571,1777553789612537,1777553789586571,1777553789612537,,,,client-2-3,Remove,-16011693,200,25966
client,client_request,completed,1777553789638465,2,,,1777553789612633,1777553789638465,1777553789612633,1777553789638465,,,,client-2-3,Insert,-8855678,200,25832
client,client_request,completed,1777553789665564,2,,,1777553789638569,1777553789665564,1777553789638569,1777553789665564,,,,client-2-3,Remove,14394850,200,26995
client,client_request,completed,1777553789692842,2,,,1777553789665694,1777553789692842,1777553789665694,1777553789692842,,,,client-2-3,Insert,14597349,200,27148
client,client_request,completed,1777553789719388,2,,,1777553789692946,1777553789719388,1777553789692946,1777553789719388,,,,client-2-3,Insert,-629743,200,26442
client,client_request,completed,1777553789747288,2,,,1777553789719493,1777553789747288,1777553789719493,1777553789747288,,,,client-2-3,Remove,12610820,200,27795
client,client_request,completed,1777553789841936,2,,,1777553789747392,1777553789841936,1777553789747392,1777553789841936,,,,client-2-3,Remove,-11760278,200,94544
client,client_request,completed,1777553789868876,2,,,1777553789842060,1777553789868876,1777553789842060,1777553789868876,,,,client-2-3,Insert,3141495,200,26816
client,client_request,completed,1777553789897594,2,,,1777553789868974,1777553789897594,1777553789868974,1777553789897594,,,,client-2-3,Insert,4029329,200,28620
client,client_request,completed,1777553789924595,2,,,1777553789897691,1777553789924595,1777553789897691,1777553789924595,,,,client-2-3,Remove,10351793,200,26904
client,client_request,completed,1777553789951577,2,,,1777553789924699,1777553789951577,1777553789924699,1777553789951577,,,,client-2-3,Insert,9927908,200,26878
client,client_request,completed,1777553789980484,2,,,1777553789951674,1777553789980484,1777553789951674,1777553789980484,,,,client-2-3,Insert,16758116,200,28810
client,client_request,completed,1777553790007730,2,,,1777553789980589,1777553790007730,1777553789980589,1777553790007730,,,,client-2-3,Insert,7311468,200,27141
client,client_request,completed,1777553790035496,2,,,1777553790007828,1777553790035496,1777553790007828,1777553790035496,,,,client-2-3,Insert,1616507,200,27668
client,client_request,completed,1777553790063980,2,,,1777553790035617,1777553790063980,1777553790035617,1777553790063980,,,,client-2-3,Remove,16710306,200,28363
client,client_request,completed,1777553790091232,2,,,1777553790064083,1777553790091232,1777553790064083,1777553790091232,,,,client-2-3,Remove,-2329248,200,27149
client,client_request,completed,1777553790118674,2,,,1777553790091616,1777553790118674,1777553790091616,1777553790118674,,,,client-2-3,Insert,-3641733,200,27058
client,client_request,completed,1777553790145648,2,,,1777553790118773,1777553790145648,1777553790118773,1777553790145648,,,,client-2-3,Remove,6855774,200,26875
client,client_request,completed,1777553790174525,2,,,1777553790145773,1777553790174525,1777553790145773,1777553790174525,,,,client-2-3,Remove,-1178322,200,28752
client,client_request,completed,1777553790202177,2,,,1777553790174628,1777553790202177,1777553790174628,1777553790202177,,,,client-2-3,Insert,8650447,200,27549
client,client_request,completed,1777553790228677,2,,,1777553790202276,1777553790228677,1777553790202276,1777553790228677,,,,client-2-3,Insert,2907106,200,26401
client,client_request,completed,1777553790257154,2,,,1777553790228780,1777553790257154,1777553790228780,1777553790257154,,,,client-2-3,Remove,3104896,200,28374
client,client_request,completed,1777553790286254,2,,,1777553790257366,1777553790286254,1777553790257366,1777553790286254,,,,client-2-3,Remove,13045274,200,28888
client,client_request,completed,1777553790313305,2,,,1777553790286357,1777553790313305,1777553790286357,1777553790313305,,,,client-2-3,Insert,-255552,200,26948
client,client_request,completed,1777553790341145,2,,,1777553790313406,1777553790341145,1777553790313406,1777553790341145,,,,client-2-3,Remove,-6331319,200,27739
client,client_request,completed,1777553790369546,2,,,1777553790341242,1777553790369546,1777553790341242,1777553790369546,,,,client-2-3,Remove,-13313243,200,28304
client,client_request,completed,1777553790397919,2,,,1777553790369648,1777553790397919,1777553790369648,1777553790397919,,,,client-2-3,Remove,-14137886,200,28271
client,client_request,completed,1777553790425818,2,,,1777553790398022,1777553790425818,1777553790398022,1777553790425818,,,,client-2-3,Insert,-1209535,200,27796
client,client_request,completed,1777553790452510,2,,,1777553790425921,1777553790452510,1777553790425921,1777553790452510,,,,client-2-3,Remove,9859605,200,26589
client,client_request,completed,1777553790481201,2,,,1777553790452613,1777553790481201,1777553790452613,1777553790481201,,,,client-2-3,Remove,-408802,200,28588
client,client_request,completed,1777553790508702,2,,,1777553790481298,1777553790508702,1777553790481298,1777553790508702,,,,client-2-3,Insert,6729722,200,27404
client,client_request,completed,1777553790535839,2,,,1777553790509060,1777553790535839,1777553790509060,1777553790535839,,,,client-2-3,Insert,-7693754,200,26779
client,client_request,completed,1777553790562656,2,,,1777553790535969,1777553790562656,1777553790535969,1777553790562656,,,,client-2-3,Remove,4388085,200,26687
client,client_request,completed,1777553790588314,2,,,1777553790562754,1777553790588314,1777553790562754,1777553790588314,,,,client-2-3,Insert,11661640,200,25560
client,client_request,completed,1777553790616143,2,,,1777553790588411,1777553790616143,1777553790588411,1777553790616143,,,,client-2-3,Remove,-7997034,200,27732
client,client_request,completed,1777553790643217,2,,,1777553790616266,1777553790643217,1777553790616266,1777553790643217,,,,client-2-3,Insert,-8271624,200,26951
client,client_request,completed,1777553790669178,2,,,1777553790643334,1777553790669178,1777553790643334,1777553790669178,,,,client-2-3,Remove,6859274,200,25844
client,client_request,completed,1777553790696305,2,,,1777553790669533,1777553790696305,1777553790669533,1777553790696305,,,,client-2-3,Remove,9776628,200,26772
client,client_request,completed,1777553790724252,2,,,1777553790696410,1777553790724252,1777553790696410,1777553790724252,,,,client-2-3,Remove,-6168704,200,27842
client,client_request,completed,1777553790750738,2,,,1777553790724357,1777553790750738,1777553790724357,1777553790750738,,,,client-2-3,Insert,3033314,200,26381
client,client_request,completed,1777553790838998,2,,,1777553790750843,1777553790838998,1777553790750843,1777553790838998,,,,client-2-3,Insert,2813446,200,88155
client,client_request,completed,1777553790866437,2,,,1777553790839105,1777553790866437,1777553790839105,1777553790866437,,,,client-2-3,Insert,15222834,200,27332
client,client_request,completed,1777553790894872,2,,,1777553790866540,1777553790894872,1777553790866540,1777553790894872,,,,client-2-3,Insert,-14202364,200,28332
client,client_request,completed,1777553790922522,2,,,1777553790894976,1777553790922522,1777553790894976,1777553790922522,,,,client-2-3,Remove,3031490,200,27546
client,client_request,completed,1777553790948471,2,,,1777553790922627,1777553790948471,1777553790922627,1777553790948471,,,,client-2-3,Remove,7336058,200,25844
client,client_request,completed,1777553790975564,2,,,1777553790948574,1777553790975564,1777553790948574,1777553790975564,,,,client-2-3,Insert,14546722,200,26990
client,client_request,completed,1777553791003289,2,,,1777553790975668,1777553791003289,1777553790975668,1777553791003289,,,,client-2-3,Insert,-10870317,200,27621
client,client_request,completed,1777553791029599,2,,,1777553791003394,1777553791029599,1777553791003394,1777553791029599,,,,client-2-3,Insert,-4282433,200,26205
client,client_request,completed,1777553791056465,2,,,1777553791029704,1777553791056465,1777553791029704,1777553791056465,,,,client-2-3,Remove,13925441,200,26761
client,client_request,completed,1777553791083338,2,,,1777553791056568,1777553791083338,1777553791056568,1777553791083338,,,,client-2-3,Remove,-605382,200,26770
client,client_request,completed,1777553791111275,2,,,1777553791083459,1777553791111275,1777553791083459,1777553791111275,,,,client-2-3,Insert,15846270,200,27816
client,client_request,completed,1777553791139251,2,,,1777553791111378,1777553791139251,1777553791111378,1777553791139251,,,,client-2-3,Insert,-12948402,200,27873
client,client_request,completed,1777553791165816,2,,,1777553791139357,1777553791165816,1777553791139357,1777553791165816,,,,client-2-3,Remove,-10348560,200,26459
client,client_request,completed,1777553791193684,2,,,1777553791165947,1777553791193684,1777553791165947,1777553791193684,,,,client-2-3,Insert,-8447302,200,27737
client,client_request,completed,1777553791220926,2,,,1777553791193813,1777553791220926,1777553791193813,1777553791220926,,,,client-2-3,Insert,-180386,200,27113
client,client_request,completed,1777553791247163,2,,,1777553791221033,1777553791247163,1777553791221033,1777553791247163,,,,client-2-3,Insert,-4167571,200,26130
client,client_request,completed,1777553791275246,2,,,1777553791247270,1777553791275246,1777553791247270,1777553791275246,,,,client-2-3,Insert,5108852,200,27976
client,client_request,completed,1777553791301828,2,,,1777553791275368,1777553791301828,1777553791275368,1777553791301828,,,,client-2-3,Insert,3350143,200,26460
client,client_request,completed,1777553791329245,2,,,1777553791302190,1777553791329245,1777553791302190,1777553791329245,,,,client-2-3,Remove,6869681,200,27055
client,client_request,completed,1777553791357083,2,,,1777553791329353,1777553791357083,1777553791329353,1777553791357083,,,,client-2-3,Remove,15449735,200,27730
client,client_request,completed,1777553791383760,2,,,1777553791357442,1777553791383760,1777553791357442,1777553791383760,,,,client-2-3,Remove,-13586937,200,26318
client,client_request,completed,1777553791411241,2,,,1777553791383965,1777553791411241,1777553791383965,1777553791411241,,,,client-2-3,Insert,-13226365,200,27276
client,client_request,completed,1777553791439352,2,,,1777553791411455,1777553791439352,1777553791411455,1777553791439352,,,,client-2-3,Remove,-3628096,200,27897
client,client_request,completed,1777553791466204,2,,,1777553791439458,1777553791466204,1777553791439458,1777553791466204,,,,client-2-3,Insert,11515794,200,26746
client,client_request,completed,1777553791494054,2,,,1777553791466331,1777553791494054,1777553791466331,1777553791494054,,,,client-2-3,Insert,6699834,200,27723
client,client_request,completed,1777553791520825,2,,,1777553791494187,1777553791520825,1777553791494187,1777553791520825,,,,client-2-3,Insert,-9644429,200,26638
client,client_request,completed,1777553791549443,2,,,1777553791520929,1777553791549443,1777553791520929,1777553791549443,,,,client-2-3,Insert,11348960,200,28514
client,client_request,completed,1777553791576571,2,,,1777553791549541,1777553791576571,1777553791549541,1777553791576571,,,,client-2-3,Insert,-15725810,200,27030
client,client_request,completed,1777553791603687,2,,,1777553791576669,1777553791603687,1777553791576669,1777553791603687,,,,client-2-3,Remove,-15993670,200,27018
client,client_request,completed,1777553791631934,2,,,1777553791603785,1777553791631934,1777553791603785,1777553791631934,,,,client-2-3,Remove,-474404,200,28149
client,client_request,completed,1777553791659274,2,,,1777553791632039,1777553791659274,1777553791632039,1777553791659274,,,,client-2-3,Insert,13460575,200,27235
client,client_request,completed,1777553791685652,2,,,1777553791659380,1777553791685652,1777553791659380,1777553791685652,,,,client-2-3,Insert,-9247498,200,26272
client,client_request,completed,1777553791714415,2,,,1777553791685757,1777553791714415,1777553791685757,1777553791714415,,,,client-2-3,Remove,-4127216,200,28658
client,client_request,completed,1777553791740750,2,,,1777553791714519,1777553791740750,1777553791714519,1777553791740750,,,,client-2-3,Insert,-13663634,200,26231
client,client_request,completed,1777553791768155,2,,,1777553791740852,1777553791768155,1777553791740852,1777553791768155,,,,client-2-3,Insert,-13921991,200,27303
client,client_request,completed,1777553791860574,2,,,1777553791768308,1777553791860574,1777553791768308,1777553791860574,,,,client-2-3,Remove,1711459,200,92266
client,client_request,completed,1777553791888527,2,,,1777553791860677,1777553791888527,1777553791860677,1777553791888527,,,,client-2-3,Insert,16518211,200,27850
client,client_request,completed,1777553791918439,2,,,1777553791888631,1777553791918439,1777553791888631,1777553791918439,,,,client-2-3,Remove,14272140,200,29808
client,client_request,completed,1777553791946928,2,,,1777553791918551,1777553791946928,1777553791918551,1777553791946928,,,,client-2-3,Insert,-11818823,200,28377
client,client_request,completed,1777553791973824,2,,,1777553791947145,1777553791973824,1777553791947145,1777553791973824,,,,client-2-3,Insert,12279323,200,26679
client,client_request,completed,1777553792003742,2,,,1777553791973939,1777553792003742,1777553791973939,1777553792003742,,,,client-2-3,Insert,-9953884,200,29803
client,client_request,completed,1777553792031485,2,,,1777553792004088,1777553792031485,1777553792004088,1777553792031485,,,,client-2-3,Remove,5825690,200,27397
client,client_request,completed,1777553792060431,2,,,1777553792031688,1777553792060431,1777553792031688,1777553792060431,,,,client-2-3,Insert,-5413367,200,28743
client,client_request,completed,1777553792089024,2,,,1777553792060781,1777553792089024,1777553792060781,1777553792089024,,,,client-2-3,Remove,-8291144,200,28243
client,client_request,completed,1777553792116322,2,,,1777553792089135,1777553792116322,1777553792089135,1777553792116322,,,,client-2-3,Insert,-16688954,200,27187
client,client_request,completed,1777553792144668,2,,,1777553792116426,1777553792144668,1777553792116426,1777553792144668,,,,client-2-3,Insert,-8506461,200,28242
client,client_request,completed,1777553792172945,2,,,1777553792144775,1777553792172945,1777553792144775,1777553792172945,,,,client-2-3,Remove,15754034,200,28170
client,client_request,completed,1777553792202184,2,,,1777553792173162,1777553792202184,1777553792173162,1777553792202184,,,,client-2-3,Insert,-7404784,200,29022
client,client_request,completed,1777553792230395,2,,,1777553792202287,1777553792230395,1777553792202287,1777553792230395,,,,client-2-3,Remove,10686762,200,28108
client,client_request,completed,1777553792257687,2,,,1777553792230761,1777553792257687,1777553792230761,1777553792257687,,,,client-2-3,Insert,-1414097,200,26926
client,client_request,completed,1777553792287567,2,,,1777553792257794,1777553792287567,1777553792257794,1777553792287567,,,,client-2-3,Remove,6593037,200,29773
client,client_request,completed,1777553792316246,2,,,1777553792287669,1777553792316246,1777553792287669,1777553792316246,,,,client-2-3,Insert,-16735598,200,28577
client,client_request,completed,1777553792343955,2,,,1777553792316351,1777553792343955,1777553792316351,1777553792343955,,,,client-2-3,Remove,-9662792,200,27604
client,client_request,completed,1777553792373460,2,,,1777553792344059,1777553792373460,1777553792344059,1777553792373460,,,,client-2-3,Insert,14354139,200,29401
client,client_request,completed,1777553792401717,2,,,1777553792373564,1777553792401717,1777553792373564,1777553792401717,,,,client-2-3,Remove,-2802623,200,28153
client,client_request,completed,1777553792429506,2,,,1777553792401820,1777553792429506,1777553792401820,1777553792429506,,,,client-2-3,Remove,8837870,200,27686
client,client_request,completed,1777553792458488,2,,,1777553792429646,1777553792458488,1777553792429646,1777553792458488,,,,client-2-3,Remove,-7612541,200,28842
client,client_request,completed,1777553792487123,2,,,1777553792458592,1777553792487123,1777553792458592,1777553792487123,,,,client-2-3,Insert,-14835251,200,28531
client,client_request,completed,1777553792515305,2,,,1777553792487485,1777553792515305,1777553792487485,1777553792515305,,,,client-2-3,Remove,11996823,200,27820
client,client_request,completed,1777553792544083,2,,,1777553792515408,1777553792544083,1777553792515408,1777553792544083,,,,client-2-3,Remove,-540957,200,28675
client,client_request,completed,1777553792573110,2,,,1777553792544209,1777553792573110,1777553792544209,1777553792573110,,,,client-2-3,Insert,-3143895,200,28901
client,client_request,completed,1777553792601807,2,,,1777553792573208,1777553792601807,1777553792573208,1777553792601807,,,,client-2-3,Insert,8688947,200,28599
client,client_request,completed,1777553792630547,2,,,1777553792601904,1777553792630547,1777553792601904,1777553792630547,,,,client-2-3,Insert,-5919135,200,28643
client,client_request,completed,1777553792659021,2,,,1777553792630760,1777553792659021,1777553792630760,1777553792659021,,,,client-2-3,Insert,-1950235,200,28261
client,client_request,completed,1777553792687459,2,,,1777553792659138,1777553792687459,1777553792659138,1777553792687459,,,,client-2-3,Insert,-326083,200,28321
client,client_request,completed,1777553792714614,2,,,1777553792687665,1777553792714614,1777553792687665,1777553792714614,,,,client-2-3,Insert,16484906,200,26949
client,client_request,completed,1777553792744567,2,,,1777553792714718,1777553792744567,1777553792714718,1777553792744567,,,,client-2-3,Insert,10901030,200,29849
client,client_request,completed,1777553792835095,2,,,1777553792744928,1777553792835095,1777553792744928,1777553792835095,,,,client-2-3,Remove,13859634,200,90167
client,client_request,completed,1777553792864737,2,,,1777553792835227,1777553792864737,1777553792835227,1777553792864737,,,,client-2-3,Remove,13618816,200,29510
client,client_request,completed,1777553792893361,2,,,1777553792864842,1777553792893361,1777553792864842,1777553792893361,,,,client-2-3,Remove,1009923,200,28519
client,client_request,completed,1777553792926805,2,,,1777553792893468,1777553792926805,1777553792893468,1777553792926805,,,,client-2-3,Insert,-4111407,200,33337
client,client_request,completed,1777553792956723,2,,,1777553792927023,1777553792956723,1777553792927023,1777553792956723,,,,client-2-3,Insert,-13410338,200,29700
client,client_request,completed,1777553792986754,2,,,1777553792956805,1777553792986754,1777553792956805,1777553792986754,,,,client-2-3,Remove,-812366,200,29949
client,client_request,completed,1777553793019121,2,,,1777553792986832,1777553793019121,1777553792986832,1777553793019121,,,,client-2-3,Remove,9678444,200,32289
client,client_request,completed,1777553793052287,2,,,1777553793019333,1777553793052287,1777553793019333,1777553793052287,,,,client-2-3,Remove,-13572663,200,32954
client,client_request,completed,1777553793081862,2,,,1777553793052395,1777553793081862,1777553793052395,1777553793081862,,,,client-2-3,Remove,-6277538,200,29467
client,client_request,completed,1777553793110282,2,,,1777553793082229,1777553793110282,1777553793082229,1777553793110282,,,,client-2-3,Remove,-3848072,200,28053
client,client_request,completed,1777553793138897,2,,,1777553793110420,1777553793138897,1777553793110420,1777553793138897,,,,client-2-3,Remove,-10356405,200,28477
client,client_request,completed,1777553793168224,2,,,1777553793139009,1777553793168224,1777553793139009,1777553793168224,,,,client-2-3,Insert,-5074630,200,29215
client,client_request,completed,1777553793198248,2,,,1777553793168396,1777553793198248,1777553793168396,1777553793198248,,,,client-2-3,Insert,-4429625,200,29852
client,client_request,completed,1777553793228098,2,,,1777553793198620,1777553793228098,1777553793198620,1777553793228098,,,,client-2-3,Insert,7904406,200,29478
client,client_request,completed,1777553793256133,2,,,1777553793228231,1777553793256133,1777553793228231,1777553793256133,,,,client-2-3,Insert,7180549,200,27902
client,client_request,completed,1777553793284864,2,,,1777553793256259,1777553793284864,1777553793256259,1777553793284864,,,,client-2-3,Insert,-3048982,200,28605
client,client_request,completed,1777553793313493,2,,,1777553793284969,1777553793313493,1777553793284969,1777553793313493,,,,client-2-3,Remove,8474181,200,28524
client,client_request,completed,1777553793340792,2,,,1777553793313599,1777553793340792,1777553793313599,1777553793340792,,,,client-2-3,Remove,-3298280,200,27193
client,client_request,completed,1777553793368883,2,,,1777553793340903,1777553793368883,1777553793340903,1777553793368883,,,,client-2-3,Remove,-4484309,200,27980
client,client_request,completed,1777553793397180,2,,,1777553793368991,1777553793397180,1777553793368991,1777553793397180,,,,client-2-3,Remove,5148712,200,28189
client,client_request,completed,1777553793425731,2,,,1777553793397278,1777553793425731,1777553793397278,1777553793425731,,,,client-2-3,Insert,-7923169,200,28453
client,client_request,completed,1777553793454564,2,,,1777553793425867,1777553793454564,1777553793425867,1777553793454564,,,,client-2-3,Remove,-6656324,200,28697
client,client_request,completed,1777553793482720,2,,,1777553793454674,1777553793482720,1777553793454674,1777553793482720,,,,client-2-3,Remove,11474231,200,28046
client,client_request,completed,1777553793513545,2,,,1777553793483476,1777553793513545,1777553793483476,1777553793513545,,,,client-2-3,Insert,-1056647,200,30069
client,client_request,completed,1777553793542797,2,,,1777553793513652,1777553793542797,1777553793513652,1777553793542797,,,,client-2-3,Remove,-5236424,200,29145
client,client_request,completed,1777553793571119,2,,,1777553793542905,1777553793571119,1777553793542905,1777553793571119,,,,client-2-3,Remove,-6669051,200,28214
client,client_request,completed,1777553793600092,2,,,1777553793571237,1777553793600092,1777553793571237,1777553793600092,,,,client-2-3,Insert,10810777,200,28855
client,client_request,completed,1777553793629579,2,,,1777553793600209,1777553793629579,1777553793600209,1777553793629579,,,,client-2-3,Insert,15574441,200,29370
client,client_request,completed,1777553793658060,2,,,1777553793629792,1777553793658060,1777553793629792,1777553793658060,,,,client-2-3,Insert,-5125651,200,28268
client,client_request,completed,1777553793686371,2,,,1777553793658208,1777553793686371,1777553793658208,1777553793686371,,,,client-2-3,Remove,15040334,200,28163
client,client_request,completed,1777553793714504,2,,,1777553793686476,1777553793714504,1777553793686476,1777553793714504,,,,client-2-3,Insert,-6964718,200,28028
client,client_request,completed,1777553793743043,2,,,1777553793714609,1777553793743043,1777553793714609,1777553793743043,,,,client-2-3,Insert,-6079711,200,28434
client,client_request,completed,1777553793831311,2,,,1777553793743151,1777553793831311,1777553793743151,1777553793831311,,,,client-2-3,Insert,3260488,200,88160
client,client_request,completed,1777553793862603,2,,,1777553793831570,1777553793862603,1777553793831570,1777553793862603,,,,client-2-3,Insert,-7220598,200,31033
client,client_request,completed,1777553793891385,2,,,1777553793862711,1777553793891385,1777553793862711,1777553793891385,,,,client-2-3,Remove,-1803752,200,28674
client,client_request,completed,1777553793920044,2,,,1777553793891492,1777553793920044,1777553793891492,1777553793920044,,,,client-2-3,Remove,10308166,200,28552
client,client_request,completed,1777553793947654,2,,,1777553793920407,1777553793947654,1777553793920407,1777553793947654,,,,client-2-3,Insert,10455940,200,27247
client,client_request,completed,1777553793976417,2,,,1777553793947769,1777553793976417,1777553793947769,1777553793976417,,,,client-2-3,Remove,-18299,200,28648
client,client_request,completed,1777553794004820,2,,,1777553793976525,1777553794004820,1777553793976525,1777553794004820,,,,client-2-3,Insert,-15384213,200,28295
client,client_request,completed,1777553794035023,2,,,1777553794004962,1777553794035023,1777553794004962,1777553794035023,,,,client-2-3,Insert,10229367,200,30061
client,client_request,completed,1777553794063696,2,,,1777553794035234,1777553794063696,1777553794035234,1777553794063696,,,,client-2-3,Remove,-1633251,200,28462
client,client_request,completed,1777553794091480,2,,,1777553794063795,1777553794091480,1777553794063795,1777553794091480,,,,client-2-3,Insert,-15835030,200,27685
client,client_request,completed,1777553794121306,2,,,1777553794091578,1777553794121306,1777553794091578,1777553794121306,,,,client-2-3,Remove,-14369643,200,29728
client,client_request,completed,1777553794151086,2,,,1777553794121406,1777553794151086,1777553794121406,1777553794151086,,,,client-2-3,Remove,12020423,200,29680
client,client_request,completed,1777553794181395,2,,,1777553794151187,1777553794181395,1777553794151187,1777553794181395,,,,client-2-3,Remove,3102720,200,30208
client,client_request,completed,1777553794210806,2,,,1777553794181496,1777553794210806,1777553794181496,1777553794210806,,,,client-2-3,Remove,-916583,200,29310
client,client_request,completed,1777553794238854,2,,,1777553794210903,1777553794238854,1777553794210903,1777553794238854,,,,client-2-3,Remove,9336131,200,27951
client,client_request,completed,1777553794268074,2,,,1777553794238952,1777553794268074,1777553794238952,1777553794268074,,,,client-2-3,Insert,-4033100,200,29122
client,client_request,completed,1777553794297689,2,,,1777553794268172,1777553794297689,1777553794268172,1777553794297689,,,,client-2-3,Insert,-3257055,200,29517
client,client_request,completed,1777553794327470,2,,,1777553794297788,1777553794327470,1777553794297788,1777553794327470,,,,client-2-3,Remove,-11911957,200,29682
client,client_request,completed,1777553794356772,2,,,1777553794327827,1777553794356772,1777553794327827,1777553794356772,,,,client-2-3,Insert,-947116,200,28945
client,client_request,completed,1777553794386382,2,,,1777553794356902,1777553794386382,1777553794356902,1777553794386382,,,,client-2-3,Remove,8731989,200,29480
client,client_request,completed,1777553794414705,2,,,1777553794386599,1777553794414705,1777553794386599,1777553794414705,,,,client-2-3,Insert,-3896038,200,28106
client,client_request,completed,1777553794443854,2,,,1777553794414817,1777553794443854,1777553794414817,1777553794443854,,,,client-2-3,Insert,2647324,200,29037
client,client_request,completed,1777553794472123,2,,,1777553794444064,1777553794472123,1777553794444064,1777553794472123,,,,client-2-3,Remove,11156183,200,28059
client,client_request,completed,1777553794500977,2,,,1777553794472280,1777553794500977,1777553794472280,1777553794500977,,,,client-2-3,Remove,-4262553,200,28697
client,client_request,completed,1777553794529872,2,,,1777553794501340,1777553794529872,1777553794501340,1777553794529872,,,,client-2-3,Remove,-8604413,200,28532
client,client_request,completed,1777553794557804,2,,,1777553794530221,1777553794557804,1777553794530221,1777553794557804,,,,client-2-3,Insert,-14699027,200,27583
client,client_request,completed,1777553794586383,2,,,1777553794557901,1777553794586383,1777553794557901,1777553794586383,,,,client-2-3,Insert,-10948282,200,28482
client,client_request,completed,1777553794615635,2,,,1777553794586481,1777553794615635,1777553794586481,1777553794615635,,,,client-2-3,Remove,-6206915,200,29154
client,client_request,completed,1777553794643804,2,,,1777553794615975,1777553794643804,1777553794615975,1777553794643804,,,,client-2-3,Insert,6077633,200,27829
client,client_request,completed,1777553794672881,2,,,1777553794643924,1777553794672881,1777553794643924,1777553794672881,,,,client-2-3,Remove,10261002,200,28957
client,client_request,completed,1777553794700885,2,,,1777553794673024,1777553794700885,1777553794673024,1777553794700885,,,,client-2-3,Remove,6406406,200,27861
client,client_request,completed,1777553794730614,2,,,1777553794701256,1777553794730614,1777553794701256,1777553794730614,,,,client-2-3,Insert,13686365,200,29358
client,client_request,completed,1777553794759543,2,,,1777553794730960,1777553794759543,1777553794730960,1777553794759543,,,,client-2-3,Insert,14025583,200,28583
client,client_request,completed,1777553794851577,2,,,1777553794759749,1777553794851577,1777553794759749,1777553794851577,,,,client-2-3,Insert,11182025,200,91828
client,client_request,completed,1777553794880072,2,,,1777553794851786,1777553794880072,1777553794851786,1777553794880072,,,,client-2-3,Remove,2041431,200,28286
client,client_request,completed,1777553794908807,2,,,1777553794880221,1777553794908807,1777553794880221,1777553794908807,,,,client-2-3,Remove,-6375595,200,28586
client,client_request,completed,1777553794937681,2,,,1777553794909150,1777553794937681,1777553794909150,1777553794937681,,,,client-2-3,Remove,13445381,200,28531
client,client_request,completed,1777553795019501,2,,,1777553794937810,1777553795019501,1777553794937810,1777553795019501,,,,client-2-3,Insert,-6233375,200,81691
client,client_request,completed,1777553795032070,2,,,1777553795019617,1777553795032070,1777553795019617,1777553795032070,,,,client-2-3,Insert,-8401064,200,12453
client,client_request,completed,1777553795045303,2,,,1777553795032384,1777553795045303,1777553795032384,1777553795045303,,,,client-2-3,Remove,-7435281,200,12919
client,client_request,completed,1777553795054142,2,,,1777553795045363,1777553795054142,1777553795045363,1777553795054142,,,,client-2-3,Insert,-12874900,200,8779
client,client_request,completed,1777553795065471,2,,,1777553795054563,1777553795065471,1777553795054563,1777553795065471,,,,client-2-3,Insert,5921158,200,10908
client,client_request,completed,1777553795078195,2,,,1777553795065535,1777553795078195,1777553795065535,1777553795078195,,,,client-2-3,Insert,-285111,200,12660
client,client_request,completed,1777553795091154,2,,,1777553795078334,1777553795091154,1777553795078334,1777553795091154,,,,client-2-3,Insert,15674300,200,12820
client,client_request,completed,1777553795104128,2,,,1777553795091401,1777553795104128,1777553795091401,1777553795104128,,,,client-2-3,Insert,8770938,200,12727
client,client_request,completed,1777553795118584,2,,,1777553795104890,1777553795118584,1777553795104890,1777553795118584,,,,client-2-3,Remove,1484300,200,13694
client,client_request,completed,1777553795129862,2,,,1777553795118783,1777553795129862,1777553795118783,1777553795129862,,,,client-2-3,Remove,12230728,200,11079
client,client_request,completed,1777553795144359,2,,,1777553795132699,1777553795144359,1777553795132699,1777553795144359,,,,client-2-3,Remove,16635635,200,11660
client,client_request,completed,1777553795157672,2,,,1777553795145252,1777553795157672,1777553795145252,1777553795157672,,,,client-2-3,Insert,-2852428,200,12420
client,client_request,completed,1777553795172260,2,,,1777553795157776,1777553795172260,1777553795157776,1777553795172260,,,,client-2-3,Insert,-1818304,200,14484
client,client_request,completed,1777553795185148,2,,,1777553795172566,1777553795185148,1777553795172566,1777553795185148,,,,client-2-3,Insert,12325933,200,12582
client,client_request,completed,1777553795197728,2,,,1777553795186376,1777553795197728,1777553795186376,1777553795197728,,,,client-2-3,Insert,-16356241,200,11352
client,client_request,completed,1777553795213467,2,,,1777553795198227,1777553795213467,1777553795198227,1777553795213467,,,,client-2-3,Remove,-8235251,200,15240
client,client_request,completed,1777553795227488,2,,,1777553795214968,1777553795227488,1777553795214968,1777553795227488,,,,client-2-3,Remove,7316384,200,12520
client,client_request,completed,1777553795247981,2,,,1777553795227584,1777553795247981,1777553795227584,1777553795247981,,,,client-2-3,Insert,4341262,200,20397
client,client_request,completed,1777553795260603,2,,,1777553795248153,1777553795260603,1777553795248153,1777553795260603,,,,client-2-3,Insert,-10104853,200,12450
client,client_request,completed,1777553795275651,2,,,1777553795260712,1777553795275651,1777553795260712,1777553795275651,,,,client-2-3,Insert,-12685707,200,14939
client,client_request,completed,1777553795284824,2,,,1777553795275766,1777553795284824,1777553795275766,1777553795284824,,,,client-2-3,Remove,9959120,200,9058
client,client_request,completed,1777553795294459,2,,,1777553795286484,1777553795294459,1777553795286484,1777553795294459,,,,client-2-3,Remove,-3558442,200,7975
client,client_request,completed,1777553795305606,2,,,1777553795294557,1777553795305606,1777553795294557,1777553795305606,,,,client-2-3,Remove,8853287,200,11049
client,client_request,completed,1777553795318492,2,,,1777553795305845,1777553795318492,1777553795305845,1777553795318492,,,,client-2-3,Insert,14235734,200,12647
client,client_request,completed,1777553795331789,2,,,1777553795319212,1777553795331789,1777553795319212,1777553795331789,,,,client-2-3,Remove,14160353,200,12577
client,client_request,completed,1777553795343766,2,,,1777553795332496,1777553795343766,1777553795332496,1777553795343766,,,,client-2-3,Insert,8336133,200,11270
client,client_request,completed,1777553795358744,2,,,1777553795344606,1777553795358744,1777553795344606,1777553795358744,,,,client-2-3,Insert,-5442452,200,14138
client,client_request,completed,1777553795369576,2,,,1777553795359397,1777553795369576,1777553795359397,1777553795369576,,,,client-2-3,Insert,-3028934,200,10179
client,client_request,completed,1777553795380348,2,,,1777553795370341,1777553795380348,1777553795370341,1777553795380348,,,,client-2-3,Insert,1263260,200,10007
client,client_request,completed,1777553795393269,2,,,1777553795380566,1777553795393269,1777553795380566,1777553795393269,,,,client-2-3,Remove,402770,200,12703
client,client_request,completed,1777553795406633,2,,,1777553795393757,1777553795406633,1777553795393757,1777553795406633,,,,client-2-3,Remove,11321116,200,12876
client,client_request,completed,1777553795420997,2,,,1777553795407243,1777553795420997,1777553795407243,1777553795420997,,,,client-2-3,Remove,4482667,200,13754
client,client_request,completed,1777553795433557,2,,,1777553795421906,1777553795433557,1777553795421906,1777553795433557,,,,client-2-3,Insert,15722749,200,11651
client,client_request,completed,1777553795447519,2,,,1777553795434338,1777553795447519,1777553795434338,1777553795447519,,,,client-2-3,Insert,5104188,200,13181
client,client_request,completed,1777553795462568,2,,,1777553795449377,1777553795462568,1777553795449377,1777553795462568,,,,client-2-3,Remove,-12133303,200,13191
client,client_request,completed,1777553795473705,2,,,1777553795463719,1777553795473705,1777553795463719,1777553795473705,,,,client-2-3,Remove,5004550,200,9986
client,client_request,completed,1777553795485856,2,,,1777553795474682,1777553795485856,1777553795474682,1777553795485856,,,,client-2-3,Remove,2603383,200,11174
client,client_request,completed,1777553795498607,2,,,1777553795485959,1777553795498607,1777553795485959,1777553795498607,,,,client-2-3,Insert,-8594875,200,12648
client,client_request,completed,1777553795510002,2,,,1777553795499410,1777553795510002,1777553795499410,1777553795510002,,,,client-2-3,Remove,12160384,200,10592
client,client_request,completed,1777553795523207,2,,,1777553795511274,1777553795523207,1777553795511274,1777553795523207,,,,client-2-3,Remove,1941626,200,11933
client,client_request,completed,1777553795534910,2,,,1777553795524216,1777553795534910,1777553795524216,1777553795534910,,,,client-2-3,Remove,6783124,200,10694
client,client_request,completed,1777553795554750,2,,,1777553795536474,1777553795554750,1777553795536474,1777553795554750,,,,client-2-3,Insert,11138825,200,18276
client,client_request,completed,1777553795566498,2,,,1777553795554846,1777553795566498,1777553795554846,1777553795566498,,,,client-2-3,Insert,13237854,200,11652
client,client_request,completed,1777553795578444,2,,,1777553795566594,1777553795578444,1777553795566594,1777553795578444,,,,client-2-3,Insert,2909159,200,11850
client,client_request,completed,1777553795590394,2,,,1777553795578540,1777553795590394,1777553795578540,1777553795590394,,,,client-2-3,Remove,-12814834,200,11854
client,client_request,completed,1777553795602324,2,,,1777553795590490,1777553795602324,1777553795590490,1777553795602324,,,,client-2-3,Insert,-1734121,200,11834
client,client_request,completed,1777553795614492,2,,,1777553795602421,1777553795614492,1777553795602421,1777553795614492,,,,client-2-3,Remove,66219,200,12071
client,client_request,completed,1777553795629007,2,,,1777553795614667,1777553795629007,1777553795614667,1777553795629007,,,,client-2-3,Insert,-12949712,200,14340
client,client_request,completed,1777553795643802,2,,,1777553795629422,1777553795643802,1777553795629422,1777553795643802,,,,client-2-3,Insert,-6711548,200,14380
client,client_request,completed,1777553795656076,2,,,1777553795645196,1777553795656076,1777553795645196,1777553795656076,,,,client-2-3,Remove,641385,200,10880
client,client_request,completed,1777553795668722,2,,,1777553795656684,1777553795668722,1777553795656684,1777553795668722,,,,client-2-3,Remove,12082816,200,12038
client,client_request,completed,1777553795680314,2,,,1777553795669226,1777553795680314,1777553795669226,1777553795680314,,,,client-2-3,Insert,13598606,200,11088
client,client_request,completed,1777553795697961,2,,,1777553795682747,1777553795697961,1777553795682747,1777553795697961,,,,client-2-3,Remove,826413,200,15214
client,client_request,completed,1777553795709093,2,,,1777553795698900,1777553795709093,1777553795698900,1777553795709093,,,,client-2-3,Insert,9080305,200,10193
client,client_request,completed,1777553795726962,2,,,1777553795710521,1777553795726962,1777553795710521,1777553795726962,,,,client-2-3,Remove,11922379,200,16441
client,client_request,completed,1777553795739288,2,,,1777553795727305,1777553795739288,1777553795727305,1777553795739288,,,,client-2-3,Remove,-2903905,200,11983
client,client_request,completed,1777553795751516,2,,,1777553795739904,1777553795751516,1777553795739904,1777553795751516,,,,client-2-3,Insert,16775403,200,11612
client,client_request,completed,1777553795766436,2,,,1777553795751632,1777553795766436,1777553795751632,1777553795766436,,,,client-2-3,Remove,4383712,200,14804
client,client_request,completed,1777553795841129,2,,,1777553795768156,1777553795841129,1777553795768156,1777553795841129,,,,client-2-3,Remove,13885471,200,72973
client,client_request,completed,1777553795853773,2,,,1777553795841264,1777553795853773,1777553795841264,1777553795853773,,,,client-2-3,Remove,14339591,200,12509
client,client_request,completed,1777553795866287,2,,,1777553795853926,1777553795866287,1777553795853926,1777553795866287,,,,client-2-3,Remove,-12779418,200,12361
client,client_request,completed,1777553795878850,2,,,1777553795866743,1777553795878850,1777553795866743,1777553795878850,,,,client-2-3,Remove,-8626251,200,12107
client,client_request,completed,1777553795891116,2,,,1777553795879220,1777553795891116,1777553795879220,1777553795891116,,,,client-2-3,Remove,-10064660,200,11896
client,client_request,completed,1777553795903086,2,,,1777553795891599,1777553795903086,1777553795891599,1777553795903086,,,,client-2-3,Insert,3508318,200,11487
client,client_request,completed,1777553795916487,2,,,1777553795903484,1777553795916487,1777553795903484,1777553795916487,,,,client-2-3,Remove,12086169,200,13003
client,client_request,completed,1777553795929185,2,,,1777553795917742,1777553795929185,1777553795917742,1777553795929185,,,,client-2-3,Insert,6094506,200,11443
client,client_request,completed,1777553795941182,2,,,1777553795929687,1777553795941182,1777553795929687,1777553795941182,,,,client-2-3,Insert,8038661,200,11495
client,client_request,completed,1777553795954453,2,,,1777553795941743,1777553795954453,1777553795941743,1777553795954453,,,,client-2-3,Remove,14857090,200,12710
client,client_request,completed,1777553795968771,2,,,1777553795954570,1777553795968771,1777553795954570,1777553795968771,,,,client-2-3,Insert,-12641953,200,14201
client,client_request,completed,1777553795980546,2,,,1777553795969179,1777553795980546,1777553795969179,1777553795980546,,,,client-2-3,Insert,3137151,200,11367
client,client_request,completed,1777553795993585,2,,,1777553795981106,1777553795993585,1777553795981106,1777553795993585,,,,client-2-3,Remove,674411,200,12479
client,client_request,completed,1777553796007226,2,,,1777553795993849,1777553796007226,1777553795993849,1777553796007226,,,,client-2-3,Insert,-3005656,200,13377
client,client_request,completed,1777553796019753,2,,,1777553796007373,1777553796019753,1777553796007373,1777553796019753,,,,client-2-3,Insert,12476783,200,12380
client,client_request,completed,1777553796032273,2,,,1777553796020621,1777553796032273,1777553796020621,1777553796032273,,,,client-2-3,Insert,4347594,200,11652
client,client_request,completed,1777553796044660,2,,,1777553796033160,1777553796044660,1777553796033160,1777553796044660,,,,client-2-3,Remove,14808248,200,11500
client,client_request,completed,1777553796056256,2,,,1777553796045320,1777553796056256,1777553796045320,1777553796056256,,,,client-2-3,Remove,-8082727,200,10936
client,client_request,completed,1777553796069936,2,,,1777553796056362,1777553796069936,1777553796056362,1777553796069936,,,,client-2-3,Insert,-4560523,200,13574
client,client_request,completed,1777553796082283,2,,,1777553796070051,1777553796082283,1777553796070051,1777553796082283,,,,client-2-3,Remove,-12682578,200,12232
client,client_request,completed,1777553796097148,2,,,1777553796082874,1777553796097148,1777553796082874,1777553796097148,,,,client-2-3,Insert,1465674,200,14274
client,client_request,completed,1777553796108371,2,,,1777553796097264,1777553796108371,1777553796097264,1777553796108371,,,,client-2-3,Remove,1423432,200,11107
client,client_request,completed,1777553796120383,2,,,1777553796108486,1777553796120383,1777553796108486,1777553796120383,,,,client-2-3,Insert,-684996,200,11897
client,client_request,completed,1777553796133702,2,,,1777553796120887,1777553796133702,1777553796120887,1777553796133702,,,,client-2-3,Insert,-13462407,200,12815
client,client_request,completed,1777553796149380,2,,,1777553796134154,1777553796149380,1777553796134154,1777553796149380,,,,client-2-3,Insert,-5509589,200,15226
client,client_request,completed,1777553796161478,2,,,1777553796151772,1777553796161478,1777553796151772,1777553796161478,,,,client-2-3,Remove,8593948,200,9706
client,client_request,completed,1777553796173343,2,,,1777553796161596,1777553796173343,1777553796161596,1777553796173343,,,,client-2-3,Insert,-7464228,200,11747
client,client_request,completed,1777553796185255,2,,,1777553796173464,1777553796185255,1777553796173464,1777553796185255,,,,client-2-3,Insert,3330145,200,11791
client,client_request,completed,1777553796197729,2,,,1777553796185651,1777553796197729,1777553796185651,1777553796197729,,,,client-2-3,Insert,-9947292,200,12078
client,client_request,completed,1777553796209704,2,,,1777553796198580,1777553796209704,1777553796198580,1777553796209704,,,,client-2-3,Insert,-1584514,200,11124
client,client_request,completed,1777553796224950,2,,,1777553796209814,1777553796224950,1777553796209814,1777553796224950,,,,client-2-3,Remove,4902291,200,15136
client,client_request,completed,1777553796238357,2,,,1777553796227219,1777553796238357,1777553796227219,1777553796238357,,,,client-2-3,Remove,9947092,200,11138
client,client_request,completed,1777553796248162,2,,,1777553796239393,1777553796248162,1777553796239393,1777553796248162,,,,client-2-3,Remove,15008725,200,8769
client,client_request,completed,1777553796263101,2,,,1777553796250207,1777553796263101,1777553796250207,1777553796263101,,,,client-2-3,Remove,-12811554,200,12894
client,client_request,completed,1777553796274394,2,,,1777553796263212,1777553796274394,1777553796263212,1777553796274394,,,,client-2-3,Insert,1750420,200,11182
client,client_request,completed,1777553796284889,2,,,1777553796276398,1777553796284889,1777553796276398,1777553796284889,,,,client-2-3,Insert,-4423481,200,8491
client,client_request,completed,1777553796297983,2,,,1777553796285095,1777553796297983,1777553796285095,1777553796297983,,,,client-2-3,Insert,3640463,200,12888
client,client_request,completed,1777553796311461,2,,,1777553796298123,1777553796311461,1777553796298123,1777553796311461,,,,client-2-3,Insert,-6305765,200,13338
client,client_request,completed,1777553796323911,2,,,1777553796311571,1777553796323911,1777553796311571,1777553796323911,,,,client-2-3,Insert,15124797,200,12340
client,client_request,completed,1777553796337466,2,,,1777553796324472,1777553796337466,1777553796324472,1777553796337466,,,,client-2-3,Insert,-1944264,200,12994
client,client_request,completed,1777553796349937,2,,,1777553796337580,1777553796349937,1777553796337580,1777553796349937,,,,client-2-3,Insert,-5830900,200,12357
client,client_request,completed,1777553796362385,2,,,1777553796350046,1777553796362385,1777553796350046,1777553796362385,,,,client-2-3,Insert,9742129,200,12339
client,client_request,completed,1777553796374808,2,,,1777553796362603,1777553796374808,1777553796362603,1777553796374808,,,,client-2-3,Remove,10034494,200,12205
client,client_request,completed,1777553796387521,2,,,1777553796374916,1777553796387521,1777553796374916,1777553796387521,,,,client-2-3,Insert,3834719,200,12605
client,client_request,completed,1777553796399387,2,,,1777553796387649,1777553796399387,1777553796387649,1777553796399387,,,,client-2-3,Remove,-6329131,200,11738
client,client_request,completed,1777553796413321,2,,,1777553796399746,1777553796413321,1777553796399746,1777553796413321,,,,client-2-3,Remove,-951968,200,13575
client,client_request,completed,1777553796426732,2,,,1777553796413484,1777553796426732,1777553796413484,1777553796426732,,,,client-2-3,Insert,158809,200,13248
client,client_request,completed,1777553796439725,2,,,1777553796426860,1777553796439725,1777553796426860,1777553796439725,,,,client-2-3,Remove,15977809,200,12865
client,client_request,completed,1777553796453842,2,,,1777553796439936,1777553796453842,1777553796439936,1777553796453842,,,,client-2-3,Insert,-12262940,200,13906
client,client_request,completed,1777553796466476,2,,,1777553796453947,1777553796466476,1777553796453947,1777553796466476,,,,client-2-3,Remove,-15992135,200,12529
client,client_request,completed,1777553796480256,2,,,1777553796466585,1777553796480256,1777553796466585,1777553796480256,,,,client-2-3,Remove,341172,200,13671
client,client_request,completed,1777553796495513,2,,,1777553796481123,1777553796495513,1777553796481123,1777553796495513,,,,client-2-3,Insert,-9326704,200,14390
client,client_request,completed,1777553796507609,2,,,1777553796495809,1777553796507609,1777553796495809,1777553796507609,,,,client-2-3,Remove,-8719932,200,11800
client,client_request,completed,1777553796519142,2,,,1777553796508511,1777553796519142,1777553796508511,1777553796519142,,,,client-2-3,Remove,11858907,200,10631
client,client_request,completed,1777553796531527,2,,,1777553796519899,1777553796531527,1777553796519899,1777553796531527,,,,client-2-3,Insert,-10033220,200,11628
client,client_request,completed,1777553796544148,2,,,1777553796531897,1777553796544148,1777553796531897,1777553796544148,,,,client-2-3,Remove,7319201,200,12251
client,client_request,completed,1777553796556338,2,,,1777553796544750,1777553796556338,1777553796544750,1777553796556338,,,,client-2-3,Remove,15031821,200,11588
client,client_request,completed,1777553796568923,2,,,1777553796556435,1777553796568923,1777553796556435,1777553796568923,,,,client-2-3,Insert,-11166799,200,12488
client,client_request,completed,1777553796581436,2,,,1777553796569019,1777553796581436,1777553796569019,1777553796581436,,,,client-2-3,Insert,-9023734,200,12417
client,client_request,completed,1777553796594013,2,,,1777553796581533,1777553796594013,1777553796581533,1777553796594013,,,,client-2-3,Remove,6049011,200,12480
client,client_request,completed,1777553796606544,2,,,1777553796594109,1777553796606544,1777553796594109,1777553796606544,,,,client-2-3,Remove,-5234049,200,12435
client,client_request,completed,1777553796618879,2,,,1777553796606641,1777553796618879,1777553796606641,1777553796618879,,,,client-2-3,Insert,-4551811,200,12238
client,client_request,completed,1777553796631892,2,,,1777553796619347,1777553796631892,1777553796619347,1777553796631892,,,,client-2-3,Remove,-1725243,200,12545
client,client_request,completed,1777553796645427,2,,,1777553796632548,1777553796645427,1777553796632548,1777553796645427,,,,client-2-3,Remove,-10583059,200,12879
client,client_request,completed,1777553796657413,2,,,1777553796645840,1777553796657413,1777553796645840,1777553796657413,,,,client-2-3,Insert,-14684802,200,11573
client,client_request,completed,1777553796670286,2,,,1777553796657927,1777553796670286,1777553796657927,1777553796670286,,,,client-2-3,Insert,-2367836,200,12359
client,client_request,completed,1777553796684024,2,,,1777553796670806,1777553796684024,1777553796670806,1777553796684024,,,,client-2-3,Insert,8755348,200,13218
client,client_request,completed,1777553796696013,2,,,1777553796684553,1777553796696013,1777553796684553,1777553796696013,,,,client-2-3,Insert,-16049404,200,11460
client,client_request,completed,1777553796709844,2,,,1777553796697397,1777553796709844,1777553796697397,1777553796709844,,,,client-2-3,Remove,-13574982,200,12447
client,client_request,completed,1777553796720680,2,,,1777553796709943,1777553796720680,1777553796709943,1777553796720680,,,,client-2-3,Insert,-2320578,200,10737
client,client_request,completed,1777553796734401,2,,,1777553796721356,1777553796734401,1777553796721356,1777553796734401,,,,client-2-3,Insert,-10269471,200,13045
client,client_request,completed,1777553796748227,2,,,1777553796734662,1777553796748227,1777553796734662,1777553796748227,,,,client-2-3,Insert,-6482359,200,13565
client,client_request,completed,1777553796760033,2,,,1777553796748343,1777553796760033,1777553796748343,1777553796760033,,,,client-2-3,Remove,14530872,200,11690
client,client_request,completed,1777553796833500,2,,,1777553796760739,1777553796833500,1777553796760739,1777553796833500,,,,client-2-3,Remove,-3840349,200,72761
client,client_request,completed,1777553796847417,2,,,1777553796833713,1777553796847417,1777553796833713,1777553796847417,,,,client-2-3,Insert,-16520007,200,13704
client,client_request,completed,1777553796859968,2,,,1777553796847549,1777553796859968,1777553796847549,1777553796859968,,,,client-2-3,Remove,-11506242,200,12419
client,client_request,completed,1777553796873098,2,,,1777553796860481,1777553796873098,1777553796860481,1777553796873098,,,,client-2-3,Insert,-2542774,200,12617
client,client_request,completed,1777553796885765,2,,,1777553796873207,1777553796885765,1777553796873207,1777553796885765,,,,client-2-3,Insert,809597,200,12558
client,client_request,completed,1777553796899379,2,,,1777553796885889,1777553796899379,1777553796885889,1777553796899379,,,,client-2-3,Remove,-5534176,200,13490
client,client_request,completed,1777553796912283,2,,,1777553796899752,1777553796912283,1777553796899752,1777553796912283,,,,client-2-3,Insert,5321575,200,12531
client,client_request,completed,1777553796924325,2,,,1777553796912715,1777553796924325,1777553796912715,1777553796924325,,,,client-2-3,Insert,916862,200,11610
client,client_request,completed,1777553796937032,2,,,1777553796924750,1777553796937032,1777553796924750,1777553796937032,,,,client-2-3,Remove,-2141809,200,12282
client,client_request,completed,1777553796949990,2,,,1777553796937332,1777553796949990,1777553796937332,1777553796949990,,,,client-2-3,Remove,-10867725,200,12658
client,client_request,completed,1777553796962863,2,,,1777553796950198,1777553796962863,1777553796950198,1777553796962863,,,,client-2-3,Insert,-8515977,200,12665
client,client_request,completed,1777553796975780,2,,,1777553796962974,1777553796975780,1777553796962974,1777553796975780,,,,client-2-3,Insert,14763975,200,12806
client,client_request,completed,1777553796988430,2,,,1777553796975917,1777553796988430,1777553796975917,1777553796988430,,,,client-2-3,Remove,3888465,200,12513
client,client_request,completed,1777553797001442,2,,,1777553796988572,1777553797001442,1777553796988572,1777553797001442,,,,client-2-3,Remove,-5583690,200,12870
client,client_request,completed,1777553797014526,2,,,1777553797001650,1777553797014526,1777553797001650,1777553797014526,,,,client-2-3,Insert,7239199,200,12876
client,client_request,completed,1777553797027161,2,,,1777553797014637,1777553797027161,1777553797014637,1777553797027161,,,,client-2-3,Insert,4783748,200,12524
client,client_request,completed,1777553797040361,2,,,1777553797027571,1777553797040361,1777553797027571,1777553797040361,,,,client-2-3,Insert,7035463,200,12790
client,client_request,completed,1777553797052963,2,,,1777553797040491,1777553797052963,1777553797040491,1777553797052963,,,,client-2-3,Remove,1035891,200,12472
client,client_request,completed,1777553797065662,2,,,1777553797053192,1777553797065662,1777553797053192,1777553797065662,,,,client-2-3,Remove,11175713,200,12470
client,client_request,completed,1777553797078233,2,,,1777553797065793,1777553797078233,1777553797065793,1777553797078233,,,,client-2-3,Remove,-7584536,200,12440
client,client_request,completed,1777553797091417,2,,,1777553797078395,1777553797091417,1777553797078395,1777553797091417,,,,client-2-3,Remove,-9151587,200,13022
client,client_request,completed,1777553797104377,2,,,1777553797091622,1777553797104377,1777553797091622,1777553797104377,,,,client-2-3,Insert,212134,200,12755
client,client_request,completed,1777553797117078,2,,,1777553797104522,1777553797117078,1777553797104522,1777553797117078,,,,client-2-3,Remove,13966920,200,12556
client,client_request,completed,1777553797129882,2,,,1777553797117458,1777553797129882,1777553797117458,1777553797129882,,,,client-2-3,Remove,3470123,200,12424
client,client_request,completed,1777553797142282,2,,,1777553797130162,1777553797142282,1777553797130162,1777553797142282,,,,client-2-3,Insert,13356824,200,12120
client,client_request,completed,1777553797155209,2,,,1777553797142490,1777553797155209,1777553797142490,1777553797155209,,,,client-2-3,Insert,11116919,200,12719
client,client_request,completed,1777553797168249,2,,,1777553797155324,1777553797168249,1777553797155324,1777553797168249,,,,client-2-3,Insert,8867574,200,12925
client,client_request,completed,1777553797181037,2,,,1777553797168388,1777553797181037,1777553797168388,1777553797181037,,,,client-2-3,Insert,-8304429,200,12649
client,client_request,completed,1777553797194164,2,,,1777553797181149,1777553797194164,1777553797181149,1777553797194164,,,,client-2-3,Remove,-8786237,200,13015
client,client_request,completed,1777553797206914,2,,,1777553797194359,1777553797206914,1777553797194359,1777553797206914,,,,client-2-3,Insert,-3553102,200,12555
client,client_request,completed,1777553797219580,2,,,1777553797207258,1777553797219580,1777553797207258,1777553797219580,,,,client-2-3,Remove,2565162,200,12322
client,client_request,completed,1777553797232479,2,,,1777553797219797,1777553797232479,1777553797219797,1777553797232479,,,,client-2-3,Remove,-7979970,200,12682
client,client_request,completed,1777553797245340,2,,,1777553797232595,1777553797245340,1777553797232595,1777553797245340,,,,client-2-3,Insert,7508351,200,12745
client,client_request,completed,1777553797258549,2,,,1777553797245475,1777553797258549,1777553797245475,1777553797258549,,,,client-2-3,Remove,10802741,200,13074
client,client_request,completed,1777553797271070,2,,,1777553797258682,1777553797271070,1777553797258682,1777553797271070,,,,client-2-3,Remove,5938070,200,12388
client,client_request,completed,1777553797284069,2,,,1777553797271300,1777553797284069,1777553797271300,1777553797284069,,,,client-2-3,Insert,2374289,200,12769
client,client_request,completed,1777553797296730,2,,,1777553797284167,1777553797296730,1777553797284167,1777553797296730,,,,client-2-3,Insert,-4680020,200,12563
client,client_request,completed,1777553797309830,2,,,1777553797297167,1777553797309830,1777553797297167,1777553797309830,,,,client-2-3,Insert,8207757,200,12663
client,client_request,completed,1777553797322584,2,,,1777553797310179,1777553797322584,1777553797310179,1777553797322584,,,,client-2-3,Insert,-1317874,200,12405
client,client_request,completed,1777553797335352,2,,,1777553797323223,1777553797335352,1777553797323223,1777553797335352,,,,client-2-3,Remove,-1990472,200,12129
client,client_request,completed,1777553797348568,2,,,1777553797335713,1777553797348568,1777553797335713,1777553797348568,,,,client-2-3,Remove,-4013482,200,12855
client,client_request,completed,1777553797361442,2,,,1777553797349031,1777553797361442,1777553797349031,1777553797361442,,,,client-2-3,Insert,9691986,200,12411
client,client_request,completed,1777553797374442,2,,,1777553797361849,1777553797374442,1777553797361849,1777553797374442,,,,client-2-3,Remove,-15579833,200,12593
client,client_request,completed,1777553797387328,2,,,1777553797374552,1777553797387328,1777553797374552,1777553797387328,,,,client-2-3,Insert,7683328,200,12776
client,client_request,completed,1777553797400353,2,,,1777553797387442,1777553797400353,1777553797387442,1777553797400353,,,,client-2-3,Remove,12306300,200,12911
client,client_request,completed,1777553797413434,2,,,1777553797400477,1777553797413434,1777553797400477,1777553797413434,,,,client-2-3,Remove,-9550511,200,12957
client,client_request,completed,1777553797426622,2,,,1777553797413587,1777553797426622,1777553797413587,1777553797426622,,,,client-2-3,Insert,11352912,200,13035
client,client_request,completed,1777553797440072,2,,,1777553797426728,1777553797440072,1777553797426728,1777553797440072,,,,client-2-3,Remove,-5238866,200,13344
client,client_request,completed,1777553797453207,2,,,1777553797440548,1777553797453207,1777553797440548,1777553797453207,,,,client-2-3,Insert,8151862,200,12659
client,client_request,completed,1777553797466636,2,,,1777553797453309,1777553797466636,1777553797453309,1777553797466636,,,,client-2-3,Insert,12136164,200,13327
client,client_request,completed,1777553797480545,2,,,1777553797466920,1777553797480545,1777553797466920,1777553797480545,,,,client-2-3,Insert,8736222,200,13625
client,client_request,completed,1777553797495403,2,,,1777553797480706,1777553797495403,1777553797480706,1777553797495403,,,,client-2-3,Remove,-14090798,200,14697
client,client_request,completed,1777553797509283,2,,,1777553797495606,1777553797509283,1777553797495606,1777553797509283,,,,client-2-3,Remove,13074563,200,13677
client,client_request,completed,1777553797522930,2,,,1777553797509386,1777553797522930,1777553797509386,1777553797522930,,,,client-2-3,Insert,-16160666,200,13544
client,client_request,completed,1777553797536148,2,,,1777553797523285,1777553797536148,1777553797523285,1777553797536148,,,,client-2-3,Remove,-9193252,200,12863
client,client_request,completed,1777553797549196,2,,,1777553797536632,1777553797549196,1777553797536632,1777553797549196,,,,client-2-3,Insert,-9990949,200,12564
client,client_request,completed,1777553797562238,2,,,1777553797549287,1777553797562238,1777553797549287,1777553797562238,,,,client-2-3,Remove,16523450,200,12951
client,client_request,completed,1777553797575205,2,,,1777553797562332,1777553797575205,1777553797562332,1777553797575205,,,,client-2-3,Remove,-4968886,200,12873
client,client_request,completed,1777553797588158,2,,,1777553797575302,1777553797588158,1777553797575302,1777553797588158,,,,client-2-3,Remove,1537560,200,12856
client,client_request,completed,1777553797601202,2,,,1777553797588305,1777553797601202,1777553797588305,1777553797601202,,,,client-2-3,Insert,-11399385,200,12897
client,client_request,completed,1777553797614620,2,,,1777553797601293,1777553797614620,1777553797601293,1777553797614620,,,,client-2-3,Remove,-9347244,200,13327
client,client_request,completed,1777553797627982,2,,,1777553797614733,1777553797627982,1777553797614733,1777553797627982,,,,client-2-3,Insert,-6480443,200,13249
client,client_request,completed,1777553797641007,2,,,1777553797628170,1777553797641007,1777553797628170,1777553797641007,,,,client-2-3,Insert,4327484,200,12837
client,client_request,completed,1777553797654444,2,,,1777553797641329,1777553797654444,1777553797641329,1777553797654444,,,,client-2-3,Insert,-9227719,200,13115
client,client_request,completed,1777553797667959,2,,,1777553797654809,1777553797667959,1777553797654809,1777553797667959,,,,client-2-3,Insert,1412407,200,13150
client,client_request,completed,1777553797680886,2,,,1777553797668082,1777553797680886,1777553797668082,1777553797680886,,,,client-2-3,Insert,-8883481,200,12804
client,client_request,completed,1777553797694509,2,,,1777553797681081,1777553797694509,1777553797681081,1777553797694509,,,,client-2-3,Remove,13267401,200,13428
client,client_request,completed,1777553797707591,2,,,1777553797694790,1777553797707591,1777553797694790,1777553797707591,,,,client-2-3,Insert,12548170,200,12801
client,client_request,completed,1777553797721366,2,,,1777553797708153,1777553797721366,1777553797708153,1777553797721366,,,,client-2-3,Insert,4431866,200,13213
client,client_request,completed,1777553797735116,2,,,1777553797721598,1777553797735116,1777553797721598,1777553797735116,,,,client-2-3,Remove,7741660,200,13518
client,client_request,completed,1777553797747995,2,,,1777553797735229,1777553797747995,1777553797735229,1777553797747995,,,,client-2-3,Remove,4420753,200,12766
client,client_request,completed,1777553797762104,2,,,1777553797748469,1777553797762104,1777553797748469,1777553797762104,,,,client-2-3,Remove,-6035001,200,13635
client,client_request,completed,1777553797836279,2,,,1777553797762217,1777553797836279,1777553797762217,1777553797836279,,,,client-2-3,Remove,-2007469,200,74062
client,client_request,completed,1777553797850881,2,,,1777553797836420,1777553797850881,1777553797836420,1777553797850881,,,,client-2-3,Remove,13986132,200,14461
client,client_request,completed,1777553797864192,2,,,1777553797851204,1777553797864192,1777553797851204,1777553797864192,,,,client-2-3,Insert,6388679,200,12988
client,client_request,completed,1777553797877350,2,,,1777553797864535,1777553797877350,1777553797864535,1777553797877350,,,,client-2-3,Remove,12265584,200,12815
client,client_request,completed,1777553797890226,2,,,1777553797877466,1777553797890226,1777553797877466,1777553797890226,,,,client-2-3,Remove,12809380,200,12760
client,client_request,completed,1777553797903220,2,,,1777553797890290,1777553797903220,1777553797890290,1777553797903220,,,,client-2-3,Insert,-8562464,200,12930
client,client_request,completed,1777553797915943,2,,,1777553797903370,1777553797915943,1777553797903370,1777553797915943,,,,client-2-3,Remove,15215997,200,12573
client,client_request,completed,1777553797929142,2,,,1777553797916022,1777553797929142,1777553797916022,1777553797929142,,,,client-2-3,Insert,3096704,200,13120
client,client_request,completed,1777553797942513,2,,,1777553797929225,1777553797942513,1777553797929225,1777553797942513,,,,client-2-3,Remove,8745376,200,13288
client,client_request,completed,1777553797955588,2,,,1777553797942828,1777553797955588,1777553797942828,1777553797955588,,,,client-2-3,Remove,5503564,200,12760
client,client_request,completed,1777553797968967,2,,,1777553797955666,1777553797968967,1777553797955666,1777553797968967,,,,client-2-3,Remove,1336562,200,13301
client,client_request,completed,1777553797982378,2,,,1777553797969068,1777553797982378,1777553797969068,1777553797982378,,,,client-2-3,Remove,-3272481,200,13310
client,client_request,completed,1777553797995916,2,,,1777553797982538,1777553797995916,1777553797982538,1777553797995916,,,,client-2-3,Insert,10464793,200,13378
client,client_request,completed,1777553798009127,2,,,1777553797995982,1777553798009127,1777553797995982,1777553798009127,,,,client-2-3,Insert,7550579,200,13145
client,client_request,completed,1777553798022551,2,,,1777553798009268,1777553798022551,1777553798009268,1777553798022551,,,,client-2-3,Remove,3970790,200,13283
client,client_request,completed,1777553798036237,2,,,1777553798022608,1777553798036237,1777553798022608,1777553798036237,,,,client-2-3,Insert,-15735535,200,13629
client,client_request,completed,1777553798049486,2,,,1777553798036564,1777553798049486,1777553798036564,1777553798049486,,,,client-2-3,Insert,3073286,200,12922
client,client_request,completed,1777553798062817,2,,,1777553798049912,1777553798062817,1777553798049912,1777553798062817,,,,client-2-3,Insert,12209157,200,12905
client,client_request,completed,1777553798076239,2,,,1777553798063133,1777553798076239,1777553798063133,1777553798076239,,,,client-2-3,Remove,-11276193,200,13106
client,client_request,completed,1777553798089740,2,,,1777553798076569,1777553798089740,1777553798076569,1777553798089740,,,,client-2-3,Remove,-10791545,200,13171
client,client_request,completed,1777553798102670,2,,,1777553798089799,1777553798102670,1777553798089799,1777553798102670,,,,client-2-3,Insert,-4393177,200,12871
client,client_request,completed,1777553798116000,2,,,1777553798102723,1777553798116000,1777553798102723,1777553798116000,,,,client-2-3,Remove,-16450032,200,13277
client,client_request,completed,1777553798129460,2,,,1777553798116084,1777553798129460,1777553798116084,1777553798129460,,,,client-2-3,Insert,7374145,200,13376
client,client_request,completed,1777553798143106,2,,,1777553798129524,1777553798143106,1777553798129524,1777553798143106,,,,client-2-3,Remove,13637446,200,13582
client,client_request,completed,1777553798156396,2,,,1777553798143173,1777553798156396,1777553798143173,1777553798156396,,,,client-2-3,Insert,-14921660,200,13223
client,client_request,completed,1777553798169799,2,,,1777553798156458,1777553798169799,1777553798156458,1777553798169799,,,,client-2-3,Insert,4517210,200,13341
client,client_request,completed,1777553798183129,2,,,1777553798169867,1777553798183129,1777553798169867,1777553798183129,,,,client-2-3,Insert,-5316792,200,13262
client,client_request,completed,1777553798196078,2,,,1777553798183348,1777553798196078,1777553798183348,1777553798196078,,,,client-2-3,Remove,6481969,200,12730
client,client_request,completed,1777553798209888,2,,,1777553798196162,1777553798209888,1777553798196162,1777553798209888,,,,client-2-3,Insert,-5665617,200,13726
client,client_request,completed,1777553798223651,2,,,1777553798209944,1777553798223651,1777553798209944,1777553798223651,,,,client-2-3,Insert,-5969249,200,13707
client,client_request,completed,1777553798238172,2,,,1777553798223714,1777553798238172,1777553798223714,1777553798238172,,,,client-2-3,Remove,16003487,200,14458
client,client_request,completed,1777553798251791,2,,,1777553798238497,1777553798251791,1777553798238497,1777553798251791,,,,client-2-3,Remove,-1718822,200,13294
client,client_request,completed,1777553798265600,2,,,1777553798251945,1777553798265600,1777553798251945,1777553798265600,,,,client-2-3,Insert,1661982,200,13655
client,client_request,completed,1777553798279114,2,,,1777553798265923,1777553798279114,1777553798265923,1777553798279114,,,,client-2-3,Insert,-10771094,200,13191
client,client_request,completed,1777553798292245,2,,,1777553798279427,1777553798292245,1777553798279427,1777553798292245,,,,client-2-3,Insert,-11056111,200,12818
client,client_request,completed,1777553798305877,2,,,1777553798292308,1777553798305877,1777553798292308,1777553798305877,,,,client-2-3,Remove,676591,200,13569
client,client_request,completed,1777553798319314,2,,,1777553798306008,1777553798319314,1777553798306008,1777553798319314,,,,client-2-3,Insert,6037150,200,13306
client,client_request,completed,1777553798333148,2,,,1777553798319397,1777553798333148,1777553798319397,1777553798333148,,,,client-2-3,Remove,-4276345,200,13751
client,client_request,completed,1777553798346939,2,,,1777553798333481,1777553798346939,1777553798333481,1777553798346939,,,,client-2-3,Insert,16713115,200,13458
client,client_request,completed,1777553798360609,2,,,1777553798347016,1777553798360609,1777553798347016,1777553798360609,,,,client-2-3,Remove,-9999611,200,13593
client,client_request,completed,1777553798374294,2,,,1777553798360936,1777553798374294,1777553798360936,1777553798374294,,,,client-2-3,Remove,808434,200,13358
client,client_request,completed,1777553798387708,2,,,1777553798374523,1777553798387708,1777553798374523,1777553798387708,,,,client-2-3,Insert,6562761,200,13185
client,client_request,completed,1777553798401218,2,,,1777553798388023,1777553798401218,1777553798388023,1777553798401218,,,,client-2-3,Remove,1177493,200,13195
client,client_request,completed,1777553798415075,2,,,1777553798401533,1777553798415075,1777553798401533,1777553798415075,,,,client-2-3,Remove,7494280,200,13542
client,client_request,completed,1777553798428286,2,,,1777553798415390,1777553798428286,1777553798415390,1777553798428286,,,,client-2-3,Remove,6037246,200,12896
client,client_request,completed,1777553798441979,2,,,1777553798428507,1777553798441979,1777553798428507,1777553798441979,,,,client-2-3,Insert,13114918,200,13472
client,client_request,completed,1777553798455427,2,,,1777553798442062,1777553798455427,1777553798442062,1777553798455427,,,,client-2-3,Insert,3613477,200,13365
client,client_request,completed,1777553798469014,2,,,1777553798455510,1777553798469014,1777553798455510,1777553798469014,,,,client-2-3,Insert,1662984,200,13504
client,client_request,completed,1777553798482533,2,,,1777553798469105,1777553798482533,1777553798469105,1777553798482533,,,,client-2-3,Insert,4232038,200,13428
client,client_request,completed,1777553798496073,2,,,1777553798482663,1777553798496073,1777553798482663,1777553798496073,,,,client-2-3,Remove,9350160,200,13410
client,client_request,completed,1777553798518503,2,,,1777553798496154,1777553798518503,1777553798496154,1777553798518503,,,,client-2-3,Insert,12185221,200,22349
client,client_request,completed,1777553798533708,2,,,1777553798518647,1777553798533708,1777553798518647,1777553798533708,,,,client-2-3,Insert,-7684564,200,15061
client,client_request,completed,1777553798548165,2,,,1777553798534062,1777553798548165,1777553798534062,1777553798548165,,,,client-2-3,Insert,300783,200,14103
client,client_request,completed,1777553798562044,2,,,1777553798548278,1777553798562044,1777553798548278,1777553798562044,,,,client-2-3,Remove,13184814,200,13766
client,client_request,completed,1777553798575703,2,,,1777553798562141,1777553798575703,1777553798562141,1777553798575703,,,,client-2-3,Remove,-6077051,200,13562
client,client_request,completed,1777553798589628,2,,,1777553798575799,1777553798589628,1777553798575799,1777553798589628,,,,client-2-3,Insert,2751166,200,13829
client,client_request,completed,1777553798603592,2,,,1777553798589723,1777553798603592,1777553798589723,1777553798603592,,,,client-2-3,Remove,4523475,200,13869
client,client_request,completed,1777553798617437,2,,,1777553798603690,1777553798617437,1777553798603690,1777553798617437,,,,client-2-3,Remove,4248896,200,13747
client,client_request,completed,1777553798631308,2,,,1777553798617566,1777553798631308,1777553798617566,1777553798631308,,,,client-2-3,Insert,4943636,200,13742
client,client_request,completed,1777553798645011,2,,,1777553798631417,1777553798645011,1777553798631417,1777553798645011,,,,client-2-3,Insert,15237927,200,13594
client,client_request,completed,1777553798658670,2,,,1777553798645372,1777553798658670,1777553798645372,1777553798658670,,,,client-2-3,Insert,14585690,200,13298
client,client_request,completed,1777553798672374,2,,,1777553798658780,1777553798672374,1777553798658780,1777553798672374,,,,client-2-3,Insert,-15362333,200,13594
client,client_request,completed,1777553798686391,2,,,1777553798672505,1777553798686391,1777553798672505,1777553798686391,,,,client-2-3,Insert,-15285732,200,13886
client,client_request,completed,1777553798700406,2,,,1777553798686788,1777553798700406,1777553798686788,1777553798700406,,,,client-2-3,Insert,14185687,200,13618
client,client_request,completed,1777553798714338,2,,,1777553798700619,1777553798714338,1777553798700619,1777553798714338,,,,client-2-3,Insert,15078043,200,13719
client,client_request,completed,1777553798728424,2,,,1777553798714552,1777553798728424,1777553798714552,1777553798728424,,,,client-2-3,Insert,-12649305,200,13872
client,client_request,completed,1777553798742388,2,,,1777553798728632,1777553798742388,1777553798728632,1777553798742388,,,,client-2-3,Insert,10580427,200,13756
client,client_request,completed,1777553798756227,2,,,1777553798742743,1777553798756227,1777553798742743,1777553798756227,,,,client-2-3,Remove,-14097777,200,13484
client,client_request,completed,1777553798770232,2,,,1777553798756590,1777553798770232,1777553798756590,1777553798770232,,,,client-2-3,Insert,-2886428,200,13642
client,client_request,completed,1777553798847425,2,,,1777553798770451,1777553798847425,1777553798770451,1777553798847425,,,,client-2-3,Insert,3737808,200,76974
client,client_request,completed,1777553798861330,2,,,1777553798847531,1777553798861330,1777553798847531,1777553798861330,,,,client-2-3,Remove,-11023354,200,13799
client,client_request,completed,1777553798875372,2,,,1777553798861459,1777553798875372,1777553798861459,1777553798875372,,,,client-2-3,Remove,16617035,200,13913
client,client_request,completed,1777553798889206,2,,,1777553798875488,1777553798889206,1777553798875488,1777553798889206,,,,client-2-3,Insert,14618385,200,13718
client,client_request,completed,1777553798902847,2,,,1777553798889564,1777553798902847,1777553798889564,1777553798902847,,,,client-2-3,Remove,-14066759,200,13283
client,client_request,completed,1777553798916601,2,,,1777553798903280,1777553798916601,1777553798903280,1777553798916601,,,,client-2-3,Insert,-16764331,200,13321
client,client_request,completed,1777553798930604,2,,,1777553798916736,1777553798930604,1777553798916736,1777553798930604,,,,client-2-3,Insert,15144763,200,13868
client,client_request,completed,1777553798944366,2,,,1777553798930707,1777553798944366,1777553798930707,1777553798944366,,,,client-2-3,Insert,-1293932,200,13659
client,client_request,completed,1777553798959314,2,,,1777553798944479,1777553798959314,1777553798944479,1777553798959314,,,,client-2-3,Remove,-11558538,200,14835
client,client_request,completed,1777553798973577,2,,,1777553798959520,1777553798973577,1777553798959520,1777553798973577,,,,client-2-3,Insert,-12816148,200,14057
client,client_request,completed,1777553798987931,2,,,1777553798973935,1777553798987931,1777553798973935,1777553798987931,,,,client-2-3,Remove,6396110,200,13996
client,client_request,completed,1777553799002092,2,,,1777553798988305,1777553799002092,1777553798988305,1777553799002092,,,,client-2-3,Remove,-11933709,200,13787
client,client_request,completed,1777553799016274,2,,,1777553799002441,1777553799016274,1777553799002441,1777553799016274,,,,client-2-3,Remove,2181690,200,13833
client,client_request,completed,1777553799030125,2,,,1777553799016403,1777553799030125,1777553799016403,1777553799030125,,,,client-2-3,Remove,-14840350,200,13722
client,client_request,completed,1777553799044215,2,,,1777553799030251,1777553799044215,1777553799030251,1777553799044215,,,,client-2-3,Remove,-8938077,200,13964
client,client_request,completed,1777553799058324,2,,,1777553799044323,1777553799058324,1777553799044323,1777553799058324,,,,client-2-3,Insert,-10560434,200,14001
client,client_request,completed,1777553799072209,2,,,1777553799058431,1777553799072209,1777553799058431,1777553799072209,,,,client-2-3,Insert,2902911,200,13778
client,client_request,completed,1777553799086292,2,,,1777553799072312,1777553799086292,1777553799072312,1777553799086292,,,,client-2-3,Insert,4163430,200,13980
client,client_request,completed,1777553799100279,2,,,1777553799086427,1777553799100279,1777553799086427,1777553799100279,,,,client-2-3,Remove,-15005952,200,13852
client,client_request,completed,1777553799114864,2,,,1777553799100406,1777553799114864,1777553799100406,1777553799114864,,,,client-2-3,Insert,-10303832,200,14458
client,client_request,completed,1777553799129051,2,,,1777553799115002,1777553799129051,1777553799115002,1777553799129051,,,,client-2-3,Insert,4248922,200,14049
client,client_request,completed,1777553799143428,2,,,1777553799129188,1777553799143428,1777553799129188,1777553799143428,,,,client-2-3,Insert,-16403462,200,14240
client,client_request,completed,1777553799158195,2,,,1777553799143532,1777553799158195,1777553799143532,1777553799158195,,,,client-2-3,Remove,11412600,200,14663
client,client_request,completed,1777553799173431,2,,,1777553799158409,1777553799173431,1777553799158409,1777553799173431,,,,client-2-3,Remove,15458787,200,15022
client,client_request,completed,1777553799187789,2,,,1777553799173565,1777553799187789,1777553799173565,1777553799187789,,,,client-2-3,Insert,-15643011,200,14224
client,client_request,completed,1777553799202151,2,,,1777553799187894,1777553799202151,1777553799187894,1777553799202151,,,,client-2-3,Insert,6281515,200,14257
client,client_request,completed,1777553799216739,2,,,1777553799202554,1777553799216739,1777553799202554,1777553799216739,,,,client-2-3,Insert,9445044,200,14185
client,client_request,completed,1777553799230949,2,,,1777553799216949,1777553799230949,1777553799216949,1777553799230949,,,,client-2-3,Insert,-6282100,200,14000
client,client_request,completed,1777553799245184,2,,,1777553799231300,1777553799245184,1777553799231300,1777553799245184,,,,client-2-3,Remove,-14703730,200,13884
client,client_request,completed,1777553799259374,2,,,1777553799245315,1777553799259374,1777553799245315,1777553799259374,,,,client-2-3,Insert,-3724697,200,14059
client,client_request,completed,1777553799274843,2,,,1777553799259489,1777553799274843,1777553799259489,1777553799274843,,,,client-2-3,Remove,4279798,200,15354
client,client_request,completed,1777553799289565,2,,,1777553799275227,1777553799289565,1777553799275227,1777553799289565,,,,client-2-3,Remove,-7803368,200,14338
client,client_request,completed,1777553799303969,2,,,1777553799289781,1777553799303969,1777553799289781,1777553799303969,,,,client-2-3,Insert,-6455460,200,14188
client,client_request,completed,1777553799318357,2,,,1777553799304363,1777553799318357,1777553799304363,1777553799318357,,,,client-2-3,Insert,-11868976,200,13994
client,client_request,completed,1777553799332911,2,,,1777553799318484,1777553799332911,1777553799318484,1777553799332911,,,,client-2-3,Insert,-4898441,200,14427
client,client_request,completed,1777553799349544,2,,,1777553799333028,1777553799349544,1777553799333028,1777553799349544,,,,client-2-3,Remove,11158750,200,16516
client,client_request,completed,1777553799366689,2,,,1777553799349671,1777553799366689,1777553799349671,1777553799366689,,,,client-2-3,Insert,-5307772,200,17018
client,client_request,completed,1777553799381862,2,,,1777553799366753,1777553799381862,1777553799366753,1777553799381862,,,,client-2-3,Insert,755390,200,15109
client,client_request,completed,1777553799396741,2,,,1777553799381945,1777553799396741,1777553799381945,1777553799396741,,,,client-2-3,Insert,-10010365,200,14796
client,client_request,completed,1777553799411963,2,,,1777553799396847,1777553799411963,1777553799396847,1777553799411963,,,,client-2-3,Insert,12305805,200,15116
client,client_request,completed,1777553799427038,2,,,1777553799412077,1777553799427038,1777553799412077,1777553799427038,,,,client-2-3,Remove,-7335540,200,14961
client,client_request,completed,1777553799442322,2,,,1777553799427132,1777553799442322,1777553799427132,1777553799442322,,,,client-2-3,Remove,6974940,200,15190
client,client_request,completed,1777553799457162,2,,,1777553799442511,1777553799457162,1777553799442511,1777553799457162,,,,client-2-3,Insert,-8433618,200,14651
client,client_request,completed,1777553799472385,2,,,1777553799457350,1777553799472385,1777553799457350,1777553799472385,,,,client-2-3,Remove,-14002522,200,15035
client,client_request,completed,1777553799487315,2,,,1777553799472503,1777553799487315,1777553799472503,1777553799487315,,,,client-2-3,Insert,-8254256,200,14812
client,client_request,completed,1777553799502463,2,,,1777553799487419,1777553799502463,1777553799487419,1777553799502463,,,,client-2-3,Insert,-14071642,200,15044
client,client_request,completed,1777553799517947,2,,,1777553799502561,1777553799517947,1777553799502561,1777553799517947,,,,client-2-3,Insert,-6012105,200,15386
client,client_request,completed,1777553799533109,2,,,1777553799518050,1777553799533109,1777553799518050,1777553799533109,,,,client-2-3,Insert,-1732442,200,15059
client,client_request,completed,1777553799547980,2,,,1777553799533206,1777553799547980,1777553799533206,1777553799547980,,,,client-2-3,Remove,-9274345,200,14774
client,client_request,completed,1777553799562760,2,,,1777553799548076,1777553799562760,1777553799548076,1777553799562760,,,,client-2-3,Insert,3935771,200,14684
client,client_request,completed,1777553799577452,2,,,1777553799562855,1777553799577452,1777553799562855,1777553799577452,,,,client-2-3,Insert,13881170,200,14597
client,client_request,completed,1777553799591756,2,,,1777553799577547,1777553799591756,1777553799577547,1777553799591756,,,,client-2-3,Remove,-11765608,200,14209
client,client_request,completed,1777553799606317,2,,,1777553799591851,1777553799606317,1777553799591851,1777553799606317,,,,client-2-3,Insert,16437428,200,14466
client,client_request,completed,1777553799623830,2,,,1777553799606415,1777553799623830,1777553799606415,1777553799623830,,,,client-2-3,Remove,8088140,200,17415
client,client_request,completed,1777553799633085,2,,,1777553799624751,1777553799633085,1777553799624751,1777553799633085,,,,client-2-3,Insert,-3487894,200,8334
client,client_request,completed,1777553799647908,2,,,1777553799633185,1777553799647908,1777553799633185,1777553799647908,,,,client-2-3,Insert,-8410869,200,14723
client,client_request,completed,1777553799662237,2,,,1777553799648294,1777553799662237,1777553799648294,1777553799662237,,,,client-2-3,Remove,6669514,200,13943
client,client_request,completed,1777553799676718,2,,,1777553799662336,1777553799676718,1777553799662336,1777553799676718,,,,client-2-3,Insert,-7143051,200,14382
client,client_request,completed,1777553799691039,2,,,1777553799676916,1777553799691039,1777553799676916,1777553799691039,,,,client-2-3,Remove,12548380,200,14123
client,client_request,completed,1777553799705923,2,,,1777553799691150,1777553799705923,1777553799691150,1777553799705923,,,,client-2-3,Remove,-9895842,200,14773
client,client_request,completed,1777553799720806,2,,,1777553799706255,1777553799720806,1777553799706255,1777553799720806,,,,client-2-3,Insert,7055922,200,14551
client,client_request,completed,1777553799735443,2,,,1777553799720991,1777553799735443,1777553799720991,1777553799735443,,,,client-2-3,Insert,-1910823,200,14452
client,client_request,completed,1777553799750393,2,,,1777553799735543,1777553799750393,1777553799735543,1777553799750393,,,,client-2-3,Insert,-16495357,200,14850
client,client_request,completed,1777553799765108,2,,,1777553799750725,1777553799765108,1777553799750725,1777553799765108,,,,client-2-3,Remove,-16434471,200,14383
client,client_request,completed,1777553799843171,2,,,1777553799765299,1777553799843171,1777553799765299,1777553799843171,,,,client-2-3,Insert,-1016221,200,77872
client,client_request,completed,1777553799858349,2,,,1777553799843293,1777553799858349,1777553799843293,1777553799858349,,,,client-2-3,Remove,11334593,200,15056
client,client_request,completed,1777553799872550,2,,,1777553799858554,1777553799872550,1777553799858554,1777553799872550,,,,client-2-3,Insert,-213122,200,13996
client,client_request,completed,1777553799886754,2,,,1777553799872755,1777553799886754,1777553799872755,1777553799886754,,,,client-2-3,Remove,389704,200,13999
client,client_request,completed,1777553799901077,2,,,1777553799886952,1777553799901077,1777553799886952,1777553799901077,,,,client-2-3,Remove,-9191676,200,14125
client,client_request,completed,1777553799915393,2,,,1777553799901185,1777553799915393,1777553799901185,1777553799915393,,,,client-2-3,Remove,-15787208,200,14208
client,client_request,completed,1777553799929664,2,,,1777553799915497,1777553799929664,1777553799915497,1777553799929664,,,,client-2-3,Insert,6244589,200,14167
client,client_request,completed,1777553799944425,2,,,1777553799929762,1777553799944425,1777553799929762,1777553799944425,,,,client-2-3,Remove,-6698061,200,14663
client,client_request,completed,1777553799958733,2,,,1777553799944748,1777553799958733,1777553799944748,1777553799958733,,,,client-2-3,Insert,3848716,200,13985
client,client_request,completed,1777553799974696,2,,,1777553799958832,1777553799974696,1777553799958832,1777553799974696,,,,client-2-3,Insert,-10161878,200,15864
client,client_request,completed,1777553799989018,2,,,1777553799974823,1777553799989018,1777553799974823,1777553799989018,,,,client-2-3,Remove,-11677937,200,14195
client,client_request,completed,1777553800003307,2,,,1777553799989142,1777553800003307,1777553799989142,1777553800003307,,,,client-2-3,Remove,1771179,200,14165
client,client_request,completed,1777553800017604,2,,,1777553800003417,1777553800017604,1777553800003417,1777553800017604,,,,client-2-3,Insert,-15825131,200,14187
client,client_request,completed,1777553800031737,2,,,1777553800017734,1777553800031737,1777553800017734,1777553800031737,,,,client-2-3,Insert,11220058,200,14003
client,client_request,completed,1777553800046182,2,,,1777553800031840,1777553800046182,1777553800031840,1777553800046182,,,,client-2-3,Remove,15771486,200,14342
client,client_request,completed,1777553800060428,2,,,1777553800046280,1777553800060428,1777553800046280,1777553800060428,,,,client-2-3,Insert,10474987,200,14148
client,client_request,completed,1777553800074646,2,,,1777553800060536,1777553800074646,1777553800060536,1777553800074646,,,,client-2-3,Insert,3876394,200,14110
client,client_request,completed,1777553800088725,2,,,1777553800074749,1777553800088725,1777553800074749,1777553800088725,,,,client-2-3,Insert,324370,200,13976
client,client_request,completed,1777553800103017,2,,,1777553800088822,1777553800103017,1777553800088822,1777553800103017,,,,client-2-3,Insert,-3682825,200,14195
client,client_request,completed,1777553800117280,2,,,1777553800103113,1777553800117280,1777553800103113,1777553800117280,,,,client-2-3,Remove,11753643,200,14167
client,client_request,completed,1777553800132033,2,,,1777553800117380,1777553800132033,1777553800117380,1777553800132033,,,,client-2-3,Insert,-14205528,200,14653
client,client_request,completed,1777553800146740,2,,,1777553800132250,1777553800146740,1777553800132250,1777553800146740,,,,client-2-3,Insert,-2872086,200,14490
client,client_request,completed,1777553800161190,2,,,1777553800146847,1777553800161190,1777553800146847,1777553800161190,,,,client-2-3,Insert,-4241140,200,14343
client,client_request,completed,1777553800175574,2,,,1777553800161288,1777553800175574,1777553800161288,1777553800175574,,,,client-2-3,Remove,-5717144,200,14286
client,client_request,completed,1777553800190212,2,,,1777553800175676,1777553800190212,1777553800175676,1777553800190212,,,,client-2-3,Remove,581194,200,14536
client,client_request,completed,1777553800204459,2,,,1777553800190405,1777553800204459,1777553800190405,1777553800204459,,,,client-2-3,Insert,13943412,200,14054
client,client_request,completed,1777553800219065,2,,,1777553800204791,1777553800219065,1777553800204791,1777553800219065,,,,client-2-3,Remove,15387446,200,14274
client,client_request,completed,1777553800233846,2,,,1777553800219161,1777553800233846,1777553800219161,1777553800233846,,,,client-2-3,Insert,-14572254,200,14685
client,client_request,completed,1777553800248521,2,,,1777553800234037,1777553800248521,1777553800234037,1777553800248521,,,,client-2-3,Insert,-16537938,200,14484
client,client_request,completed,1777553800262909,2,,,1777553800248644,1777553800262909,1777553800248644,1777553800262909,,,,client-2-3,Insert,-9066169,200,14265
client,client_request,completed,1777553800277025,2,,,1777553800263013,1777553800277025,1777553800263013,1777553800277025,,,,client-2-3,Insert,14254419,200,14012
client,client_request,completed,1777553800291403,2,,,1777553800277122,1777553800291403,1777553800277122,1777553800291403,,,,client-2-3,Insert,-10283012,200,14281
client,client_request,completed,1777553800306151,2,,,1777553800291506,1777553800306151,1777553800291506,1777553800306151,,,,client-2-3,Remove,-3741405,200,14645
client,client_request,completed,1777553800320556,2,,,1777553800306332,1777553800320556,1777553800306332,1777553800320556,,,,client-2-3,Remove,-16542181,200,14224
client,client_request,completed,1777553800335785,2,,,1777553800320888,1777553800335785,1777553800320888,1777553800335785,,,,client-2-3,Remove,12946019,200,14897
client,client_request,completed,1777553800351161,2,,,1777553800335890,1777553800351161,1777553800335890,1777553800351161,,,,client-2-3,Remove,8733094,200,15271
client,client_request,completed,1777553800366958,2,,,1777553800351263,1777553800366958,1777553800351263,1777553800366958,,,,client-2-3,Insert,-12491499,200,15695
client,client_request,completed,1777553800381818,2,,,1777553800367057,1777553800381818,1777553800367057,1777553800381818,,,,client-2-3,Remove,10179730,200,14761
client,client_request,completed,1777553800396216,2,,,1777553800382002,1777553800396216,1777553800382002,1777553800396216,,,,client-2-3,Insert,-13610939,200,14214
client,client_request,completed,1777553800411234,2,,,1777553800396321,1777553800411234,1777553800396321,1777553800411234,,,,client-2-3,Insert,-13032505,200,14913
client,client_request,completed,1777553800425661,2,,,1777553800411555,1777553800425661,1777553800411555,1777553800425661,,,,client-2-3,Remove,12239965,200,14106
client,client_request,completed,1777553800440126,2,,,1777553800425991,1777553800440126,1777553800425991,1777553800440126,,,,client-2-3,Remove,15075980,200,14135
client,client_request,completed,1777553800454760,2,,,1777553800440345,1777553800454760,1777553800440345,1777553800454760,,,,client-2-3,Remove,-7652396,200,14415
client,client_request,completed,1777553800469345,2,,,1777553800454867,1777553800469345,1777553800454867,1777553800469345,,,,client-2-3,Remove,15087175,200,14478
client,client_request,completed,1777553800483896,2,,,1777553800469444,1777553800483896,1777553800469444,1777553800483896,,,,client-2-3,Remove,13513322,200,14452
client,client_request,completed,1777553800498532,2,,,1777553800483993,1777553800498532,1777553800483993,1777553800498532,,,,client-2-3,Remove,-8472792,200,14539
client,client_request,completed,1777553800512744,2,,,1777553800498632,1777553800512744,1777553800498632,1777553800512744,,,,client-2-3,Insert,-10297285,200,14112
client,client_request,completed,1777553800527204,2,,,1777553800512840,1777553800527204,1777553800512840,1777553800527204,,,,client-2-3,Insert,10322261,200,14364
client,client_request,completed,1777553800541853,2,,,1777553800527583,1777553800541853,1777553800527583,1777553800541853,,,,client-2-3,Remove,-13290488,200,14270
client,client_request,completed,1777553800556123,2,,,1777553800541956,1777553800556123,1777553800541956,1777553800556123,,,,client-2-3,Remove,15189072,200,14167
client,client_request,completed,1777553800570665,2,,,1777553800556239,1777553800570665,1777553800556239,1777553800570665,,,,client-2-3,Insert,15905886,200,14426
client,client_request,completed,1777553800584981,2,,,1777553800570778,1777553800584981,1777553800570778,1777553800584981,,,,client-2-3,Remove,-3348276,200,14203
client,client_request,completed,1777553800599505,2,,,1777553800585077,1777553800599505,1777553800585077,1777553800599505,,,,client-2-3,Insert,11565622,200,14428
client,client_request,completed,1777553800613914,2,,,1777553800599603,1777553800613914,1777553800599603,1777553800613914,,,,client-2-3,Insert,6529581,200,14311
client,client_request,completed,1777553800628429,2,,,1777553800614288,1777553800628429,1777553800614288,1777553800628429,,,,client-2-3,Insert,12119864,200,14141
client,client_request,completed,1777553800642795,2,,,1777553800628617,1777553800642795,1777553800628617,1777553800642795,,,,client-2-3,Insert,10269487,200,14178
client,client_request,completed,1777553800657167,2,,,1777553800643108,1777553800657167,1777553800643108,1777553800657167,,,,client-2-3,Remove,-5003544,200,14059
client,client_request,completed,1777553800671580,2,,,1777553800657285,1777553800671580,1777553800657285,1777553800671580,,,,client-2-3,Remove,14276142,200,14295
client,client_request,completed,1777553800685905,2,,,1777553800671679,1777553800685905,1777553800671679,1777553800685905,,,,client-2-3,Insert,13104394,200,14226
client,client_request,completed,1777553800700569,2,,,1777553800686002,1777553800700569,1777553800686002,1777553800700569,,,,client-2-3,Insert,9835906,200,14567
client,client_request,completed,1777553800714996,2,,,1777553800700760,1777553800714996,1777553800700760,1777553800714996,,,,client-2-3,Remove,-12329532,200,14236
client,client_request,completed,1777553800729281,2,,,1777553800715099,1777553800729281,1777553800715099,1777553800729281,,,,client-2-3,Insert,10416970,200,14182
client,client_request,completed,1777553800743994,2,,,1777553800729376,1777553800743994,1777553800729376,1777553800743994,,,,client-2-3,Remove,-3000123,200,14618
client,client_request,completed,1777553800758475,2,,,1777553800744210,1777553800758475,1777553800744210,1777553800758475,,,,client-2-3,Insert,8262963,200,14265
client,client_request,completed,1777553800835146,2,,,1777553800758798,1777553800835146,1777553800758798,1777553800835146,,,,client-2-3,Insert,7347741,200,76348
client,client_request,completed,1777553800850933,2,,,1777553800835284,1777553800850933,1777553800835284,1777553800850933,,,,client-2-3,Insert,-6871401,200,15649
client,client_request,completed,1777553800865696,2,,,1777553800851262,1777553800865696,1777553800851262,1777553800865696,,,,client-2-3,Insert,16690102,200,14434
client,client_request,completed,1777553800880352,2,,,1777553800865801,1777553800880352,1777553800865801,1777553800880352,,,,client-2-3,Remove,2031774,200,14551
client,client_request,completed,1777553800895212,2,,,1777553800880703,1777553800895212,1777553800880703,1777553800895212,,,,client-2-3,Remove,-8501979,200,14509
client,client_request,completed,1777553800909705,2,,,1777553800895416,1777553800909705,1777553800895416,1777553800909705,,,,client-2-3,Remove,9291519,200,14289
client,client_request,completed,1777553800923939,2,,,1777553800909829,1777553800923939,1777553800909829,1777553800923939,,,,client-2-3,Remove,-8368917,200,14110
client,client_request,completed,1777553800938513,2,,,1777553800924043,1777553800938513,1777553800924043,1777553800938513,,,,client-2-3,Remove,3493569,200,14470
client,client_request,completed,1777553800953094,2,,,1777553800938615,1777553800953094,1777553800938615,1777553800953094,,,,client-2-3,Remove,-13025084,200,14479
client,client_request,completed,1777553800967848,2,,,1777553800953287,1777553800967848,1777553800953287,1777553800967848,,,,client-2-3,Insert,-6278756,200,14561
client,client_request,completed,1777553800982380,2,,,1777553800968192,1777553800982380,1777553800968192,1777553800982380,,,,client-2-3,Insert,-4597401,200,14188
client,client_request,completed,1777553800997434,2,,,1777553800982570,1777553800997434,1777553800982570,1777553800997434,,,,client-2-3,Remove,2934674,200,14864
client,client_request,completed,1777553801012285,2,,,1777553800997638,1777553801012285,1777553800997638,1777553801012285,,,,client-2-3,Insert,-12213456,200,14647
client,client_request,completed,1777553801027072,2,,,1777553801012621,1777553801027072,1777553801012621,1777553801027072,,,,client-2-3,Insert,-16365055,200,14451
client,client_request,completed,1777553801041637,2,,,1777553801027169,1777553801041637,1777553801027169,1777553801041637,,,,client-2-3,Remove,-12714650,200,14468
client,client_request,completed,1777553801056793,2,,,1777553801041733,1777553801056793,1777553801041733,1777553801056793,,,,client-2-3,Insert,-8507323,200,15060
client,client_request,completed,1777553801071682,2,,,1777553801056997,1777553801071682,1777553801056997,1777553801071682,,,,client-2-3,Remove,13501951,200,14685
client,client_request,completed,1777553801087019,2,,,1777553801071785,1777553801087019,1777553801071785,1777553801087019,,,,client-2-3,Remove,-3162876,200,15234
client,client_request,completed,1777553801102226,2,,,1777553801087347,1777553801102226,1777553801087347,1777553801102226,,,,client-2-3,Insert,-6047020,200,14879
client,client_request,completed,1777553801117669,2,,,1777553801102324,1777553801117669,1777553801102324,1777553801117669,,,,client-2-3,Insert,-340703,200,15345
client,client_request,completed,1777553801132636,2,,,1777553801117862,1777553801132636,1777553801117862,1777553801132636,,,,client-2-3,Insert,-5105867,200,14774
client,client_request,completed,1777553801147868,2,,,1777553801132734,1777553801147868,1777553801132734,1777553801147868,,,,client-2-3,Remove,4709914,200,15134
client,client_request,completed,1777553801162689,2,,,1777553801148258,1777553801162689,1777553801148258,1777553801162689,,,,client-2-3,Remove,-7156662,200,14431
client,client_request,completed,1777553801177394,2,,,1777553801162787,1777553801177394,1777553801162787,1777553801177394,,,,client-2-3,Insert,2137759,200,14607
client,client_request,completed,1777553801192481,2,,,1777553801177490,1777553801192481,1777553801177490,1777553801192481,,,,client-2-3,Remove,-5284173,200,14991
client,client_request,completed,1777553801207074,2,,,1777553801192854,1777553801207074,1777553801192854,1777553801207074,,,,client-2-3,Remove,-5726065,200,14220
client,client_request,completed,1777553801222217,2,,,1777553801207179,1777553801222217,1777553801207179,1777553801222217,,,,client-2-3,Insert,-12404145,200,15038
client,client_request,completed,1777553801236876,2,,,1777553801222408,1777553801236876,1777553801222408,1777553801236876,,,,client-2-3,Remove,-7132599,200,14468
client,client_request,completed,1777553801251724,2,,,1777553801237001,1777553801251724,1777553801237001,1777553801251724,,,,client-2-3,Insert,3900649,200,14723
client,client_request,completed,1777553801266839,2,,,1777553801251825,1777553801266839,1777553801251825,1777553801266839,,,,client-2-3,Remove,-1265424,200,15014
client,client_request,completed,1777553801281587,2,,,1777553801267033,1777553801281587,1777553801267033,1777553801281587,,,,client-2-3,Remove,9890133,200,14554
client,client_request,completed,1777553801296352,2,,,1777553801281694,1777553801296352,1777553801281694,1777553801296352,,,,client-2-3,Insert,-7432930,200,14658
client,client_request,completed,1777553801311231,2,,,1777553801296451,1777553801311231,1777553801296451,1777553801311231,,,,client-2-3,Insert,-8241445,200,14780
client,client_request,completed,1777553801339470,2,,,1777553801311697,1777553801339470,1777553801311697,1777553801339470,,,,client-2-3,Remove,2024430,200,27773
client,client_request,completed,1777553801355396,2,,,1777553801339519,1777553801355396,1777553801339519,1777553801355396,,,,client-2-3,Insert,-6971486,200,15877
client,client_request,completed,1777553801370846,2,,,1777553801355448,1777553801370846,1777553801355448,1777553801370846,,,,client-2-3,Remove,2160135,200,15398
client,client_request,completed,1777553801386072,2,,,1777553801370942,1777553801386072,1777553801370942,1777553801386072,,,,client-2-3,Insert,-4825439,200,15130
client,client_request,completed,1777553801401448,2,,,1777553801386171,1777553801401448,1777553801386171,1777553801401448,,,,client-2-3,Remove,-13823673,200,15277
client,client_request,completed,1777553801416794,2,,,1777553801401664,1777553801416794,1777553801401664,1777553801416794,,,,client-2-3,Insert,2903204,200,15130
client,client_request,completed,1777553801432130,2,,,1777553801416984,1777553801432130,1777553801416984,1777553801432130,,,,client-2-3,Insert,-12844895,200,15146
client,client_request,completed,1777553801447399,2,,,1777553801432484,1777553801447399,1777553801432484,1777553801447399,,,,client-2-3,Remove,10241903,200,14915
client,client_request,completed,1777553801462831,2,,,1777553801447501,1777553801462831,1777553801447501,1777553801462831,,,,client-2-3,Remove,5973116,200,15330
client,client_request,completed,1777553801478140,2,,,1777553801463021,1777553801478140,1777553801463021,1777553801478140,,,,client-2-3,Remove,400505,200,15119
client,client_request,completed,1777553801493185,2,,,1777553801478264,1777553801493185,1777553801478264,1777553801493185,,,,client-2-3,Insert,-6190161,200,14921
client,client_request,completed,1777553801508446,2,,,1777553801493286,1777553801508446,1777553801493286,1777553801508446,,,,client-2-3,Insert,-13962291,200,15160
client,client_request,completed,1777553801523439,2,,,1777553801508648,1777553801523439,1777553801508648,1777553801523439,,,,client-2-3,Insert,9527344,200,14791
client,client_request,completed,1777553801538727,2,,,1777553801523542,1777553801538727,1777553801523542,1777553801538727,,,,client-2-3,Insert,-9572672,200,15185
client,client_request,completed,1777553801554105,2,,,1777553801538828,1777553801554105,1777553801538828,1777553801554105,,,,client-2-3,Remove,-1402155,200,15277
client,client_request,completed,1777553801568901,2,,,1777553801554202,1777553801568901,1777553801554202,1777553801568901,,,,client-2-3,Remove,-1066190,200,14699
client,client_request,completed,1777553801585071,2,,,1777553801568998,1777553801585071,1777553801568998,1777553801585071,,,,client-2-3,Remove,-11161805,200,16073
client,client_request,completed,1777553801600900,2,,,1777553801585169,1777553801600900,1777553801585169,1777553801600900,,,,client-2-3,Insert,-11376124,200,15731
client,client_request,completed,1777553801616258,2,,,1777553801600999,1777553801616258,1777553801600999,1777553801616258,,,,client-2-3,Insert,-6160424,200,15259
client,client_request,completed,1777553801631769,2,,,1777553801616629,1777553801631769,1777553801616629,1777553801631769,,,,client-2-3,Insert,10024848,200,15140
client,client_request,completed,1777553801647842,2,,,1777553801631866,1777553801647842,1777553801631866,1777553801647842,,,,client-2-3,Remove,590379,200,15976
client,client_request,completed,1777553801663012,2,,,1777553801648228,1777553801663012,1777553801648228,1777553801663012,,,,client-2-3,Remove,8177042,200,14784
client,client_request,completed,1777553801678338,2,,,1777553801663121,1777553801678338,1777553801663121,1777553801678338,,,,client-2-3,Insert,-15483917,200,15217
client,client_request,completed,1777553801694266,2,,,1777553801678435,1777553801694266,1777553801678435,1777553801694266,,,,client-2-3,Insert,-4956561,200,15831
client,client_request,completed,1777553801709986,2,,,1777553801694469,1777553801709986,1777553801694469,1777553801709986,,,,client-2-3,Remove,9642115,200,15517
client,client_request,completed,1777553801725642,2,,,1777553801710083,1777553801725642,1777553801710083,1777553801725642,,,,client-2-3,Remove,-5336554,200,15559
client,client_request,completed,1777553801741244,2,,,1777553801725834,1777553801741244,1777553801725834,1777553801741244,,,,client-2-3,Insert,13913655,200,15410
client,client_request,completed,1777553801756606,2,,,1777553801741355,1777553801756606,1777553801741355,1777553801756606,,,,client-2-3,Remove,4820656,200,15251
client,client_request,completed,1777553801836667,2,,,1777553801756701,1777553801836667,1777553801756701,1777553801836667,,,,client-2-3,Insert,5593930,200,79966
client,client_request,completed,1777553801853648,2,,,1777553801836770,1777553801853648,1777553801836770,1777553801853648,,,,client-2-3,Insert,8615169,200,16878
client,client_request,completed,1777553801870124,2,,,1777553801853771,1777553801870124,1777553801853771,1777553801870124,,,,client-2-3,Remove,12072232,200,16353
client,client_request,completed,1777553801885732,2,,,1777553801870328,1777553801885732,1777553801870328,1777553801885732,,,,client-2-3,Remove,353507,200,15404
client,client_request,completed,1777553801902356,2,,,1777553801886095,1777553801902356,1777553801886095,1777553801902356,,,,client-2-3,Insert,-932895,200,16261
client,client_request,completed,1777553801918413,2,,,1777553801902452,1777553801918413,1777553801902452,1777553801918413,,,,client-2-3,Remove,11945678,200,15961
client,client_request,completed,1777553801934428,2,,,1777553801918612,1777553801934428,1777553801918612,1777553801934428,,,,client-2-3,Insert,5133698,200,15816
client,client_request,completed,1777553801950382,2,,,1777553801934531,1777553801950382,1777553801934531,1777553801950382,,,,client-2-3,Insert,-11181624,200,15851
client,client_request,completed,1777553801966391,2,,,1777553801950536,1777553801966391,1777553801950536,1777553801966391,,,,client-2-3,Remove,14731585,200,15855
client,client_request,completed,1777553801982857,2,,,1777553801966522,1777553801982857,1777553801966522,1777553801982857,,,,client-2-3,Remove,-7896341,200,16335
client,client_request,completed,1777553801998587,2,,,1777553801983066,1777553801998587,1777553801983066,1777553801998587,,,,client-2-3,Insert,9693189,200,15521
client,client_request,completed,1777553802014897,2,,,1777553801998947,1777553802014897,1777553801998947,1777553802014897,,,,client-2-3,Remove,-16399885,200,15950
client,client_request,completed,1777553802030922,2,,,1777553802014999,1777553802030922,1777553802014999,1777553802030922,,,,client-2-3,Remove,-5115396,200,15923
client,client_request,completed,1777553802046988,2,,,1777553802031122,1777553802046988,1777553802031122,1777553802046988,,,,client-2-3,Remove,12158163,200,15866
client,client_request,completed,1777553802062757,2,,,1777553802047093,1777553802062757,1777553802047093,1777553802062757,,,,client-2-3,Insert,-9969339,200,15664
client,client_request,completed,1777553802079214,2,,,1777553802062858,1777553802079214,1777553802062858,1777553802079214,,,,client-2-3,Remove,15191361,200,16356
client,client_request,completed,1777553802095085,2,,,1777553802079325,1777553802095085,1777553802079325,1777553802095085,,,,client-2-3,Remove,7374933,200,15760
client,client_request,completed,1777553802111453,2,,,1777553802095183,1777553802111453,1777553802095183,1777553802111453,,,,client-2-3,Remove,-13909925,200,16270
client,client_request,completed,1777553802127773,2,,,1777553802111795,1777553802127773,1777553802111795,1777553802127773,,,,client-2-3,Remove,-13096876,200,15978
client,client_request,completed,1777553802144258,2,,,1777553802127870,1777553802144258,1777553802127870,1777553802144258,,,,client-2-3,Remove,5845352,200,16388
client,client_request,completed,1777553802160868,2,,,1777553802144379,1777553802160868,1777553802144379,1777553802160868,,,,client-2-3,Insert,5125615,200,16489
client,client_request,completed,1777553802176836,2,,,1777553802161075,1777553802176836,1777553802161075,1777553802176836,,,,client-2-3,Remove,-13034583,200,15761
client,client_request,completed,1777553802193162,2,,,1777553802176968,1777553802193162,1777553802176968,1777553802193162,,,,client-2-3,Insert,-12744605,200,16194
client,client_request,completed,1777553802209481,2,,,1777553802193378,1777553802209481,1777553802193378,1777553802209481,,,,client-2-3,Insert,1190500,200,16103
client,client_request,completed,1777553802226224,2,,,1777553802209584,1777553802226224,1777553802209584,1777553802226224,,,,client-2-3,Insert,-6365949,200,16640
client,client_request,completed,1777553802242731,2,,,1777553802226329,1777553802242731,1777553802226329,1777553802242731,,,,client-2-3,Remove,8260377,200,16402
client,client_request,completed,1777553802259558,2,,,1777553802242826,1777553802259558,1777553802242826,1777553802259558,,,,client-2-3,Remove,-10435982,200,16732
client,client_request,completed,1777553802275577,2,,,1777553802259912,1777553802275577,1777553802259912,1777553802275577,,,,client-2-3,Insert,-13856311,200,15665
client,client_request,completed,1777553802292281,2,,,1777553802275696,1777553802292281,1777553802275696,1777553802292281,,,,client-2-3,Remove,5234291,200,16585
client,client_request,completed,1777553802307983,2,,,1777553802292388,1777553802307983,1777553802292388,1777553802307983,,,,client-2-3,Remove,-4102631,200,15595
client,client_request,completed,1777553802324290,2,,,1777553802308080,1777553802324290,1777553802308080,1777553802324290,,,,client-2-3,Insert,8444588,200,16210
client,client_request,completed,1777553802339890,2,,,1777553802324625,1777553802339890,1777553802324625,1777553802339890,,,,client-2-3,Insert,-4896373,200,15265
client,client_request,completed,1777553802356575,2,,,1777553802339993,1777553802356575,1777553802339993,1777553802356575,,,,client-2-3,Insert,10536659,200,16582
client,client_request,completed,1777553802373043,2,,,1777553802356676,1777553802373043,1777553802356676,1777553802373043,,,,client-2-3,Remove,-3762694,200,16367
client,client_request,completed,1777553802389729,2,,,1777553802373416,1777553802389729,1777553802373416,1777553802389729,,,,client-2-3,Insert,-13259462,200,16313
client,client_request,completed,1777553802406766,2,,,1777553802389835,1777553802406766,1777553802389835,1777553802406766,,,,client-2-3,Insert,13519697,200,16931
client,client_request,completed,1777553802423280,2,,,1777553802407011,1777553802423280,1777553802407011,1777553802423280,,,,client-2-3,Insert,11039943,200,16269
client,client_request,completed,1777553802439846,2,,,1777553802423427,1777553802439846,1777553802423427,1777553802439846,,,,client-2-3,Remove,-12511209,200,16419
client,client_request,completed,1777553802456599,2,,,1777553802439942,1777553802456599,1777553802439942,1777553802456599,,,,client-2-3,Remove,8703224,200,16657
client,client_request,completed,1777553802473000,2,,,1777553802456725,1777553802473000,1777553802456725,1777553802473000,,,,client-2-3,Remove,1329673,200,16275
client,client_request,completed,1777553802489449,2,,,1777553802473107,1777553802489449,1777553802473107,1777553802489449,,,,client-2-3,Insert,-11572300,200,16342
client,client_request,completed,1777553802505392,2,,,1777553802489642,1777553802505392,1777553802489642,1777553802505392,,,,client-2-3,Remove,15570499,200,15750
client,client_request,completed,1777553802521363,2,,,1777553802505505,1777553802521363,1777553802505505,1777553802521363,,,,client-2-3,Remove,-13696962,200,15858
client,client_request,completed,1777553802537253,2,,,1777553802521461,1777553802537253,1777553802521461,1777553802537253,,,,client-2-3,Remove,10715486,200,15792
client,client_request,completed,1777553802553598,2,,,1777553802537355,1777553802553598,1777553802537355,1777553802553598,,,,client-2-3,Remove,-6379361,200,16243
client,client_request,completed,1777553802569916,2,,,1777553802553695,1777553802569916,1777553802553695,1777553802569916,,,,client-2-3,Remove,14502773,200,16221
client,client_request,completed,1777553802585923,2,,,1777553802570013,1777553802585923,1777553802570013,1777553802585923,,,,client-2-3,Insert,5253713,200,15910
client,client_request,completed,1777553802601873,2,,,1777553802586020,1777553802601873,1777553802586020,1777553802601873,,,,client-2-3,Remove,-6198701,200,15853
client,client_request,completed,1777553802618281,2,,,1777553802601967,1777553802618281,1777553802601967,1777553802618281,,,,client-2-3,Insert,1245549,200,16314
client,client_request,completed,1777553802634671,2,,,1777553802618377,1777553802634671,1777553802618377,1777553802634671,,,,client-2-3,Remove,-13518638,200,16294
client,client_request,completed,1777553802651478,2,,,1777553802634771,1777553802651478,1777553802634771,1777553802651478,,,,client-2-3,Remove,-5362385,200,16707
client,client_request,completed,1777553802668248,2,,,1777553802651603,1777553802668248,1777553802651603,1777553802668248,,,,client-2-3,Remove,-5171231,200,16645
client,client_request,completed,1777553802684725,2,,,1777553802668353,1777553802684725,1777553802668353,1777553802684725,,,,client-2-3,Insert,15285423,200,16372
client,client_request,completed,1777553802700572,2,,,1777553802685078,1777553802700572,1777553802685078,1777553802700572,,,,client-2-3,Remove,-13963405,200,15494
client,client_request,completed,1777553802717103,2,,,1777553802700670,1777553802717103,1777553802700670,1777553802717103,,,,client-2-3,Remove,8314006,200,16433
client,client_request,completed,1777553802733406,2,,,1777553802717199,1777553802733406,1777553802717199,1777553802733406,,,,client-2-3,Insert,-4408744,200,16207
client,client_request,completed,1777553802749600,2,,,1777553802733564,1777553802749600,1777553802733564,1777553802749600,,,,client-2-3,Insert,-9776957,200,16036
client,client_request,completed,1777553802766239,2,,,1777553802749726,1777553802766239,1777553802749726,1777553802766239,,,,client-2-3,Insert,15191520,200,16513
client,client_request,completed,1777553802845454,2,,,1777553802766576,1777553802845454,1777553802766576,1777553802845454,,,,client-2-3,Remove,12133060,200,78878
client,client_request,completed,1777553802861485,2,,,1777553802845554,1777553802861485,1777553802845554,1777553802861485,,,,client-2-3,Remove,-4645350,200,15931
client,client_request,completed,1777553802877502,2,,,1777553802861586,1777553802877502,1777553802861586,1777553802877502,,,,client-2-3,Remove,5962448,200,15916
client,client_request,completed,1777553802893124,2,,,1777553802877617,1777553802893124,1777553802877617,1777553802893124,,,,client-2-3,Remove,-981536,200,15507
client,client_request,completed,1777553802909148,2,,,1777553802893226,1777553802909148,1777553802893226,1777553802909148,,,,client-2-3,Remove,-8942951,200,15922
client,client_request,completed,1777553802928405,2,,,1777553802909336,1777553802928405,1777553802909336,1777553802928405,,,,client-2-3,Remove,11753036,200,19069
client,client_request,completed,1777553802946211,2,,,1777553802928501,1777553802946211,1777553802928501,1777553802946211,,,,client-2-3,Remove,4888095,200,17710
client,client_request,completed,1777553802963243,2,,,1777553802946327,1777553802963243,1777553802946327,1777553802963243,,,,client-2-3,Insert,-5681455,200,16916
client,client_request,completed,1777553802981347,2,,,1777553802963343,1777553802981347,1777553802963343,1777553802981347,,,,client-2-3,Remove,-8386176,200,18004
client,client_request,completed,1777553802999303,2,,,1777553802981452,1777553802999303,1777553802981452,1777553802999303,,,,client-2-3,Insert,3439663,200,17851
client,client_request,completed,1777553803020430,2,,,1777553802999401,1777553803020430,1777553802999401,1777553803020430,,,,client-2-3,Remove,10162095,200,21029
client,client_request,completed,1777553803038574,2,,,1777553803020813,1777553803038574,1777553803020813,1777553803038574,,,,client-2-3,Insert,-16663596,200,17761
client,client_request,completed,1777553803055116,2,,,1777553803038782,1777553803055116,1777553803038782,1777553803055116,,,,client-2-3,Insert,-16122217,200,16334
client,client_request,completed,1777553803071479,2,,,1777553803055221,1777553803071479,1777553803055221,1777553803071479,,,,client-2-3,Remove,-2967018,200,16258
client,client_request,completed,1777553803087529,2,,,1777553803071585,1777553803087529,1777553803071585,1777553803087529,,,,client-2-3,Insert,10368542,200,15944
client,client_request,completed,1777553803103845,2,,,1777553803087659,1777553803103845,1777553803087659,1777553803103845,,,,client-2-3,Remove,-12490897,200,16186
client,client_request,completed,1777553803119942,2,,,1777553803103976,1777553803119942,1777553803103976,1777553803119942,,,,client-2-3,Remove,9000029,200,15966
client,client_request,completed,1777553803135782,2,,,1777553803120322,1777553803135782,1777553803120322,1777553803135782,,,,client-2-3,Remove,12536816,200,15460
client,client_request,completed,1777553803151454,2,,,1777553803136008,1777553803151454,1777553803136008,1777553803151454,,,,client-2-3,Remove,11913240,200,15446
client,client_request,completed,1777553803167470,2,,,1777553803151557,1777553803167470,1777553803151557,1777553803167470,,,,client-2-3,Insert,9832723,200,15913
client,client_request,completed,1777553803184719,2,,,1777553803167588,1777553803184719,1777553803167588,1777553803184719,,,,client-2-3,Insert,-3946668,200,17131
client,client_request,completed,1777553803200673,2,,,1777553803185084,1777553803200673,1777553803185084,1777553803200673,,,,client-2-3,Insert,11565945,200,15589
client,client_request,completed,1777553803217986,2,,,1777553803200773,1777553803217986,1777553803200773,1777553803217986,,,,client-2-3,Remove,-112104,200,17213
client,client_request,completed,1777553803235232,2,,,1777553803218081,1777553803235232,1777553803218081,1777553803235232,,,,client-2-3,Remove,12356594,200,17151
client,client_request,completed,1777553803251467,2,,,1777553803235337,1777553803251467,1777553803235337,1777553803251467,,,,client-2-3,Remove,-7895000,200,16130
client,client_request,completed,1777553803267935,2,,,1777553803251570,1777553803267935,1777553803251570,1777553803267935,,,,client-2-3,Remove,-5752042,200,16365
client,client_request,completed,1777553803284485,2,,,1777553803268063,1777553803284485,1777553803268063,1777553803284485,,,,client-2-3,Remove,-11874315,200,16422
client,client_request,completed,1777553803300482,2,,,1777553803284857,1777553803300482,1777553803284857,1777553803300482,,,,client-2-3,Remove,12905726,200,15625
client,client_request,completed,1777553803317023,2,,,1777553803300584,1777553803317023,1777553803300584,1777553803317023,,,,client-2-3,Insert,-2700028,200,16439
client,client_request,completed,1777553803333272,2,,,1777553803317396,1777553803333272,1777553803317396,1777553803333272,,,,client-2-3,Remove,-10753144,200,15876
client,client_request,completed,1777553803349087,2,,,1777553803333486,1777553803349087,1777553803333486,1777553803349087,,,,client-2-3,Insert,-15090170,200,15601
client,client_request,completed,1777553803365153,2,,,1777553803349191,1777553803365153,1777553803349191,1777553803365153,,,,client-2-3,Remove,-5969973,200,15962
client,client_request,completed,1777553803381017,2,,,1777553803365257,1777553803381017,1777553803365257,1777553803381017,,,,client-2-3,Remove,-9829276,200,15760
client,client_request,completed,1777553803397129,2,,,1777553803381381,1777553803397129,1777553803381381,1777553803397129,,,,client-2-3,Insert,-5985402,200,15748
client,client_request,completed,1777553803412988,2,,,1777553803397340,1777553803412988,1777553803397340,1777553803412988,,,,client-2-3,Remove,-9663063,200,15648
client,client_request,completed,1777553803429270,2,,,1777553803413090,1777553803429270,1777553803413090,1777553803429270,,,,client-2-3,Insert,-11133152,200,16180
client,client_request,completed,1777553803445297,2,,,1777553803429372,1777553803445297,1777553803429372,1777553803445297,,,,client-2-3,Insert,-8141269,200,15925
client,client_request,completed,1777553803461278,2,,,1777553803445399,1777553803461278,1777553803445399,1777553803461278,,,,client-2-3,Remove,-14602460,200,15879
client,client_request,completed,1777553803477299,2,,,1777553803461379,1777553803477299,1777553803461379,1777553803477299,,,,client-2-3,Insert,-6136343,200,15920
client,client_request,completed,1777553803493388,2,,,1777553803477430,1777553803493388,1777553803477430,1777553803493388,,,,client-2-3,Insert,2620673,200,15958
client,client_request,completed,1777553803510335,2,,,1777553803493744,1777553803510335,1777553803493744,1777553803510335,,,,client-2-3,Insert,9777075,200,16591
client,client_request,completed,1777553803526665,2,,,1777553803510542,1777553803526665,1777553803510542,1777553803526665,,,,client-2-3,Remove,6943214,200,16123
client,client_request,completed,1777553803542474,2,,,1777553803526789,1777553803542474,1777553803526789,1777553803542474,,,,client-2-3,Insert,1961979,200,15685
client,client_request,completed,1777553803558351,2,,,1777553803542576,1777553803558351,1777553803542576,1777553803558351,,,,client-2-3,Insert,6517954,200,15775
client,client_request,completed,1777553803574370,2,,,1777553803558448,1777553803574370,1777553803558448,1777553803574370,,,,client-2-3,Remove,-11156562,200,15922
client,client_request,completed,1777553803590451,2,,,1777553803574467,1777553803590451,1777553803574467,1777553803590451,,,,client-2-3,Insert,11460674,200,15984
client,client_request,completed,1777553803607011,2,,,1777553803590564,1777553803607011,1777553803590564,1777553803607011,,,,client-2-3,Remove,-4299871,200,16447
client,client_request,completed,1777553803622847,2,,,1777553803607226,1777553803622847,1777553803607226,1777553803622847,,,,client-2-3,Remove,10803222,200,15621
client,client_request,completed,1777553803638965,2,,,1777553803622971,1777553803638965,1777553803622971,1777553803638965,,,,client-2-3,Insert,5567826,200,15994
client,client_request,completed,1777553803654945,2,,,1777553803639319,1777553803654945,1777553803639319,1777553803654945,,,,client-2-3,Remove,-8181115,200,15626
client,client_request,completed,1777553803670735,2,,,1777553803655149,1777553803670735,1777553803655149,1777553803670735,,,,client-2-3,Remove,-11060021,200,15586
client,client_request,completed,1777553803686732,2,,,1777553803670838,1777553803686732,1777553803670838,1777553803686732,,,,client-2-3,Insert,918233,200,15894
client,client_request,completed,1777553803702901,2,,,1777553803686862,1777553803702901,1777553803686862,1777553803702901,,,,client-2-3,Remove,404363,200,16039
client,client_request,completed,1777553803719429,2,,,1777553803703007,1777553803719429,1777553803703007,1777553803719429,,,,client-2-3,Insert,-2533401,200,16422
client,client_request,completed,1777553803735455,2,,,1777553803719552,1777553803735455,1777553803719552,1777553803735455,,,,client-2-3,Insert,-3635625,200,15903
client,client_request,completed,1777553803751568,2,,,1777553803735805,1777553803751568,1777553803735805,1777553803751568,,,,client-2-3,Insert,4159256,200,15763
client,client_request,completed,1777553803827834,2,,,1777553803751801,1777553803827834,1777553803751801,1777553803827834,,,,client-2-3,Remove,1217902,200,76033
client,client_request,completed,1777553803847167,2,,,1777553803827938,1777553803847167,1777553803827938,1777553803847167,,,,client-2-3,Remove,7666269,200,19229
client,client_request,completed,1777553803864727,2,,,1777553803847281,1777553803864727,1777553803847281,1777553803864727,,,,client-2-3,Insert,-2705880,200,17446
client,client_request,completed,1777553803881361,2,,,1777553803865007,1777553803881361,1777553803865007,1777553803881361,,,,client-2-3,Remove,16032742,200,16354
client,client_request,completed,1777553803897639,2,,,1777553803881732,1777553803897639,1777553803881732,1777553803897639,,,,client-2-3,Remove,-15787940,200,15907
client,client_request,completed,1777553803913981,2,,,1777553803897740,1777553803913981,1777553803897740,1777553803913981,,,,client-2-3,Remove,6224086,200,16241
client,client_request,completed,1777553803930480,2,,,1777553803914081,1777553803930480,1777553803914081,1777553803930480,,,,client-2-3,Insert,4239596,200,16399
client,client_request,completed,1777553803948545,2,,,1777553803930582,1777553803948545,1777553803930582,1777553803948545,,,,client-2-3,Remove,-5282038,200,17963
client,client_request,completed,1777553803965217,2,,,1777553803948916,1777553803965217,1777553803948916,1777553803965217,,,,client-2-3,Remove,-6266153,200,16301
client,client_request,completed,1777553803983401,2,,,1777553803965318,1777553803983401,1777553803965318,1777553803983401,,,,client-2-3,Remove,80161,200,18083
client,client_request,completed,1777553804000573,2,,,1777553803983783,1777553804000573,1777553803983783,1777553804000573,,,,client-2-3,Remove,13559587,200,16790
client,client_request,completed,1777553804017530,2,,,1777553804000680,1777553804017530,1777553804000680,1777553804017530,,,,client-2-3,Remove,5694445,200,16850
client,client_request,completed,1777553804034641,2,,,1777553804017658,1777553804034641,1777553804017658,1777553804034641,,,,client-2-3,Remove,10261339,200,16983
client,client_request,completed,1777553804051738,2,,,1777553804034746,1777553804051738,1777553804034746,1777553804051738,,,,client-2-3,Insert,-13280132,200,16992
client,client_request,completed,1777553804069033,2,,,1777553804051841,1777553804069033,1777553804051841,1777553804069033,,,,client-2-3,Remove,10315457,200,17192
client,client_request,completed,1777553804085932,2,,,1777553804069248,1777553804085932,1777553804069248,1777553804085932,,,,client-2-3,Insert,-13600940,200,16684
client,client_request,completed,1777553804102859,2,,,1777553804086306,1777553804102859,1777553804086306,1777553804102859,,,,client-2-3,Insert,2295610,200,16553
client,client_request,completed,1777553804119555,2,,,1777553804102965,1777553804119555,1777553804102965,1777553804119555,,,,client-2-3,Remove,-11925568,200,16590
client,client_request,completed,1777553804136125,2,,,1777553804119681,1777553804136125,1777553804119681,1777553804136125,,,,client-2-3,Remove,3832305,200,16444
client,client_request,completed,1777553804153821,2,,,1777553804136278,1777553804153821,1777553804136278,1777553804153821,,,,client-2-3,Insert,9311358,200,17543
client,client_request,completed,1777553804171815,2,,,1777553804153923,1777553804171815,1777553804153923,1777553804171815,,,,client-2-3,Insert,15583454,200,17892
client,client_request,completed,1777553804189862,2,,,1777553804171912,1777553804189862,1777553804171912,1777553804189862,,,,client-2-3,Remove,-9043129,200,17950
client,client_request,completed,1777553804207061,2,,,1777553804189957,1777553804207061,1777553804189957,1777553804207061,,,,client-2-3,Insert,-5836867,200,17104
client,client_request,completed,1777553804224507,2,,,1777553804207163,1777553804224507,1777553804207163,1777553804224507,,,,client-2-3,Insert,1396415,200,17344
client,client_request,completed,1777553804242349,2,,,1777553804224714,1777553804242349,1777553804224714,1777553804242349,,,,client-2-3,Remove,-16412265,200,17635
client,client_request,completed,1777553804261531,2,,,1777553804242451,1777553804261531,1777553804242451,1777553804261531,,,,client-2-3,Insert,71518,200,19080
client,client_request,completed,1777553804279819,2,,,1777553804261626,1777553804279819,1777553804261626,1777553804279819,,,,client-2-3,Insert,3098868,200,18193
client,client_request,completed,1777553804296797,2,,,1777553804279921,1777553804296797,1777553804279921,1777553804296797,,,,client-2-3,Remove,-1213430,200,16876
client,client_request,completed,1777553804314337,2,,,1777553804296898,1777553804314337,1777553804296898,1777553804314337,,,,client-2-3,Insert,-10193618,200,17439
client,client_request,completed,1777553804331013,2,,,1777553804314543,1777553804331013,1777553804314543,1777553804331013,,,,client-2-3,Insert,12506429,200,16470
client,client_request,completed,1777553804348933,2,,,1777553804331364,1777553804348933,1777553804331364,1777553804348933,,,,client-2-3,Insert,13768296,200,17569
client,client_request,completed,1777553804366321,2,,,1777553804349064,1777553804366321,1777553804349064,1777553804366321,,,,client-2-3,Insert,-9205109,200,17257
client,client_request,completed,1777553804383334,2,,,1777553804366415,1777553804383334,1777553804366415,1777553804383334,,,,client-2-3,Insert,16289139,200,16919
client,client_request,completed,1777553804400024,2,,,1777553804383686,1777553804400024,1777553804383686,1777553804400024,,,,client-2-3,Remove,-1033216,200,16338
client,client_request,completed,1777553804417139,2,,,1777553804400400,1777553804417139,1777553804400400,1777553804417139,,,,client-2-3,Remove,542658,200,16739
client,client_request,completed,1777553804435420,2,,,1777553804417491,1777553804435420,1777553804417491,1777553804435420,,,,client-2-3,Insert,-16659214,200,17929
client,client_request,completed,1777553804452346,2,,,1777553804435546,1777553804452346,1777553804435546,1777553804452346,,,,client-2-3,Remove,10396106,200,16800
client,client_request,completed,1777553804469941,2,,,1777553804452446,1777553804469941,1777553804452446,1777553804469941,,,,client-2-3,Remove,12300894,200,17495
client,client_request,completed,1777553804488273,2,,,1777553804470042,1777553804488273,1777553804470042,1777553804488273,,,,client-2-3,Remove,-5577489,200,18231
client,client_request,completed,1777553804507268,2,,,1777553804488640,1777553804507268,1777553804488640,1777553804507268,,,,client-2-3,Remove,-14796401,200,18628
client,client_request,completed,1777553804524485,2,,,1777553804507465,1777553804524485,1777553804507465,1777553804524485,,,,client-2-3,Insert,-13212957,200,17020
client,client_request,completed,1777553804541671,2,,,1777553804524591,1777553804541671,1777553804524591,1777553804541671,,,,client-2-3,Insert,9524343,200,17080
client,client_request,completed,1777553804558723,2,,,1777553804541771,1777553804558723,1777553804541771,1777553804558723,,,,client-2-3,Remove,-2153732,200,16952
client,client_request,completed,1777553804575369,2,,,1777553804558819,1777553804575369,1777553804558819,1777553804575369,,,,client-2-3,Insert,15797075,200,16550
client,client_request,completed,1777553804592154,2,,,1777553804575465,1777553804592154,1777553804575465,1777553804592154,,,,client-2-3,Insert,-238496,200,16689
client,client_request,completed,1777553804609899,2,,,1777553804592269,1777553804609899,1777553804592269,1777553804609899,,,,client-2-3,Insert,-6637988,200,17630
client,client_request,completed,1777553804627679,2,,,1777553804610001,1777553804627679,1777553804610001,1777553804627679,,,,client-2-3,Insert,503063,200,17678
client,client_request,completed,1777553804644259,2,,,1777553804627780,1777553804644259,1777553804627780,1777553804644259,,,,client-2-3,Insert,7576159,200,16479
client,client_request,completed,1777553804661387,2,,,1777553804644351,1777553804661387,1777553804644351,1777553804661387,,,,client-2-3,Insert,-11359800,200,17036
client,client_request,completed,1777553804678224,2,,,1777553804661594,1777553804678224,1777553804661594,1777553804678224,,,,client-2-3,Insert,1882786,200,16630
client,client_request,completed,1777553804694984,2,,,1777553804678432,1777553804694984,1777553804678432,1777553804694984,,,,client-2-3,Insert,12746265,200,16552
client,client_request,completed,1777553804713011,2,,,1777553804695191,1777553804713011,1777553804695191,1777553804713011,,,,client-2-3,Remove,14863756,200,17820
client,client_request,completed,1777553804730293,2,,,1777553804713144,1777553804730293,1777553804713144,1777553804730293,,,,client-2-3,Remove,-10142809,200,17149
client,client_request,completed,1777553804747331,2,,,1777553804730395,1777553804747331,1777553804730395,1777553804747331,,,,client-2-3,Remove,-1169202,200,16936
client,client_request,completed,1777553804763848,2,,,1777553804747536,1777553804763848,1777553804747536,1777553804763848,,,,client-2-3,Insert,-3159312,200,16312
client,client_request,completed,1777553804844093,2,,,1777553804763950,1777553804844093,1777553804763950,1777553804844093,,,,client-2-3,Insert,-10620629,200,80143
client,client_request,completed,1777553804860974,2,,,1777553804844227,1777553804860974,1777553804844227,1777553804860974,,,,client-2-3,Remove,9543287,200,16747
client,client_request,completed,1777553804877862,2,,,1777553804861077,1777553804877862,1777553804861077,1777553804877862,,,,client-2-3,Remove,-10210624,200,16785
client,client_request,completed,1777553804895683,2,,,1777553804877963,1777553804895683,1777553804877963,1777553804895683,,,,client-2-3,Remove,-2009826,200,17720
client,client_request,completed,1777553804912275,2,,,1777553804895784,1777553804912275,1777553804895784,1777553804912275,,,,client-2-3,Insert,2100846,200,16491
client,client_request,completed,1777553804928884,2,,,1777553804912407,1777553804928884,1777553804912407,1777553804928884,,,,client-2-3,Insert,770007,200,16477
client,client_request,completed,1777553804946029,2,,,1777553804929251,1777553804946029,1777553804929251,1777553804946029,,,,client-2-3,Insert,-11781373,200,16778
client,client_request,completed,1777553804963138,2,,,1777553804946229,1777553804963138,1777553804946229,1777553804963138,,,,client-2-3,Remove,-9004858,200,16909
client,client_request,completed,1777553804980170,2,,,1777553804963241,1777553804980170,1777553804963241,1777553804980170,,,,client-2-3,Insert,-11364867,200,16929
client,client_request,completed,1777553804996907,2,,,1777553804980313,1777553804996907,1777553804980313,1777553804996907,,,,client-2-3,Insert,4300116,200,16594
client,client_request,completed,1777553805014457,2,,,1777553804997026,1777553805014457,1777553804997026,1777553805014457,,,,client-2-3,Remove,-1170190,200,17431
client,client_request,completed,1777553805031637,2,,,1777553805014560,1777553805031637,1777553805014560,1777553805031637,,,,client-2-3,Remove,9093797,200,17077
client,client_request,completed,1777553805048551,2,,,1777553805031777,1777553805048551,1777553805031777,1777553805048551,,,,client-2-3,Remove,-6523350,200,16774
client,client_request,completed,1777553805065776,2,,,1777553805048600,1777553805065776,1777553805048600,1777553805065776,,,,client-2-3,Remove,-2091475,200,17176
client,client_request,completed,1777553805083926,2,,,1777553805065836,1777553805083926,1777553805065836,1777553805083926,,,,client-2-3,Remove,-10398680,200,18090
client,client_request,completed,1777553805101638,2,,,1777553805084303,1777553805101638,1777553805084303,1777553805101638,,,,client-2-3,Insert,-7978171,200,17335
client,client_request,completed,1777553805118706,2,,,1777553805101987,1777553805118706,1777553805101987,1777553805118706,,,,client-2-3,Remove,4532546,200,16719
client,client_request,completed,1777553805135948,2,,,1777553805118807,1777553805135948,1777553805118807,1777553805135948,,,,client-2-3,Insert,-14351010,200,17141
client,client_request,completed,1777553805153114,2,,,1777553805136051,1777553805153114,1777553805136051,1777553805153114,,,,client-2-3,Insert,-6970951,200,17063
client,client_request,completed,1777553805170417,2,,,1777553805153204,1777553805170417,1777553805153204,1777553805170417,,,,client-2-3,Remove,-3034190,200,17213
client,client_request,completed,1777553805187297,2,,,1777553805170518,1777553805187297,1777553805170518,1777553805187297,,,,client-2-3,Insert,-14954947,200,16779
client,client_request,completed,1777553805204227,2,,,1777553805187422,1777553805204227,1777553805187422,1777553805204227,,,,client-2-3,Remove,-13508204,200,16805
client,client_request,completed,1777553805220204,2,,,1777553805204599,1777553805220204,1777553805204599,1777553805220204,,,,client-2-3,Remove,3085817,200,15605
client,client_request,completed,1777553805237255,2,,,1777553805220300,1777553805237255,1777553805220300,1777553805237255,,,,client-2-3,Insert,-2731856,200,16955
client,client_request,completed,1777553805254192,2,,,1777553805237357,1777553805254192,1777553805237357,1777553805254192,,,,client-2-3,Insert,6455805,200,16835
client,client_request,completed,1777553805271024,2,,,1777553805254331,1777553805271024,1777553805254331,1777553805271024,,,,client-2-3,Remove,-11171338,200,16693
client,client_request,completed,1777553805287427,2,,,1777553805271230,1777553805287427,1777553805271230,1777553805287427,,,,client-2-3,Remove,-11574860,200,16197
client,client_request,completed,1777553805304304,2,,,1777553805287529,1777553805304304,1777553805287529,1777553805304304,,,,client-2-3,Insert,1433092,200,16775
client,client_request,completed,1777553805321132,2,,,1777553805304406,1777553805321132,1777553805304406,1777553805321132,,,,client-2-3,Remove,-5261872,200,16726
client,client_request,completed,1777553805337936,2,,,1777553805321262,1777553805337936,1777553805321262,1777553805337936,,,,client-2-3,Insert,-3703684,200,16674
client,client_request,completed,1777553805354495,2,,,1777553805338304,1777553805354495,1777553805338304,1777553805354495,,,,client-2-3,Remove,-3121035,200,16191
client,client_request,completed,1777553805371230,2,,,1777553805354595,1777553805371230,1777553805354595,1777553805371230,,,,client-2-3,Insert,-249593,200,16635
client,client_request,completed,1777553805388170,2,,,1777553805371333,1777553805388170,1777553805371333,1777553805388170,,,,client-2-3,Remove,-15343734,200,16837
client,client_request,completed,1777553805405041,2,,,1777553805388318,1777553805405041,1777553805388318,1777553805405041,,,,client-2-3,Remove,11294134,200,16723
client,client_request,completed,1777553805421889,2,,,1777553805405408,1777553805421889,1777553805405408,1777553805421889,,,,client-2-3,Remove,8010324,200,16481
client,client_request,completed,1777553805438619,2,,,1777553805421991,1777553805438619,1777553805421991,1777553805438619,,,,client-2-3,Remove,6949770,200,16628
client,client_request,completed,1777553805455528,2,,,1777553805438737,1777553805455528,1777553805438737,1777553805455528,,,,client-2-3,Remove,-15702338,200,16791
client,client_request,completed,1777553805472507,2,,,1777553805455661,1777553805472507,1777553805455661,1777553805472507,,,,client-2-3,Insert,-15680659,200,16846
client,client_request,completed,1777553805489877,2,,,1777553805472867,1777553805489877,1777553805472867,1777553805489877,,,,client-2-3,Remove,-3909272,200,17010
client,client_request,completed,1777553805506913,2,,,1777553805489980,1777553805506913,1777553805489980,1777553805506913,,,,client-2-3,Insert,768659,200,16933
client,client_request,completed,1777553805523787,2,,,1777553805507013,1777553805523787,1777553805507013,1777553805523787,,,,client-2-3,Insert,-15102725,200,16774
client,client_request,completed,1777553805540996,2,,,1777553805523890,1777553805540996,1777553805523890,1777553805540996,,,,client-2-3,Remove,16175229,200,17106
client,client_request,completed,1777553805558133,2,,,1777553805541131,1777553805558133,1777553805541131,1777553805558133,,,,client-2-3,Remove,-7894579,200,17002
client,client_request,completed,1777553805574845,2,,,1777553805558230,1777553805574845,1777553805558230,1777553805574845,,,,client-2-3,Insert,5589182,200,16615
client,client_request,completed,1777553805591664,2,,,1777553805574942,1777553805591664,1777553805574942,1777553805591664,,,,client-2-3,Remove,8518007,200,16722
client,client_request,completed,1777553805609048,2,,,1777553805591760,1777553805609048,1777553805591760,1777553805609048,,,,client-2-3,Remove,14692553,200,17288
client,client_request,completed,1777553805626059,2,,,1777553805609425,1777553805626059,1777553805609425,1777553805626059,,,,client-2-3,Remove,3763373,200,16634
client,client_request,completed,1777553805642667,2,,,1777553805626162,1777553805642667,1777553805626162,1777553805642667,,,,client-2-3,Insert,-11325984,200,16505
client,client_request,completed,1777553805659709,2,,,1777553805642782,1777553805659709,1777553805642782,1777553805659709,,,,client-2-3,Insert,-9641059,200,16927
client,client_request,completed,1777553805676984,2,,,1777553805659802,1777553805676984,1777553805659802,1777553805676984,,,,client-2-3,Insert,14341642,200,17182
client,client_request,completed,1777553805694124,2,,,1777553805677110,1777553805694124,1777553805677110,1777553805694124,,,,client-2-3,Remove,-1712329,200,17014
client,client_request,completed,1777553805711082,2,,,1777553805694251,1777553805711082,1777553805694251,1777553805711082,,,,client-2-3,Insert,16584099,200,16831
client,client_request,completed,1777553805728238,2,,,1777553805711443,1777553805728238,1777553805711443,1777553805728238,,,,client-2-3,Remove,-14390242,200,16795
client,client_request,completed,1777553805745351,2,,,1777553805728610,1777553805745351,1777553805728610,1777553805745351,,,,client-2-3,Remove,-7015650,200,16741
client,client_request,completed,1777553805762554,2,,,1777553805745712,1777553805762554,1777553805745712,1777553805762554,,,,client-2-3,Remove,-13730977,200,16842
client,client_request,completed,1777553805841499,2,,,1777553805762759,1777553805841499,1777553805762759,1777553805841499,,,,client-2-3,Insert,-7748259,200,78740
client,client_request,completed,1777553805858722,2,,,1777553805841603,1777553805858722,1777553805841603,1777553805858722,,,,client-2-3,Remove,16350429,200,17119
client,client_request,completed,1777553805876049,2,,,1777553805858825,1777553805876049,1777553805858825,1777553805876049,,,,client-2-3,Remove,-9355942,200,17224
client,client_request,completed,1777553805893134,2,,,1777553805876151,1777553805893134,1777553805876151,1777553805893134,,,,client-2-3,Insert,-6763656,200,16983
client,client_request,completed,1777553805910466,2,,,1777553805893265,1777553805910466,1777553805893265,1777553805910466,,,,client-2-3,Insert,-92402,200,17201
client,client_request,completed,1777553805927971,2,,,1777553805910599,1777553805927971,1777553805910599,1777553805927971,,,,client-2-3,Insert,-11656971,200,17372
client,client_request,completed,1777553805944703,2,,,1777553805928356,1777553805944703,1777553805928356,1777553805944703,,,,client-2-3,Remove,11854392,200,16347
client,client_request,completed,1777553805962291,2,,,1777553805944804,1777553805962291,1777553805944804,1777553805962291,,,,client-2-3,Insert,1488174,200,17487
client,client_request,completed,1777553805979657,2,,,1777553805962394,1777553805979657,1777553805962394,1777553805979657,,,,client-2-3,Remove,11682376,200,17263
client,client_request,completed,1777553805997179,2,,,1777553805979761,1777553805997179,1777553805979761,1777553805997179,,,,client-2-3,Insert,13011548,200,17418
client,client_request,completed,1777553806014955,2,,,1777553805997280,1777553806014955,1777553805997280,1777553806014955,,,,client-2-3,Insert,-9594009,200,17675
client,client_request,completed,1777553806032411,2,,,1777553806015058,1777553806032411,1777553806015058,1777553806032411,,,,client-2-3,Insert,-8907600,200,17353
client,client_request,completed,1777553806050060,2,,,1777553806032512,1777553806050060,1777553806032512,1777553806050060,,,,client-2-3,Insert,4059739,200,17548
client,client_request,completed,1777553806067530,2,,,1777553806050163,1777553806067530,1777553806050163,1777553806067530,,,,client-2-3,Remove,6512824,200,17367
client,client_request,completed,1777553806084860,2,,,1777553806067631,1777553806084860,1777553806067631,1777553806084860,,,,client-2-3,Remove,3053896,200,17229
client,client_request,completed,1777553806102704,2,,,1777553806084962,1777553806102704,1777553806084962,1777553806102704,,,,client-2-3,Remove,-10502037,200,17742
client,client_request,completed,1777553806120152,2,,,1777553806102806,1777553806120152,1777553806102806,1777553806120152,,,,client-2-3,Insert,7717954,200,17346
client,client_request,completed,1777553806137524,2,,,1777553806120276,1777553806137524,1777553806120276,1777553806137524,,,,client-2-3,Remove,11171163,200,17248
client,client_request,completed,1777553806155150,2,,,1777553806137623,1777553806155150,1777553806137623,1777553806155150,,,,client-2-3,Remove,9224718,200,17527
client,client_request,completed,1777553806172613,2,,,1777553806155251,1777553806172613,1777553806155251,1777553806172613,,,,client-2-3,Insert,6335306,200,17362
client,client_request,completed,1777553806190187,2,,,1777553806172717,1777553806190187,1777553806172717,1777553806190187,,,,client-2-3,Remove,1223047,200,17470
client,client_request,completed,1777553806207575,2,,,1777553806190290,1777553806207575,1777553806190290,1777553806207575,,,,client-2-3,Insert,-3452999,200,17285
client,client_request,completed,1777553806224999,2,,,1777553806207688,1777553806224999,1777553806207688,1777553806224999,,,,client-2-3,Insert,10922610,200,17311
client,client_request,completed,1777553806242642,2,,,1777553806225129,1777553806242642,1777553806225129,1777553806242642,,,,client-2-3,Insert,-4727402,200,17513
client,client_request,completed,1777553806260000,2,,,1777553806242743,1777553806260000,1777553806242743,1777553806260000,,,,client-2-3,Insert,147802,200,17257
client,client_request,completed,1777553806277584,2,,,1777553806260111,1777553806277584,1777553806260111,1777553806277584,,,,client-2-3,Insert,5463730,200,17473
client,client_request,completed,1777553806295241,2,,,1777553806277687,1777553806295241,1777553806277687,1777553806295241,,,,client-2-3,Insert,9373403,200,17554
client,client_request,completed,1777553806313406,2,,,1777553806295344,1777553806313406,1777553806295344,1777553806313406,,,,client-2-3,Remove,-10511902,200,18062
client,client_request,completed,1777553806331460,2,,,1777553806313616,1777553806331460,1777553806313616,1777553806331460,,,,client-2-3,Insert,-8680806,200,17844
client,client_request,completed,1777553806348818,2,,,1777553806331586,1777553806348818,1777553806331586,1777553806348818,,,,client-2-3,Remove,9016779,200,17232
client,client_request,completed,1777553806366512,2,,,1777553806349192,1777553806366512,1777553806349192,1777553806366512,,,,client-2-3,Remove,-5935945,200,17320
client,client_request,completed,1777553806384329,2,,,1777553806366883,1777553806384329,1777553806366883,1777553806384329,,,,client-2-3,Remove,16421975,200,17446
client,client_request,completed,1777553806401604,2,,,1777553806384547,1777553806401604,1777553806384547,1777553806401604,,,,client-2-3,Remove,22599,200,17057
client,client_request,completed,1777553806419351,2,,,1777553806401707,1777553806419351,1777553806401707,1777553806419351,,,,client-2-3,Insert,6622296,200,17644
client,client_request,completed,1777553806436777,2,,,1777553806419452,1777553806436777,1777553806419452,1777553806436777,,,,client-2-3,Remove,-611407,200,17325
client,client_request,completed,1777553806454571,2,,,1777553806436879,1777553806454571,1777553806436879,1777553806454571,,,,client-2-3,Insert,-6588456,200,17692
client,client_request,completed,1777553806472046,2,,,1777553806454672,1777553806472046,1777553806454672,1777553806472046,,,,client-2-3,Insert,-939085,200,17374
client,client_request,completed,1777553806489997,2,,,1777553806472148,1777553806489997,1777553806472148,1777553806489997,,,,client-2-3,Insert,4708014,200,17849
client,client_request,completed,1777553806507624,2,,,1777553806490099,1777553806507624,1777553806490099,1777553806507624,,,,client-2-3,Insert,13149322,200,17525
client,client_request,completed,1777553806525604,2,,,1777553806507725,1777553806525604,1777553806507725,1777553806525604,,,,client-2-3,Remove,-10064634,200,17879
client,client_request,completed,1777553806545326,2,,,1777553806526037,1777553806545326,1777553806526037,1777553806545326,,,,client-2-3,Remove,-3034408,200,19289
client,client_request,completed,1777553806559492,2,,,1777553806545458,1777553806559492,1777553806545458,1777553806559492,,,,client-2-3,Remove,-11193534,200,14034
client,client_request,completed,1777553806576978,2,,,1777553806559589,1777553806576978,1777553806559589,1777553806576978,,,,client-2-3,Insert,8419033,200,17389
client,client_request,completed,1777553806594752,2,,,1777553806577075,1777553806594752,1777553806577075,1777553806594752,,,,client-2-3,Remove,-1593964,200,17677
client,client_request,completed,1777553806612477,2,,,1777553806594849,1777553806612477,1777553806594849,1777553806612477,,,,client-2-3,Insert,12040828,200,17628
client,client_request,completed,1777553806630268,2,,,1777553806612574,1777553806630268,1777553806612574,1777553806630268,,,,client-2-3,Remove,13640452,200,17694
client,client_request,completed,1777553806647674,2,,,1777553806630373,1777553806647674,1777553806630373,1777553806647674,,,,client-2-3,Remove,-3641966,200,17301
client,client_request,completed,1777553806665505,2,,,1777553806647806,1777553806665505,1777553806647806,1777553806665505,,,,client-2-3,Insert,14629583,200,17699
client,client_request,completed,1777553806683299,2,,,1777553806665871,1777553806683299,1777553806665871,1777553806683299,,,,client-2-3,Insert,7663477,200,17428
client,client_request,completed,1777553806700812,2,,,1777553806683649,1777553806700812,1777553806683649,1777553806700812,,,,client-2-3,Remove,-4074775,200,17163
client,client_request,completed,1777553806718159,2,,,1777553806701022,1777553806718159,1777553806701022,1777553806718159,,,,client-2-3,Remove,-7071952,200,17137
client,client_request,completed,1777553806735868,2,,,1777553806718265,1777553806735868,1777553806718265,1777553806735868,,,,client-2-3,Insert,3990531,200,17603
client,client_request,completed,1777553806753372,2,,,1777553806735972,1777553806753372,1777553806735972,1777553806753372,,,,client-2-3,Remove,14044026,200,17400
client,client_request,completed,1777553806828668,2,,,1777553806753504,1777553806828668,1777553806753504,1777553806828668,,,,client-2-3,Remove,5535022,200,75164
client,client_request,completed,1777553806847771,2,,,1777553806828775,1777553806847771,1777553806828775,1777553806847771,,,,client-2-3,Remove,-9102107,200,18996
client,client_request,completed,1777553806865095,2,,,1777553806847977,1777553806865095,1777553806847977,1777553806865095,,,,client-2-3,Remove,2969228,200,17118
client,client_request,completed,1777553806882822,2,,,1777553806865199,1777553806882822,1777553806865199,1777553806882822,,,,client-2-3,Remove,4757215,200,17623
client,client_request,completed,1777553806900491,2,,,1777553806882946,1777553806900491,1777553806882946,1777553806900491,,,,client-2-3,Remove,-10154821,200,17545
client,client_request,completed,1777553806918270,2,,,1777553806900618,1777553806918270,1777553806900618,1777553806918270,,,,client-2-3,Insert,-4452460,200,17652
client,client_request,completed,1777553806935991,2,,,1777553806918632,1777553806935991,1777553806918632,1777553806935991,,,,client-2-3,Remove,7068184,200,17359
client,client_request,completed,1777553806953914,2,,,1777553806936217,1777553806953914,1777553806936217,1777553806953914,,,,client-2-3,Remove,10104510,200,17697
client,client_request,completed,1777553806971455,2,,,1777553806954128,1777553806971455,1777553806954128,1777553806971455,,,,client-2-3,Insert,548974,200,17327
client,client_request,completed,1777553806989296,2,,,1777553806971561,1777553806989296,1777553806971561,1777553806989296,,,,client-2-3,Remove,-10236315,200,17735
client,client_request,completed,1777553807007304,2,,,1777553806989400,1777553807007304,1777553806989400,1777553807007304,,,,client-2-3,Remove,-2228624,200,17904
client,client_request,completed,1777553807025044,2,,,1777553807007439,1777553807025044,1777553807007439,1777553807025044,,,,client-2-3,Remove,-13751716,200,17605
client,client_request,completed,1777553807043239,2,,,1777553807025399,1777553807043239,1777553807025399,1777553807043239,,,,client-2-3,Remove,13146276,200,17840
client,client_request,completed,1777553807060736,2,,,1777553807043449,1777553807060736,1777553807043449,1777553807060736,,,,client-2-3,Insert,-6123545,200,17287
client,client_request,completed,1777553807078655,2,,,1777553807060842,1777553807078655,1777553807060842,1777553807078655,,,,client-2-3,Insert,-8765925,200,17813
client,client_request,completed,1777553807096518,2,,,1777553807078761,1777553807096518,1777553807078761,1777553807096518,,,,client-2-3,Insert,-12894299,200,17757
client,client_request,completed,1777553807114662,2,,,1777553807096624,1777553807114662,1777553807096624,1777553807114662,,,,client-2-3,Insert,-6963365,200,18038
client,client_request,completed,1777553807132620,2,,,1777553807114768,1777553807132620,1777553807114768,1777553807132620,,,,client-2-3,Insert,-16492318,200,17852
client,client_request,completed,1777553807150750,2,,,1777553807132753,1777553807150750,1777553807132753,1777553807150750,,,,client-2-3,Insert,9752246,200,17997
client,client_request,completed,1777553807168695,2,,,1777553807150883,1777553807168695,1777553807150883,1777553807168695,,,,client-2-3,Insert,-1022451,200,17812
client,client_request,completed,1777553807186501,2,,,1777553807168834,1777553807186501,1777553807168834,1777553807186501,,,,client-2-3,Insert,3204373,200,17667
client,client_request,completed,1777553807204523,2,,,1777553807186858,1777553807204523,1777553807186858,1777553807204523,,,,client-2-3,Remove,3824440,200,17665
client,client_request,completed,1777553807222530,2,,,1777553807204884,1777553807222530,1777553807204884,1777553807222530,,,,client-2-3,Insert,11670363,200,17646
client,client_request,completed,1777553807240288,2,,,1777553807222737,1777553807240288,1777553807222737,1777553807240288,,,,client-2-3,Remove,-4744182,200,17551
client,client_request,completed,1777553807258302,2,,,1777553807240393,1777553807258302,1777553807240393,1777553807258302,,,,client-2-3,Remove,14217314,200,17909
client,client_request,completed,1777553807276058,2,,,1777553807258409,1777553807276058,1777553807258409,1777553807276058,,,,client-2-3,Remove,8936033,200,17649
client,client_request,completed,1777553807294196,2,,,1777553807276163,1777553807294196,1777553807276163,1777553807294196,,,,client-2-3,Remove,7976947,200,18033
client,client_request,completed,1777553807312209,2,,,1777553807294300,1777553807312209,1777553807294300,1777553807312209,,,,client-2-3,Remove,-8936980,200,17909
client,client_request,completed,1777553807330110,2,,,1777553807312320,1777553807330110,1777553807312320,1777553807330110,,,,client-2-3,Remove,6417320,200,17790
client,client_request,completed,1777553807347952,2,,,1777553807330237,1777553807347952,1777553807330237,1777553807347952,,,,client-2-3,Remove,-10070741,200,17715
client,client_request,completed,1777553807366131,2,,,1777553807348330,1777553807366131,1777553807348330,1777553807366131,,,,client-2-3,Remove,12768102,200,17801
client,client_request,completed,1777553807383971,2,,,1777553807366338,1777553807383971,1777553807366338,1777553807383971,,,,client-2-3,Remove,-10940099,200,17633
client,client_request,completed,1777553807402139,2,,,1777553807384170,1777553807402139,1777553807384170,1777553807402139,,,,client-2-3,Insert,-7238522,200,17969
client,client_request,completed,1777553807419798,2,,,1777553807402342,1777553807419798,1777553807402342,1777553807419798,,,,client-2-3,Remove,-1750839,200,17456
client,client_request,completed,1777553807438181,2,,,1777553807419903,1777553807438181,1777553807419903,1777553807438181,,,,client-2-3,Remove,9570927,200,18278
client,client_request,completed,1777553807456087,2,,,1777553807438285,1777553807456087,1777553807438285,1777553807456087,,,,client-2-3,Remove,1281045,200,17802
client,client_request,completed,1777553807474242,2,,,1777553807456212,1777553807474242,1777553807456212,1777553807474242,,,,client-2-3,Insert,4831180,200,18030
client,client_request,completed,1777553807492358,2,,,1777553807474374,1777553807492358,1777553807474374,1777553807492358,,,,client-2-3,Remove,6094113,200,17984
client,client_request,completed,1777553807510711,2,,,1777553807492487,1777553807510711,1777553807492487,1777553807510711,,,,client-2-3,Remove,-14474540,200,18224
client,client_request,completed,1777553807528766,2,,,1777553807510941,1777553807528766,1777553807510941,1777553807528766,,,,client-2-3,Insert,1505687,200,17825
client,client_request,completed,1777553807547537,2,,,1777553807528869,1777553807547537,1777553807528869,1777553807547537,,,,client-2-3,Insert,13517903,200,18668
client,client_request,completed,1777553807566827,2,,,1777553807547661,1777553807566827,1777553807547661,1777553807566827,,,,client-2-3,Remove,11480769,200,19166
client,client_request,completed,1777553807586219,2,,,1777553807566944,1777553807586219,1777553807566944,1777553807586219,,,,client-2-3,Remove,-1014657,200,19275
client,client_request,completed,1777553807604815,2,,,1777553807586319,1777553807604815,1777553807586319,1777553807604815,,,,client-2-3,Insert,30868,200,18496
client,client_request,completed,1777553807622975,2,,,1777553807604911,1777553807622975,1777553807604911,1777553807622975,,,,client-2-3,Insert,12146593,200,18064
client,client_request,completed,1777553807641055,2,,,1777553807623079,1777553807641055,1777553807623079,1777553807641055,,,,client-2-3,Remove,8905130,200,17976
client,client_request,completed,1777553807659411,2,,,1777553807641159,1777553807659411,1777553807641159,1777553807659411,,,,client-2-3,Insert,-3616836,200,18252
client,client_request,completed,1777553807678391,2,,,1777553807659515,1777553807678391,1777553807659515,1777553807678391,,,,client-2-3,Remove,16286477,200,18876
client,client_request,completed,1777553807696831,2,,,1777553807678522,1777553807696831,1777553807678522,1777553807696831,,,,client-2-3,Remove,-6857990,200,18309
client,client_request,completed,1777553807715207,2,,,1777553807696969,1777553807715207,1777553807696969,1777553807715207,,,,client-2-3,Insert,179015,200,18238
client,client_request,completed,1777553807732877,2,,,1777553807715416,1777553807732877,1777553807715416,1777553807732877,,,,client-2-3,Remove,-12894383,200,17461
client,client_request,completed,1777553807751074,2,,,1777553807732982,1777553807751074,1777553807732982,1777553807751074,,,,client-2-3,Insert,-12825544,200,18092
client,client_request,completed,1777553807769350,2,,,1777553807751180,1777553807769350,1777553807751180,1777553807769350,,,,client-2-3,Insert,-701251,200,18170
client,client_request,completed,1777553807851094,2,,,1777553807769454,1777553807851094,1777553807769454,1777553807851094,,,,client-2-3,Remove,4127904,200,81640
client,client_request,completed,1777553807869125,2,,,1777553807851218,1777553807869125,1777553807851218,1777553807869125,,,,client-2-3,Remove,12311685,200,17907
client,client_request,completed,1777553807887582,2,,,1777553807869229,1777553807887582,1777553807869229,1777553807887582,,,,client-2-3,Insert,16307164,200,18353
client,client_request,completed,1777553807905687,2,,,1777553807887696,1777553807905687,1777553807887696,1777553807905687,,,,client-2-3,Remove,7142265,200,17991
client,client_request,completed,1777553807924079,2,,,1777553807905817,1777553807924079,1777553807905817,1777553807924079,,,,client-2-3,Remove,12651636,200,18262
client,client_request,completed,1777553807942256,2,,,1777553807924236,1777553807942256,1777553807924236,1777553807942256,,,,client-2-3,Remove,1009909,200,18020
client,client_request,completed,1777553807960899,2,,,1777553807942628,1777553807960899,1777553807942628,1777553807960899,,,,client-2-3,Insert,-6544337,200,18271
client,client_request,completed,1777553807979683,2,,,1777553807961263,1777553807979683,1777553807961263,1777553807979683,,,,client-2-3,Insert,13313354,200,18420
client,client_request,completed,1777553807998953,2,,,1777553807980040,1777553807998953,1777553807980040,1777553807998953,,,,client-2-3,Insert,-1714362,200,18913
client,client_request,completed,1777553808017403,2,,,1777553807999058,1777553808017403,1777553807999058,1777553808017403,,,,client-2-3,Remove,-15400495,200,18345
client,client_request,completed,1777553808036075,2,,,1777553808017508,1777553808036075,1777553808017508,1777553808036075,,,,client-2-3,Remove,7368346,200,18567
client,client_request,completed,1777553808054921,2,,,1777553808036211,1777553808054921,1777553808036211,1777553808054921,,,,client-2-3,Insert,593004,200,18710
client,client_request,completed,1777553808073989,2,,,1777553808055026,1777553808073989,1777553808055026,1777553808073989,,,,client-2-3,Insert,6584631,200,18963
client,client_request,completed,1777553808092214,2,,,1777553808074340,1777553808092214,1777553808074340,1777553808092214,,,,client-2-3,Insert,-16258013,200,17874
client,client_request,completed,1777553808110752,2,,,1777553808092574,1777553808110752,1777553808092574,1777553808110752,,,,client-2-3,Insert,-15629475,200,18178
client,client_request,completed,1777553808129603,2,,,1777553808111103,1777553808129603,1777553808111103,1777553808129603,,,,client-2-3,Insert,-2443308,200,18500
client,client_request,completed,1777553808147738,2,,,1777553808129738,1777553808147738,1777553808129738,1777553808147738,,,,client-2-3,Insert,15649995,200,18000
client,client_request,completed,1777553808166407,2,,,1777553808148091,1777553808166407,1777553808148091,1777553808166407,,,,client-2-3,Remove,12433209,200,18316
client,client_request,completed,1777553808184865,2,,,1777553808166761,1777553808184865,1777553808166761,1777553808184865,,,,client-2-3,Remove,-3617012,200,18104
client,client_request,completed,1777553808203406,2,,,1777553808185226,1777553808203406,1777553808185226,1777553808203406,,,,client-2-3,Insert,-3421369,200,18180
client,client_request,completed,1777553808222238,2,,,1777553808203754,1777553808222238,1777553808203754,1777553808222238,,,,client-2-3,Insert,5418416,200,18484
client,client_request,completed,1777553808240573,2,,,1777553808222346,1777553808240573,1777553808222346,1777553808240573,,,,client-2-3,Insert,4740530,200,18227
client,client_request,completed,1777553808258857,2,,,1777553808240926,1777553808258857,1777553808240926,1777553808258857,,,,client-2-3,Remove,11500012,200,17931
client,client_request,completed,1777553808276978,2,,,1777553808259209,1777553808276978,1777553808259209,1777553808276978,,,,client-2-3,Insert,7292884,200,17769
client,client_request,completed,1777553808295354,2,,,1777553808277339,1777553808295354,1777553808277339,1777553808295354,,,,client-2-3,Remove,11093994,200,18015
client,client_request,completed,1777553808313889,2,,,1777553808295469,1777553808313889,1777553808295469,1777553808313889,,,,client-2-3,Insert,12970534,200,18420
client,client_request,completed,1777553808332317,2,,,1777553808313994,1777553808332317,1777553808313994,1777553808332317,,,,client-2-3,Insert,-6887803,200,18323
client,client_request,completed,1777553808350834,2,,,1777553808332441,1777553808350834,1777553808332441,1777553808350834,,,,client-2-3,Insert,8831687,200,18393
client,client_request,completed,1777553808369249,2,,,1777553808350937,1777553808369249,1777553808350937,1777553808369249,,,,client-2-3,Insert,5313686,200,18312
client,client_request,completed,1777553808387701,2,,,1777553808369354,1777553808387701,1777553808369354,1777553808387701,,,,client-2-3,Remove,11340408,200,18347
client,client_request,completed,1777553808406675,2,,,1777553808387806,1777553808406675,1777553808387806,1777553808406675,,,,client-2-3,Remove,3258450,200,18869
client,client_request,completed,1777553808426527,2,,,1777553808406785,1777553808426527,1777553808406785,1777553808426527,,,,client-2-3,Insert,-6830138,200,19742
client,client_request,completed,1777553808445284,2,,,1777553808426889,1777553808445284,1777553808426889,1777553808445284,,,,client-2-3,Insert,-3676669,200,18395
client,client_request,completed,1777553808463757,2,,,1777553808445422,1777553808463757,1777553808445422,1777553808463757,,,,client-2-3,Remove,12176452,200,18335
client,client_request,completed,1777553808482404,2,,,1777553808463874,1777553808482404,1777553808463874,1777553808482404,,,,client-2-3,Insert,-5545543,200,18530
client,client_request,completed,1777553808500707,2,,,1777553808482507,1777553808500707,1777553808482507,1777553808500707,,,,client-2-3,Remove,-15818451,200,18200
client,client_request,completed,1777553808519476,2,,,1777553808500841,1777553808519476,1777553808500841,1777553808519476,,,,client-2-3,Remove,5413878,200,18635
client,client_request,completed,1777553808538715,2,,,1777553808519585,1777553808538715,1777553808519585,1777553808538715,,,,client-2-3,Remove,3451563,200,19130
client,client_request,completed,1777553808557681,2,,,1777553808538827,1777553808557681,1777553808538827,1777553808557681,,,,client-2-3,Remove,-3576173,200,18854
client,client_request,completed,1777553808576291,2,,,1777553808557776,1777553808576291,1777553808557776,1777553808576291,,,,client-2-3,Insert,9487392,200,18515
client,client_request,completed,1777553808595199,2,,,1777553808576386,1777553808595199,1777553808576386,1777553808595199,,,,client-2-3,Remove,15535280,200,18813
client,client_request,completed,1777553808613854,2,,,1777553808595295,1777553808613854,1777553808595295,1777553808613854,,,,client-2-3,Insert,1312543,200,18559
client,client_request,completed,1777553808632395,2,,,1777553808613959,1777553808632395,1777553808613959,1777553808632395,,,,client-2-3,Insert,7771170,200,18436
client,client_request,completed,1777553808651089,2,,,1777553808632500,1777553808651089,1777553808632500,1777553808651089,,,,client-2-3,Insert,12542263,200,18589
client,client_request,completed,1777553808669946,2,,,1777553808651194,1777553808669946,1777553808651194,1777553808669946,,,,client-2-3,Remove,4827698,200,18752
client,client_request,completed,1777553808688308,2,,,1777553808670050,1777553808688308,1777553808670050,1777553808688308,,,,client-2-3,Insert,-8705110,200,18258
client,client_request,completed,1777553808706813,2,,,1777553808688413,1777553808706813,1777553808688413,1777553808706813,,,,client-2-3,Remove,-14552054,200,18400
client,client_request,completed,1777553808725917,2,,,1777553808706917,1777553808725917,1777553808706917,1777553808725917,,,,client-2-3,Insert,5058333,200,19000
client,client_request,completed,1777553808744656,2,,,1777553808726140,1777553808744656,1777553808726140,1777553808744656,,,,client-2-3,Insert,-16183854,200,18516
client,client_request,completed,1777553808763333,2,,,1777553808745017,1777553808763333,1777553808745017,1777553808763333,,,,client-2-3,Remove,-3557642,200,18316
client,client_request,completed,1777553808845545,2,,,1777553808763694,1777553808845545,1777553808763694,1777553808845545,,,,client-2-3,Remove,12551776,200,81851
client,client_request,completed,1777553808864112,2,,,1777553808845673,1777553808864112,1777553808845673,1777553808864112,,,,client-2-3,Insert,-4116143,200,18439
client,client_request,completed,1777553808882609,2,,,1777553808864476,1777553808882609,1777553808864476,1777553808882609,,,,client-2-3,Insert,-15015382,200,18133
client,client_request,completed,1777553808901002,2,,,1777553808882743,1777553808901002,1777553808882743,1777553808901002,,,,client-2-3,Insert,11788378,200,18259
client,client_request,completed,1777553808919592,2,,,1777553808901141,1777553808919592,1777553808901141,1777553808919592,,,,client-2-3,Remove,-6493100,200,18451
client,client_request,completed,1777553808938248,2,,,1777553808919701,1777553808938248,1777553808919701,1777553808938248,,,,client-2-3,Remove,-4968056,200,18547
client,client_request,completed,1777553808957349,2,,,1777553808938353,1777553808957349,1777553808938353,1777553808957349,,,,client-2-3,Insert,7686498,200,18996
client,client_request,completed,1777553808976574,2,,,1777553808957472,1777553808976574,1777553808957472,1777553808976574,,,,client-2-3,Remove,1476116,200,19102
client,client_request,completed,1777553808995417,2,,,1777553808976794,1777553808995417,1777553808976794,1777553808995417,,,,client-2-3,Insert,-12207954,200,18623
client,client_request,completed,1777553809014097,2,,,1777553808995533,1777553809014097,1777553808995533,1777553809014097,,,,client-2-3,Remove,-3588995,200,18564
client,client_request,completed,1777553809032883,2,,,1777553809014205,1777553809032883,1777553809014205,1777553809032883,,,,client-2-3,Remove,-1036551,200,18678
client,client_request,completed,1777553809051800,2,,,1777553809032988,1777553809051800,1777553809032988,1777553809051800,,,,client-2-3,Remove,5922952,200,18812
client,client_request,completed,1777553809070636,2,,,1777553809051904,1777553809070636,1777553809051904,1777553809070636,,,,client-2-3,Remove,3984679,200,18732
client,client_request,completed,1777553809089503,2,,,1777553809070748,1777553809089503,1777553809070748,1777553809089503,,,,client-2-3,Remove,2039577,200,18755
client,client_request,completed,1777553809108293,2,,,1777553809089860,1777553809108293,1777553809089860,1777553809108293,,,,client-2-3,Insert,-12209727,200,18433
client,client_request,completed,1777553809127029,2,,,1777553809108652,1777553809127029,1777553809108652,1777553809127029,,,,client-2-3,Remove,-12611507,200,18377
client,client_request,completed,1777553809145738,2,,,1777553809127166,1777553809145738,1777553809127166,1777553809145738,,,,client-2-3,Remove,16706220,200,18572
client,client_request,completed,1777553809164678,2,,,1777553809145843,1777553809164678,1777553809145843,1777553809164678,,,,client-2-3,Insert,6170004,200,18835
client,client_request,completed,1777553809183572,2,,,1777553809164783,1777553809183572,1777553809164783,1777553809183572,,,,client-2-3,Remove,-1699631,200,18789
client,client_request,completed,1777553809202452,2,,,1777553809183779,1777553809202452,1777553809183779,1777553809202452,,,,client-2-3,Remove,-6447455,200,18673
client,client_request,completed,1777553809221141,2,,,1777553809202803,1777553809221141,1777553809202803,1777553809221141,,,,client-2-3,Remove,-3381288,200,18338
client,client_request,completed,1777553809240341,2,,,1777553809221246,1777553809240341,1777553809221246,1777553809240341,,,,client-2-3,Remove,-10339469,200,19095
client,client_request,completed,1777553809259828,2,,,1777553809240444,1777553809259828,1777553809240444,1777553809259828,,,,client-2-3,Insert,-556070,200,19384
client,client_request,completed,1777553809279601,2,,,1777553809260209,1777553809279601,1777553809260209,1777553809279601,,,,client-2-3,Insert,2965435,200,19392
client,client_request,completed,1777553809301298,2,,,1777553809279708,1777553809301298,1777553809279708,1777553809301298,,,,client-2-3,Insert,-9529725,200,21590
client,client_request,completed,1777553809322411,2,,,1777553809301407,1777553809322411,1777553809301407,1777553809322411,,,,client-2-3,Remove,-6463929,200,21004
client,client_request,completed,1777553809342207,2,,,1777553809322519,1777553809342207,1777553809322519,1777553809342207,,,,client-2-3,Insert,-14699011,200,19688
client,client_request,completed,1777553809361494,2,,,1777553809342552,1777553809361494,1777553809342552,1777553809361494,,,,client-2-3,Insert,-14103747,200,18942
client,client_request,completed,1777553809382189,2,,,1777553809361605,1777553809382189,1777553809361605,1777553809382189,,,,client-2-3,Remove,-8505428,200,20584
client,client_request,completed,1777553809402153,2,,,1777553809382293,1777553809402153,1777553809382293,1777553809402153,,,,client-2-3,Insert,-322979,200,19860
client,client_request,completed,1777553809421883,2,,,1777553809402283,1777553809421883,1777553809402283,1777553809421883,,,,client-2-3,Remove,3600026,200,19600
client,client_request,completed,1777553809441846,2,,,1777553809421988,1777553809441846,1777553809421988,1777553809441846,,,,client-2-3,Insert,1931565,200,19858
client,client_request,completed,1777553809461003,2,,,1777553809442213,1777553809461003,1777553809442213,1777553809461003,,,,client-2-3,Remove,-12115115,200,18790
client,client_request,completed,1777553809480626,2,,,1777553809461111,1777553809480626,1777553809461111,1777553809480626,,,,client-2-3,Insert,-9666432,200,19515
client,client_request,completed,1777553809499823,2,,,1777553809480843,1777553809499823,1777553809480843,1777553809499823,,,,client-2-3,Remove,-4723131,200,18980
client,client_request,completed,1777553809519241,2,,,1777553809500172,1777553809519241,1777553809500172,1777553809519241,,,,client-2-3,Insert,12532674,200,19069
client,client_request,completed,1777553809538870,2,,,1777553809519353,1777553809538870,1777553809519353,1777553809538870,,,,client-2-3,Remove,14078044,200,19517
client,client_request,completed,1777553809558368,2,,,1777553809538976,1777553809558368,1777553809538976,1777553809558368,,,,client-2-3,Remove,-386751,200,19392
client,client_request,completed,1777553809578170,2,,,1777553809558463,1777553809578170,1777553809558463,1777553809578170,,,,client-2-3,Remove,6329656,200,19707
client,client_request,completed,1777553809599922,2,,,1777553809578270,1777553809599922,1777553809578270,1777553809599922,,,,client-2-3,Remove,6761683,200,21652
client,client_request,completed,1777553809619603,2,,,1777553809600021,1777553809619603,1777553809600021,1777553809619603,,,,client-2-3,Insert,-4190880,200,19582
client,client_request,completed,1777553809639150,2,,,1777553809619701,1777553809639150,1777553809619701,1777553809639150,,,,client-2-3,Remove,3520881,200,19449
client,client_request,completed,1777553809658559,2,,,1777553809639261,1777553809658559,1777553809639261,1777553809658559,,,,client-2-3,Insert,8040086,200,19298
client,client_request,completed,1777553809678002,2,,,1777553809658918,1777553809678002,1777553809658918,1777553809678002,,,,client-2-3,Remove,-5816013,200,19084
client,client_request,completed,1777553809697526,2,,,1777553809678106,1777553809697526,1777553809678106,1777553809697526,,,,client-2-3,Insert,-4773942,200,19420
client,client_request,completed,1777553809716753,2,,,1777553809697737,1777553809716753,1777553809697737,1777553809716753,,,,client-2-3,Remove,-7122451,200,19016
client,client_request,completed,1777553809735763,2,,,1777553809717113,1777553809735763,1777553809717113,1777553809735763,,,,client-2-3,Insert,-994007,200,18650
client,client_request,completed,1777553809754704,2,,,1777553809735996,1777553809754704,1777553809735996,1777553809754704,,,,client-2-3,Remove,8673143,200,18708
client,client_request,completed,1777553809836568,2,,,1777553809754909,1777553809836568,1777553809754909,1777553809836568,,,,client-2-3,Remove,692876,200,81659
client,client_request,completed,1777553809855871,2,,,1777553809836936,1777553809855871,1777553809836936,1777553809855871,,,,client-2-3,Remove,3091033,200,18935
client,client_request,completed,1777553809874213,2,,,1777553809856249,1777553809874213,1777553809856249,1777553809874213,,,,client-2-3,Insert,-12134160,200,17964
client,client_request,completed,1777553809892843,2,,,1777553809874316,1777553809892843,1777553809874316,1777553809892843,,,,client-2-3,Insert,8899354,200,18527
client,client_request,completed,1777553809911828,2,,,1777553809892948,1777553809911828,1777553809892948,1777553809911828,,,,client-2-3,Remove,8626449,200,18880
client,client_request,completed,1777553809930580,2,,,1777553809911953,1777553809930580,1777553809911953,1777553809930580,,,,client-2-3,Remove,11080942,200,18627
client,client_request,completed,1777553809948856,2,,,1777553809930791,1777553809948856,1777553809930791,1777553809948856,,,,client-2-3,Remove,900085,200,18065
client,client_request,completed,1777553809967729,2,,,1777553809948959,1777553809967729,1777553809948959,1777553809967729,,,,client-2-3,Remove,-5410165,200,18770
client,client_request,completed,1777553809986849,2,,,1777553809967832,1777553809986849,1777553809967832,1777553809986849,,,,client-2-3,Insert,10453172,200,19017
client,client_request,completed,1777553810006028,2,,,1777553809986953,1777553810006028,1777553809986953,1777553810006028,,,,client-2-3,Remove,10761650,200,19075
client,client_request,completed,1777553810024884,2,,,1777553810006133,1777553810024884,1777553810006133,1777553810024884,,,,client-2-3,Insert,-9602832,200,18751
client,client_request,completed,1777553810043499,2,,,1777553810025093,1777553810043499,1777553810025093,1777553810043499,,,,client-2-3,Remove,12160662,200,18406
client,client_request,completed,1777553810062507,2,,,1777553810043603,1777553810062507,1777553810043603,1777553810062507,,,,client-2-3,Insert,-14504265,200,18904
client,client_request,completed,1777553810081333,2,,,1777553810062613,1777553810081333,1777553810062613,1777553810081333,,,,client-2-3,Insert,10303249,200,18720
client,client_request,completed,1777553810100260,2,,,1777553810081461,1777553810100260,1777553810081461,1777553810100260,,,,client-2-3,Remove,-14648571,200,18799
client,client_request,completed,1777553810118786,2,,,1777553810100485,1777553810118786,1777553810100485,1777553810118786,,,,client-2-3,Insert,3974201,200,18301
client,client_request,completed,1777553810138005,2,,,1777553810118891,1777553810138005,1777553810118891,1777553810138005,,,,client-2-3,Remove,-7900675,200,19114
client,client_request,completed,1777553810156747,2,,,1777553810138110,1777553810156747,1777553810138110,1777553810156747,,,,client-2-3,Remove,9648736,200,18637
client,client_request,completed,1777553810175791,2,,,1777553810156875,1777553810175791,1777553810156875,1777553810175791,,,,client-2-3,Insert,1152209,200,18916
client,client_request,completed,1777553810194607,2,,,1777553810176141,1777553810194607,1777553810176141,1777553810194607,,,,client-2-3,Remove,-4339698,200,18466
client,client_request,completed,1777553810213451,2,,,1777553810194716,1777553810213451,1777553810194716,1777553810213451,,,,client-2-3,Remove,14456236,200,18735
client,client_request,completed,1777553810232465,2,,,1777553810213556,1777553810232465,1777553810213556,1777553810232465,,,,client-2-3,Insert,14345189,200,18909
client,client_request,completed,1777553810251498,2,,,1777553810232594,1777553810251498,1777553810232594,1777553810251498,,,,client-2-3,Insert,11318797,200,18904
client,client_request,completed,1777553810270056,2,,,1777553810251699,1777553810270056,1777553810251699,1777553810270056,,,,client-2-3,Remove,-12834408,200,18357
client,client_request,completed,1777553810288919,2,,,1777553810270159,1777553810288919,1777553810270159,1777553810288919,,,,client-2-3,Remove,10018376,200,18760
client,client_request,completed,1777553810307912,2,,,1777553810289024,1777553810307912,1777553810289024,1777553810307912,,,,client-2-3,Insert,-9676269,200,18888
client,client_request,completed,1777553810326906,2,,,1777553810308029,1777553810326906,1777553810308029,1777553810326906,,,,client-2-3,Insert,-11175785,200,18877
client,client_request,completed,1777553810346147,2,,,1777553810327259,1777553810346147,1777553810327259,1777553810346147,,,,client-2-3,Insert,2022215,200,18888
client,client_request,completed,1777553810365113,2,,,1777553810346362,1777553810365113,1777553810346362,1777553810365113,,,,client-2-3,Insert,7311337,200,18751
client,client_request,completed,1777553810384209,2,,,1777553810365216,1777553810384209,1777553810365216,1777553810384209,,,,client-2-3,Remove,14763673,200,18993
client,client_request,completed,1777553810403281,2,,,1777553810384390,1777553810403281,1777553810384390,1777553810403281,,,,client-2-3,Remove,4814638,200,18891
client,client_request,completed,1777553810423275,2,,,1777553810403645,1777553810423275,1777553810403645,1777553810423275,,,,client-2-3,Insert,4533595,200,19630
client,client_request,completed,1777553810442868,2,,,1777553810423379,1777553810442868,1777553810423379,1777553810442868,,,,client-2-3,Remove,9119927,200,19489
client,client_request,completed,1777553810461996,2,,,1777553810442971,1777553810461996,1777553810442971,1777553810461996,,,,client-2-3,Remove,6745023,200,19025
client,client_request,completed,1777553810480990,2,,,1777553810462101,1777553810480990,1777553810462101,1777553810480990,,,,client-2-3,Insert,2657207,200,18889
client,client_request,completed,1777553810500208,2,,,1777553810481117,1777553810500208,1777553810481117,1777553810500208,,,,client-2-3,Remove,-5255006,200,19091
client,client_request,completed,1777553810518893,2,,,1777553810500570,1777553810518893,1777553810500570,1777553810518893,,,,client-2-3,Remove,2901293,200,18323
client,client_request,completed,1777553810538141,2,,,1777553810518996,1777553810538141,1777553810518996,1777553810538141,,,,client-2-3,Insert,5735030,200,19145
client,client_request,completed,1777553810557275,2,,,1777553810538247,1777553810557275,1777553810538247,1777553810557275,,,,client-2-3,Remove,-9353765,200,19028
client,client_request,completed,1777553810576428,2,,,1777553810557385,1777553810576428,1777553810557385,1777553810576428,,,,client-2-3,Remove,-7624028,200,19043
client,client_request,completed,1777553810595607,2,,,1777553810576526,1777553810595607,1777553810576526,1777553810595607,,,,client-2-3,Insert,-9274559,200,19081
client,client_request,completed,1777553810615098,2,,,1777553810595704,1777553810615098,1777553810595704,1777553810615098,,,,client-2-3,Remove,7668543,200,19394
client,client_request,completed,1777553810634401,2,,,1777553810615203,1777553810634401,1777553810615203,1777553810634401,,,,client-2-3,Insert,-12811935,200,19198
client,client_request,completed,1777553810653476,2,,,1777553810634507,1777553810653476,1777553810634507,1777553810653476,,,,client-2-3,Insert,-352652,200,18969
client,client_request,completed,1777553810672740,2,,,1777553810653581,1777553810672740,1777553810653581,1777553810672740,,,,client-2-3,Insert,8869530,200,19159
client,client_request,completed,1777553810691686,2,,,1777553810672867,1777553810691686,1777553810672867,1777553810691686,,,,client-2-3,Remove,2963231,200,18819
client,client_request,completed,1777553810710519,2,,,1777553810691891,1777553810710519,1777553810691891,1777553810710519,,,,client-2-3,Insert,-13243936,200,18628
client,client_request,completed,1777553810729494,2,,,1777553810710625,1777553810729494,1777553810710625,1777553810729494,,,,client-2-3,Remove,13482299,200,18869
client,client_request,completed,1777553810748881,2,,,1777553810729598,1777553810748881,1777553810729598,1777553810748881,,,,client-2-3,Remove,-10527568,200,19283
client,client_request,completed,1777553810768123,2,,,1777553810749012,1777553810768123,1777553810749012,1777553810768123,,,,client-2-3,Remove,-11825683,200,19111
client,client_request,completed,1777553810851371,2,,,1777553810768521,1777553810851371,1777553810768521,1777553810851371,,,,client-2-3,Remove,2645547,200,82850
client,client_request,completed,1777553810871245,2,,,1777553810851574,1777553810871245,1777553810851574,1777553810871245,,,,client-2-3,Remove,-12541719,200,19671
client,client_request,completed,1777553810890610,2,,,1777553810871625,1777553810890610,1777553810871625,1777553810890610,,,,client-2-3,Insert,-14236694,200,18985
client,client_request,completed,1777553810909643,2,,,1777553810890821,1777553810909643,1777553810890821,1777553810909643,,,,client-2-3,Remove,-5437773,200,18822
client,client_request,completed,1777553810928941,2,,,1777553810909746,1777553810928941,1777553810909746,1777553810928941,,,,client-2-3,Remove,-16513035,200,19195
client,client_request,completed,1777553810948637,2,,,1777553810929065,1777553810948637,1777553810929065,1777553810948637,,,,client-2-3,Remove,-2544130,200,19572
client,client_request,completed,1777553810968596,2,,,1777553810948740,1777553810968596,1777553810948740,1777553810968596,,,,client-2-3,Remove,16594371,200,19856
client,client_request,completed,1777553810988165,2,,,1777553810968974,1777553810988165,1777553810968974,1777553810988165,,,,client-2-3,Insert,6879744,200,19191
client,client_request,completed,1777553811007861,2,,,1777553810988289,1777553811007861,1777553810988289,1777553811007861,,,,client-2-3,Remove,-10111116,200,19572
client,client_request,completed,1777553811027692,2,,,1777553811007966,1777553811027692,1777553811007966,1777553811027692,,,,client-2-3,Insert,-4392208,200,19726
client,client_request,completed,1777553811047458,2,,,1777553811027797,1777553811047458,1777553811027797,1777553811047458,,,,client-2-3,Remove,11239611,200,19661
client,client_request,completed,1777553811067517,2,,,1777553811047561,1777553811067517,1777553811047561,1777553811067517,,,,client-2-3,Remove,-9493800,200,19956
client,client_request,completed,1777553811086944,2,,,1777553811067872,1777553811086944,1777553811067872,1777553811086944,,,,client-2-3,Remove,-11755930,200,19072
client,client_request,completed,1777553811107036,2,,,1777553811087072,1777553811107036,1777553811087072,1777553811107036,,,,client-2-3,Remove,-9985460,200,19964
client,client_request,completed,1777553811126747,2,,,1777553811107140,1777553811126747,1777553811107140,1777553811126747,,,,client-2-3,Remove,1888956,200,19607
client,client_request,completed,1777553811146349,2,,,1777553811126850,1777553811146349,1777553811126850,1777553811146349,,,,client-2-3,Insert,16263936,200,19499
client,client_request,completed,1777553811166540,2,,,1777553811146457,1777553811166540,1777553811146457,1777553811166540,,,,client-2-3,Insert,-16692046,200,20083
client,client_request,completed,1777553811186150,2,,,1777553811166987,1777553811186150,1777553811166987,1777553811186150,,,,client-2-3,Remove,13151727,200,19163
client,client_request,completed,1777553811205581,2,,,1777553811186278,1777553811205581,1777553811186278,1777553811205581,,,,client-2-3,Insert,15195590,200,19303
client,client_request,completed,1777553811225205,2,,,1777553811205688,1777553811225205,1777553811205688,1777553811225205,,,,client-2-3,Remove,-3743232,200,19517
client,client_request,completed,1777553811244921,2,,,1777553811225310,1777553811244921,1777553811225310,1777553811244921,,,,client-2-3,Remove,-6583044,200,19611
client,client_request,completed,1777553811265014,2,,,1777553811245027,1777553811265014,1777553811245027,1777553811265014,,,,client-2-3,Insert,11362673,200,19987
client,client_request,completed,1777553811284796,2,,,1777553811265228,1777553811284796,1777553811265228,1777553811284796,,,,client-2-3,Remove,-15836137,200,19568
client,client_request,completed,1777553811304530,2,,,1777553811285009,1777553811304530,1777553811285009,1777553811304530,,,,client-2-3,Insert,-9596086,200,19521
client,client_request,completed,1777553811323830,2,,,1777553811304889,1777553811323830,1777553811304889,1777553811323830,,,,client-2-3,Remove,12462376,200,18941
client,client_request,completed,1777553811343500,2,,,1777553811323937,1777553811343500,1777553811323937,1777553811343500,,,,client-2-3,Insert,-3113415,200,19563
client,client_request,completed,1777553811363987,2,,,1777553811343602,1777553811363987,1777553811343602,1777553811363987,,,,client-2-3,Insert,-12038941,200,20385
client,client_request,completed,1777553811385727,2,,,1777553811364092,1777553811385727,1777553811364092,1777553811385727,,,,client-2-3,Insert,-2693786,200,21635
client,client_request,completed,1777553811407304,2,,,1777553811385832,1777553811407304,1777553811385832,1777553811407304,,,,client-2-3,Remove,-9293140,200,21472
client,client_request,completed,1777553811427913,2,,,1777553811407408,1777553811427913,1777553811407408,1777553811427913,,,,client-2-3,Insert,5021687,200,20505
client,client_request,completed,1777553811447804,2,,,1777553811428021,1777553811447804,1777553811428021,1777553811447804,,,,client-2-3,Insert,12029513,200,19783
client,client_request,completed,1777553811467722,2,,,1777553811447924,1777553811467722,1777553811447924,1777553811467722,,,,client-2-3,Insert,1035839,200,19798
client,client_request,completed,1777553811487601,2,,,1777553811467940,1777553811487601,1777553811467940,1777553811487601,,,,client-2-3,Insert,9242094,200,19661
client,client_request,completed,1777553811507180,2,,,1777553811487727,1777553811507180,1777553811487727,1777553811507180,,,,client-2-3,Insert,-16117094,200,19453
client,client_request,completed,1777553811527099,2,,,1777553811507285,1777553811527099,1777553811507285,1777553811527099,,,,client-2-3,Remove,8304721,200,19814
client,client_request,completed,1777553811547361,2,,,1777553811527459,1777553811547361,1777553811527459,1777553811547361,,,,client-2-3,Remove,-1685835,200,19902
client,client_request,completed,1777553811567304,2,,,1777553811547459,1777553811567304,1777553811547459,1777553811567304,,,,client-2-3,Remove,-14792662,200,19845
client,client_request,completed,1777553811587127,2,,,1777553811567402,1777553811587127,1777553811567402,1777553811587127,,,,client-2-3,Insert,11227553,200,19725
client,client_request,completed,1777553811607282,2,,,1777553811587223,1777553811607282,1777553811587223,1777553811607282,,,,client-2-3,Insert,-4112948,200,20059
client,client_request,completed,1777553811627287,2,,,1777553811607380,1777553811627287,1777553811607380,1777553811627287,,,,client-2-3,Insert,13784750,200,19907
client,client_request,completed,1777553811647254,2,,,1777553811627394,1777553811647254,1777553811627394,1777553811647254,,,,client-2-3,Insert,-11518113,200,19860
client,client_request,completed,1777553811667247,2,,,1777553811647389,1777553811667247,1777553811647389,1777553811667247,,,,client-2-3,Insert,-3081873,200,19858
client,client_request,completed,1777553811686860,2,,,1777553811667609,1777553811686860,1777553811667609,1777553811686860,,,,client-2-3,Insert,-13221518,200,19251
client,client_request,completed,1777553811707012,2,,,1777553811686963,1777553811707012,1777553811686963,1777553811707012,,,,client-2-3,Insert,-10957399,200,20049
client,client_request,completed,1777553811727223,2,,,1777553811707120,1777553811727223,1777553811707120,1777553811727223,,,,client-2-3,Remove,-15337978,200,20103
client,client_request,completed,1777553811746798,2,,,1777553811727358,1777553811746798,1777553811727358,1777553811746798,,,,client-2-3,Insert,13304767,200,19440
client,client_request,completed,1777553811766687,2,,,1777553811746900,1777553811766687,1777553811746900,1777553811766687,,,,client-2-3,Insert,-2730230,200,19787
client,client_request,completed,1777553811850775,2,,,1777553811766789,1777553811850775,1777553811766789,1777553811850775,,,,client-2-3,Insert,-5069943,200,83986
client,client_request,completed,1777553811870915,2,,,1777553811850881,1777553811870915,1777553811850881,1777553811870915,,,,client-2-3,Remove,10712704,200,20034
client,client_request,completed,1777553811890816,2,,,1777553811871120,1777553811890816,1777553811871120,1777553811890816,,,,client-2-3,Remove,-6753875,200,19696
client,client_request,completed,1777553811911091,2,,,1777553811890921,1777553811911091,1777553811890921,1777553811911091,,,,client-2-3,Insert,-13439467,200,20170
client,client_request,completed,1777553811930968,2,,,1777553811911199,1777553811930968,1777553811911199,1777553811930968,,,,client-2-3,Insert,6128270,200,19769
client,client_request,completed,1777553811951218,2,,,1777553811931070,1777553811951218,1777553811931070,1777553811951218,,,,client-2-3,Remove,-10651687,200,20148
client,client_request,completed,1777553811971458,2,,,1777553811951324,1777553811971458,1777553811951324,1777553811971458,,,,client-2-3,Insert,-5167424,200,20134
client,client_request,completed,1777553811991616,2,,,1777553811971664,1777553811991616,1777553811971664,1777553811991616,,,,client-2-3,Insert,13615632,200,19952
client,client_request,completed,1777553812011995,2,,,1777553811991723,1777553812011995,1777553811991723,1777553812011995,,,,client-2-3,Remove,5678105,200,20272
client,client_request,completed,1777553812032550,2,,,1777553812012118,1777553812032550,1777553812012118,1777553812032550,,,,client-2-3,Insert,12569335,200,20432
client,client_request,completed,1777553812052687,2,,,1777553812032914,1777553812052687,1777553812032914,1777553812052687,,,,client-2-3,Remove,15211001,200,19773
client,client_request,completed,1777553812072918,2,,,1777553812052792,1777553812072918,1777553812052792,1777553812072918,,,,client-2-3,Insert,5926648,200,20126
client,client_request,completed,1777553812093288,2,,,1777553812073021,1777553812093288,1777553812073021,1777553812093288,,,,client-2-3,Remove,-16081009,200,20267
client,client_request,completed,1777553812113637,2,,,1777553812093421,1777553812113637,1777553812093421,1777553812113637,,,,client-2-3,Remove,3800342,200,20216
client,client_request,completed,1777553812134096,2,,,1777553812113741,1777553812134096,1777553812113741,1777553812134096,,,,client-2-3,Remove,9783150,200,20355
client,client_request,completed,1777553812154529,2,,,1777553812134201,1777553812154529,1777553812134201,1777553812154529,,,,client-2-3,Insert,-8576078,200,20328
client,client_request,completed,1777553812174920,2,,,1777553812154632,1777553812174920,1777553812154632,1777553812174920,,,,client-2-3,Remove,-301173,200,20288
client,client_request,completed,1777553812195228,2,,,1777553812175024,1777553812195228,1777553812175024,1777553812195228,,,,client-2-3,Insert,1397481,200,20204
client,client_request,completed,1777553812215728,2,,,1777553812195330,1777553812215728,1777553812195330,1777553812215728,,,,client-2-3,Insert,15097868,200,20398
client,client_request,completed,1777553812236417,2,,,1777553812215865,1777553812236417,1777553812215865,1777553812236417,,,,client-2-3,Insert,-11661614,200,20552
client,client_request,completed,1777553812256641,2,,,1777553812236778,1777553812256641,1777553812236778,1777553812256641,,,,client-2-3,Remove,-12724591,200,19863
client,client_request,completed,1777553812276600,2,,,1777553812256857,1777553812276600,1777553812256857,1777553812276600,,,,client-2-3,Insert,3241177,200,19743
client,client_request,completed,1777553812296795,2,,,1777553812276697,1777553812296795,1777553812276697,1777553812296795,,,,client-2-3,Remove,-14132254,200,20098
client,client_request,completed,1777553812317562,2,,,1777553812296899,1777553812317562,1777553812296899,1777553812317562,,,,client-2-3,Insert,14600698,200,20663
client,client_request,completed,1777553812338307,2,,,1777553812317666,1777553812338307,1777553812317666,1777553812338307,,,,client-2-3,Remove,-5517790,200,20641
client,client_request,completed,1777553812358696,2,,,1777553812338411,1777553812358696,1777553812338411,1777553812358696,,,,client-2-3,Insert,11887150,200,20285
client,client_request,completed,1777553812379009,2,,,1777553812358799,1777553812379009,1777553812358799,1777553812379009,,,,client-2-3,Remove,5496930,200,20210
client,client_request,completed,1777553812399585,2,,,1777553812379118,1777553812399585,1777553812379118,1777553812399585,,,,client-2-3,Remove,-15888723,200,20467
client,client_request,completed,1777553812420021,2,,,1777553812399694,1777553812420021,1777553812399694,1777553812420021,,,,client-2-3,Remove,13225755,200,20327
client,client_request,completed,1777553812440526,2,,,1777553812420132,1777553812440526,1777553812420132,1777553812440526,,,,client-2-3,Remove,-12867037,200,20394
client,client_request,completed,1777553812460685,2,,,1777553812440885,1777553812460685,1777553812440885,1777553812460685,,,,client-2-3,Remove,8436970,200,19800
client,client_request,completed,1777553812481414,2,,,1777553812460790,1777553812481414,1777553812460790,1777553812481414,,,,client-2-3,Insert,-6128751,200,20624
client,client_request,completed,1777553812501520,2,,,1777553812481529,1777553812501520,1777553812481529,1777553812501520,,,,client-2-3,Remove,-13168755,200,19991
client,client_request,completed,1777553812521987,2,,,1777553812501623,1777553812521987,1777553812501623,1777553812521987,,,,client-2-3,Insert,13362727,200,20364
client,client_request,completed,1777553812542739,2,,,1777553812522110,1777553812542739,1777553812522110,1777553812542739,,,,client-2-3,Remove,-668431,200,20629
client,client_request,completed,1777553812563131,2,,,1777553812542851,1777553812563131,1777553812542851,1777553812563131,,,,client-2-3,Insert,3890843,200,20280
client,client_request,completed,1777553812583566,2,,,1777553812563229,1777553812583566,1777553812563229,1777553812583566,,,,client-2-3,Remove,6650488,200,20337
client,client_request,completed,1777553812604143,2,,,1777553812583662,1777553812604143,1777553812583662,1777553812604143,,,,client-2-3,Insert,-9943123,200,20481
client,client_request,completed,1777553812624604,2,,,1777553812604264,1777553812624604,1777553812604264,1777553812624604,,,,client-2-3,Insert,3074866,200,20340
client,client_request,completed,1777553812645107,2,,,1777553812624705,1777553812645107,1777553812624705,1777553812645107,,,,client-2-3,Insert,9442021,200,20402
client,client_request,completed,1777553812665581,2,,,1777553812645210,1777553812665581,1777553812645210,1777553812665581,,,,client-2-3,Insert,-627413,200,20371
client,client_request,completed,1777553812686185,2,,,1777553812665685,1777553812686185,1777553812665685,1777553812686185,,,,client-2-3,Insert,907766,200,20500
client,client_request,completed,1777553812706677,2,,,1777553812686291,1777553812706677,1777553812686291,1777553812706677,,,,client-2-3,Insert,-16701167,200,20386
client,client_request,completed,1777553812727289,2,,,1777553812706805,1777553812727289,1777553812706805,1777553812727289,,,,client-2-3,Insert,7512365,200,20484
client,client_request,completed,1777553812747859,2,,,1777553812727403,1777553812747859,1777553812727403,1777553812747859,,,,client-2-3,Remove,14098714,200,20456
client,client_request,completed,1777553812828452,2,,,1777553812748230,1777553812828452,1777553812748230,1777553812828452,,,,client-2-3,Remove,-16440656,200,80222
client,client_request,completed,1777553812853003,2,,,1777553812828569,1777553812853003,1777553812828569,1777553812853003,,,,client-2-3,Remove,-9695639,200,24434
client,client_request,completed,1777553812873168,2,,,1777553812853109,1777553812873168,1777553812853109,1777553812873168,,,,client-2-3,Insert,-5045627,200,20059
client,client_request,completed,1777553812892644,2,,,1777553812873299,1777553812892644,1777553812873299,1777553812892644,,,,client-2-3,Remove,1331105,200,19345
client,client_request,completed,1777553812912812,2,,,1777553812892746,1777553812912812,1777553812892746,1777553812912812,,,,client-2-3,Insert,10624872,200,20066
client,client_request,completed,1777553812934492,2,,,1777553812912950,1777553812934492,1777553812912950,1777553812934492,,,,client-2-3,Remove,-13505506,200,21542
client,client_request,completed,1777553812955688,2,,,1777553812934596,1777553812955688,1777553812934596,1777553812955688,,,,client-2-3,Remove,9231512,200,21092
client,client_request,completed,1777553812976810,2,,,1777553812956039,1777553812976810,1777553812956039,1777553812976810,,,,client-2-3,Insert,5125207,200,20771
client,client_request,completed,1777553812999432,2,,,1777553812977022,1777553812999432,1777553812977022,1777553812999432,,,,client-2-3,Insert,-12093025,200,22410
client,client_request,completed,1777553813024397,2,,,1777553812999484,1777553813024397,1777553812999484,1777553813024397,,,,client-2-3,Insert,-11747206,200,24913
client,client_request,completed,1777553813047921,2,,,1777553813024644,1777553813047921,1777553813024644,1777553813047921,,,,client-2-3,Remove,16125115,200,23277
client,client_request,completed,1777553813068842,2,,,1777553813048032,1777553813068842,1777553813048032,1777553813068842,,,,client-2-3,Insert,8047412,200,20810
client,client_request,completed,1777553813088781,2,,,1777553813069023,1777553813088781,1777553813069023,1777553813088781,,,,client-2-3,Insert,14355709,200,19758
client,client_request,completed,1777553813109431,2,,,1777553813088886,1777553813109431,1777553813088886,1777553813109431,,,,client-2-3,Remove,9997116,200,20545
client,client_request,completed,1777553813129238,2,,,1777553813109796,1777553813129238,1777553813109796,1777553813129238,,,,client-2-3,Remove,-6357929,200,19442
client,client_request,completed,1777553813149704,2,,,1777553813129342,1777553813149704,1777553813129342,1777553813149704,,,,client-2-3,Insert,4471182,200,20362
client,client_request,completed,1777553813170306,2,,,1777553813149808,1777553813170306,1777553813149808,1777553813170306,,,,client-2-3,Insert,8165787,200,20498
client,client_request,completed,1777553813190323,2,,,1777553813170517,1777553813190323,1777553813170517,1777553813190323,,,,client-2-3,Remove,9953151,200,19806
client,client_request,completed,1777553813210735,2,,,1777553813190428,1777553813210735,1777553813190428,1777553813210735,,,,client-2-3,Remove,-14042673,200,20307
client,client_request,completed,1777553813230912,2,,,1777553813211099,1777553813230912,1777553813211099,1777553813230912,,,,client-2-3,Remove,-7347067,200,19813
client,client_request,completed,1777553813251416,2,,,1777553813231018,1777553813251416,1777553813231018,1777553813251416,,,,client-2-3,Insert,-13385336,200,20398
client,client_request,completed,1777553813271511,2,,,1777553813251613,1777553813271511,1777553813251613,1777553813271511,,,,client-2-3,Remove,14185139,200,19898
client,client_request,completed,1777553813291662,2,,,1777553813271616,1777553813291662,1777553813271616,1777553813291662,,,,client-2-3,Remove,11868473,200,20046
client,client_request,completed,1777553813311890,2,,,1777553813291768,1777553813311890,1777553813291768,1777553813311890,,,,client-2-3,Insert,-2905379,200,20122
client,client_request,completed,1777553813331829,2,,,1777553813312263,1777553813331829,1777553813312263,1777553813331829,,,,client-2-3,Remove,4548626,200,19566
client,client_request,completed,1777553813352042,2,,,1777553813331935,1777553813352042,1777553813331935,1777553813352042,,,,client-2-3,Insert,-3022042,200,20107
client,client_request,completed,1777553813372126,2,,,1777553813352148,1777553813372126,1777553813352148,1777553813372126,,,,client-2-3,Insert,10912202,200,19978
client,client_request,completed,1777553813392562,2,,,1777553813372280,1777553813392562,1777553813372280,1777553813392562,,,,client-2-3,Insert,16038198,200,20282
client,client_request,completed,1777553813412592,2,,,1777553813392924,1777553813412592,1777553813392924,1777553813412592,,,,client-2-3,Insert,-7562566,200,19668
client,client_request,completed,1777553813432782,2,,,1777553813412697,1777553813432782,1777553813412697,1777553813432782,,,,client-2-3,Remove,-9139218,200,20085
client,client_request,completed,1777553813453197,2,,,1777553813432889,1777553813453197,1777553813432889,1777553813453197,,,,client-2-3,Remove,-636083,200,20308
client,client_request,completed,1777553813473451,2,,,1777553813453312,1777553813473451,1777553813453312,1777553813473451,,,,client-2-3,Insert,9741828,200,20139
client,client_request,completed,1777553813493387,2,,,1777553813473663,1777553813493387,1777553813473663,1777553813493387,,,,client-2-3,Remove,-16294265,200,19724
client,client_request,completed,1777553813513602,2,,,1777553813493491,1777553813513602,1777553813493491,1777553813513602,,,,client-2-3,Remove,6243967,200,20111
client,client_request,completed,1777553813533875,2,,,1777553813513733,1777553813533875,1777553813513733,1777553813533875,,,,client-2-3,Insert,5657304,200,20142
client,client_request,completed,1777553813554393,2,,,1777553813533980,1777553813554393,1777553813533980,1777553813554393,,,,client-2-3,Remove,-2305623,200,20413
client,client_request,completed,1777553813574651,2,,,1777553813554491,1777553813574651,1777553813554491,1777553813574651,,,,client-2-3,Insert,-4623066,200,20160
client,client_request,completed,1777553813595004,2,,,1777553813574748,1777553813595004,1777553813574748,1777553813595004,,,,client-2-3,Insert,16330736,200,20256
client,client_request,completed,1777553813615329,2,,,1777553813595101,1777553813615329,1777553813595101,1777553813615329,,,,client-2-3,Insert,-8111738,200,20228
client,client_request,completed,1777553813635709,2,,,1777553813615432,1777553813635709,1777553813615432,1777553813635709,,,,client-2-3,Remove,-9836119,200,20277
client,client_request,completed,1777553813656363,2,,,1777553813635833,1777553813656363,1777553813635833,1777553813656363,,,,client-2-3,Remove,7533920,200,20530
client,client_request,completed,1777553813676559,2,,,1777553813656512,1777553813676559,1777553813656512,1777553813676559,,,,client-2-3,Remove,10302315,200,20047
client,client_request,completed,1777553813696818,2,,,1777553813676662,1777553813696818,1777553813676662,1777553813696818,,,,client-2-3,Insert,8933605,200,20156
client,client_request,completed,1777553813717855,2,,,1777553813696950,1777553813717855,1777553813696950,1777553813717855,,,,client-2-3,Remove,11932981,200,20905
client,client_request,completed,1777553813738345,2,,,1777553813717961,1777553813738345,1777553813717961,1777553813738345,,,,client-2-3,Insert,-554299,200,20384
client,client_request,completed,1777553813758871,2,,,1777553813738448,1777553813758871,1777553813738448,1777553813758871,,,,client-2-3,Insert,14578109,200,20423
client,client_request,completed,1777553813843658,2,,,1777553813758975,1777553813843658,1777553813758975,1777553813843658,,,,client-2-3,Insert,258236,200,84683
client,client_request,completed,1777553813863600,2,,,1777553813843865,1777553813863600,1777553813843865,1777553813863600,,,,client-2-3,Insert,10634441,200,19735
client,client_request,completed,1777553813883905,2,,,1777553813863707,1777553813883905,1777553813863707,1777553813883905,,,,client-2-3,Remove,-13666759,200,20198
client,client_request,completed,1777553813904271,2,,,1777553813884012,1777553813904271,1777553813884012,1777553813904271,,,,client-2-3,Remove,-9622027,200,20259
client,client_request,completed,1777553813924623,2,,,1777553813904402,1777553813924623,1777553813904402,1777553813924623,,,,client-2-3,Insert,-4277961,200,20221
client,client_request,completed,1777553813945296,2,,,1777553813924983,1777553813945296,1777553813924983,1777553813945296,,,,client-2-3,Remove,13974965,200,20313
client,client_request,completed,1777553813965088,2,,,1777553813945504,1777553813965088,1777553813945504,1777553813965088,,,,client-2-3,Insert,-6444899,200,19584
client,client_request,completed,1777553813986032,2,,,1777553813965193,1777553813986032,1777553813965193,1777553813986032,,,,client-2-3,Insert,15172111,200,20839
client,client_request,completed,1777553814007027,2,,,1777553813986137,1777553814007027,1777553813986137,1777553814007027,,,,client-2-3,Insert,-7586856,200,20890
client,client_request,completed,1777553814026836,2,,,1777553814007131,1777553814026836,1777553814007131,1777553814026836,,,,client-2-3,Remove,14916403,200,19705
client,client_request,completed,1777553814047109,2,,,1777553814026941,1777553814047109,1777553814026941,1777553814047109,,,,client-2-3,Insert,7672015,200,20168
client,client_request,completed,1777553814067684,2,,,1777553814047218,1777553814067684,1777553814047218,1777553814067684,,,,client-2-3,Remove,13500451,200,20466
client,client_request,completed,1777553814087876,2,,,1777553814068013,1777553814087876,1777553814068013,1777553814087876,,,,client-2-3,Remove,11449070,200,19863
client,client_request,completed,1777553814108492,2,,,1777553814087983,1777553814108492,1777553814087983,1777553814108492,,,,client-2-3,Remove,4375229,200,20509
client,client_request,completed,1777553814128960,2,,,1777553814108621,1777553814128960,1777553814108621,1777553814128960,,,,client-2-3,Insert,-16188990,200,20339
client,client_request,completed,1777553814149729,2,,,1777553814129065,1777553814149729,1777553814129065,1777553814149729,,,,client-2-3,Insert,4745806,200,20664
client,client_request,completed,1777553814170399,2,,,1777553814149834,1777553814170399,1777553814149834,1777553814170399,,,,client-2-3,Insert,-10910705,200,20565
client,client_request,completed,1777553814190746,2,,,1777553814170765,1777553814190746,1777553814170765,1777553814190746,,,,client-2-3,Insert,6960891,200,19981
client,client_request,completed,1777553814212576,2,,,1777553814190851,1777553814212576,1777553814190851,1777553814212576,,,,client-2-3,Insert,5932190,200,21725
client,client_request,completed,1777553814232743,2,,,1777553814212940,1777553814232743,1777553814212940,1777553814232743,,,,client-2-3,Insert,-6269166,200,19803
client,client_request,completed,1777553814253319,2,,,1777553814232849,1777553814253319,1777553814232849,1777553814253319,,,,client-2-3,Remove,-9941733,200,20470
client,client_request,completed,1777553814273874,2,,,1777553814253422,1777553814273874,1777553814253422,1777553814273874,,,,client-2-3,Insert,5665767,200,20452
client,client_request,completed,1777553814294273,2,,,1777553814274239,1777553814294273,1777553814274239,1777553814294273,,,,client-2-3,Remove,2668677,200,20034
client,client_request,completed,1777553814314764,2,,,1777553814294376,1777553814314764,1777553814294376,1777553814314764,,,,client-2-3,Remove,5715646,200,20388
client,client_request,completed,1777553814335274,2,,,1777553814314869,1777553814335274,1777553814314869,1777553814335274,,,,client-2-3,Remove,8413978,200,20405
client,client_request,completed,1777553814355875,2,,,1777553814335391,1777553814355875,1777553814335391,1777553814355875,,,,client-2-3,Remove,-11222423,200,20484
client,client_request,completed,1777553814376123,2,,,1777553814356258,1777553814376123,1777553814356258,1777553814376123,,,,client-2-3,Insert,-3871036,200,19865
client,client_request,completed,1777553814396747,2,,,1777553814376248,1777553814396747,1777553814376248,1777553814396747,,,,client-2-3,Remove,-83557,200,20499
client,client_request,completed,1777553814417402,2,,,1777553814396851,1777553814417402,1777553814396851,1777553814417402,,,,client-2-3,Remove,-6375389,200,20551
client,client_request,completed,1777553814438317,2,,,1777553814417509,1777553814438317,1777553814417509,1777553814438317,,,,client-2-3,Remove,-2414555,200,20808
client,client_request,completed,1777553814459440,2,,,1777553814438424,1777553814459440,1777553814438424,1777553814459440,,,,client-2-3,Insert,14964275,200,21016
client,client_request,completed,1777553814480003,2,,,1777553814459552,1777553814480003,1777553814459552,1777553814480003,,,,client-2-3,Remove,12922899,200,20451
client,client_request,completed,1777553814500308,2,,,1777553814480220,1777553814500308,1777553814480220,1777553814500308,,,,client-2-3,Remove,-7576221,200,20088
client,client_request,completed,1777553814520926,2,,,1777553814500414,1777553814520926,1777553814500414,1777553814520926,,,,client-2-3,Insert,-1040775,200,20512
client,client_request,completed,1777553814541676,2,,,1777553814521032,1777553814541676,1777553814521032,1777553814541676,,,,client-2-3,Insert,3119566,200,20644
client,client_request,completed,1777553814562354,2,,,1777553814541806,1777553814562354,1777553814541806,1777553814562354,,,,client-2-3,Insert,6563243,200,20548
client,client_request,completed,1777553814583115,2,,,1777553814562452,1777553814583115,1777553814562452,1777553814583115,,,,client-2-3,Insert,15678605,200,20663
client,client_request,completed,1777553814603387,2,,,1777553814583212,1777553814603387,1777553814583212,1777553814603387,,,,client-2-3,Insert,-13018160,200,20175
client,client_request,completed,1777553814624153,2,,,1777553814603485,1777553814624153,1777553814603485,1777553814624153,,,,client-2-3,Remove,10761469,200,20668
client,client_request,completed,1777553814647196,2,,,1777553814624284,1777553814647196,1777553814624284,1777553814647196,,,,client-2-3,Remove,-243357,200,22912
client,client_request,completed,1777553814668785,2,,,1777553814647303,1777553814668785,1777553814647303,1777553814668785,,,,client-2-3,Remove,-3564767,200,21482
client,client_request,completed,1777553814689864,2,,,1777553814668927,1777553814689864,1777553814668927,1777553814689864,,,,client-2-3,Remove,10119575,200,20937
client,client_request,completed,1777553814710799,2,,,1777553814689970,1777553814710799,1777553814689970,1777553814710799,,,,client-2-3,Remove,2141442,200,20829
client,client_request,completed,1777553814731789,2,,,1777553814710905,1777553814731789,1777553814710905,1777553814731789,,,,client-2-3,Remove,-8947577,200,20884
client,client_request,completed,1777553814752631,2,,,1777553814731997,1777553814752631,1777553814731997,1777553814752631,,,,client-2-3,Remove,14618927,200,20634
client,client_request,completed,1777553814837011,2,,,1777553814752738,1777553814837011,1777553814752738,1777553814837011,,,,client-2-3,Remove,14632798,200,84273
client,client_request,completed,1777553814857422,2,,,1777553814837380,1777553814857422,1777553814837380,1777553814857422,,,,client-2-3,Remove,11455472,200,20042
client,client_request,completed,1777553814878017,2,,,1777553814857528,1777553814878017,1777553814857528,1777553814878017,,,,client-2-3,Remove,-7437893,200,20489
client,client_request,completed,1777553814898882,2,,,1777553814878124,1777553814898882,1777553814878124,1777553814898882,,,,client-2-3,Remove,-12929452,200,20758
client,client_request,completed,1777553814919576,2,,,1777553814899020,1777553814919576,1777553814899020,1777553814919576,,,,client-2-3,Insert,-12811313,200,20556
client,client_request,completed,1777553814942518,2,,,1777553814919683,1777553814942518,1777553814919683,1777553814942518,,,,client-2-3,Remove,-6384295,200,22835
client,client_request,completed,1777553814963050,2,,,1777553814942727,1777553814963050,1777553814942727,1777553814963050,,,,client-2-3,Remove,-610171,200,20323
client,client_request,completed,1777553814984969,2,,,1777553814963156,1777553814984969,1777553814963156,1777553814984969,,,,client-2-3,Remove,-1163852,200,21813
client,client_request,completed,1777553815006762,2,,,1777553814985073,1777553815006762,1777553814985073,1777553815006762,,,,client-2-3,Remove,-10681777,200,21689
client,client_request,completed,1777553815028860,2,,,1777553815006978,1777553815028860,1777553815006978,1777553815028860,,,,client-2-3,Remove,-5008340,200,21882
client,client_request,completed,1777553815050491,2,,,1777553815029228,1777553815050491,1777553815029228,1777553815050491,,,,client-2-3,Insert,-7243995,200,21263
client,client_request,completed,1777553815072950,2,,,1777553815050597,1777553815072950,1777553815050597,1777553815072950,,,,client-2-3,Remove,6071204,200,22353
client,client_request,completed,1777553815094519,2,,,1777553815073126,1777553815094519,1777553815073126,1777553815094519,,,,client-2-3,Insert,-3339348,200,21393
client,client_request,completed,1777553815116089,2,,,1777553815094683,1777553815116089,1777553815094683,1777553815116089,,,,client-2-3,Insert,-8752255,200,21406
client,client_request,completed,1777553815137667,2,,,1777553815116375,1777553815137667,1777553815116375,1777553815137667,,,,client-2-3,Remove,-2343319,200,21292
client,client_request,completed,1777553815159110,2,,,1777553815137782,1777553815159110,1777553815137782,1777553815159110,,,,client-2-3,Insert,-6064103,200,21328
client,client_request,completed,1777553815183558,2,,,1777553815159222,1777553815183558,1777553815159222,1777553815183558,,,,client-2-3,Insert,-11741977,200,24336
client,client_request,completed,1777553815204388,2,,,1777553815183911,1777553815204388,1777553815183911,1777553815204388,,,,client-2-3,Insert,139811,200,20477
client,client_request,completed,1777553815225231,2,,,1777553815204601,1777553815225231,1777553815204601,1777553815225231,,,,client-2-3,Remove,6080827,200,20630
client,client_request,completed,1777553815246361,2,,,1777553815225448,1777553815246361,1777553815225448,1777553815246361,,,,client-2-3,Remove,-13328614,200,20913
client,client_request,completed,1777553815266814,2,,,1777553815246569,1777553815266814,1777553815246569,1777553815266814,,,,client-2-3,Remove,6977088,200,20245
client,client_request,completed,1777553815287779,2,,,1777553815266922,1777553815287779,1777553815266922,1777553815287779,,,,client-2-3,Insert,1618377,200,20857
client,client_request,completed,1777553815308730,2,,,1777553815287884,1777553815308730,1777553815287884,1777553815308730,,,,client-2-3,Insert,15877799,200,20846
client,client_request,completed,1777553815330088,2,,,1777553815308833,1777553815330088,1777553815308833,1777553815330088,,,,client-2-3,Insert,1898365,200,21255
client,client_request,completed,1777553815350966,2,,,1777553815330190,1777553815350966,1777553815330190,1777553815350966,,,,client-2-3,Remove,-4733602,200,20776
client,client_request,completed,1777553815371868,2,,,1777553815351089,1777553815371868,1777553815351089,1777553815371868,,,,client-2-3,Remove,-16032388,200,20779
client,client_request,completed,1777553815393090,2,,,1777553815371971,1777553815393090,1777553815371971,1777553815393090,,,,client-2-3,Insert,7445652,200,21119
client,client_request,completed,1777553815414476,2,,,1777553815393193,1777553815414476,1777553815393193,1777553815414476,,,,client-2-3,Insert,4247441,200,21283
client,client_request,completed,1777553815435726,2,,,1777553815414577,1777553815435726,1777553815414577,1777553815435726,,,,client-2-3,Insert,-13889104,200,21149
client,client_request,completed,1777553815457083,2,,,1777553815435829,1777553815457083,1777553815435829,1777553815457083,,,,client-2-3,Remove,8399822,200,21254
client,client_request,completed,1777553815478525,2,,,1777553815457186,1777553815478525,1777553815457186,1777553815478525,,,,client-2-3,Insert,-2032606,200,21339
client,client_request,completed,1777553815501384,2,,,1777553815478627,1777553815501384,1777553815478627,1777553815501384,,,,client-2-3,Remove,-5245959,200,22757
client,client_request,completed,1777553815522996,2,,,1777553815501486,1777553815522996,1777553815501486,1777553815522996,,,,client-2-3,Remove,5092814,200,21510
client,client_request,completed,1777553815544403,2,,,1777553815523100,1777553815544403,1777553815523100,1777553815544403,,,,client-2-3,Remove,-370915,200,21303
client,client_request,completed,1777553815566372,2,,,1777553815544502,1777553815566372,1777553815544502,1777553815566372,,,,client-2-3,Insert,10998336,200,21870
client,client_request,completed,1777553815587838,2,,,1777553815566469,1777553815587838,1777553815566469,1777553815587838,,,,client-2-3,Remove,-13142216,200,21369
client,client_request,completed,1777553815609413,2,,,1777553815587936,1777553815609413,1777553815587936,1777553815609413,,,,client-2-3,Remove,7853662,200,21477
client,client_request,completed,1777553815631114,2,,,1777553815609514,1777553815631114,1777553815609514,1777553815631114,,,,client-2-3,Remove,-11247466,200,21600
client,client_request,completed,1777553815652705,2,,,1777553815631221,1777553815652705,1777553815631221,1777553815652705,,,,client-2-3,Remove,13871808,200,21484
client,client_request,completed,1777553815674607,2,,,1777553815652805,1777553815674607,1777553815652805,1777553815674607,,,,client-2-3,Insert,5915173,200,21802
client,client_request,completed,1777553815695865,2,,,1777553815674749,1777553815695865,1777553815674749,1777553815695865,,,,client-2-3,Remove,-10940024,200,21116
client,client_request,completed,1777553815717262,2,,,1777553815696059,1777553815717262,1777553815696059,1777553815717262,,,,client-2-3,Remove,12556129,200,21203
client,client_request,completed,1777553815738931,2,,,1777553815717361,1777553815738931,1777553815717361,1777553815738931,,,,client-2-3,Remove,15914328,200,21570
client,client_request,completed,1777553815760585,2,,,1777553815739031,1777553815760585,1777553815739031,1777553815760585,,,,client-2-3,Insert,6512825,200,21554
client,client_request,completed,1777553815845540,2,,,1777553815760689,1777553815845540,1777553815760689,1777553815845540,,,,client-2-3,Insert,10482692,200,84851
client,client_request,completed,1777553815867391,2,,,1777553815845640,1777553815867391,1777553815845640,1777553815867391,,,,client-2-3,Insert,-1812688,200,21751
client,client_request,completed,1777553815888857,2,,,1777553815867499,1777553815888857,1777553815867499,1777553815888857,,,,client-2-3,Insert,13066571,200,21358
client,client_request,completed,1777553815910522,2,,,1777553815888956,1777553815910522,1777553815888956,1777553815910522,,,,client-2-3,Insert,5038273,200,21566
client,client_request,completed,1777553815932030,2,,,1777553815910629,1777553815932030,1777553815910629,1777553815932030,,,,client-2-3,Insert,-7621016,200,21401
client,client_request,completed,1777553815953612,2,,,1777553815932135,1777553815953612,1777553815932135,1777553815953612,,,,client-2-3,Insert,1065170,200,21477
client,client_request,completed,1777553815975661,2,,,1777553815953727,1777553815975661,1777553815953727,1777553815975661,,,,client-2-3,Remove,746386,200,21934
client,client_request,completed,1777553815997315,2,,,1777553815975860,1777553815997315,1777553815975860,1777553815997315,,,,client-2-3,Insert,-4823279,200,21455
client,client_request,completed,1777553816019250,2,,,1777553815997516,1777553816019250,1777553815997516,1777553816019250,,,,client-2-3,Insert,1365576,200,21734
client,client_request,completed,1777553816041073,2,,,1777553816019351,1777553816041073,1777553816019351,1777553816041073,,,,client-2-3,Remove,5981060,200,21722
client,client_request,completed,1777553816063466,2,,,1777553816041467,1777553816063466,1777553816041467,1777553816063466,,,,client-2-3,Remove,10385200,200,21999
client,client_request,completed,1777553816084884,2,,,1777553816063680,1777553816084884,1777553816063680,1777553816084884,,,,client-2-3,Insert,5316811,200,21204
client,client_request,completed,1777553816107118,2,,,1777553816084988,1777553816107118,1777553816084988,1777553816107118,,,,client-2-3,Insert,7378788,200,22130
client,client_request,completed,1777553816128451,2,,,1777553816107320,1777553816128451,1777553816107320,1777553816128451,,,,client-2-3,Insert,-3730089,200,21131
client,client_request,completed,1777553816150197,2,,,1777553816128561,1777553816150197,1777553816128561,1777553816150197,,,,client-2-3,Insert,7617453,200,21636
client,client_request,completed,1777553816172134,2,,,1777553816150296,1777553816172134,1777553816150296,1777553816172134,,,,client-2-3,Remove,1434982,200,21838
client,client_request,completed,1777553816193890,2,,,1777553816172372,1777553816193890,1777553816172372,1777553816193890,,,,client-2-3,Insert,14465955,200,21518
client,client_request,completed,1777553816215562,2,,,1777553816194251,1777553816215562,1777553816194251,1777553816215562,,,,client-2-3,Remove,9894420,200,21311
client,client_request,completed,1777553816237140,2,,,1777553816215907,1777553816237140,1777553816215907,1777553816237140,,,,client-2-3,Remove,9522038,200,21233
client,client_request,completed,1777553816258960,2,,,1777553816237501,1777553816258960,1777553816237501,1777553816258960,,,,client-2-3,Insert,-5886687,200,21459
client,client_request,completed,1777553816283512,2,,,1777553816259096,1777553816283512,1777553816259096,1777553816283512,,,,client-2-3,Insert,-3457163,200,24416
client,client_request,completed,1777553816305375,2,,,1777553816283621,1777553816305375,1777553816283621,1777553816305375,,,,client-2-3,Insert,-5483445,200,21754
client,client_request,completed,1777553816327231,2,,,1777553816305472,1777553816327231,1777553816305472,1777553816327231,,,,client-2-3,Insert,6177781,200,21759
client,client_request,completed,1777553816350730,2,,,1777553816327330,1777553816350730,1777553816327330,1777553816350730,,,,client-2-3,Insert,6766799,200,23400
client,client_request,completed,1777553816372673,2,,,1777553816350829,1777553816372673,1777553816350829,1777553816372673,,,,client-2-3,Insert,-14625282,200,21844
client,client_request,completed,1777553816394583,2,,,1777553816372778,1777553816394583,1777553816372778,1777553816394583,,,,client-2-3,Remove,11218630,200,21805
client,client_request,completed,1777553816416600,2,,,1777553816394689,1777553816416600,1777553816394689,1777553816416600,,,,client-2-3,Insert,5225697,200,21911
client,client_request,completed,1777553816438748,2,,,1777553816416697,1777553816438748,1777553816416697,1777553816438748,,,,client-2-3,Insert,-4491452,200,22051
client,client_request,completed,1777553816460947,2,,,1777553816438869,1777553816460947,1777553816438869,1777553816460947,,,,client-2-3,Insert,-9997208,200,22078
client,client_request,completed,1777553816483149,2,,,1777553816461075,1777553816483149,1777553816461075,1777553816483149,,,,client-2-3,Insert,-13360721,200,22074
client,client_request,completed,1777553816504864,2,,,1777553816483266,1777553816504864,1777553816483266,1777553816504864,,,,client-2-3,Insert,15928334,200,21598
client,client_request,completed,1777553816527036,2,,,1777553816504985,1777553816527036,1777553816504985,1777553816527036,,,,client-2-3,Remove,-12124605,200,22051
client,client_request,completed,1777553816549316,2,,,1777553816527147,1777553816549316,1777553816527147,1777553816549316,,,,client-2-3,Insert,9621790,200,22169
client,client_request,completed,1777553816571469,2,,,1777553816549406,1777553816571469,1777553816549406,1777553816571469,,,,client-2-3,Remove,-8398272,200,22063
client,client_request,completed,1777553816593399,2,,,1777553816571566,1777553816593399,1777553816571566,1777553816593399,,,,client-2-3,Insert,10230752,200,21833
client,client_request,completed,1777553816616343,2,,,1777553816593488,1777553816616343,1777553816593488,1777553816616343,,,,client-2-3,Insert,10450387,200,22855
client,client_request,completed,1777553816639854,2,,,1777553816616446,1777553816639854,1777553816616446,1777553816639854,,,,client-2-3,Remove,-4164534,200,23408
client,client_request,completed,1777553816663056,2,,,1777553816639971,1777553816663056,1777553816639971,1777553816663056,,,,client-2-3,Remove,-13129027,200,23085
client,client_request,completed,1777553816685130,2,,,1777553816663268,1777553816685130,1777553816663268,1777553816685130,,,,client-2-3,Remove,1176627,200,21862
client,client_request,completed,1777553816707239,2,,,1777553816685236,1777553816707239,1777553816685236,1777553816707239,,,,client-2-3,Remove,-15338468,200,22003
client,client_request,completed,1777553816729378,2,,,1777553816707349,1777553816729378,1777553816707349,1777553816729378,,,,client-2-3,Remove,-3682243,200,22029
client,client_request,completed,1777553816751342,2,,,1777553816729593,1777553816751342,1777553816729593,1777553816751342,,,,client-2-3,Insert,-12898443,200,21749
client,client_request,completed,1777553816772985,2,,,1777553816751449,1777553816772985,1777553816751449,1777553816772985,,,,client-2-3,Remove,15302859,200,21536
client,client_request,completed,1777553816860723,2,,,1777553816773085,1777553816860723,1777553816773085,1777553816860723,,,,client-2-3,Remove,-11591228,200,87638
client,client_request,completed,1777553816883126,2,,,1777553816861085,1777553816883126,1777553816861085,1777553816883126,,,,client-2-3,Insert,11398581,200,22041
client,client_request,completed,1777553816905441,2,,,1777553816883259,1777553816905441,1777553816883259,1777553816905441,,,,client-2-3,Insert,15678165,200,22182
client,client_request,completed,1777553816928101,2,,,1777553816905540,1777553816928101,1777553816905540,1777553816928101,,,,client-2-3,Remove,-15439830,200,22561
client,client_request,completed,1777553816950688,2,,,1777553816928226,1777553816950688,1777553816928226,1777553816950688,,,,client-2-3,Remove,-4220221,200,22462
client,client_request,completed,1777553816973024,2,,,1777553816950798,1777553816973024,1777553816950798,1777553816973024,,,,client-2-3,Insert,15198245,200,22226
client,client_request,completed,1777553816995834,2,,,1777553816973126,1777553816995834,1777553816973126,1777553816995834,,,,client-2-3,Insert,10859831,200,22708
client,client_request,completed,1777553817018423,2,,,1777553816996196,1777553817018423,1777553816996196,1777553817018423,,,,client-2-3,Remove,14077915,200,22227
client,client_request,completed,1777553817040943,2,,,1777553817018528,1777553817040943,1777553817018528,1777553817040943,,,,client-2-3,Insert,6091037,200,22415
client,client_request,completed,1777553817063705,2,,,1777553817041043,1777553817063705,1777553817041043,1777553817063705,,,,client-2-3,Remove,-6353927,200,22662
client,client_request,completed,1777553817086321,2,,,1777553817063809,1777553817086321,1777553817063809,1777553817086321,,,,client-2-3,Remove,1950703,200,22512
client,client_request,completed,1777553817109027,2,,,1777553817086419,1777553817109027,1777553817086419,1777553817109027,,,,client-2-3,Remove,11884901,200,22608
client,client_request,completed,1777553817131992,2,,,1777553817109127,1777553817131992,1777553817109127,1777553817131992,,,,client-2-3,Remove,1153901,200,22865
client,client_request,completed,1777553817154722,2,,,1777553817132217,1777553817154722,1777553817132217,1777553817154722,,,,client-2-3,Remove,-12807636,200,22505
client,client_request,completed,1777553817177056,2,,,1777553817155073,1777553817177056,1777553817155073,1777553817177056,,,,client-2-3,Insert,1027192,200,21983
client,client_request,completed,1777553817199945,2,,,1777553817177161,1777553817199945,1777553817177161,1777553817199945,,,,client-2-3,Insert,-10530977,200,22784
client,client_request,completed,1777553817222567,2,,,1777553817200050,1777553817222567,1777553817200050,1777553817222567,,,,client-2-3,Insert,-5977845,200,22517
client,client_request,completed,1777553817245012,2,,,1777553817222671,1777553817245012,1777553817222671,1777553817245012,,,,client-2-3,Remove,6677169,200,22341
client,client_request,completed,1777553817267821,2,,,1777553817245110,1777553817267821,1777553817245110,1777553817267821,,,,client-2-3,Insert,-4425012,200,22711
client,client_request,completed,1777553817290371,2,,,1777553817268021,1777553817290371,1777553817268021,1777553817290371,,,,client-2-3,Remove,1948400,200,22350
client,client_request,completed,1777553817312944,2,,,1777553817290508,1777553817312944,1777553817290508,1777553817312944,,,,client-2-3,Insert,-12966535,200,22436
client,client_request,completed,1777553817335648,2,,,1777553817313049,1777553817335648,1777553817313049,1777553817335648,,,,client-2-3,Remove,-14828654,200,22599
client,client_request,completed,1777553817358248,2,,,1777553817335757,1777553817358248,1777553817335757,1777553817358248,,,,client-2-3,Insert,7967449,200,22491
client,client_request,completed,1777553817380787,2,,,1777553817358351,1777553817380787,1777553817358351,1777553817380787,,,,client-2-3,Insert,14490064,200,22436
client,client_request,completed,1777553817403635,2,,,1777553817381186,1777553817403635,1777553817381186,1777553817403635,,,,client-2-3,Insert,15607237,200,22449
client,client_request,completed,1777553817427239,2,,,1777553817403836,1777553817427239,1777553817403836,1777553817427239,,,,client-2-3,Insert,8890045,200,23403
client,client_request,completed,1777553817450244,2,,,1777553817427347,1777553817450244,1777553817427347,1777553817450244,,,,client-2-3,Remove,6378505,200,22897
client,client_request,completed,1777553817472776,2,,,1777553817450349,1777553817472776,1777553817450349,1777553817472776,,,,client-2-3,Insert,13555982,200,22427
client,client_request,completed,1777553817495638,2,,,1777553817472876,1777553817495638,1777553817472876,1777553817495638,,,,client-2-3,Remove,7506152,200,22762
client,client_request,completed,1777553817518670,2,,,1777553817495737,1777553817518670,1777553817495737,1777553817518670,,,,client-2-3,Remove,16546489,200,22933
client,client_request,completed,1777553817542546,2,,,1777553817518775,1777553817542546,1777553817518775,1777553817542546,,,,client-2-3,Remove,6127832,200,23771
client,client_request,completed,1777553817565807,2,,,1777553817542653,1777553817565807,1777553817542653,1777553817565807,,,,client-2-3,Remove,-10378562,200,23154
client,client_request,completed,1777553817588615,2,,,1777553817565905,1777553817588615,1777553817565905,1777553817588615,,,,client-2-3,Insert,-3146101,200,22710
client,client_request,completed,1777553817611808,2,,,1777553817588711,1777553817611808,1777553817588711,1777553817611808,,,,client-2-3,Insert,-3447516,200,23097
client,client_request,completed,1777553817636295,2,,,1777553817611915,1777553817636295,1777553817611915,1777553817636295,,,,client-2-3,Remove,-3631529,200,24380
client,client_request,completed,1777553817660333,2,,,1777553817636401,1777553817660333,1777553817636401,1777553817660333,,,,client-2-3,Remove,-14450644,200,23932
client,client_request,completed,1777553817683683,2,,,1777553817660441,1777553817683683,1777553817660441,1777553817683683,,,,client-2-3,Remove,-1731483,200,23242
client,client_request,completed,1777553817707104,2,,,1777553817683790,1777553817707104,1777553817683790,1777553817707104,,,,client-2-3,Remove,12773695,200,23314
client,client_request,completed,1777553817730146,2,,,1777553817707209,1777553817730146,1777553817707209,1777553817730146,,,,client-2-3,Remove,-11645260,200,22937
client,client_request,completed,1777553817752731,2,,,1777553817730269,1777553817752731,1777553817730269,1777553817752731,,,,client-2-3,Insert,12552778,200,22462
client,client_request,completed,1777553817839294,2,,,1777553817752835,1777553817839294,1777553817752835,1777553817839294,,,,client-2-3,Insert,13419893,200,86459
client,client_request,completed,1777553817863392,2,,,1777553817839401,1777553817863392,1777553817839401,1777553817863392,,,,client-2-3,Remove,-2692655,200,23991
client,client_request,completed,1777553817886365,2,,,1777553817863495,1777553817886365,1777553817863495,1777553817886365,,,,client-2-3,Remove,-727884,200,22870
client,client_request,completed,1777553817909093,2,,,1777553817886469,1777553817909093,1777553817886469,1777553817909093,,,,client-2-3,Insert,-10587922,200,22624
client,client_request,completed,1777553817932151,2,,,1777553817909198,1777553817932151,1777553817909198,1777553817932151,,,,client-2-3,Insert,6843111,200,22953
client,client_request,completed,1777553817955040,2,,,1777553817932274,1777553817955040,1777553817932274,1777553817955040,,,,client-2-3,Remove,-7248281,200,22766
client,client_request,completed,1777553817977763,2,,,1777553817955145,1777553817977763,1777553817955145,1777553817977763,,,,client-2-3,Insert,-10203053,200,22618
client,client_request,completed,1777553818000890,2,,,1777553817977872,1777553818000890,1777553817977872,1777553818000890,,,,client-2-3,Insert,-6846085,200,23018
client,client_request,completed,1777553818024402,2,,,1777553818001025,1777553818024402,1777553818001025,1777553818024402,,,,client-2-3,Remove,1973134,200,23377
client,client_request,completed,1777553818047779,2,,,1777553818024759,1777553818047779,1777553818024759,1777553818047779,,,,client-2-3,Insert,-12730630,200,23020
client,client_request,completed,1777553818071055,2,,,1777553818047990,1777553818071055,1777553818047990,1777553818071055,,,,client-2-3,Insert,15674587,200,23065
client,client_request,completed,1777553818094110,2,,,1777553818071160,1777553818094110,1777553818071160,1777553818094110,,,,client-2-3,Remove,-2258006,200,22950
client,client_request,completed,1777553818117011,2,,,1777553818094214,1777553818117011,1777553818094214,1777553818117011,,,,client-2-3,Remove,-6434456,200,22797
client,client_request,completed,1777553818140107,2,,,1777553818117116,1777553818140107,1777553818117116,1777553818140107,,,,client-2-3,Remove,9242812,200,22991
client,client_request,completed,1777553818163276,2,,,1777553818140239,1777553818163276,1777553818140239,1777553818163276,,,,client-2-3,Insert,2249591,200,23037
client,client_request,completed,1777553818186337,2,,,1777553818163428,1777553818186337,1777553818163428,1777553818186337,,,,client-2-3,Insert,-9222238,200,22909
client,client_request,completed,1777553818209637,2,,,1777553818186443,1777553818209637,1777553818186443,1777553818209637,,,,client-2-3,Insert,-4332195,200,23194
client,client_request,completed,1777553818232917,2,,,1777553818209742,1777553818232917,1777553818209742,1777553818232917,,,,client-2-3,Insert,-298228,200,23175
client,client_request,completed,1777553818256330,2,,,1777553818233022,1777553818256330,1777553818233022,1777553818256330,,,,client-2-3,Insert,14900407,200,23308
client,client_request,completed,1777553818279673,2,,,1777553818256434,1777553818279673,1777553818256434,1777553818279673,,,,client-2-3,Insert,-6392083,200,23239
client,client_request,completed,1777553818303081,2,,,1777553818279811,1777553818303081,1777553818279811,1777553818303081,,,,client-2-3,Insert,-6439910,200,23270
client,client_request,completed,1777553818326213,2,,,1777553818303221,1777553818326213,1777553818303221,1777553818326213,,,,client-2-3,Insert,5776106,200,22992
client,client_request,completed,1777553818349075,2,,,1777553818326568,1777553818349075,1777553818326568,1777553818349075,,,,client-2-3,Remove,-3056036,200,22507
client,client_request,completed,1777553818371963,2,,,1777553818349286,1777553818371963,1777553818349286,1777553818371963,,,,client-2-3,Remove,8646744,200,22677
client,client_request,completed,1777553818394893,2,,,1777553818372085,1777553818394893,1777553818372085,1777553818394893,,,,client-2-3,Insert,-1627607,200,22808
client,client_request,completed,1777553818418009,2,,,1777553818395011,1777553818418009,1777553818395011,1777553818418009,,,,client-2-3,Insert,-8082246,200,22998
client,client_request,completed,1777553818440755,2,,,1777553818418112,1777553818440755,1777553818418112,1777553818440755,,,,client-2-3,Remove,-5101422,200,22643
client,client_request,completed,1777553818464038,2,,,1777553818440860,1777553818464038,1777553818440860,1777553818464038,,,,client-2-3,Remove,-12584199,200,23178
client,client_request,completed,1777553818488003,2,,,1777553818464146,1777553818488003,1777553818464146,1777553818488003,,,,client-2-3,Insert,-4665109,200,23857
client,client_request,completed,1777553818511584,2,,,1777553818488110,1777553818511584,1777553818488110,1777553818511584,,,,client-2-3,Insert,-13845300,200,23474
client,client_request,completed,1777553818534962,2,,,1777553818511689,1777553818534962,1777553818511689,1777553818534962,,,,client-2-3,Insert,-3531029,200,23273
client,client_request,completed,1777553818558402,2,,,1777553818535067,1777553818558402,1777553818535067,1777553818558402,,,,client-2-3,Remove,16386967,200,23335
client,client_request,completed,1777553818581590,2,,,1777553818558499,1777553818581590,1777553818558499,1777553818581590,,,,client-2-3,Insert,15134128,200,23091
client,client_request,completed,1777553818604715,2,,,1777553818581686,1777553818604715,1777553818581686,1777553818604715,,,,client-2-3,Remove,-12128249,200,23029
client,client_request,completed,1777553818628256,2,,,1777553818604811,1777553818628256,1777553818604811,1777553818628256,,,,client-2-3,Remove,-15336319,200,23445
client,client_request,completed,1777553818651280,2,,,1777553818628361,1777553818651280,1777553818628361,1777553818651280,,,,client-2-3,Remove,-2489294,200,22919
client,client_request,completed,1777553818674664,2,,,1777553818651384,1777553818674664,1777553818651384,1777553818674664,,,,client-2-3,Remove,14116905,200,23280
client,client_request,completed,1777553818697109,2,,,1777553818674768,1777553818697109,1777553818674768,1777553818697109,,,,client-2-3,Insert,-14130405,200,22341
client,client_request,completed,1777553818720318,2,,,1777553818697212,1777553818720318,1777553818697212,1777553818720318,,,,client-2-3,Insert,-6742359,200,23106
client,client_request,completed,1777553818743156,2,,,1777553818720424,1777553818743156,1777553818720424,1777553818743156,,,,client-2-3,Insert,2849934,200,22732
client,client_request,completed,1777553818766654,2,,,1777553818743261,1777553818766654,1777553818743261,1777553818766654,,,,client-2-3,Remove,-980069,200,23393
client,client_request,completed,1777553818854729,2,,,1777553818766764,1777553818854729,1777553818766764,1777553818854729,,,,client-2-3,Insert,1540713,200,87965
client,client_request,completed,1777553818879062,2,,,1777553818854861,1777553818879062,1777553818854861,1777553818879062,,,,client-2-3,Remove,-3508391,200,24201
client,client_request,completed,1777553818904436,2,,,1777553818879173,1777553818904436,1777553818879173,1777553818904436,,,,client-2-3,Insert,16615937,200,25263
client,client_request,completed,1777553818928357,2,,,1777553818904798,1777553818928357,1777553818904798,1777553818928357,,,,client-2-3,Remove,13586237,200,23559
client,client_request,completed,1777553818951995,2,,,1777553818928467,1777553818951995,1777553818928467,1777553818951995,,,,client-2-3,Insert,5348911,200,23528
client,client_request,completed,1777553818975701,2,,,1777553818952100,1777553818975701,1777553818952100,1777553818975701,,,,client-2-3,Remove,5353206,200,23601
client,client_request,completed,1777553818999391,2,,,1777553818975806,1777553818999391,1777553818975806,1777553818999391,,,,client-2-3,Insert,10657684,200,23585
client,client_request,completed,1777553819023058,2,,,1777553818999497,1777553819023058,1777553818999497,1777553819023058,,,,client-2-3,Insert,-14275046,200,23561
client,client_request,completed,1777553819046568,2,,,1777553819023163,1777553819046568,1777553819023163,1777553819046568,,,,client-2-3,Remove,1415107,200,23405
client,client_request,completed,1777553819070251,2,,,1777553819046693,1777553819070251,1777553819046693,1777553819070251,,,,client-2-3,Insert,14836152,200,23558
client,client_request,completed,1777553819093573,2,,,1777553819070353,1777553819093573,1777553819070353,1777553819093573,,,,client-2-3,Remove,-5354265,200,23220
client,client_request,completed,1777553819116949,2,,,1777553819093676,1777553819116949,1777553819093676,1777553819116949,,,,client-2-3,Insert,-13930074,200,23273
client,client_request,completed,1777553819140589,2,,,1777553819117055,1777553819140589,1777553819117055,1777553819140589,,,,client-2-3,Remove,142335,200,23534
client,client_request,completed,1777553819164042,2,,,1777553819140692,1777553819164042,1777553819140692,1777553819164042,,,,client-2-3,Insert,6179499,200,23350
client,client_request,completed,1777553819187074,2,,,1777553819164148,1777553819187074,1777553819164148,1777553819187074,,,,client-2-3,Insert,-604644,200,22926
client,client_request,completed,1777553819210497,2,,,1777553819187180,1777553819210497,1777553819187180,1777553819210497,,,,client-2-3,Insert,13918154,200,23317
client,client_request,completed,1777553819234086,2,,,1777553819210603,1777553819234086,1777553819210603,1777553819234086,,,,client-2-3,Insert,-11907438,200,23483
client,client_request,completed,1777553819257741,2,,,1777553819234192,1777553819257741,1777553819234192,1777553819257741,,,,client-2-3,Remove,1129081,200,23549
client,client_request,completed,1777553819282337,2,,,1777553819257845,1777553819282337,1777553819257845,1777553819282337,,,,client-2-3,Insert,735791,200,24492
client,client_request,completed,1777553819306060,2,,,1777553819282690,1777553819306060,1777553819282690,1777553819306060,,,,client-2-3,Insert,5119471,200,23370
client,client_request,completed,1777553819329492,2,,,1777553819306165,1777553819329492,1777553819306165,1777553819329492,,,,client-2-3,Insert,9768377,200,23327
client,client_request,completed,1777553819352941,2,,,1777553819329597,1777553819352941,1777553819329597,1777553819352941,,,,client-2-3,Insert,-9216514,200,23344
client,client_request,completed,1777553819376394,2,,,1777553819353045,1777553819376394,1777553819353045,1777553819376394,,,,client-2-3,Insert,1787813,200,23349
client,client_request,completed,1777553819400703,2,,,1777553819376497,1777553819400703,1777553819376497,1777553819400703,,,,client-2-3,Insert,14017764,200,24206
client,client_request,completed,1777553819424697,2,,,1777553819400811,1777553819424697,1777553819400811,1777553819424697,,,,client-2-3,Insert,-4105468,200,23886
client,client_request,completed,1777553819448368,2,,,1777553819424801,1777553819448368,1777553819424801,1777553819448368,,,,client-2-3,Remove,-6486453,200,23567
client,client_request,completed,1777553819472365,2,,,1777553819448472,1777553819472365,1777553819448472,1777553819472365,,,,client-2-3,Remove,2463304,200,23893
client,client_request,completed,1777553819497976,2,,,1777553819472775,1777553819497976,1777553819472775,1777553819497976,,,,client-2-3,Insert,11082362,200,25201
client,client_request,completed,1777553819523318,2,,,1777553819498081,1777553819523318,1777553819498081,1777553819523318,,,,client-2-3,Insert,4112802,200,25237
client,client_request,completed,1777553819547389,2,,,1777553819523431,1777553819547389,1777553819523431,1777553819547389,,,,client-2-3,Remove,1452851,200,23958
client,client_request,completed,1777553819571518,2,,,1777553819547488,1777553819571518,1777553819547488,1777553819571518,,,,client-2-3,Remove,9453074,200,24030
client,client_request,completed,1777553819595643,2,,,1777553819571615,1777553819595643,1777553819571615,1777553819595643,,,,client-2-3,Remove,6656020,200,24028
client,client_request,completed,1777553819619915,2,,,1777553819595740,1777553819619915,1777553819595740,1777553819619915,,,,client-2-3,Insert,13701377,200,24175
client,client_request,completed,1777553819643805,2,,,1777553819620023,1777553819643805,1777553819620023,1777553819643805,,,,client-2-3,Insert,3460071,200,23782
client,client_request,completed,1777553819667851,2,,,1777553819643928,1777553819667851,1777553819643928,1777553819667851,,,,client-2-3,Remove,4630317,200,23923
client,client_request,completed,1777553819691642,2,,,1777553819667956,1777553819691642,1777553819667956,1777553819691642,,,,client-2-3,Remove,-4835687,200,23686
client,client_request,completed,1777553819715934,2,,,1777553819691749,1777553819715934,1777553819691749,1777553819715934,,,,client-2-3,Insert,-15330075,200,24185
client,client_request,completed,1777553819740465,2,,,1777553819716038,1777553819740465,1777553819716038,1777553819740465,,,,client-2-3,Insert,7660122,200,24427
client,client_request,completed,1777553819764313,2,,,1777553819740825,1777553819764313,1777553819740825,1777553819764313,,,,client-2-3,Remove,-7711549,200,23488
client,client_request,completed,1777553819851276,2,,,1777553819764677,1777553819851276,1777553819764677,1777553819851276,,,,client-2-3,Insert,-10688771,200,86599
client,client_request,completed,1777553819874912,2,,,1777553819851387,1777553819874912,1777553819851387,1777553819874912,,,,client-2-3,Insert,13568802,200,23525
client,client_request,completed,1777553819898590,2,,,1777553819875017,1777553819898590,1777553819875017,1777553819898590,,,,client-2-3,Remove,5811028,200,23573
client,client_request,completed,1777553819922333,2,,,1777553819898692,1777553819922333,1777553819898692,1777553819922333,,,,client-2-3,Remove,-11227233,200,23641
client,client_request,completed,1777553819946480,2,,,1777553819922436,1777553819946480,1777553819922436,1777553819946480,,,,client-2-3,Insert,-4709382,200,24044
client,client_request,completed,1777553819971725,2,,,1777553819946837,1777553819971725,1777553819946837,1777553819971725,,,,client-2-3,Insert,8226279,200,24888
client,client_request,completed,1777553819999224,2,,,1777553819971830,1777553819999224,1777553819971830,1777553819999224,,,,client-2-3,Insert,2745681,200,27394
client,client_request,completed,1777553820025115,2,,,1777553819999568,1777553820025115,1777553819999568,1777553820025115,,,,client-2-3,Insert,-8495616,200,25547
client,client_request,completed,1777553820051039,2,,,1777553820025222,1777553820051039,1777553820025222,1777553820051039,,,,client-2-3,Remove,13663494,200,25817
client,client_request,completed,1777553820076166,2,,,1777553820051149,1777553820076166,1777553820051149,1777553820076166,,,,client-2-3,Remove,5412353,200,25017
client,client_request,completed,1777553820101686,2,,,1777553820076300,1777553820101686,1777553820076300,1777553820101686,,,,client-2-3,Remove,10456220,200,25386
client,client_request,completed,1777553820127118,2,,,1777553820102049,1777553820127118,1777553820102049,1777553820127118,,,,client-2-3,Insert,11428103,200,25069
client,client_request,completed,1777553820152296,2,,,1777553820127225,1777553820152296,1777553820127225,1777553820152296,,,,client-2-3,Insert,-2359650,200,25071
client,client_request,completed,1777553820177560,2,,,1777553820152405,1777553820177560,1777553820152405,1777553820177560,,,,client-2-3,Insert,-7739121,200,25155
client,client_request,completed,1777553820202334,2,,,1777553820177912,1777553820202334,1777553820177912,1777553820202334,,,,client-2-3,Remove,7823340,200,24422
client,client_request,completed,1777553820227292,2,,,1777553820202439,1777553820227292,1777553820202439,1777553820227292,,,,client-2-3,Remove,-4271848,200,24853
client,client_request,completed,1777553820251997,2,,,1777553820227639,1777553820251997,1777553820227639,1777553820251997,,,,client-2-3,Insert,-5192870,200,24358
client,client_request,completed,1777553820279451,2,,,1777553820252107,1777553820279451,1777553820252107,1777553820279451,,,,client-2-3,Remove,6573986,200,27344
client,client_request,completed,1777553820303660,2,,,1777553820279588,1777553820303660,1777553820279588,1777553820303660,,,,client-2-3,Insert,6669004,200,24072
client,client_request,completed,1777553820327914,2,,,1777553820303766,1777553820327914,1777553820303766,1777553820327914,,,,client-2-3,Remove,1150246,200,24148
client,client_request,completed,1777553820351822,2,,,1777553820328039,1777553820351822,1777553820328039,1777553820351822,,,,client-2-3,Remove,-5966881,200,23783
client,client_request,completed,1777553820376034,2,,,1777553820351929,1777553820376034,1777553820351929,1777553820376034,,,,client-2-3,Insert,-8634629,200,24105
client,client_request,completed,1777553820399997,2,,,1777553820376140,1777553820399997,1777553820376140,1777553820399997,,,,client-2-3,Remove,16502291,200,23857
client,client_request,completed,1777553820424449,2,,,1777553820400103,1777553820424449,1777553820400103,1777553820424449,,,,client-2-3,Insert,542593,200,24346
client,client_request,completed,1777553820450318,2,,,1777553820424547,1777553820450318,1777553820424547,1777553820450318,,,,client-2-3,Insert,14998277,200,25771
client,client_request,completed,1777553820475568,2,,,1777553820450425,1777553820475568,1777553820450425,1777553820475568,,,,client-2-3,Remove,14236678,200,25143
client,client_request,completed,1777553820500257,2,,,1777553820475675,1777553820500257,1777553820475675,1777553820500257,,,,client-2-3,Remove,-6191577,200,24582
client,client_request,completed,1777553820524433,2,,,1777553820500366,1777553820524433,1777553820500366,1777553820524433,,,,client-2-3,Insert,-6044405,200,24067
client,client_request,completed,1777553820548939,2,,,1777553820524540,1777553820548939,1777553820524540,1777553820548939,,,,client-2-3,Insert,-2848227,200,24399
client,client_request,completed,1777553820573580,2,,,1777553820549038,1777553820573580,1777553820549038,1777553820573580,,,,client-2-3,Insert,-4329389,200,24542
client,client_request,completed,1777553820598487,2,,,1777553820573676,1777553820598487,1777553820573676,1777553820598487,,,,client-2-3,Insert,-10409941,200,24811
client,client_request,completed,1777553820623077,2,,,1777553820598585,1777553820623077,1777553820598585,1777553820623077,,,,client-2-3,Insert,7585877,200,24492
client,client_request,completed,1777553820647475,2,,,1777553820623436,1777553820647475,1777553820623436,1777553820647475,,,,client-2-3,Remove,-16501958,200,24039
client,client_request,completed,1777553820671861,2,,,1777553820647823,1777553820671861,1777553820647823,1777553820671861,,,,client-2-3,Insert,5660892,200,24038
client,client_request,completed,1777553820696226,2,,,1777553820672245,1777553820696226,1777553820672245,1777553820696226,,,,client-2-3,Remove,-6622901,200,23981
client,client_request,completed,1777553820720219,2,,,1777553820696592,1777553820720219,1777553820696592,1777553820720219,,,,client-2-3,Insert,-14534364,200,23627
client,client_request,completed,1777553820744551,2,,,1777553820720441,1777553820744551,1777553820720441,1777553820744551,,,,client-2-3,Remove,16075398,200,24110
client,client_request,completed,1777553820828232,2,,,1777553820744904,1777553820828232,1777553820744904,1777553820828232,,,,client-2-3,Remove,5705191,200,83328
client,client_request,completed,1777553820855810,2,,,1777553820828347,1777553820855810,1777553820828347,1777553820855810,,,,client-2-3,Remove,-9222083,200,27463
client,client_request,completed,1777553820880865,2,,,1777553820855919,1777553820880865,1777553820855919,1777553820880865,,,,client-2-3,Insert,5423400,200,24946
client,client_request,completed,1777553820904771,2,,,1777553820880969,1777553820904771,1777553820880969,1777553820904771,,,,client-2-3,Insert,-10220409,200,23802
client,client_request,completed,1777553820928569,2,,,1777553820904878,1777553820928569,1777553820904878,1777553820928569,,,,client-2-3,Remove,5077836,200,23691
client,client_request,completed,1777553820952070,2,,,1777553820928927,1777553820952070,1777553820928927,1777553820952070,,,,client-2-3,Remove,184716,200,23143
client,client_request,completed,1777553820975753,2,,,1777553820952188,1777553820975753,1777553820952188,1777553820975753,,,,client-2-3,Insert,-15477897,200,23565
client,client_request,completed,1777553820999402,2,,,1777553820975857,1777553820999402,1777553820975857,1777553820999402,,,,client-2-3,Insert,6696514,200,23545
client,client_request,completed,1777553821023244,2,,,1777553820999506,1777553821023244,1777553820999506,1777553821023244,,,,client-2-3,Remove,12249933,200,23738
client,client_request,completed,1777553821046742,2,,,1777553821023599,1777553821046742,1777553821023599,1777553821046742,,,,client-2-3,Remove,-8543239,200,23143
client,client_request,completed,1777553821070485,2,,,1777553821046846,1777553821070485,1777553821046846,1777553821070485,,,,client-2-3,Insert,168035,200,23639
client,client_request,completed,1777553821094060,2,,,1777553821070588,1777553821094060,1777553821070588,1777553821094060,,,,client-2-3,Remove,-1451879,200,23472
client,client_request,completed,1777553821118150,2,,,1777553821094165,1777553821118150,1777553821094165,1777553821118150,,,,client-2-3,Insert,3916212,200,23985
client,client_request,completed,1777553821142924,2,,,1777553821118255,1777553821142924,1777553821118255,1777553821142924,,,,client-2-3,Remove,-4256516,200,24669
client,client_request,completed,1777553821163180,2,,,1777553821143389,1777553821163180,1777553821143389,1777553821163180,,,,client-2-3,Remove,-15810556,200,19791
client,client_request,completed,1777553821187039,2,,,1777553821163308,1777553821187039,1777553821163308,1777553821187039,,,,client-2-3,Insert,-12418300,200,23731
client,client_request,completed,1777553821210471,2,,,1777553821187397,1777553821210471,1777553821187397,1777553821210471,,,,client-2-3,Remove,3306980,200,23074
client,client_request,completed,1777553821234166,2,,,1777553821210574,1777553821234166,1777553821210574,1777553821234166,,,,client-2-3,Remove,-11078008,200,23592
client,client_request,completed,1777553821258009,2,,,1777553821234271,1777553821258009,1777553821234271,1777553821258009,,,,client-2-3,Remove,-15642653,200,23738
client,client_request,completed,1777553821281537,2,,,1777553821258115,1777553821281537,1777553821258115,1777553821281537,,,,client-2-3,Insert,-15008759,200,23422
client,client_request,completed,1777553821305411,2,,,1777553821281666,1777553821305411,1777553821281666,1777553821305411,,,,client-2-3,Insert,9239766,200,23745
client,client_request,completed,1777553821328887,2,,,1777553821305621,1777553821328887,1777553821305621,1777553821328887,,,,client-2-3,Insert,-1393689,200,23266
client,client_request,completed,1777553821352497,2,,,1777553821328991,1777553821352497,1777553821328991,1777553821352497,,,,client-2-3,Remove,14425355,200,23506
client,client_request,completed,1777553821376195,2,,,1777553821352601,1777553821376195,1777553821352601,1777553821376195,,,,client-2-3,Remove,-8452800,200,23594
client,client_request,completed,1777553821399853,2,,,1777553821376551,1777553821399853,1777553821376551,1777553821399853,,,,client-2-3,Insert,-10173222,200,23302
client,client_request,completed,1777553821423890,2,,,1777553821399960,1777553821423890,1777553821399960,1777553821423890,,,,client-2-3,Insert,1799040,200,23930
client,client_request,completed,1777553821447781,2,,,1777553821423985,1777553821447781,1777553821423985,1777553821447781,,,,client-2-3,Insert,-14874016,200,23796
client,client_request,completed,1777553821471815,2,,,1777553821447887,1777553821471815,1777553821447887,1777553821471815,,,,client-2-3,Remove,7824523,200,23928
client,client_request,completed,1777553821495377,2,,,1777553821471947,1777553821495377,1777553821471947,1777553821495377,,,,client-2-3,Insert,-12312355,200,23430
client,client_request,completed,1777553821519114,2,,,1777553821495485,1777553821519114,1777553821495485,1777553821519114,,,,client-2-3,Remove,-6460258,200,23629
client,client_request,completed,1777553821542784,2,,,1777553821519217,1777553821542784,1777553821519217,1777553821542784,,,,client-2-3,Insert,-14305040,200,23567
client,client_request,completed,1777553821566604,2,,,1777553821542924,1777553821566604,1777553821542924,1777553821566604,,,,client-2-3,Insert,-11168415,200,23680
client,client_request,completed,1777553821590456,2,,,1777553821566702,1777553821590456,1777553821566702,1777553821590456,,,,client-2-3,Insert,6663361,200,23754
client,client_request,completed,1777553821614603,2,,,1777553821590553,1777553821614603,1777553821590553,1777553821614603,,,,client-2-3,Remove,-5379290,200,24050
client,client_request,completed,1777553821638517,2,,,1777553821614727,1777553821638517,1777553821614727,1777553821638517,,,,client-2-3,Remove,13849787,200,23790
client,client_request,completed,1777553821662380,2,,,1777553821638626,1777553821662380,1777553821638626,1777553821662380,,,,client-2-3,Remove,10205613,200,23754
client,client_request,completed,1777553821686053,2,,,1777553821662484,1777553821686053,1777553821662484,1777553821686053,,,,client-2-3,Remove,-13464202,200,23569
client,client_request,completed,1777553821710567,2,,,1777553821686158,1777553821710567,1777553821686158,1777553821710567,,,,client-2-3,Remove,-6799575,200,24409
client,client_request,completed,1777553821734917,2,,,1777553821710674,1777553821734917,1777553821710674,1777553821734917,,,,client-2-3,Insert,7000017,200,24243
client,client_request,completed,1777553821759416,2,,,1777553821735121,1777553821759416,1777553821735121,1777553821759416,,,,client-2-3,Insert,12082579,200,24295
client,client_request,completed,1777553821847015,2,,,1777553821759626,1777553821847015,1777553821759626,1777553821847015,,,,client-2-3,Remove,-5404473,200,87389
client,client_request,completed,1777553821871183,2,,,1777553821847225,1777553821871183,1777553821847225,1777553821871183,,,,client-2-3,Remove,6419378,200,23958
client,client_request,completed,1777553821895133,2,,,1777553821871287,1777553821895133,1777553821871287,1777553821895133,,,,client-2-3,Remove,-8283613,200,23846
client,client_request,completed,1777553821919524,2,,,1777553821895238,1777553821919524,1777553821895238,1777553821919524,,,,client-2-3,Remove,-649146,200,24286
client,client_request,completed,1777553821943436,2,,,1777553821919630,1777553821943436,1777553821919630,1777553821943436,,,,client-2-3,Remove,-7138947,200,23806
client,client_request,completed,1777553821967026,2,,,1777553821943786,1777553821967026,1777553821943786,1777553821967026,,,,client-2-3,Remove,13797811,200,23240
client,client_request,completed,1777553821991253,2,,,1777553821967130,1777553821991253,1777553821967130,1777553821991253,,,,client-2-3,Insert,16487680,200,24123
client,client_request,completed,1777553822015733,2,,,1777553821991360,1777553822015733,1777553821991360,1777553822015733,,,,client-2-3,Remove,-2755101,200,24373
client,client_request,completed,1777553822039297,2,,,1777553822015849,1777553822039297,1777553822015849,1777553822039297,,,,client-2-3,Remove,12141401,200,23448
client,client_request,completed,1777553822063948,2,,,1777553822039394,1777553822063948,1777553822039394,1777553822063948,,,,client-2-3,Insert,-14049357,200,24554
client,client_request,completed,1777553822088086,2,,,1777553822064063,1777553822088086,1777553822064063,1777553822088086,,,,client-2-3,Insert,178091,200,24023
client,client_request,completed,1777553822111601,2,,,1777553822088316,1777553822111601,1777553822088316,1777553822111601,,,,client-2-3,Remove,15916981,200,23285
client,client_request,completed,1777553822135589,2,,,1777553822111708,1777553822135589,1777553822111708,1777553822135589,,,,client-2-3,Remove,1094403,200,23881
client,client_request,completed,1777553822159702,2,,,1777553822135705,1777553822159702,1777553822135705,1777553822159702,,,,client-2-3,Remove,14736018,200,23997
client,client_request,completed,1777553822183521,2,,,1777553822159906,1777553822183521,1777553822159906,1777553822183521,,,,client-2-3,Insert,-15929007,200,23615
client,client_request,completed,1777553822207301,2,,,1777553822183624,1777553822207301,1777553822183624,1777553822207301,,,,client-2-3,Insert,-11838113,200,23677
client,client_request,completed,1777553822231797,2,,,1777553822207406,1777553822231797,1777553822207406,1777553822231797,,,,client-2-3,Remove,-9945534,200,24391
client,client_request,completed,1777553822256057,2,,,1777553822232147,1777553822256057,1777553822232147,1777553822256057,,,,client-2-3,Insert,8368707,200,23910
client,client_request,completed,1777553822280051,2,,,1777553822256162,1777553822280051,1777553822256162,1777553822280051,,,,client-2-3,Remove,9902207,200,23889
client,client_request,completed,1777553822304464,2,,,1777553822280191,1777553822304464,1777553822280191,1777553822304464,,,,client-2-3,Insert,16086498,200,24273
client,client_request,completed,1777553822328199,2,,,1777553822304592,1777553822328199,1777553822304592,1777553822328199,,,,client-2-3,Insert,8511345,200,23607
client,client_request,completed,1777553822351941,2,,,1777553822328302,1777553822351941,1777553822328302,1777553822351941,,,,client-2-3,Remove,-156806,200,23639
client,client_request,completed,1777553822375976,2,,,1777553822352045,1777553822375976,1777553822352045,1777553822375976,,,,client-2-3,Remove,-14294749,200,23931
client,client_request,completed,1777553822399718,2,,,1777553822376093,1777553822399718,1777553822376093,1777553822399718,,,,client-2-3,Remove,9334881,200,23625
client,client_request,completed,1777553822423549,2,,,1777553822399821,1777553822423549,1777553822399821,1777553822423549,,,,client-2-3,Remove,-7393602,200,23728
client,client_request,completed,1777553822447755,2,,,1777553822423643,1777553822447755,1777553822423643,1777553822447755,,,,client-2-3,Remove,-11625762,200,24112
client,client_request,completed,1777553822472005,2,,,1777553822447872,1777553822472005,1777553822447872,1777553822472005,,,,client-2-3,Remove,2705973,200,24133
client,client_request,completed,1777553822495835,2,,,1777553822472249,1777553822495835,1777553822472249,1777553822495835,,,,client-2-3,Insert,-10017912,200,23586
client,client_request,completed,1777553822520328,2,,,1777553822495941,1777553822520328,1777553822495941,1777553822520328,,,,client-2-3,Remove,-8852085,200,24387
client,client_request,completed,1777553822544482,2,,,1777553822520461,1777553822544482,1777553822520461,1777553822544482,,,,client-2-3,Insert,5569068,200,24021
client,client_request,completed,1777553822569139,2,,,1777553822544574,1777553822569139,1777553822544574,1777553822569139,,,,client-2-3,Remove,3680137,200,24565
client,client_request,completed,1777553822593328,2,,,1777553822569237,1777553822593328,1777553822569237,1777553822593328,,,,client-2-3,Insert,2258044,200,24091
client,client_request,completed,1777553822617635,2,,,1777553822593425,1777553822617635,1777553822593425,1777553822617635,,,,client-2-3,Insert,8191602,200,24210
client,client_request,completed,1777553822641976,2,,,1777553822617737,1777553822641976,1777553822617737,1777553822641976,,,,client-2-3,Remove,4167081,200,24239
client,client_request,completed,1777553822666399,2,,,1777553822642110,1777553822666399,1777553822642110,1777553822666399,,,,client-2-3,Insert,-14047938,200,24289
client,client_request,completed,1777553822690261,2,,,1777553822666606,1777553822690261,1777553822666606,1777553822690261,,,,client-2-3,Remove,-10817138,200,23655
client,client_request,completed,1777553822714295,2,,,1777553822690367,1777553822714295,1777553822690367,1777553822714295,,,,client-2-3,Insert,2435451,200,23928
client,client_request,completed,1777553822738750,2,,,1777553822714400,1777553822738750,1777553822714400,1777553822738750,,,,client-2-3,Remove,1674904,200,24350
client,client_request,completed,1777553822762559,2,,,1777553822739105,1777553822762559,1777553822739105,1777553822762559,,,,client-2-3,Insert,10419534,200,23454
client,client_request,completed,1777553822850938,2,,,1777553822762663,1777553822850938,1777553822762663,1777553822850938,,,,client-2-3,Remove,2554343,200,88275
client,client_request,completed,1777553822875816,2,,,1777553822851041,1777553822875816,1777553822851041,1777553822875816,,,,client-2-3,Insert,-16014351,200,24775
client,client_request,completed,1777553822900685,2,,,1777553822875922,1777553822900685,1777553822875922,1777553822900685,,,,client-2-3,Insert,2181002,200,24763
client,client_request,completed,1777553822927757,2,,,1777553822900790,1777553822927757,1777553822900790,1777553822927757,,,,client-2-3,Remove,-1694025,200,26967
client,client_request,completed,1777553822955063,2,,,1777553822927863,1777553822955063,1777553822927863,1777553822955063,,,,client-2-3,Remove,-14089377,200,27200
client,client_request,completed,1777553822981833,2,,,1777553822955170,1777553822981833,1777553822955170,1777553822981833,,,,client-2-3,Insert,12179770,200,26663
client,client_request,completed,1777553823009917,2,,,1777553822981994,1777553823009917,1777553822981994,1777553823009917,,,,client-2-3,Insert,5608120,200,27923
client,client_request,completed,1777553823041084,2,,,1777553823010024,1777553823041084,1777553823010024,1777553823041084,,,,client-2-3,Remove,-4655346,200,31060
client,client_request,completed,1777553823067143,2,,,1777553823041190,1777553823067143,1777553823041190,1777553823067143,,,,client-2-3,Remove,-4709462,200,25953
client,client_request,completed,1777553823092604,2,,,1777553823067251,1777553823092604,1777553823067251,1777553823092604,,,,client-2-3,Insert,15347784,200,25353
client,client_request,completed,1777553823118312,2,,,1777553823092737,1777553823118312,1777553823092737,1777553823118312,,,,client-2-3,Insert,-13493983,200,25575
client,client_request,completed,1777553823143366,2,,,1777553823118452,1777553823143366,1777553823118452,1777553823143366,,,,client-2-3,Insert,15415012,200,24914
client,client_request,completed,1777553823167864,2,,,1777553823143571,1777553823167864,1777553823143571,1777553823167864,,,,client-2-3,Insert,-7939445,200,24293
client,client_request,completed,1777553823192648,2,,,1777553823167969,1777553823192648,1777553823167969,1777553823192648,,,,client-2-3,Insert,3733772,200,24679
client,client_request,completed,1777553823217199,2,,,1777553823192753,1777553823217199,1777553823192753,1777553823217199,,,,client-2-3,Remove,7983102,200,24446
client,client_request,completed,1777553823242266,2,,,1777553823217305,1777553823242266,1777553823217305,1777553823242266,,,,client-2-3,Remove,-16691449,200,24961
client,client_request,completed,1777553823266908,2,,,1777553823242402,1777553823266908,1777553823242402,1777553823266908,,,,client-2-3,Insert,-2470261,200,24506
client,client_request,completed,1777553823290905,2,,,1777553823267121,1777553823290905,1777553823267121,1777553823290905,,,,client-2-3,Insert,5658067,200,23784
client,client_request,completed,1777553823315604,2,,,1777553823291009,1777553823315604,1777553823291009,1777553823315604,,,,client-2-3,Remove,9416904,200,24595
client,client_request,completed,1777553823340451,2,,,1777553823315708,1777553823340451,1777553823315708,1777553823340451,,,,client-2-3,Remove,-11587,200,24743
client,client_request,completed,1777553823365353,2,,,1777553823340580,1777553823365353,1777553823340580,1777553823365353,,,,client-2-3,Insert,-4063734,200,24773
client,client_request,completed,1777553823390163,2,,,1777553823365568,1777553823390163,1777553823365568,1777553823390163,,,,client-2-3,Remove,13472012,200,24595
client,client_request,completed,1777553823414950,2,,,1777553823390267,1777553823414950,1777553823390267,1777553823414950,,,,client-2-3,Insert,14998043,200,24683
client,client_request,completed,1777553823439946,2,,,1777553823415057,1777553823439946,1777553823415057,1777553823439946,,,,client-2-3,Remove,169041,200,24889
client,client_request,completed,1777553823464354,2,,,1777553823440156,1777553823464354,1777553823440156,1777553823464354,,,,client-2-3,Insert,-6445383,200,24198
client,client_request,completed,1777553823489106,2,,,1777553823464460,1777553823489106,1777553823464460,1777553823489106,,,,client-2-3,Remove,-6338069,200,24646
client,client_request,completed,1777553823514017,2,,,1777553823489211,1777553823514017,1777553823489211,1777553823514017,,,,client-2-3,Insert,-5789085,200,24806
client,client_request,completed,1777553823538782,2,,,1777553823514380,1777553823538782,1777553823514380,1777553823538782,,,,client-2-3,Insert,2352670,200,24402
client,client_request,completed,1777553823563658,2,,,1777553823538888,1777553823563658,1777553823538888,1777553823563658,,,,client-2-3,Remove,14833631,200,24770
client,client_request,completed,1777553823588319,2,,,1777553823563757,1777553823588319,1777553823563757,1777553823588319,,,,client-2-3,Insert,-1516783,200,24562
client,client_request,completed,1777553823612907,2,,,1777553823588415,1777553823612907,1777553823588415,1777553823612907,,,,client-2-3,Remove,-9964262,200,24492
client,client_request,completed,1777553823637174,2,,,1777553823613032,1777553823637174,1777553823613032,1777553823637174,,,,client-2-3,Insert,-8118321,200,24142
client,client_request,completed,1777553823661568,2,,,1777553823637280,1777553823661568,1777553823637280,1777553823661568,,,,client-2-3,Remove,5602069,200,24288
client,client_request,completed,1777553823686671,2,,,1777553823661674,1777553823686671,1777553823661674,1777553823686671,,,,client-2-3,Remove,16035276,200,24997
client,client_request,completed,1777553823711340,2,,,1777553823687031,1777553823711340,1777553823687031,1777553823711340,,,,client-2-3,Remove,11899110,200,24309
client,client_request,completed,1777553823736160,2,,,1777553823711444,1777553823736160,1777553823711444,1777553823736160,,,,client-2-3,Insert,-11210002,200,24716
client,client_request,completed,1777553823760903,2,,,1777553823736304,1777553823760903,1777553823736304,1777553823760903,,,,client-2-3,Remove,16190145,200,24599
client,client_request,completed,1777553823856672,2,,,1777553823761038,1777553823856672,1777553823761038,1777553823856672,,,,client-2-3,Insert,-7942408,200,95634
client,client_request,completed,1777553823892150,2,,,1777553823856782,1777553823892150,1777553823856782,1777553823892150,,,,client-2-3,Remove,10956533,200,35368
client,client_request,completed,1777553823918902,2,,,1777553823892292,1777553823918902,1777553823892292,1777553823918902,,,,client-2-3,Insert,16640881,200,26610
client,client_request,completed,1777553823944485,2,,,1777553823919006,1777553823944485,1777553823919006,1777553823944485,,,,client-2-3,Insert,12515937,200,25479
client,client_request,completed,1777553823970396,2,,,1777553823944591,1777553823970396,1777553823944591,1777553823970396,,,,client-2-3,Remove,-10367079,200,25805
client,client_request,completed,1777553823995580,2,,,1777553823970501,1777553823995580,1777553823970501,1777553823995580,,,,client-2-3,Insert,-10448306,200,25079
client,client_request,completed,1777553824020708,2,,,1777553823995686,1777553824020708,1777553823995686,1777553824020708,,,,client-2-3,Insert,9184197,200,25022
client,client_request,completed,1777553824047335,2,,,1777553824021066,1777553824047335,1777553824021066,1777553824047335,,,,client-2-3,Insert,-4319777,200,26269
client,client_request,completed,1777553824074927,2,,,1777553824047451,1777553824074927,1777553824047451,1777553824074927,,,,client-2-3,Remove,11249420,200,27476
client,client_request,completed,1777553824100429,2,,,1777553824075032,1777553824100429,1777553824075032,1777553824100429,,,,client-2-3,Remove,-5925132,200,25397
client,client_request,completed,1777553824125588,2,,,1777553824100551,1777553824125588,1777553824100551,1777553824125588,,,,client-2-3,Insert,7203201,200,25037
client,client_request,completed,1777553824151053,2,,,1777553824125692,1777553824151053,1777553824125692,1777553824151053,,,,client-2-3,Remove,-3688265,200,25361
client,client_request,completed,1777553824176156,2,,,1777553824151158,1777553824176156,1777553824151158,1777553824176156,,,,client-2-3,Remove,12582282,200,24998
client,client_request,completed,1777553824201451,2,,,1777553824176292,1777553824201451,1777553824176292,1777553824201451,,,,client-2-3,Remove,-11443486,200,25159
client,client_request,completed,1777553824227949,2,,,1777553824201558,1777553824227949,1777553824201558,1777553824227949,,,,client-2-3,Remove,-6902007,200,26391
client,client_request,completed,1777553824253723,2,,,1777553824228054,1777553824253723,1777553824228054,1777553824253723,,,,client-2-3,Remove,-923369,200,25669
client,client_request,completed,1777553824279033,2,,,1777553824253827,1777553824279033,1777553824253827,1777553824279033,,,,client-2-3,Remove,-3658061,200,25206
client,client_request,completed,1777553824304673,2,,,1777553824279163,1777553824304673,1777553824279163,1777553824304673,,,,client-2-3,Insert,-10771210,200,25510
client,client_request,completed,1777553824330579,2,,,1777553824304920,1777553824330579,1777553824304920,1777553824330579,,,,client-2-3,Remove,15600882,200,25659
client,client_request,completed,1777553824356244,2,,,1777553824330713,1777553824356244,1777553824330713,1777553824356244,,,,client-2-3,Remove,11811758,200,25531
client,client_request,completed,1777553824381479,2,,,1777553824356349,1777553824381479,1777553824356349,1777553824381479,,,,client-2-3,Remove,243570,200,25130
client,client_request,completed,1777553824406639,2,,,1777553824381583,1777553824406639,1777553824381583,1777553824406639,,,,client-2-3,Remove,1346778,200,25056
client,client_request,completed,1777553824432153,2,,,1777553824406744,1777553824432153,1777553824406744,1777553824432153,,,,client-2-3,Remove,-3811403,200,25409
client,client_request,completed,1777553824457088,2,,,1777553824432284,1777553824457088,1777553824432284,1777553824457088,,,,client-2-3,Insert,-2517080,200,24804
client,client_request,completed,1777553824482509,2,,,1777553824457192,1777553824482509,1777553824457192,1777553824482509,,,,client-2-3,Insert,13912174,200,25317
client,client_request,completed,1777553824507767,2,,,1777553824482612,1777553824507767,1777553824482612,1777553824507767,,,,client-2-3,Remove,-11447703,200,25155
client,client_request,completed,1777553824533606,2,,,1777553824507873,1777553824533606,1777553824507873,1777553824533606,,,,client-2-3,Insert,-14329429,200,25733
client,client_request,completed,1777553824559217,2,,,1777553824533704,1777553824559217,1777553824533704,1777553824559217,,,,client-2-3,Insert,-3297304,200,25513
client,client_request,completed,1777553824584668,2,,,1777553824559315,1777553824584668,1777553824559315,1777553824584668,,,,client-2-3,Insert,-9799395,200,25353
client,client_request,completed,1777553824610385,2,,,1777553824584764,1777553824610385,1777553824584764,1777553824610385,,,,client-2-3,Remove,-6981575,200,25621
client,client_request,completed,1777553824636291,2,,,1777553824610483,1777553824636291,1777553824610483,1777553824636291,,,,client-2-3,Remove,-8747784,200,25808
client,client_request,completed,1777553824662882,2,,,1777553824636396,1777553824662882,1777553824636396,1777553824662882,,,,client-2-3,Remove,-7287186,200,26486
client,client_request,completed,1777553824688075,2,,,1777553824662983,1777553824688075,1777553824662983,1777553824688075,,,,client-2-3,Insert,924326,200,25092
client,client_request,completed,1777553824714065,2,,,1777553824688172,1777553824714065,1777553824688172,1777553824714065,,,,client-2-3,Remove,9593006,200,25893
client,client_request,completed,1777553824739666,2,,,1777553824714163,1777553824739666,1777553824714163,1777553824739666,,,,client-2-3,Insert,10240973,200,25503
client,client_request,completed,1777553824765126,2,,,1777553824739762,1777553824765126,1777553824739762,1777553824765126,,,,client-2-3,Remove,-5235771,200,25364
client,client_request,completed,1777553824856252,2,,,1777553824765215,1777553824856252,1777553824765215,1777553824856252,,,,client-2-3,Remove,-8858545,200,91037
client,client_request,completed,1777553824882042,2,,,1777553824856473,1777553824882042,1777553824856473,1777553824882042,,,,client-2-3,Remove,-6009407,200,25569
client,client_request,completed,1777553824907080,2,,,1777553824882257,1777553824907080,1777553824882257,1777553824907080,,,,client-2-3,Remove,-15028130,200,24823
client,client_request,completed,1777553824932031,2,,,1777553824907290,1777553824932031,1777553824907290,1777553824932031,,,,client-2-3,Remove,13715710,200,24741
client,client_request,completed,1777553824956869,2,,,1777553824932404,1777553824956869,1777553824932404,1777553824956869,,,,client-2-3,Remove,3072381,200,24465
client,client_request,completed,1777553825049563,2,,,1777553824957222,1777553825049563,1777553824957222,1777553825049563,,,,client-2-3,Remove,-10092380,200,92341
client,client_request,completed,1777553825078837,2,,,1777553825049671,1777553825078837,1777553825049671,1777553825078837,,,,client-2-3,Remove,-12764767,200,29166
client,client_request,completed,1777553825104065,2,,,1777553825078943,1777553825104065,1777553825078943,1777553825104065,,,,client-2-3,Insert,12228591,200,25122
client,client_request,completed,1777553825124714,2,,,1777553825104218,1777553825124714,1777553825104218,1777553825124714,,,,client-2-3,Remove,-6222596,200,20496
client,client_request,completed,1777553825145203,2,,,1777553825124817,1777553825145203,1777553825124817,1777553825145203,,,,client-2-3,Remove,-2483620,200,20386
client,client_request,completed,1777553825165129,2,,,1777553825145308,1777553825165129,1777553825145308,1777553825165129,,,,client-2-3,Insert,6252160,200,19821
client,client_request,completed,1777553825185111,2,,,1777553825165234,1777553825185111,1777553825165234,1777553825185111,,,,client-2-3,Insert,7299387,200,19877
client,client_request,completed,1777553825205145,2,,,1777553825185214,1777553825205145,1777553825185214,1777553825205145,,,,client-2-3,Insert,-7393406,200,19931
client,client_request,completed,1777553825225339,2,,,1777553825205249,1777553825225339,1777553825205249,1777553825225339,,,,client-2-3,Remove,-14107497,200,20090
client,client_request,completed,1777553825245545,2,,,1777553825225443,1777553825245545,1777553825225443,1777553825245545,,,,client-2-3,Insert,-16353351,200,20102
client,client_request,completed,1777553825265395,2,,,1777553825245654,1777553825265395,1777553825245654,1777553825265395,,,,client-2-3,Insert,9071114,200,19741
client,client_request,completed,1777553825285600,2,,,1777553825265528,1777553825285600,1777553825265528,1777553825285600,,,,client-2-3,Insert,-14096009,200,20072
client,client_request,completed,1777553825309385,2,,,1777553825285704,1777553825309385,1777553825285704,1777553825309385,,,,client-2-3,Insert,6834456,200,23681
client,client_request,completed,1777553825326776,2,,,1777553825309666,1777553825326776,1777553825309666,1777553825326776,,,,client-2-3,Insert,12846472,200,17110
client,client_request,completed,1777553825347817,2,,,1777553825326901,1777553825347817,1777553825326901,1777553825347817,,,,client-2-3,Remove,4378994,200,20916
client,client_request,completed,1777553825368681,2,,,1777553825347920,1777553825368681,1777553825347920,1777553825368681,,,,client-2-3,Remove,-9045654,200,20761
client,client_request,completed,1777553825389670,2,,,1777553825368782,1777553825389670,1777553825368782,1777553825389670,,,,client-2-3,Remove,-1575614,200,20888
client,client_request,completed,1777553825410643,2,,,1777553825389771,1777553825410643,1777553825389771,1777553825410643,,,,client-2-3,Remove,12397226,200,20872
client,client_request,completed,1777553825431415,2,,,1777553825411001,1777553825431415,1777553825411001,1777553825431415,,,,client-2-3,Remove,3724268,200,20414
client,client_request,completed,1777553825452320,2,,,1777553825431516,1777553825452320,1777553825431516,1777553825452320,,,,client-2-3,Remove,3684204,200,20804
client,client_request,completed,1777553825472621,2,,,1777553825452529,1777553825472621,1777553825452529,1777553825472621,,,,client-2-3,Insert,-13878692,200,20092
client,client_request,completed,1777553825492790,2,,,1777553825472745,1777553825492790,1777553825472745,1777553825492790,,,,client-2-3,Remove,-14904947,200,20045
client,client_request,completed,1777553825514529,2,,,1777553825492892,1777553825514529,1777553825492892,1777553825514529,,,,client-2-3,Remove,9258936,200,21637
client,client_request,completed,1777553825535355,2,,,1777553825514632,1777553825535355,1777553825514632,1777553825535355,,,,client-2-3,Insert,12268551,200,20723
client,client_request,completed,1777553825556300,2,,,1777553825535687,1777553825556300,1777553825535687,1777553825556300,,,,client-2-3,Remove,-12788091,200,20613
client,client_request,completed,1777553825577975,2,,,1777553825556399,1777553825577975,1777553825556399,1777553825577975,,,,client-2-3,Remove,-978529,200,21576
client,client_request,completed,1777553825599233,2,,,1777553825578074,1777553825599233,1777553825578074,1777553825599233,,,,client-2-3,Remove,5333361,200,21159
client,client_request,completed,1777553825622203,2,,,1777553825599331,1777553825622203,1777553825599331,1777553825622203,,,,client-2-3,Remove,10280819,200,22872
client,client_request,completed,1777553825643408,2,,,1777553825622335,1777553825643408,1777553825622335,1777553825643408,,,,client-2-3,Insert,-6473897,200,21073
client,client_request,completed,1777553825664455,2,,,1777553825643535,1777553825664455,1777553825643535,1777553825664455,,,,client-2-3,Insert,-5497831,200,20920
client,client_request,completed,1777553825687453,2,,,1777553825664556,1777553825687453,1777553825664556,1777553825687453,,,,client-2-3,Insert,-3457094,200,22897
client,client_request,completed,1777553825710578,2,,,1777553825687567,1777553825710578,1777553825687567,1777553825710578,,,,client-2-3,Remove,-1910907,200,23011
client,client_request,completed,1777553825731951,2,,,1777553825710913,1777553825731951,1777553825710913,1777553825731951,,,,client-2-3,Remove,-16460215,200,21038
client,client_request,completed,1777553825753311,2,,,1777553825732054,1777553825753311,1777553825732054,1777553825753311,,,,client-2-3,Remove,584603,200,21257
client,client_request,completed,1777553825835827,2,,,1777553825753412,1777553825835827,1777553825753412,1777553825835827,,,,client-2-3,Remove,6898097,200,82415
client,client_request,completed,1777553825857639,2,,,1777553825835930,1777553825857639,1777553825835930,1777553825857639,,,,client-2-3,Insert,-7318563,200,21709
client,client_request,completed,1777553825878344,2,,,1777553825857744,1777553825878344,1777553825857744,1777553825878344,,,,client-2-3,Remove,6741094,200,20600
client,client_request,completed,1777553825899411,2,,,1777553825878450,1777553825899411,1777553825878450,1777553825899411,,,,client-2-3,Insert,-13006830,200,20961
client,client_request,completed,1777553825919898,2,,,1777553825899612,1777553825919898,1777553825899612,1777553825919898,,,,client-2-3,Insert,2804864,200,20286
client,client_request,completed,1777553825940652,2,,,1777553825920001,1777553825940652,1777553825920001,1777553825940652,,,,client-2-3,Remove,10393312,200,20651
client,client_request,completed,1777553825961677,2,,,1777553825940752,1777553825961677,1777553825940752,1777553825961677,,,,client-2-3,Insert,15158729,200,20925
client,client_request,completed,1777553825982734,2,,,1777553825961777,1777553825982734,1777553825961777,1777553825982734,,,,client-2-3,Insert,-14771242,200,20957
client,client_request,completed,1777553826003732,2,,,1777553825982835,1777553826003732,1777553825982835,1777553826003732,,,,client-2-3,Insert,-11716081,200,20897
client,client_request,completed,1777553826024887,2,,,1777553826003831,1777553826024887,1777553826003831,1777553826024887,,,,client-2-3,Insert,-4849430,200,21056
client,client_request,completed,1777553826046287,2,,,1777553826024987,1777553826046287,1777553826024987,1777553826046287,,,,client-2-3,Insert,-462503,200,21300
client,client_request,completed,1777553826067242,2,,,1777553826046499,1777553826067242,1777553826046499,1777553826067242,,,,client-2-3,Remove,6353863,200,20743
client,client_request,completed,1777553826088723,2,,,1777553826067454,1777553826088723,1777553826067454,1777553826088723,,,,client-2-3,Remove,-3358190,200,21269
client,client_request,completed,1777553826109702,2,,,1777553826089091,1777553826109702,1777553826089091,1777553826109702,,,,client-2-3,Insert,15989388,200,20611
client,client_request,completed,1777553826130091,2,,,1777553826109917,1777553826130091,1777553826109917,1777553826130091,,,,client-2-3,Remove,3219397,200,20174
client,client_request,completed,1777553826150776,2,,,1777553826130186,1777553826150776,1777553826130186,1777553826150776,,,,client-2-3,Insert,11202075,200,20590
client,client_request,completed,1777553826171713,2,,,1777553826150873,1777553826171713,1777553826150873,1777553826171713,,,,client-2-3,Insert,10763036,200,20840
client,client_request,completed,1777553826192606,2,,,1777553826171817,1777553826192606,1777553826171817,1777553826192606,,,,client-2-3,Remove,-5436544,200,20789
client,client_request,completed,1777553826213983,2,,,1777553826192707,1777553826213983,1777553826192707,1777553826213983,,,,client-2-3,Remove,11386954,200,21276
client,client_request,completed,1777553826235104,2,,,1777553826214085,1777553826235104,1777553826214085,1777553826235104,,,,client-2-3,Insert,-5275975,200,21019
client,client_request,completed,1777553826256012,2,,,1777553826235222,1777553826256012,1777553826235222,1777553826256012,,,,client-2-3,Insert,12417227,200,20790
client,client_request,completed,1777553826277013,2,,,1777553826256107,1777553826277013,1777553826256107,1777553826277013,,,,client-2-3,Remove,-6917867,200,20906
client,client_request,completed,1777553826298205,2,,,1777553826277108,1777553826298205,1777553826277108,1777553826298205,,,,client-2-3,Remove,-11956044,200,21097
client,client_request,completed,1777553826319326,2,,,1777553826298302,1777553826319326,1777553826298302,1777553826319326,,,,client-2-3,Remove,-2403734,200,21024
client,client_request,completed,1777553826340394,2,,,1777553826319428,1777553826340394,1777553826319428,1777553826340394,,,,client-2-3,Remove,4391857,200,20966
client,client_request,completed,1777553826361986,2,,,1777553826340491,1777553826361986,1777553826340491,1777553826361986,,,,client-2-3,Insert,-4780835,200,21495
client,client_request,completed,1777553826383761,2,,,1777553826362343,1777553826383761,1777553826362343,1777553826383761,,,,client-2-3,Insert,-16565508,200,21418
client,client_request,completed,1777553826405573,2,,,1777553826384145,1777553826405573,1777553826384145,1777553826405573,,,,client-2-3,Remove,-5765155,200,21428
client,client_request,completed,1777553826427479,2,,,1777553826405675,1777553826427479,1777553826405675,1777553826427479,,,,client-2-3,Insert,-6845239,200,21804
client,client_request,completed,1777553826448817,2,,,1777553826427583,1777553826448817,1777553826427583,1777553826448817,,,,client-2-3,Insert,-12351229,200,21234
client,client_request,completed,1777553826470248,2,,,1777553826448996,1777553826470248,1777553826448996,1777553826470248,,,,client-2-3,Remove,13184765,200,21252
client,client_request,completed,1777553826491441,2,,,1777553826470351,1777553826491441,1777553826470351,1777553826491441,,,,client-2-3,Insert,-6758605,200,21090
client,client_request,completed,1777553826512720,2,,,1777553826491546,1777553826512720,1777553826491546,1777553826512720,,,,client-2-3,Remove,-15116217,200,21174
client,client_request,completed,1777553826534292,2,,,1777553826512815,1777553826534292,1777553826512815,1777553826534292,,,,client-2-3,Insert,-9709735,200,21477
client,client_request,completed,1777553826555827,2,,,1777553826534387,1777553826555827,1777553826534387,1777553826555827,,,,client-2-3,Remove,5201241,200,21440
client,client_request,completed,1777553826577008,2,,,1777553826555925,1777553826577008,1777553826555925,1777553826577008,,,,client-2-3,Insert,-14677251,200,21083
client,client_request,completed,1777553826598415,2,,,1777553826577105,1777553826598415,1777553826577105,1777553826598415,,,,client-2-3,Insert,-10813427,200,21310
client,client_request,completed,1777553826619610,2,,,1777553826598512,1777553826619610,1777553826598512,1777553826619610,,,,client-2-3,Insert,-6724881,200,21098
client,client_request,completed,1777553826640766,2,,,1777553826619707,1777553826640766,1777553826619707,1777553826640766,,,,client-2-3,Insert,7262405,200,21059
client,client_request,completed,1777553826662106,2,,,1777553826640881,1777553826662106,1777553826640881,1777553826662106,,,,client-2-3,Remove,-8004877,200,21225
client,client_request,completed,1777553826684063,2,,,1777553826662211,1777553826684063,1777553826662211,1777553826684063,,,,client-2-3,Insert,13216561,200,21852
client,client_request,completed,1777553826705469,2,,,1777553826684164,1777553826705469,1777553826684164,1777553826705469,,,,client-2-3,Remove,14464753,200,21305
client,client_request,completed,1777553826726676,2,,,1777553826705569,1777553826726676,1777553826705569,1777553826726676,,,,client-2-3,Insert,13750130,200,21107
client,client_request,completed,1777553826747817,2,,,1777553826726777,1777553826747817,1777553826726777,1777553826747817,,,,client-2-3,Remove,-10243782,200,21040
client,client_request,completed,1777553826829130,2,,,1777553826747918,1777553826829130,1777553826747918,1777553826829130,,,,client-2-3,Remove,-923008,200,81212
client,client_request,completed,1777553826853692,2,,,1777553826829276,1777553826853692,1777553826829276,1777553826853692,,,,client-2-3,Insert,-9609604,200,24416
client,client_request,completed,1777553826874396,2,,,1777553826853815,1777553826874396,1777553826853815,1777553826874396,,,,client-2-3,Insert,-5725753,200,20581
client,client_request,completed,1777553826895885,2,,,1777553826874497,1777553826895885,1777553826874497,1777553826895885,,,,client-2-3,Insert,11698888,200,21388
client,client_request,completed,1777553826916862,2,,,1777553826895987,1777553826916862,1777553826895987,1777553826916862,,,,client-2-3,Insert,6868116,200,20875
client,client_request,completed,1777553826938111,2,,,1777553826916964,1777553826938111,1777553826916964,1777553826938111,,,,client-2-3,Remove,-14284233,200,21147
client,client_request,completed,1777553826959381,2,,,1777553826938212,1777553826959381,1777553826938212,1777553826959381,,,,client-2-3,Insert,12956623,200,21169
client,client_request,completed,1777553826980159,2,,,1777553826959587,1777553826980159,1777553826959587,1777553826980159,,,,client-2-3,Insert,9133835,200,20572
client,client_request,completed,1777553827001372,2,,,1777553826980279,1777553827001372,1777553826980279,1777553827001372,,,,client-2-3,Insert,5533476,200,21093
client,client_request,completed,1777553827022609,2,,,1777553827001476,1777553827022609,1777553827001476,1777553827022609,,,,client-2-3,Remove,9933564,200,21133
client,client_request,completed,1777553827044326,2,,,1777553827022976,1777553827044326,1777553827022976,1777553827044326,,,,client-2-3,Remove,-3780971,200,21350
client,client_request,completed,1777553827065397,2,,,1777553827044539,1777553827065397,1777553827044539,1777553827065397,,,,client-2-3,Insert,14191753,200,20858
client,client_request,completed,1777553827086755,2,,,1777553827065498,1777553827086755,1777553827065498,1777553827086755,,,,client-2-3,Remove,4819096,200,21257
client,client_request,completed,1777553827108318,2,,,1777553827086858,1777553827108318,1777553827086858,1777553827108318,,,,client-2-3,Remove,-12911202,200,21460
client,client_request,completed,1777553827129697,2,,,1777553827108423,1777553827129697,1777553827108423,1777553827129697,,,,client-2-3,Insert,3705028,200,21274
client,client_request,completed,1777553827151266,2,,,1777553827129793,1777553827151266,1777553827129793,1777553827151266,,,,client-2-3,Remove,-4748790,200,21473
client,client_request,completed,1777553827172567,2,,,1777553827151394,1777553827172567,1777553827151394,1777553827172567,,,,client-2-3,Insert,-2274228,200,21173
client,client_request,completed,1777553827193535,2,,,1777553827172779,1777553827193535,1777553827172779,1777553827193535,,,,client-2-3,Remove,-3734871,200,20756
client,client_request,completed,1777553827215066,2,,,1777553827193630,1777553827215066,1777553827193630,1777553827215066,,,,client-2-3,Insert,1731124,200,21436
client,client_request,completed,1777553827236573,2,,,1777553827215169,1777553827236573,1777553827215169,1777553827236573,,,,client-2-3,Remove,-4356462,200,21404
client,client_request,completed,1777553827257544,2,,,1777553827236680,1777553827257544,1777553827236680,1777553827257544,,,,client-2-3,Remove,-4425955,200,20864
client,client_request,completed,1777553827278971,2,,,1777553827257639,1777553827278971,1777553827257639,1777553827278971,,,,client-2-3,Insert,3507841,200,21332
client,client_request,completed,1777553827300269,2,,,1777553827279072,1777553827300269,1777553827279072,1777553827300269,,,,client-2-3,Insert,1278977,200,21197
client,client_request,completed,1777553827321833,2,,,1777553827300372,1777553827321833,1777553827300372,1777553827321833,,,,client-2-3,Remove,2091684,200,21461
client,client_request,completed,1777553827343407,2,,,1777553827321933,1777553827343407,1777553827321933,1777553827343407,,,,client-2-3,Remove,8661488,200,21474
client,client_request,completed,1777553827364451,2,,,1777553827343607,1777553827364451,1777553827343607,1777553827364451,,,,client-2-3,Insert,-5582707,200,20844
client,client_request,completed,1777553827386004,2,,,1777553827364544,1777553827386004,1777553827364544,1777553827386004,,,,client-2-3,Insert,13536089,200,21460
client,client_request,completed,1777553827407246,2,,,1777553827386122,1777553827407246,1777553827386122,1777553827407246,,,,client-2-3,Remove,3222672,200,21124
client,client_request,completed,1777553827428864,2,,,1777553827407364,1777553827428864,1777553827407364,1777553827428864,,,,client-2-3,Insert,14492073,200,21500
client,client_request,completed,1777553827449989,2,,,1777553827429226,1777553827449989,1777553827429226,1777553827449989,,,,client-2-3,Insert,-6081257,200,20763
client,client_request,completed,1777553827471400,2,,,1777553827450088,1777553827471400,1777553827450088,1777553827471400,,,,client-2-3,Insert,-13171801,200,21312
client,client_request,completed,1777553827492741,2,,,1777553827471501,1777553827492741,1777553827471501,1777553827492741,,,,client-2-3,Insert,-1582845,200,21240
client,client_request,completed,1777553827514353,2,,,1777553827492840,1777553827514353,1777553827492840,1777553827514353,,,,client-2-3,Insert,-853275,200,21513
client,client_request,completed,1777553827535486,2,,,1777553827514473,1777553827535486,1777553827514473,1777553827535486,,,,client-2-3,Insert,-4805511,200,21013
client,client_request,completed,1777553827558362,2,,,1777553827535578,1777553827558362,1777553827535578,1777553827558362,,,,client-2-3,Insert,-3347509,200,22784
client,client_request,completed,1777553827579674,2,,,1777553827558459,1777553827579674,1777553827558459,1777553827579674,,,,client-2-3,Remove,7971136,200,21215
client,client_request,completed,1777553827601105,2,,,1777553827579770,1777553827601105,1777553827579770,1777553827601105,,,,client-2-3,Remove,-14918510,200,21335
client,client_request,completed,1777553827622852,2,,,1777553827601196,1777553827622852,1777553827601196,1777553827622852,,,,client-2-3,Remove,-12935072,200,21656
client,client_request,completed,1777553827644356,2,,,1777553827623189,1777553827644356,1777553827623189,1777553827644356,,,,client-2-3,Remove,11637695,200,21167
client,client_request,completed,1777553827665534,2,,,1777553827644475,1777553827665534,1777553827644475,1777553827665534,,,,client-2-3,Remove,16476038,200,21059
client,client_request,completed,1777553827687532,2,,,1777553827665629,1777553827687532,1777553827665629,1777553827687532,,,,client-2-3,Insert,-11531676,200,21903
client,client_request,completed,1777553827710922,2,,,1777553827687636,1777553827710922,1777553827687636,1777553827710922,,,,client-2-3,Insert,10865133,200,23286
client,client_request,completed,1777553827733779,2,,,1777553827711024,1777553827733779,1777553827711024,1777553827733779,,,,client-2-3,Remove,-10811175,200,22755
client,client_request,completed,1777553827755581,2,,,1777553827733882,1777553827755581,1777553827733882,1777553827755581,,,,client-2-3,Remove,-8302689,200,21699
client,client_request,completed,1777553827841419,2,,,1777553827755676,1777553827841419,1777553827755676,1777553827841419,,,,client-2-3,Insert,3309041,200,85743
client,client_request,completed,1777553827862936,2,,,1777553827841533,1777553827862936,1777553827841533,1777553827862936,,,,client-2-3,Remove,13869082,200,21403
client,client_request,completed,1777553827884789,2,,,1777553827863032,1777553827884789,1777553827863032,1777553827884789,,,,client-2-3,Insert,8520795,200,21757
client,client_request,completed,1777553827906827,2,,,1777553827884992,1777553827906827,1777553827884992,1777553827906827,,,,client-2-3,Insert,126337,200,21835
client,client_request,completed,1777553827928462,2,,,1777553827906929,1777553827928462,1777553827906929,1777553827928462,,,,client-2-3,Remove,-3362336,200,21533
client,client_request,completed,1777553827950499,2,,,1777553827928560,1777553827950499,1777553827928560,1777553827950499,,,,client-2-3,Remove,6000987,200,21939
client,client_request,completed,1777553827971928,2,,,1777553827950597,1777553827971928,1777553827950597,1777553827971928,,,,client-2-3,Insert,-10972078,200,21331
client,client_request,completed,1777553827994228,2,,,1777553827972030,1777553827994228,1777553827972030,1777553827994228,,,,client-2-3,Remove,-11466048,200,22198
client,client_request,completed,1777553828015979,2,,,1777553827994358,1777553828015979,1777553827994358,1777553828015979,,,,client-2-3,Insert,3378902,200,21621
client,client_request,completed,1777553828038028,2,,,1777553828016081,1777553828038028,1777553828016081,1777553828038028,,,,client-2-3,Insert,-16422924,200,21947
client,client_request,completed,1777553828059895,2,,,1777553828038120,1777553828059895,1777553828038120,1777553828059895,,,,client-2-3,Remove,5418592,200,21775
client,client_request,completed,1777553828081886,2,,,1777553828060329,1777553828081886,1777553828060329,1777553828081886,,,,client-2-3,Remove,-4351871,200,21557
client,client_request,completed,1777553828104158,2,,,1777553828082248,1777553828104158,1777553828082248,1777553828104158,,,,client-2-3,Remove,-1806283,200,21910
client,client_request,completed,1777553828126093,2,,,1777553828104394,1777553828126093,1777553828104394,1777553828126093,,,,client-2-3,Remove,-16568982,200,21699
client,client_request,completed,1777553828147962,2,,,1777553828126299,1777553828147962,1777553828126299,1777553828147962,,,,client-2-3,Remove,4083332,200,21663
client,client_request,completed,1777553828170158,2,,,1777553828148074,1777553828170158,1777553828148074,1777553828170158,,,,client-2-3,Insert,-1715923,200,22084
client,client_request,completed,1777553828192205,2,,,1777553828170259,1777553828192205,1777553828170259,1777553828192205,,,,client-2-3,Remove,-14987352,200,21946
client,client_request,completed,1777553828214838,2,,,1777553828192304,1777553828214838,1777553828192304,1777553828214838,,,,client-2-3,Remove,8435584,200,22534
client,client_request,completed,1777553828237184,2,,,1777553828214950,1777553828237184,1777553828214950,1777553828237184,,,,client-2-3,Insert,-3576603,200,22234
client,client_request,completed,1777553828259129,2,,,1777553828237279,1777553828259129,1777553828237279,1777553828259129,,,,client-2-3,Insert,-11209975,200,21850
client,client_request,completed,1777553828281340,2,,,1777553828259235,1777553828281340,1777553828259235,1777553828281340,,,,client-2-3,Remove,-5258505,200,22105
client,client_request,completed,1777553828303325,2,,,1777553828281467,1777553828303325,1777553828281467,1777553828303325,,,,client-2-3,Remove,-5563715,200,21858
client,client_request,completed,1777553828325060,2,,,1777553828303429,1777553828325060,1777553828303429,1777553828325060,,,,client-2-3,Remove,-679433,200,21631
client,client_request,completed,1777553828347187,2,,,1777553828325155,1777553828347187,1777553828325155,1777553828347187,,,,client-2-3,Insert,-2726093,200,22032
client,client_request,completed,1777553828369334,2,,,1777553828347288,1777553828369334,1777553828347288,1777553828369334,,,,client-2-3,Insert,-7756327,200,22046
client,client_request,completed,1777553828391455,2,,,1777553828369539,1777553828391455,1777553828369539,1777553828391455,,,,client-2-3,Remove,-14800729,200,21916
client,client_request,completed,1777553828413213,2,,,1777553828391588,1777553828413213,1777553828391588,1777553828413213,,,,client-2-3,Insert,-3497508,200,21625
client,client_request,completed,1777553828435363,2,,,1777553828413308,1777553828435363,1777553828413308,1777553828435363,,,,client-2-3,Remove,11518541,200,22055
client,client_request,completed,1777553828457192,2,,,1777553828435465,1777553828457192,1777553828435465,1777553828457192,,,,client-2-3,Insert,-14190759,200,21727
client,client_request,completed,1777553828479655,2,,,1777553828457287,1777553828479655,1777553828457287,1777553828479655,,,,client-2-3,Insert,-4014872,200,22368
client,client_request,completed,1777553828501814,2,,,1777553828479857,1777553828501814,1777553828479857,1777553828501814,,,,client-2-3,Remove,-4256090,200,21957
client,client_request,completed,1777553828523918,2,,,1777553828501946,1777553828523918,1777553828501946,1777553828523918,,,,client-2-3,Insert,-14385510,200,21972
client,client_request,completed,1777553828546452,2,,,1777553828524021,1777553828546452,1777553828524021,1777553828546452,,,,client-2-3,Insert,4549691,200,22431
client,client_request,completed,1777553828569426,2,,,1777553828546569,1777553828569426,1777553828546569,1777553828569426,,,,client-2-3,Remove,9885977,200,22857
client,client_request,completed,1777553828592341,2,,,1777553828569516,1777553828592341,1777553828569516,1777553828592341,,,,client-2-3,Remove,15366488,200,22825
client,client_request,completed,1777553828614898,2,,,1777553828592437,1777553828614898,1777553828592437,1777553828614898,,,,client-2-3,Remove,-5554641,200,22461
client,client_request,completed,1777553828636807,2,,,1777553828615106,1777553828636807,1777553828615106,1777553828636807,,,,client-2-3,Insert,3304297,200,21701
client,client_request,completed,1777553828659006,2,,,1777553828637013,1777553828659006,1777553828637013,1777553828659006,,,,client-2-3,Remove,-14897992,200,21993
client,client_request,completed,1777553828681046,2,,,1777553828659102,1777553828681046,1777553828659102,1777553828681046,,,,client-2-3,Insert,-14870857,200,21944
client,client_request,completed,1777553828703554,2,,,1777553828681141,1777553828703554,1777553828681141,1777553828703554,,,,client-2-3,Remove,4920166,200,22413
client,client_request,completed,1777553828725360,2,,,1777553828703893,1777553828725360,1777553828703893,1777553828725360,,,,client-2-3,Insert,6787742,200,21467
client,client_request,completed,1777553828747519,2,,,1777553828725454,1777553828747519,1777553828725454,1777553828747519,,,,client-2-3,Remove,-16648926,200,22065
client,client_request,completed,1777553828769958,2,,,1777553828747613,1777553828769958,1777553828747613,1777553828769958,,,,client-2-3,Insert,-16377304,200,22345
client,client_request,completed,1777553828855216,2,,,1777553828770165,1777553828855216,1777553828770165,1777553828855216,,,,client-2-3,Remove,-4514128,200,85051
client,client_request,completed,1777553828876607,2,,,1777553828855320,1777553828876607,1777553828855320,1777553828876607,,,,client-2-3,Insert,-9018962,200,21287
client,client_request,completed,1777553828898452,2,,,1777553828876708,1777553828898452,1777553828876708,1777553828898452,,,,client-2-3,Remove,15232346,200,21744
client,client_request,completed,1777553828920013,2,,,1777553828898554,1777553828920013,1777553828898554,1777553828920013,,,,client-2-3,Remove,-16657743,200,21459
client,client_request,completed,1777553828941882,2,,,1777553828920115,1777553828941882,1777553828920115,1777553828941882,,,,client-2-3,Insert,-13037142,200,21767
client,client_request,completed,1777553828963687,2,,,1777553828941985,1777553828963687,1777553828941985,1777553828963687,,,,client-2-3,Insert,10874686,200,21702
client,client_request,completed,1777553828986017,2,,,1777553828963792,1777553828986017,1777553828963792,1777553828986017,,,,client-2-3,Insert,-3831836,200,22225
client,client_request,completed,1777553829008257,2,,,1777553828986121,1777553829008257,1777553828986121,1777553829008257,,,,client-2-3,Insert,-12986774,200,22136
client,client_request,completed,1777553829029869,2,,,1777553829008363,1777553829029869,1777553829008363,1777553829029869,,,,client-2-3,Remove,-7354626,200,21506
client,client_request,completed,1777553829051556,2,,,1777553829029971,1777553829051556,1777553829029971,1777553829051556,,,,client-2-3,Remove,9969570,200,21585
client,client_request,completed,1777553829073199,2,,,1777553829051659,1777553829073199,1777553829051659,1777553829073199,,,,client-2-3,Insert,-10143754,200,21540
client,client_request,completed,1777553829095054,2,,,1777553829073300,1777553829095054,1777553829073300,1777553829095054,,,,client-2-3,Remove,12649850,200,21754
client,client_request,completed,1777553829116916,2,,,1777553829095156,1777553829116916,1777553829095156,1777553829116916,,,,client-2-3,Remove,-13761245,200,21760
client,client_request,completed,1777553829138909,2,,,1777553829117018,1777553829138909,1777553829117018,1777553829138909,,,,client-2-3,Insert,-14049022,200,21891
client,client_request,completed,1777553829161045,2,,,1777553829139045,1777553829161045,1777553829139045,1777553829161045,,,,client-2-3,Remove,15261502,200,22000
client,client_request,completed,1777553829184455,2,,,1777553829161165,1777553829184455,1777553829161165,1777553829184455,,,,client-2-3,Insert,-6922745,200,23290
client,client_request,completed,1777553829206992,2,,,1777553829184823,1777553829206992,1777553829184823,1777553829206992,,,,client-2-3,Remove,-2826836,200,22169
client,client_request,completed,1777553829228632,2,,,1777553829207093,1777553829228632,1777553829207093,1777553829228632,,,,client-2-3,Insert,-6317483,200,21539
client,client_request,completed,1777553829250834,2,,,1777553829228760,1777553829250834,1777553829228760,1777553829250834,,,,client-2-3,Insert,-10249296,200,22074
client,client_request,completed,1777553829273592,2,,,1777553829250967,1777553829273592,1777553829250967,1777553829273592,,,,client-2-3,Insert,1437357,200,22625
client,client_request,completed,1777553829296050,2,,,1777553829273694,1777553829296050,1777553829273694,1777553829296050,,,,client-2-3,Insert,-4276910,200,22356
client,client_request,completed,1777553829318408,2,,,1777553829296152,1777553829318408,1777553829296152,1777553829318408,,,,client-2-3,Remove,8485440,200,22256
client,client_request,completed,1777553829340380,2,,,1777553829318509,1777553829340380,1777553829318509,1777553829340380,,,,client-2-3,Remove,14031439,200,21871
client,client_request,completed,1777553829362804,2,,,1777553829340483,1777553829362804,1777553829340483,1777553829362804,,,,client-2-3,Remove,539655,200,22321
client,client_request,completed,1777553829385382,2,,,1777553829362910,1777553829385382,1777553829362910,1777553829385382,,,,client-2-3,Insert,7131751,200,22472
client,client_request,completed,1777553829408380,2,,,1777553829385506,1777553829408380,1777553829385506,1777553829408380,,,,client-2-3,Insert,5202004,200,22874
client,client_request,completed,1777553829431171,2,,,1777553829408484,1777553829431171,1777553829408484,1777553829431171,,,,client-2-3,Insert,-7583752,200,22687
client,client_request,completed,1777553829453983,2,,,1777553829431274,1777553829453983,1777553829431274,1777553829453983,,,,client-2-3,Remove,11576853,200,22709
client,client_request,completed,1777553829476265,2,,,1777553829454092,1777553829476265,1777553829454092,1777553829476265,,,,client-2-3,Insert,9856209,200,22173
client,client_request,completed,1777553829498403,2,,,1777553829476472,1777553829498403,1777553829476472,1777553829498403,,,,client-2-3,Remove,16070387,200,21931
client,client_request,completed,1777553829520137,2,,,1777553829498509,1777553829520137,1777553829498509,1777553829520137,,,,client-2-3,Remove,10959175,200,21628
client,client_request,completed,1777553829541900,2,,,1777553829520293,1777553829541900,1777553829520293,1777553829541900,,,,client-2-3,Remove,-16549249,200,21607
client,client_request,completed,1777553829563853,2,,,1777553829542006,1777553829563853,1777553829542006,1777553829563853,,,,client-2-3,Remove,3312385,200,21847
client,client_request,completed,1777553829585691,2,,,1777553829563950,1777553829585691,1777553829563950,1777553829585691,,,,client-2-3,Remove,-15988538,200,21741
client,client_request,completed,1777553829608106,2,,,1777553829585789,1777553829608106,1777553829585789,1777553829608106,,,,client-2-3,Remove,14049090,200,22317
client,client_request,completed,1777553829629957,2,,,1777553829608342,1777553829629957,1777553829608342,1777553829629957,,,,client-2-3,Insert,4866165,200,21615
client,client_request,completed,1777553829651790,2,,,1777553829630082,1777553829651790,1777553829630082,1777553829651790,,,,client-2-3,Remove,-859471,200,21708
client,client_request,completed,1777553829673675,2,,,1777553829651913,1777553829673675,1777553829651913,1777553829673675,,,,client-2-3,Remove,-15965750,200,21762
client,client_request,completed,1777553829695144,2,,,1777553829674043,1777553829695144,1777553829674043,1777553829695144,,,,client-2-3,Remove,-9865955,200,21101
client,client_request,completed,1777553829717536,2,,,1777553829695245,1777553829717536,1777553829695245,1777553829717536,,,,client-2-3,Insert,5449741,200,22291
client,client_request,completed,1777553829739491,2,,,1777553829717638,1777553829739491,1777553829717638,1777553829739491,,,,client-2-3,Insert,15604785,200,21853
client,client_request,completed,1777553829761441,2,,,1777553829739917,1777553829761441,1777553829739917,1777553829761441,,,,client-2-3,Remove,-8661510,200,21524
client,client_request,completed,1777553829846541,2,,,1777553829761651,1777553829846541,1777553829761651,1777553829846541,,,,client-2-3,Insert,2609989,200,84890
client,client_request,completed,1777553829869557,2,,,1777553829846659,1777553829869557,1777553829846659,1777553829869557,,,,client-2-3,Remove,-3140353,200,22898
client,client_request,completed,1777553829890427,2,,,1777553829869878,1777553829890427,1777553829869878,1777553829890427,,,,client-2-3,Remove,-4137959,200,20549
client,client_request,completed,1777553829912651,2,,,1777553829890560,1777553829912651,1777553829890560,1777553829912651,,,,client-2-3,Remove,11337661,200,22091
client,client_request,completed,1777553829934484,2,,,1777553829912760,1777553829934484,1777553829912760,1777553829934484,,,,client-2-3,Insert,13356801,200,21724
client,client_request,completed,1777553829956395,2,,,1777553829934852,1777553829956395,1777553829934852,1777553829956395,,,,client-2-3,Remove,-8369254,200,21543
client,client_request,completed,1777553829978465,2,,,1777553829956521,1777553829978465,1777553829956521,1777553829978465,,,,client-2-3,Remove,2493244,200,21944
client,client_request,completed,1777553830000520,2,,,1777553829978568,1777553830000520,1777553829978568,1777553830000520,,,,client-2-3,Remove,10185236,200,21952
client,client_request,completed,1777553830022701,2,,,1777553830000622,1777553830022701,1777553830000622,1777553830022701,,,,client-2-3,Insert,8725603,200,22079
client,client_request,completed,1777553830044759,2,,,1777553830022803,1777553830044759,1777553830022803,1777553830044759,,,,client-2-3,Remove,12793129,200,21956
client,client_request,completed,1777553830067144,2,,,1777553830045130,1777553830067144,1777553830045130,1777553830067144,,,,client-2-3,Insert,12370889,200,22014
client,client_request,completed,1777553830088973,2,,,1777553830067267,1777553830088973,1777553830067267,1777553830088973,,,,client-2-3,Insert,13769779,200,21706
client,client_request,completed,1777553830111494,2,,,1777553830089110,1777553830111494,1777553830089110,1777553830111494,,,,client-2-3,Insert,-14848828,200,22384
client,client_request,completed,1777553830134081,2,,,1777553830111629,1777553830134081,1777553830111629,1777553830134081,,,,client-2-3,Insert,1690065,200,22452
client,client_request,completed,1777553830156010,2,,,1777553830134443,1777553830156010,1777553830134443,1777553830156010,,,,client-2-3,Remove,7620458,200,21567
client,client_request,completed,1777553830178048,2,,,1777553830156396,1777553830178048,1777553830156396,1777553830178048,,,,client-2-3,Insert,11502214,200,21652
client,client_request,completed,1777553830200015,2,,,1777553830178181,1777553830200015,1777553830178181,1777553830200015,,,,client-2-3,Remove,-15407966,200,21834
client,client_request,completed,1777553830222186,2,,,1777553830200119,1777553830222186,1777553830200119,1777553830222186,,,,client-2-3,Insert,558169,200,22067
client,client_request,completed,1777553830244218,2,,,1777553830222288,1777553830244218,1777553830222288,1777553830244218,,,,client-2-3,Insert,5275626,200,21930
client,client_request,completed,1777553830266323,2,,,1777553830244321,1777553830266323,1777553830244321,1777553830266323,,,,client-2-3,Insert,-8400460,200,22002
client,client_request,completed,1777553830288131,2,,,1777553830266429,1777553830288131,1777553830266429,1777553830288131,,,,client-2-3,Insert,-10600638,200,21702
client,client_request,completed,1777553830310417,2,,,1777553830288256,1777553830310417,1777553830288256,1777553830310417,,,,client-2-3,Insert,12206245,200,22161
client,client_request,completed,1777553830332667,2,,,1777553830310522,1777553830332667,1777553830310522,1777553830332667,,,,client-2-3,Insert,3719558,200,22145
client,client_request,completed,1777553830354966,2,,,1777553830332793,1777553830354966,1777553830332793,1777553830354966,,,,client-2-3,Insert,-11321642,200,22173
client,client_request,completed,1777553830377552,2,,,1777553830355090,1777553830377552,1777553830355090,1777553830377552,,,,client-2-3,Remove,2723829,200,22462
client,client_request,completed,1777553830400246,2,,,1777553830377657,1777553830400246,1777553830377657,1777553830400246,,,,client-2-3,Remove,-10156736,200,22589
client,client_request,completed,1777553830422596,2,,,1777553830400350,1777553830422596,1777553830400350,1777553830422596,,,,client-2-3,Insert,12316151,200,22246
client,client_request,completed,1777553830444988,2,,,1777553830422698,1777553830444988,1777553830422698,1777553830444988,,,,client-2-3,Remove,-3706691,200,22290
client,client_request,completed,1777553830467812,2,,,1777553830445112,1777553830467812,1777553830445112,1777553830467812,,,,client-2-3,Insert,9539262,200,22700
client,client_request,completed,1777553830490127,2,,,1777553830468009,1777553830490127,1777553830468009,1777553830490127,,,,client-2-3,Insert,-7812139,200,22118
client,client_request,completed,1777553830512284,2,,,1777553830490451,1777553830512284,1777553830490451,1777553830512284,,,,client-2-3,Insert,15356687,200,21833
client,client_request,completed,1777553830534318,2,,,1777553830512494,1777553830534318,1777553830512494,1777553830534318,,,,client-2-3,Insert,-11803908,200,21824
client,client_request,completed,1777553830556420,2,,,1777553830534420,1777553830556420,1777553830534420,1777553830556420,,,,client-2-3,Insert,8567096,200,22000
client,client_request,completed,1777553830578864,2,,,1777553830556517,1777553830578864,1777553830556517,1777553830578864,,,,client-2-3,Remove,-15207758,200,22347
client,client_request,completed,1777553830601196,2,,,1777553830578963,1777553830601196,1777553830578963,1777553830601196,,,,client-2-3,Remove,-7963243,200,22233
client,client_request,completed,1777553830623381,2,,,1777553830601295,1777553830623381,1777553830601295,1777553830623381,,,,client-2-3,Remove,-5466759,200,22086
client,client_request,completed,1777553830646242,2,,,1777553830623485,1777553830646242,1777553830623485,1777553830646242,,,,client-2-3,Remove,-15302399,200,22757
client,client_request,completed,1777553830671490,2,,,1777553830646384,1777553830671490,1777553830646384,1777553830671490,,,,client-2-3,Insert,-7831418,200,25106
client,client_request,completed,1777553830695514,2,,,1777553830671700,1777553830695514,1777553830671700,1777553830695514,,,,client-2-3,Insert,13306513,200,23814
client,client_request,completed,1777553830719066,2,,,1777553830695658,1777553830719066,1777553830695658,1777553830719066,,,,client-2-3,Insert,8035400,200,23408
client,client_request,completed,1777553830742452,2,,,1777553830719168,1777553830742452,1777553830719168,1777553830742452,,,,client-2-3,Remove,-55268,200,23284
client,client_request,completed,1777553830765341,2,,,1777553830742576,1777553830765341,1777553830742576,1777553830765341,,,,client-2-3,Remove,-1444535,200,22765
client,client_request,completed,1777553830852061,2,,,1777553830765444,1777553830852061,1777553830765444,1777553830852061,,,,client-2-3,Insert,-10950149,200,86617
client,client_request,completed,1777553830875410,2,,,1777553830852443,1777553830875410,1777553830852443,1777553830875410,,,,client-2-3,Remove,-9892553,200,22967
client,client_request,completed,1777553830899159,2,,,1777553830875547,1777553830899159,1777553830875547,1777553830899159,,,,client-2-3,Remove,7017721,200,23612
client,client_request,completed,1777553830922575,2,,,1777553830899262,1777553830922575,1777553830899262,1777553830922575,,,,client-2-3,Insert,-10830746,200,23313
client,client_request,completed,1777553830948515,2,,,1777553830922684,1777553830948515,1777553830922684,1777553830948515,,,,client-2-3,Insert,2833812,200,25831
client,client_request,completed,1777553830971539,2,,,1777553830948618,1777553830971539,1777553830948618,1777553830971539,,,,client-2-3,Insert,10635520,200,22921
client,client_request,completed,1777553830994306,2,,,1777553830971641,1777553830994306,1777553830971641,1777553830994306,,,,client-2-3,Insert,-1068555,200,22665
client,client_request,completed,1777553831017065,2,,,1777553830994427,1777553831017065,1777553830994427,1777553831017065,,,,client-2-3,Insert,-13329583,200,22638
client,client_request,completed,1777553831039969,2,,,1777553831017184,1777553831039969,1777553831017184,1777553831039969,,,,client-2-3,Remove,5753986,200,22785
client,client_request,completed,1777553831062717,2,,,1777553831040070,1777553831062717,1777553831040070,1777553831062717,,,,client-2-3,Insert,6545284,200,22647
client,client_request,completed,1777553831084500,2,,,1777553831063071,1777553831084500,1777553831063071,1777553831084500,,,,client-2-3,Remove,-2141057,200,21429
client,client_request,completed,1777553831107188,2,,,1777553831084631,1777553831107188,1777553831084631,1777553831107188,,,,client-2-3,Remove,9409531,200,22557
client,client_request,completed,1777553831129731,2,,,1777553831107322,1777553831129731,1777553831107322,1777553831129731,,,,client-2-3,Insert,2040562,200,22409
client,client_request,completed,1777553831152209,2,,,1777553831130096,1777553831152209,1777553831130096,1777553831152209,,,,client-2-3,Insert,1243956,200,22113
client,client_request,completed,1777553831174597,2,,,1777553831152418,1777553831174597,1777553831152418,1777553831174597,,,,client-2-3,Remove,4808194,200,22179
client,client_request,completed,1777553831196906,2,,,1777553831174736,1777553831196906,1777553831174736,1777553831196906,,,,client-2-3,Insert,1144402,200,22170
client,client_request,completed,1777553831219136,2,,,1777553831197003,1777553831219136,1777553831197003,1777553831219136,,,,client-2-3,Insert,-6959483,200,22133
client,client_request,completed,1777553831241396,2,,,1777553831219239,1777553831241396,1777553831219239,1777553831241396,,,,client-2-3,Insert,14569706,200,22157
client,client_request,completed,1777553831264142,2,,,1777553831241525,1777553831264142,1777553831241525,1777553831264142,,,,client-2-3,Insert,-4719342,200,22617
client,client_request,completed,1777553831286711,2,,,1777553831264274,1777553831286711,1777553831264274,1777553831286711,,,,client-2-3,Remove,-500525,200,22437
client,client_request,completed,1777553831309252,2,,,1777553831286822,1777553831309252,1777553831286822,1777553831309252,,,,client-2-3,Insert,-9387656,200,22430
client,client_request,completed,1777553831331625,2,,,1777553831309355,1777553831331625,1777553831309355,1777553831331625,,,,client-2-3,Remove,9988782,200,22270
client,client_request,completed,1777553831354713,2,,,1777553831331984,1777553831354713,1777553831331984,1777553831354713,,,,client-2-3,Remove,-15999238,200,22729
client,client_request,completed,1777553831377282,2,,,1777553831354849,1777553831377282,1777553831354849,1777553831377282,,,,client-2-3,Remove,-4484077,200,22433
client,client_request,completed,1777553831399941,2,,,1777553831377438,1777553831399941,1777553831377438,1777553831399941,,,,client-2-3,Insert,7702941,200,22503
client,client_request,completed,1777553831422716,2,,,1777553831400082,1777553831422716,1777553831400082,1777553831422716,,,,client-2-3,Remove,14949868,200,22634
client,client_request,completed,1777553831444965,2,,,1777553831423093,1777553831444965,1777553831423093,1777553831444965,,,,client-2-3,Remove,220808,200,21872
client,client_request,completed,1777553831467359,2,,,1777553831445068,1777553831467359,1777553831445068,1777553831467359,,,,client-2-3,Insert,9976123,200,22291
client,client_request,completed,1777553831489777,2,,,1777553831467459,1777553831489777,1777553831467459,1777553831489777,,,,client-2-3,Remove,5556127,200,22318
client,client_request,completed,1777553831512500,2,,,1777553831489928,1777553831512500,1777553831489928,1777553831512500,,,,client-2-3,Insert,11230095,200,22572
client,client_request,completed,1777553831535132,2,,,1777553831512631,1777553831535132,1777553831512631,1777553831535132,,,,client-2-3,Remove,15802940,200,22501
client,client_request,completed,1777553831557614,2,,,1777553831535233,1777553831557614,1777553831535233,1777553831557614,,,,client-2-3,Remove,-7480450,200,22381
client,client_request,completed,1777553831580165,2,,,1777553831557712,1777553831580165,1777553831557712,1777553831580165,,,,client-2-3,Remove,-6732861,200,22453
client,client_request,completed,1777553831603158,2,,,1777553831580299,1777553831603158,1777553831580299,1777553831603158,,,,client-2-3,Insert,-12079110,200,22859
client,client_request,completed,1777553831626766,2,,,1777553831603256,1777553831626766,1777553831603256,1777553831626766,,,,client-2-3,Remove,11106656,200,23510
client,client_request,completed,1777553831649955,2,,,1777553831626900,1777553831649955,1777553831626900,1777553831649955,,,,client-2-3,Remove,7296111,200,23055
client,client_request,completed,1777553831672446,2,,,1777553831650058,1777553831672446,1777553831650058,1777553831672446,,,,client-2-3,Remove,5077041,200,22388
client,client_request,completed,1777553831695163,2,,,1777553831672575,1777553831695163,1777553831672575,1777553831695163,,,,client-2-3,Insert,-4316583,200,22588
client,client_request,completed,1777553831718441,2,,,1777553831695265,1777553831718441,1777553831695265,1777553831718441,,,,client-2-3,Remove,-668020,200,23176
client,client_request,completed,1777553831741420,2,,,1777553831718577,1777553831741420,1777553831718577,1777553831741420,,,,client-2-3,Insert,11686618,200,22843
client,client_request,completed,1777553831763556,2,,,1777553831741769,1777553831763556,1777553831741769,1777553831763556,,,,client-2-3,Insert,-14533948,200,21787
client,client_request,completed,1777553831850314,2,,,1777553831763657,1777553831850314,1777553831763657,1777553831850314,,,,client-2-3,Insert,-4811621,200,86657
client,client_request,completed,1777553831872913,2,,,1777553831850439,1777553831872913,1777553831850439,1777553831872913,,,,client-2-3,Remove,-5698789,200,22474
client,client_request,completed,1777553831895415,2,,,1777553831873145,1777553831895415,1777553831873145,1777553831895415,,,,client-2-3,Insert,16072664,200,22270
client,client_request,completed,1777553831918851,2,,,1777553831895524,1777553831918851,1777553831895524,1777553831918851,,,,client-2-3,Remove,-2962640,200,23327
client,client_request,completed,1777553831941213,2,,,1777553831919061,1777553831941213,1777553831919061,1777553831941213,,,,client-2-3,Remove,-16250257,200,22152
client,client_request,completed,1777553831964150,2,,,1777553831941663,1777553831964150,1777553831941663,1777553831964150,,,,client-2-3,Remove,-15458299,200,22487
client,client_request,completed,1777553831987142,2,,,1777553831964270,1777553831987142,1777553831964270,1777553831987142,,,,client-2-3,Remove,8062775,200,22872
client,client_request,completed,1777553832010097,2,,,1777553831987276,1777553832010097,1777553831987276,1777553832010097,,,,client-2-3,Insert,-6464743,200,22821
client,client_request,completed,1777553832032730,2,,,1777553832010198,1777553832032730,1777553832010198,1777553832032730,,,,client-2-3,Insert,5378704,200,22532
client,client_request,completed,1777553832055679,2,,,1777553832033097,1777553832055679,1777553832033097,1777553832055679,,,,client-2-3,Remove,15018775,200,22582
client,client_request,completed,1777553832078643,2,,,1777553832055779,1777553832078643,1777553832055779,1777553832078643,,,,client-2-3,Insert,16752647,200,22864
client,client_request,completed,1777553832101503,2,,,1777553832078782,1777553832101503,1777553832078782,1777553832101503,,,,client-2-3,Remove,15688831,200,22721
client,client_request,completed,1777553832124475,2,,,1777553832101606,1777553832124475,1777553832101606,1777553832124475,,,,client-2-3,Remove,43914,200,22869
client,client_request,completed,1777553832147676,2,,,1777553832124579,1777553832147676,1777553832124579,1777553832147676,,,,client-2-3,Remove,-9541268,200,23097
client,client_request,completed,1777553832170636,2,,,1777553832147777,1777553832170636,1777553832147777,1777553832170636,,,,client-2-3,Remove,8581989,200,22859
client,client_request,completed,1777553832193463,2,,,1777553832170738,1777553832193463,1777553832170738,1777553832193463,,,,client-2-3,Remove,-1351801,200,22725
client,client_request,completed,1777553832216602,2,,,1777553832193665,1777553832216602,1777553832193665,1777553832216602,,,,client-2-3,Insert,15320024,200,22937
client,client_request,completed,1777553832239586,2,,,1777553832216955,1777553832239586,1777553832216955,1777553832239586,,,,client-2-3,Remove,14988356,200,22631
client,client_request,completed,1777553832262839,2,,,1777553832239784,1777553832262839,1777553832239784,1777553832262839,,,,client-2-3,Insert,4026027,200,23055
client,client_request,completed,1777553832285990,2,,,1777553832262942,1777553832285990,1777553832262942,1777553832285990,,,,client-2-3,Remove,-3650500,200,23048
client,client_request,completed,1777553832309009,2,,,1777553832286128,1777553832309009,1777553832286128,1777553832309009,,,,client-2-3,Insert,-11948949,200,22881
client,client_request,completed,1777553832332128,2,,,1777553832309163,1777553832332128,1777553832309163,1777553832332128,,,,client-2-3,Insert,-3153642,200,22965
client,client_request,completed,1777553832354887,2,,,1777553832332360,1777553832354887,1777553832332360,1777553832354887,,,,client-2-3,Remove,-10130046,200,22527
client,client_request,completed,1777553832377958,2,,,1777553832354990,1777553832377958,1777553832354990,1777553832377958,,,,client-2-3,Remove,5799875,200,22968
client,client_request,completed,1777553832400705,2,,,1777553832378094,1777553832400705,1777553832378094,1777553832400705,,,,client-2-3,Insert,-7949296,200,22611
client,client_request,completed,1777553832423716,2,,,1777553832401070,1777553832423716,1777553832401070,1777553832423716,,,,client-2-3,Insert,13707547,200,22646
client,client_request,completed,1777553832446663,2,,,1777553832423816,1777553832446663,1777553832423816,1777553832446663,,,,client-2-3,Insert,4206143,200,22847
client,client_request,completed,1777553832469665,2,,,1777553832446800,1777553832469665,1777553832446800,1777553832469665,,,,client-2-3,Insert,13132145,200,22865
client,client_request,completed,1777553832492924,2,,,1777553832469798,1777553832492924,1777553832469798,1777553832492924,,,,client-2-3,Insert,1777183,200,23126
client,client_request,completed,1777553832515951,2,,,1777553832493280,1777553832515951,1777553832493280,1777553832515951,,,,client-2-3,Insert,15327462,200,22671
client,client_request,completed,1777553832538765,2,,,1777553832516138,1777553832538765,1777553832516138,1777553832538765,,,,client-2-3,Insert,-10566241,200,22627
client,client_request,completed,1777553832561880,2,,,1777553832538866,1777553832561880,1777553832538866,1777553832561880,,,,client-2-3,Insert,-11465474,200,23014
client,client_request,completed,1777553832584914,2,,,1777553832562013,1777553832584914,1777553832562013,1777553832584914,,,,client-2-3,Remove,-16456581,200,22901
client,client_request,completed,1777553832608429,2,,,1777553832585011,1777553832608429,1777553832585011,1777553832608429,,,,client-2-3,Insert,-4595077,200,23418
client,client_request,completed,1777553832631670,2,,,1777553832608561,1777553832631670,1777553832608561,1777553832631670,,,,client-2-3,Insert,-11554208,200,23109
client,client_request,completed,1777553832654774,2,,,1777553832631771,1777553832654774,1777553832631771,1777553832654774,,,,client-2-3,Insert,1070063,200,23003
client,client_request,completed,1777553832677551,2,,,1777553832654905,1777553832677551,1777553832654905,1777553832677551,,,,client-2-3,Insert,14959870,200,22646
client,client_request,completed,1777553832700316,2,,,1777553832677647,1777553832700316,1777553832677647,1777553832700316,,,,client-2-3,Remove,2272670,200,22669
client,client_request,completed,1777553832723506,2,,,1777553832700445,1777553832723506,1777553832700445,1777553832723506,,,,client-2-3,Remove,4099482,200,23061
client,client_request,completed,1777553832746915,2,,,1777553832723607,1777553832746915,1777553832723607,1777553832746915,,,,client-2-3,Insert,15704595,200,23308
client,client_request,completed,1777553832769468,2,,,1777553832747120,1777553832769468,1777553832747120,1777553832769468,,,,client-2-3,Insert,15942718,200,22348
client,client_request,completed,1777553832856262,2,,,1777553832769575,1777553832856262,1777553832769575,1777553832856262,,,,client-2-3,Insert,-6827944,200,86687
client,client_request,completed,1777553832879026,2,,,1777553832856387,1777553832879026,1777553832856387,1777553832879026,,,,client-2-3,Insert,2461913,200,22639
client,client_request,completed,1777553832901967,2,,,1777553832879401,1777553832901967,1777553832879401,1777553832901967,,,,client-2-3,Insert,-2935493,200,22566
client,client_request,completed,1777553832926671,2,,,1777553832902177,1777553832926671,1777553832902177,1777553832926671,,,,client-2-3,Insert,-13875517,200,24494
client,client_request,completed,1777553832951080,2,,,1777553832927031,1777553832951080,1777553832927031,1777553832951080,,,,client-2-3,Remove,10524238,200,24049
client,client_request,completed,1777553832976340,2,,,1777553832951191,1777553832976340,1777553832951191,1777553832976340,,,,client-2-3,Remove,5508976,200,25149
client,client_request,completed,1777553833007238,2,,,1777553832976451,1777553833007238,1777553832976451,1777553833007238,,,,client-2-3,Remove,14864549,200,30787
client,client_request,completed,1777553833034583,2,,,1777553833007449,1777553833034583,1777553833007449,1777553833034583,,,,client-2-3,Insert,14752656,200,27134
client,client_request,completed,1777553833058821,2,,,1777553833034721,1777553833058821,1777553833034721,1777553833058821,,,,client-2-3,Insert,3605158,200,24100
client,client_request,completed,1777553833081557,2,,,1777553833059031,1777553833081557,1777553833059031,1777553833081557,,,,client-2-3,Remove,-8230745,200,22526
client,client_request,completed,1777553833104719,2,,,1777553833081662,1777553833104719,1777553833081662,1777553833104719,,,,client-2-3,Insert,9753810,200,23057
client,client_request,completed,1777553833128014,2,,,1777553833104821,1777553833128014,1777553833104821,1777553833128014,,,,client-2-3,Insert,13248336,200,23193
client,client_request,completed,1777553833151244,2,,,1777553833128116,1777553833151244,1777553833128116,1777553833151244,,,,client-2-3,Insert,6827017,200,23128
client,client_request,completed,1777553833175007,2,,,1777553833151347,1777553833175007,1777553833151347,1777553833175007,,,,client-2-3,Insert,6539695,200,23660
client,client_request,completed,1777553833198377,2,,,1777553833175107,1777553833198377,1777553833175107,1777553833198377,,,,client-2-3,Insert,5787282,200,23270
client,client_request,completed,1777553833221985,2,,,1777553833198478,1777553833221985,1777553833198478,1777553833221985,,,,client-2-3,Remove,6978193,200,23507
client,client_request,completed,1777553833245346,2,,,1777553833222086,1777553833245346,1777553833222086,1777553833245346,,,,client-2-3,Remove,11595184,200,23260
client,client_request,completed,1777553833268704,2,,,1777553833245446,1777553833268704,1777553833245446,1777553833268704,,,,client-2-3,Remove,4809613,200,23258
client,client_request,completed,1777553833291739,2,,,1777553833268829,1777553833291739,1777553833268829,1777553833291739,,,,client-2-3,Remove,-14122642,200,22910
client,client_request,completed,1777553833315227,2,,,1777553833292092,1777553833315227,1777553833292092,1777553833315227,,,,client-2-3,Remove,6533414,200,23135
client,client_request,completed,1777553833338159,2,,,1777553833315431,1777553833338159,1777553833315431,1777553833338159,,,,client-2-3,Remove,7730953,200,22728
client,client_request,completed,1777553833361340,2,,,1777553833338261,1777553833361340,1777553833338261,1777553833361340,,,,client-2-3,Insert,-10311079,200,23079
client,client_request,completed,1777553833384707,2,,,1777553833361441,1777553833384707,1777553833361441,1777553833384707,,,,client-2-3,Insert,9536544,200,23266
client,client_request,completed,1777553833408107,2,,,1777553833384808,1777553833408107,1777553833384808,1777553833408107,,,,client-2-3,Insert,9024480,200,23299
client,client_request,completed,1777553833431581,2,,,1777553833408271,1777553833431581,1777553833408271,1777553833431581,,,,client-2-3,Remove,-14045819,200,23310
client,client_request,completed,1777553833454498,2,,,1777553833431787,1777553833454498,1777553833431787,1777553833454498,,,,client-2-3,Insert,4590375,200,22711
client,client_request,completed,1777553833477554,2,,,1777553833454599,1777553833477554,1777553833454599,1777553833477554,,,,client-2-3,Remove,-13211777,200,22955
client,client_request,completed,1777553833501270,2,,,1777553833477672,1777553833501270,1777553833477672,1777553833501270,,,,client-2-3,Insert,-6069856,200,23598
client,client_request,completed,1777553833524956,2,,,1777553833501370,1777553833524956,1777553833501370,1777553833524956,,,,client-2-3,Insert,7716879,200,23586
client,client_request,completed,1777553833548295,2,,,1777553833525323,1777553833548295,1777553833525323,1777553833548295,,,,client-2-3,Remove,-100008,200,22972
client,client_request,completed,1777553833571458,2,,,1777553833548397,1777553833571458,1777553833548397,1777553833571458,,,,client-2-3,Insert,15890969,200,23061
client,client_request,completed,1777553833594958,2,,,1777553833571557,1777553833594958,1777553833571557,1777553833594958,,,,client-2-3,Remove,-16206930,200,23401
client,client_request,completed,1777553833618731,2,,,1777553833595055,1777553833618731,1777553833595055,1777553833618731,,,,client-2-3,Remove,3646719,200,23676
client,client_request,completed,1777553833642209,2,,,1777553833618832,1777553833642209,1777553833618832,1777553833642209,,,,client-2-3,Remove,10268474,200,23377
client,client_request,completed,1777553833665072,2,,,1777553833642417,1777553833665072,1777553833642417,1777553833665072,,,,client-2-3,Remove,-6222673,200,22655
client,client_request,completed,1777553833688391,2,,,1777553833665172,1777553833688391,1777553833665172,1777553833688391,,,,client-2-3,Remove,11024891,200,23219
client,client_request,completed,1777553833711738,2,,,1777553833688492,1777553833711738,1777553833688492,1777553833711738,,,,client-2-3,Insert,-867094,200,23246
client,client_request,completed,1777553833735095,2,,,1777553833711840,1777553833735095,1777553833711840,1777553833735095,,,,client-2-3,Insert,-16073945,200,23255
client,client_request,completed,1777553833758504,2,,,1777553833735220,1777553833758504,1777553833735220,1777553833758504,,,,client-2-3,Remove,9931832,200,23284
client,client_request,completed,1777553833844511,2,,,1777553833758866,1777553833844511,1777553833758866,1777553833844511,,,,client-2-3,Insert,13619207,200,85645
client,client_request,completed,1777553833868102,2,,,1777553833844611,1777553833868102,1777553833844611,1777553833868102,,,,client-2-3,Insert,11333587,200,23491
client,client_request,completed,1777553833891455,2,,,1777553833868222,1777553833891455,1777553833868222,1777553833891455,,,,client-2-3,Remove,-219699,200,23233
client,client_request,completed,1777553833916622,2,,,1777553833891807,1777553833916622,1777553833891807,1777553833916622,,,,client-2-3,Remove,-8906863,200,24815
client,client_request,completed,1777553833941105,2,,,1777553833916745,1777553833941105,1777553833916745,1777553833941105,,,,client-2-3,Insert,-5432312,200,24360
client,client_request,completed,1777553833964489,2,,,1777553833941472,1777553833964489,1777553833941472,1777553833964489,,,,client-2-3,Remove,14720367,200,23017
client,client_request,completed,1777553833988564,2,,,1777553833964595,1777553833988564,1777553833964595,1777553833988564,,,,client-2-3,Remove,-8851094,200,23969
client,client_request,completed,1777553834012478,2,,,1777553833988665,1777553834012478,1777553833988665,1777553834012478,,,,client-2-3,Remove,11706668,200,23813
client,client_request,completed,1777553834036252,2,,,1777553834012579,1777553834036252,1777553834012579,1777553834036252,,,,client-2-3,Insert,-9791031,200,23673
client,client_request,completed,1777553834059935,2,,,1777553834036354,1777553834059935,1777553834036354,1777553834059935,,,,client-2-3,Insert,6467557,200,23581
client,client_request,completed,1777553834083508,2,,,1777553834060037,1777553834083508,1777553834060037,1777553834083508,,,,client-2-3,Remove,4934326,200,23471
client,client_request,completed,1777553834107124,2,,,1777553834083610,1777553834107124,1777553834083610,1777553834107124,,,,client-2-3,Insert,12170622,200,23514
client,client_request,completed,1777553834131739,2,,,1777553834107228,1777553834131739,1777553834107228,1777553834131739,,,,client-2-3,Insert,8810336,200,24511
client,client_request,completed,1777553834156463,2,,,1777553834131861,1777553834156463,1777553834131861,1777553834156463,,,,client-2-3,Insert,-7560400,200,24602
client,client_request,completed,1777553834180265,2,,,1777553834156565,1777553834180265,1777553834156565,1777553834180265,,,,client-2-3,Remove,-2399127,200,23700
client,client_request,completed,1777553834203953,2,,,1777553834180369,1777553834203953,1777553834180369,1777553834203953,,,,client-2-3,Insert,-1738057,200,23584
client,client_request,completed,1777553834227763,2,,,1777553834204054,1777553834227763,1777553834204054,1777553834227763,,,,client-2-3,Remove,-4523519,200,23709
client,client_request,completed,1777553834254460,2,,,1777553834227866,1777553834254460,1777553834227866,1777553834254460,,,,client-2-3,Insert,-8704649,200,26594
client,client_request,completed,1777553834278580,2,,,1777553834254696,1777553834278580,1777553834254696,1777553834278580,,,,client-2-3,Insert,14653176,200,23884
client,client_request,completed,1777553834302363,2,,,1777553834278814,1777553834302363,1777553834278814,1777553834302363,,,,client-2-3,Insert,-9147121,200,23549
client,client_request,completed,1777553834326441,2,,,1777553834302598,1777553834326441,1777553834302598,1777553834326441,,,,client-2-3,Remove,15888186,200,23843
client,client_request,completed,1777553834350091,2,,,1777553834326652,1777553834350091,1777553834326652,1777553834350091,,,,client-2-3,Remove,14827199,200,23439
client,client_request,completed,1777553834373910,2,,,1777553834350195,1777553834373910,1777553834350195,1777553834373910,,,,client-2-3,Remove,16040401,200,23715
client,client_request,completed,1777553834397964,2,,,1777553834374017,1777553834397964,1777553834374017,1777553834397964,,,,client-2-3,Insert,9859252,200,23947
client,client_request,completed,1777553834422083,2,,,1777553834398065,1777553834422083,1777553834398065,1777553834422083,,,,client-2-3,Remove,-16062672,200,24018
client,client_request,completed,1777553834445890,2,,,1777553834422188,1777553834445890,1777553834422188,1777553834445890,,,,client-2-3,Insert,5533807,200,23702
client,client_request,completed,1777553834470116,2,,,1777553834445993,1777553834470116,1777553834445993,1777553834470116,,,,client-2-3,Remove,5211702,200,24123
client,client_request,completed,1777553834495579,2,,,1777553834470218,1777553834495579,1777553834470218,1777553834495579,,,,client-2-3,Remove,-11689038,200,25361
client,client_request,completed,1777553834520689,2,,,1777553834495682,1777553834520689,1777553834495682,1777553834520689,,,,client-2-3,Remove,-10785334,200,25007
client,client_request,completed,1777553834545063,2,,,1777553834520813,1777553834545063,1777553834520813,1777553834545063,,,,client-2-3,Insert,15042212,200,24250
client,client_request,completed,1777553834568667,2,,,1777553834545275,1777553834568667,1777553834545275,1777553834568667,,,,client-2-3,Remove,8279092,200,23392
client,client_request,completed,1777553834593067,2,,,1777553834568763,1777553834593067,1777553834568763,1777553834593067,,,,client-2-3,Insert,5982343,200,24304
client,client_request,completed,1777553834616993,2,,,1777553834593164,1777553834616993,1777553834593164,1777553834616993,,,,client-2-3,Insert,8296957,200,23829
client,client_request,completed,1777553834640908,2,,,1777553834617094,1777553834640908,1777553834617094,1777553834640908,,,,client-2-3,Insert,-13707433,200,23814
client,client_request,completed,1777553834664841,2,,,1777553834641010,1777553834664841,1777553834641010,1777553834664841,,,,client-2-3,Insert,-15162479,200,23831
client,client_request,completed,1777553834688561,2,,,1777553834664943,1777553834688561,1777553834664943,1777553834688561,,,,client-2-3,Remove,10352615,200,23618
client,client_request,completed,1777553834712354,2,,,1777553834688664,1777553834712354,1777553834688664,1777553834712354,,,,client-2-3,Insert,-11839928,200,23690
client,client_request,completed,1777553834736269,2,,,1777553834712456,1777553834736269,1777553834712456,1777553834736269,,,,client-2-3,Insert,13457485,200,23813
client,client_request,completed,1777553834759896,2,,,1777553834736390,1777553834759896,1777553834736390,1777553834759896,,,,client-2-3,Insert,-13771702,200,23506
client,client_request,completed,1777553834848452,2,,,1777553834759996,1777553834848452,1777553834759996,1777553834848452,,,,client-2-3,Remove,11415118,200,88456
client,client_request,completed,1777553834872682,2,,,1777553834848667,1777553834872682,1777553834848667,1777553834872682,,,,client-2-3,Insert,-11257941,200,24015
client,client_request,completed,1777553834897167,2,,,1777553834872824,1777553834897167,1777553834872824,1777553834897167,,,,client-2-3,Remove,-8137549,200,24343
client,client_request,completed,1777553834923428,2,,,1777553834897275,1777553834923428,1777553834897275,1777553834923428,,,,client-2-3,Remove,-1370841,200,26153
client,client_request,completed,1777553834948643,2,,,1777553834923533,1777553834948643,1777553834923533,1777553834948643,,,,client-2-3,Insert,-7247784,200,25110
client,client_request,completed,1777553834973831,2,,,1777553834948737,1777553834973831,1777553834948737,1777553834973831,,,,client-2-3,Remove,4531795,200,25094
client,client_request,completed,1777553834999167,2,,,1777553834974207,1777553834999167,1777553834974207,1777553834999167,,,,client-2-3,Insert,-8096215,200,24960
client,client_request,completed,1777553835025183,2,,,1777553834999294,1777553835025183,1777553834999294,1777553835025183,,,,client-2-3,Insert,904000,200,25889
client,client_request,completed,1777553835051313,2,,,1777553835025557,1777553835051313,1777553835025557,1777553835051313,,,,client-2-3,Remove,10670036,200,25756
client,client_request,completed,1777553835078855,2,,,1777553835051417,1777553835078855,1777553835051417,1777553835078855,,,,client-2-3,Insert,-7296504,200,27438
client,client_request,completed,1777553835104217,2,,,1777553835079062,1777553835104217,1777553835079062,1777553835104217,,,,client-2-3,Remove,13993515,200,25155
client,client_request,completed,1777553835129571,2,,,1777553835104569,1777553835129571,1777553835104569,1777553835129571,,,,client-2-3,Insert,-4498209,200,25002
client,client_request,completed,1777553835154688,2,,,1777553835129941,1777553835154688,1777553835129941,1777553835154688,,,,client-2-3,Remove,-15232223,200,24747
client,client_request,completed,1777553835179447,2,,,1777553835154819,1777553835179447,1777553835154819,1777553835179447,,,,client-2-3,Insert,-14273164,200,24628
client,client_request,completed,1777553835204451,2,,,1777553835179549,1777553835204451,1777553835179549,1777553835204451,,,,client-2-3,Insert,-3357698,200,24902
client,client_request,completed,1777553835229219,2,,,1777553835204554,1777553835229219,1777553835204554,1777553835229219,,,,client-2-3,Remove,609980,200,24665
client,client_request,completed,1777553835254439,2,,,1777553835229320,1777553835254439,1777553835229320,1777553835254439,,,,client-2-3,Remove,-13794437,200,25119
client,client_request,completed,1777553835279679,2,,,1777553835254547,1777553835279679,1777553835254547,1777553835279679,,,,client-2-3,Insert,-14037413,200,25132
client,client_request,completed,1777553835304530,2,,,1777553835280036,1777553835304530,1777553835280036,1777553835304530,,,,client-2-3,Remove,13818690,200,24494
client,client_request,completed,1777553835329720,2,,,1777553835304658,1777553835329720,1777553835304658,1777553835329720,,,,client-2-3,Remove,-8988546,200,25062
client,client_request,completed,1777553835355254,2,,,1777553835329822,1777553835355254,1777553835329822,1777553835355254,,,,client-2-3,Remove,-9265678,200,25432
client,client_request,completed,1777553835380659,2,,,1777553835355356,1777553835380659,1777553835355356,1777553835380659,,,,client-2-3,Insert,-13014835,200,25303
client,client_request,completed,1777553835406055,2,,,1777553835380790,1777553835406055,1777553835380790,1777553835406055,,,,client-2-3,Insert,-8716160,200,25265
client,client_request,completed,1777553835431018,2,,,1777553835406156,1777553835431018,1777553835406156,1777553835431018,,,,client-2-3,Insert,16534458,200,24862
client,client_request,completed,1777553835455953,2,,,1777553835431120,1777553835455953,1777553835431120,1777553835455953,,,,client-2-3,Remove,5110346,200,24833
client,client_request,completed,1777553835480671,2,,,1777553835456072,1777553835480671,1777553835456072,1777553835480671,,,,client-2-3,Remove,6577762,200,24599
client,client_request,completed,1777553835506415,2,,,1777553835480771,1777553835506415,1777553835480771,1777553835506415,,,,client-2-3,Insert,13887747,200,25644
client,client_request,completed,1777553835531791,2,,,1777553835506780,1777553835531791,1777553835506780,1777553835531791,,,,client-2-3,Insert,-982898,200,25011
client,client_request,completed,1777553835556827,2,,,1777553835532258,1777553835556827,1777553835532258,1777553835556827,,,,client-2-3,Insert,-3097340,200,24569
client,client_request,completed,1777553835581649,2,,,1777553835556926,1777553835581649,1777553835556926,1777553835581649,,,,client-2-3,Remove,-15409283,200,24723
client,client_request,completed,1777553835607428,2,,,1777553835581745,1777553835607428,1777553835581745,1777553835607428,,,,client-2-3,Insert,-12276294,200,25683
client,client_request,completed,1777553835632884,2,,,1777553835607554,1777553835632884,1777553835607554,1777553835632884,,,,client-2-3,Insert,-15623032,200,25330
client,client_request,completed,1777553835658306,2,,,1777553835633093,1777553835658306,1777553835633093,1777553835658306,,,,client-2-3,Insert,-8971901,200,25213
client,client_request,completed,1777553835683233,2,,,1777553835658430,1777553835683233,1777553835658430,1777553835683233,,,,client-2-3,Insert,5126708,200,24803
client,client_request,completed,1777553835708111,2,,,1777553835683586,1777553835708111,1777553835683586,1777553835708111,,,,client-2-3,Insert,15432563,200,24525
client,client_request,completed,1777553835733585,2,,,1777553835708233,1777553835733585,1777553835708233,1777553835733585,,,,client-2-3,Remove,-3829297,200,25352
client,client_request,completed,1777553835758577,2,,,1777553835733800,1777553835758577,1777553835733800,1777553835758577,,,,client-2-3,Remove,-14464140,200,24777
client,client_request,completed,1777553835847093,2,,,1777553835758939,1777553835847093,1777553835758939,1777553835847093,,,,client-2-3,Remove,7355950,200,88154
client,client_request,completed,1777553835871182,2,,,1777553835847194,1777553835871182,1777553835847194,1777553835871182,,,,client-2-3,Insert,9486258,200,23988
client,client_request,completed,1777553835895245,2,,,1777553835871283,1777553835895245,1777553835871283,1777553835895245,,,,client-2-3,Insert,14069617,200,23962
client,client_request,completed,1777553835919434,2,,,1777553835895348,1777553835919434,1777553835895348,1777553835919434,,,,client-2-3,Remove,5868399,200,24086
client,client_request,completed,1777553835944172,2,,,1777553835919537,1777553835944172,1777553835919537,1777553835944172,,,,client-2-3,Remove,-11544495,200,24635
client,client_request,completed,1777553835969246,2,,,1777553835944295,1777553835969246,1777553835944295,1777553835969246,,,,client-2-3,Insert,-9090077,200,24951
client,client_request,completed,1777553835997291,2,,,1777553835969347,1777553835997291,1777553835969347,1777553835997291,,,,client-2-3,Insert,15272024,200,27944
client,client_request,completed,1777553836024044,2,,,1777553835997394,1777553836024044,1777553835997394,1777553836024044,,,,client-2-3,Remove,-6254710,200,26650
client,client_request,completed,1777553836049617,2,,,1777553836024157,1777553836049617,1777553836024157,1777553836049617,,,,client-2-3,Insert,-4957501,200,25460
client,client_request,completed,1777553836075217,2,,,1777553836049724,1777553836075217,1777553836049724,1777553836075217,,,,client-2-3,Remove,4836586,200,25493
client,client_request,completed,1777553836101363,2,,,1777553836075320,1777553836101363,1777553836075320,1777553836101363,,,,client-2-3,Remove,-10495808,200,26043
client,client_request,completed,1777553836127952,2,,,1777553836101464,1777553836127952,1777553836101464,1777553836127952,,,,client-2-3,Insert,13946844,200,26488
client,client_request,completed,1777553836154871,2,,,1777553836128161,1777553836154871,1777553836128161,1777553836154871,,,,client-2-3,Insert,-8480040,200,26710
client,client_request,completed,1777553836181180,2,,,1777553836154995,1777553836181180,1777553836154995,1777553836181180,,,,client-2-3,Insert,-10313681,200,26185
client,client_request,completed,1777553836207202,2,,,1777553836181284,1777553836207202,1777553836181284,1777553836207202,,,,client-2-3,Remove,-11909272,200,25918
client,client_request,completed,1777553836232966,2,,,1777553836207407,1777553836232966,1777553836207407,1777553836232966,,,,client-2-3,Insert,12105424,200,25559
client,client_request,completed,1777553836258059,2,,,1777553836233100,1777553836258059,1777553836233100,1777553836258059,,,,client-2-3,Remove,-16721185,200,24959
client,client_request,completed,1777553836284559,2,,,1777553836258192,1777553836284559,1777553836258192,1777553836284559,,,,client-2-3,Insert,5842622,200,26367
client,client_request,completed,1777553836311683,2,,,1777553836284662,1777553836311683,1777553836284662,1777553836311683,,,,client-2-3,Remove,2092578,200,27021
client,client_request,completed,1777553836336655,2,,,1777553836311887,1777553836336655,1777553836311887,1777553836336655,,,,client-2-3,Insert,2515067,200,24768
client,client_request,completed,1777553836362026,2,,,1777553836337007,1777553836362026,1777553836337007,1777553836362026,,,,client-2-3,Remove,-339122,200,25019
client,client_request,completed,1777553836387961,2,,,1777553836362391,1777553836387961,1777553836362391,1777553836387961,,,,client-2-3,Insert,-15475216,200,25570
client,client_request,completed,1777553836413268,2,,,1777553836388064,1777553836413268,1777553836388064,1777553836413268,,,,client-2-3,Remove,-5643207,200,25204
client,client_request,completed,1777553836438356,2,,,1777553836413369,1777553836438356,1777553836413369,1777553836438356,,,,client-2-3,Remove,-11403617,200,24987
client,client_request,completed,1777553836463068,2,,,1777553836438721,1777553836463068,1777553836438721,1777553836463068,,,,client-2-3,Remove,1608038,200,24347
client,client_request,completed,1777553836487462,2,,,1777553836463276,1777553836487462,1777553836463276,1777553836487462,,,,client-2-3,Remove,-1065638,200,24186
client,client_request,completed,1777553836511986,2,,,1777553836487564,1777553836511986,1777553836487564,1777553836511986,,,,client-2-3,Insert,-7114205,200,24422
client,client_request,completed,1777553836536414,2,,,1777553836512089,1777553836536414,1777553836512089,1777553836536414,,,,client-2-3,Remove,-11014537,200,24325
client,client_request,completed,1777553836561043,2,,,1777553836536516,1777553836561043,1777553836536516,1777553836561043,,,,client-2-3,Remove,-16296584,200,24527
client,client_request,completed,1777553836585532,2,,,1777553836561140,1777553836585532,1777553836561140,1777553836585532,,,,client-2-3,Insert,10186810,200,24392
client,client_request,completed,1777553836611292,2,,,1777553836585630,1777553836611292,1777553836585630,1777553836611292,,,,client-2-3,Remove,-11398986,200,25662
client,client_request,completed,1777553836636120,2,,,1777553836611393,1777553836636120,1777553836611393,1777553836636120,,,,client-2-3,Remove,-4634977,200,24727
client,client_request,completed,1777553836660760,2,,,1777553836636245,1777553836660760,1777553836636245,1777553836660760,,,,client-2-3,Remove,231990,200,24515
client,client_request,completed,1777553836685514,2,,,1777553836660862,1777553836685514,1777553836660862,1777553836685514,,,,client-2-3,Remove,14834613,200,24652
client,client_request,completed,1777553836710504,2,,,1777553836685616,1777553836710504,1777553836685616,1777553836710504,,,,client-2-3,Remove,3721697,200,24888
client,client_request,completed,1777553836735159,2,,,1777553836710606,1777553836735159,1777553836710606,1777553836735159,,,,client-2-3,Remove,8833980,200,24553
client,client_request,completed,1777553836760145,2,,,1777553836735281,1777553836760145,1777553836735281,1777553836760145,,,,client-2-3,Remove,-5100213,200,24864
client,client_request,completed,1777553836848558,2,,,1777553836760279,1777553836848558,1777553836760279,1777553836848558,,,,client-2-3,Remove,14772350,200,88279
client,client_request,completed,1777553836874322,2,,,1777553836848683,1777553836874322,1777553836848683,1777553836874322,,,,client-2-3,Remove,11232259,200,25639
client,client_request,completed,1777553836899653,2,,,1777553836874424,1777553836899653,1777553836874424,1777553836899653,,,,client-2-3,Remove,14309847,200,25229
client,client_request,completed,1777553836941497,2,,,1777553836899754,1777553836941497,1777553836899754,1777553836941497,,,,client-2-3,Insert,-7305647,200,41743
client,client_request,completed,1777553836967194,2,,,1777553836941543,1777553836967194,1777553836941543,1777553836967194,,,,client-2-3,Remove,9996589,200,25651
client,client_request,completed,1777553836992554,2,,,1777553836967258,1777553836992554,1777553836967258,1777553836992554,,,,client-2-3,Insert,7487199,200,25296
client,client_request,completed,1777553837018093,2,,,1777553836992656,1777553837018093,1777553836992656,1777553837018093,,,,client-2-3,Remove,-14559633,200,25437
client,client_request,completed,1777553837043925,2,,,1777553837018195,1777553837043925,1777553837018195,1777553837043925,,,,client-2-3,Insert,7412305,200,25730
client,client_request,completed,1777553837069436,2,,,1777553837044045,1777553837069436,1777553837044045,1777553837069436,,,,client-2-3,Remove,7238017,200,25391
client,client_request,completed,1777553837094723,2,,,1777553837069536,1777553837094723,1777553837069536,1777553837094723,,,,client-2-3,Insert,12759521,200,25187
client,client_request,completed,1777553837120621,2,,,1777553837094822,1777553837120621,1777553837094822,1777553837120621,,,,client-2-3,Remove,-15593506,200,25799
client,client_request,completed,1777553837146129,2,,,1777553837120975,1777553837146129,1777553837120975,1777553837146129,,,,client-2-3,Insert,9563487,200,25154
client,client_request,completed,1777553837171596,2,,,1777553837146231,1777553837171596,1777553837146231,1777553837171596,,,,client-2-3,Remove,-10327033,200,25365
client,client_request,completed,1777553837197153,2,,,1777553837171698,1777553837197153,1777553837171698,1777553837197153,,,,client-2-3,Insert,11794952,200,25455
client,client_request,completed,1777553837222703,2,,,1777553837197284,1777553837222703,1777553837197284,1777553837222703,,,,client-2-3,Remove,9524253,200,25419
client,client_request,completed,1777553837248552,2,,,1777553837222818,1777553837248552,1777553837222818,1777553837248552,,,,client-2-3,Remove,2371152,200,25734
client,client_request,completed,1777553837274484,2,,,1777553837248653,1777553837274484,1777553837248653,1777553837274484,,,,client-2-3,Insert,-5079218,200,25831
client,client_request,completed,1777553837299906,2,,,1777553837274844,1777553837299906,1777553837274844,1777553837299906,,,,client-2-3,Remove,8916522,200,25062
client,client_request,completed,1777553837325506,2,,,1777553837300008,1777553837325506,1777553837300008,1777553837325506,,,,client-2-3,Insert,-159630,200,25498
client,client_request,completed,1777553837351471,2,,,1777553837325607,1777553837351471,1777553837325607,1777553837351471,,,,client-2-3,Insert,-5695934,200,25864
client,client_request,completed,1777553837377255,2,,,1777553837351831,1777553837377255,1777553837351831,1777553837377255,,,,client-2-3,Remove,-13835631,200,25424
client,client_request,completed,1777553837402903,2,,,1777553837377357,1777553837402903,1777553837377357,1777553837402903,,,,client-2-3,Insert,5372581,200,25546
client,client_request,completed,1777553837428825,2,,,1777553837403006,1777553837428825,1777553837403006,1777553837428825,,,,client-2-3,Insert,8167616,200,25819
client,client_request,completed,1777553837455130,2,,,1777553837428927,1777553837455130,1777553837428927,1777553837455130,,,,client-2-3,Insert,6065455,200,26203
client,client_request,completed,1777553837480591,2,,,1777553837455342,1777553837480591,1777553837455342,1777553837480591,,,,client-2-3,Remove,-288878,200,25249
client,client_request,completed,1777553837506108,2,,,1777553837480804,1777553837506108,1777553837480804,1777553837506108,,,,client-2-3,Insert,-8806521,200,25304
client,client_request,completed,1777553837531478,2,,,1777553837506247,1777553837531478,1777553837506247,1777553837531478,,,,client-2-3,Insert,9566478,200,25231
client,client_request,completed,1777553837557696,2,,,1777553837531597,1777553837557696,1777553837531597,1777553837557696,,,,client-2-3,Remove,-1461630,200,26099
client,client_request,completed,1777553837584377,2,,,1777553837557797,1777553837584377,1777553837557797,1777553837584377,,,,client-2-3,Remove,6153809,200,26580
client,client_request,completed,1777553837610177,2,,,1777553837584474,1777553837610177,1777553837584474,1777553837610177,,,,client-2-3,Remove,16673567,200,25703
client,client_request,completed,1777553837635616,2,,,1777553837610276,1777553837635616,1777553837610276,1777553837635616,,,,client-2-3,Insert,492164,200,25340
client,client_request,completed,1777553837661139,2,,,1777553837635751,1777553837661139,1777553837635751,1777553837661139,,,,client-2-3,Insert,12046584,200,25388
client,client_request,completed,1777553837687140,2,,,1777553837661242,1777553837687140,1777553837661242,1777553837687140,,,,client-2-3,Remove,-15113526,200,25898
client,client_request,completed,1777553837713166,2,,,1777553837687347,1777553837713166,1777553837687347,1777553837713166,,,,client-2-3,Insert,-5457963,200,25819
client,client_request,completed,1777553837739033,2,,,1777553837713270,1777553837739033,1777553837713270,1777553837739033,,,,client-2-3,Remove,10179198,200,25763
client,client_request,completed,1777553837765375,2,,,1777553837739134,1777553837765375,1777553837739134,1777553837765375,,,,client-2-3,Remove,15455273,200,26241
client,client_request,completed,1777553837854936,2,,,1777553837765738,1777553837854936,1777553837765738,1777553837854936,,,,client-2-3,Insert,-13256101,200,89198
client,client_request,completed,1777553837880459,2,,,1777553837855150,1777553837880459,1777553837855150,1777553837880459,,,,client-2-3,Insert,5138026,200,25309
client,client_request,completed,1777553837906120,2,,,1777553837880595,1777553837906120,1777553837880595,1777553837906120,,,,client-2-3,Remove,-15147705,200,25525
client,client_request,completed,1777553837931704,2,,,1777553837906222,1777553837931704,1777553837906222,1777553837931704,,,,client-2-3,Insert,14945845,200,25482
client,client_request,completed,1777553837957351,2,,,1777553837931807,1777553837957351,1777553837931807,1777553837957351,,,,client-2-3,Insert,14751344,200,25544
client,client_request,completed,1777553837983667,2,,,1777553837957452,1777553837983667,1777553837957452,1777553837983667,,,,client-2-3,Insert,8208008,200,26215
client,client_request,completed,1777553838009558,2,,,1777553837983768,1777553838009558,1777553837983768,1777553838009558,,,,client-2-3,Remove,-5484157,200,25790
client,client_request,completed,1777553838035185,2,,,1777553838009659,1777553838035185,1777553838009659,1777553838035185,,,,client-2-3,Remove,-3257730,200,25526
client,client_request,completed,1777553838061038,2,,,1777553838035287,1777553838061038,1777553838035287,1777553838061038,,,,client-2-3,Remove,-10851279,200,25751
client,client_request,completed,1777553838086978,2,,,1777553838061139,1777553838086978,1777553838061139,1777553838086978,,,,client-2-3,Insert,-3139119,200,25839
client,client_request,completed,1777553838113149,2,,,1777553838087078,1777553838113149,1777553838087078,1777553838113149,,,,client-2-3,Remove,-204548,200,26071
client,client_request,completed,1777553838139291,2,,,1777553838113356,1777553838139291,1777553838113356,1777553838139291,,,,client-2-3,Insert,9450731,200,25935
client,client_request,completed,1777553838165494,2,,,1777553838139632,1777553838165494,1777553838139632,1777553838165494,,,,client-2-3,Insert,4861401,200,25862
client,client_request,completed,1777553838192235,2,,,1777553838165627,1777553838192235,1777553838165627,1777553838192235,,,,client-2-3,Insert,-15466740,200,26608
client,client_request,completed,1777553838218455,2,,,1777553838192339,1777553838218455,1777553838192339,1777553838218455,,,,client-2-3,Remove,13399183,200,26116
client,client_request,completed,1777553838244924,2,,,1777553838218556,1777553838244924,1777553838218556,1777553838244924,,,,client-2-3,Remove,6693229,200,26368
client,client_request,completed,1777553838271358,2,,,1777553838245290,1777553838271358,1777553838245290,1777553838271358,,,,client-2-3,Remove,1569388,200,26068
client,client_request,completed,1777553838297354,2,,,1777553838271459,1777553838297354,1777553838271459,1777553838297354,,,,client-2-3,Insert,-4724153,200,25895
client,client_request,completed,1777553838323586,2,,,1777553838297455,1777553838323586,1777553838297455,1777553838323586,,,,client-2-3,Insert,5016599,200,26131
client,client_request,completed,1777553838349313,2,,,1777553838323938,1777553838349313,1777553838323938,1777553838349313,,,,client-2-3,Insert,8023794,200,25375
client,client_request,completed,1777553838376076,2,,,1777553838349415,1777553838376076,1777553838349415,1777553838376076,,,,client-2-3,Remove,10315420,200,26661
client,client_request,completed,1777553838402567,2,,,1777553838376198,1777553838402567,1777553838376198,1777553838402567,,,,client-2-3,Insert,6804838,200,26369
client,client_request,completed,1777553838428873,2,,,1777553838402927,1777553838428873,1777553838402927,1777553838428873,,,,client-2-3,Insert,-462861,200,25946
client,client_request,completed,1777553838454773,2,,,1777553838429001,1777553838454773,1777553838429001,1777553838454773,,,,client-2-3,Insert,-6740747,200,25772
client,client_request,completed,1777553838480675,2,,,1777553838454877,1777553838480675,1777553838454877,1777553838480675,,,,client-2-3,Remove,-5434834,200,25798
client,client_request,completed,1777553838506857,2,,,1777553838480776,1777553838506857,1777553838480776,1777553838506857,,,,client-2-3,Remove,16478909,200,26081
client,client_request,completed,1777553838533039,2,,,1777553838506958,1777553838533039,1777553838506958,1777553838533039,,,,client-2-3,Insert,-7385713,200,26081
client,client_request,completed,1777553838558889,2,,,1777553838533250,1777553838558889,1777553838533250,1777553838558889,,,,client-2-3,Remove,-12261716,200,25639
client,client_request,completed,1777553838585568,2,,,1777553838558988,1777553838585568,1777553838558988,1777553838585568,,,,client-2-3,Remove,11532444,200,26580
client,client_request,completed,1777553838612557,2,,,1777553838585667,1777553838612557,1777553838585667,1777553838612557,,,,client-2-3,Insert,1882695,200,26890
client,client_request,completed,1777553838639260,2,,,1777553838612659,1777553838639260,1777553838612659,1777553838639260,,,,client-2-3,Insert,15828241,200,26601
client,client_request,completed,1777553838665374,2,,,1777553838639363,1777553838665374,1777553838639363,1777553838665374,,,,client-2-3,Insert,2997674,200,26011
client,client_request,completed,1777553838691255,2,,,1777553838665476,1777553838691255,1777553838665476,1777553838691255,,,,client-2-3,Insert,2964756,200,25779
client,client_request,completed,1777553838717537,2,,,1777553838691357,1777553838717537,1777553838691357,1777553838717537,,,,client-2-3,Remove,12646550,200,26180
client,client_request,completed,1777553838743382,2,,,1777553838717893,1777553838743382,1777553838717893,1777553838743382,,,,client-2-3,Remove,12319380,200,25489
client,client_request,completed,1777553838830320,2,,,1777553838743513,1777553838830320,1777553838743513,1777553838830320,,,,client-2-3,Insert,-6451221,200,86807
client,client_request,completed,1777553838859366,2,,,1777553838830428,1777553838859366,1777553838830428,1777553838859366,,,,client-2-3,Insert,-9130076,200,28938
client,client_request,completed,1777553838884736,2,,,1777553838859468,1777553838884736,1777553838859468,1777553838884736,,,,client-2-3,Insert,3968813,200,25268
client,client_request,completed,1777553838912395,2,,,1777553838884867,1777553838912395,1777553838884867,1777553838912395,,,,client-2-3,Insert,-4765535,200,27528
client,client_request,completed,1777553838940129,2,,,1777553838912529,1777553838940129,1777553838912529,1777553838940129,,,,client-2-3,Remove,-13052300,200,27600
client,client_request,completed,1777553838969739,2,,,1777553838940252,1777553838969739,1777553838940252,1777553838969739,,,,client-2-3,Insert,12543840,200,29487
client,client_request,completed,1777553838999154,2,,,1777553838969876,1777553838999154,1777553838969876,1777553838999154,,,,client-2-3,Insert,7393180,200,29278
client,client_request,completed,1777553839027137,2,,,1777553838999294,1777553839027137,1777553838999294,1777553839027137,,,,client-2-3,Remove,8832902,200,27843
client,client_request,completed,1777553839054212,2,,,1777553839027245,1777553839054212,1777553839027245,1777553839054212,,,,client-2-3,Remove,15853123,200,26967
client,client_request,completed,1777553839081904,2,,,1777553839054316,1777553839081904,1777553839054316,1777553839081904,,,,client-2-3,Insert,4584008,200,27588
client,client_request,completed,1777553839111064,2,,,1777553839082009,1777553839111064,1777553839082009,1777553839111064,,,,client-2-3,Remove,-16490533,200,29055
client,client_request,completed,1777553839138822,2,,,1777553839111169,1777553839138822,1777553839111169,1777553839138822,,,,client-2-3,Insert,5516694,200,27653
client,client_request,completed,1777553839165357,2,,,1777553839139178,1777553839165357,1777553839139178,1777553839165357,,,,client-2-3,Remove,12134396,200,26179
client,client_request,completed,1777553839190954,2,,,1777553839165459,1777553839190954,1777553839165459,1777553839190954,,,,client-2-3,Insert,-15651143,200,25495
client,client_request,completed,1777553839216774,2,,,1777553839191057,1777553839216774,1777553839191057,1777553839216774,,,,client-2-3,Remove,-16548491,200,25717
client,client_request,completed,1777553839242367,2,,,1777553839216882,1777553839242367,1777553839216882,1777553839242367,,,,client-2-3,Insert,1885617,200,25485
client,client_request,completed,1777553839268483,2,,,1777553839242584,1777553839268483,1777553839242584,1777553839268483,,,,client-2-3,Insert,-7758533,200,25899
client,client_request,completed,1777553839294012,2,,,1777553839268682,1777553839294012,1777553839268682,1777553839294012,,,,client-2-3,Insert,-12042402,200,25330
client,client_request,completed,1777553839319581,2,,,1777553839294383,1777553839319581,1777553839294383,1777553839319581,,,,client-2-3,Remove,-11131590,200,25198
client,client_request,completed,1777553839345468,2,,,1777553839319686,1777553839345468,1777553839319686,1777553839345468,,,,client-2-3,Insert,-14021297,200,25782
client,client_request,completed,1777553839371091,2,,,1777553839345573,1777553839371091,1777553839345573,1777553839371091,,,,client-2-3,Remove,5047263,200,25518
client,client_request,completed,1777553839396826,2,,,1777553839371196,1777553839396826,1777553839371196,1777553839396826,,,,client-2-3,Remove,-4646272,200,25630
client,client_request,completed,1777553839424505,2,,,1777553839397184,1777553839424505,1777553839397184,1777553839424505,,,,client-2-3,Insert,9122572,200,27321
client,client_request,completed,1777553839451177,2,,,1777553839424637,1777553839451177,1777553839424637,1777553839451177,,,,client-2-3,Remove,13350182,200,26540
client,client_request,completed,1777553839477222,2,,,1777553839451528,1777553839477222,1777553839451528,1777553839477222,,,,client-2-3,Insert,8719973,200,25694
client,client_request,completed,1777553839503583,2,,,1777553839477346,1777553839503583,1777553839477346,1777553839503583,,,,client-2-3,Insert,-7001669,200,26237
client,client_request,completed,1777553839529648,2,,,1777553839503688,1777553839529648,1777553839503688,1777553839529648,,,,client-2-3,Remove,-11077300,200,25960
client,client_request,completed,1777553839555740,2,,,1777553839529746,1777553839555740,1777553839529746,1777553839555740,,,,client-2-3,Insert,-12734054,200,25994
client,client_request,completed,1777553839582536,2,,,1777553839555839,1777553839582536,1777553839555839,1777553839582536,,,,client-2-3,Remove,7174326,200,26697
client,client_request,completed,1777553839608508,2,,,1777553839582635,1777553839608508,1777553839582635,1777553839608508,,,,client-2-3,Insert,-13049208,200,25873
client,client_request,completed,1777553839634760,2,,,1777553839608604,1777553839634760,1777553839608604,1777553839634760,,,,client-2-3,Remove,-15597851,200,26156
client,client_request,completed,1777553839661006,2,,,1777553839635117,1777553839661006,1777553839635117,1777553839661006,,,,client-2-3,Insert,-11258033,200,25889
client,client_request,completed,1777553839687029,2,,,1777553839661111,1777553839687029,1777553839661111,1777553839687029,,,,client-2-3,Remove,6464610,200,25918
client,client_request,completed,1777553839713279,2,,,1777553839687132,1777553839713279,1777553839687132,1777553839713279,,,,client-2-3,Remove,-3675848,200,26147
client,client_request,completed,1777553839739782,2,,,1777553839713374,1777553839739782,1777553839713374,1777553839739782,,,,client-2-3,Remove,-15576498,200,26408
client,client_request,completed,1777553839765515,2,,,1777553839739991,1777553839765515,1777553839739991,1777553839765515,,,,client-2-3,Remove,12543652,200,25524
client,client_request,completed,1777553839856280,2,,,1777553839765725,1777553839856280,1777553839765725,1777553839856280,,,,client-2-3,Remove,5447363,200,90555
client,client_request,completed,1777553839882607,2,,,1777553839856492,1777553839882607,1777553839856492,1777553839882607,,,,client-2-3,Remove,4677126,200,26115
client,client_request,completed,1777553839908719,2,,,1777553839882961,1777553839908719,1777553839882961,1777553839908719,,,,client-2-3,Remove,-8796468,200,25758
client,client_request,completed,1777553839934743,2,,,1777553839908856,1777553839934743,1777553839908856,1777553839934743,,,,client-2-3,Remove,-7668765,200,25887
client,client_request,completed,1777553839963204,2,,,1777553839934878,1777553839963204,1777553839934878,1777553839963204,,,,client-2-3,Remove,6887688,200,28326
client,client_request,completed,1777553839992692,2,,,1777553839963311,1777553839992692,1777553839963311,1777553839992692,,,,client-2-3,Remove,-6613435,200,29381
client,client_request,completed,1777553840020019,2,,,1777553839992787,1777553840020019,1777553839992787,1777553840020019,,,,client-2-3,Remove,-5430875,200,27232
client,client_request,completed,1777553840046539,2,,,1777553840020129,1777553840046539,1777553840020129,1777553840046539,,,,client-2-3,Remove,711502,200,26410
client,client_request,completed,1777553840074427,2,,,1777553840046642,1777553840074427,1777553840046642,1777553840074427,,,,client-2-3,Remove,16185447,200,27785
client,client_request,completed,1777553840100759,2,,,1777553840074532,1777553840100759,1777553840074532,1777553840100759,,,,client-2-3,Remove,5370165,200,26227
client,client_request,completed,1777553840127507,2,,,1777553840101094,1777553840127507,1777553840101094,1777553840127507,,,,client-2-3,Remove,5857648,200,26413
client,client_request,completed,1777553840154384,2,,,1777553840127858,1777553840154384,1777553840127858,1777553840154384,,,,client-2-3,Remove,-13056355,200,26526
client,client_request,completed,1777553840182304,2,,,1777553840154490,1777553840182304,1777553840154490,1777553840182304,,,,client-2-3,Remove,6192895,200,27814
client,client_request,completed,1777553840209487,2,,,1777553840182411,1777553840209487,1777553840182411,1777553840209487,,,,client-2-3,Insert,12819451,200,27076
client,client_request,completed,1777553840236501,2,,,1777553840209820,1777553840236501,1777553840209820,1777553840236501,,,,client-2-3,Remove,-2547435,200,26681
client,client_request,completed,1777553840263189,2,,,1777553840236609,1777553840263189,1777553840236609,1777553840263189,,,,client-2-3,Insert,-4187842,200,26580
client,client_request,completed,1777553840290828,2,,,1777553840263294,1777553840290828,1777553840263294,1777553840290828,,,,client-2-3,Insert,-4050534,200,27534
client,client_request,completed,1777553840317376,2,,,1777553840290964,1777553840317376,1777553840290964,1777553840317376,,,,client-2-3,Remove,4565562,200,26412
client,client_request,completed,1777553840344917,2,,,1777553840317480,1777553840344917,1777553840317480,1777553840344917,,,,client-2-3,Insert,-3620925,200,27437
client,client_request,completed,1777553840372887,2,,,1777553840345020,1777553840372887,1777553840345020,1777553840372887,,,,client-2-3,Remove,8347341,200,27867
client,client_request,completed,1777553840399773,2,,,1777553840372991,1777553840399773,1777553840372991,1777553840399773,,,,client-2-3,Insert,13295174,200,26782
client,client_request,completed,1777553840427215,2,,,1777553840399897,1777553840427215,1777553840399897,1777553840427215,,,,client-2-3,Remove,-5678206,200,27318
client,client_request,completed,1777553840454692,2,,,1777553840427312,1777553840454692,1777553840427312,1777553840454692,,,,client-2-3,Remove,-15173834,200,27380
client,client_request,completed,1777553840482463,2,,,1777553840454798,1777553840482463,1777553840454798,1777553840482463,,,,client-2-3,Insert,7711317,200,27665
client,client_request,completed,1777553840510017,2,,,1777553840482568,1777553840510017,1777553840482568,1777553840510017,,,,client-2-3,Insert,-9099904,200,27449
client,client_request,completed,1777553840537543,2,,,1777553840510121,1777553840537543,1777553840510121,1777553840537543,,,,client-2-3,Remove,13634823,200,27422
client,client_request,completed,1777553840564092,2,,,1777553840537640,1777553840564092,1777553840537640,1777553840564092,,,,client-2-3,Insert,3952036,200,26452
client,client_request,completed,1777553840591031,2,,,1777553840564210,1777553840591031,1777553840564210,1777553840591031,,,,client-2-3,Insert,875378,200,26821
client,client_request,completed,1777553840619702,2,,,1777553840591126,1777553840619702,1777553840591126,1777553840619702,,,,client-2-3,Insert,-868057,200,28576
client,client_request,completed,1777553840647546,2,,,1777553840619798,1777553840647546,1777553840619798,1777553840647546,,,,client-2-3,Remove,1933317,200,27748
client,client_request,completed,1777553840674682,2,,,1777553840647650,1777553840674682,1777553840647650,1777553840674682,,,,client-2-3,Insert,-8723337,200,27032
client,client_request,completed,1777553840701281,2,,,1777553840674785,1777553840701281,1777553840674785,1777553840701281,,,,client-2-3,Remove,16282751,200,26496
client,client_request,completed,1777553840728963,2,,,1777553840701390,1777553840728963,1777553840701390,1777553840728963,,,,client-2-3,Remove,-6585190,200,27573
client,client_request,completed,1777553840755667,2,,,1777553840729072,1777553840755667,1777553840729072,1777553840755667,,,,client-2-3,Insert,11914867,200,26595
client,client_request,completed,1777553840844958,2,,,1777553840755873,1777553840844958,1777553840755873,1777553840844958,,,,client-2-3,Remove,-13527042,200,89085
client,client_request,completed,1777553840871283,2,,,1777553840845065,1777553840871283,1777553840845065,1777553840871283,,,,client-2-3,Remove,-1548365,200,26218
client,client_request,completed,1777553840899888,2,,,1777553840871630,1777553840899888,1777553840871630,1777553840899888,,,,client-2-3,Insert,12532224,200,28258
client,client_request,completed,1777553840926281,2,,,1777553840900088,1777553840926281,1777553840900088,1777553840926281,,,,client-2-3,Remove,-16317541,200,26193
client,client_request,completed,1777553840952878,2,,,1777553840926385,1777553840952878,1777553840926385,1777553840952878,,,,client-2-3,Remove,-11166081,200,26493
client,client_request,completed,1777553840980784,2,,,1777553840952983,1777553840980784,1777553840952983,1777553840980784,,,,client-2-3,Insert,13339874,200,27801
client,client_request,completed,1777553841007160,2,,,1777553840980983,1777553841007160,1777553840980983,1777553841007160,,,,client-2-3,Remove,7455439,200,26177
client,client_request,completed,1777553841034066,2,,,1777553841007256,1777553841034066,1777553841007256,1777553841034066,,,,client-2-3,Remove,-5158305,200,26810
client,client_request,completed,1777553841064088,2,,,1777553841034201,1777553841064088,1777553841034201,1777553841064088,,,,client-2-3,Remove,-2374918,200,29887
client,client_request,completed,1777553841090216,2,,,1777553841064213,1777553841090216,1777553841064213,1777553841090216,,,,client-2-3,Remove,-11486755,200,26003
client,client_request,completed,1777553841116390,2,,,1777553841090320,1777553841116390,1777553841090320,1777553841116390,,,,client-2-3,Insert,12340564,200,26070
client,client_request,completed,1777553841144103,2,,,1777553841116490,1777553841144103,1777553841116490,1777553841144103,,,,client-2-3,Remove,-9460140,200,27613
client,client_request,completed,1777553841170481,2,,,1777553841144242,1777553841170481,1777553841144242,1777553841170481,,,,client-2-3,Remove,-16111793,200,26239
client,client_request,completed,1777553841196674,2,,,1777553841170590,1777553841196674,1777553841170590,1777553841196674,,,,client-2-3,Remove,10983019,200,26084
client,client_request,completed,1777553841224259,2,,,1777553841196875,1777553841224259,1777553841196875,1777553841224259,,,,client-2-3,Remove,-6076719,200,27384
client,client_request,completed,1777553841250820,2,,,1777553841224366,1777553841250820,1777553841224366,1777553841250820,,,,client-2-3,Insert,13750091,200,26454
client,client_request,completed,1777553841277022,2,,,1777553841250955,1777553841277022,1777553841250955,1777553841277022,,,,client-2-3,Remove,-14575614,200,26067
client,client_request,completed,1777553841304108,2,,,1777553841277119,1777553841304108,1777553841277119,1777553841304108,,,,client-2-3,Insert,4600603,200,26989
client,client_request,completed,1777553841333178,2,,,1777553841304224,1777553841333178,1777553841304224,1777553841333178,,,,client-2-3,Remove,5909352,200,28954
client,client_request,completed,1777553841363090,2,,,1777553841333276,1777553841363090,1777553841333276,1777553841363090,,,,client-2-3,Remove,564735,200,29814
client,client_request,completed,1777553841391443,2,,,1777553841363199,1777553841391443,1777553841363199,1777553841391443,,,,client-2-3,Insert,-4962218,200,28244
client,client_request,completed,1777553841420796,2,,,1777553841391797,1777553841420796,1777553841391797,1777553841420796,,,,client-2-3,Remove,-12768615,200,28999
client,client_request,completed,1777553841453145,2,,,1777553841421009,1777553841453145,1777553841421009,1777553841453145,,,,client-2-3,Remove,989056,200,32136
client,client_request,completed,1777553841482467,2,,,1777553841453245,1777553841482467,1777553841453245,1777553841482467,,,,client-2-3,Remove,-10995546,200,29222
client,client_request,completed,1777553841512303,2,,,1777553841482817,1777553841512303,1777553841482817,1777553841512303,,,,client-2-3,Insert,13927224,200,29486
client,client_request,completed,1777553841540825,2,,,1777553841512411,1777553841540825,1777553841512411,1777553841540825,,,,client-2-3,Insert,-234357,200,28414
client,client_request,completed,1777553841570020,2,,,1777553841541007,1777553841570020,1777553841541007,1777553841570020,,,,client-2-3,Remove,-11841974,200,29013
client,client_request,completed,1777553841598637,2,,,1777553841570122,1777553841598637,1777553841570122,1777553841598637,,,,client-2-3,Remove,-1892671,200,28515
client,client_request,completed,1777553841626647,2,,,1777553841598737,1777553841626647,1777553841598737,1777553841626647,,,,client-2-3,Insert,5276025,200,27910
client,client_request,completed,1777553841656987,2,,,1777553841627009,1777553841656987,1777553841627009,1777553841656987,,,,client-2-3,Insert,-14515694,200,29978
client,client_request,completed,1777553841684547,2,,,1777553841657090,1777553841684547,1777553841657090,1777553841684547,,,,client-2-3,Remove,-3345070,200,27457
client,client_request,completed,1777553841713025,2,,,1777553841684656,1777553841713025,1777553841684656,1777553841713025,,,,client-2-3,Insert,-633726,200,28369
client,client_request,completed,1777553841740128,2,,,1777553841713105,1777553841740128,1777553841713105,1777553841740128,,,,client-2-3,Insert,-3244910,200,27023
client,client_request,completed,1777553841766505,2,,,1777553841740267,1777553841766505,1777553841740267,1777553841766505,,,,client-2-3,Remove,-6223137,200,26238
client,client_request,completed,1777553841855251,2,,,1777553841766610,1777553841855251,1777553841766610,1777553841855251,,,,client-2-3,Remove,-4917600,200,88641
client,client_request,completed,1777553841881863,2,,,1777553841855345,1777553841881863,1777553841855345,1777553841881863,,,,client-2-3,Remove,-4654079,200,26518
client,client_request,completed,1777553841908678,2,,,1777553841881964,1777553841908678,1777553841881964,1777553841908678,,,,client-2-3,Insert,-5697058,200,26714
client,client_request,completed,1777553841935529,2,,,1777553841908803,1777553841935529,1777553841908803,1777553841935529,,,,client-2-3,Remove,-1584660,200,26726
client,client_request,completed,1777553841962615,2,,,1777553841935633,1777553841962615,1777553841935633,1777553841962615,,,,client-2-3,Insert,-16336680,200,26982
client,client_request,completed,1777553841989363,2,,,1777553841962720,1777553841989363,1777553841962720,1777553841989363,,,,client-2-3,Remove,-5859170,200,26643
client,client_request,completed,1777553842016712,2,,,1777553841989469,1777553842016712,1777553841989469,1777553842016712,,,,client-2-3,Insert,-13564098,200,27243
client,client_request,completed,1777553842043304,2,,,1777553842016810,1777553842043304,1777553842016810,1777553842043304,,,,client-2-3,Insert,-8800974,200,26494
client,client_request,completed,1777553842069875,2,,,1777553842043410,1777553842069875,1777553842043410,1777553842069875,,,,client-2-3,Remove,-9897469,200,26465
client,client_request,completed,1777553842096584,2,,,1777553842069977,1777553842096584,1777553842069977,1777553842096584,,,,client-2-3,Remove,-8015007,200,26607
client,client_request,completed,1777553842123353,2,,,1777553842096688,1777553842123353,1777553842096688,1777553842123353,,,,client-2-3,Remove,12198358,200,26665
client,client_request,completed,1777553842150201,2,,,1777553842123459,1777553842150201,1777553842123459,1777553842150201,,,,client-2-3,Insert,-10880933,200,26742
client,client_request,completed,1777553842176682,2,,,1777553842150311,1777553842176682,1777553842150311,1777553842176682,,,,client-2-3,Remove,11681743,200,26371
client,client_request,completed,1777553842203596,2,,,1777553842177031,1777553842203596,1777553842177031,1777553842203596,,,,client-2-3,Remove,-8771911,200,26565
client,client_request,completed,1777553842229974,2,,,1777553842203695,1777553842229974,1777553842203695,1777553842229974,,,,client-2-3,Insert,-239825,200,26279
client,client_request,completed,1777553842256660,2,,,1777553842230080,1777553842256660,1777553842230080,1777553842256660,,,,client-2-3,Insert,-7800918,200,26580
client,client_request,completed,1777553842284391,2,,,1777553842256780,1777553842284391,1777553842256780,1777553842284391,,,,client-2-3,Remove,2489394,200,27611
client,client_request,completed,1777553842311304,2,,,1777553842284497,1777553842311304,1777553842284497,1777553842311304,,,,client-2-3,Insert,-16685146,200,26807
client,client_request,completed,1777553842338385,2,,,1777553842311410,1777553842338385,1777553842311410,1777553842338385,,,,client-2-3,Remove,-1982971,200,26975
client,client_request,completed,1777553842364533,2,,,1777553842338740,1777553842364533,1777553842338740,1777553842364533,,,,client-2-3,Insert,-1583316,200,25793
client,client_request,completed,1777553842391457,2,,,1777553842364640,1777553842391457,1777553842364640,1777553842391457,,,,client-2-3,Insert,10032271,200,26817
client,client_request,completed,1777553842418393,2,,,1777553842391562,1777553842418393,1777553842391562,1777553842418393,,,,client-2-3,Remove,-3110004,200,26831
client,client_request,completed,1777553842444769,2,,,1777553842418498,1777553842444769,1777553842418498,1777553842444769,,,,client-2-3,Remove,-6944619,200,26271
client,client_request,completed,1777553842471738,2,,,1777553842444877,1777553842471738,1777553842444877,1777553842471738,,,,client-2-3,Remove,-13024176,200,26861
client,client_request,completed,1777553842497998,2,,,1777553842472091,1777553842497998,1777553842472091,1777553842497998,,,,client-2-3,Insert,-4711981,200,25907
client,client_request,completed,1777553842524492,2,,,1777553842498102,1777553842524492,1777553842498102,1777553842524492,,,,client-2-3,Insert,-8939819,200,26390
client,client_request,completed,1777553842551283,2,,,1777553842524596,1777553842551283,1777553842524596,1777553842551283,,,,client-2-3,Remove,15235652,200,26687
client,client_request,completed,1777553842578266,2,,,1777553842551409,1777553842578266,1777553842551409,1777553842578266,,,,client-2-3,Insert,14639047,200,26857
client,client_request,completed,1777553842604927,2,,,1777553842578365,1777553842604927,1777553842578365,1777553842604927,,,,client-2-3,Insert,-14141807,200,26562
client,client_request,completed,1777553842632132,2,,,1777553842605083,1777553842632132,1777553842605083,1777553842632132,,,,client-2-3,Remove,5366537,200,27049
client,client_request,completed,1777553842660530,2,,,1777553842632268,1777553842660530,1777553842632268,1777553842660530,,,,client-2-3,Insert,-16265273,200,28262
client,client_request,completed,1777553842687478,2,,,1777553842660635,1777553842687478,1777553842660635,1777553842687478,,,,client-2-3,Remove,14864896,200,26843
client,client_request,completed,1777553842714170,2,,,1777553842687582,1777553842714170,1777553842687582,1777553842714170,,,,client-2-3,Insert,16471744,200,26588
client,client_request,completed,1777553842740676,2,,,1777553842714274,1777553842740676,1777553842714274,1777553842740676,,,,client-2-3,Insert,3591972,200,26402
client,client_request,completed,1777553842767291,2,,,1777553842740780,1777553842767291,1777553842740780,1777553842767291,,,,client-2-3,Insert,9673579,200,26511
client,client_request,completed,1777553842858601,2,,,1777553842767399,1777553842858601,1777553842767399,1777553842858601,,,,client-2-3,Insert,-1050558,200,91202
client,client_request,completed,1777553842884975,2,,,1777553842858700,1777553842884975,1777553842858700,1777553842884975,,,,client-2-3,Remove,-771959,200,26275
client,client_request,completed,1777553842911585,2,,,1777553842885079,1777553842911585,1777553842885079,1777553842911585,,,,client-2-3,Remove,-9936502,200,26506
client,client_request,completed,1777553842940940,2,,,1777553842911690,1777553842940940,1777553842911690,1777553842940940,,,,client-2-3,Insert,-10843142,200,29250
client,client_request,completed,1777553842968552,2,,,1777553842941045,1777553842968552,1777553842941045,1777553842968552,,,,client-2-3,Remove,2421399,200,27507
client,client_request,completed,1777553842998863,2,,,1777553842968667,1777553842998863,1777553842968667,1777553842998863,,,,client-2-3,Remove,6368441,200,30196
client,client_request,completed,1777553843031204,2,,,1777553842998989,1777553843031204,1777553842998989,1777553843031204,,,,client-2-3,Insert,3070439,200,32215
client,client_request,completed,1777553843060534,2,,,1777553843031356,1777553843060534,1777553843031356,1777553843060534,,,,client-2-3,Remove,-6033569,200,29178
client,client_request,completed,1777553843087294,2,,,1777553843060645,1777553843087294,1777553843060645,1777553843087294,,,,client-2-3,Insert,10151380,200,26649
client,client_request,completed,1777553843113151,2,,,1777553843087410,1777553843113151,1777553843087410,1777553843113151,,,,client-2-3,Remove,3496750,200,25741
client,client_request,completed,1777553843139566,2,,,1777553843113253,1777553843139566,1777553843113253,1777553843139566,,,,client-2-3,Insert,4311224,200,26313
client,client_request,completed,1777553843165610,2,,,1777553843139669,1777553843165610,1777553843139669,1777553843165610,,,,client-2-3,Insert,10144635,200,25941
client,client_request,completed,1777553843191299,2,,,1777553843165704,1777553843191299,1777553843165704,1777553843191299,,,,client-2-3,Remove,-12185362,200,25595
client,client_request,completed,1777553843216929,2,,,1777553843191407,1777553843216929,1777553843191407,1777553843216929,,,,client-2-3,Remove,-3082863,200,25522
client,client_request,completed,1777553843243485,2,,,1777553843217034,1777553843243485,1777553843217034,1777553843243485,,,,client-2-3,Insert,-8820187,200,26451
client,client_request,completed,1777553843269246,2,,,1777553843243592,1777553843269246,1777553843243592,1777553843269246,,,,client-2-3,Insert,-10783736,200,25654
client,client_request,completed,1777553843294253,2,,,1777553843269378,1777553843294253,1777553843269378,1777553843294253,,,,client-2-3,Remove,6224381,200,24875
client,client_request,completed,1777553843320043,2,,,1777553843294360,1777553843320043,1777553843294360,1777553843320043,,,,client-2-3,Remove,8340772,200,25683
client,client_request,completed,1777553843345525,2,,,1777553843320263,1777553843345525,1777553843320263,1777553843345525,,,,client-2-3,Insert,-505528,200,25262
client,client_request,completed,1777553843371234,2,,,1777553843345643,1777553843371234,1777553843345643,1777553843371234,,,,client-2-3,Insert,-3199078,200,25591
client,client_request,completed,1777553843396656,2,,,1777553843371342,1777553843396656,1777553843371342,1777553843396656,,,,client-2-3,Insert,-10168195,200,25314
client,client_request,completed,1777553843422488,2,,,1777553843396986,1777553843422488,1777553843396986,1777553843422488,,,,client-2-3,Remove,2547396,200,25502
client,client_request,completed,1777553843448044,2,,,1777553843422594,1777553843448044,1777553843422594,1777553843448044,,,,client-2-3,Insert,13721792,200,25450
client,client_request,completed,1777553843473508,2,,,1777553843448461,1777553843473508,1777553843448461,1777553843473508,,,,client-2-3,Insert,1794349,200,25047
client,client_request,completed,1777553843499489,2,,,1777553843473863,1777553843499489,1777553843473863,1777553843499489,,,,client-2-3,Insert,9940991,200,25626
client,client_request,completed,1777553843524969,2,,,1777553843499593,1777553843524969,1777553843499593,1777553843524969,,,,client-2-3,Insert,3041576,200,25376
client,client_request,completed,1777553843550585,2,,,1777553843525067,1777553843550585,1777553843525067,1777553843550585,,,,client-2-3,Insert,-4628279,200,25518
client,client_request,completed,1777553843576160,2,,,1777553843550691,1777553843576160,1777553843550691,1777553843576160,,,,client-2-3,Remove,4035504,200,25469
client,client_request,completed,1777553843602236,2,,,1777553843576287,1777553843602236,1777553843576287,1777553843602236,,,,client-2-3,Insert,-2252934,200,25949
client,client_request,completed,1777553843627862,2,,,1777553843602346,1777553843627862,1777553843602346,1777553843627862,,,,client-2-3,Remove,-14894243,200,25516
client,client_request,completed,1777553843653445,2,,,1777553843627965,1777553843653445,1777553843627965,1777553843653445,,,,client-2-3,Remove,14308188,200,25480
client,client_request,completed,1777553843679085,2,,,1777553843653576,1777553843679085,1777553843653576,1777553843679085,,,,client-2-3,Insert,5646606,200,25509
client,client_request,completed,1777553843706854,2,,,1777553843679188,1777553843706854,1777553843679188,1777553843706854,,,,client-2-3,Insert,3789379,200,27666
client,client_request,completed,1777553843734479,2,,,1777553843706962,1777553843734479,1777553843706962,1777553843734479,,,,client-2-3,Insert,-117448,200,27517
client,client_request,completed,1777553843762164,2,,,1777553843734585,1777553843762164,1777553843734585,1777553843762164,,,,client-2-3,Insert,-4979197,200,27579
client,client_request,completed,1777553843854286,2,,,1777553843762268,1777553843854286,1777553843762268,1777553843854286,,,,client-2-3,Insert,4846486,200,92018
client,client_request,completed,1777553843881041,2,,,1777553843854397,1777553843881041,1777553843854397,1777553843881041,,,,client-2-3,Remove,7220709,200,26644
client,client_request,completed,1777553843907633,2,,,1777553843881177,1777553843907633,1777553843881177,1777553843907633,,,,client-2-3,Remove,-12873373,200,26456
client,client_request,completed,1777553843934607,2,,,1777553843907740,1777553843934607,1777553843907740,1777553843934607,,,,client-2-3,Insert,3803834,200,26867
client,client_request,completed,1777553843961661,2,,,1777553843934713,1777553843961661,1777553843934713,1777553843961661,,,,client-2-3,Insert,364352,200,26948
client,client_request,completed,1777553843989259,2,,,1777553843961760,1777553843989259,1777553843961760,1777553843989259,,,,client-2-3,Insert,-15423781,200,27499
client,client_request,completed,1777553844016751,2,,,1777553843989364,1777553844016751,1777553843989364,1777553844016751,,,,client-2-3,Insert,1268049,200,27387
client,client_request,completed,1777553844043905,2,,,1777553844016856,1777553844043905,1777553844016856,1777553844043905,,,,client-2-3,Remove,-2265281,200,27049
client,client_request,completed,1777553844070803,2,,,1777553844044010,1777553844070803,1777553844044010,1777553844070803,,,,client-2-3,Insert,16552083,200,26793
client,client_request,completed,1777553844098068,2,,,1777553844070929,1777553844098068,1777553844070929,1777553844098068,,,,client-2-3,Remove,1224833,200,27139
client,client_request,completed,1777553844125644,2,,,1777553844098173,1777553844125644,1777553844098173,1777553844125644,,,,client-2-3,Insert,-11644813,200,27471
client,client_request,completed,1777553844152688,2,,,1777553844125743,1777553844152688,1777553844125743,1777553844152688,,,,client-2-3,Insert,-11162052,200,26945
client,client_request,completed,1777553844179865,2,,,1777553844152793,1777553844179865,1777553844152793,1777553844179865,,,,client-2-3,Remove,2825044,200,27072
client,client_request,completed,1777553844206946,2,,,1777553844179969,1777553844206946,1777553844179969,1777553844206946,,,,client-2-3,Remove,-10903196,200,26977
client,client_request,completed,1777553844235147,2,,,1777553844207052,1777553844235147,1777553844207052,1777553844235147,,,,client-2-3,Insert,-5553385,200,28095
client,client_request,completed,1777553844264062,2,,,1777553844235255,1777553844264062,1777553844235255,1777553844264062,,,,client-2-3,Insert,-16697686,200,28807
client,client_request,completed,1777553844292374,2,,,1777553844264439,1777553844292374,1777553844264439,1777553844292374,,,,client-2-3,Remove,4817052,200,27935
client,client_request,completed,1777553844319648,2,,,1777553844292488,1777553844319648,1777553844292488,1777553844319648,,,,client-2-3,Remove,-7033681,200,27160
client,client_request,completed,1777553844346235,2,,,1777553844319987,1777553844346235,1777553844319987,1777553844346235,,,,client-2-3,Insert,3193534,200,26248
client,client_request,completed,1777553844373254,2,,,1777553844346344,1777553844373254,1777553844346344,1777553844373254,,,,client-2-3,Remove,-16014500,200,26910
client,client_request,completed,1777553844400674,2,,,1777553844373352,1777553844400674,1777553844373352,1777553844400674,,,,client-2-3,Remove,5549835,200,27322
client,client_request,completed,1777553844428720,2,,,1777553844400781,1777553844428720,1777553844400781,1777553844428720,,,,client-2-3,Insert,13890389,200,27939
client,client_request,completed,1777553844456029,2,,,1777553844428820,1777553844456029,1777553844428820,1777553844456029,,,,client-2-3,Remove,-13836298,200,27209
client,client_request,completed,1777553844483302,2,,,1777553844456136,1777553844483302,1777553844456136,1777553844483302,,,,client-2-3,Remove,11983848,200,27166
client,client_request,completed,1777553844511162,2,,,1777553844483409,1777553844511162,1777553844483409,1777553844511162,,,,client-2-3,Remove,15920466,200,27753
client,client_request,completed,1777553844538640,2,,,1777553844511372,1777553844538640,1777553844511372,1777553844538640,,,,client-2-3,Remove,7379068,200,27268
client,client_request,completed,1777553844566004,2,,,1777553844538852,1777553844566004,1777553844538852,1777553844566004,,,,client-2-3,Insert,-14269641,200,27152
client,client_request,completed,1777553844592892,2,,,1777553844566103,1777553844592892,1777553844566103,1777553844592892,,,,client-2-3,Insert,13781521,200,26789
client,client_request,completed,1777553844620355,2,,,1777553844592990,1777553844620355,1777553844592990,1777553844620355,,,,client-2-3,Remove,1366902,200,27365
client,client_request,completed,1777553844647858,2,,,1777553844620458,1777553844647858,1777553844620458,1777553844647858,,,,client-2-3,Remove,-1355475,200,27400
client,client_request,completed,1777553844677051,2,,,1777553844647962,1777553844677051,1777553844647962,1777553844677051,,,,client-2-3,Insert,-8510200,200,29089
client,client_request,completed,1777553844704832,2,,,1777553844677156,1777553844704832,1777553844677156,1777553844704832,,,,client-2-3,Insert,10141078,200,27676
client,client_request,completed,1777553844733189,2,,,1777553844704931,1777553844733189,1777553844704931,1777553844733189,,,,client-2-3,Insert,11649779,200,28258
client,client_request,completed,1777553844760768,2,,,1777553844733395,1777553844760768,1777553844733395,1777553844760768,,,,client-2-3,Remove,-2389268,200,27373
client,client_request,completed,1777553844851981,2,,,1777553844760979,1777553844851981,1777553844760979,1777553844851981,,,,client-2-3,Insert,13635832,200,91002
client,client_request,completed,1777553844880000,2,,,1777553844852415,1777553844880000,1777553844852415,1777553844880000,,,,client-2-3,Insert,2996716,200,27585
client,client_request,completed,1777553844907588,2,,,1777553844880104,1777553844907588,1777553844880104,1777553844907588,,,,client-2-3,Insert,12264339,200,27484
client,client_request,completed,1777553844935140,2,,,1777553844907694,1777553844935140,1777553844907694,1777553844935140,,,,client-2-3,Remove,1759167,200,27446
client,client_request,completed,1777553844964708,2,,,1777553844935244,1777553844964708,1777553844935244,1777553844964708,,,,client-2-3,Remove,2534439,200,29464
client,client_request,completed,1777553844993409,2,,,1777553844965070,1777553844993409,1777553844965070,1777553844993409,,,,client-2-3,Insert,7510351,200,28339
client,client_request,completed,1777553845024124,2,,,1777553844993544,1777553845024124,1777553844993544,1777553845024124,,,,client-2-3,Insert,4168168,200,30580
client,client_request,completed,1777553845054079,2,,,1777553845024254,1777553845054079,1777553845024254,1777553845054079,,,,client-2-3,Remove,-713314,200,29825
client,client_request,completed,1777553845083618,2,,,1777553845054184,1777553845083618,1777553845054184,1777553845083618,,,,client-2-3,Remove,10653685,200,29434
client,client_request,completed,1777553845112861,2,,,1777553845083727,1777553845112861,1777553845083727,1777553845112861,,,,client-2-3,Remove,-14096156,200,29134
client,client_request,completed,1777553845141733,2,,,1777553845113080,1777553845141733,1777553845113080,1777553845141733,,,,client-2-3,Insert,-816295,200,28653
client,client_request,completed,1777553845170117,2,,,1777553845142046,1777553845170117,1777553845142046,1777553845170117,,,,client-2-3,Remove,-9766287,200,28071
client,client_request,completed,1777553845197506,2,,,1777553845170473,1777553845197506,1777553845170473,1777553845197506,,,,client-2-3,Insert,-9194589,200,27033
client,client_request,completed,1777553845225266,2,,,1777553845197603,1777553845225266,1777553845197603,1777553845225266,,,,client-2-3,Remove,12997812,200,27663
client,client_request,completed,1777553845252994,2,,,1777553845225478,1777553845252994,1777553845225478,1777553845252994,,,,client-2-3,Insert,4764950,200,27516
client,client_request,completed,1777553845280902,2,,,1777553845253350,1777553845280902,1777553845253350,1777553845280902,,,,client-2-3,Insert,-9057261,200,27552
client,client_request,completed,1777553845308765,2,,,1777553845281035,1777553845308765,1777553845281035,1777553845308765,,,,client-2-3,Remove,-5582809,200,27730
client,client_request,completed,1777553845336723,2,,,1777553845308881,1777553845336723,1777553845308881,1777553845336723,,,,client-2-3,Insert,-9157245,200,27842
client,client_request,completed,1777553845364883,2,,,1777553845336862,1777553845364883,1777553845336862,1777553845364883,,,,client-2-3,Remove,2780258,200,28021
client,client_request,completed,1777553845392834,2,,,1777553845364997,1777553845392834,1777553845364997,1777553845392834,,,,client-2-3,Remove,-8369735,200,27837
client,client_request,completed,1777553845421260,2,,,1777553845392971,1777553845421260,1777553845392971,1777553845421260,,,,client-2-3,Remove,-6737409,200,28289
client,client_request,completed,1777553845449077,2,,,1777553845421364,1777553845449077,1777553845421364,1777553845449077,,,,client-2-3,Insert,10729854,200,27713
client,client_request,completed,1777553845476827,2,,,1777553845449183,1777553845476827,1777553845449183,1777553845476827,,,,client-2-3,Remove,13121586,200,27644
client,client_request,completed,1777553845505427,2,,,1777553845476932,1777553845505427,1777553845476932,1777553845505427,,,,client-2-3,Insert,-1889277,200,28495
client,client_request,completed,1777553845533495,2,,,1777553845505783,1777553845533495,1777553845505783,1777553845533495,,,,client-2-3,Remove,-3825571,200,27712
client,client_request,completed,1777553845563029,2,,,1777553845533637,1777553845563029,1777553845533637,1777553845563029,,,,client-2-3,Remove,-13754516,200,29392
client,client_request,completed,1777553845590818,2,,,1777553845563149,1777553845590818,1777553845563149,1777553845590818,,,,client-2-3,Insert,11613222,200,27669
client,client_request,completed,1777553845619190,2,,,1777553845590915,1777553845619190,1777553845590915,1777553845619190,,,,client-2-3,Remove,-11607552,200,28275
client,client_request,completed,1777553845647264,2,,,1777553845619294,1777553845647264,1777553845619294,1777553845647264,,,,client-2-3,Insert,6486837,200,27970
client,client_request,completed,1777553845674890,2,,,1777553845647370,1777553845674890,1777553845647370,1777553845674890,,,,client-2-3,Remove,-5310101,200,27520
client,client_request,completed,1777553845702674,2,,,1777553845674998,1777553845702674,1777553845674998,1777553845702674,,,,client-2-3,Insert,7313040,200,27676
client,client_request,completed,1777553845730901,2,,,1777553845702781,1777553845730901,1777553845702781,1777553845730901,,,,client-2-3,Insert,7144671,200,28120
client,client_request,completed,1777553845759312,2,,,1777553845731008,1777553845759312,1777553845731008,1777553845759312,,,,client-2-3,Insert,-15122108,200,28304
client,client_request,completed,1777553845850414,2,,,1777553845759419,1777553845850414,1777553845759419,1777553845850414,,,,client-2-3,Insert,-5830148,200,90995
client,client_request,completed,1777553845878530,2,,,1777553845850521,1777553845878530,1777553845850521,1777553845878530,,,,client-2-3,Insert,-14996966,200,28009
client,client_request,completed,1777553845906708,2,,,1777553845878637,1777553845906708,1777553845878637,1777553845906708,,,,client-2-3,Insert,-8618056,200,28071
client,client_request,completed,1777553845935079,2,,,1777553845906813,1777553845935079,1777553845906813,1777553845935079,,,,client-2-3,Remove,14936649,200,28266
client,client_request,completed,1777553845963690,2,,,1777553845935183,1777553845963690,1777553845935183,1777553845963690,,,,client-2-3,Insert,11595764,200,28507
client,client_request,completed,1777553845992347,2,,,1777553845963794,1777553845992347,1777553845963794,1777553845992347,,,,client-2-3,Remove,-13920247,200,28553
client,client_request,completed,1777553846021180,2,,,1777553845992454,1777553846021180,1777553845992454,1777553846021180,,,,client-2-3,Insert,-8391741,200,28726
client,client_request,completed,1777553846049357,2,,,1777553846021287,1777553846049357,1777553846021287,1777553846049357,,,,client-2-3,Insert,14340014,200,28070
client,client_request,completed,1777553846077367,2,,,1777553846049710,1777553846077367,1777553846049710,1777553846077367,,,,client-2-3,Remove,385797,200,27657
client,client_request,completed,1777553846106594,2,,,1777553846077471,1777553846106594,1777553846077471,1777553846106594,,,,client-2-3,Remove,12750389,200,29123
client,client_request,completed,1777553846135837,2,,,1777553846106697,1777553846135837,1777553846106697,1777553846135837,,,,client-2-3,Remove,-3588358,200,29140
client,client_request,completed,1777553846165081,2,,,1777553846135943,1777553846165081,1777553846135943,1777553846165081,,,,client-2-3,Insert,-11009127,200,29138
client,client_request,completed,1777553846193159,2,,,1777553846165291,1777553846193159,1777553846165291,1777553846193159,,,,client-2-3,Insert,13061928,200,27868
client,client_request,completed,1777553846222109,2,,,1777553846193266,1777553846222109,1777553846193266,1777553846222109,,,,client-2-3,Remove,10569760,200,28843
client,client_request,completed,1777553846252322,2,,,1777553846222219,1777553846252322,1777553846222219,1777553846252322,,,,client-2-3,Insert,2504612,200,30103
client,client_request,completed,1777553846281533,2,,,1777553846252535,1777553846281533,1777553846252535,1777553846281533,,,,client-2-3,Remove,14732804,200,28998
client,client_request,completed,1777553846310512,2,,,1777553846281649,1777553846310512,1777553846281649,1777553846310512,,,,client-2-3,Insert,7400467,200,28863
client,client_request,completed,1777553846338979,2,,,1777553846310618,1777553846338979,1777553846310618,1777553846338979,,,,client-2-3,Remove,15993593,200,28361
client,client_request,completed,1777553846367223,2,,,1777553846339103,1777553846367223,1777553846339103,1777553846367223,,,,client-2-3,Insert,-4240602,200,28120
client,client_request,completed,1777553846396746,2,,,1777553846367327,1777553846396746,1777553846367327,1777553846396746,,,,client-2-3,Remove,1264942,200,29419
client,client_request,completed,1777553846426995,2,,,1777553846396854,1777553846426995,1777553846396854,1777553846426995,,,,client-2-3,Insert,16586776,200,30141
client,client_request,completed,1777553846455957,2,,,1777553846427130,1777553846455957,1777553846427130,1777553846455957,,,,client-2-3,Remove,-7773463,200,28827
client,client_request,completed,1777553846485046,2,,,1777553846456384,1777553846485046,1777553846456384,1777553846485046,,,,client-2-3,Insert,-11917448,200,28662
client,client_request,completed,1777553846514089,2,,,1777553846485255,1777553846514089,1777553846485255,1777553846514089,,,,client-2-3,Remove,16771956,200,28834
client,client_request,completed,1777553846542590,2,,,1777553846514298,1777553846542590,1777553846514298,1777553846542590,,,,client-2-3,Remove,8379709,200,28292
client,client_request,completed,1777553846571531,2,,,1777553846542693,1777553846571531,1777553846542693,1777553846571531,,,,client-2-3,Remove,-1497028,200,28838
client,client_request,completed,1777553846599906,2,,,1777553846571629,1777553846599906,1777553846571629,1777553846599906,,,,client-2-3,Insert,-13425719,200,28277
client,client_request,completed,1777553846629459,2,,,1777553846600004,1777553846629459,1777553846600004,1777553846629459,,,,client-2-3,Remove,-13508925,200,29455
client,client_request,completed,1777553846660302,2,,,1777553846629591,1777553846660302,1777553846629591,1777553846660302,,,,client-2-3,Insert,-11139281,200,30711
client,client_request,completed,1777553846695203,2,,,1777553846660411,1777553846695203,1777553846660411,1777553846695203,,,,client-2-3,Insert,7870163,200,34792
client,client_request,completed,1777553846728065,2,,,1777553846695342,1777553846728065,1777553846695342,1777553846728065,,,,client-2-3,Insert,8369043,200,32723
client,client_request,completed,1777553846759297,2,,,1777553846728223,1777553846759297,1777553846728223,1777553846759297,,,,client-2-3,Insert,-1210264,200,31074
client,client_request,completed,1777553846855158,2,,,1777553846759438,1777553846855158,1777553846759438,1777553846855158,,,,client-2-3,Remove,6575485,200,95720
client,client_request,completed,1777553846886552,2,,,1777553846855223,1777553846886552,1777553846855223,1777553846886552,,,,client-2-3,Remove,-16270278,200,31329
client,client_request,completed,1777553846917389,2,,,1777553846886627,1777553846917389,1777553846886627,1777553846917389,,,,client-2-3,Insert,3431051,200,30762
client,client_request,completed,1777553846948015,2,,,1777553846917451,1777553846948015,1777553846917451,1777553846948015,,,,client-2-3,Insert,3970984,200,30564
client,client_request,completed,1777553846977896,2,,,1777553846948099,1777553846977896,1777553846948099,1777553846977896,,,,client-2-3,Remove,-5112933,200,29797
client,client_request,completed,1777553847010388,2,,,1777553846977958,1777553847010388,1777553846977958,1777553847010388,,,,client-2-3,Insert,7003254,200,32430
client,client_request,completed,1777553847039913,2,,,1777553847010467,1777553847039913,1777553847010467,1777553847039913,,,,client-2-3,Insert,7612519,200,29446
client,client_request,completed,1777553847068805,2,,,1777553847039973,1777553847068805,1777553847039973,1777553847068805,,,,client-2-3,Insert,12733861,200,28832
client,client_request,completed,1777553847097426,2,,,1777553847068870,1777553847097426,1777553847068870,1777553847097426,,,,client-2-3,Remove,7336001,200,28556
client,client_request,completed,1777553847125948,2,,,1777553847097498,1777553847125948,1777553847097498,1777553847125948,,,,client-2-3,Insert,12432105,200,28450
client,client_request,completed,1777553847154297,2,,,1777553847126008,1777553847154297,1777553847126008,1777553847154297,,,,client-2-3,Insert,-14663461,200,28289
client,client_request,completed,1777553847182185,2,,,1777553847154455,1777553847182185,1777553847154455,1777553847182185,,,,client-2-3,Remove,2062583,200,27730
client,client_request,completed,1777553847210135,2,,,1777553847182255,1777553847210135,1777553847182255,1777553847210135,,,,client-2-3,Remove,10881313,200,27880
client,client_request,completed,1777553847238193,2,,,1777553847210193,1777553847238193,1777553847210193,1777553847238193,,,,client-2-3,Insert,4127092,200,28000
client,client_request,completed,1777553847266559,2,,,1777553847238269,1777553847266559,1777553847238269,1777553847266559,,,,client-2-3,Insert,809981,200,28290
client,client_request,completed,1777553847295040,2,,,1777553847266619,1777553847295040,1777553847266619,1777553847295040,,,,client-2-3,Remove,-6169372,200,28421
client,client_request,completed,1777553847322748,2,,,1777553847295099,1777553847322748,1777553847295099,1777553847322748,,,,client-2-3,Remove,14546032,200,27649
client,client_request,completed,1777553847351074,2,,,1777553847322803,1777553847351074,1777553847322803,1777553847351074,,,,client-2-3,Insert,-6154251,200,28271
client,client_request,completed,1777553847379841,2,,,1777553847351130,1777553847379841,1777553847351130,1777553847379841,,,,client-2-3,Remove,15401123,200,28711
client,client_request,completed,1777553847408533,2,,,1777553847379895,1777553847408533,1777553847379895,1777553847408533,,,,client-2-3,Insert,-7438603,200,28638
client,client_request,completed,1777553847437422,2,,,1777553847408595,1777553847437422,1777553847408595,1777553847437422,,,,client-2-3,Insert,-5984280,200,28827
client,client_request,completed,1777553847466084,2,,,1777553847437501,1777553847466084,1777553847437501,1777553847466084,,,,client-2-3,Remove,-10073215,200,28583
client,client_request,completed,1777553847494654,2,,,1777553847466139,1777553847494654,1777553847466139,1777553847494654,,,,client-2-3,Remove,15582955,200,28515
client,client_request,completed,1777553847523188,2,,,1777553847494713,1777553847523188,1777553847494713,1777553847523188,,,,client-2-3,Remove,-14650864,200,28475
client,client_request,completed,1777553847551375,2,,,1777553847523248,1777553847551375,1777553847523248,1777553847551375,,,,client-2-3,Remove,-8076586,200,28127
client,client_request,completed,1777553847580788,2,,,1777553847551419,1777553847580788,1777553847551419,1777553847580788,,,,client-2-3,Insert,-9938915,200,29369
client,client_request,completed,1777553847610209,2,,,1777553847580839,1777553847610209,1777553847580839,1777553847610209,,,,client-2-3,Insert,16693065,200,29370
client,client_request,completed,1777553847639608,2,,,1777553847610255,1777553847639608,1777553847610255,1777553847639608,,,,client-2-3,Insert,4138564,200,29353
client,client_request,completed,1777553847667947,2,,,1777553847639925,1777553847667947,1777553847639925,1777553847667947,,,,client-2-3,Insert,-9645766,200,28022
client,client_request,completed,1777553847696886,2,,,1777553847668005,1777553847696886,1777553847668005,1777553847696886,,,,client-2-3,Insert,-13474102,200,28881
client,client_request,completed,1777553847725770,2,,,1777553847696951,1777553847725770,1777553847696951,1777553847725770,,,,client-2-3,Insert,15383668,200,28819
client,client_request,completed,1777553847754405,2,,,1777553847725846,1777553847754405,1777553847725846,1777553847754405,,,,client-2-3,Remove,13840877,200,28559
client,client_request,completed,1777553847847642,2,,,1777553847754465,1777553847847642,1777553847754465,1777553847847642,,,,client-2-3,Remove,8599204,200,93177
client,client_request,completed,1777553847878359,2,,,1777553847847782,1777553847878359,1777553847847782,1777553847878359,,,,client-2-3,Remove,13654569,200,30577
client,client_request,completed,1777553847907080,2,,,1777553847878574,1777553847907080,1777553847878574,1777553847907080,,,,client-2-3,Remove,11753316,200,28506
client,client_request,completed,1777553847935272,2,,,1777553847907186,1777553847935272,1777553847907186,1777553847935272,,,,client-2-3,Remove,-6782946,200,28086
client,client_request,completed,1777553847963836,2,,,1777553847935376,1777553847963836,1777553847935376,1777553847963836,,,,client-2-3,Remove,9409869,200,28460
client,client_request,completed,1777553847992830,2,,,1777553847963957,1777553847992830,1777553847963957,1777553847992830,,,,client-2-3,Insert,-14487256,200,28873
client,client_request,completed,1777553848021630,2,,,1777553847992985,1777553848021630,1777553847992985,1777553848021630,,,,client-2-3,Remove,8729492,200,28645
client,client_request,completed,1777553848050689,2,,,1777553848021761,1777553848050689,1777553848021761,1777553848050689,,,,client-2-3,Insert,675798,200,28928
client,client_request,completed,1777553848079767,2,,,1777553848050794,1777553848079767,1777553848050794,1777553848079767,,,,client-2-3,Remove,-12115063,200,28973
client,client_request,completed,1777553848108254,2,,,1777553848079873,1777553848108254,1777553848079873,1777553848108254,,,,client-2-3,Insert,-13628282,200,28381
client,client_request,completed,1777553848137230,2,,,1777553848108358,1777553848137230,1777553848108358,1777553848137230,,,,client-2-3,Insert,11760932,200,28872
client,client_request,completed,1777553848166877,2,,,1777553848137334,1777553848166877,1777553848137334,1777553848166877,,,,client-2-3,Remove,13659086,200,29543
client,client_request,completed,1777553848195134,2,,,1777553848166982,1777553848195134,1777553848166982,1777553848195134,,,,client-2-3,Insert,3193977,200,28152
client,client_request,completed,1777553848224192,2,,,1777553848195306,1777553848224192,1777553848195306,1777553848224192,,,,client-2-3,Insert,12614640,200,28886
client,client_request,completed,1777553848254209,2,,,1777553848224300,1777553848254209,1777553848224300,1777553848254209,,,,client-2-3,Remove,-9601688,200,29909
client,client_request,completed,1777553848282955,2,,,1777553848254316,1777553848282955,1777553848254316,1777553848282955,,,,client-2-3,Remove,12422124,200,28639
client,client_request,completed,1777553848311388,2,,,1777553848283061,1777553848311388,1777553848283061,1777553848311388,,,,client-2-3,Remove,5192727,200,28327
client,client_request,completed,1777553848339989,2,,,1777553848311492,1777553848339989,1777553848311492,1777553848339989,,,,client-2-3,Insert,-16378662,200,28497
client,client_request,completed,1777553848368549,2,,,1777553848340094,1777553848368549,1777553848340094,1777553848368549,,,,client-2-3,Insert,-3731727,200,28455
client,client_request,completed,1777553848397131,2,,,1777553848368655,1777553848397131,1777553848368655,1777553848397131,,,,client-2-3,Remove,-15357780,200,28476
client,client_request,completed,1777553848426068,2,,,1777553848397271,1777553848426068,1777553848397271,1777553848426068,,,,client-2-3,Insert,-4918858,200,28797
client,client_request,completed,1777553848454661,2,,,1777553848426175,1777553848454661,1777553848426175,1777553848454661,,,,client-2-3,Insert,4231900,200,28486
client,client_request,completed,1777553848483276,2,,,1777553848454802,1777553848483276,1777553848454802,1777553848483276,,,,client-2-3,Insert,-1519150,200,28474
client,client_request,completed,1777553848512007,2,,,1777553848483421,1777553848512007,1777553848483421,1777553848512007,,,,client-2-3,Remove,-12469566,200,28586
client,client_request,completed,1777553848540696,2,,,1777553848512126,1777553848540696,1777553848512126,1777553848540696,,,,client-2-3,Remove,-6946974,200,28570
client,client_request,completed,1777553848569355,2,,,1777553848540829,1777553848569355,1777553848540829,1777553848569355,,,,client-2-3,Insert,-6227143,200,28526
client,client_request,completed,1777553848598829,2,,,1777553848569452,1777553848598829,1777553848569452,1777553848598829,,,,client-2-3,Insert,8091772,200,29377
client,client_request,completed,1777553848628951,2,,,1777553848598926,1777553848628951,1777553848598926,1777553848628951,,,,client-2-3,Insert,-5864035,200,30025
client,client_request,completed,1777553848657941,2,,,1777553848629160,1777553848657941,1777553848629160,1777553848657941,,,,client-2-3,Insert,-13445025,200,28781
client,client_request,completed,1777553848687645,2,,,1777553848658045,1777553848687645,1777553848658045,1777553848687645,,,,client-2-3,Remove,-12101435,200,29600
client,client_request,completed,1777553848716937,2,,,1777553848687859,1777553848716937,1777553848687859,1777553848716937,,,,client-2-3,Remove,13040766,200,29078
client,client_request,completed,1777553848745865,2,,,1777553848717152,1777553848745865,1777553848717152,1777553848745865,,,,client-2-3,Remove,-7359673,200,28713
client,client_request,completed,1777553848835514,2,,,1777553848746082,1777553848835514,1777553848746082,1777553848835514,,,,client-2-3,Insert,-11725209,200,89432
client,client_request,completed,1777553848865747,2,,,1777553848835829,1777553848865747,1777553848835829,1777553848865747,,,,client-2-3,Remove,-4583459,200,29918
client,client_request,completed,1777553848894600,2,,,1777553848865822,1777553848894600,1777553848865822,1777553848894600,,,,client-2-3,Insert,-11683593,200,28778
client,client_request,completed,1777553848923277,2,,,1777553848894656,1777553848923277,1777553848894656,1777553848923277,,,,client-2-3,Remove,2701911,200,28621
client,client_request,completed,1777553848954809,2,,,1777553848923334,1777553848954809,1777553848923334,1777553848954809,,,,client-2-3,Insert,-12134346,200,31475
client,client_request,completed,1777553848986143,2,,,1777553848954873,1777553848986143,1777553848954873,1777553848986143,,,,client-2-3,Remove,-15060555,200,31270
client,client_request,completed,1777553849015629,2,,,1777553848986204,1777553849015629,1777553848986204,1777553849015629,,,,client-2-3,Insert,9494474,200,29425
client,client_request,completed,1777553849045126,2,,,1777553849015701,1777553849045126,1777553849015701,1777553849045126,,,,client-2-3,Remove,12910680,200,29425
client,client_request,completed,1777553849074266,2,,,1777553849045190,1777553849074266,1777553849045190,1777553849074266,,,,client-2-3,Insert,12643757,200,29076
client,client_request,completed,1777553849103278,2,,,1777553849074325,1777553849103278,1777553849074325,1777553849103278,,,,client-2-3,Remove,-1307659,200,28953
client,client_request,completed,1777553849132651,2,,,1777553849103334,1777553849132651,1777553849103334,1777553849132651,,,,client-2-3,Remove,-1497539,200,29317
client,client_request,completed,1777553849162172,2,,,1777553849132718,1777553849162172,1777553849132718,1777553849162172,,,,client-2-3,Insert,-3487998,200,29454
client,client_request,completed,1777553849191291,2,,,1777553849162226,1777553849191291,1777553849162226,1777553849191291,,,,client-2-3,Insert,-5471718,200,29065
client,client_request,completed,1777553849220654,2,,,1777553849191348,1777553849220654,1777553849191348,1777553849220654,,,,client-2-3,Insert,-7078755,200,29306
client,client_request,completed,1777553849249961,2,,,1777553849220827,1777553849249961,1777553849220827,1777553849249961,,,,client-2-3,Insert,4921275,200,29134
client,client_request,completed,1777553849278948,2,,,1777553849250019,1777553849278948,1777553849250019,1777553849278948,,,,client-2-3,Remove,10548922,200,28929
client,client_request,completed,1777553849307932,2,,,1777553849279080,1777553849307932,1777553849279080,1777553849307932,,,,client-2-3,Remove,-10566318,200,28852
client,client_request,completed,1777553849337144,2,,,1777553849307990,1777553849337144,1777553849307990,1777553849337144,,,,client-2-3,Insert,-9200841,200,29154
client,client_request,completed,1777553849366188,2,,,1777553849337207,1777553849366188,1777553849337207,1777553849366188,,,,client-2-3,Remove,-5653766,200,28981
client,client_request,completed,1777553849395167,2,,,1777553849366247,1777553849395167,1777553849366247,1777553849395167,,,,client-2-3,Insert,-1092569,200,28920
client,client_request,completed,1777553849424179,2,,,1777553849395222,1777553849424179,1777553849395222,1777553849424179,,,,client-2-3,Insert,14260849,200,28957
client,client_request,completed,1777553849454720,2,,,1777553849424258,1777553849454720,1777553849424258,1777553849454720,,,,client-2-3,Insert,16561153,200,30462
client,client_request,completed,1777553849485349,2,,,1777553849454780,1777553849485349,1777553849454780,1777553849485349,,,,client-2-3,Insert,1930059,200,30569
client,client_request,completed,1777553849516697,2,,,1777553849485428,1777553849516697,1777553849485428,1777553849516697,,,,client-2-3,Remove,14773605,200,31269
client,client_request,completed,1777553849546408,2,,,1777553849516764,1777553849546408,1777553849516764,1777553849546408,,,,client-2-3,Insert,-7337895,200,29644
client,client_request,completed,1777553849575556,2,,,1777553849546464,1777553849575556,1777553849546464,1777553849575556,,,,client-2-3,Remove,-5287613,200,29092
client,client_request,completed,1777553849605001,2,,,1777553849575597,1777553849605001,1777553849575597,1777553849605001,,,,client-2-3,Insert,-11525093,200,29404
client,client_request,completed,1777553849634248,2,,,1777553849605051,1777553849634248,1777553849605051,1777553849634248,,,,client-2-3,Remove,3520994,200,29197
client,client_request,completed,1777553849663984,2,,,1777553849634307,1777553849663984,1777553849634307,1777553849663984,,,,client-2-3,Insert,-15112776,200,29677
client,client_request,completed,1777553849693440,2,,,1777553849664042,1777553849693440,1777553849664042,1777553849693440,,,,client-2-3,Insert,-13085681,200,29398
client,client_request,completed,1777553849722560,2,,,1777553849693497,1777553849722560,1777553849693497,1777553849722560,,,,client-2-3,Remove,-7648303,200,29063
client,client_request,completed,1777553849751725,2,,,1777553849722635,1777553849751725,1777553849722635,1777553849751725,,,,client-2-3,Remove,15214396,200,29090
client,client_request,completed,1777553849845436,2,,,1777553849751785,1777553849845436,1777553849751785,1777553849845436,,,,client-2-3,Insert,-4087950,200,93651
client,client_request,completed,1777553849874667,2,,,1777553849845497,1777553849874667,1777553849845497,1777553849874667,,,,client-2-3,Remove,-12262160,200,29170
client,client_request,completed,1777553849903608,2,,,1777553849874757,1777553849903608,1777553849874757,1777553849903608,,,,client-2-3,Insert,8952528,200,28851
client,client_request,completed,1777553849932633,2,,,1777553849903668,1777553849932633,1777553849903668,1777553849932633,,,,client-2-3,Remove,799046,200,28965
client,client_request,completed,1777553849962201,2,,,1777553849932695,1777553849962201,1777553849932695,1777553849962201,,,,client-2-3,Insert,-14930282,200,29506
client,client_request,completed,1777553849991823,2,,,1777553849962271,1777553849991823,1777553849962271,1777553849991823,,,,client-2-3,Insert,-383994,200,29552
client,client_request,completed,1777553850021505,2,,,1777553849992134,1777553850021505,1777553849992134,1777553850021505,,,,client-2-3,Remove,-1658446,200,29371
client,client_request,completed,1777553850050840,2,,,1777553850021563,1777553850050840,1777553850021563,1777553850050840,,,,client-2-3,Remove,-12054725,200,29277
client,client_request,completed,1777553850080564,2,,,1777553850050899,1777553850080564,1777553850050899,1777553850080564,,,,client-2-3,Insert,949578,200,29665
client,client_request,completed,1777553850109887,2,,,1777553850080628,1777553850109887,1777553850080628,1777553850109887,,,,client-2-3,Insert,14829324,200,29259
client,client_request,completed,1777553850139410,2,,,1777553850109944,1777553850139410,1777553850109944,1777553850139410,,,,client-2-3,Insert,-9203928,200,29466
client,client_request,completed,1777553850169126,2,,,1777553850139728,1777553850169126,1777553850139728,1777553850169126,,,,client-2-3,Remove,-10733073,200,29398
client,client_request,completed,1777553850198304,2,,,1777553850169191,1777553850198304,1777553850169191,1777553850198304,,,,client-2-3,Insert,2078531,200,29113
client,client_request,completed,1777553850227642,2,,,1777553850198362,1777553850227642,1777553850198362,1777553850227642,,,,client-2-3,Insert,15816231,200,29280
client,client_request,completed,1777553850257849,2,,,1777553850227699,1777553850257849,1777553850227699,1777553850257849,,,,client-2-3,Insert,12713361,200,30150
client,client_request,completed,1777553850287332,2,,,1777553850258174,1777553850287332,1777553850258174,1777553850287332,,,,client-2-3,Insert,16511808,200,29158
client,client_request,completed,1777553850317460,2,,,1777553850287649,1777553850317460,1777553850287649,1777553850317460,,,,client-2-3,Insert,-6906761,200,29811
client,client_request,completed,1777553850346820,2,,,1777553850317529,1777553850346820,1777553850317529,1777553850346820,,,,client-2-3,Remove,9636053,200,29291
client,client_request,completed,1777553850376264,2,,,1777553850346880,1777553850376264,1777553850346880,1777553850376264,,,,client-2-3,Remove,-14574720,200,29384
client,client_request,completed,1777553850406011,2,,,1777553850376329,1777553850406011,1777553850376329,1777553850406011,,,,client-2-3,Remove,-3450663,200,29682
client,client_request,completed,1777553850436652,2,,,1777553850406067,1777553850436652,1777553850406067,1777553850436652,,,,client-2-3,Insert,5900727,200,30585
client,client_request,completed,1777553850466267,2,,,1777553850436716,1777553850466267,1777553850436716,1777553850466267,,,,client-2-3,Remove,4310890,200,29551
client,client_request,completed,1777553850496727,2,,,1777553850466323,1777553850496727,1777553850466323,1777553850496727,,,,client-2-3,Insert,-11342766,200,30404
client,client_request,completed,1777553850526416,2,,,1777553850496793,1777553850526416,1777553850496793,1777553850526416,,,,client-2-3,Insert,2540110,200,29623
client,client_request,completed,1777553850555976,2,,,1777553850526472,1777553850555976,1777553850526472,1777553850555976,,,,client-2-3,Insert,1868446,200,29504
client,client_request,completed,1777553850585716,2,,,1777553850556020,1777553850585716,1777553850556020,1777553850585716,,,,client-2-3,Remove,8355747,200,29696
client,client_request,completed,1777553850614830,2,,,1777553850585758,1777553850614830,1777553850585758,1777553850614830,,,,client-2-3,Insert,-14277708,200,29072
client,client_request,completed,1777553850644559,2,,,1777553850614901,1777553850644559,1777553850614901,1777553850644559,,,,client-2-3,Insert,-942518,200,29658
client,client_request,completed,1777553850674127,2,,,1777553850644622,1777553850674127,1777553850644622,1777553850674127,,,,client-2-3,Insert,6429525,200,29505
client,client_request,completed,1777553850704089,2,,,1777553850674185,1777553850704089,1777553850674185,1777553850704089,,,,client-2-3,Remove,-7409667,200,29904
client,client_request,completed,1777553850734191,2,,,1777553850704147,1777553850734191,1777553850704147,1777553850734191,,,,client-2-3,Insert,15880833,200,30044
client,client_request,completed,1777553850763879,2,,,1777553850734248,1777553850763879,1777553850734248,1777553850763879,,,,client-2-3,Remove,8122161,200,29631
client,client_request,completed,1777553850856961,2,,,1777553850763936,1777553850856961,1777553850763936,1777553850856961,,,,client-2-3,Remove,7505084,200,93025
client,client_request,completed,1777553850886394,2,,,1777553850857141,1777553850886394,1777553850857141,1777553850886394,,,,client-2-3,Remove,-100737,200,29253
client,client_request,completed,1777553850916737,2,,,1777553850886528,1777553850916737,1777553850886528,1777553850916737,,,,client-2-3,Insert,15292174,200,30209
client,client_request,completed,1777553850946389,2,,,1777553850917107,1777553850946389,1777553850917107,1777553850946389,,,,client-2-3,Remove,3602726,200,29282
client,client_request,completed,1777553850975885,2,,,1777553850946601,1777553850975885,1777553850946601,1777553850975885,,,,client-2-3,Remove,-1779786,200,29284
client,client_request,completed,1777553851005624,2,,,1777553850975990,1777553851005624,1777553850975990,1777553851005624,,,,client-2-3,Remove,-15277002,200,29634
client,client_request,completed,1777553851035207,2,,,1777553851005741,1777553851035207,1777553851005741,1777553851035207,,,,client-2-3,Insert,-9706905,200,29466
client,client_request,completed,1777553851065008,2,,,1777553851035346,1777553851065008,1777553851035346,1777553851065008,,,,client-2-3,Insert,-7976362,200,29662
client,client_request,completed,1777553851094536,2,,,1777553851065113,1777553851094536,1777553851065113,1777553851094536,,,,client-2-3,Remove,-695527,200,29423
client,client_request,completed,1777553851124453,2,,,1777553851094641,1777553851124453,1777553851094641,1777553851124453,,,,client-2-3,Remove,-2664208,200,29812
client,client_request,completed,1777553851154299,2,,,1777553851124612,1777553851154299,1777553851124612,1777553851154299,,,,client-2-3,Remove,-9853172,200,29687
client,client_request,completed,1777553851183646,2,,,1777553851154402,1777553851183646,1777553851154402,1777553851183646,,,,client-2-3,Insert,5766423,200,29244
client,client_request,completed,1777553851213247,2,,,1777553851183750,1777553851213247,1777553851183750,1777553851213247,,,,client-2-3,Insert,-15407551,200,29497
client,client_request,completed,1777553851242814,2,,,1777553851213355,1777553851242814,1777553851213355,1777553851242814,,,,client-2-3,Insert,3355326,200,29459
client,client_request,completed,1777553851272421,2,,,1777553851242917,1777553851272421,1777553851242917,1777553851272421,,,,client-2-3,Insert,-12372215,200,29504
client,client_request,completed,1777553851302212,2,,,1777553851272560,1777553851302212,1777553851272560,1777553851302212,,,,client-2-3,Insert,1933752,200,29652
client,client_request,completed,1777553851331953,2,,,1777553851302353,1777553851331953,1777553851302353,1777553851331953,,,,client-2-3,Remove,7131626,200,29600
client,client_request,completed,1777553851361996,2,,,1777553851332059,1777553851361996,1777553851332059,1777553851361996,,,,client-2-3,Remove,-6409989,200,29937
client,client_request,completed,1777553851392167,2,,,1777553851362134,1777553851392167,1777553851362134,1777553851392167,,,,client-2-3,Remove,-11843814,200,30033
client,client_request,completed,1777553851421818,2,,,1777553851392297,1777553851421818,1777553851392297,1777553851421818,,,,client-2-3,Remove,-14061838,200,29521
client,client_request,completed,1777553851451105,2,,,1777553851422030,1777553851451105,1777553851422030,1777553851451105,,,,client-2-3,Insert,-15032055,200,29075
client,client_request,completed,1777553851484908,2,,,1777553851451209,1777553851484908,1777553851451209,1777553851484908,,,,client-2-3,Remove,9146440,200,33699
client,client_request,completed,1777553851514413,2,,,1777553851485298,1777553851514413,1777553851485298,1777553851514413,,,,client-2-3,Remove,-5220166,200,29115
client,client_request,completed,1777553851543816,2,,,1777553851514518,1777553851543816,1777553851514518,1777553851543816,,,,client-2-3,Insert,8497519,200,29298
client,client_request,completed,1777553851573435,2,,,1777553851543954,1777553851573435,1777553851543954,1777553851573435,,,,client-2-3,Insert,2576059,200,29481
client,client_request,completed,1777553851602670,2,,,1777553851573533,1777553851602670,1777553851573533,1777553851602670,,,,client-2-3,Insert,7036758,200,29137
client,client_request,completed,1777553851632484,2,,,1777553851602802,1777553851632484,1777553851602802,1777553851632484,,,,client-2-3,Insert,-12482529,200,29682
client,client_request,completed,1777553851662442,2,,,1777553851632630,1777553851662442,1777553851632630,1777553851662442,,,,client-2-3,Remove,-5580931,200,29812
client,client_request,completed,1777553851691614,2,,,1777553851662658,1777553851691614,1777553851662658,1777553851691614,,,,client-2-3,Insert,9889615,200,28956
client,client_request,completed,1777553851721517,2,,,1777553851692066,1777553851721517,1777553851692066,1777553851721517,,,,client-2-3,Remove,-13029258,200,29451
client,client_request,completed,1777553851751423,2,,,1777553851721623,1777553851751423,1777553851721623,1777553851751423,,,,client-2-3,Insert,14102668,200,29800
client,client_request,completed,1777553851847383,2,,,1777553851751557,1777553851847383,1777553851751557,1777553851847383,,,,client-2-3,Insert,-7974232,200,95826
client,client_request,completed,1777553851876968,2,,,1777553851847497,1777553851876968,1777553851847497,1777553851876968,,,,client-2-3,Insert,-14945451,200,29471
client,client_request,completed,1777553851905966,2,,,1777553851877326,1777553851905966,1777553851877326,1777553851905966,,,,client-2-3,Remove,12704658,200,28640
client,client_request,completed,1777553851934962,2,,,1777553851906104,1777553851934962,1777553851906104,1777553851934962,,,,client-2-3,Remove,-1117220,200,28858
client,client_request,completed,1777553851966721,2,,,1777553851935089,1777553851966721,1777553851935089,1777553851966721,,,,client-2-3,Remove,-10655934,200,31632
client,client_request,completed,1777553852014953,2,,,1777553851966825,1777553852014953,1777553851966825,1777553852014953,,,,client-2-3,Insert,16115002,200,48128
client,client_request,completed,1777553852073029,2,,,1777553852015071,1777553852073029,1777553852015071,1777553852073029,,,,client-2-3,Insert,6375425,200,57958
client,client_request,completed,1777553852127022,2,,,1777553852073210,1777553852127022,1777553852073210,1777553852127022,,,,client-2-3,Insert,-15297370,200,53812
client,client_request,completed,1777553852171686,2,,,1777553852127110,1777553852171686,1777553852127110,1777553852171686,,,,client-2-3,Remove,-12755822,200,44576
client,client_request,completed,1777553852207405,2,,,1777553852171801,1777553852207405,1777553852171801,1777553852207405,,,,client-2-3,Remove,12011462,200,35604
client,client_request,completed,1777553852240373,2,,,1777553852207515,1777553852240373,1777553852207515,1777553852240373,,,,client-2-3,Insert,1725293,200,32858
client,client_request,completed,1777553852273736,2,,,1777553852240481,1777553852273736,1777553852240481,1777553852273736,,,,client-2-3,Insert,2029622,200,33255
client,client_request,completed,1777553852306788,2,,,1777553852273944,1777553852306788,1777553852273944,1777553852306788,,,,client-2-3,Remove,113408,200,32844
client,client_request,completed,1777553852338514,2,,,1777553852307145,1777553852338514,1777553852307145,1777553852338514,,,,client-2-3,Remove,6008446,200,31369
client,client_request,completed,1777553852373128,2,,,1777553852338620,1777553852373128,1777553852338620,1777553852373128,,,,client-2-3,Insert,8341145,200,34508
client,client_request,completed,1777553852404124,2,,,1777553852373262,1777553852404124,1777553852373262,1777553852404124,,,,client-2-3,Insert,7901682,200,30862
client,client_request,completed,1777553852435018,2,,,1777553852404287,1777553852435018,1777553852404287,1777553852435018,,,,client-2-3,Insert,-4061098,200,30731
client,client_request,completed,1777553852465563,2,,,1777553852435171,1777553852465563,1777553852435171,1777553852465563,,,,client-2-3,Insert,-9277469,200,30392
client,client_request,completed,1777553852495227,2,,,1777553852465765,1777553852495227,1777553852465765,1777553852495227,,,,client-2-3,Insert,-4976190,200,29462
client,client_request,completed,1777553852524848,2,,,1777553852495332,1777553852524848,1777553852495332,1777553852524848,,,,client-2-3,Remove,10812439,200,29516
client,client_request,completed,1777553852554390,2,,,1777553852524985,1777553852554390,1777553852524985,1777553852554390,,,,client-2-3,Insert,13292178,200,29405
client,client_request,completed,1777553852584558,2,,,1777553852554489,1777553852584558,1777553852554489,1777553852584558,,,,client-2-3,Remove,-3734442,200,30069
client,client_request,completed,1777553852614520,2,,,1777553852584660,1777553852614520,1777553852584660,1777553852614520,,,,client-2-3,Remove,12188988,200,29860
client,client_request,completed,1777553852644262,2,,,1777553852614618,1777553852644262,1777553852614618,1777553852644262,,,,client-2-3,Insert,-15423395,200,29644
client,client_request,completed,1777553852674545,2,,,1777553852644367,1777553852674545,1777553852644367,1777553852674545,,,,client-2-3,Insert,7205595,200,30178
client,client_request,completed,1777553852704062,2,,,1777553852674923,1777553852704062,1777553852674923,1777553852704062,,,,client-2-3,Insert,1329892,200,29139
client,client_request,completed,1777553852734691,2,,,1777553852704166,1777553852734691,1777553852704166,1777553852734691,,,,client-2-3,Remove,-7270158,200,30525
client,client_request,completed,1777553852764036,2,,,1777553852735050,1777553852764036,1777553852735050,1777553852764036,,,,client-2-3,Remove,16152124,200,28986
client,client_request,completed,1777553852860087,2,,,1777553852764140,1777553852860087,1777553852764140,1777553852860087,,,,client-2-3,Insert,-269710,200,95947
client,client_request,completed,1777553852890697,2,,,1777553852860215,1777553852890697,1777553852860215,1777553852890697,,,,client-2-3,Insert,-5009991,200,30482
client,client_request,completed,1777553852922520,2,,,1777553852890824,1777553852922520,1777553852890824,1777553852922520,,,,client-2-3,Remove,14988367,200,31696
client,client_request,completed,1777553852956536,2,,,1777553852922627,1777553852956536,1777553852922627,1777553852956536,,,,client-2-3,Insert,-7175545,200,33909
client,client_request,completed,1777553852991169,2,,,1777553852956643,1777553852991169,1777553852956643,1777553852991169,,,,client-2-3,Remove,-1539729,200,34526
client,client_request,completed,1777553853029575,2,,,1777553852991279,1777553853029575,1777553852991279,1777553853029575,,,,client-2-3,Remove,-5908141,200,38296
client,client_request,completed,1777553853063110,2,,,1777553853029684,1777553853063110,1777553853029684,1777553853063110,,,,client-2-3,Insert,15383602,200,33426
client,client_request,completed,1777553853094923,2,,,1777553853063217,1777553853094923,1777553853063217,1777553853094923,,,,client-2-3,Remove,9892850,200,31706
client,client_request,completed,1777553853130458,2,,,1777553853095023,1777553853130458,1777553853095023,1777553853130458,,,,client-2-3,Insert,12035027,200,35435
client,client_request,completed,1777553853161337,2,,,1777553853130594,1777553853161337,1777553853130594,1777553853161337,,,,client-2-3,Remove,5109096,200,30743
client,client_request,completed,1777553853192283,2,,,1777553853161434,1777553853192283,1777553853161434,1777553853192283,,,,client-2-3,Insert,13806992,200,30849
client,client_request,completed,1777553853228275,2,,,1777553853192384,1777553853228275,1777553853192384,1777553853228275,,,,client-2-3,Remove,6025230,200,35891
client,client_request,completed,1777553853259209,2,,,1777553853228386,1777553853259209,1777553853228386,1777553853259209,,,,client-2-3,Insert,-12203976,200,30823
