source,event,phase,timestamp_us,replica_pid,peer_pid,gc_marker,sent_us,received_us,start_us,end_us,insert_count,delete_count,detail,client_id,operation,value,status_code,latency_us
server,replica_init,start,1787923728078098,178792343404851502,,,,,,,,,,,,,,
server,recovered_membership_cleanup,completed,1787923728492545,178792343404851502,178792343404851501,,,,,,,,,,,,,
server,membership_descriptor_write,completed,1787923728238058,178792343404851502,,,,,1787923728078119,1787923728238058,,,"178792343404851502,52.17.146.22:19080,2",,,,,159939
server,membership_directory_read,completed,1787923728337191,178792343404851502,,,,,1787923728238061,1787923728337191,,,init:93 descriptors,,,,,99130
server,persistent_state_fetch,completed,1787923728492610,178792343404851502,,,,,,,,,recovered_from_durability_journal,,,,,
server,replica_init,completed,1787923728492616,178792343404851502,,,,,,,,,,,,,,
server,peer_replication_connection,established,1787923728492715,178792343404851502,178792343513165001,,,,,,,,,,,,,
server,peer_replication_connection,established,1787923728492812,178792343404851502,178792343266887002,,,,,,,,,,,,,
server,peer_replication_connection,established,1787923728492877,178792343404851502,178792343327014802,,,,,,,,,,,,,
server,peer_replication_pull_request,sent,1787923728493163,178792343404851502,,,,,,,,,connected_peers=3,,,,,
server,peer_replication_connection,established,1787923728493493,178792343404851502,178792343404851502,,,,,,,,,,,,,
server,peer_replication_connection,established,1787923728493711,178792343404851502,178792343404855501,,,,,,,,,,,,,
server,peer_replication_connection,established,1787923728493736,178792343404851502,178792343404854501,,,,,,,,,,,,,
server,peer_replication_connection,established,1787923728493935,178792343404851502,178792343404853501,,,,,,,,,,,,,
server,peer_replication_connection,established,1787923728512237,178792343404851502,178792343513166001,,,,,,,,,,,,,
server,peer_replication_connection,established,1787923728512262,178792343404851502,178792343513167001,,,,,,,,,,,,,
server,peer_replication_connection,established,1787923728512325,178792343404851502,178792343513164001,,,,,,,,,,,,,
server,peer_replication_connection,established,1787923728512416,178792343404851502,178792343513168001,,,,,,,,,,,,,
server,peer_replication_connection,established,1787923728513736,178792343404851502,178792343597982001,,,,,,,,,,,,,
server,peer_replication_connection,established,1787923728527502,178792343404851502,178792343597981001,,,,,,,,,,,,,
server,peer_replication_connection,established,1787923728527531,178792343404851502,178792343597985001,,,,,,,,,,,,,
server,peer_replication_connection,established,1787923728527622,178792343404851502,178792343597983001,,,,,,,,,,,,,
server,peer_replication_connection,established,1787923728527711,178792343404851502,178792343597984001,,,,,,,,,,,,,
server,peer_replication_connection,established,1787923728532389,178792343404851502,178792343327013802,,,,,,,,,,,,,
server,peer_replication_connection,established,1787923728577680,178792343404851502,178792343266886002,,,,,,,,,,,,,
server,peer_replication_connection,established,1787923728577779,178792343404851502,178792343266888002,,,,,,,,,,,,,
server,peer_replication_connection,established,1787923728577882,178792343404851502,178792343266889002,,,,,,,,,,,,,
server,peer_replication_connection,established,1787923728577918,178792343404851502,178792343266890002,,,,,,,,,,,,,
server,peer_replication_get_delta,completed,1787923728580300,178792343404851502,178792343404855501,2,,1787923728580252,1787923728580256,1787923728580300,,,"delta_len=3,sent_us=1787923728579766",,,,,44
server,peer_replication_connection,established,1787923728807700,178792343404851502,178792343327015802,,,,,,,,,,,,,
server,client_mutation,completed,1787923728826417,178792343404851502,,,,1787923728824230,1787923728824231,1787923728826417,,,http_data_plane,,,,,2186
server,peer_replication_connection,established,1787923729001522,178792343404851502,178792343404852502,,,,,,,,,,,,,
server,client_mutation,completed,1787923729126334,178792343404851502,,,,1787923729124185,1787923729124186,1787923729126334,,,http_data_plane,,,,,2148
server,peer_replication_connection,established,1787923729197829,178792343404851502,178792343327016802,,,,,,,,,,,,,
server,peer_replication_pull_request,sent,1787923729493335,178792343404851502,,,,,,,,,connected_peers=24,,,,,
server,peer_replication_connection,established,1787923729539576,178792343404851502,178792343327017802,,,,,,,,,,,,,
server,client_mutation,completed,1787923729626181,178792343404851502,,,,1787923729624124,1787923729624124,1787923729626181,,,http_data_plane,,,,,2057
server,gc_observed,start,1787923729680175,178792343404851502,,4,,,,,,,,,,,,
server,gc_membership_descriptor_write,completed,1787923729887052,178792343404851502,,4,,,,,,,"178792343404851502,52.17.146.22:19080,4",,,,,
server,gc_observed,completed,1787923729887083,178792343404851502,,4,,,,,,,,,,,,
server,peer_replication_merge_delta,completed,1787923730062445,178792343404851502,,4,,1787923729680175,1787923730061509,1787923730062445,,,"delta_len=3187,sent_us=1787923729568849",,,,,936
server,client_mutation,completed,1787923730126293,178792343404851502,,,,1787923730124123,1787923730124123,1787923730126293,,,http_data_plane,,,,,2170
server,peer_replication_get_delta,completed,1787923730239090,178792343404851502,178792343327016802,4,,1787923730239039,1787923730239043,1787923730239090,,,"delta_len=45,sent_us=1787923730168386",,,,,47
server,peer_replication_pull_request,sent,1787923730493587,178792343404851502,,,,,,,,,connected_peers=25,,,,,
server,client_mutation,completed,1787923730626620,178792343404851502,,,,1787923730624416,1787923730624417,1787923730626620,,,http_data_plane,,,,,2203
server,client_mutation,completed,1787923731126675,178792343404851502,,,,1787923731124163,1787923731124164,1787923731126675,,,http_data_plane,,,,,2511
server,peer_replication_pull_request,sent,1787923731493682,178792343404851502,,,,,,,,,connected_peers=25,,,,,
server,peer_replication_merge_delta,completed,1787923731576584,178792343404851502,,4,,1787923731571946,1787923731576554,1787923731576584,,,"delta_len=38,sent_us=1787923731563009",,,,,30
server,client_mutation,completed,1787923731626413,178792343404851502,,,,1787923731624120,1787923731624121,1787923731626413,,,http_data_plane,,,,,2292
server,client_mutation,completed,1787923732126305,178792343404851502,,,,1787923732124103,1787923732124104,1787923732126305,,,http_data_plane,,,,,2201
server,peer_replication_pull_request,sent,1787923732493449,178792343404851502,,,,,,,,,connected_peers=25,,,,,
server,client_mutation,completed,1787923732626275,178792343404851502,,,,1787923732624096,1787923732624097,1787923732626275,,,http_data_plane,,,,,2178
server,peer_replication_merge_delta,completed,1787923732665953,178792343404851502,,4,,1787923732662407,1787923732665937,1787923732665953,,,"delta_len=18,sent_us=1787923732598603",,,,,16
server,client_mutation,completed,1787923733126192,178792343404851502,,,,1787923733124089,1787923733124089,1787923733126192,,,http_data_plane,,,,,2103
server,membership_directory_read,completed,1787923733182423,178792343404851502,,,,,1787923733078034,1787923733182423,,,poll:108 descriptors,,,,,104389
server,client_mutation,completed,1787923733626261,178792343404851502,,,,1787923733624103,1787923733624104,1787923733626261,,,http_data_plane,,,,,2157
server,peer_replication_get_delta,completed,1787923733798814,178792343404851502,178792343597985001,4,,1787923733798765,1787923733798768,1787923733798814,,,"delta_len=21,sent_us=1787923733430089",,,,,46
server,peer_replication_pull_request,sent,1787923733798836,178792343404851502,,,,,,,,,connected_peers=25,,,,,
server,peer_replication_merge_delta,completed,1787923733883313,178792343404851502,,4,,1787923733874012,1787923733883240,1787923733883313,,,"delta_len=131,sent_us=1787923733859900",,,,,73
server,client_mutation,completed,1787923734126273,178792343404851502,,,,1787923734124168,1787923734124168,1787923734126273,,,http_data_plane,,,,,2105
server,peer_replication_get_delta,completed,1787923734141115,178792343404851502,178792343266890002,4,,1787923734141060,1787923734141063,1787923734141115,,,"delta_len=36,sent_us=1787923734077380",,,,,52
server,peer_replication_get_delta,completed,1787923734396961,178792343404851502,178792343327013802,4,,1787923734396908,1787923734396911,1787923734396961,,,"delta_len=24,sent_us=1787923734367452",,,,,50
server,peer_replication_pull_request,sent,1787923734493338,178792343404851502,,,,,,,,,connected_peers=25,,,,,
server,client_mutation,completed,1787923734626320,178792343404851502,,,,1787923734624351,1787923734624352,1787923734626320,,,http_data_plane,,,,,1968
server,peer_replication_merge_delta,completed,1787923734682263,178792343404851502,,4,,1787923734679011,1787923734682242,1787923734682263,,,"delta_len=17,sent_us=1787923734599866",,,,,21
server,client_mutation,completed,1787923735126196,178792343404851502,,,,1787923735124135,1787923735124136,1787923735126196,,,http_data_plane,,,,,2060
server,peer_replication_get_delta,completed,1787923735265418,178792343404851502,178792343266886002,4,,1787923735265358,1787923735265360,1787923735265418,,,"delta_len=52,sent_us=1787923735201049",,,,,58
server,peer_replication_pull_request,sent,1787923735493884,178792343404851502,,,,,,,,,connected_peers=25,,,,,
server,peer_replication_merge_delta,completed,1787923735518641,178792343404851502,,4,,1787923735513413,1787923735518606,1787923735518641,,,"delta_len=55,sent_us=1787923735508882",,,,,35
server,client_mutation,completed,1787923735626189,178792343404851502,,,,1787923735624111,1787923735624112,1787923735626189,,,http_data_plane,,,,,2077
server,peer_replication_get_delta,completed,1787923736049452,178792343404851502,178792343404852502,4,,1787923736049395,1787923736049397,1787923736049452,,,"delta_len=46,sent_us=1787923736001160",,,,,55
server,client_mutation,completed,1787923736126306,178792343404851502,,,,1787923736124141,1787923736124142,1787923736126306,,,http_data_plane,,,,,2164
server,peer_replication_pull_request,sent,1787923736493366,178792343404851502,,,,,,,,,connected_peers=25,,,,,
server,peer_replication_merge_delta,completed,1787923736570392,178792343404851502,,4,,1787923736563999,1787923736570342,1787923736570392,,,"delta_len=70,sent_us=1787923736549969",,,,,50
server,client_mutation,completed,1787923736626350,178792343404851502,,,,1787923736624150,1787923736624151,1787923736626350,,,http_data_plane,,,,,2199
server,client_mutation,completed,1787923737126372,178792343404851502,,,,1787923737124139,1787923737124140,1787923737126372,,,http_data_plane,,,,,2232
server,peer_replication_pull_request,sent,1787923737493437,178792343404851502,,,,,,,,,connected_peers=25,,,,,
server,peer_replication_merge_delta,completed,1787923737540032,178792343404851502,,4,,1787923737533619,1787923737539978,1787923737540032,,,"delta_len=82,sent_us=1787923737523412",,,,,54
server,client_mutation,completed,1787923737626738,178792343404851502,,,,1787923737624166,1787923737624167,1787923737626738,,,http_data_plane,,,,,2571
server,client_mutation,completed,1787923738126298,178792343404851502,,,,1787923738124127,1787923738124127,1787923738126298,,,http_data_plane,,,,,2171
server,membership_directory_read,completed,1787923738142827,178792343404851502,,,,,1787923738078824,1787923738142827,,,poll:108 descriptors,,,,,64003
server,peer_replication_pull_request,sent,1787923738493217,178792343404851502,,,,,,,,,connected_peers=25,,,,,
server,peer_replication_merge_delta,completed,1787923738537579,178792343404851502,,4,,1787923738532736,1787923738537535,1787923738537579,,,"delta_len=43,sent_us=1787923738522870",,,,,44
server,client_mutation,completed,1787923738626291,178792343404851502,,,,1787923738624118,1787923738624119,1787923738626291,,,http_data_plane,,,,,2172
server,client_mutation,completed,1787923739126242,178792343404851502,,,,1787923739124117,1787923739124118,1787923739126242,,,http_data_plane,,,,,2124
server,peer_replication_pull_request,sent,1787923739493214,178792343404851502,,,,,,,,,connected_peers=25,,,,,
server,peer_replication_merge_delta,completed,1787923739543253,178792343404851502,,4,,1787923739539621,1787923739543230,1787923739543253,,,"delta_len=24,sent_us=1787923739493944",,,,,23
server,client_mutation,completed,1787923739626549,178792343404851502,,,,1787923739624408,1787923739624409,1787923739626549,,,http_data_plane,,,,,2140
server,peer_replication_get_delta,completed,1787923739920138,178792343404851502,178792343266889002,4,,1787923739920082,1787923739920085,1787923739920138,,,"delta_len=48,sent_us=1787923739856367",,,,,53
server,client_mutation,completed,1787923740126340,178792343404851502,,,,1787923740124174,1787923740124174,1787923740126340,,,http_data_plane,,,,,2166
server,peer_replication_get_delta,completed,1787923740397373,178792343404851502,178792343327013802,4,,1787923740397315,1787923740397318,1787923740397373,,,"delta_len=49,sent_us=1787923740367858",,,,,55
server,peer_replication_pull_request,sent,1787923740493705,178792343404851502,,,,,,,,,connected_peers=25,,,,,
server,peer_replication_merge_delta,completed,1787923740569170,178792343404851502,,4,,1787923740564265,1787923740569127,1787923740569170,,,"delta_len=51,sent_us=1787923740550126",,,,,43
server,client_mutation,completed,1787923740626206,178792343404851502,,,,1787923740624114,1787923740624115,1787923740626206,,,http_data_plane,,,,,2091
server,peer_replication_get_delta,completed,1787923740664679,178792343404851502,178792343266888002,4,,1787923740664622,1787923740664625,1787923740664679,,,"delta_len=64,sent_us=1787923740600852",,,,,54
server,client_mutation,completed,1787923741126370,178792343404851502,,,,1787923741124134,1787923741124135,1787923741126370,,,http_data_plane,,,,,2235
server,peer_replication_get_delta,completed,1787923741456347,178792343404851502,178792343597985001,4,,1787923741456286,1787923741456290,1787923741456347,,,"delta_len=65,sent_us=1787923741430290",,,,,57
server,peer_replication_pull_request,sent,1787923741493668,178792343404851502,,,,,,,,,connected_peers=25,,,,,
server,peer_replication_merge_delta,completed,1787923741538796,178792343404851502,,4,,1787923741534080,1787923741538763,1787923741538796,,,"delta_len=46,sent_us=1787923741523896",,,,,33
server,client_mutation,completed,1787923741626428,178792343404851502,,,,1787923741624106,1787923741624107,1787923741626428,,,http_data_plane,,,,,2321
server,peer_replication_get_delta,completed,1787923742125935,178792343404851502,178792343513168001,4,,1787923742125883,1787923742125886,1787923742125935,,,"delta_len=48,sent_us=1787923742110878",,,,,49
server,client_mutation,completed,1787923742126311,178792343404851502,,,,1787923742124162,1787923742124163,1787923742126311,,,http_data_plane,,,,,2148
server,peer_replication_pull_request,sent,1787923742493268,178792343404851502,,,,,,,,,connected_peers=25,,,,,
server,peer_replication_merge_delta,completed,1787923742600093,178792343404851502,,4,,1787923742596445,1787923742600062,1787923742600093,,,"delta_len=23,sent_us=1787923742566258",,,,,31
server,client_mutation,completed,1787923742626098,178792343404851502,,,,1787923742624122,1787923742624123,1787923742626098,,,http_data_plane,,,,,1975
server,client_mutation,completed,1787923743126181,178792343404851502,,,,1787923743124123,1787923743124124,1787923743126181,,,http_data_plane,,,,,2057
server,membership_directory_read,completed,1787923743141067,178792343404851502,,,,,1787923743078247,1787923743141067,,,poll:108 descriptors,,,,,62820
server,peer_replication_pull_request,sent,1787923743493631,178792343404851502,,,,,,,,,connected_peers=25,,,,,
server,client_mutation,completed,1787923743625243,178792343404851502,,,,1787923743624143,1787923743624144,1787923743625243,,,http_data_plane,,,,,1099
server,client_mutation,completed,1787923744125161,178792343404851502,,,,1787923744124129,1787923744124129,1787923744125161,,,http_data_plane,,,,,1032
server,peer_replication_pull_request,sent,1787923744493307,178792343404851502,,,,,,,,,connected_peers=25,,,,,
server,peer_replication_get_delta,completed,1787923744520821,178792343404851502,178792343513165001,4,,1787923744520771,1787923744520775,1787923744520821,,,"delta_len=9,sent_us=1787923744502653",,,,,46
server,peer_replication_merge_delta,completed,1787923744628223,178792343404851502,,4,,1787923744619866,1787923744628172,1787923744628223,,,"delta_len=88,sent_us=1787923744598215",,,,,51
server,client_mutation,completed,1787923744629259,178792343404851502,,,,1787923744624435,1787923744628260,1787923744629259,,,http_data_plane,,,,,999
server,client_mutation,completed,1787923745125231,178792343404851502,,,,1787923745124216,1787923745124217,1787923745125231,,,http_data_plane,,,,,1014
server,peer_replication_get_delta,completed,1787923745264116,178792343404851502,178792343266886002,4,,1787923745264062,1787923745264066,1787923745264116,,,"delta_len=9,sent_us=1787923745200268",,,,,50
server,peer_replication_pull_request,sent,1787923745493579,178792343404851502,,,,,,,,,connected_peers=25,,,,,
server,peer_replication_merge_delta,completed,1787923745524720,178792343404851502,,4,,1787923745522990,1787923745524713,1787923745524720,,,"delta_len=2,sent_us=1787923745508965",,,,,7
server,client_mutation,completed,1787923745625270,178792343404851502,,,,1787923745624135,1787923745624136,1787923745625270,,,http_data_plane,,,,,1134
server,client_mutation,completed,1787923746125242,178792343404851502,,,,1787923746124147,1787923746124148,1787923746125242,,,http_data_plane,,,,,1094
server,peer_replication_get_delta,completed,1787923746321434,178792343404851502,178792343266886002,4,,1787923746321383,1787923746321387,1787923746321434,,,"delta_len=4,sent_us=1787923746200209",,,,,47
server,peer_replication_pull_request,sent,1787923746493822,178792343404851502,,,,,,,,,connected_peers=25,,,,,
server,peer_replication_merge_delta,completed,1787923746545970,178792343404851502,,4,,1787923746540479,1787923746545919,1787923746545970,,,"delta_len=75,sent_us=1787923746539647",,,,,51
server,client_mutation,completed,1787923746625239,178792343404851502,,,,1787923746624175,1787923746624176,1787923746625239,,,http_data_plane,,,,,1063
server,client_mutation,completed,1787923747125293,178792343404851502,,,,1787923747124157,1787923747124158,1787923747125293,,,http_data_plane,,,,,1135
server,peer_replication_get_delta,completed,1787923747181514,178792343404851502,178792343266890002,4,,1787923747181452,1787923747181455,1787923747181514,,,"delta_len=32,sent_us=1787923747076507",,,,,59
server,peer_replication_pull_request,sent,1787923747493277,178792343404851502,,,,,,,,,connected_peers=25,,,,,
server,peer_replication_get_delta,completed,1787923747496302,178792343404851502,178792343597985001,4,,1787923747496238,1787923747496241,1787923747496302,,,"delta_len=80,sent_us=1787923747430169",,,,,61
server,peer_replication_merge_delta,completed,1787923747623395,178792343404851502,,4,,1787923747620833,1787923747623371,1787923747623395,,,"delta_len=25,sent_us=1787923747557014",,,,,24
server,client_mutation,completed,1787923747625113,178792343404851502,,,,1787923747624094,1787923747624095,1787923747625113,,,http_data_plane,,,,,1018
server,peer_replication_get_delta,completed,1787923748049612,178792343404851502,178792343404852502,4,,1787923748049555,1787923748049558,1787923748049612,,,"delta_len=50,sent_us=1787923748001083",,,,,54
server,client_mutation,completed,1787923748125362,178792343404851502,,,,1787923748124107,1787923748124108,1787923748125362,,,http_data_plane,,,,,1254
server,membership_directory_read,completed,1787923748140054,178792343404851502,,,,,1787923748077911,1787923748140054,,,poll:108 descriptors,,,,,62143
server,peer_replication_get_delta,completed,1787923748144751,178792343404851502,178792343597984001,4,,1787923748144693,1787923748144697,1787923748144751,,,"delta_len=50,sent_us=1787923748118107",,,,,54
server,peer_replication_pull_request,sent,1787923748493332,178792343404851502,,,,,,,,,connected_peers=25,,,,,
server,client_mutation,completed,1787923748625451,178792343404851502,,,,1787923748624390,1787923748624391,1787923748625451,,,http_data_plane,,,,,1060
server,client_mutation,completed,1787923749125846,178792343404851502,,,,1787923749124167,1787923749124167,1787923749125846,,,http_data_plane,,,,,1679
server,peer_replication_get_delta,completed,1787923749309410,178792343404851502,178792343597981001,4,,1787923749309352,1787923749309355,1787923749309410,,,"delta_len=28,sent_us=1787923749283405",,,,,55
server,peer_replication_pull_request,sent,1787923749493893,178792343404851502,,,,,,,,,connected_peers=25,,,,,
server,peer_replication_merge_delta,completed,1787923749609756,178792343404851502,,4,,1787923749595620,1787923749609643,1787923749609756,,,"delta_len=179,sent_us=1787923749565957",,,,,113
server,client_mutation,completed,1787923749626366,178792343404851502,,,,1787923749624636,1787923749624636,1787923749626366,,,http_data_plane,,,,,1730
server,client_mutation,completed,1787923750126175,178792343404851502,,,,1787923750124106,1787923750124107,1787923750126175,,,http_data_plane,,,,,2068
server,peer_replication_get_delta,completed,1787923750463075,178792343404851502,178792343266887002,4,,1787923750463016,1787923750463019,1787923750463075,,,"delta_len=37,sent_us=1787923750399290",,,,,56
server,peer_replication_pull_request,sent,1787923750493400,178792343404851502,,,,,,,,,connected_peers=25,,,,,
server,peer_replication_get_delta,completed,1787923750539822,178792343404851502,178792343327017802,4,,1787923750539724,1787923750539727,1787923750539822,,,"delta_len=41,sent_us=1787923750509714",,,,,95
server,peer_replication_merge_delta,completed,1787923750559749,178792343404851502,,4,,1787923750554641,1787923750559704,1787923750559749,,,"delta_len=51,sent_us=1787923750550093",,,,,45
server,client_mutation,completed,1787923750626050,178792343404851502,,,,1787923750624149,1787923750624150,1787923750626050,,,http_data_plane,,,,,1900
server,client_mutation,completed,1787923751126293,178792343404851502,,,,1787923751124183,1787923751124183,1787923751126293,,,http_data_plane,,,,,2110
server,peer_replication_get_delta,completed,1787923751196454,178792343404851502,178792343597984001,4,,1787923751196389,1787923751196392,1787923751196454,,,"delta_len=57,sent_us=1787923751118061",,,,,62
server,peer_replication_pull_request,sent,1787923751493014,178792343404851502,,,,,,,,,connected_peers=25,,,,,
server,peer_replication_merge_delta,completed,1787923751567250,178792343404851502,,4,,1787923751563999,1787923751567237,1787923751567250,,,"delta_len=14,sent_us=1787923751550038",,,,,13
server,client_mutation,completed,1787923751626217,178792343404851502,,,,1787923751624130,1787923751624131,1787923751626217,,,http_data_plane,,,,,2086
server,client_mutation,completed,1787923752126098,178792343404851502,,,,1787923752124104,1787923752124105,1787923752126098,,,http_data_plane,,,,,1993
server,peer_replication_pull_request,sent,1787923752493063,178792343404851502,,,,,,,,,connected_peers=25,,,,,
server,peer_replication_merge_delta,completed,1787923752584153,178792343404851502,,4,,1787923752578233,1787923752584114,1787923752584153,,,"delta_len=59,sent_us=1787923752556766",,,,,39
server,client_mutation,completed,1787923752626252,178792343404851502,,,,1787923752624093,1787923752624094,1787923752626252,,,http_data_plane,,,,,2158
server,client_mutation,completed,1787923753126326,178792343404851502,,,,1787923753124170,1787923753124171,1787923753126326,,,http_data_plane,,,,,2155
server,membership_directory_read,completed,1787923753141185,178792343404851502,,,,,1787923753078272,1787923753141185,,,poll:108 descriptors,,,,,62913
server,peer_replication_get_delta,completed,1787923753282931,178792343404851502,178792343404854501,4,,1787923753282847,1787923753282851,1787923753282931,,,"delta_len=40,sent_us=1787923753282339",,,,,80
server,peer_replication_pull_request,sent,1787923753493367,178792343404851502,,,,,,,,,connected_peers=25,,,,,
server,peer_replication_get_delta,completed,1787923753516759,178792343404851502,178792343513165001,4,,1787923753516700,1787923753516702,1787923753516759,,,"delta_len=40,sent_us=1787923753502279",,,,,57
server,peer_replication_merge_delta,completed,1787923753534198,178792343404851502,,4,,1787923753528130,1787923753534145,1787923753534198,,,"delta_len=66,sent_us=1787923753519241",,,,,53
server,client_mutation,completed,1787923753626181,178792343404851502,,,,1787923753624098,1787923753624099,1787923753626181,,,http_data_plane,,,,,2082
server,client_mutation,completed,1787923754126206,178792343404851502,,,,1787923754124101,1787923754124102,1787923754126206,,,http_data_plane,,,,,2104
server,peer_replication_get_delta,completed,1787923754169533,178792343404851502,178792343513168001,4,,1787923754169464,1787923754169467,1787923754169533,,,"delta_len=77,sent_us=1787923754110604",,,,,66
server,peer_replication_get_delta,completed,1787923754264299,178792343404851502,178792343266886002,4,,1787923754264221,1787923754264224,1787923754264299,,,"delta_len=62,sent_us=1787923754200546",,,,,75
server,peer_replication_pull_request,sent,1787923754493206,178792343404851502,,,,,,,,,connected_peers=25,,,,,
server,peer_replication_get_delta,completed,1787923754496347,178792343404851502,178792343597985001,4,,1787923754496286,1787923754496289,1787923754496347,,,"delta_len=22,sent_us=1787923754430168",,,,,58
server,peer_replication_merge_delta,completed,1787923754543482,178792343404851502,,4,,1787923754540258,1787923754543467,1787923754543482,,,"delta_len=13,sent_us=1787923754539499",,,,,15
server,peer_replication_get_delta,completed,1787923754580511,178792343404851502,178792343404855501,4,,1787923754580436,1787923754580439,1787923754580511,,,"delta_len=57,sent_us=1787923754579724",,,,,72
server,client_mutation,completed,1787923754626188,178792343404851502,,,,1787923754624109,1787923754624110,1787923754626188,,,http_data_plane,,,,,2078
server,client_mutation,completed,1787923755126369,178792343404851502,,,,1787923755124162,1787923755124163,1787923755126369,,,http_data_plane,,,,,2206
server,peer_replication_pull_request,sent,1787923755493368,178792343404851502,,,,,,,,,connected_peers=25,,,,,
server,peer_replication_merge_delta,completed,1787923755535331,178792343404851502,,4,,1787923755528165,1787923755535272,1787923755535331,,,"delta_len=90,sent_us=1787923755519263",,,,,59
server,client_mutation,completed,1787923755626169,178792343404851502,,,,1787923755624084,1787923755624085,1787923755626169,,,http_data_plane,,,,,2084
server,client_mutation,completed,1787923756126235,178792343404851502,,,,1787923756124119,1787923756124120,1787923756126235,,,http_data_plane,,,,,2115
server,peer_replication_pull_request,sent,1787923756493207,178792343404851502,,,,,,,,,connected_peers=25,,,,,
server,peer_replication_merge_delta,completed,1787923756593087,178792343404851502,,4,,1787923756589047,1787923756593063,1787923756593087,,,"delta_len=26,sent_us=1787923756562933",,,,,24
server,client_mutation,completed,1787923756626201,178792343404851502,,,,1787923756624128,1787923756624128,1787923756626201,,,http_data_plane,,,,,2073
server,peer_replication_get_delta,completed,1787923756967802,178792343404851502,178792343404853501,4,,1787923756967717,1787923756967719,1787923756967802,,,"delta_len=72,sent_us=1787923756967014",,,,,83
server,client_mutation,completed,1787923757126396,178792343404851502,,,,1787923757124153,1787923757124154,1787923757126396,,,http_data_plane,,,,,2242
server,peer_replication_get_delta,completed,1787923757456287,178792343404851502,178792343597985001,4,,1787923757456232,1787923757456235,1787923757456287,,,"delta_len=8,sent_us=1787923757430260",,,,,52
server,peer_replication_pull_request,sent,1787923757493641,178792343404851502,,,,,,,,,connected_peers=25,,,,,
server,peer_replication_merge_delta,completed,1787923757499901,178792343404851502,,4,,1787923757495177,1787923757499867,1787923757499901,,,"delta_len=42,sent_us=1787923757494370",,,,,34
server,client_mutation,completed,1787923757626290,178792343404851502,,,,1787923757624152,1787923757624152,1787923757626290,,,http_data_plane,,,,,2138
server,peer_replication_get_delta,completed,1787923757809458,178792343404851502,178792343327015802,4,,1787923757809392,1787923757809395,1787923757809458,,,"delta_len=74,sent_us=1787923757779239",,,,,63
server,peer_replication_get_delta,completed,1787923757917317,178792343404851502,178792343513167001,4,,1787923757917247,1787923757917251,1787923757917317,,,"delta_len=66,sent_us=1787923757903283",,,,,66
server,client_mutation,completed,1787923758126249,178792343404851502,,,,1787923758124110,1787923758124110,1787923758126249,,,http_data_plane,,,,,2139
server,membership_directory_read,completed,1787923758143104,178792343404851502,,,,,1787923758078875,1787923758143104,,,poll:108 descriptors,,,,,64229
server,peer_replication_get_delta,completed,1787923758273406,178792343404851502,178792343513164001,4,,1787923758273345,1787923758273347,1787923758273406,,,"delta_len=72,sent_us=1787923758259309",,,,,59
server,peer_replication_pull_request,sent,1787923758492973,178792343404851502,,,,,,,,,connected_peers=25,,,,,
server,peer_replication_merge_delta,completed,1787923758570581,178792343404851502,,4,,1787923758564740,1787923758570536,1787923758570581,,,"delta_len=62,sent_us=1787923758560080",,,,,45
server,client_mutation,completed,1787923758626198,178792343404851502,,,,1787923758624090,1787923758624091,1787923758626198,,,http_data_plane,,,,,2107
server,client_mutation,completed,1787923759126545,178792343404851502,,,,1787923759124194,1787923759124194,1787923759126545,,,http_data_plane,,,,,2351
server,peer_replication_pull_request,sent,1787923759493483,178792343404851502,,,,,,,,,connected_peers=25,,,,,
server,peer_replication_merge_delta,completed,1787923759577178,178792343404851502,,4,,1787923759572066,1787923759577142,1787923759577178,,,"delta_len=54,sent_us=1787923759563075",,,,,36
server,client_mutation,completed,1787923759626108,178792343404851502,,,,1787923759624083,1787923759624084,1787923759626108,,,http_data_plane,,,,,2024
server,client_mutation,completed,1787923760126395,178792343404851502,,,,1787923760124155,1787923760124156,1787923760126395,,,http_data_plane,,,,,2239
server,peer_replication_pull_request,sent,1787923760493379,178792343404851502,,,,,,,,,connected_peers=25,,,,,
server,peer_replication_get_delta,completed,1787923760515720,178792343404851502,178792343513165001,4,,1787923760515656,1787923760515660,1787923760515720,,,"delta_len=56,sent_us=1787923760501685",,,,,60
server,peer_replication_merge_delta,completed,1787923760581709,178792343404851502,,4,,1787923760576064,1787923760581668,1787923760581709,,,"delta_len=57,sent_us=1787923760566071",,,,,41
server,client_mutation,completed,1787923760626257,178792343404851502,,,,1787923760624172,1787923760624173,1787923760626257,,,http_data_plane,,,,,2084
server,peer_replication_get_delta,completed,1787923760958753,178792343404851502,178792343513167001,4,,1787923760958689,1787923760958692,1787923760958753,,,"delta_len=75,sent_us=1787923760903980",,,,,61
server,client_mutation,completed,1787923761126257,178792343404851502,,,,1787923761124179,1787923761124180,1787923761126257,,,http_data_plane,,,,,2077
server,peer_replication_pull_request,sent,1787923761493214,178792343404851502,,,,,,,,,connected_peers=25,,,,,
server,peer_replication_merge_delta,completed,1787923761583069,178792343404851502,,4,,1787923761578361,1787923761583037,1787923761583069,,,"delta_len=41,sent_us=1787923761556863",,,,,32
server,client_mutation,completed,1787923761626268,178792343404851502,,,,1787923761624138,1787923761624139,1787923761626268,,,http_data_plane,,,,,2129
server,peer_replication_get_delta,completed,1787923761714725,178792343404851502,178792343513166001,4,,1787923761714660,1787923761714664,1787923761714725,,,"delta_len=70,sent_us=1787923761700711",,,,,61
server,client_mutation,completed,1787923762126388,178792343404851502,,,,1787923762124234,1787923762124235,1787923762126388,,,http_data_plane,,,,,2153
server,peer_replication_get_delta,completed,1787923762356360,178792343404851502,178792343597981001,4,,1787923762356288,1787923762356292,1787923762356360,,,"delta_len=131,sent_us=1787923762283751",,,,,68
server,peer_replication_pull_request,sent,1787923762493747,178792343404851502,,,,,,,,,connected_peers=25,,,,,
server,peer_replication_merge_delta,completed,1787923762498867,178792343404851502,,4,,1787923762494773,1787923762498840,1787923762498867,,,"delta_len=27,sent_us=1787923762494311",,,,,27
server,client_mutation,completed,1787923762626158,178792343404851502,,,,1787923762624003,1787923762624004,1787923762626158,,,http_data_plane,,,,,2154
server,peer_replication_get_delta,completed,1787923762722372,178792343404851502,178792343266888002,4,,1787923762722306,1787923762722309,1787923762722372,,,"delta_len=71,sent_us=1787923762601634",,,,,63
server,peer_replication_get_delta,completed,1787923762958709,178792343404851502,178792343513167001,4,,1787923762958654,1787923762958658,1787923762958709,,,"delta_len=15,sent_us=1787923762904030",,,,,51
server,peer_replication_get_delta,completed,1787923762961628,178792343404851502,178792343266889002,4,,1787923762961560,1787923762961564,1787923762961628,,,"delta_len=83,sent_us=1787923762856226",,,,,64
server,client_mutation,completed,1787923763126148,178792343404851502,,,,1787923763124129,1787923763124130,1787923763126148,,,http_data_plane,,,,,2018
server,membership_directory_read,completed,1787923763141650,178792343404851502,,,,,1787923763078029,1787923763141650,,,poll:108 descriptors,,,,,63621
server,peer_replication_pull_request,sent,1787923763493247,178792343404851502,,,,,,,,,connected_peers=25,,,,,
server,peer_replication_merge_delta,completed,1787923763533478,178792343404851502,,4,,1787923763527929,1787923763533434,1787923763533478,,,"delta_len=48,sent_us=1787923763519051",,,,,44
server,peer_replication_get_delta,completed,1787923763558732,178792343404851502,178792343513165001,4,,1787923763558667,1787923763558670,1787923763558732,,,"delta_len=115,sent_us=1787923763501961",,,,,62
server,client_mutation,completed,1787923763626195,178792343404851502,,,,1787923763624117,1787923763624117,1787923763626195,,,http_data_plane,,,,,2078
server,peer_replication_get_delta,completed,1787923763629383,178792343404851502,178792343404855501,4,,1787923763629313,1787923763629316,1787923763629383,,,"delta_len=104,sent_us=1787923763579851",,,,,67
server,client_mutation,completed,1787923764126228,178792343404851502,,,,1787923764124162,1787923764124162,1787923764126228,,,http_data_plane,,,,,2066
server,client_mutation,completed,1787923764626308,178792343404851502,,,,1787923764624159,1787923764624160,1787923764626308,,,http_data_plane,,,,,2148
server,client_mutation,completed,1787923765126296,178792343404851502,,,,1787923765124119,1787923765124120,1787923765126296,,,http_data_plane,,,,,2176
server,peer_replication_pull_request,sent,1787923765493278,178792343404851502,,,,,,,,,connected_peers=24,,,,,
server,peer_replication_merge_delta,completed,1787923765561408,178792343404851502,,4,,1787923765554474,1787923765561339,1787923765561408,,,"delta_len=84,sent_us=1787923765549956",,,,,69
server,client_mutation,completed,1787923765626216,178792343404851502,,,,1787923765624140,1787923765624140,1787923765626216,,,http_data_plane,,,,,2076
server,peer_replication_get_delta,completed,1787923765849661,178792343404851502,178792343327015802,4,,1787923765849563,1787923765849567,1787923765849661,,,"delta_len=38,sent_us=1787923765778572",,,,,94
server,client_mutation,completed,1787923766126021,178792343404851502,,,,1787923766124075,1787923766124075,1787923766126021,,,http_data_plane,,,,,1946
server,peer_replication_get_delta,completed,1787923766239089,178792343404851502,178792343327016802,4,,1787923766239030,1787923766239033,1787923766239089,,,"delta_len=23,sent_us=1787923766168281",,,,,56
server,peer_replication_pull_request,sent,1787923766493602,178792343404851502,,,,,,,,,connected_peers=24,,,,,
server,client_mutation,completed,1787923766626572,178792343404851502,,,,1787923766624178,1787923766624179,1787923766626572,,,http_data_plane,,,,,2393
server,client_mutation,completed,1787923767126351,178792343404851502,,,,1787923767124134,1787923767124135,1787923767126351,,,http_data_plane,,,,,2216
server,peer_replication_pull_request,sent,1787923767493281,178792343404851502,,,,,,,,,connected_peers=24,,,,,
server,peer_replication_merge_delta,completed,1787923767501047,178792343404851502,,4,,1787923767494365,1787923767501001,1787923767501047,,,"delta_len=76,sent_us=1787923767493838",,,,,46
server,client_mutation,completed,1787923767626284,178792343404851502,,,,1787923767624134,1787923767624135,1787923767626284,,,http_data_plane,,,,,2149
server,client_mutation,completed,1787923768126467,178792343404851502,,,,1787923768124120,1787923768124121,1787923768126467,,,http_data_plane,,,,,2346
server,membership_directory_read,completed,1787923768144686,178792343404851502,,,,,1787923768078308,1787923768144686,,,poll:108 descriptors,,,,,66378
server,peer_replication_pull_request,sent,1787923768493263,178792343404851502,,,,,,,,,connected_peers=24,,,,,
server,peer_replication_merge_delta,completed,1787923768502632,178792343404851502,,4,,1787923768494389,1787923768502556,1787923768502632,,,"delta_len=100,sent_us=1787923768493812",,,,,76
server,client_mutation,completed,1787923768626297,178792343404851502,,,,1787923768624110,1787923768624111,1787923768626297,,,http_data_plane,,,,,2186
server,peer_replication_get_delta,completed,1787923768958685,178792343404851502,178792343513167001,4,,1787923768958624,1787923768958627,1787923768958685,,,"delta_len=60,sent_us=1787923768903626",,,,,58
server,client_mutation,completed,1787923769126418,178792343404851502,,,,1787923769124274,1787923769124274,1787923769126418,,,http_data_plane,,,,,2144
server,peer_replication_get_delta,completed,1787923769558748,178792343404851502,178792343513165001,4,,1787923769558679,1787923769558683,1787923769558748,,,"delta_len=43,sent_us=1787923769502291",,,,,65
server,client_mutation,completed,1787923769626369,178792343404851502,,,,1787923769624143,1787923769624144,1787923769626369,,,http_data_plane,,,,,2225
server,client_mutation,completed,1787923770126353,178792343404851502,,,,1787923770124125,1787923770124125,1787923770126353,,,http_data_plane,,,,,2228
server,peer_replication_get_delta,completed,1787923770318707,178792343404851502,178792343513164001,4,,1787923770318647,1787923770318650,1787923770318707,,,"delta_len=42,sent_us=1787923770258710",,,,,57
server,peer_replication_pull_request,sent,1787923770493093,178792343404851502,,,,,,,,,connected_peers=23,,,,,
server,client_mutation,completed,1787923770626270,178792343404851502,,,,1787923770624093,1787923770624094,1787923770626270,,,http_data_plane,,,,,2176
server,client_mutation,completed,1787923771126380,178792343404851502,,,,1787923771124150,1787923771124150,1787923771126380,,,http_data_plane,,,,,2230
server,peer_replication_pull_request,sent,1787923771493399,178792343404851502,,,,,,,,,connected_peers=23,,,,,
server,peer_replication_merge_delta,completed,1787923771562678,178792343404851502,,4,,1787923771554604,1787923771562583,1787923771562678,,,"delta_len=105,sent_us=1787923771550039",,,,,95
server,peer_replication_get_delta,completed,1787923771589200,178792343404851502,178792343327017802,4,,1787923771589138,1787923771589141,1787923771589200,,,"delta_len=51,sent_us=1787923771509920",,,,,59
server,client_mutation,completed,1787923771626226,178792343404851502,,,,1787923771624093,1787923771624094,1787923771626226,,,http_data_plane,,,,,2132
server,client_mutation,completed,1787923772126267,178792343404851502,,,,1787923772124107,1787923772124107,1787923772126267,,,http_data_plane,,,,,2160
server,peer_replication_pull_request,sent,1787923772493212,178792343404851502,,,,,,,,,connected_peers=23,,,,,
server,peer_replication_merge_delta,completed,1787923772625293,178792343404851502,,4,,1787923772619606,1787923772625256,1787923772625293,,,"delta_len=57,sent_us=1787923772598145",,,,,37
server,client_mutation,completed,1787923772627459,178792343404851502,,,,1787923772624081,1787923772625332,1787923772627459,,,http_data_plane,,,,,2127
server,client_mutation,completed,1787923773126238,178792343404851502,,,,1787923773124150,1787923773124151,1787923773126238,,,http_data_plane,,,,,2087
server,membership_directory_read,completed,1787923773145756,178792343404851502,,,,,1787923773078569,1787923773145756,,,poll:108 descriptors,,,,,67187
server,peer_replication_pull_request,sent,1787923773493429,178792343404851502,,,,,,,,,connected_peers=23,,,,,
server,peer_replication_merge_delta,completed,1787923773539115,178792343404851502,,4,,1787923773533671,1787923773539071,1787923773539115,,,"delta_len=53,sent_us=1787923773523399",,,,,44
server,client_mutation,completed,1787923773626711,178792343404851502,,,,1787923773624457,1787923773624458,1787923773626711,,,http_data_plane,,,,,2253
server,client_mutation,completed,1787923774126267,178792343404851502,,,,1787923774124158,1787923774124159,1787923774126267,,,http_data_plane,,,,,2108
server,peer_replication_pull_request,sent,1787923774493225,178792343404851502,,,,,,,,,connected_peers=23,,,,,
server,peer_replication_merge_delta,completed,1787923774581956,178792343404851502,,4,,1787923774575927,1787923774581896,1787923774581956,,,"delta_len=63,sent_us=1787923774565958",,,,,60
server,client_mutation,completed,1787923774626284,178792343404851502,,,,1787923774624111,1787923774624112,1787923774626284,,,http_data_plane,,,,,2172
server,client_mutation,completed,1787923775126371,178792343404851502,,,,1787923775124216,1787923775124217,1787923775126371,,,http_data_plane,,,,,2154
server,peer_replication_pull_request,sent,1787923775493342,178792343404851502,,,,,,,,,connected_peers=23,,,,,
server,peer_replication_merge_delta,completed,1787923775561057,178792343404851502,,4,,1787923775554627,1787923775561012,1787923775561057,,,"delta_len=69,sent_us=1787923775549982",,,,,45
server,client_mutation,completed,1787923775626307,178792343404851502,,,,1787923775624129,1787923775624130,1787923775626307,,,http_data_plane,,,,,2177
server,peer_replication_get_delta,completed,1787923775841726,178792343404851502,178792343597983001,4,,1787923775841653,1787923775841657,1787923775841726,,,"delta_len=112,sent_us=1787923775815594",,,,,69
server,client_mutation,completed,1787923776126315,178792343404851502,,,,1787923776124142,1787923776124142,1787923776126315,,,http_data_plane,,,,,2173
server,peer_replication_pull_request,sent,1787923776493332,178792343404851502,,,,,,,,,connected_peers=23,,,,,
server,peer_replication_merge_delta,completed,1787923776557478,178792343404851502,,4,,1787923776553486,1787923776557437,1787923776557478,,,"delta_len=31,sent_us=1787923776523328",,,,,41
server,client_mutation,completed,1787923776626245,178792343404851502,,,,1787923776624118,1787923776624118,1787923776626245,,,http_data_plane,,,,,2127
server,peer_replication_get_delta,completed,1787923776958722,178792343404851502,178792343513167001,4,,1787923776958660,1787923776958664,1787923776958722,,,"delta_len=64,sent_us=1787923776903557",,,,,58
server,client_mutation,completed,1787923777126216,178792343404851502,,,,1787923777124128,1787923777124129,1787923777126216,,,http_data_plane,,,,,2087
server,peer_replication_pull_request,sent,1787923777493207,178792343404851502,,,,,,,,,connected_peers=23,,,,,
server,peer_replication_merge_delta,completed,1787923777625006,178792343404851502,,4,,1787923777619992,1787923777624971,1787923777625006,,,"delta_len=51,sent_us=1787923777598366",,,,,35
server,client_mutation,completed,1787923777627136,178792343404851502,,,,1787923777624165,1787923777625047,1787923777627136,,,http_data_plane,,,,,2089
server,client_mutation,completed,1787923778126229,178792343404851502,,,,1787923778124110,1787923778124111,1787923778126229,,,http_data_plane,,,,,2118
server,membership_directory_read,completed,1787923778144915,178792343404851502,,,,,1787923778078200,1787923778144915,,,poll:108 descriptors,,,,,66715
server,peer_replication_pull_request,sent,1787923778493533,178792343404851502,,,,,,,,,connected_peers=23,,,,,
server,peer_replication_merge_delta,completed,1787923778582145,178792343404851502,,4,,1787923778576397,1787923778582100,1787923778582145,,,"delta_len=54,sent_us=1787923778566192",,,,,45
server,client_mutation,completed,1787923778626174,178792343404851502,,,,1787923778624109,1787923778624109,1787923778626174,,,http_data_plane,,,,,2065
server,client_mutation,completed,1787923779126390,178792343404851502,,,,1787923779124164,1787923779124164,1787923779126390,,,http_data_plane,,,,,2226
server,peer_replication_get_delta,completed,1787923779168714,178792343404851502,178792343513168001,4,,1787923779168653,1787923779168656,1787923779168714,,,"delta_len=68,sent_us=1787923779110872",,,,,58
server,peer_replication_pull_request,sent,1787923779493304,178792343404851502,,,,,,,,,connected_peers=23,,,,,
server,peer_replication_merge_delta,completed,1787923779559484,178792343404851502,,4,,1787923779554498,1787923779559454,1787923779559484,,,"delta_len=40,sent_us=1787923779549966",,,,,30
server,peer_replication_get_delta,completed,1787923779580473,178792343404851502,178792343404855501,4,,1787923779580412,1787923779580415,1787923779580473,,,"delta_len=67,sent_us=1787923779579912",,,,,58
server,client_mutation,completed,1787923779626212,178792343404851502,,,,1787923779624139,1787923779624140,1787923779626212,,,http_data_plane,,,,,2072
server,client_mutation,completed,1787923780126330,178792343404851502,,,,1787923780124182,1787923780124183,1787923780126330,,,http_data_plane,,,,,2147
server,peer_replication_pull_request,sent,1787923780493339,178792343404851502,,,,,,,,,connected_peers=23,,,,,
server,peer_replication_merge_delta,completed,1787923780544742,178792343404851502,,4,,1787923780539973,1787923780544715,1787923780544742,,,"delta_len=42,sent_us=1787923780539397",,,,,27
server,client_mutation,completed,1787923780626141,178792343404851502,,,,1787923780624115,1787923780624116,1787923780626141,,,http_data_plane,,,,,2025
server,client_mutation,completed,1787923781126218,178792343404851502,,,,1787923781124166,1787923781124166,1787923781126218,,,http_data_plane,,,,,2052
server,peer_replication_pull_request,sent,1787923781493297,178792343404851502,,,,,,,,,connected_peers=23,,,,,
server,peer_replication_merge_delta,completed,1787923781517996,178792343404851502,,4,,1787923781513024,1787923781517953,1787923781517996,,,"delta_len=48,sent_us=1787923781508564",,,,,43
server,client_mutation,completed,1787923781626231,178792343404851502,,,,1787923781624072,1787923781624072,1787923781626231,,,http_data_plane,,,,,2159
server,client_mutation,completed,1787923782126179,178792343404851502,,,,1787923782124105,1787923782124105,1787923782126179,,,http_data_plane,,,,,2074
server,peer_replication_pull_request,sent,1787923782493217,178792343404851502,,,,,,,,,connected_peers=23,,,,,
server,peer_replication_merge_delta,completed,1787923782625245,178792343404851502,,4,,1787923782619931,1787923782625202,1787923782625245,,,"delta_len=54,sent_us=1787923782598187",,,,,43
server,client_mutation,completed,1787923782627354,178792343404851502,,,,1787923782624080,1787923782625284,1787923782627354,,,http_data_plane,,,,,2070
server,peer_replication_get_delta,completed,1787923782869234,178792343404851502,178792343327015802,4,,1787923782869168,1787923782869171,1787923782869234,,,"delta_len=84,sent_us=1787923782779301",,,,,63
server,client_mutation,completed,1787923783126236,178792343404851502,,,,1787923783124070,1787923783124070,1787923783126236,,,http_data_plane,,,,,2166
server,membership_directory_read,completed,1787923783141327,178792343404851502,,,,,1787923783078697,1787923783141327,,,poll:108 descriptors,,,,,62630
server,peer_replication_get_delta,completed,1787923783186420,178792343404851502,178792343597984001,4,,1787923783186358,1787923783186361,1787923783186420,,,"delta_len=49,sent_us=1787923783118528",,,,,59
server,peer_replication_pull_request,sent,1787923783493507,178792343404851502,,,,,,,,,connected_peers=23,,,,,
server,peer_replication_get_delta,completed,1787923783511561,178792343404851502,178792343266887002,4,,1787923783511497,1787923783511500,1787923783511561,,,"delta_len=51,sent_us=1787923783398855",,,,,61
server,peer_replication_merge_delta,completed,1787923783582571,178792343404851502,,4,,1787923783575960,1787923783582515,1787923783582571,,,"delta_len=74,sent_us=1787923783565982",,,,,56
server,client_mutation,completed,1787923783626272,178792343404851502,,,,1787923783624144,1787923783624145,1787923783626272,,,http_data_plane,,,,,2127
server,client_mutation,completed,1787923784126280,178792343404851502,,,,1787923784124207,1787923784124208,1787923784126280,,,http_data_plane,,,,,2072
server,peer_replication_get_delta,completed,1787923784168794,178792343404851502,178792343513168001,4,,1787923784168724,1787923784168727,1787923784168794,,,"delta_len=60,sent_us=1787923784110981",,,,,67
server,peer_replication_get_delta,completed,1787923784186394,178792343404851502,178792343597984001,4,,1787923784186333,1787923784186336,1787923784186394,,,"delta_len=55,sent_us=1787923784118059",,,,,58
server,peer_replication_pull_request,sent,1787923784492985,178792343404851502,,,,,,,,,connected_peers=23,,,,,
server,peer_replication_merge_delta,completed,1787923784599615,178792343404851502,,4,,1787923784596185,1787923784599598,1787923784599615,,,"delta_len=18,sent_us=1787923784566161",,,,,17
server,client_mutation,completed,1787923784626252,178792343404851502,,,,1787923784624145,1787923784624146,1787923784626252,,,http_data_plane,,,,,2106
server,peer_replication_get_delta,completed,1787923784886390,178792343404851502,178792343597983001,4,,1787923784886328,1787923784886331,1787923784886390,,,"delta_len=79,sent_us=1787923784815516",,,,,59
server,client_mutation,completed,1787923785126962,178792343404851502,,,,1787923785124634,1787923785124635,1787923785126962,,,http_data_plane,,,,,2327
server,peer_replication_pull_request,sent,1787923785493119,178792343404851502,,,,,,,,,connected_peers=23,,,,,
server,peer_replication_get_delta,completed,1787923785511528,178792343404851502,178792343266887002,4,,1787923785511467,1787923785511470,1787923785511528,,,"delta_len=55,sent_us=1787923785398421",,,,,58
server,peer_replication_merge_delta,completed,1787923785525732,178792343404851502,,4,,1787923785521983,1787923785525709,1787923785525732,,,"delta_len=22,sent_us=1787923785508113",,,,,23
server,client_mutation,completed,1787923785626291,178792343404851502,,,,1787923785624120,1787923785624121,1787923785626291,,,http_data_plane,,,,,2170
server,client_mutation,completed,1787923786126331,178792343404851502,,,,1787923786124147,1787923786124148,1787923786126331,,,http_data_plane,,,,,2183
server,peer_replication_pull_request,sent,1787923786493268,178792343404851502,,,,,,,,,connected_peers=23,,,,,
server,peer_replication_merge_delta,completed,1787923786556365,178792343404851502,,4,,1787923786550206,1787923786556324,1787923786556365,,,"delta_len=65,sent_us=1787923786549541",,,,,41
server,client_mutation,completed,1787923786626451,178792343404851502,,,,1787923786624154,1787923786624155,1787923786626451,,,http_data_plane,,,,,2296
server,peer_replication_get_delta,completed,1787923786967733,178792343404851502,178792343404853501,4,,1787923786967665,1787923786967668,1787923786967733,,,"delta_len=73,sent_us=1787923786967154",,,,,65
server,client_mutation,completed,1787923787126436,178792343404851502,,,,1787923787124168,1787923787124169,1787923787126436,,,http_data_plane,,,,,2267
server,peer_replication_pull_request,sent,1787923787493457,178792343404851502,,,,,,,,,connected_peers=23,,,,,
server,peer_replication_merge_delta,completed,1787923787534346,178792343404851502,,4,,1787923787528210,1787923787534293,1787923787534346,,,"delta_len=71,sent_us=1787923787519324",,,,,53
server,client_mutation,completed,1787923787626244,178792343404851502,,,,1787923787624094,1787923787624095,1787923787626244,,,http_data_plane,,,,,2149
server,client_mutation,completed,1787923788126304,178792343404851502,,,,1787923788124192,1787923788124193,1787923788126304,,,http_data_plane,,,,,2111
server,membership_directory_read,completed,1787923788141527,178792343404851502,,,,,1787923788078287,1787923788141527,,,poll:108 descriptors,,,,,63240
server,peer_replication_get_delta,completed,1787923788186366,178792343404851502,178792343597984001,4,,1787923788186304,1787923788186307,1787923788186366,,,"delta_len=34,sent_us=1787923788118255",,,,,59
server,peer_replication_pull_request,sent,1787923788493644,178792343404851502,,,,,,,,,connected_peers=23,,,,,
server,peer_replication_merge_delta,completed,1787923788631579,178792343404851502,,4,,1787923788625629,1787923788631521,1787923788631579,,,"delta_len=61,sent_us=1787923788604093",,,,,58
server,client_mutation,completed,1787923788826459,178792343404851502,,,,1787923788824117,1787923788824118,1787923788826459,,,http_data_plane,,,,,2341
server,gc_init,start,1787923788865098,178792343404851502,,5,,,,,,,previous_gc_marker=4,,,,,
server,gc_membership_descriptor_write,completed,1787923788931202,178792343404851502,,5,,,,,,,"178792343404851502,52.17.146.22:19080,5",,,,,
server,membership_directory_read,completed,1787923788993499,178792343404851502,,5,,,1787923788931236,1787923788993499,,,gc_validation:112 descriptors,,,,,62263
server,gc_init,aborted,1787923789059182,178792343404851502,,5,,,,,,,membership_changed,,,,,
server,membership_directory_read,completed,1787923789264336,178792343404851502,,5,,,1787923789059236,1787923789264336,,,gc_abort_refresh:110 descriptors,,,,,205100
server,client_mutation,completed,1787923789026052,178792343404851502,,,,1787923789024091,1787923789024092,1787923789026052,,,http_data_plane,,,,,1960
server,client_mutation,completed,1787923789426181,178792343404851502,,,,1787923789424143,1787923789424144,1787923789426181,,,http_data_plane,,,,,2037
server,peer_replication_pull_request,sent,1787923789493877,178792343404851502,,,,,,,,,connected_peers=23,,,,,
server,client_mutation,completed,1787923789626309,178792343404851502,,,,1787923789624104,1787923789624105,1787923789626309,,,http_data_plane,,,,,2204
server,client_mutation,completed,1787923789826186,178792343404851502,,,,1787923789824156,1787923789824157,1787923789826186,,,http_data_plane,,,,,2029
server,client_mutation,completed,1787923790026170,178792343404851502,,,,1787923790024124,1787923790024124,1787923790026170,,,http_data_plane,,,,,2046
server,client_mutation,completed,1787923790226351,178792343404851502,,,,1787923790224164,1787923790224165,1787923790226351,,,http_data_plane,,,,,2186
server,client_mutation,completed,1787923790426365,178792343404851502,,,,1787923790424187,1787923790424188,1787923790426365,,,http_data_plane,,,,,2177
server,peer_replication_pull_request,sent,1787923790493064,178792343404851502,,,,,,,,,connected_peers=23,,,,,
server,client_mutation,completed,1787923790626490,178792343404851502,,,,1787923790624197,1787923790624198,1787923790626490,,,http_data_plane,,,,,2292
server,client_mutation,completed,1787923790826227,178792343404851502,,,,1787923790824117,1787923790824118,1787923790826227,,,http_data_plane,,,,,2109
server,client_mutation,completed,1787923791026265,178792343404851502,,,,1787923791024154,1787923791024155,1787923791026265,,,http_data_plane,,,,,2110
server,client_mutation,completed,1787923791226652,178792343404851502,,,,1787923791224219,1787923791224220,1787923791226652,,,http_data_plane,,,,,2432
server,client_mutation,completed,1787923791426237,178792343404851502,,,,1787923791424121,1787923791424121,1787923791426237,,,http_data_plane,,,,,2116
server,peer_replication_pull_request,sent,1787923791492992,178792343404851502,,,,,,,,,connected_peers=23,,,,,
server,peer_replication_merge_delta,completed,1787923791582632,178792343404851502,,4,,1787923791576428,1787923791582585,1787923791582632,,,"delta_len=69,sent_us=1787923791566179",,,,,47
server,client_mutation,completed,1787923791626275,178792343404851502,,,,1787923791624138,1787923791624139,1787923791626275,,,http_data_plane,,,,,2136
server,client_mutation,completed,1787923791826391,178792343404851502,,,,1787923791824189,1787923791824190,1787923791826391,,,http_data_plane,,,,,2201
server,client_mutation,completed,1787923792026424,178792343404851502,,,,1787923792024139,1787923792024140,1787923792026424,,,http_data_plane,,,,,2284
server,client_mutation,completed,1787923792226330,178792343404851502,,,,1787923792224114,1787923792224115,1787923792226330,,,http_data_plane,,,,,2215
server,client_mutation,completed,1787923792426393,178792343404851502,,,,1787923792424256,1787923792424257,1787923792426393,,,http_data_plane,,,,,2136
server,peer_replication_pull_request,sent,1787923792493092,178792343404851502,,,,,,,,,connected_peers=23,,,,,
server,gc_observed,start,1787923792620089,178792343404851502,,5,,,,,,,,,,,,
server,gc_membership_descriptor_write,completed,1787923792781425,178792343404851502,,5,,,,,,,"178792343404851502,52.17.146.22:19080,5",,,,,
server,gc_observed,completed,1787923792781456,178792343404851502,,5,,,,,,,,,,,,
server,peer_replication_merge_delta,completed,1787923792789194,178792343404851502,,5,,1787923792620088,1787923792789111,1787923792789194,,,"delta_len=86,sent_us=1787923792598455",,,,,83
server,client_mutation,completed,1787923792626423,178792343404851502,,,,1787923792624256,1787923792624257,1787923792626423,,,http_data_plane,,,,,2166
server,client_mutation,completed,1787923792826412,178792343404851502,,,,1787923792824114,1787923792824115,1787923792826412,,,http_data_plane,,,,,2297
server,client_mutation,completed,1787923793026296,178792343404851502,,,,1787923793024091,1787923793024092,1787923793026296,,,http_data_plane,,,,,2204
server,membership_directory_read,completed,1787923793181880,178792343404851502,,,,,1787923793077999,1787923793181880,,,poll:120 descriptors,,,,,103881
server,peer_replication_pull_request,sent,1787923793827638,178792343404851502,,,,,,,,,connected_peers=20,,,,,
server,client_mutation,completed,1787923793226577,178792343404851502,,,,1787923793224060,1787923793224061,1787923793226577,,,http_data_plane,,,,,2516
server,client_mutation,completed,1787923793426619,178792343404851502,,,,1787923793424217,1787923793424218,1787923793426619,,,http_data_plane,,,,,2401
server,client_mutation,completed,1787923793626608,178792343404851502,,,,1787923793624071,1787923793624071,1787923793626608,,,http_data_plane,,,,,2537
server,client_mutation,completed,1787923793829671,178792343404851502,,,,1787923793827493,1787923793827494,1787923793829671,,,http_data_plane,,,,,2177
server,peer_replication_get_delta,completed,1787923794018711,178792343404851502,178792343513167001,5,,1787923794018643,1787923794018646,1787923794018711,,,"delta_len=63,sent_us=1787923793961448",,,,,65
server,client_mutation,completed,1787923794026575,178792343404851502,,,,1787923794024141,1787923794024142,1787923794026575,,,http_data_plane,,,,,2433
server,client_mutation,completed,1787923794226333,178792343404851502,,,,1787923794224118,1787923794224118,1787923794226333,,,http_data_plane,,,,,2215
server,client_mutation,completed,1787923794426406,178792343404851502,,,,1787923794424132,1787923794424133,1787923794426406,,,http_data_plane,,,,,2273
server,peer_replication_pull_request,sent,1787923794493108,178792343404851502,,,,,,,,,connected_peers=20,,,,,
server,peer_replication_merge_delta,completed,1787923794579319,178792343404851502,,5,,1787923794571981,1787923794579244,1787923794579319,,,"delta_len=88,sent_us=1787923794563008",,,,,75
server,client_mutation,completed,1787923794626419,178792343404851502,,,,1787923794624143,1787923794624144,1787923794626419,,,http_data_plane,,,,,2275
server,client_mutation,completed,1787923794826325,178792343404851502,,,,1787923794824205,1787923794824206,1787923794826325,,,http_data_plane,,,,,2119
server,client_mutation,completed,1787923795026330,178792343404851502,,,,1787923795024119,1787923795024120,1787923795026330,,,http_data_plane,,,,,2210
server,client_mutation,completed,1787923795226337,178792343404851502,,,,1787923795224150,1787923795224151,1787923795226337,,,http_data_plane,,,,,2186
server,client_mutation,completed,1787923795426243,178792343404851502,,,,1787923795424110,1787923795424111,1787923795426243,,,http_data_plane,,,,,2132
server,peer_replication_pull_request,sent,1787923795492979,178792343404851502,,,,,,,,,connected_peers=20,,,,,
server,peer_replication_merge_delta,completed,1787923795518765,178792343404851502,,5,,1787923795513034,1787923795518709,1787923795518765,,,"delta_len=60,sent_us=1787923795508056",,,,,56
server,client_mutation,completed,1787923795626298,178792343404851502,,,,1787923795624124,1787923795624124,1787923795626298,,,http_data_plane,,,,,2174
server,client_mutation,completed,1787923795826244,178792343404851502,,,,1787923795824211,1787923795824212,1787923795826244,,,http_data_plane,,,,,2032
server,peer_replication_get_delta,completed,1787923795958748,178792343404851502,178792343513167001,5,,1787923795958671,1787923795958676,1787923795958748,,,"delta_len=90,sent_us=1787923795904287",,,,,72
server,client_mutation,completed,1787923796026235,178792343404851502,,,,1787923796024124,1787923796024125,1787923796026235,,,http_data_plane,,,,,2110
server,peer_replication_get_delta,completed,1787923796186380,178792343404851502,178792343597984001,5,,1787923796186314,1787923796186317,1787923796186380,,,"delta_len=68,sent_us=1787923796118670",,,,,63
server,client_mutation,completed,1787923796226341,178792343404851502,,,,1787923796224105,1787923796224106,1787923796226341,,,http_data_plane,,,,,2235
server,peer_replication_get_delta,completed,1787923796311500,178792343404851502,178792343266886002,5,,1787923796311428,1787923796311431,1787923796311500,,,"delta_len=111,sent_us=1787923796200266",,,,,69
server,client_mutation,completed,1787923796426376,178792343404851502,,,,1787923796424147,1787923796424148,1787923796426376,,,http_data_plane,,,,,2228
server,peer_replication_pull_request,sent,1787923796493069,178792343404851502,,,,,,,,,connected_peers=20,,,,,
server,peer_replication_merge_delta,completed,1787923796558868,178792343404851502,,5,,1787923796554498,1787923796558842,1787923796558868,,,"delta_len=35,sent_us=1787923796550015",,,,,26
server,client_mutation,completed,1787923796626299,178792343404851502,,,,1787923796624180,1787923796624181,1787923796626299,,,http_data_plane,,,,,2118
server,client_mutation,completed,1787923796826232,178792343404851502,,,,1787923796824164,1787923796824165,1787923796826232,,,http_data_plane,,,,,2067
server,client_mutation,completed,1787923797026301,178792343404851502,,,,1787923797024142,1787923797024143,1787923797026301,,,http_data_plane,,,,,2158
server,client_mutation,completed,1787923797226370,178792343404851502,,,,1787923797224150,1787923797224151,1787923797226370,,,http_data_plane,,,,,2219
server,client_mutation,completed,1787923797426287,178792343404851502,,,,1787923797424177,1787923797424178,1787923797426287,,,http_data_plane,,,,,2109
server,peer_replication_pull_request,sent,1787923797493007,178792343404851502,,,,,,,,,connected_peers=20,,,,,
server,client_mutation,completed,1787923797626329,178792343404851502,,,,1787923797624146,1787923797624147,1787923797626329,,,http_data_plane,,,,,2182
server,client_mutation,completed,1787923797826189,178792343404851502,,,,1787923797824138,1787923797824139,1787923797826189,,,http_data_plane,,,,,2050
server,peer_replication_get_delta,completed,1787923797917767,178792343404851502,178792343513167001,5,,1787923797917690,1787923797917694,1787923797917767,,,"delta_len=10,sent_us=1787923797903233",,,,,73
server,client_mutation,completed,1787923798026305,178792343404851502,,,,1787923798024124,1787923798024125,1787923798026305,,,http_data_plane,,,,,2180
server,membership_directory_read,completed,1787923798141631,178792343404851502,,,,,1787923798078032,1787923798141631,,,poll:128 descriptors,,,,,63599
server,client_mutation,completed,1787923798226348,178792343404851502,,,,1787923798224170,1787923798224171,1787923798226348,,,http_data_plane,,,,,2177
server,client_mutation,completed,1787923798426220,178792343404851502,,,,1787923798424112,1787923798424113,1787923798426220,,,http_data_plane,,,,,2107
server,peer_replication_pull_request,sent,1787923798492949,178792343404851502,,,,,,,,,connected_peers=20,,,,,
server,peer_replication_merge_delta,completed,1787923798626345,178792343404851502,,5,,1787923798619647,1787923798626268,1787923798626345,,,"delta_len=72,sent_us=1787923798598148",,,,,77
server,client_mutation,completed,1787923798628459,178792343404851502,,,,1787923798624246,1787923798626394,1787923798628459,,,http_data_plane,,,,,2065
server,client_mutation,completed,1787923798826289,178792343404851502,,,,1787923798824152,1787923798824153,1787923798826289,,,http_data_plane,,,,,2136
server,client_mutation,completed,1787923799026209,178792343404851502,,,,1787923799024154,1787923799024155,1787923799026209,,,http_data_plane,,,,,2054
server,client_mutation,completed,1787923799226364,178792343404851502,,,,1787923799224168,1787923799224169,1787923799226364,,,http_data_plane,,,,,2195
server,client_mutation,completed,1787923799426347,178792343404851502,,,,1787923799424212,1787923799424212,1787923799426347,,,http_data_plane,,,,,2135
server,peer_replication_pull_request,sent,1787923799493054,178792343404851502,,,,,,,,,connected_peers=20,,,,,
server,peer_replication_merge_delta,completed,1787923799576931,178792343404851502,,5,,1787923799571979,1787923799576901,1787923799576931,,,"delta_len=42,sent_us=1787923799563026",,,,,30
server,client_mutation,completed,1787923799626418,178792343404851502,,,,1787923799624131,1787923799624132,1787923799626418,,,http_data_plane,,,,,2286
server,client_mutation,completed,1787923799826475,178792343404851502,,,,1787923799824298,1787923799824298,1787923799826475,,,http_data_plane,,,,,2177
server,client_mutation,completed,1787923800035319,178792343404851502,,,,1787923800031695,1787923800031696,1787923800035319,,,http_data_plane,,,,,3623
server,client_mutation,completed,1787923800227351,178792343404851502,,,,1787923800224645,1787923800224645,1787923800227351,,,http_data_plane,,,,,2706
server,client_mutation,completed,1787923800426449,178792343404851502,,,,1787923800424248,1787923800424249,1787923800426449,,,http_data_plane,,,,,2200
server,peer_replication_pull_request,sent,1787923800493416,178792343404851502,,,,,,,,,connected_peers=20,,,,,
server,peer_replication_get_delta,completed,1787923800539401,178792343404851502,178792343327017802,5,,1787923800539340,1787923800539343,1787923800539401,,,"delta_len=25,sent_us=1787923800509300",,,,,58
server,peer_replication_merge_delta,completed,1787923800626213,178792343404851502,,5,,1787923800620496,1787923800626175,1787923800626213,,,"delta_len=56,sent_us=1787923800598955",,,,,38
server,client_mutation,completed,1787923800628132,178792343404851502,,,,1787923800624268,1787923800626262,1787923800628132,,,http_data_plane,,,,,1870
server,client_mutation,completed,1787923800826337,178792343404851502,,,,1787923800824221,1787923800824221,1787923800826337,,,http_data_plane,,,,,2116
server,client_mutation,completed,1787923801026932,178792343404851502,,,,1787923801024677,1787923801024677,1787923801026932,,,http_data_plane,,,,,2255
server,client_mutation,completed,1787923801227334,178792343404851502,,,,1787923801225265,1787923801225267,1787923801227334,,,http_data_plane,,,,,2067
server,client_mutation,completed,1787923801426601,178792343404851502,,,,1787923801424159,1787923801424160,1787923801426601,,,http_data_plane,,,,,2441
server,peer_replication_pull_request,sent,1787923801493337,178792343404851502,,,,,,,,,connected_peers=20,,,,,
server,peer_replication_merge_delta,completed,1787923801520684,178792343404851502,,5,,1787923801514773,1787923801520633,1787923801520684,,,"delta_len=54,sent_us=1787923801509372",,,,,51
server,client_mutation,completed,1787923801627028,178792343404851502,,,,1787923801624132,1787923801624133,1787923801627028,,,http_data_plane,,,,,2895
server,client_mutation,completed,1787923801826739,178792343404851502,,,,1787923801824375,1787923801824376,1787923801826739,,,http_data_plane,,,,,2363
server,client_mutation,completed,1787923802026559,178792343404851502,,,,1787923802024153,1787923802024154,1787923802026559,,,http_data_plane,,,,,2405
server,client_mutation,completed,1787923802226796,178792343404851502,,,,1787923802224465,1787923802224466,1787923802226796,,,http_data_plane,,,,,2330
server,client_mutation,completed,1787923802426525,178792343404851502,,,,1787923802424142,1787923802424143,1787923802426525,,,http_data_plane,,,,,2382
server,peer_replication_pull_request,sent,1787923802493225,178792343404851502,,,,,,,,,connected_peers=20,,,,,
server,peer_replication_merge_delta,completed,1787923802557277,178792343404851502,,5,,1787923802553265,1787923802557258,1787923802557277,,,"delta_len=23,sent_us=1787923802523243",,,,,19
server,client_mutation,completed,1787923802626287,178792343404851502,,,,1787923802624109,1787923802624110,1787923802626287,,,http_data_plane,,,,,2177
server,client_mutation,completed,1787923802826375,178792343404851502,,,,1787923802824206,1787923802824207,1787923802826375,,,http_data_plane,,,,,2168
server,client_mutation,completed,1787923803026358,178792343404851502,,,,1787923803024148,1787923803024149,1787923803026358,,,http_data_plane,,,,,2209
server,membership_directory_read,completed,1787923803148173,178792343404851502,,,,,1787923803078158,1787923803148173,,,poll:128 descriptors,,,,,70015
server,client_mutation,completed,1787923803226491,178792343404851502,,,,1787923803224211,1787923803224212,1787923803226491,,,http_data_plane,,,,,2279
server,client_mutation,completed,1787923803426414,178792343404851502,,,,1787923803424146,1787923803424146,1787923803426414,,,http_data_plane,,,,,2268
server,peer_replication_pull_request,sent,1787923803493398,178792343404851502,,,,,,,,,connected_peers=20,,,,,
server,client_mutation,completed,1787923803626352,178792343404851502,,,,1787923803624160,1787923803624161,1787923803626352,,,http_data_plane,,,,,2191
server,peer_replication_merge_delta,completed,1787923803635548,178792343404851502,,5,,1787923803629956,1787923803635507,1787923803635548,,,"delta_len=55,sent_us=1787923803608268",,,,,41
server,client_mutation,completed,1787923803826805,178792343404851502,,,,1787923803824524,1787923803824525,1787923803826805,,,http_data_plane,,,,,2280
server,client_mutation,completed,1787923804026777,178792343404851502,,,,1787923804024252,1787923804024253,1787923804026777,,,http_data_plane,,,,,2524
server,client_mutation,completed,1787923804226452,178792343404851502,,,,1787923804224234,1787923804224235,1787923804226452,,,http_data_plane,,,,,2217
server,client_mutation,completed,1787923804427013,178792343404851502,,,,1787923804424399,1787923804424401,1787923804427013,,,http_data_plane,,,,,2612
server,peer_replication_pull_request,sent,1787923804494092,178792343404851502,,,,,,,,,connected_peers=20,,,,,
server,client_mutation,completed,1787923804626304,178792343404851502,,,,1787923804624171,1787923804624172,1787923804626304,,,http_data_plane,,,,,2132
server,peer_replication_merge_delta,completed,1787923804638333,178792343404851502,,5,,1787923804630699,1787923804638284,1787923804638333,,,"delta_len=89,sent_us=1787923804608990",,,,,49
server,client_mutation,completed,1787923804826212,178792343404851502,,,,1787923804824168,1787923804824169,1787923804826212,,,http_data_plane,,,,,2043
server,client_mutation,completed,1787923805026427,178792343404851502,,,,1787923805024240,1787923805024241,1787923805026427,,,http_data_plane,,,,,2186
server,client_mutation,completed,1787923805226375,178792343404851502,,,,1787923805224181,1787923805224181,1787923805226375,,,http_data_plane,,,,,2194
server,client_mutation,completed,1787923805426514,178792343404851502,,,,1787923805424328,1787923805424329,1787923805426514,,,http_data_plane,,,,,2185
server,peer_replication_pull_request,sent,1787923805493521,178792343404851502,,,,,,,,,connected_peers=20,,,,,
server,peer_replication_merge_delta,completed,1787923805625109,178792343404851502,,5,,1787923805621146,1787923805625082,1787923805625109,,,"delta_len=30,sent_us=1787923805557279",,,,,27
server,client_mutation,completed,1787923805627288,178792343404851502,,,,1787923805624171,1787923805625154,1787923805627288,,,http_data_plane,,,,,2134
server,client_mutation,completed,1787923805826221,178792343404851502,,,,1787923805824146,1787923805824146,1787923805826221,,,http_data_plane,,,,,2075
server,client_mutation,completed,1787923806026408,178792343404851502,,,,1787923806024220,1787923806024221,1787923806026408,,,http_data_plane,,,,,2187
server,peer_replication_get_delta,completed,1787923806126942,178792343404851502,178792343513168001,5,,1787923806126872,1787923806126875,1787923806126942,,,"delta_len=92,sent_us=1787923806110631",,,,,67
server,client_mutation,completed,1787923806226306,178792343404851502,,,,1787923806224167,1787923806224168,1787923806226306,,,http_data_plane,,,,,2138
server,client_mutation,completed,1787923806426351,178792343404851502,,,,1787923806424168,1787923806424169,1787923806426351,,,http_data_plane,,,,,2182
server,peer_replication_pull_request,sent,1787923806493082,178792343404851502,,,,,,,,,connected_peers=20,,,,,
server,client_mutation,completed,1787923806626279,178792343404851502,,,,1787923806624130,1787923806624131,1787923806626279,,,http_data_plane,,,,,2148
server,client_mutation,completed,1787923806826282,178792343404851502,,,,1787923806824149,1787923806824150,1787923806826282,,,http_data_plane,,,,,2132
server,peer_replication_get_delta,completed,1787923806886390,178792343404851502,178792343597983001,5,,1787923806886330,1787923806886333,1787923806886390,,,"delta_len=39,sent_us=1787923806816307",,,,,57
server,client_mutation,completed,1787923807026354,178792343404851502,,,,1787923807024167,1787923807024168,1787923807026354,,,http_data_plane,,,,,2186
server,client_mutation,completed,1787923807226321,178792343404851502,,,,1787923807224184,1787923807224185,1787923807226321,,,http_data_plane,,,,,2136
server,client_mutation,completed,1787923807426782,178792343404851502,,,,1787923807424162,1787923807424163,1787923807426782,,,http_data_plane,,,,,2619
server,peer_replication_pull_request,sent,1787923807493616,178792343404851502,,,,,,,,,connected_peers=20,,,,,
server,peer_replication_merge_delta,completed,1787923807533082,178792343404851502,,5,,1787923807528439,1787923807533052,1787923807533082,,,"delta_len=41,sent_us=1787923807519487",,,,,30
server,client_mutation,completed,1787923807626281,178792343404851502,,,,1787923807624121,1787923807624122,1787923807626281,,,http_data_plane,,,,,2159
server,client_mutation,completed,1787923807826323,178792343404851502,,,,1787923807824167,1787923807824168,1787923807826323,,,http_data_plane,,,,,2155
server,peer_replication_get_delta,completed,1787923807961481,178792343404851502,178792343266889002,5,,1787923807961402,1787923807961406,1787923807961481,,,"delta_len=105,sent_us=1787923807855725",,,,,75
server,client_mutation,completed,1787923808026343,178792343404851502,,,,1787923808024164,1787923808024165,1787923808026343,,,http_data_plane,,,,,2178
server,membership_directory_read,completed,1787923808144894,178792343404851502,,,,,1787923808077962,1787923808144894,,,poll:128 descriptors,,,,,66932
server,client_mutation,completed,1787923808226291,178792343404851502,,,,1787923808224150,1787923808224151,1787923808226291,,,http_data_plane,,,,,2140
server,client_mutation,completed,1787923808426385,178792343404851502,,,,1787923808424166,1787923808424167,1787923808426385,,,http_data_plane,,,,,2218
server,peer_replication_pull_request,sent,1787923808493116,178792343404851502,,,,,,,,,connected_peers=20,,,,,
server,peer_replication_merge_delta,completed,1787923808582535,178792343404851502,,5,,1787923808576402,1787923808582478,1787923808582535,,,"delta_len=66,sent_us=1787923808566173",,,,,57
server,client_mutation,completed,1787923808626227,178792343404851502,,,,1787923808624130,1787923808624130,1787923808626227,,,http_data_plane,,,,,2097
server,client_mutation,completed,1787923808826429,178792343404851502,,,,1787923808824210,1787923808824211,1787923808826429,,,http_data_plane,,,,,2218
server,peer_replication_get_delta,completed,1787923808859260,178792343404851502,178792343327015802,5,,1787923808859192,1787923808859196,1787923808859260,,,"delta_len=74,sent_us=1787923808778959",,,,,64
server,client_mutation,completed,1787923809026303,178792343404851502,,,,1787923809024172,1787923809024173,1787923809026303,,,http_data_plane,,,,,2130
server,client_mutation,completed,1787923809226346,178792343404851502,,,,1787923809224190,1787923809224191,1787923809226346,,,http_data_plane,,,,,2155
server,client_mutation,completed,1787923809426326,178792343404851502,,,,1787923809424143,1787923809424144,1787923809426326,,,http_data_plane,,,,,2182
server,peer_replication_pull_request,sent,1787923809493093,178792343404851502,,,,,,,,,connected_peers=20,,,,,
server,peer_replication_merge_delta,completed,1787923809556255,178792343404851502,,5,,1787923809553534,1787923809556247,1787923809556255,,,"delta_len=3,sent_us=1787923809523371",,,,,8
server,client_mutation,completed,1787923809626265,178792343404851502,,,,1787923809624090,1787923809624090,1787923809626265,,,http_data_plane,,,,,2175
server,client_mutation,completed,1787923809826287,178792343404851502,,,,1787923809824156,1787923809824157,1787923809826287,,,http_data_plane,,,,,2130
server,client_mutation,completed,1787923810026326,178792343404851502,,,,1787923810024153,1787923810024154,1787923810026326,,,http_data_plane,,,,,2172
server,client_mutation,completed,1787923810226190,178792343404851502,,,,1787923810224142,1787923810224142,1787923810226190,,,http_data_plane,,,,,2048
server,peer_replication_get_delta,completed,1787923810309638,178792343404851502,178792343597981001,5,,1787923810309577,1787923810309580,1787923810309638,,,"delta_len=35,sent_us=1787923810283548",,,,,58
server,client_mutation,completed,1787923810426342,178792343404851502,,,,1787923810424194,1787923810424195,1787923810426342,,,http_data_plane,,,,,2147
server,peer_replication_pull_request,sent,1787923810493051,178792343404851502,,,,,,,,,connected_peers=20,,,,,
server,peer_replication_merge_delta,completed,1787923810627419,178792343404851502,,5,,1787923810620372,1787923810627354,1787923810627419,,,"delta_len=82,sent_us=1787923810598329",,,,,65
server,client_mutation,completed,1787923810629631,178792343404851502,,,,1787923810624389,1787923810627465,1787923810629631,,,http_data_plane,,,,,2166
server,client_mutation,completed,1787923810826380,178792343404851502,,,,1787923810824182,1787923810824182,1787923810826380,,,http_data_plane,,,,,2198
server,client_mutation,completed,1787923811026364,178792343404851502,,,,1787923811024207,1787923811024208,1787923811026364,,,http_data_plane,,,,,2156
server,peer_replication_get_delta,completed,1787923811168817,178792343404851502,178792343513168001,5,,1787923811168745,1787923811168749,1787923811168817,,,"delta_len=63,sent_us=1787923811111160",,,,,68
server,client_mutation,completed,1787923811226350,178792343404851502,,,,1787923811224139,1787923811224140,1787923811226350,,,http_data_plane,,,,,2210
server,client_mutation,completed,1787923811426282,178792343404851502,,,,1787923811424142,1787923811424143,1787923811426282,,,http_data_plane,,,,,2139
server,peer_replication_pull_request,sent,1787923811493003,178792343404851502,,,,,,,,,connected_peers=20,,,,,
server,peer_replication_merge_delta,completed,1787923811624307,178792343404851502,,5,,1787923811619637,1787923811624275,1787923811624307,,,"delta_len=43,sent_us=1787923811598203",,,,,32
server,client_mutation,completed,1787923811626365,178792343404851502,,,,1787923811624059,1787923811624334,1787923811626365,,,http_data_plane,,,,,2031
server,client_mutation,completed,1787923811826302,178792343404851502,,,,1787923811824177,1787923811824178,1787923811826302,,,http_data_plane,,,,,2124
server,peer_replication_get_delta,completed,1787923811961564,178792343404851502,178792343266889002,5,,1787923811961495,1787923811961499,1787923811961564,,,"delta_len=48,sent_us=1787923811855544",,,,,65
server,client_mutation,completed,1787923812026293,178792343404851502,,,,1787923812024149,1787923812024150,1787923812026293,,,http_data_plane,,,,,2143
server,client_mutation,completed,1787923812226287,178792343404851502,,,,1787923812224149,1787923812224150,1787923812226287,,,http_data_plane,,,,,2137
server,client_mutation,completed,1787923812426278,178792343404851502,,,,1787923812424104,1787923812424105,1787923812426278,,,http_data_plane,,,,,2173
server,peer_replication_pull_request,sent,1787923812492986,178792343404851502,,,,,,,,,connected_peers=20,,,,,
server,client_mutation,completed,1787923812626284,178792343404851502,,,,1787923812624121,1787923812624122,1787923812626284,,,http_data_plane,,,,,2162
server,peer_replication_merge_delta,completed,1787923812666117,178792343404851502,,5,,1787923812661910,1787923812666089,1787923812666117,,,"delta_len=35,sent_us=1787923812598188",,,,,28
server,client_mutation,completed,1787923812826248,178792343404851502,,,,1787923812824139,1787923812824140,1787923812826248,,,http_data_plane,,,,,2108
server,client_mutation,completed,1787923813026358,178792343404851502,,,,1787923813024182,1787923813024182,1787923813026358,,,http_data_plane,,,,,2176
server,membership_directory_read,completed,1787923813157712,178792343404851502,,,,,1787923813077916,1787923813157712,,,poll:128 descriptors,,,,,79796
server,client_mutation,completed,1787923813226382,178792343404851502,,,,1787923813224131,1787923813224132,1787923813226382,,,http_data_plane,,,,,2250
server,client_mutation,completed,1787923813426390,178792343404851502,,,,1787923813424154,1787923813424155,1787923813426390,,,http_data_plane,,,,,2235
server,peer_replication_pull_request,sent,1787923813493111,178792343404851502,,,,,,,,,connected_peers=20,,,,,
server,peer_replication_merge_delta,completed,1787923813625306,178792343404851502,,5,,1787923813619678,1787923813625274,1787923813625306,,,"delta_len=54,sent_us=1787923813598174",,,,,32
server,client_mutation,completed,1787923813627471,178792343404851502,,,,1787923813624098,1787923813625344,1787923813627471,,,http_data_plane,,,,,2127
server,peer_replication_get_delta,completed,1787923813809563,178792343404851502,178792343327015802,5,,1787923813809492,1787923813809494,1787923813809563,,,"delta_len=144,sent_us=1787923813779312",,,,,69
server,client_mutation,completed,1787923813827065,178792343404851502,,,,1787923813824145,1787923813824146,1787923813827065,,,http_data_plane,,,,,2919
server,client_mutation,completed,1787923814025969,178792343404851502,,,,1787923814024161,1787923814024162,1787923814025969,,,http_data_plane,,,,,1807
server,peer_replication_get_delta,completed,1787923814198130,178792343404851502,178792343327016802,5,,1787923814198060,1787923814198063,1787923814198130,,,"delta_len=72,sent_us=1787923814168038",,,,,67
server,client_mutation,completed,1787923814226000,178792343404851502,,,,1787923814224109,1787923814224110,1787923814226000,,,http_data_plane,,,,,1890
server,client_mutation,completed,1787923814426055,178792343404851502,,,,1787923814424133,1787923814424134,1787923814426055,,,http_data_plane,,,,,1921
server,peer_replication_pull_request,sent,1787923814493744,178792343404851502,,,,,,,,,connected_peers=20,,,,,
server,client_mutation,completed,1787923814626147,178792343404851502,,,,1787923814624165,1787923814624167,1787923814626147,,,http_data_plane,,,,,1980
server,client_mutation,completed,1787923814826243,178792343404851502,,,,1787923814824146,1787923814824147,1787923814826243,,,http_data_plane,,,,,2096
server,peer_replication_get_delta,completed,1787923814958711,178792343404851502,178792343513167001,5,,1787923814958651,1787923814958654,1787923814958711,,,"delta_len=26,sent_us=1787923814903772",,,,,57
server,client_mutation,completed,1787923815027090,178792343404851502,,,,1787923815024764,1787923815024764,1787923815027090,,,http_data_plane,,,,,2326
server,client_mutation,completed,1787923815226302,178792343404851502,,,,1787923815224108,1787923815224109,1787923815226302,,,http_data_plane,,,,,2193
server,client_mutation,completed,1787923815426294,178792343404851502,,,,1787923815424180,1787923815424181,1787923815426294,,,http_data_plane,,,,,2113
server,peer_replication_pull_request,sent,1787923815493012,178792343404851502,,,,,,,,,connected_peers=20,,,,,
server,peer_replication_get_delta,completed,1787923815540054,178792343404851502,178792343327017802,5,,1787923815539995,1787923815539998,1787923815540054,,,"delta_len=22,sent_us=1787923815509973",,,,,56
server,client_mutation,completed,1787923815626342,178792343404851502,,,,1787923815624209,1787923815624210,1787923815626342,,,http_data_plane,,,,,2132
server,client_mutation,completed,1787923815826302,178792343404851502,,,,1787923815824174,1787923815824175,1787923815826302,,,http_data_plane,,,,,2127
server,client_mutation,completed,1787923816026232,178792343404851502,,,,1787923816024166,1787923816024167,1787923816026232,,,http_data_plane,,,,,2065
server,client_mutation,completed,1787923816226297,178792343404851502,,,,1787923816224132,1787923816224133,1787923816226297,,,http_data_plane,,,,,2164
server,client_mutation,completed,1787923816426189,178792343404851502,,,,1787923816424119,1787923816424120,1787923816426189,,,http_data_plane,,,,,2069
server,peer_replication_pull_request,sent,1787923816492957,178792343404851502,,,,,,,,,connected_peers=20,,,,,
server,client_mutation,completed,1787923816626287,178792343404851502,,,,1787923816624164,1787923816624165,1787923816626287,,,http_data_plane,,,,,2122
server,peer_replication_merge_delta,completed,1787923816671279,178792343404851502,,5,,1787923816662919,1787923816671193,1787923816671279,,,"delta_len=109,sent_us=1787923816598653",,,,,86
server,client_mutation,completed,1787923816826287,178792343404851502,,,,1787923816824161,1787923816824162,1787923816826287,,,http_data_plane,,,,,2125
server,client_mutation,completed,1787923817026360,178792343404851502,,,,1787923817024212,1787923817024213,1787923817026360,,,http_data_plane,,,,,2147
server,client_mutation,completed,1787923817226335,178792343404851502,,,,1787923817224095,1787923817224096,1787923817226335,,,http_data_plane,,,,,2239
server,client_mutation,completed,1787923817426270,178792343404851502,,,,1787923817424155,1787923817424156,1787923817426270,,,http_data_plane,,,,,2114
server,peer_replication_pull_request,sent,1787923817493020,178792343404851502,,,,,,,,,connected_peers=20,,,,,
server,peer_replication_merge_delta,completed,1787923817626347,178792343404851502,,5,,1787923817619980,1787923817626300,1787923817626347,,,"delta_len=71,sent_us=1787923817598252",,,,,47
server,client_mutation,completed,1787923817628406,178792343404851502,,,,1787923817624355,1787923817626384,1787923817628406,,,http_data_plane,,,,,2022
server,client_mutation,completed,1787923817826321,178792343404851502,,,,1787923817824182,1787923817824183,1787923817826321,,,http_data_plane,,,,,2138
server,client_mutation,completed,1787923818026353,178792343404851502,,,,1787923818024153,1787923818024153,1787923818026353,,,http_data_plane,,,,,2200
server,membership_directory_read,completed,1787923818154265,178792343404851502,,,,,1787923818078092,1787923818154265,,,poll:128 descriptors,,,,,76173
server,client_mutation,completed,1787923818226266,178792343404851502,,,,1787923818224130,1787923818224131,1787923818226266,,,http_data_plane,,,,,2135
server,client_mutation,completed,1787923818426272,178792343404851502,,,,1787923818424131,1787923818424132,1787923818426272,,,http_data_plane,,,,,2140
server,client_mutation,completed,1787923818626357,178792343404851502,,,,1787923818624164,1787923818624165,1787923818626357,,,http_data_plane,,,,,2192
server,client_mutation,completed,1787923818826214,178792343404851502,,,,1787923818824128,1787923818824129,1787923818826214,,,http_data_plane,,,,,2085
server,peer_replication_get_delta,completed,1787923818958629,178792343404851502,178792343513167001,5,,1787923818958569,1787923818958573,1787923818958629,,,"delta_len=24,sent_us=1787923818903858",,,,,56
server,client_mutation,completed,1787923819026248,178792343404851502,,,,1787923819024134,1787923819024135,1787923819026248,,,http_data_plane,,,,,2113
server,client_mutation,completed,1787923819226241,178792343404851502,,,,1787923819224111,1787923819224112,1787923819226241,,,http_data_plane,,,,,2129
server,client_mutation,completed,1787923819426332,178792343404851502,,,,1787923819424157,1787923819424158,1787923819426332,,,http_data_plane,,,,,2174
server,peer_replication_pull_request,sent,1787923819493054,178792343404851502,,,,,,,,,connected_peers=19,,,,,
server,peer_replication_merge_delta,completed,1787923819587488,178792343404851502,,5,,1787923819582065,1787923819587440,1787923819587488,,,"delta_len=47,sent_us=1787923819572985",,,,,48
server,client_mutation,completed,1787923819626358,178792343404851502,,,,1787923819624171,1787923819624172,1787923819626358,,,http_data_plane,,,,,2186
server,client_mutation,completed,1787923819826381,178792343404851502,,,,1787923819824215,1787923819824216,1787923819826381,,,http_data_plane,,,,,2165
server,peer_replication_get_delta,completed,1787923819958740,178792343404851502,178792343513167001,5,,1787923819958683,1787923819958687,1787923819958740,,,"delta_len=22,sent_us=1787923819904168",,,,,53
server,client_mutation,completed,1787923820026212,178792343404851502,,,,1787923820024152,1787923820024153,1787923820026212,,,http_data_plane,,,,,2059
server,client_mutation,completed,1787923820226343,178792343404851502,,,,1787923820224118,1787923820224119,1787923820226343,,,http_data_plane,,,,,2224
server,peer_replication_get_delta,completed,1787923820239118,178792343404851502,178792343327016802,5,,1787923820239058,1787923820239062,1787923820239118,,,"delta_len=38,sent_us=1787923820168342",,,,,56
server,client_mutation,completed,1787923820426322,178792343404851502,,,,1787923820424190,1787923820424191,1787923820426322,,,http_data_plane,,,,,2131
server,peer_replication_pull_request,sent,1787923820493031,178792343404851502,,,,,,,,,connected_peers=19,,,,,
server,peer_replication_merge_delta,completed,1787923820588667,178792343404851502,,5,,1787923820582073,1787923820588602,1787923820588667,,,"delta_len=70,sent_us=1787923820573005",,,,,65
server,client_mutation,completed,1787923820626345,178792343404851502,,,,1787923820624150,1787923820624151,1787923820626345,,,http_data_plane,,,,,2194
server,client_mutation,completed,1787923820826502,178792343404851502,,,,1787923820824168,1787923820824169,1787923820826502,,,http_data_plane,,,,,2333
server,peer_replication_get_delta,completed,1787923820958803,178792343404851502,178792343513167001,5,,1787923820958734,1787923820958737,1787923820958803,,,"delta_len=62,sent_us=1787923820903274",,,,,66
server,client_mutation,completed,1787923821026259,178792343404851502,,,,1787923821024162,1787923821024163,1787923821026259,,,http_data_plane,,,,,2096
server,client_mutation,completed,1787923821226368,178792343404851502,,,,1787923821224177,1787923821224178,1787923821226368,,,http_data_plane,,,,,2190
server,client_mutation,completed,1787923821426436,178792343404851502,,,,1787923821424122,1787923821424123,1787923821426436,,,http_data_plane,,,,,2313
server,peer_replication_pull_request,sent,1787923821493130,178792343404851502,,,,,,,,,connected_peers=19,,,,,
server,peer_replication_merge_delta,completed,1787923821539191,178792343404851502,,5,,1787923821533304,1787923821539155,1787923821539191,,,"delta_len=57,sent_us=1787923821523131",,,,,36
server,client_mutation,completed,1787923821626449,178792343404851502,,,,1787923821624120,1787923821624121,1787923821626449,,,http_data_plane,,,,,2328
server,client_mutation,completed,1787923821826529,178792343404851502,,,,1787923821824199,1787923821824200,1787923821826529,,,http_data_plane,,,,,2329
server,client_mutation,completed,1787923822026393,178792343404851502,,,,1787923822024147,1787923822024148,1787923822026393,,,http_data_plane,,,,,2245
server,client_mutation,completed,1787923822226307,178792343404851502,,,,1787923822224078,1787923822224079,1787923822226307,,,http_data_plane,,,,,2228
server,client_mutation,completed,1787923822426341,178792343404851502,,,,1787923822424142,1787923822424143,1787923822426341,,,http_data_plane,,,,,2198
server,client_mutation,completed,1787923822626298,178792343404851502,,,,1787923822624121,1787923822624122,1787923822626298,,,http_data_plane,,,,,2176
server,client_mutation,completed,1787923822826353,178792343404851502,,,,1787923822824229,1787923822824229,1787923822826353,,,http_data_plane,,,,,2124
server,client_mutation,completed,1787923823026345,178792343404851502,,,,1787923823024185,1787923823024185,1787923823026345,,,http_data_plane,,,,,2160
server,membership_directory_read,completed,1787923823144649,178792343404851502,,,,,1787923823078000,1787923823144649,,,poll:128 descriptors,,,,,66649
server,client_mutation,completed,1787923823226363,178792343404851502,,,,1787923823224154,1787923823224155,1787923823226363,,,http_data_plane,,,,,2208
server,client_mutation,completed,1787923823426251,178792343404851502,,,,1787923823424155,1787923823424156,1787923823426251,,,http_data_plane,,,,,2095
server,peer_replication_pull_request,sent,1787923823493014,178792343404851502,,,,,,,,,connected_peers=18,,,,,
server,peer_replication_merge_delta,completed,1787923823521140,178792343404851502,,5,,1787923823512852,1787923823521066,1787923823521140,,,"delta_len=105,sent_us=1787923823508077",,,,,74
server,client_mutation,completed,1787923823626371,178792343404851502,,,,1787923823624128,1787923823624129,1787923823626371,,,http_data_plane,,,,,2242
server,client_mutation,completed,1787923823826215,178792343404851502,,,,1787923823824195,1787923823824196,1787923823826215,,,http_data_plane,,,,,2019
server,client_mutation,completed,1787923824026292,178792343404851502,,,,1787923824024123,1787923824024123,1787923824026292,,,http_data_plane,,,,,2169
server,client_mutation,completed,1787923824226371,178792343404851502,,,,1787923824224164,1787923824224165,1787923824226371,,,http_data_plane,,,,,2206
server,client_mutation,completed,1787923824426291,178792343404851502,,,,1787923824424138,1787923824424139,1787923824426291,,,http_data_plane,,,,,2152
server,client_mutation,completed,1787923824626266,178792343404851502,,,,1787923824624205,1787923824624206,1787923824626266,,,http_data_plane,,,,,2060
server,client_mutation,completed,1787923824826262,178792343404851502,,,,1787923824824127,1787923824824128,1787923824826262,,,http_data_plane,,,,,2134
server,client_mutation,completed,1787923825026370,178792343404851502,,,,1787923825024156,1787923825024157,1787923825026370,,,http_data_plane,,,,,2213
server,client_mutation,completed,1787923825226317,178792343404851502,,,,1787923825224182,1787923825224183,1787923825226317,,,http_data_plane,,,,,2134
server,client_mutation,completed,1787923825426443,178792343404851502,,,,1787923825424307,1787923825424308,1787923825426443,,,http_data_plane,,,,,2135
server,peer_replication_pull_request,sent,1787923825493206,178792343404851502,,,,,,,,,connected_peers=17,,,,,
server,peer_replication_merge_delta,completed,1787923825554049,178792343404851502,,5,,1787923825545281,1787923825553979,1787923825554049,,,"delta_len=114,sent_us=1787923825519111",,,,,70
server,client_mutation,completed,1787923825626355,178792343404851502,,,,1787923825624252,1787923825624253,1787923825626355,,,http_data_plane,,,,,2102
server,client_mutation,completed,1787923825826426,178792343404851502,,,,1787923825824169,1787923825824170,1787923825826426,,,http_data_plane,,,,,2256
server,client_mutation,completed,1787923826026269,178792343404851502,,,,1787923826024164,1787923826024165,1787923826026269,,,http_data_plane,,,,,2104
server,client_mutation,completed,1787923826226356,178792343404851502,,,,1787923826224168,1787923826224169,1787923826226356,,,http_data_plane,,,,,2187
server,client_mutation,completed,1787923826426426,178792343404851502,,,,1787923826424261,1787923826424262,1787923826426426,,,http_data_plane,,,,,2164
server,peer_replication_pull_request,sent,1787923826493317,178792343404851502,,,,,,,,,connected_peers=17,,,,,
server,peer_replication_get_delta,completed,1787923826589143,178792343404851502,178792343327017802,5,,1787923826589079,1787923826589083,1787923826589143,,,"delta_len=55,sent_us=1787923826510068",,,,,60
server,client_mutation,completed,1787923826626324,178792343404851502,,,,1787923826624134,1787923826624134,1787923826626324,,,http_data_plane,,,,,2190
server,client_mutation,completed,1787923826826372,178792343404851502,,,,1787923826824166,1787923826824166,1787923826826372,,,http_data_plane,,,,,2206
server,client_mutation,completed,1787923827026330,178792343404851502,,,,1787923827024132,1787923827024133,1787923827026330,,,http_data_plane,,,,,2197
server,client_mutation,completed,1787923827226206,178792343404851502,,,,1787923827224099,1787923827224100,1787923827226206,,,http_data_plane,,,,,2106
server,peer_replication_get_delta,completed,1787923827309623,178792343404851502,178792343597981001,5,,1787923827309563,1787923827309568,1787923827309623,,,"delta_len=43,sent_us=1787923827283586",,,,,55
server,client_mutation,completed,1787923827426348,178792343404851502,,,,1787923827424146,1787923827424147,1787923827426348,,,http_data_plane,,,,,2201
server,peer_replication_pull_request,sent,1787923827493067,178792343404851502,,,,,,,,,connected_peers=17,,,,,
server,peer_replication_merge_delta,completed,1787923827581258,178792343404851502,,5,,1787923827576337,1787923827581219,1787923827581258,,,"delta_len=44,sent_us=1787923827566171",,,,,39
server,client_mutation,completed,1787923827626133,178792343404851502,,,,1787923827624073,1787923827624074,1787923827626133,,,http_data_plane,,,,,2059
server,client_mutation,completed,1787923827826315,178792343404851502,,,,1787923827824183,1787923827824184,1787923827826315,,,http_data_plane,,,,,2131
server,peer_replication_get_delta,completed,1787923827958731,178792343404851502,178792343513167001,5,,1787923827958654,1787923827958660,1787923827958731,,,"delta_len=91,sent_us=1787923827904146",,,,,71
server,client_mutation,completed,1787923828026567,178792343404851502,,,,1787923828024420,1787923828024420,1787923828026567,,,http_data_plane,,,,,2147
server,membership_directory_read,completed,1787923828162658,178792343404851502,,,,,1787923828078234,1787923828162658,,,poll:128 descriptors,,,,,84424
server,client_mutation,completed,1787923828226381,178792343404851502,,,,1787923828224194,1787923828224195,1787923828226381,,,http_data_plane,,,,,2186
server,client_mutation,completed,1787923828426163,178792343404851502,,,,1787923828424153,1787923828424154,1787923828426163,,,http_data_plane,,,,,2009
server,peer_replication_pull_request,sent,1787923828493899,178792343404851502,,,,,,,,,connected_peers=17,,,,,
server,peer_replication_merge_delta,completed,1787923828628874,178792343404851502,,5,,1787923828621685,1787923828628822,1787923828628874,,,"delta_len=86,sent_us=1787923828600104",,,,,52
server,client_mutation,completed,1787923828630864,178792343404851502,,,,1787923828624351,1787923828628916,1787923828630864,,,http_data_plane,,,,,1948
server,client_mutation,completed,1787923828826437,178792343404851502,,,,1787923828824321,1787923828824321,1787923828826437,,,http_data_plane,,,,,2116
server,peer_replication_get_delta,completed,1787923829002081,178792343404851502,178792343404852502,5,,1787923829002004,1787923829002008,1787923829002081,,,"delta_len=99,sent_us=1787923829001189",,,,,73
server,client_mutation,completed,1787923829026201,178792343404851502,,,,1787923829024091,1787923829024092,1787923829026201,,,http_data_plane,,,,,2109
server,peer_replication_get_delta,completed,1787923829186460,178792343404851502,178792343597984001,5,,1787923829186368,1787923829186372,1787923829186460,,,"delta_len=143,sent_us=1787923829117842",,,,,88
server,client_mutation,completed,1787923829226247,178792343404851502,,,,1787923829224154,1787923829224155,1787923829226247,,,http_data_plane,,,,,2092
server,peer_replication_get_delta,completed,1787923829397979,178792343404851502,178792343327013802,5,,1787923829397914,1787923829397918,1787923829397979,,,"delta_len=71,sent_us=1787923829368413",,,,,61
server,client_mutation,completed,1787923829426346,178792343404851502,,,,1787923829424169,1787923829424170,1787923829426346,,,http_data_plane,,,,,2176
server,peer_replication_pull_request,sent,1787923829493070,178792343404851502,,,,,,,,,connected_peers=17,,,,,
server,peer_replication_get_delta,completed,1787923829511568,178792343404851502,178792343266887002,5,,1787923829511496,1787923829511499,1787923829511568,,,"delta_len=128,sent_us=1787923829398770",,,,,69
server,peer_replication_merge_delta,completed,1787923829581041,178792343404851502,,5,,1787923829576411,1787923829581007,1787923829581041,,,"delta_len=40,sent_us=1787923829566236",,,,,34
server,client_mutation,completed,1787923829626286,178792343404851502,,,,1787923829624138,1787923829624139,1787923829626286,,,http_data_plane,,,,,2147
server,client_mutation,completed,1787923829826369,178792343404851502,,,,1787923829824195,1787923829824195,1787923829826369,,,http_data_plane,,,,,2174
server,client_mutation,completed,1787923830028001,178792343404851502,,,,1787923830025653,1787923830025654,1787923830028001,,,http_data_plane,,,,,2347
server,client_mutation,completed,1787923830226833,178792343404851502,,,,1787923830224153,1787923830224153,1787923830226833,,,http_data_plane,,,,,2680
server,client_mutation,completed,1787923830426253,178792343404851502,,,,1787923830424130,1787923830424131,1787923830426253,,,http_data_plane,,,,,2122
server,peer_replication_pull_request,sent,1787923830493067,178792343404851502,,,,,,,,,connected_peers=17,,,,,
server,peer_replication_merge_delta,completed,1787923830526443,178792343404851502,,5,,1787923830522095,1787923830526418,1787923830526443,,,"delta_len=35,sent_us=1787923830508091",,,,,25
server,client_mutation,completed,1787923830626199,178792343404851502,,,,1787923830624137,1787923830624137,1787923830626199,,,http_data_plane,,,,,2062
server,client_mutation,completed,1787923830826282,178792343404851502,,,,1787923830824141,1787923830824141,1787923830826282,,,http_data_plane,,,,,2141
server,client_mutation,completed,1787923831026272,178792343404851502,,,,1787923831024153,1787923831024153,1787923831026272,,,http_data_plane,,,,,2119
server,peer_replication_get_delta,completed,1787923831049615,178792343404851502,178792343404852502,5,,1787923831049539,1787923831049542,1787923831049615,,,"delta_len=77,sent_us=1787923831001002",,,,,73
server,peer_replication_get_delta,completed,1787923831140324,178792343404851502,178792343266890002,5,,1787923831140235,1787923831140238,1787923831140324,,,"delta_len=78,sent_us=1787923831076413",,,,,86
server,client_mutation,completed,1787923831226182,178792343404851502,,,,1787923831224164,1787923831224164,1787923831226182,,,http_data_plane,,,,,2018
server,peer_replication_get_delta,completed,1787923831239108,178792343404851502,178792343327016802,5,,1787923831239049,1787923831239052,1787923831239108,,,"delta_len=44,sent_us=1787923831168481",,,,,56
server,client_mutation,completed,1787923831426182,178792343404851502,,,,1787923831424151,1787923831424152,1787923831426182,,,http_data_plane,,,,,2030
server,client_mutation,completed,1787923831626098,178792343404851502,,,,1787923831624136,1787923831624137,1787923831626098,,,http_data_plane,,,,,1961
server,client_mutation,completed,1787923831826192,178792343404851502,,,,1787923831824149,1787923831824150,1787923831826192,,,http_data_plane,,,,,2042
server,client_mutation,completed,1787923832027522,178792343404851502,,,,1787923832024141,1787923832024142,1787923832027522,,,http_data_plane,,,,,3380
server,peer_replication_get_delta,completed,1787923832186409,178792343404851502,178792343597984001,5,,1787923832186348,1787923832186351,1787923832186409,,,"delta_len=24,sent_us=1787923832118529",,,,,58
server,client_mutation,completed,1787923832226189,178792343404851502,,,,1787923832224105,1787923832224106,1787923832226189,,,http_data_plane,,,,,2083
server,client_mutation,completed,1787923832426384,178792343404851502,,,,1787923832424384,1787923832424384,1787923832426384,,,http_data_plane,,,,,2000
server,peer_replication_pull_request,sent,1787923832493073,178792343404851502,,,,,,,,,connected_peers=16,,,,,
server,peer_replication_merge_delta,completed,1787923832576623,178792343404851502,,5,,1787923832572027,1787923832576586,1787923832576623,,,"delta_len=41,sent_us=1787923832563054",,,,,37
server,client_mutation,completed,1787923832626187,178792343404851502,,,,1787923832624140,1787923832624141,1787923832626187,,,http_data_plane,,,,,2046
server,client_mutation,completed,1787923832826219,178792343404851502,,,,1787923832824152,1787923832824153,1787923832826219,,,http_data_plane,,,,,2066
server,client_mutation,completed,1787923833026190,178792343404851502,,,,1787923833024141,1787923833024141,1787923833026190,,,http_data_plane,,,,,2049
server,membership_directory_read,completed,1787923833169650,178792343404851502,,,,,1787923833078901,1787923833169650,,,poll:128 descriptors,,,,,90749
server,client_mutation,completed,1787923833226193,178792343404851502,,,,1787923833224192,1787923833224192,1787923833226193,,,http_data_plane,,,,,2001
server,client_mutation,completed,1787923833426249,178792343404851502,,,,1787923833424189,1787923833424190,1787923833426249,,,http_data_plane,,,,,2059
server,peer_replication_pull_request,sent,1787923833492985,178792343404851502,,,,,,,,,connected_peers=16,,,,,
server,peer_replication_merge_delta,completed,1787923833539435,178792343404851502,,5,,1787923833533101,1787923833539381,1787923833539435,,,"delta_len=69,sent_us=1787923833522942",,,,,54
server,client_mutation,completed,1787923833626235,178792343404851502,,,,1787923833624136,1787923833624136,1787923833626235,,,http_data_plane,,,,,2099
server,client_mutation,completed,1787923833826262,178792343404851502,,,,1787923833824202,1787923833824203,1787923833826262,,,http_data_plane,,,,,2059
server,client_mutation,completed,1787923834026327,178792343404851502,,,,1787923834024158,1787923834024159,1787923834026327,,,http_data_plane,,,,,2168
server,client_mutation,completed,1787923834226334,178792343404851502,,,,1787923834224240,1787923834224241,1787923834226334,,,http_data_plane,,,,,2093
server,peer_replication_get_delta,completed,1787923834239081,178792343404851502,178792343327016802,5,,1787923834239024,1787923834239027,1787923834239081,,,"delta_len=15,sent_us=1787923834168259",,,,,54
server,client_mutation,completed,1787923834426210,178792343404851502,,,,1787923834424099,1787923834424100,1787923834426210,,,http_data_plane,,,,,2110
server,peer_replication_pull_request,sent,1787923834493903,178792343404851502,,,,,,,,,connected_peers=16,,,,,
server,client_mutation,completed,1787923834626248,178792343404851502,,,,1787923834624119,1787923834624120,1787923834626248,,,http_data_plane,,,,,2128
server,peer_replication_merge_delta,completed,1787923834666217,178792343404851502,,5,,1787923834662160,1787923834666194,1787923834666217,,,"delta_len=29,sent_us=1787923834598268",,,,,23
server,peer_replication_get_delta,completed,1787923834666315,178792343404851502,178792343266888002,5,,1787923834666251,1787923834666260,1787923834666315,,,"delta_len=48,sent_us=1787923834601469",,,,,55
server,client_mutation,completed,1787923834826309,178792343404851502,,,,1787923834824172,1787923834824173,1787923834826309,,,http_data_plane,,,,,2136
server,peer_replication_get_delta,completed,1787923834849237,178792343404851502,178792343327015802,5,,1787923834849177,1787923834849181,1787923834849237,,,"delta_len=36,sent_us=1787923834778567",,,,,56
server,client_mutation,completed,1787923835026379,178792343404851502,,,,1787923835024179,1787923835024180,1787923835026379,,,http_data_plane,,,,,2199
server,client_mutation,completed,1787923835226357,178792343404851502,,,,1787923835224182,1787923835224183,1787923835226357,,,http_data_plane,,,,,2174
server,client_mutation,completed,1787923835426224,178792343404851502,,,,1787923835424132,1787923835424133,1787923835426224,,,http_data_plane,,,,,2091
server,peer_replication_pull_request,sent,1787923835493020,178792343404851502,,,,,,,,,connected_peers=16,,,,,
server,peer_replication_merge_delta,completed,1787923835587166,178792343404851502,,5,,1787923835579114,1787923835587110,1787923835587166,,,"delta_len=98,sent_us=1787923835557360",,,,,56
server,client_mutation,completed,1787923835626345,178792343404851502,,,,1787923835624213,1787923835624214,1787923835626345,,,http_data_plane,,,,,2131
server,client_mutation,completed,1787923835826671,178792343404851502,,,,1787923835824448,1787923835824449,1787923835826671,,,http_data_plane,,,,,2222
server,peer_replication_get_delta,completed,1787923835961509,178792343404851502,178792343266889002,5,,1787923835961445,1787923835961448,1787923835961509,,,"delta_len=65,sent_us=1787923835856384",,,,,61
server,client_mutation,completed,1787923836026543,178792343404851502,,,,1787923836024166,1787923836024166,1787923836026543,,,http_data_plane,,,,,2377
server,client_mutation,completed,1787923836226347,178792343404851502,,,,1787923836224198,1787923836224199,1787923836226347,,,http_data_plane,,,,,2148
server,client_mutation,completed,1787923836426340,178792343404851502,,,,1787923836424147,1787923836424148,1787923836426340,,,http_data_plane,,,,,2192
server,peer_replication_pull_request,sent,1787923836493050,178792343404851502,,,,,,,,,connected_peers=16,,,,,
server,peer_replication_merge_delta,completed,1787923836624689,178792343404851502,,5,,1787923836620293,1787923836624659,1787923836624689,,,"delta_len=43,sent_us=1787923836598418",,,,,30
server,client_mutation,completed,1787923836626782,178792343404851502,,,,1787923836624042,1787923836624733,1787923836626782,,,http_data_plane,,,,,2049
server,client_mutation,completed,1787923836826292,178792343404851502,,,,1787923836824161,1787923836824162,1787923836826292,,,http_data_plane,,,,,2130
server,client_mutation,completed,1787923837026377,178792343404851502,,,,1787923837024167,1787923837024168,1787923837026377,,,http_data_plane,,,,,2209
server,client_mutation,completed,1787923837226429,178792343404851502,,,,1787923837224162,1787923837224163,1787923837226429,,,http_data_plane,,,,,2266
server,client_mutation,completed,1787923837426381,178792343404851502,,,,1787923837424218,1787923837424220,1787923837426381,,,http_data_plane,,,,,2161
server,peer_replication_pull_request,sent,1787923837493088,178792343404851502,,,,,,,,,connected_peers=16,,,,,
server,peer_replication_merge_delta,completed,1787923837538473,178792343404851502,,5,,1787923837533350,1787923837538426,1787923837538473,,,"delta_len=42,sent_us=1787923837523160",,,,,47
server,client_mutation,completed,1787923837626274,178792343404851502,,,,1787923837624172,1787923837624172,1787923837626274,,,http_data_plane,,,,,2102
server,client_mutation,completed,1787923837826408,178792343404851502,,,,1787923837824146,1787923837824147,1787923837826408,,,http_data_plane,,,,,2261
server,client_mutation,completed,1787923838026262,178792343404851502,,,,1787923838024135,1787923838024136,1787923838026262,,,http_data_plane,,,,,2126
server,membership_directory_read,completed,1787923838158360,178792343404851502,,,,,1787923838078022,1787923838158360,,,poll:128 descriptors,,,,,80338
server,client_mutation,completed,1787923838226208,178792343404851502,,,,1787923838224122,1787923838224123,1787923838226208,,,http_data_plane,,,,,2085
server,client_mutation,completed,1787923838426339,178792343404851502,,,,1787923838424132,1787923838424133,1787923838426339,,,http_data_plane,,,,,2206
server,peer_replication_pull_request,sent,1787923838493075,178792343404851502,,,,,,,,,connected_peers=16,,,,,
server,peer_replication_merge_delta,completed,1787923838559064,178792343404851502,,5,,1787923838554499,1787923838559034,1787923838559064,,,"delta_len=41,sent_us=1787923838549966",,,,,30
server,client_mutation,completed,1787923838626114,178792343404851502,,,,1787923838624085,1787923838624086,1787923838626114,,,http_data_plane,,,,,2028
server,client_mutation,completed,1787923838826311,178792343404851502,,,,1787923838824147,1787923838824148,1787923838826311,,,http_data_plane,,,,,2163
server,peer_replication_get_delta,completed,1787923838961493,178792343404851502,178792343266889002,5,,1787923838961422,1787923838961426,1787923838961493,,,"delta_len=97,sent_us=1787923838855993",,,,,67
server,client_mutation,completed,1787923839026301,178792343404851502,,,,1787923839024145,1787923839024146,1787923839026301,,,http_data_plane,,,,,2155
server,client_mutation,completed,1787923839226176,178792343404851502,,,,1787923839224114,1787923839224115,1787923839226176,,,http_data_plane,,,,,2061
server,peer_replication_get_delta,completed,1787923839264323,178792343404851502,178792343266886002,5,,1787923839264257,1787923839264259,1787923839264323,,,"delta_len=110,sent_us=1787923839200426",,,,,64
server,client_mutation,completed,1787923839426320,178792343404851502,,,,1787923839424192,1787923839424193,1787923839426320,,,http_data_plane,,,,,2127
server,peer_replication_pull_request,sent,1787923839493025,178792343404851502,,,,,,,,,connected_peers=16,,,,,
server,peer_replication_merge_delta,completed,1787923839578300,178792343404851502,,5,,1787923839571918,1787923839578259,1787923839578300,,,"delta_len=69,sent_us=1787923839563007",,,,,41
server,client_mutation,completed,1787923839626256,178792343404851502,,,,1787923839624130,1787923839624131,1787923839626256,,,http_data_plane,,,,,2125
server,client_mutation,completed,1787923839826390,178792343404851502,,,,1787923839824213,1787923839824214,1787923839826390,,,http_data_plane,,,,,2176
server,peer_replication_get_delta,completed,1787923839886427,178792343404851502,178792343597983001,5,,1787923839886330,1787923839886334,1787923839886427,,,"delta_len=198,sent_us=1787923839816000",,,,,93
server,client_mutation,completed,1787923840026318,178792343404851502,,,,1787923840024183,1787923840024183,1787923840026318,,,http_data_plane,,,,,2135
server,peer_replication_get_delta,completed,1787923840049666,178792343404851502,178792343404852502,5,,1787923840049561,1787923840049565,1787923840049666,,,"delta_len=117,sent_us=1787923840000969",,,,,101
server,client_mutation,completed,1787923840226350,178792343404851502,,,,1787923840224173,1787923840224174,1787923840226350,,,http_data_plane,,,,,2176
server,client_mutation,completed,1787923840426276,178792343404851502,,,,1787923840424149,1787923840424150,1787923840426276,,,http_data_plane,,,,,2126
server,peer_replication_pull_request,sent,1787923840493205,178792343404851502,,,,,,,,,connected_peers=16,,,,,
server,peer_replication_merge_delta,completed,1787923840592356,178792343404851502,,5,,1787923840588927,1787923840592341,1787923840592356,,,"delta_len=13,sent_us=1787923840562978",,,,,15
server,client_mutation,completed,1787923840626266,178792343404851502,,,,1787923840624146,1787923840624147,1787923840626266,,,http_data_plane,,,,,2119
server,client_mutation,completed,1787923840826422,178792343404851502,,,,1787923840824215,1787923840824216,1787923840826422,,,http_data_plane,,,,,2206
server,client_mutation,completed,1787923841026326,178792343404851502,,,,1787923841024137,1787923841024137,1787923841026326,,,http_data_plane,,,,,2189
server,client_mutation,completed,1787923841226223,178792343404851502,,,,1787923841224129,1787923841224130,1787923841226223,,,http_data_plane,,,,,2093
server,client_mutation,completed,1787923841426252,178792343404851502,,,,1787923841424145,1787923841424146,1787923841426252,,,http_data_plane,,,,,2106
server,peer_replication_pull_request,sent,1787923841492997,178792343404851502,,,,,,,,,connected_peers=16,,,,,
server,peer_replication_merge_delta,completed,1787923841577803,178792343404851502,,5,,1787923841572193,1787923841577764,1787923841577803,,,"delta_len=60,sent_us=1787923841562975",,,,,39
server,client_mutation,completed,1787923841626220,178792343404851502,,,,1787923841624100,1787923841624101,1787923841626220,,,http_data_plane,,,,,2119
server,client_mutation,completed,1787923841827151,178792343404851502,,,,1787923841824197,1787923841824198,1787923841827151,,,http_data_plane,,,,,2953
server,client_mutation,completed,1787923842027038,178792343404851502,,,,1787923842024193,1787923842024194,1787923842027038,,,http_data_plane,,,,,2844
server,client_mutation,completed,1787923842226548,178792343404851502,,,,1787923842224105,1787923842224106,1787923842226548,,,http_data_plane,,,,,2442
server,client_mutation,completed,1787923842426721,178792343404851502,,,,1787923842424167,1787923842424167,1787923842426721,,,http_data_plane,,,,,2554
server,peer_replication_pull_request,sent,1787923842493372,178792343404851502,,,,,,,,,connected_peers=16,,,,,
server,peer_replication_merge_delta,completed,1787923842625521,178792343404851502,,5,,1787923842620043,1787923842625489,1787923842625521,,,"delta_len=45,sent_us=1787923842598529",,,,,32
server,client_mutation,completed,1787923842627721,178792343404851502,,,,1787923842624083,1787923842625561,1787923842627721,,,http_data_plane,,,,,2160
server,client_mutation,completed,1787923842826512,178792343404851502,,,,1787923842824212,1787923842824213,1787923842826512,,,http_data_plane,,,,,2299
server,peer_replication_get_delta,completed,1787923842849282,178792343404851502,178792343327015802,5,,1787923842849213,1787923842849217,1787923842849282,,,"delta_len=72,sent_us=1787923842778676",,,,,65
server,client_mutation,completed,1787923843026443,178792343404851502,,,,1787923843024134,1787923843024135,1787923843026443,,,http_data_plane,,,,,2308
server,membership_directory_read,completed,1787923843156221,178792343404851502,,,,,1787923843078139,1787923843156221,,,poll:128 descriptors,,,,,78082
server,client_mutation,completed,1787923843226381,178792343404851502,,,,1787923843224143,1787923843224144,1787923843226381,,,http_data_plane,,,,,2237
server,client_mutation,completed,1787923843426340,178792343404851502,,,,1787923843424109,1787923843424110,1787923843426340,,,http_data_plane,,,,,2230
server,peer_replication_pull_request,sent,1787923843493028,178792343404851502,,,,,,,,,connected_peers=16,,,,,
server,peer_replication_merge_delta,completed,1787923843623271,178792343404851502,,5,,1787923843619645,1787923843623240,1787923843623271,,,"delta_len=17,sent_us=1787923843598184",,,,,31
server,client_mutation,completed,1787923843626219,178792343404851502,,,,1787923843624119,1787923843624119,1787923843626219,,,http_data_plane,,,,,2100
server,client_mutation,completed,1787923843826268,178792343404851502,,,,1787923843824163,1787923843824164,1787923843826268,,,http_data_plane,,,,,2104
server,client_mutation,completed,1787923844026371,178792343404851502,,,,1787923844024141,1787923844024142,1787923844026371,,,http_data_plane,,,,,2229
server,client_mutation,completed,1787923844226256,178792343404851502,,,,1787923844224144,1787923844224145,1787923844226256,,,http_data_plane,,,,,2111
server,client_mutation,completed,1787923844426312,178792343404851502,,,,1787923844424154,1787923844424154,1787923844426312,,,http_data_plane,,,,,2158
server,peer_replication_get_delta,completed,1787923844456242,178792343404851502,178792343597985001,5,,1787923844456179,1787923844456183,1787923844456242,,,"delta_len=51,sent_us=1787923844430257",,,,,59
server,peer_replication_pull_request,sent,1787923844493452,178792343404851502,,,,,,,,,connected_peers=16,,,,,
server,peer_replication_merge_delta,completed,1787923844549603,178792343404851502,,5,,1787923844545476,1787923844549578,1787923844549603,,,"delta_len=29,sent_us=1787923844519382",,,,,25
server,client_mutation,completed,1787923844626335,178792343404851502,,,,1787923844624143,1787923844624144,1787923844626335,,,http_data_plane,,,,,2191
server,client_mutation,completed,1787923844826240,178792343404851502,,,,1787923844824148,1787923844824149,1787923844826240,,,http_data_plane,,,,,2091
server,client_mutation,completed,1787923845026642,178792343404851502,,,,1787923845024263,1787923845024264,1787923845026642,,,http_data_plane,,,,,2378
server,peer_replication_get_delta,completed,1787923845181611,178792343404851502,178792343266890002,5,,1787923845181543,1787923845181546,1787923845181611,,,"delta_len=50,sent_us=1787923845076026",,,,,65
server,client_mutation,completed,1787923845234296,178792343404851502,,,,1787923845229405,1787923845229406,1787923845234296,,,http_data_plane,,,,,4890
server,client_mutation,completed,1787923845426487,178792343404851502,,,,1787923845424145,1787923845424146,1787923845426487,,,http_data_plane,,,,,2341
server,peer_replication_pull_request,sent,1787923845493190,178792343404851502,,,,,,,,,connected_peers=16,,,,,
server,peer_replication_merge_delta,completed,1787923845561855,178792343404851502,,5,,1787923845554746,1787923845561804,1787923845561855,,,"delta_len=87,sent_us=1787923845549991",,,,,51
server,client_mutation,completed,1787923845626354,178792343404851502,,,,1787923845624125,1787923845624126,1787923845626354,,,http_data_plane,,,,,2228
server,client_mutation,completed,1787923845826316,178792343404851502,,,,1787923845824149,1787923845824150,1787923845826316,,,http_data_plane,,,,,2166
server,client_mutation,completed,1787923846026403,178792343404851502,,,,1787923846024247,1787923846024248,1787923846026403,,,http_data_plane,,,,,2155
server,client_mutation,completed,1787923846226261,178792343404851502,,,,1787923846224133,1787923846224134,1787923846226261,,,http_data_plane,,,,,2127
server,client_mutation,completed,1787923846426241,178792343404851502,,,,1787923846424133,1787923846424134,1787923846426241,,,http_data_plane,,,,,2107
server,peer_replication_pull_request,sent,1787923846492981,178792343404851502,,,,,,,,,connected_peers=16,,,,,
server,peer_replication_merge_delta,completed,1787923846591439,178792343404851502,,5,,1787923846588902,1787923846591432,1787923846591439,,,"delta_len=3,sent_us=1787923846562970",,,,,7
server,client_mutation,completed,1787923846626396,178792343404851502,,,,1787923846624147,1787923846624148,1787923846626396,,,http_data_plane,,,,,2248
server,client_mutation,completed,1787923846826252,178792343404851502,,,,1787923846824136,1787923846824138,1787923846826252,,,http_data_plane,,,,,2114
server,peer_replication_get_delta,completed,1787923846859222,178792343404851502,178792343327015802,5,,1787923846859156,1787923846859159,1787923846859222,,,"delta_len=37,sent_us=1787923846779263",,,,,63
server,peer_replication_get_delta,completed,1787923846886366,178792343404851502,178792343597983001,5,,1787923846886298,1787923846886302,1787923846886366,,,"delta_len=78,sent_us=1787923846816076",,,,,64
server,client_mutation,completed,1787923847026296,178792343404851502,,,,1787923847024140,1787923847024140,1787923847026296,,,http_data_plane,,,,,2156
server,client_mutation,completed,1787923847226227,178792343404851502,,,,1787923847224125,1787923847224126,1787923847226227,,,http_data_plane,,,,,2101
server,peer_replication_get_delta,completed,1787923847311586,178792343404851502,178792343266886002,5,,1787923847311520,1787923847311524,1787923847311586,,,"delta_len=41,sent_us=1787923847200612",,,,,62
server,client_mutation,completed,1787923847426256,178792343404851502,,,,1787923847424167,1787923847424168,1787923847426256,,,http_data_plane,,,,,2088
server,peer_replication_pull_request,sent,1787923847492968,178792343404851502,,,,,,,,,connected_peers=16,,,,,
server,peer_replication_merge_delta,completed,1787923847625285,178792343404851502,,5,,1787923847619958,1787923847625253,1787923847625285,,,"delta_len=52,sent_us=1787923847598258",,,,,32
server,client_mutation,completed,1787923847627331,178792343404851502,,,,1787923847624058,1787923847625322,1787923847627331,,,http_data_plane,,,,,2009
server,client_mutation,completed,1787923847826307,178792343404851502,,,,1787923847824196,1787923847824197,1787923847826307,,,http_data_plane,,,,,2110
server,client_mutation,completed,1787923848026292,178792343404851502,,,,1787923848024120,1787923848024120,1787923848026292,,,http_data_plane,,,,,2172
server,membership_directory_read,completed,1787923848185998,178792343404851502,,,,,1787923848077971,1787923848185998,,,poll:128 descriptors,,,,,108027
server,client_mutation,completed,1787923848226268,178792343404851502,,,,1787923848224180,1787923848224180,1787923848226268,,,http_data_plane,,,,,2088
server,peer_replication_get_delta,completed,1787923848356515,178792343404851502,178792343597981001,5,,1787923848356456,1787923848356459,1787923848356515,,,"delta_len=32,sent_us=1787923848283584",,,,,56
server,client_mutation,completed,1787923848426188,178792343404851502,,,,1787923848424096,1787923848424096,1787923848426188,,,http_data_plane,,,,,2092
server,peer_replication_pull_request,sent,1787923848493888,178792343404851502,,,,,,,,,connected_peers=16,,,,,
server,peer_replication_connection,established,1787923848536458,178792343404851502,178792343513164002,,,,,,,,,,,,,
server,peer_replication_merge_delta,completed,1787923848558314,178792343404851502,,5,,1787923848554206,1787923848558292,1787923848558314,,,"delta_len=29,sent_us=1787923848524067",,,,,22
server,peer_replication_connection,established,1787923848612273,178792343404851502,178792343404853502,,,,,,,,,,,,,
server,client_mutation,completed,1787923848626130,178792343404851502,,,,1787923848624046,1787923848624046,1787923848626130,,,http_data_plane,,,,,2084
server,client_mutation,completed,1787923848726225,178792343404851502,,,,1787923848724252,1787923848724253,1787923848726225,,,http_data_plane,,,,,1972
server,client_mutation,completed,1787923849026814,178792343404851502,,,,1787923849024634,1787923849024634,1787923849026814,,,http_data_plane,,,,,2180
server,peer_replication_connection,established,1787923849075137,178792343404851502,178792343513165002,,,,,,,,,,,,,
server,client_mutation,completed,1787923849331833,178792343404851502,,,,1787923849329677,1787923849329678,1787923849331833,,,http_data_plane,,,,,2155
server,peer_replication_connection,established,1787923849347418,178792343404851502,178792343404854502,,,,,,,,,,,,,
server,peer_replication_pull_request,sent,1787923849493952,178792343404851502,,,,,,,,,connected_peers=20,,,,,
server,peer_replication_merge_delta,completed,1787923849588003,178792343404851502,,5,,1787923849576115,1787923849587931,1787923849588003,,,"delta_len=100,sent_us=1787923849565973",,,,,72
server,peer_replication_connection,established,1787923849588052,178792343404851502,178792343513166002,,,,,,,,,,,,,
server,client_mutation,completed,1787923849626558,178792343404851502,,,,1787923849624262,1787923849624263,1787923849626558,,,http_data_plane,,,,,2295
server,peer_replication_connection,established,1787923849897790,178792343404851502,178792343404855502,,,,,,,,,,,,,
server,client_mutation,completed,1787923850126311,178792343404851502,,,,1787923850124058,1787923850124059,1787923850126311,,,http_data_plane,,,,,2252
server,peer_replication_get_delta,completed,1787923850144608,178792343404851502,178792343597984001,5,,1787923850144543,1787923850144547,1787923850144608,,,"delta_len=59,sent_us=1787923850118630",,,,,61
server,peer_replication_get_delta,completed,1787923850389412,178792343404851502,178792343404854502,5,,1787923850389337,1787923850389341,1787923850389412,,,"delta_len=109,sent_us=1787923850347215",,,,,71
server,peer_replication_pull_request,sent,1787923850493772,178792343404851502,,,,,,,,,connected_peers=22,,,,,
server,peer_replication_merge_delta,completed,1787923850498666,178792343404851502,,5,,1787923850494628,1787923850498638,1787923850498666,,,"delta_len=32,sent_us=1787923850494240",,,,,28
server,client_mutation,completed,1787923850626519,178792343404851502,,,,1787923850624188,1787923850624188,1787923850626519,,,http_data_plane,,,,,2331
server,peer_replication_get_delta,completed,1787923851118745,178792343404851502,178792343513165002,5,,1787923851118666,1787923851118670,1787923851118745,,,"delta_len=59,sent_us=1787923851061835",,,,,75
server,client_mutation,completed,1787923851126605,178792343404851502,,,,1787923851124433,1787923851124433,1787923851126605,,,http_data_plane,,,,,2172
server,peer_replication_get_delta,completed,1787923851198263,178792343404851502,178792343327016802,5,,1787923851198177,1787923851198184,1787923851198263,,,"delta_len=46,sent_us=1787923851168001",,,,,79
server,peer_replication_pull_request,sent,1787923851493905,178792343404851502,,,,,,,,,connected_peers=22,,,,,
server,peer_replication_merge_delta,completed,1787923851577126,178792343404851502,,5,,1787923851572057,1787923851577089,1787923851577126,,,"delta_len=46,sent_us=1787923851563028",,,,,37
server,client_mutation,completed,1787923851626319,178792343404851502,,,,1787923851624160,1787923851624162,1787923851626319,,,http_data_plane,,,,,2157
server,client_mutation,completed,1787923852126345,178792343404851502,,,,1787923852124160,1787923852124163,1787923852126345,,,http_data_plane,,,,,2182
server,peer_replication_get_delta,completed,1787923852438798,178792343404851502,178792343327013802,5,,1787923852438725,1787923852438729,1787923852438798,,,"delta_len=36,sent_us=1787923852368221",,,,,69
server,peer_replication_pull_request,sent,1787923852493171,178792343404851502,,,,,,,,,connected_peers=22,,,,,
server,client_mutation,completed,1787923852626278,178792343404851502,,,,1787923852624111,1787923852624112,1787923852626278,,,http_data_plane,,,,,2166
server,peer_replication_merge_delta,completed,1787923852644467,178792343404851502,,5,,1787923852638146,1787923852644422,1787923852644467,,,"delta_len=69,sent_us=1787923852615143",,,,,45
server,client_mutation,completed,1787923853126184,178792343404851502,,,,1787923853124188,1787923853124189,1787923853126184,,,http_data_plane,,,,,1995
server,membership_directory_read,completed,1787923853185344,178792343404851502,,,,,1787923853078767,1787923853185344,,,poll:123 descriptors,,,,,106577
server,peer_replication_pull_request,sent,1787923853492980,178792343404851502,,,,,,,,,connected_peers=22,,,,,
server,peer_replication_merge_delta,completed,1787923853556186,178792343404851502,,5,,1787923853552922,1787923853556171,1787923853556186,,,"delta_len=15,sent_us=1787923853522940",,,,,15
server,client_mutation,completed,1787923853626185,178792343404851502,,,,1787923853624113,1787923853624113,1787923853626185,,,http_data_plane,,,,,2072
server,client_mutation,completed,1787923854126298,178792343404851502,,,,1787923854124171,1787923854124172,1787923854126298,,,http_data_plane,,,,,2126
server,peer_replication_pull_request,sent,1787923854493296,178792343404851502,,,,,,,,,connected_peers=22,,,,,
server,client_mutation,completed,1787923854626196,178792343404851502,,,,1787923854624180,1787923854624181,1787923854626196,,,http_data_plane,,,,,2015
server,peer_replication_merge_delta,completed,1787923854854551,178792343404851502,,5,,1787923854849467,1787923854854510,1787923854854551,,,"delta_len=49,sent_us=1787923854795469",,,,,41
server,peer_replication_get_delta,completed,1787923854886429,178792343404851502,178792343597983001,5,,1787923854886364,1787923854886368,1787923854886429,,,"delta_len=81,sent_us=1787923854816335",,,,,61
server,client_mutation,completed,1787923855126348,178792343404851502,,,,1787923855124170,1787923855124171,1787923855126348,,,http_data_plane,,,,,2177
server,peer_replication_get_delta,completed,1787923855456356,178792343404851502,178792343597985001,5,,1787923855456290,1787923855456294,1787923855456356,,,"delta_len=39,sent_us=1787923855430357",,,,,62
server,peer_replication_pull_request,sent,1787923855493593,178792343404851502,,,,,,,,,connected_peers=22,,,,,
server,peer_replication_merge_delta,completed,1787923855518595,178792343404851502,,5,,1787923855513104,1787923855518544,1787923855518595,,,"delta_len=52,sent_us=1787923855508578",,,,,51
server,client_mutation,completed,1787923855626306,178792343404851502,,,,1787923855624189,1787923855624190,1787923855626306,,,http_data_plane,,,,,2116
server,peer_replication_get_delta,completed,1787923855628677,178792343404851502,178792343513166002,5,,1787923855628606,1787923855628609,1787923855628677,,,"delta_len=72,sent_us=1787923855565249",,,,,68
server,client_mutation,completed,1787923856126228,178792343404851502,,,,1787923856124158,1787923856124159,1787923856126228,,,http_data_plane,,,,,2069
server,peer_replication_pull_request,sent,1787923856493150,178792343404851502,,,,,,,,,connected_peers=22,,,,,
server,peer_replication_get_delta,completed,1787923856496343,178792343404851502,178792343597985001,5,,1787923856496269,1787923856496272,1787923856496343,,,"delta_len=54,sent_us=1787923856430147",,,,,71
server,peer_replication_merge_delta,completed,1787923856549119,178792343404851502,,5,,1787923856545134,1787923856549094,1787923856549119,,,"delta_len=26,sent_us=1787923856519099",,,,,25
server,client_mutation,completed,1787923856626149,178792343404851502,,,,1787923856624080,1787923856624080,1787923856626149,,,http_data_plane,,,,,2069
server,client_mutation,completed,1787923857126412,178792343404851502,,,,1787923857124269,1787923857124269,1787923857126412,,,http_data_plane,,,,,2143
server,peer_replication_pull_request,sent,1787923857493433,178792343404851502,,,,,,,,,connected_peers=22,,,,,
server,peer_replication_merge_delta,completed,1787923857518785,178792343404851502,,5,,1787923857513026,1787923857518734,1787923857518785,,,"delta_len=58,sent_us=1787923857508503",,,,,51
server,client_mutation,completed,1787923857626526,178792343404851502,,,,1787923857624108,1787923857624109,1787923857626526,,,http_data_plane,,,,,2417
server,client_mutation,completed,1787923858126195,178792343404851502,,,,1787923858124145,1787923858124145,1787923858126195,,,http_data_plane,,,,,2050
server,membership_directory_read,completed,1787923858162075,178792343404851502,,,,,1787923858078597,1787923858162075,,,poll:123 descriptors,,,,,83478
server,peer_replication_get_delta,completed,1787923858311511,178792343404851502,178792343266886002,5,,1787923858311447,1787923858311450,1787923858311511,,,"delta_len=32,sent_us=1787923858200167",,,,,61
server,peer_replication_pull_request,sent,1787923858492974,178792343404851502,,,,,,,,,connected_peers=22,,,,,
server,peer_replication_merge_delta,completed,1787923858533989,178792343404851502,,5,,1787923858527843,1787923858533940,1787923858533989,,,"delta_len=68,sent_us=1787923858518901",,,,,49
server,client_mutation,completed,1787923858626273,178792343404851502,,,,1787923858624154,1787923858624155,1787923858626273,,,http_data_plane,,,,,2118
server,client_mutation,completed,1787923859126395,178792343404851502,,,,1787923859124266,1787923859124267,1787923859126395,,,http_data_plane,,,,,2128
server,peer_replication_pull_request,sent,1787923859493374,178792343404851502,,,,,,,,,connected_peers=22,,,,,
server,peer_replication_merge_delta,completed,1787923859545560,178792343404851502,,5,,1787923859540303,1787923859545515,1787923859545560,,,"delta_len=49,sent_us=1787923859539704",,,,,45
server,client_mutation,completed,1787923859626258,178792343404851502,,,,1787923859624157,1787923859624157,1787923859626258,,,http_data_plane,,,,,2101
server,client_mutation,completed,1787923860126656,178792343404851502,,,,1787923860124251,1787923860124251,1787923860126656,,,http_data_plane,,,,,2405
server,peer_replication_pull_request,sent,1787923860493616,178792343404851502,,,,,,,,,connected_peers=22,,,,,
server,peer_replication_merge_delta,completed,1787923860607945,178792343404851502,,5,,1787923860596154,1787923860607899,1787923860607945,,,"delta_len=30,sent_us=1787923860566168",,,,,46
server,client_mutation,completed,1787923860632506,178792343404851502,,,,1787923860624185,1787923860624186,1787923860632506,,,http_data_plane,,,,,8320
server,client_mutation,completed,1787923861125329,178792343404851502,,,,1787923861124120,1787923861124120,1787923861125329,,,http_data_plane,,,,,1209
server,peer_replication_pull_request,sent,1787923861493293,178792343404851502,,,,,,,,,connected_peers=22,,,,,
server,peer_replication_merge_delta,completed,1787923861576310,178792343404851502,,5,,1787923861571935,1787923861576269,1787923861576310,,,"delta_len=47,sent_us=1787923861563003",,,,,41
server,client_mutation,completed,1787923861625565,178792343404851502,,,,1787923861624091,1787923861624092,1787923861625565,,,http_data_plane,,,,,1473
server,client_mutation,completed,1787923862125995,178792343404851502,,,,1787923862124134,1787923862124135,1787923862125995,,,http_data_plane,,,,,1860
server,peer_replication_pull_request,sent,1787923862493033,178792343404851502,,,,,,,,,connected_peers=22,,,,,
server,peer_replication_merge_delta,completed,1787923862499868,178792343404851502,,5,,1787923862494399,1787923862499747,1787923862499868,,,"delta_len=58,sent_us=1787923862493706",,,,,121
server,client_mutation,completed,1787923862626216,178792343404851502,,,,1787923862624136,1787923862624137,1787923862626216,,,http_data_plane,,,,,2079
server,peer_replication_get_delta,completed,1787923863049467,178792343404851502,178792343404852502,5,,1787923863049395,1787923863049399,1787923863049467,,,"delta_len=73,sent_us=1787923863001149",,,,,68
server,client_mutation,completed,1787923863126227,178792343404851502,,,,1787923863124143,1787923863124144,1787923863126227,,,http_data_plane,,,,,2083
server,membership_directory_read,completed,1787923863149585,178792343404851502,,,,,1787923863078813,1787923863149585,,,poll:123 descriptors,,,,,70772
server,peer_replication_pull_request,sent,1787923863493287,178792343404851502,,,,,,,,,connected_peers=22,,,,,
server,peer_replication_merge_delta,completed,1787923863569952,178792343404851502,,5,,1787923863564840,1787923863569911,1787923863569952,,,"delta_len=44,sent_us=1787923863560038",,,,,41
server,client_mutation,completed,1787923863626243,178792343404851502,,,,1787923863624144,1787923863624145,1787923863626243,,,http_data_plane,,,,,2098
server,client_mutation,completed,1787923864126416,178792343404851502,,,,1787923864124312,1787923864124312,1787923864126416,,,http_data_plane,,,,,2104
server,peer_replication_pull_request,sent,1787923864493490,178792343404851502,,,,,,,,,connected_peers=22,,,,,
server,peer_replication_merge_delta,completed,1787923864497875,178792343404851502,,5,,1787923864494549,1787923864497852,1787923864497875,,,"delta_len=16,sent_us=1787923864494029",,,,,23
server,client_mutation,completed,1787923864626210,178792343404851502,,,,1787923864624174,1787923864624174,1787923864626210,,,http_data_plane,,,,,2036
server,client_mutation,completed,1787923865126459,178792343404851502,,,,1787923865124162,1787923865124163,1787923865126459,,,http_data_plane,,,,,2296
server,peer_replication_pull_request,sent,1787923865493414,178792343404851502,,,,,,,,,connected_peers=22,,,,,
server,peer_replication_merge_delta,completed,1787923865589754,178792343404851502,,5,,1787923865582274,1787923865589697,1787923865589754,,,"delta_len=86,sent_us=1787923865558141",,,,,57
server,client_mutation,completed,1787923865626409,178792343404851502,,,,1787923865624175,1787923865624176,1787923865626409,,,http_data_plane,,,,,2233
server,client_mutation,completed,1787923866126472,178792343404851502,,,,1787923866124364,1787923866124365,1787923866126472,,,http_data_plane,,,,,2107
server,peer_replication_pull_request,sent,1787923866493235,178792343404851502,,,,,,,,,connected_peers=22,,,,,
server,peer_replication_merge_delta,completed,1787923866560580,178792343404851502,,5,,1787923866555634,1787923866560531,1787923866560580,,,"delta_len=43,sent_us=1787923866551087",,,,,49
server,client_mutation,completed,1787923866626304,178792343404851502,,,,1787923866624148,1787923866624149,1787923866626304,,,http_data_plane,,,,,2155
server,peer_replication_get_delta,completed,1787923867059633,178792343404851502,178792343404852502,5,,1787923867059510,1787923867059513,1787923867059633,,,"delta_len=55,sent_us=1787923867000865",,,,,120
server,client_mutation,completed,1787923867126327,178792343404851502,,,,1787923867124201,1787923867124202,1787923867126327,,,http_data_plane,,,,,2125
server,peer_replication_pull_request,sent,1787923867493404,178792343404851502,,,,,,,,,connected_peers=22,,,,,
server,peer_replication_merge_delta,completed,1787923867569171,178792343404851502,,5,,1787923867564373,1787923867569128,1787923867569171,,,"delta_len=43,sent_us=1787923867559906",,,,,43
server,client_mutation,completed,1787923867626299,178792343404851502,,,,1787923867624178,1787923867624179,1787923867626299,,,http_data_plane,,,,,2120
server,client_mutation,completed,1787923868126527,178792343404851502,,,,1787923868124210,1787923868124211,1787923868126527,,,http_data_plane,,,,,2316
server,peer_replication_get_delta,completed,1787923868140481,178792343404851502,178792343266890002,5,,1787923868140398,1787923868140402,1787923868140481,,,"delta_len=54,sent_us=1787923868076652",,,,,79
server,membership_directory_read,completed,1787923868154020,178792343404851502,,,,,1787923868078349,1787923868154020,,,poll:123 descriptors,,,,,75671
server,peer_replication_pull_request,sent,1787923868493609,178792343404851502,,,,,,,,,connected_peers=22,,,,,
server,peer_replication_merge_delta,completed,1787923868625425,178792343404851502,,5,,1787923868620392,1787923868625383,1787923868625425,,,"delta_len=45,sent_us=1787923868598892",,,,,42
server,client_mutation,completed,1787923868627539,178792343404851502,,,,1787923868624164,1787923868625471,1787923868627539,,,http_data_plane,,,,,2068
server,client_mutation,completed,1787923869126244,178792343404851502,,,,1787923869124162,1787923869124162,1787923869126244,,,http_data_plane,,,,,2082
server,peer_replication_get_delta,completed,1787923869140294,178792343404851502,178792343266890002,5,,1787923869140232,1787923869140235,1787923869140294,,,"delta_len=2,sent_us=1787923869076509",,,,,59
server,peer_replication_get_delta,completed,1787923869348014,178792343404851502,178792343404854502,5,,1787923869347946,1787923869347950,1787923869348014,,,"delta_len=29,sent_us=1787923869347463",,,,,64
server,peer_replication_pull_request,sent,1787923869493395,178792343404851502,,,,,,,,,connected_peers=22,,,,,
server,peer_replication_merge_delta,completed,1787923869559551,178792343404851502,,5,,1787923869554449,1787923869559514,1787923869559551,,,"delta_len=51,sent_us=1787923869549945",,,,,37
server,client_mutation,completed,1787923869626259,178792343404851502,,,,1787923869624188,1787923869624189,1787923869626259,,,http_data_plane,,,,,2070
server,peer_replication_get_delta,completed,1787923869809051,178792343404851502,178792343327015802,5,,1787923869808901,1787923869808904,1787923869809051,,,"delta_len=64,sent_us=1787923869778747",,,,,147
server,client_mutation,completed,1787923870126321,178792343404851502,,,,1787923870124196,1787923870124197,1787923870126321,,,http_data_plane,,,,,2124
server,peer_replication_get_delta,completed,1787923870438729,178792343404851502,178792343327013802,5,,1787923870438654,1787923870438658,1787923870438729,,,"delta_len=40,sent_us=1787923870367417",,,,,71
server,peer_replication_pull_request,sent,1787923870493067,178792343404851502,,,,,,,,,connected_peers=22,,,,,
server,peer_replication_merge_delta,completed,1787923870500022,178792343404851502,,5,,1787923870494276,1787923870499982,1787923870500022,,,"delta_len=62,sent_us=1787923870493695",,,,,40
server,client_mutation,completed,1787923870626324,178792343404851502,,,,1787923870624173,1787923870624174,1787923870626324,,,http_data_plane,,,,,2150
server,peer_replication_get_delta,completed,1787923870918040,178792343404851502,178792343513167001,5,,1787923870917953,1787923870917963,1787923870918040,,,"delta_len=55,sent_us=1787923870904004",,,,,77
server,peer_replication_get_delta,completed,1787923871049531,178792343404851502,178792343404852502,5,,1787923871049459,1787923871049462,1787923871049531,,,"delta_len=47,sent_us=1787923871001260",,,,,69
server,peer_replication_get_delta,completed,1787923871119126,178792343404851502,178792343513165002,5,,1787923871119051,1787923871119054,1787923871119126,,,"delta_len=55,sent_us=1787923871061171",,,,,72
server,client_mutation,completed,1787923871126366,178792343404851502,,,,1787923871124154,1787923871124155,1787923871126366,,,http_data_plane,,,,,2211
server,peer_replication_pull_request,sent,1787923871493497,178792343404851502,,,,,,,,,connected_peers=22,,,,,
server,peer_replication_merge_delta,completed,1787923871626691,178792343404851502,,5,,1787923871622434,1787923871626671,1787923871626691,,,"delta_len=25,sent_us=1787923871558668",,,,,20
server,client_mutation,completed,1787923871628907,178792343404851502,,,,1787923871624349,1787923871626748,1787923871628907,,,http_data_plane,,,,,2159
server,client_mutation,completed,1787923872126357,178792343404851502,,,,1787923872124164,1787923872124165,1787923872126357,,,http_data_plane,,,,,2192
server,peer_replication_pull_request,sent,1787923872493370,178792343404851502,,,,,,,,,connected_peers=22,,,,,
server,peer_replication_merge_delta,completed,1787923872583631,178792343404851502,,5,,1787923872576068,1787923872583566,1787923872583631,,,"delta_len=92,sent_us=1787923872566026",,,,,65
server,client_mutation,completed,1787923872626212,178792343404851502,,,,1787923872624120,1787923872624121,1787923872626212,,,http_data_plane,,,,,2091
server,peer_replication_get_delta,completed,1787923872849248,178792343404851502,178792343327015802,5,,1787923872849169,1787923872849172,1787923872849248,,,"delta_len=115,sent_us=1787923872778745",,,,,76
server,client_mutation,completed,1787923873126309,178792343404851502,,,,1787923873124175,1787923873124175,1787923873126309,,,http_data_plane,,,,,2134
server,membership_directory_read,completed,1787923873172242,178792343404851502,,,,,1787923873078683,1787923873172242,,,poll:123 descriptors,,,,,93559
server,peer_replication_get_delta,completed,1787923873356352,178792343404851502,178792343597981001,5,,1787923873356278,1787923873356281,1787923873356352,,,"delta_len=65,sent_us=1787923873283862",,,,,71
server,peer_replication_pull_request,sent,1787923873493711,178792343404851502,,,,,,,,,connected_peers=22,,,,,
server,peer_replication_merge_delta,completed,1787923873567753,178792343404851502,,5,,1787923873564018,1787923873567730,1787923873567753,,,"delta_len=19,sent_us=1787923873550029",,,,,23
server,client_mutation,completed,1787923873626266,178792343404851502,,,,1787923873624165,1787923873624165,1787923873626266,,,http_data_plane,,,,,2101
server,client_mutation,completed,1787923874126397,178792343404851502,,,,1787923874124202,1787923874124203,1787923874126397,,,http_data_plane,,,,,2194
server,peer_replication_pull_request,sent,1787923874493831,178792343404851502,,,,,,,,,connected_peers=22,,,,,
server,peer_replication_get_delta,completed,1787923874512689,178792343404851502,178792343266887002,5,,1787923874512614,1787923874512617,1787923874512689,,,"delta_len=53,sent_us=1787923874398879",,,,,72
server,peer_replication_merge_delta,completed,1787923874559262,178792343404851502,,5,,1787923874554399,1787923874559232,1787923874559262,,,"delta_len=42,sent_us=1787923874549916",,,,,30
server,client_mutation,completed,1787923874626342,178792343404851502,,,,1787923874624134,1787923874624135,1787923874626342,,,http_data_plane,,,,,2207
server,client_mutation,completed,1787923875126581,178792343404851502,,,,1787923875124413,1787923875124414,1787923875126581,,,http_data_plane,,,,,2167
server,peer_replication_pull_request,sent,1787923875493629,178792343404851502,,,,,,,,,connected_peers=22,,,,,
server,peer_replication_merge_delta,completed,1787923875583358,178792343404851502,,5,,1787923875576044,1787923875583305,1787923875583358,,,"delta_len=77,sent_us=1787923875566041",,,,,53
server,client_mutation,completed,1787923875626234,178792343404851502,,,,1787923875624129,1787923875624129,1787923875626234,,,http_data_plane,,,,,2105
server,client_mutation,completed,1787923876126456,178792343404851502,,,,1787923876124251,1787923876124252,1787923876126456,,,http_data_plane,,,,,2204
server,peer_replication_get_delta,completed,1787923876356341,178792343404851502,178792343597981001,5,,1787923876356261,1787923876356265,1787923876356341,,,"delta_len=87,sent_us=1787923876283042",,,,,76
server,peer_replication_pull_request,sent,1787923876493709,178792343404851502,,,,,,,,,connected_peers=22,,,,,
server,peer_replication_merge_delta,completed,1787923876566631,178792343404851502,,5,,1787923876563979,1787923876566624,1787923876566631,,,"delta_len=4,sent_us=1787923876550077",,,,,7
server,peer_replication_get_delta,completed,1787923876612588,178792343404851502,178792343404853502,5,,1787923876612503,1787923876612506,1787923876612588,,,"delta_len=58,sent_us=1787923876611869",,,,,82
server,client_mutation,completed,1787923876626254,178792343404851502,,,,1787923876624102,1787923876624103,1787923876626254,,,http_data_plane,,,,,2151
server,client_mutation,completed,1787923877126795,178792343404851502,,,,1787923877124193,1787923877124193,1787923877126795,,,http_data_plane,,,,,2602
server,peer_replication_get_delta,completed,1787923877456399,178792343404851502,178792343597985001,5,,1787923877456324,1787923877456328,1787923877456399,,,"delta_len=47,sent_us=1787923877430426",,,,,71
server,peer_replication_pull_request,sent,1787923877493730,178792343404851502,,,,,,,,,connected_peers=22,,,,,
server,client_mutation,completed,1787923877626423,178792343404851502,,,,1787923877624100,1787923877624101,1787923877626423,,,http_data_plane,,,,,2322
server,peer_replication_merge_delta,completed,1787923877672293,178792343404851502,,5,,1787923877663840,1787923877672226,1787923877672293,,,"delta_len=113,sent_us=1787923877598705",,,,,67
server,client_mutation,completed,1787923878126223,178792343404851502,,,,1787923878124104,1787923878124105,1787923878126223,,,http_data_plane,,,,,2118
server,membership_directory_read,completed,1787923878151298,178792343404851502,,,,,1787923878078798,1787923878151298,,,poll:123 descriptors,,,,,72500
server,peer_replication_pull_request,sent,1787923878493012,178792343404851502,,,,,,,,,connected_peers=22,,,,,
server,client_mutation,completed,1787923878626474,178792343404851502,,,,1787923878624195,1787923878624196,1787923878626474,,,http_data_plane,,,,,2278
server,peer_replication_merge_delta,completed,1787923878634376,178792343404851502,,5,,1787923878629876,1787923878634350,1787923878634376,,,"delta_len=37,sent_us=1787923878608387",,,,,26
server,client_mutation,completed,1787923879126423,178792343404851502,,,,1787923879124206,1787923879124207,1787923879126423,,,http_data_plane,,,,,2216
server,peer_replication_pull_request,sent,1787923879493389,178792343404851502,,,,,,,,,connected_peers=22,,,,,
server,peer_replication_merge_delta,completed,1787923879497931,178792343404851502,,5,,1787923879494470,1787923879497899,1787923879497931,,,"delta_len=18,sent_us=1787923879493893",,,,,32
server,client_mutation,completed,1787923879626263,178792343404851502,,,,1787923879624126,1787923879624127,1787923879626263,,,http_data_plane,,,,,2136
server,peer_replication_get_delta,completed,1787923879842351,178792343404851502,178792343597983001,5,,1787923879842285,1787923879842289,1787923879842351,,,"delta_len=24,sent_us=1787923879816206",,,,,62
server,client_mutation,completed,1787923880126389,178792343404851502,,,,1787923880124163,1787923880124164,1787923880126389,,,http_data_plane,,,,,2225
server,peer_replication_pull_request,sent,1787923880493407,178792343404851502,,,,,,,,,connected_peers=22,,,,,
server,peer_replication_merge_delta,completed,1787923880626198,178792343404851502,,5,,1787923880619725,1787923880626151,1787923880626198,,,"delta_len=64,sent_us=1787923880598214",,,,,47
server,client_mutation,completed,1787923880628308,178792343404851502,,,,1787923880624235,1787923880626244,1787923880628308,,,http_data_plane,,,,,2064
server,peer_replication_get_delta,completed,1787923881118698,178792343404851502,178792343513165002,5,,1787923881118628,1787923881118631,1787923881118698,,,"delta_len=63,sent_us=1787923881061195",,,,,67
server,client_mutation,completed,1787923881126390,178792343404851502,,,,1787923881124221,1787923881124221,1787923881126390,,,http_data_plane,,,,,2169
server,peer_replication_get_delta,completed,1787923881186419,178792343404851502,178792343597984001,5,,1787923881186337,1787923881186340,1787923881186419,,,"delta_len=80,sent_us=1787923881118547",,,,,79
server,peer_replication_get_delta,completed,1787923881347988,178792343404851502,178792343404854502,5,,1787923881347911,1787923881347915,1787923881347988,,,"delta_len=42,sent_us=1787923881347404",,,,,73
server,peer_replication_pull_request,sent,1787923881493299,178792343404851502,,,,,,,,,connected_peers=22,,,,,
server,peer_replication_merge_delta,completed,1787923881550317,178792343404851502,,5,,1787923881545200,1787923881550278,1787923881550317,,,"delta_len=21,sent_us=1787923881519159",,,,,39
server,client_mutation,completed,1787923881626360,178792343404851502,,,,1787923881624227,1787923881624228,1787923881626360,,,http_data_plane,,,,,2132
server,client_mutation,completed,1787923882126361,178792343404851502,,,,1787923882124197,1787923882124197,1787923882126361,,,http_data_plane,,,,,2164
server,peer_replication_pull_request,sent,1787923882493337,178792343404851502,,,,,,,,,connected_peers=22,,,,,
server,peer_replication_get_delta,completed,1787923882506328,178792343404851502,178792343597985001,5,,1787923882506265,1787923882506268,1787923882506328,,,"delta_len=5,sent_us=1787923882430296",,,,,60
server,peer_replication_get_delta,completed,1787923882578719,178792343404851502,178792343513164002,5,,1787923882578633,1787923882578636,1787923882578719,,,"delta_len=49,sent_us=1787923882522789",,,,,83
server,peer_replication_merge_delta,completed,1787923882627096,178792343404851502,,5,,1787923882620503,1787923882627036,1787923882627096,,,"delta_len=68,sent_us=1787923882598573",,,,,60
server,client_mutation,completed,1787923882629277,178792343404851502,,,,1787923882624486,1787923882627133,1787923882629277,,,http_data_plane,,,,,2144
server,peer_replication_get_delta,completed,1787923883049434,178792343404851502,178792343404852502,5,,1787923883049362,1787923883049365,1787923883049434,,,"delta_len=48,sent_us=1787923883001141",,,,,69
server,client_mutation,completed,1787923883126324,178792343404851502,,,,1787923883124165,1787923883124167,1787923883126324,,,http_data_plane,,,,,2157
server,membership_directory_read,completed,1787923883146239,178792343404851502,,,,,1787923883078645,1787923883146239,,,poll:123 descriptors,,,,,67594
server,peer_replication_pull_request,sent,1787923883493865,178792343404851502,,,,,,,,,connected_peers=22,,,,,
server,peer_replication_merge_delta,completed,1787923883558787,178792343404851502,,5,,1787923883554357,1787923883558752,1787923883558787,,,"delta_len=34,sent_us=1787923883549905",,,,,35
server,client_mutation,completed,1787923883626235,178792343404851502,,,,1787923883624166,1787923883624167,1787923883626235,,,http_data_plane,,,,,2068
server,client_mutation,completed,1787923884126358,178792343404851502,,,,1787923884124239,1787923884124240,1787923884126358,,,http_data_plane,,,,,2118
server,peer_replication_pull_request,sent,1787923884493303,178792343404851502,,,,,,,,,connected_peers=22,,,,,
server,peer_replication_merge_delta,completed,1787923884519137,178792343404851502,,5,,1787923884512923,1787923884519086,1787923884519137,,,"delta_len=63,sent_us=1787923884508399",,,,,51
server,peer_replication_get_delta,completed,1787923884539647,178792343404851502,178792343327017802,5,,1787923884539566,1787923884539569,1787923884539647,,,"delta_len=100,sent_us=1787923884509612",,,,,78
server,client_mutation,completed,1787923884626154,178792343404851502,,,,1787923884624131,1787923884624132,1787923884626154,,,http_data_plane,,,,,2022
server,peer_replication_get_delta,completed,1787923885049463,178792343404851502,178792343404852502,5,,1787923885049388,1787923885049391,1787923885049463,,,"delta_len=58,sent_us=1787923885001043",,,,,72
server,client_mutation,completed,1787923885126330,178792343404851502,,,,1787923885124093,1787923885124094,1787923885126330,,,http_data_plane,,,,,2236
server,peer_replication_pull_request,sent,1787923885493329,178792343404851502,,,,,,,,,connected_peers=22,,,,,
server,client_mutation,completed,1787923885626270,178792343404851502,,,,1787923885624240,1787923885624241,1787923885626270,,,http_data_plane,,,,,2029
server,peer_replication_merge_delta,completed,1787923885665772,178792343404851502,,5,,1787923885662113,1787923885665742,1787923885665772,,,"delta_len=25,sent_us=1787923885598140",,,,,30
server,peer_replication_get_delta,completed,1787923886049429,178792343404851502,178792343404852502,5,,1787923886049365,1787923886049368,1787923886049429,,,"delta_len=27,sent_us=1787923886001093",,,,,61
server,client_mutation,completed,1787923886126400,178792343404851502,,,,1787923886124196,1787923886124197,1787923886126400,,,http_data_plane,,,,,2203
server,peer_replication_pull_request,sent,1787923886493347,178792343404851502,,,,,,,,,connected_peers=22,,,,,
server,peer_replication_merge_delta,completed,1787923886577024,178792343404851502,,5,,1787923886572012,1787923886576988,1787923886577024,,,"delta_len=49,sent_us=1787923886563065",,,,,36
server,client_mutation,completed,1787923886626510,178792343404851502,,,,1787923886624123,1787923886624123,1787923886626510,,,http_data_plane,,,,,2387
server,peer_replication_get_delta,completed,1787923886920131,178792343404851502,178792343266889002,5,,1787923886920060,1787923886920064,1787923886920131,,,"delta_len=58,sent_us=1787923886856287",,,,,67
server,client_mutation,completed,1787923887126292,178792343404851502,,,,1787923887124252,1787923887124252,1787923887126292,,,http_data_plane,,,,,2040
server,peer_replication_pull_request,sent,1787923887493212,178792343404851502,,,,,,,,,connected_peers=22,,,,,
server,peer_replication_merge_delta,completed,1787923887583635,178792343404851502,,5,,1787923887576611,1787923887583577,1787923887583635,,,"delta_len=81,sent_us=1787923887566186",,,,,58
server,client_mutation,completed,1787923887626286,178792343404851502,,,,1787923887624142,1787923887624143,1787923887626286,,,http_data_plane,,,,,2143
server,client_mutation,completed,1787923888126229,178792343404851502,,,,1787923888124171,1787923888124172,1787923888126229,,,http_data_plane,,,,,2057
server,membership_directory_read,completed,1787923888150930,178792343404851502,,,,,1787923888078368,1787923888150930,,,poll:123 descriptors,,,,,72562
server,peer_replication_pull_request,sent,1787923888493551,178792343404851502,,,,,,,,,connected_peers=22,,,,,
server,peer_replication_merge_delta,completed,1787923888544090,178792343404851502,,5,,1787923888540668,1787923888544070,1787923888544090,,,"delta_len=18,sent_us=1787923888539650",,,,,20
server,client_mutation,completed,1787923888626348,178792343404851502,,,,1787923888624153,1787923888624153,1787923888626348,,,http_data_plane,,,,,2195
server,client_mutation,completed,1787923889126458,178792343404851502,,,,1787923889124180,1787923889124180,1787923889126458,,,http_data_plane,,,,,2278
server,peer_replication_pull_request,sent,1787923889493369,178792343404851502,,,,,,,,,connected_peers=22,,,,,
server,client_mutation,completed,1787923889626218,178792343404851502,,,,1787923889624122,1787923889624123,1787923889626218,,,http_data_plane,,,,,2095
server,peer_replication_merge_delta,completed,1787923889665633,178792343404851502,,5,,1787923889661916,1787923889665614,1787923889665633,,,"delta_len=24,sent_us=1787923889598163",,,,,19
server,client_mutation,completed,1787923890126522,178792343404851502,,,,1787923890124208,1787923890124209,1787923890126522,,,http_data_plane,,,,,2313
server,peer_replication_pull_request,sent,1787923890493229,178792343404851502,,,,,,,,,connected_peers=22,,,,,
server,peer_replication_merge_delta,completed,1787923890538841,178792343404851502,,5,,1787923890533672,1787923890538804,1787923890538841,,,"delta_len=47,sent_us=1787923890523464",,,,,37
server,client_mutation,completed,1787923890626257,178792343404851502,,,,1787923890624085,1787923890624086,1787923890626257,,,http_data_plane,,,,,2171
server,client_mutation,completed,1787923891126415,178792343404851502,,,,1787923891124238,1787923891124239,1787923891126415,,,http_data_plane,,,,,2176
server,peer_replication_get_delta,completed,1787923891198569,178792343404851502,178792343327016802,5,,1787923891198499,1787923891198502,1787923891198569,,,"delta_len=20,sent_us=1787923891168476",,,,,67
server,peer_replication_pull_request,sent,1787923891493145,178792343404851502,,,,,,,,,connected_peers=22,,,,,
server,peer_replication_merge_delta,completed,1787923891581846,178792343404851502,,5,,1787923891576541,1787923891581809,1787923891581846,,,"delta_len=51,sent_us=1787923891566302",,,,,37
server,client_mutation,completed,1787923891626377,178792343404851502,,,,1787923891624173,1787923891624174,1787923891626377,,,http_data_plane,,,,,2203
server,client_mutation,completed,1787923892126400,178792343404851502,,,,1787923892124210,1787923892124211,1787923892126400,,,http_data_plane,,,,,2189
server,peer_replication_pull_request,sent,1787923892493375,178792343404851502,,,,,,,,,connected_peers=22,,,,,
server,peer_replication_merge_delta,completed,1787923892559134,178792343404851502,,5,,1787923892554421,1787923892559094,1787923892559134,,,"delta_len=36,sent_us=1787923892549937",,,,,40
server,client_mutation,completed,1787923892626160,178792343404851502,,,,1787923892624087,1787923892624087,1787923892626160,,,http_data_plane,,,,,2073
server,peer_replication_get_delta,completed,1787923892665123,178792343404851502,178792343266888002,5,,1787923892665051,1787923892665054,1787923892665123,,,"delta_len=76,sent_us=1787923892601284",,,,,69
server,client_mutation,completed,1787923893126213,178792343404851502,,,,1787923893124112,1787923893124113,1787923893126213,,,http_data_plane,,,,,2100
server,membership_directory_read,completed,1787923893147240,178792343404851502,,,,,1787923893078776,1787923893147240,,,poll:123 descriptors,,,,,68464
server,peer_replication_pull_request,sent,1787923893493869,178792343404851502,,,,,,,,,connected_peers=22,,,,,
server,client_mutation,completed,1787923893628928,178792343404851502,,,,1787923893624242,1787923893624243,1787923893628928,,,http_data_plane,,,,,4685
server,peer_replication_merge_delta,completed,1787923893672076,178792343404851502,,5,,1787923893662162,1787923893672015,1787923893672076,,,"delta_len=113,sent_us=1787923893598281",,,,,61
server,peer_replication_get_delta,completed,1787923893842438,178792343404851502,178792343597983001,5,,1787923893842344,1787923893842349,1787923893842438,,,"delta_len=94,sent_us=1787923893816304",,,,,89
server,peer_replication_get_delta,completed,1787923893859269,178792343404851502,178792343327015802,5,,1787923893859187,1787923893859191,1787923893859269,,,"delta_len=109,sent_us=1787923893779274",,,,,78
server,client_mutation,completed,1787923894126084,178792343404851502,,,,1787923894124196,1787923894124197,1787923894126084,,,http_data_plane,,,,,1887
server,peer_replication_pull_request,sent,1787923894493003,178792343404851502,,,,,,,,,connected_peers=22,,,,,
server,peer_replication_merge_delta,completed,1787923894624712,178792343404851502,,5,,1787923894619920,1787923894624681,1787923894624712,,,"delta_len=41,sent_us=1787923894598206",,,,,31
server,client_mutation,completed,1787923894626609,178792343404851502,,,,1787923894624122,1787923894624756,1787923894626609,,,http_data_plane,,,,,1853
server,client_mutation,completed,1787923895126338,178792343404851502,,,,1787923895124192,1787923895124192,1787923895126338,,,http_data_plane,,,,,2146
server,peer_replication_pull_request,sent,1787923895493301,178792343404851502,,,,,,,,,connected_peers=22,,,,,
server,peer_replication_merge_delta,completed,1787923895592456,178792343404851502,,5,,1787923895585826,1787923895592410,1787923895592456,,,"delta_len=69,sent_us=1787923895575888",,,,,46
server,client_mutation,completed,1787923895626063,178792343404851502,,,,1787923895624106,1787923895624106,1787923895626063,,,http_data_plane,,,,,1957
server,client_mutation,completed,1787923896126303,178792343404851502,,,,1787923896124194,1787923896124195,1787923896126303,,,http_data_plane,,,,,2108
server,peer_replication_get_delta,completed,1787923896168968,178792343404851502,178792343513168001,5,,1787923896168899,1787923896168902,1787923896168968,,,"delta_len=45,sent_us=1787923896111232",,,,,66
server,peer_replication_get_delta,completed,1787923896462369,178792343404851502,178792343266887002,5,,1787923896462293,1787923896462296,1787923896462369,,,"delta_len=73,sent_us=1787923896398361",,,,,73
server,peer_replication_pull_request,sent,1787923896493716,178792343404851502,,,,,,,,,connected_peers=22,,,,,
server,peer_replication_get_delta,completed,1787923896579287,178792343404851502,178792343513166002,5,,1787923896579209,1787923896579212,1787923896579287,,,"delta_len=72,sent_us=1787923896565238",,,,,75
server,peer_replication_merge_delta,completed,1787923896592722,178792343404851502,,5,,1787923896589120,1787923896592705,1787923896592722,,,"delta_len=19,sent_us=1787923896563065",,,,,17
server,client_mutation,completed,1787923896626374,178792343404851502,,,,1787923896624192,1787923896624194,1787923896626374,,,http_data_plane,,,,,2180
server,client_mutation,completed,1787923897126597,178792343404851502,,,,1787923897124311,1787923897124312,1787923897126597,,,http_data_plane,,,,,2285
server,peer_replication_pull_request,sent,1787923897493565,178792343404851502,,,,,,,,,connected_peers=22,,,,,
server,peer_replication_merge_delta,completed,1787923897533393,178792343404851502,,5,,1787923897528375,1787923897533362,1787923897533393,,,"delta_len=43,sent_us=1787923897519495",,,,,31
server,client_mutation,completed,1787923897626518,178792343404851502,,,,1787923897624195,1787923897624195,1787923897626518,,,http_data_plane,,,,,2323
server,peer_replication_get_delta,completed,1787923898049503,178792343404851502,178792343404852502,5,,1787923898049423,1787923898049427,1787923898049503,,,"delta_len=52,sent_us=1787923898001242",,,,,76
server,client_mutation,completed,1787923898126375,178792343404851502,,,,1787923898124134,1787923898124135,1787923898126375,,,http_data_plane,,,,,2240
server,peer_replication_get_delta,completed,1787923898140058,178792343404851502,178792343266890002,5,,1787923898139986,1787923898139990,1787923898140058,,,"delta_len=45,sent_us=1787923898076176",,,,,68
server,membership_directory_read,completed,1787923898159160,178792343404851502,,,,,1787923898078833,1787923898159160,,,poll:123 descriptors,,,,,80327
server,peer_replication_get_delta,completed,1787923898356388,178792343404851502,178792343597981001,5,,1787923898356319,1787923898356322,1787923898356388,,,"delta_len=30,sent_us=1787923898283637",,,,,66
server,peer_replication_pull_request,sent,1787923898493789,178792343404851502,,,,,,,,,connected_peers=22,,,,,
server,peer_replication_get_delta,completed,1787923898589093,178792343404851502,178792343327017802,5,,1787923898589023,1787923898589027,1787923898589093,,,"delta_len=21,sent_us=1787923898509567",,,,,66
server,peer_replication_merge_delta,completed,1787923898624179,178792343404851502,,5,,1787923898619665,1787923898624156,1787923898624179,,,"delta_len=34,sent_us=1787923898598165",,,,,23
server,client_mutation,completed,1787923898626287,178792343404851502,,,,1787923898624081,1787923898624203,1787923898626287,,,http_data_plane,,,,,2084
server,client_mutation,completed,1787923899127189,178792343404851502,,,,1787923899124332,1787923899124333,1787923899127189,,,http_data_plane,,,,,2856
server,peer_replication_pull_request,sent,1787923899493184,178792343404851502,,,,,,,,,connected_peers=22,,,,,
server,peer_replication_merge_delta,completed,1787923899563747,178792343404851502,,5,,1787923899554977,1787923899563685,1787923899563747,,,"delta_len=58,sent_us=1787923899550001",,,,,62
server,client_mutation,completed,1787923899626434,178792343404851502,,,,1787923899624189,1787923899624190,1787923899626434,,,http_data_plane,,,,,2244
server,client_mutation,completed,1787923900126435,178792343404851502,,,,1787923900124275,1787923900124276,1787923900126435,,,http_data_plane,,,,,2159
server,peer_replication_get_delta,completed,1787923900144891,178792343404851502,178792343597984001,5,,1787923900144813,1787923900144817,1787923900144891,,,"delta_len=63,sent_us=1787923900118532",,,,,74
server,peer_replication_get_delta,completed,1787923900168910,178792343404851502,178792343513168001,5,,1787923900168835,1787923900168839,1787923900168910,,,"delta_len=49,sent_us=1787923900111199",,,,,71
server,peer_replication_pull_request,sent,1787923900493544,178792343404851502,,,,,,,,,connected_peers=22,,,,,
server,peer_replication_merge_delta,completed,1787923900519428,178792343404851502,,5,,1787923900513433,1787923900519384,1787923900519428,,,"delta_len=46,sent_us=1787923900508842",,,,,44
server,client_mutation,completed,1787923900626404,178792343404851502,,,,1787923900624172,1787923900624173,1787923900626404,,,http_data_plane,,,,,2231
server,peer_replication_get_delta,completed,1787923900899029,178792343404851502,178792343404855502,5,,1787923900898930,1787923900898934,1787923900899029,,,"delta_len=70,sent_us=1787923900898325",,,,,95
server,client_mutation,completed,1787923901126235,178792343404851502,,,,1787923901124111,1787923901124112,1787923901126235,,,http_data_plane,,,,,2123
server,peer_replication_pull_request,sent,1787923901493237,178792343404851502,,,,,,,,,connected_peers=22,,,,,
server,peer_replication_merge_delta,completed,1787923901526143,178792343404851502,,5,,1787923901522283,1787923901526121,1787923901526143,,,"delta_len=24,sent_us=1787923901508329",,,,,22
server,peer_replication_get_delta,completed,1787923901612908,178792343404851502,178792343404853502,5,,1787923901612833,1787923901612837,1787923901612908,,,"delta_len=60,sent_us=1787923901612214",,,,,71
server,client_mutation,completed,1787923901626152,178792343404851502,,,,1787923901624093,1787923901624094,1787923901626152,,,http_data_plane,,,,,2058
server,peer_replication_get_delta,completed,1787923901628612,178792343404851502,178792343513166002,5,,1787923901628545,1787923901628548,1787923901628612,,,"delta_len=46,sent_us=1787923901565374",,,,,64
server,client_mutation,completed,1787923902126404,178792343404851502,,,,1787923902124196,1787923902124197,1787923902126404,,,http_data_plane,,,,,2207
server,peer_replication_pull_request,sent,1787923902493405,178792343404851502,,,,,,,,,connected_peers=22,,,,,
server,peer_replication_merge_delta,completed,1787923902534463,178792343404851502,,5,,1787923902528119,1787923902534414,1787923902534463,,,"delta_len=73,sent_us=1787923902519259",,,,,49
server,client_mutation,completed,1787923902626241,178792343404851502,,,,1787923902624153,1787923902624154,1787923902626241,,,http_data_plane,,,,,2087
server,client_mutation,completed,1787923903126392,178792343404851502,,,,1787923903124171,1787923903124172,1787923903126392,,,http_data_plane,,,,,2220
server,membership_directory_read,completed,1787923903150509,178792343404851502,,,,,1787923903078305,1787923903150509,,,poll:123 descriptors,,,,,72204
server,peer_replication_pull_request,sent,1787923903493193,178792343404851502,,,,,,,,,connected_peers=22,,,,,
server,peer_replication_merge_delta,completed,1787923903624452,178792343404851502,,5,,1787923903619710,1787923903624423,1787923903624452,,,"delta_len=39,sent_us=1787923903598236",,,,,29
server,client_mutation,completed,1787923903626532,178792343404851502,,,,1787923903624051,1787923903624505,1787923903626532,,,http_data_plane,,,,,2027
server,client_mutation,completed,1787923904126402,178792343404851502,,,,1787923904124147,1787923904124148,1787923904126402,,,http_data_plane,,,,,2254
server,peer_replication_pull_request,sent,1787923904493540,178792343404851502,,,,,,,,,connected_peers=22,,,,,
server,peer_replication_get_delta,completed,1787923904511505,178792343404851502,178792343266887002,5,,1787923904511436,1787923904511439,1787923904511505,,,"delta_len=32,sent_us=1787923904398806",,,,,66
server,peer_replication_merge_delta,completed,1787923904535171,178792343404851502,,5,,1787923904528276,1787923904535118,1787923904535171,,,"delta_len=76,sent_us=1787923904519371",,,,,53
server,client_mutation,completed,1787923904626330,178792343404851502,,,,1787923904624142,1787923904624143,1787923904626330,,,http_data_plane,,,,,2187
server,client_mutation,completed,1787923905126506,178792343404851502,,,,1787923905124286,1787923905124287,1787923905126506,,,http_data_plane,,,,,2219
server,peer_replication_pull_request,sent,1787923905493508,178792343404851502,,,,,,,,,connected_peers=22,,,,,
server,peer_replication_merge_delta,completed,1787923905561244,178792343404851502,,5,,1787923905554922,1787923905561198,1787923905561244,,,"delta_len=65,sent_us=1787923905549961",,,,,46
server,client_mutation,completed,1787923905626227,178792343404851502,,,,1787923905624122,1787923905624123,1787923905626227,,,http_data_plane,,,,,2104
server,peer_replication_get_delta,completed,1787923905939479,178792343404851502,178792343404855502,5,,1787923905939399,1787923905939403,1787923905939479,,,"delta_len=66,sent_us=1787923905898322",,,,,76
server,client_mutation,completed,1787923906126295,178792343404851502,,,,1787923906124187,1787923906124188,1787923906126295,,,http_data_plane,,,,,2107
server,peer_replication_pull_request,sent,1787923906493233,178792343404851502,,,,,,,,,connected_peers=22,,,,,
server,peer_replication_merge_delta,completed,1787923906548877,178792343404851502,,5,,1787923906545122,1787923906548851,1787923906548877,,,"delta_len=26,sent_us=1787923906519106",,,,,26
server,client_mutation,completed,1787923906626203,178792343404851502,,,,1787923906624103,1787923906624104,1787923906626203,,,http_data_plane,,,,,2099
server,client_mutation,completed,1787923907126255,178792343404851502,,,,1787923907124131,1787923907124132,1787923907126255,,,http_data_plane,,,,,2123
server,peer_replication_get_delta,completed,1787923907144641,178792343404851502,178792343597984001,5,,1787923907144565,1787923907144568,1787923907144641,,,"delta_len=33,sent_us=1787923907118576",,,,,73
server,peer_replication_pull_request,sent,1787923907493231,178792343404851502,,,,,,,,,connected_peers=22,,,,,
server,peer_replication_merge_delta,completed,1787923907601690,178792343404851502,,5,,1787923907599193,1787923907601683,1787923907601690,,,"delta_len=2,sent_us=1787923907573035",,,,,7
server,client_mutation,completed,1787923907626304,178792343404851502,,,,1787923907624113,1787923907624123,1787923907626304,,,http_data_plane,,,,,2181
server,client_mutation,completed,1787923908126261,178792343404851502,,,,1787923908124157,1787923908124158,1787923908126261,,,http_data_plane,,,,,2103
server,peer_replication_get_delta,completed,1787923908144329,178792343404851502,178792343597984001,5,,1787923908144265,1787923908144268,1787923908144329,,,"delta_len=2,sent_us=1787923908118332",,,,,61
server,membership_directory_read,completed,1787923908173641,178792343404851502,,,,,1787923908078491,1787923908173641,,,poll:123 descriptors,,,,,95150
server,peer_replication_pull_request,sent,1787923908493586,178792343404851502,,,,,,,,,connected_peers=22,,,,,
server,peer_replication_merge_delta,completed,1787923908500881,178792343404851502,,5,,1787923908494788,1787923908500834,1787923908500881,,,"delta_len=72,sent_us=1787923908494196",,,,,47
server,client_mutation,completed,1787923908626559,178792343404851502,,,,1787923908624171,1787923908624171,1787923908626559,,,http_data_plane,,,,,2388
server,client_mutation,completed,1787923909126182,178792343404851502,,,,1787923909124201,1787923909124202,1787923909126182,,,http_data_plane,,,,,1980
server,peer_replication_pull_request,sent,1787923909493092,178792343404851502,,,,,,,,,connected_peers=22,,,,,
server,peer_replication_merge_delta,completed,1787923909586880,178792343404851502,,5,,1787923909576205,1787923909586808,1787923909586880,,,"delta_len=100,sent_us=1787923909565983",,,,,72
server,client_mutation,completed,1787923909626196,178792343404851502,,,,1787923909624107,1787923909624108,1787923909626196,,,http_data_plane,,,,,2088
server,peer_replication_get_delta,completed,1787923909961478,178792343404851502,178792343266889002,5,,1787923909961406,1787923909961410,1787923909961478,,,"delta_len=38,sent_us=1787923909856239",,,,,68
server,client_mutation,completed,1787923910126307,178792343404851502,,,,1787923910124188,1787923910124189,1787923910126307,,,http_data_plane,,,,,2118
server,gc_init,start,1787923910426030,178792343404851502,,6,,,,,,,previous_gc_marker=5,,,,,
server,gc_membership_descriptor_write,completed,1787923910496307,178792343404851502,,6,,,,,,,"178792343404851502,52.17.146.22:19080,6",,,,,
server,membership_directory_read,completed,1787923910573194,178792343404851502,,6,,,1787923910496342,1787923910573194,,,gc_validation:127 descriptors,,,,,76852
server,gc_init,aborted,1787923910666519,178792343404851502,,6,,,,,,,membership_changed,,,,,
server,membership_directory_read,completed,1787923910863092,178792343404851502,,6,,,1787923910666555,1787923910863092,,,gc_abort_refresh:126 descriptors,,,,,196537
server,client_mutation,completed,1787923910626343,178792343404851502,,,,1787923910624196,1787923910624211,1787923910626343,,,http_data_plane,,,,,2132
server,peer_replication_pull_request,sent,1787923910863146,178792343404851502,,,,,,,,,connected_peers=22,,,,,
server,client_mutation,completed,1787923911126211,178792343404851502,,,,1787923911124272,1787923911124273,1787923911126211,,,http_data_plane,,,,,1938
server,peer_replication_pull_request,sent,1787923911493380,178792343404851502,,,,,,,,,connected_peers=22,,,,,
server,peer_replication_get_delta,completed,1787923911506368,178792343404851502,178792343597985001,5,,1787923911506295,1787923911506299,1787923911506368,,,"delta_len=25,sent_us=1787923911430334",,,,,69
server,peer_replication_merge_delta,completed,1787923911569436,178792343404851502,,5,,1787923911564356,1787923911569388,1787923911569436,,,"delta_len=48,sent_us=1787923911559889",,,,,48
server,client_mutation,completed,1787923911626114,178792343404851502,,,,1787923911624121,1787923911624122,1787923911626114,,,http_data_plane,,,,,1992
server,client_mutation,completed,1787923912126194,178792343404851502,,,,1787923912124135,1787923912124136,1787923912126194,,,http_data_plane,,,,,2058
server,peer_replication_pull_request,sent,1787923912493207,178792343404851502,,,,,,,,,connected_peers=22,,,,,
server,client_mutation,completed,1787923912626503,178792343404851502,,,,1787923912624155,1787923912624156,1787923912626503,,,http_data_plane,,,,,2347
server,peer_replication_get_delta,completed,1787923912711532,178792343404851502,178792343266888002,5,,1787923912711466,1787923912711470,1787923912711532,,,"delta_len=31,sent_us=1787923912600855",,,,,62
server,client_mutation,completed,1787923913126616,178792343404851502,,,,1787923913124147,1787923913124148,1787923913126616,,,http_data_plane,,,,,2468
server,membership_directory_read,completed,1787923913147512,178792343404851502,,,,,1787923913078186,1787923913147512,,,poll:133 descriptors,,,,,69326
server,client_mutation,completed,1787923913627233,178792343404851502,,,,1787923913625005,1787923913625006,1787923913627233,,,http_data_plane,,,,,2227
server,peer_replication_get_delta,completed,1787923913857196,178792343404851502,178792343266890002,5,,1787923913857118,1787923913857128,1787923913857196,,,"delta_len=24,sent_us=1787923913076219",,,,,68
server,peer_replication_pull_request,sent,1787923913857220,178792343404851502,,,,,,,,,connected_peers=19,,,,,
server,gc_observed,start,1787923913989702,178792343404851502,,6,,,,,,,,,,,,
server,gc_membership_descriptor_write,completed,1787923914218633,178792343404851502,,6,,,,,,,"178792343404851502,52.17.146.22:19080,6",,,,,
server,gc_observed,completed,1787923914218665,178792343404851502,,6,,,,,,,,,,,,
server,peer_replication_merge_delta,completed,1787923914224677,178792343404851502,,6,,1787923913989701,1787923914224623,1787923914224677,,,"delta_len=64,sent_us=1787923913968178",,,,,54
server,client_mutation,completed,1787923914126289,178792343404851502,,,,1787923914124246,1787923914124247,1787923914126289,,,http_data_plane,,,,,2042
server,peer_replication_pull_request,sent,1787923914493415,178792343404851502,,,,,,,,,connected_peers=19,,,,,
server,peer_replication_merge_delta,completed,1787923914501725,178792343404851502,,6,,1787923914494589,1787923914501667,1787923914501725,,,"delta_len=71,sent_us=1787923914493998",,,,,58
server,peer_replication_get_delta,completed,1787923914506368,178792343404851502,178792343597985001,6,,1787923914506283,1787923914506287,1787923914506368,,,"delta_len=85,sent_us=1787923914430293",,,,,81
server,client_mutation,completed,1787923914626208,178792343404851502,,,,1787923914624152,1787923914624153,1787923914626208,,,http_data_plane,,,,,2055
server,client_mutation,completed,1787923915126349,178792343404851502,,,,1787923915124139,1787923915124140,1787923915126349,,,http_data_plane,,,,,2209
server,peer_replication_pull_request,sent,1787923915493360,178792343404851502,,,,,,,,,connected_peers=19,,,,,
server,client_mutation,completed,1787923915626258,178792343404851502,,,,1787923915624205,1787923915624206,1787923915626258,,,http_data_plane,,,,,2052
server,client_mutation,completed,1787923916126341,178792343404851502,,,,1787923916124201,1787923916124202,1787923916126341,,,http_data_plane,,,,,2139
server,peer_replication_pull_request,sent,1787923916493314,178792343404851502,,,,,,,,,connected_peers=19,,,,,
server,peer_replication_merge_delta,completed,1787923916539578,178792343404851502,,6,,1787923916533474,1787923916539530,1787923916539578,,,"delta_len=71,sent_us=1787923916523283",,,,,48
server,client_mutation,completed,1787923916626227,178792343404851502,,,,1787923916624111,1787923916624112,1787923916626227,,,http_data_plane,,,,,2115
server,peer_replication_get_delta,completed,1787923916859254,178792343404851502,178792343327015802,6,,1787923916859174,1787923916859177,1787923916859254,,,"delta_len=64,sent_us=1787923916779319",,,,,77
server,client_mutation,completed,1787923917126307,178792343404851502,,,,1787923917124155,1787923917124156,1787923917126307,,,http_data_plane,,,,,2151
server,peer_replication_get_delta,completed,1787923917389439,178792343404851502,178792343404854502,6,,1787923917389359,1787923917389363,1787923917389439,,,"delta_len=50,sent_us=1787923917347384",,,,,76
server,peer_replication_pull_request,sent,1787923917493761,178792343404851502,,,,,,,,,connected_peers=19,,,,,
server,peer_replication_merge_delta,completed,1787923917502812,178792343404851502,,6,,1787923917494971,1787923917502745,1787923917502812,,,"delta_len=92,sent_us=1787923917494344",,,,,67
server,client_mutation,completed,1787923917626480,178792343404851502,,,,1787923917624333,1787923917624334,1787923917626480,,,http_data_plane,,,,,2146
server,client_mutation,completed,1787923918126208,178792343404851502,,,,1787923918124119,1787923918124119,1787923918126208,,,http_data_plane,,,,,2089
server,membership_directory_read,completed,1787923918138546,178792343404851502,,,,,1787923918078507,1787923918138546,,,poll:144 descriptors,,,,,60039
server,peer_replication_pull_request,sent,1787923918493164,178792343404851502,,,,,,,,,connected_peers=19,,,,,
server,peer_replication_merge_delta,completed,1787923918567855,178792343404851502,,6,,1787923918563979,1787923918567833,1787923918567855,,,"delta_len=23,sent_us=1787923918549910",,,,,22
server,client_mutation,completed,1787923918626262,178792343404851502,,,,1787923918624176,1787923918624177,1787923918626262,,,http_data_plane,,,,,2085
server,peer_replication_get_delta,completed,1787923918961479,178792343404851502,178792343266889002,6,,1787923918961407,1787923918961410,1787923918961479,,,"delta_len=25,sent_us=1787923918855834",,,,,69
server,client_mutation,completed,1787923919126385,178792343404851502,,,,1787923919124216,1787923919124217,1787923919126385,,,http_data_plane,,,,,2168
server,peer_replication_pull_request,sent,1787923919493322,178792343404851502,,,,,,,,,connected_peers=19,,,,,
server,peer_replication_get_delta,completed,1787923919612808,178792343404851502,178792343404853502,6,,1787923919612746,1787923919612749,1787923919612808,,,"delta_len=10,sent_us=1787923919612126",,,,,59
server,peer_replication_merge_delta,completed,1787923919625908,178792343404851502,,6,,1787923919619704,1787923919625859,1787923919625908,,,"delta_len=69,sent_us=1787923919598167",,,,,49
server,client_mutation,completed,1787923919627881,178792343404851502,,,,1787923919624206,1787923919625949,1787923919627881,,,http_data_plane,,,,,1932
server,client_mutation,completed,1787923920126805,178792343404851502,,,,1787923920124529,1787923920124530,1787923920126805,,,http_data_plane,,,,,2275
server,peer_replication_pull_request,sent,1787923920492977,178792343404851502,,,,,,,,,connected_peers=19,,,,,
server,peer_replication_get_delta,completed,1787923920537299,178792343404851502,178792343513164002,6,,1787923920537171,1787923920537174,1787923920537299,,,"delta_len=41,sent_us=1787923920523236",,,,,125
server,peer_replication_merge_delta,completed,1787923920624649,178792343404851502,,6,,1787923920619822,1787923920624609,1787923920624649,,,"delta_len=43,sent_us=1787923920598229",,,,,40
server,client_mutation,completed,1787923920626681,178792343404851502,,,,1787923920624096,1787923920624677,1787923920626681,,,http_data_plane,,,,,2004
server,peer_replication_get_delta,completed,1787923920659561,178792343404851502,178792343404853502,6,,1787923920659483,1787923920659486,1787923920659561,,,"delta_len=69,sent_us=1787923920612503",,,,,75
server,client_mutation,completed,1787923921126250,178792343404851502,,,,1787923921124154,1787923921124155,1787923921126250,,,http_data_plane,,,,,2095
server,peer_replication_pull_request,sent,1787923921493183,178792343404851502,,,,,,,,,connected_peers=19,,,,,
server,peer_replication_merge_delta,completed,1787923921535031,178792343404851502,,6,,1787923921529585,1787923921534993,1787923921535031,,,"delta_len=53,sent_us=1787923921520675",,,,,38
server,client_mutation,completed,1787923921626365,178792343404851502,,,,1787923921624172,1787923921624173,1787923921626365,,,http_data_plane,,,,,2192
server,client_mutation,completed,1787923922126332,178792343404851502,,,,1787923922124195,1787923922124196,1787923922126332,,,http_data_plane,,,,,2136
server,peer_replication_pull_request,sent,1787923922493093,178792343404851502,,,,,,,,,connected_peers=19,,,,,
server,peer_replication_get_delta,completed,1787923922496358,178792343404851502,178792343597985001,6,,1787923922496295,1787923922496298,1787923922496358,,,"delta_len=3,sent_us=1787923922430095",,,,,60
server,peer_replication_merge_delta,completed,1787923922545883,178792343404851502,,6,,1787923922540171,1787923922545846,1787923922545883,,,"delta_len=55,sent_us=1787923922539545",,,,,37
server,client_mutation,completed,1787923922626300,178792343404851502,,,,1787923922624129,1787923922624130,1787923922626300,,,http_data_plane,,,,,2170
server,client_mutation,completed,1787923923126186,178792343404851502,,,,1787923923124100,1787923923124101,1787923923126186,,,http_data_plane,,,,,2085
server,membership_directory_read,completed,1787923923143331,178792343404851502,,,,,1787923923078357,1787923923143331,,,poll:144 descriptors,,,,,64974
server,peer_replication_pull_request,sent,1787923923493212,178792343404851502,,,,,,,,,connected_peers=19,,,,,
server,peer_replication_merge_delta,completed,1787923923582233,178792343404851502,,6,,1787923923576000,1787923923582194,1787923923582233,,,"delta_len=60,sent_us=1787923923565940",,,,,39
server,client_mutation,completed,1787923923626419,178792343404851502,,,,1787923923624139,1787923923624140,1787923923626419,,,http_data_plane,,,,,2279
server,client_mutation,completed,1787923924126225,178792343404851502,,,,1787923924124221,1787923924124221,1787923924126225,,,http_data_plane,,,,,2004
server,peer_replication_pull_request,sent,1787923924493399,178792343404851502,,,,,,,,,connected_peers=19,,,,,
server,peer_replication_get_delta,completed,1787923924511536,178792343404851502,178792343266887002,6,,1787923924511443,1787923924511447,1787923924511536,,,"delta_len=125,sent_us=1787923924398685",,,,,89
server,peer_replication_merge_delta,completed,1787923924527649,178792343404851502,,6,,1787923924522446,1787923924527628,1787923924527649,,,"delta_len=24,sent_us=1787923924508470",,,,,21
server,client_mutation,completed,1787923924626344,178792343404851502,,,,1787923924624186,1787923924624187,1787923924626344,,,http_data_plane,,,,,2157
server,client_mutation,completed,1787923925126329,178792343404851502,,,,1787923925124194,1787923925124194,1787923925126329,,,http_data_plane,,,,,2135
server,peer_replication_get_delta,completed,1787923925438816,178792343404851502,178792343327013802,6,,1787923925438747,1787923925438750,1787923925438816,,,"delta_len=35,sent_us=1787923925368250",,,,,66
server,peer_replication_pull_request,sent,1787923925493210,178792343404851502,,,,,,,,,connected_peers=19,,,,,
server,peer_replication_merge_delta,completed,1787923925598854,178792343404851502,,6,,1787923925595548,1787923925598839,1787923925598854,,,"delta_len=10,sent_us=1787923925565964",,,,,15
server,client_mutation,completed,1787923925626453,178792343404851502,,,,1787923925624187,1787923925624188,1787923925626453,,,http_data_plane,,,,,2265
server,client_mutation,completed,1787923926126241,178792343404851502,,,,1787923926124175,1787923926124176,1787923926126241,,,http_data_plane,,,,,2065
server,peer_replication_pull_request,sent,1787923926493215,178792343404851502,,,,,,,,,connected_peers=19,,,,,
server,client_mutation,completed,1787923926626226,178792343404851502,,,,1787923926624128,1787923926624129,1787923926626226,,,http_data_plane,,,,,2097
server,client_mutation,completed,1787923927126463,178792343404851502,,,,1787923927124352,1787923927124353,1787923927126463,,,http_data_plane,,,,,2110
server,peer_replication_pull_request,sent,1787923927493379,178792343404851502,,,,,,,,,connected_peers=19,,,,,
server,peer_replication_merge_delta,completed,1787923927635754,178792343404851502,,6,,1787923927621196,1787923927635675,1787923927635754,,,"delta_len=154,sent_us=1787923927557164",,,,,79
server,client_mutation,completed,1787923927638475,178792343404851502,,,,1787923927624455,1787923927635826,1787923927638475,,,http_data_plane,,,,,2649
server,peer_replication_get_delta,completed,1787923927961526,178792343404851502,178792343266889002,6,,1787923927961449,1787923927961453,1787923927961526,,,"delta_len=108,sent_us=1787923927855858",,,,,73
server,client_mutation,completed,1787923928127077,178792343404851502,,,,1787923928124203,1787923928124203,1787923928127077,,,http_data_plane,,,,,2874
server,membership_directory_read,completed,1787923928144378,178792343404851502,,,,,1787923928078846,1787923928144378,,,poll:144 descriptors,,,,,65532
server,peer_replication_get_delta,completed,1787923928264180,178792343404851502,178792343266886002,6,,1787923928264105,1787923928264109,1787923928264180,,,"delta_len=59,sent_us=1787923928200357",,,,,71
server,peer_replication_pull_request,sent,1787923928493694,178792343404851502,,,,,,,,,connected_peers=19,,,,,
server,peer_replication_merge_delta,completed,1787923928590548,178792343404851502,,6,,1787923928585770,1787923928590520,1787923928590548,,,"delta_len=42,sent_us=1787923928575890",,,,,28
server,client_mutation,completed,1787923928626201,178792343404851502,,,,1787923928624137,1787923928624137,1787923928626201,,,http_data_plane,,,,,2064
server,client_mutation,completed,1787923929126474,178792343404851502,,,,1787923929124257,1787923929124258,1787923929126474,,,http_data_plane,,,,,2216
server,peer_replication_get_delta,completed,1787923929311583,178792343404851502,178792343266886002,6,,1787923929311512,1787923929311515,1787923929311583,,,"delta_len=44,sent_us=1787923929200759",,,,,68
server,peer_replication_get_delta,completed,1787923929462128,178792343404851502,178792343266887002,6,,1787923929462054,1787923929462057,1787923929462128,,,"delta_len=55,sent_us=1787923929398246",,,,,71
server,peer_replication_pull_request,sent,1787923929493356,178792343404851502,,,,,,,,,connected_peers=19,,,,,
server,peer_replication_merge_delta,completed,1787923929624418,178792343404851502,,6,,1787923929619718,1787923929624387,1787923929624418,,,"delta_len=47,sent_us=1787923929598204",,,,,31
server,client_mutation,completed,1787923929626502,178792343404851502,,,,1787923929624119,1787923929624447,1787923929626502,,,http_data_plane,,,,,2055
server,client_mutation,completed,1787923930126519,178792343404851502,,,,1787923930124219,1787923930124219,1787923930126519,,,http_data_plane,,,,,2300
server,peer_replication_get_delta,completed,1787923930389644,178792343404851502,178792343404854502,6,,1787923930389566,1787923930389569,1787923930389644,,,"delta_len=60,sent_us=1787923930347350",,,,,75
server,peer_replication_pull_request,sent,1787923930493005,178792343404851502,,,,,,,,,connected_peers=19,,,,,
server,peer_replication_merge_delta,completed,1787923930543055,178792343404851502,,6,,1787923930539999,1787923930543041,1787923930543055,,,"delta_len=12,sent_us=1787923930539479",,,,,14
server,client_mutation,completed,1787923930626219,178792343404851502,,,,1787923930624133,1787923930624134,1787923930626219,,,http_data_plane,,,,,2085
server,client_mutation,completed,1787923931126862,178792343404851502,,,,1787923931124587,1787923931124588,1787923931126862,,,http_data_plane,,,,,2274
server,client_mutation,completed,1787923931626237,178792343404851502,,,,1787923931624136,1787923931624137,1787923931626237,,,http_data_plane,,,,,2100
server,peer_replication_get_delta,completed,1787923931665433,178792343404851502,178792343266888002,6,,1787923931665359,1787923931665363,1787923931665433,,,"delta_len=15,sent_us=1787923931601602",,,,,70
server,client_mutation,completed,1787923932126266,178792343404851502,,,,1787923932124179,1787923932124180,1787923932126266,,,http_data_plane,,,,,2086
server,peer_replication_pull_request,sent,1787923932493191,178792343404851502,,,,,,,,,connected_peers=18,,,,,
server,peer_replication_merge_delta,completed,1787923932541577,178792343404851502,,6,,1787923932533486,1787923932541522,1787923932541577,,,"delta_len=99,sent_us=1787923932523223",,,,,55
server,client_mutation,completed,1787923932626491,178792343404851502,,,,1787923932624146,1787923932624147,1787923932626491,,,http_data_plane,,,,,2344
server,peer_replication_get_delta,completed,1787923932659724,178792343404851502,178792343404853502,6,,1787923932659638,1787923932659641,1787923932659724,,,"delta_len=100,sent_us=1787923932612124",,,,,83
server,peer_replication_get_delta,completed,1787923933001979,178792343404851502,178792343404852502,6,,1787923933001898,1787923933001902,1787923933001979,,,"delta_len=88,sent_us=1787923933001307",,,,,77
server,client_mutation,completed,1787923933126299,178792343404851502,,,,1787923933124162,1787923933124162,1787923933126299,,,http_data_plane,,,,,2137
server,membership_directory_read,completed,1787923933144420,178792343404851502,,,,,1787923933078360,1787923933144420,,,poll:144 descriptors,,,,,66060
server,peer_replication_pull_request,sent,1787923933493057,178792343404851502,,,,,,,,,connected_peers=18,,,,,
server,peer_replication_get_delta,completed,1787923933537047,178792343404851502,178792343513164002,6,,1787923933536971,1787923933536975,1787923933537047,,,"delta_len=14,sent_us=1787923933523022",,,,,72
server,peer_replication_merge_delta,completed,1787923933544612,178792343404851502,,6,,1787923933540648,1787923933544593,1787923933544612,,,"delta_len=27,sent_us=1787923933539620",,,,,19
server,client_mutation,completed,1787923933626244,178792343404851502,,,,1787923933624154,1787923933624155,1787923933626244,,,http_data_plane,,,,,2089
server,peer_replication_get_delta,completed,1787923933859265,178792343404851502,178792343327015802,6,,1787923933859186,1787923933859190,1787923933859265,,,"delta_len=72,sent_us=1787923933779185",,,,,75
server,client_mutation,completed,1787923934126399,178792343404851502,,,,1787923934124244,1787923934124245,1787923934126399,,,http_data_plane,,,,,2154
server,peer_replication_pull_request,sent,1787923934493442,178792343404851502,,,,,,,,,connected_peers=18,,,,,
server,peer_replication_merge_delta,completed,1787923934586080,178792343404851502,,6,,1787923934579609,1787923934586038,1787923934586080,,,"delta_len=70,sent_us=1787923934558058",,,,,42
server,client_mutation,completed,1787923934626274,178792343404851502,,,,1787923934624131,1787923934624131,1787923934626274,,,http_data_plane,,,,,2143
server,client_mutation,completed,1787923935126445,178792343404851502,,,,1787923935124261,1787923935124262,1787923935126445,,,http_data_plane,,,,,2183
server,peer_replication_pull_request,sent,1787923935493462,178792343404851502,,,,,,,,,connected_peers=18,,,,,
server,peer_replication_merge_delta,completed,1787923935598728,178792343404851502,,6,,1787923935595439,1787923935598714,1787923935598728,,,"delta_len=14,sent_us=1787923935565991",,,,,14
server,client_mutation,completed,1787923935626420,178792343404851502,,,,1787923935624151,1787923935624152,1787923935626420,,,http_data_plane,,,,,2268
server,peer_replication_get_delta,completed,1787923936049481,178792343404851502,178792343404852502,6,,1787923936049403,1787923936049407,1787923936049481,,,"delta_len=52,sent_us=1787923936001220",,,,,74
server,client_mutation,completed,1787923936126964,178792343404851502,,,,1787923936124863,1787923936124863,1787923936126964,,,http_data_plane,,,,,2101
server,peer_replication_get_delta,completed,1787923936239217,178792343404851502,178792343327016802,6,,1787923936239135,1787923936239138,1787923936239217,,,"delta_len=90,sent_us=1787923936168408",,,,,79
server,peer_replication_get_delta,completed,1787923936397052,178792343404851502,178792343327013802,6,,1787923936396980,1787923936396983,1787923936397052,,,"delta_len=26,sent_us=1787923936367526",,,,,69
server,peer_replication_pull_request,sent,1787923936493408,178792343404851502,,,,,,,,,connected_peers=18,,,,,
server,peer_replication_merge_delta,completed,1787923936535973,178792343404851502,,6,,1787923936528331,1787923936535918,1787923936535973,,,"delta_len=94,sent_us=1787923936519384",,,,,55
server,client_mutation,completed,1787923936626331,178792343404851502,,,,1787923936624169,1787923936624170,1787923936626331,,,http_data_plane,,,,,2161
server,client_mutation,completed,1787923937126378,178792343404851502,,,,1787923937124215,1787923937124215,1787923937126378,,,http_data_plane,,,,,2163
server,peer_replication_pull_request,sent,1787923937493041,178792343404851502,,,,,,,,,connected_peers=18,,,,,
server,peer_replication_merge_delta,completed,1787923937498552,178792343404851502,,6,,1787923937494259,1787923937498527,1787923937498552,,,"delta_len=29,sent_us=1787923937493652",,,,,25
server,peer_replication_get_delta,completed,1787923937521537,178792343404851502,178792343266887002,6,,1787923937521454,1787923937521459,1787923937521537,,,"delta_len=83,sent_us=1787923937398324",,,,,78
server,peer_replication_get_delta,completed,1787923937579509,178792343404851502,178792343513166002,6,,1787923937579340,1787923937579344,1787923937579509,,,"delta_len=101,sent_us=1787923937565351",,,,,165
server,client_mutation,completed,1787923937626214,178792343404851502,,,,1787923937624151,1787923937624152,1787923937626214,,,http_data_plane,,,,,2062
server,client_mutation,completed,1787923938126214,178792343404851502,,,,1787923938124098,1787923938124099,1787923938126214,,,http_data_plane,,,,,2115
server,membership_directory_read,completed,1787923938143866,178792343404851502,,,,,1787923938078361,1787923938143866,,,poll:144 descriptors,,,,,65505
server,peer_replication_pull_request,sent,1787923938493220,178792343404851502,,,,,,,,,connected_peers=18,,,,,
server,peer_replication_merge_delta,completed,1787923938577942,178792343404851502,,6,,1787923938571947,1787923938577898,1787923938577942,,,"delta_len=64,sent_us=1787923938562979",,,,,44
server,client_mutation,completed,1787923938626315,178792343404851502,,,,1787923938624146,1787923938624147,1787923938626315,,,http_data_plane,,,,,2168
server,client_mutation,completed,1787923939126270,178792343404851502,,,,1787923939124176,1787923939124177,1787923939126270,,,http_data_plane,,,,,2093
server,peer_replication_get_delta,completed,1787923939141115,178792343404851502,178792343266890002,6,,1787923939141040,1787923939141043,1787923939141115,,,"delta_len=47,sent_us=1787923939076840",,,,,72
server,peer_replication_pull_request,sent,1787923939493793,178792343404851502,,,,,,,,,connected_peers=18,,,,,
server,peer_replication_merge_delta,completed,1787923939625786,178792343404851502,,6,,1787923939619714,1787923939625745,1787923939625786,,,"delta_len=65,sent_us=1787923939598227",,,,,41
server,client_mutation,completed,1787923939628004,178792343404851502,,,,1787923939624089,1787923939625835,1787923939628004,,,http_data_plane,,,,,2169
server,client_mutation,completed,1787923940126240,178792343404851502,,,,1787923940124092,1787923940124093,1787923940126240,,,http_data_plane,,,,,2147
server,peer_replication_pull_request,sent,1787923940493340,178792343404851502,,,,,,,,,connected_peers=18,,,,,
server,client_mutation,completed,1787923940626494,178792343404851502,,,,1787923940624146,1787923940624147,1787923940626494,,,http_data_plane,,,,,2347
server,client_mutation,completed,1787923941126089,178792343404851502,,,,1787923941124146,1787923941124147,1787923941126089,,,http_data_plane,,,,,1942
server,peer_replication_pull_request,sent,1787923941493097,178792343404851502,,,,,,,,,connected_peers=18,,,,,
server,peer_replication_merge_delta,completed,1787923941548479,178792343404851502,,6,,1787923941540127,1787923941548415,1787923941548479,,,"delta_len=116,sent_us=1787923941539501",,,,,64
server,client_mutation,completed,1787923941626558,178792343404851502,,,,1787923941624366,1787923941624367,1787923941626558,,,http_data_plane,,,,,2191
server,client_mutation,completed,1787923942126321,178792343404851502,,,,1787923942124120,1787923942124121,1787923942126321,,,http_data_plane,,,,,2200
server,peer_replication_get_delta,completed,1787923942239116,178792343404851502,178792343327016802,6,,1787923942239041,1787923942239047,1787923942239116,,,"delta_len=82,sent_us=1787923942168263",,,,,69
server,peer_replication_pull_request,sent,1787923942493679,178792343404851502,,,,,,,,,connected_peers=18,,,,,
server,peer_replication_merge_delta,completed,1787923942519251,178792343404851502,,6,,1787923942513678,1787923942519212,1787923942519251,,,"delta_len=60,sent_us=1787923942509145",,,,,39
server,client_mutation,completed,1787923942626340,178792343404851502,,,,1787923942624141,1787923942624142,1787923942626340,,,http_data_plane,,,,,2198
server,peer_replication_get_delta,completed,1787923942920236,178792343404851502,178792343266889002,6,,1787923942920155,1787923942920159,1787923942920236,,,"delta_len=89,sent_us=1787923942856299",,,,,77
server,client_mutation,completed,1787923943126231,178792343404851502,,,,1787923943124168,1787923943124169,1787923943126231,,,http_data_plane,,,,,2062
server,membership_directory_read,completed,1787923943144071,178792343404851502,,,,,1787923943078678,1787923943144071,,,poll:144 descriptors,,,,,65393
server,peer_replication_get_delta,completed,1787923943181514,178792343404851502,178792343266890002,6,,1787923943181432,1787923943181435,1787923943181514,,,"delta_len=69,sent_us=1787923943076122",,,,,79
server,peer_replication_pull_request,sent,1787923943493070,178792343404851502,,,,,,,,,connected_peers=18,,,,,
server,peer_replication_merge_delta,completed,1787923943577646,178792343404851502,,6,,1787923943571972,1787923943577595,1787923943577646,,,"delta_len=58,sent_us=1787923943563016",,,,,51
server,client_mutation,completed,1787923943626308,178792343404851502,,,,1787923943624187,1787923943624188,1787923943626308,,,http_data_plane,,,,,2120
server,client_mutation,completed,1787923944126341,178792343404851502,,,,1787923944124235,1787923944124236,1787923944126341,,,http_data_plane,,,,,2105
server,peer_replication_pull_request,sent,1787923944493304,178792343404851502,,,,,,,,,connected_peers=18,,,,,
server,peer_replication_merge_delta,completed,1787923944567469,178792343404851502,,6,,1787923944564021,1787923944567453,1787923944567469,,,"delta_len=16,sent_us=1787923944550084",,,,,16
server,client_mutation,completed,1787923944626315,178792343404851502,,,,1787923944624165,1787923944624165,1787923944626315,,,http_data_plane,,,,,2150
server,client_mutation,completed,1787923945126365,178792343404851502,,,,1787923945124181,1787923945124182,1787923945126365,,,http_data_plane,,,,,2183
server,peer_replication_pull_request,sent,1787923945493330,178792343404851502,,,,,,,,,connected_peers=18,,,,,
server,peer_replication_merge_delta,completed,1787923945625407,178792343404851502,,6,,1787923945619707,1787923945625375,1787923945625407,,,"delta_len=54,sent_us=1787923945598184",,,,,32
server,client_mutation,completed,1787923945627479,178792343404851502,,,,1787923945624102,1787923945625454,1787923945627479,,,http_data_plane,,,,,2025
server,client_mutation,completed,1787923946126368,178792343404851502,,,,1787923946124220,1787923946124221,1787923946126368,,,http_data_plane,,,,,2147
server,peer_replication_pull_request,sent,1787923946493227,178792343404851502,,,,,,,,,connected_peers=18,,,,,
server,peer_replication_merge_delta,completed,1787923946624218,178792343404851502,,6,,1787923946619578,1787923946624190,1787923946624218,,,"delta_len=42,sent_us=1787923946598149",,,,,28
server,client_mutation,completed,1787923946626183,178792343404851502,,,,1787923946624056,1787923946624242,1787923946626183,,,http_data_plane,,,,,1941
server,client_mutation,completed,1787923947126415,178792343404851502,,,,1787923947124254,1787923947124254,1787923947126415,,,http_data_plane,,,,,2161
server,peer_replication_get_delta,completed,1787923947438933,178792343404851502,178792343327013802,6,,1787923947438849,1787923947438853,1787923947438933,,,"delta_len=48,sent_us=1787923947367754",,,,,80
server,peer_replication_pull_request,sent,1787923947493273,178792343404851502,,,,,,,,,connected_peers=18,,,,,
server,peer_replication_merge_delta,completed,1787923947627998,178792343404851502,,6,,1787923947619872,1787923947627955,1787923947627998,,,"delta_len=79,sent_us=1787923947598181",,,,,43
server,client_mutation,completed,1787923947630735,178792343404851502,,,,1787923947624513,1787923947628051,1787923947630735,,,http_data_plane,,,,,2684
server,client_mutation,completed,1787923948126481,178792343404851502,,,,1787923948124204,1787923948124205,1787923948126481,,,http_data_plane,,,,,2276
server,membership_directory_read,completed,1787923948146870,178792343404851502,,,,,1787923948078863,1787923948146870,,,poll:144 descriptors,,,,,68007
server,peer_replication_pull_request,sent,1787923948493481,178792343404851502,,,,,,,,,connected_peers=18,,,,,
server,peer_replication_merge_delta,completed,1787923948567733,178792343404851502,,6,,1787923948564128,1787923948567712,1787923948567733,,,"delta_len=19,sent_us=1787923948550213",,,,,21
server,client_mutation,completed,1787923948627148,178792343404851502,,,,1787923948624138,1787923948624139,1787923948627148,,,http_data_plane,,,,,3009
server,client_mutation,completed,1787923949126264,178792343404851502,,,,1787923949124160,1787923949124160,1787923949126264,,,http_data_plane,,,,,2104
server,peer_replication_pull_request,sent,1787923949493326,178792343404851502,,,,,,,,,connected_peers=18,,,,,
server,peer_replication_merge_delta,completed,1787923949624541,178792343404851502,,6,,1787923949620711,1787923949624524,1787923949624541,,,"delta_len=22,sent_us=1787923949556979",,,,,17
server,client_mutation,completed,1787923949626595,178792343404851502,,,,1787923949624105,1787923949624563,1787923949626595,,,http_data_plane,,,,,2032
server,client_mutation,completed,1787923950126505,178792343404851502,,,,1787923950124292,1787923950124292,1787923950126505,,,http_data_plane,,,,,2213
server,peer_replication_get_delta,completed,1787923950399430,178792343404851502,178792343404854502,6,,1787923950399349,1787923950399353,1787923950399430,,,"delta_len=46,sent_us=1787923950347395",,,,,77
server,peer_replication_pull_request,sent,1787923950493516,178792343404851502,,,,,,,,,connected_peers=18,,,,,
server,peer_replication_get_delta,completed,1787923950511556,178792343404851502,178792343266887002,6,,1787923950511486,1787923950511489,1787923950511556,,,"delta_len=13,sent_us=1787923950398853",,,,,67
server,peer_replication_merge_delta,completed,1787923950581059,178792343404851502,,6,,1787923950576341,1787923950581031,1787923950581059,,,"delta_len=39,sent_us=1787923950566175",,,,,28
server,client_mutation,completed,1787923950626279,178792343404851502,,,,1787923950624153,1787923950624154,1787923950626279,,,http_data_plane,,,,,2125
server,peer_replication_get_delta,completed,1787923950898722,178792343404851502,178792343404855502,6,,1787923950898654,1787923950898657,1787923950898722,,,"delta_len=29,sent_us=1787923950898184",,,,,65
server,client_mutation,completed,1787923951126312,178792343404851502,,,,1787923951124201,1787923951124202,1787923951126312,,,http_data_plane,,,,,2110
server,peer_replication_pull_request,sent,1787923951493295,178792343404851502,,,,,,,,,connected_peers=18,,,,,
server,peer_replication_merge_delta,completed,1787923951559987,178792343404851502,,6,,1787923951554503,1787923951559940,1787923951559987,,,"delta_len=59,sent_us=1787923951549981",,,,,47
server,client_mutation,completed,1787923951626309,178792343404851502,,,,1787923951624151,1787923951624152,1787923951626309,,,http_data_plane,,,,,2157
server,client_mutation,completed,1787923952126487,178792343404851502,,,,1787923952124208,1787923952124209,1787923952126487,,,http_data_plane,,,,,2278
server,peer_replication_pull_request,sent,1787923952493482,178792343404851502,,,,,,,,,connected_peers=18,,,,,
server,client_mutation,completed,1787923952626258,178792343404851502,,,,1787923952624140,1787923952624141,1787923952626258,,,http_data_plane,,,,,2117
server,peer_replication_merge_delta,completed,1787923952665891,178792343404851502,,6,,1787923952661880,1787923952665873,1787923952665891,,,"delta_len=23,sent_us=1787923952598189",,,,,18
server,client_mutation,completed,1787923953126163,178792343404851502,,,,1787923953124129,1787923953124130,1787923953126163,,,http_data_plane,,,,,2033
server,membership_directory_read,completed,1787923953143720,178792343404851502,,,,,1787923953078491,1787923953143720,,,poll:144 descriptors,,,,,65229
server,peer_replication_get_delta,completed,1787923953181459,178792343404851502,178792343266890002,6,,1787923953181385,1787923953181388,1787923953181459,,,"delta_len=49,sent_us=1787923953076271",,,,,71
server,peer_replication_pull_request,sent,1787923953493081,178792343404851502,,,,,,,,,connected_peers=18,,,,,
server,client_mutation,completed,1787923953626243,178792343404851502,,,,1787923953624122,1787923953624122,1787923953626243,,,http_data_plane,,,,,2121
server,peer_replication_merge_delta,completed,1787923953665163,178792343404851502,,6,,1787923953661846,1787923953665142,1787923953665163,,,"delta_len=17,sent_us=1787923953598162",,,,,21
server,client_mutation,completed,1787923954127409,178792343404851502,,,,1787923954124441,1787923954124442,1787923954127409,,,http_data_plane,,,,,2967
server,peer_replication_pull_request,sent,1787923954493794,178792343404851502,,,,,,,,,connected_peers=18,,,,,
server,peer_replication_merge_delta,completed,1787923954563695,178792343404851502,,6,,1787923954553856,1787923954563575,1787923954563695,,,"delta_len=131,sent_us=1787923954523708",,,,,120
server,client_mutation,completed,1787923954626284,178792343404851502,,,,1787923954624165,1787923954624167,1787923954626284,,,http_data_plane,,,,,2117
server,client_mutation,completed,1787923955126347,178792343404851502,,,,1787923955124252,1787923955124253,1787923955126347,,,http_data_plane,,,,,2094
server,peer_replication_pull_request,sent,1787923955493412,178792343404851502,,,,,,,,,connected_peers=18,,,,,
server,peer_replication_merge_delta,completed,1787923955568121,178792343404851502,,6,,1787923955564036,1787923955568102,1787923955568121,,,"delta_len=19,sent_us=1787923955549996",,,,,19
server,client_mutation,completed,1787923955626326,178792343404851502,,,,1787923955624216,1787923955624217,1787923955626326,,,http_data_plane,,,,,2109
server,client_mutation,completed,1787923956126241,178792343404851502,,,,1787923956124174,1787923956124175,1787923956126241,,,http_data_plane,,,,,2066
server,peer_replication_pull_request,sent,1787923956493196,178792343404851502,,,,,,,,,connected_peers=18,,,,,
server,peer_replication_merge_delta,completed,1787923956546188,178792343404851502,,6,,1787923956539451,1787923956546133,1787923956546188,,,"delta_len=80,sent_us=1787923956493706",,,,,55
server,client_mutation,completed,1787923956626331,178792343404851502,,,,1787923956624196,1787923956624197,1787923956626331,,,http_data_plane,,,,,2134
server,client_mutation,completed,1787923957126449,178792343404851502,,,,1787923957124290,1787923957124290,1787923957126449,,,http_data_plane,,,,,2159
server,peer_replication_pull_request,sent,1787923957493501,178792343404851502,,,,,,,,,connected_peers=18,,,,,
server,peer_replication_merge_delta,completed,1787923957577994,178792343404851502,,6,,1787923957571927,1787923957577952,1787923957577994,,,"delta_len=69,sent_us=1787923957563010",,,,,42
server,client_mutation,completed,1787923957626461,178792343404851502,,,,1787923957624259,1787923957624260,1787923957626461,,,http_data_plane,,,,,2201
server,peer_replication_get_delta,completed,1787923958001730,178792343404851502,178792343404852502,6,,1787923958001651,1787923958001654,1787923958001730,,,"delta_len=23,sent_us=1787923958001135",,,,,76
server,client_mutation,completed,1787923958126374,178792343404851502,,,,1787923958124216,1787923958124217,1787923958126374,,,http_data_plane,,,,,2157
server,membership_directory_read,completed,1787923958141204,178792343404851502,,,,,1787923958078053,1787923958141204,,,poll:144 descriptors,,,,,63151
server,peer_replication_pull_request,sent,1787923958493848,178792343404851502,,,,,,,,,connected_peers=18,,,,,
server,peer_replication_merge_delta,completed,1787923958538067,178792343404851502,,6,,1787923958533517,1787923958538037,1787923958538067,,,"delta_len=38,sent_us=1787923958523584",,,,,30
server,peer_replication_get_delta,completed,1787923958578940,178792343404851502,178792343513166002,6,,1787923958578821,1787923958578824,1787923958578940,,,"delta_len=53,sent_us=1787923958564870",,,,,116
server,client_mutation,completed,1787923958626180,178792343404851502,,,,1787923958624107,1787923958624107,1787923958626180,,,http_data_plane,,,,,2073
server,client_mutation,completed,1787923959126463,178792343404851502,,,,1787923959124398,1787923959124398,1787923959126463,,,http_data_plane,,,,,2065
server,peer_replication_get_delta,completed,1787923959389436,178792343404851502,178792343404854502,6,,1787923959389350,1787923959389353,1787923959389436,,,"delta_len=64,sent_us=1787923959347407",,,,,83
server,peer_replication_pull_request,sent,1787923959493754,178792343404851502,,,,,,,,,connected_peers=18,,,,,
server,client_mutation,completed,1787923959626266,178792343404851502,,,,1787923959624162,1787923959624162,1787923959626266,,,http_data_plane,,,,,2104
server,peer_replication_merge_delta,completed,1787923959665683,178792343404851502,,6,,1787923959662181,1787923959665666,1787923959665683,,,"delta_len=16,sent_us=1787923959598248",,,,,17
server,client_mutation,completed,1787923960126287,178792343404851502,,,,1787923960124147,1787923960124147,1787923960126287,,,http_data_plane,,,,,2140
server,peer_replication_get_delta,completed,1787923960195018,178792343404851502,178792343266890002,6,,1787923960194947,1787923960194951,1787923960195018,,,"delta_len=38,sent_us=1787923960076316",,,,,67
server,peer_replication_get_delta,completed,1787923960389412,178792343404851502,178792343404854502,6,,1787923960389346,1787923960389349,1787923960389412,,,"delta_len=8,sent_us=1787923960347214",,,,,63
server,peer_replication_pull_request,sent,1787923960493775,178792343404851502,,,,,,,,,connected_peers=18,,,,,
server,peer_replication_merge_delta,completed,1787923960581028,178792343404851502,,6,,1787923960575907,1787923960580993,1787923960581028,,,"delta_len=49,sent_us=1787923960565940",,,,,35
server,client_mutation,completed,1787923960626234,178792343404851502,,,,1787923960624121,1787923960624122,1787923960626234,,,http_data_plane,,,,,2112
server,client_mutation,completed,1787923961126200,178792343404851502,,,,1787923961124214,1787923961124215,1787923961126200,,,http_data_plane,,,,,1985
server,peer_replication_pull_request,sent,1787923961493157,178792343404851502,,,,,,,,,connected_peers=18,,,,,
server,peer_replication_merge_delta,completed,1787923961599832,178792343404851502,,6,,1787923961596232,1787923961599751,1787923961599832,,,"delta_len=17,sent_us=1787923961566175",,,,,81
server,client_mutation,completed,1787923961626385,178792343404851502,,,,1787923961624198,1787923961624199,1787923961626385,,,http_data_plane,,,,,2186
server,client_mutation,completed,1787923962126199,178792343404851502,,,,1787923962124216,1787923962124216,1787923962126199,,,http_data_plane,,,,,1983
server,peer_replication_pull_request,sent,1787923962493138,178792343404851502,,,,,,,,,connected_peers=18,,,,,
server,peer_replication_merge_delta,completed,1787923962560700,178792343404851502,,6,,1787923962554943,1787923962560660,1787923962560700,,,"delta_len=61,sent_us=1787923962550326",,,,,40
server,client_mutation,completed,1787923962626346,178792343404851502,,,,1787923962624142,1787923962624143,1787923962626346,,,http_data_plane,,,,,2203
server,client_mutation,completed,1787923963126390,178792343404851502,,,,1787923963124229,1787923963124230,1787923963126390,,,http_data_plane,,,,,2160
server,membership_directory_read,completed,1787923963141325,178792343404851502,,,,,1787923963078423,1787923963141325,,,poll:144 descriptors,,,,,62902
server,peer_replication_pull_request,sent,1787923963493029,178792343404851502,,,,,,,,,connected_peers=18,,,,,
server,peer_replication_merge_delta,completed,1787923963599433,178792343404851502,,6,,1787923963596224,1787923963599419,1787923963599433,,,"delta_len=13,sent_us=1787923963566161",,,,,14
server,client_mutation,completed,1787923963626246,178792343404851502,,,,1787923963624181,1787923963624182,1787923963626246,,,http_data_plane,,,,,2064
server,client_mutation,completed,1787923964126228,178792343404851502,,,,1787923964124245,1787923964124246,1787923964126228,,,http_data_plane,,,,,1982
server,peer_replication_pull_request,sent,1787923964493158,178792343404851502,,,,,,,,,connected_peers=18,,,,,
server,peer_replication_merge_delta,completed,1787923964584986,178792343404851502,,6,,1787923964574432,1787923964584908,1787923964584986,,,"delta_len=137,sent_us=1787923964560027",,,,,78
server,client_mutation,completed,1787923964626150,178792343404851502,,,,1787923964624102,1787923964624103,1787923964626150,,,http_data_plane,,,,,2047
server,peer_replication_get_delta,completed,1787923965050073,178792343404851502,178792343404852502,6,,1787923965049830,1787923965049834,1787923965050073,,,"delta_len=58,sent_us=1787923965001223",,,,,239
server,client_mutation,completed,1787923965126644,178792343404851502,,,,1787923965124229,1787923965124230,1787923965126644,,,http_data_plane,,,,,2414
server,peer_replication_pull_request,sent,1787923965493644,178792343404851502,,,,,,,,,connected_peers=18,,,,,
server,peer_replication_merge_delta,completed,1787923965544135,178792343404851502,,6,,1787923965540047,1787923965544112,1787923965544135,,,"delta_len=30,sent_us=1787923965539504",,,,,23
server,client_mutation,completed,1787923965626433,178792343404851502,,,,1787923965624178,1787923965624179,1787923965626433,,,http_data_plane,,,,,2254
server,client_mutation,completed,1787923966126373,178792343404851502,,,,1787923966124197,1787923966124197,1787923966126373,,,http_data_plane,,,,,2176
server,peer_replication_pull_request,sent,1787923966493386,178792343404851502,,,,,,,,,connected_peers=18,,,,,
server,peer_replication_merge_delta,completed,1787923966582406,178792343404851502,,6,,1787923966576008,1787923966582364,1787923966582406,,,"delta_len=69,sent_us=1787923966566004",,,,,42
server,client_mutation,completed,1787923966626212,178792343404851502,,,,1787923966624105,1787923966624106,1787923966626212,,,http_data_plane,,,,,2106
server,client_mutation,completed,1787923967126451,178792343404851502,,,,1787923967124233,1787923967124234,1787923967126451,,,http_data_plane,,,,,2217
server,peer_replication_pull_request,sent,1787923967493415,178792343404851502,,,,,,,,,connected_peers=18,,,,,
server,peer_replication_merge_delta,completed,1787923967583089,178792343404851502,,6,,1787923967578622,1787923967583065,1787923967583089,,,"delta_len=30,sent_us=1787923967557180",,,,,24
server,client_mutation,completed,1787923967626285,178792343404851502,,,,1787923967624123,1787923967624123,1787923967626285,,,http_data_plane,,,,,2162
server,peer_replication_get_delta,completed,1787923967920067,178792343404851502,178792343266889002,6,,1787923967919994,1787923967919998,1787923967920067,,,"delta_len=47,sent_us=1787923967856188",,,,,69
server,client_mutation,completed,1787923968126401,178792343404851502,,,,1787923968124155,1787923968124156,1787923968126401,,,http_data_plane,,,,,2245
server,membership_directory_read,completed,1787923968148069,178792343404851502,,,,,1787923968078472,1787923968148069,,,poll:144 descriptors,,,,,69597
server,peer_replication_get_delta,completed,1787923968181470,178792343404851502,178792343266890002,6,,1787923968181380,1787923968181384,1787923968181470,,,"delta_len=102,sent_us=1787923968077107",,,,,86
server,peer_replication_connection,established,1787923968458290,178792343404851502,178792343513167002,,,,,,,,,,,,,
server,peer_replication_pull_request,sent,1787923968493597,178792343404851502,,,,,,,,,connected_peers=19,,,,,
server,peer_replication_connection,established,1787923968550379,178792343404851502,178792343597981002,,,,,,,,,,,,,
server,peer_replication_merge_delta,completed,1787923968568109,178792343404851502,,6,,1787923968564227,1787923968568092,1787923968568109,,,"delta_len=25,sent_us=1787923968550302",,,,,17
server,client_mutation,completed,1787923968626280,178792343404851502,,,,1787923968624137,1787923968624138,1787923968626280,,,http_data_plane,,,,,2142
server,peer_replication_connection,established,1787923969116194,178792343404851502,178792343513168002,,,,,,,,,,,,,
server,peer_replication_connection,established,1787923969116258,178792343404851502,178792343597982002,,,,,,,,,,,,,
server,client_mutation,completed,1787923969126416,178792343404851502,,,,1787923969124154,1787923969124155,1787923969126416,,,http_data_plane,,,,,2261
server,peer_replication_pull_request,sent,1787923969493352,178792343404851502,,,,,,,,,connected_peers=22,,,,,
server,peer_replication_get_delta,completed,1787923969579725,178792343404851502,178792343513166002,6,,1787923969579650,1787923969579653,1787923969579725,,,"delta_len=3,sent_us=1787923969565681",,,,,72
server,peer_replication_merge_delta,completed,1787923969625134,178792343404851502,,6,,1787923969619724,1787923969625099,1787923969625134,,,"delta_len=52,sent_us=1787923969598253",,,,,35
server,client_mutation,completed,1787923969627178,178792343404851502,,,,1787923969624135,1787923969625189,1787923969627178,,,http_data_plane,,,,,1989
server,peer_replication_connection,established,1787923969707287,178792343404851502,178792343597983002,,,,,,,,,,,,,
server,client_mutation,completed,1787923970126310,178792343404851502,,,,1787923970124195,1787923970124196,1787923970126310,,,http_data_plane,,,,,2114
server,peer_replication_connection,established,1787923970298889,178792343404851502,178792343597984002,,,,,,,,,,,,,
server,peer_replication_pull_request,sent,1787923970493257,178792343404851502,,,,,,,,,connected_peers=24,,,,,
server,peer_replication_merge_delta,completed,1787923970500123,178792343404851502,,6,,1787923970494440,1787923970500088,1787923970500123,,,"delta_len=55,sent_us=1787923970493820",,,,,35
server,client_mutation,completed,1787923970626364,178792343404851502,,,,1787923970624230,1787923970624230,1787923970626364,,,http_data_plane,,,,,2134
server,peer_replication_get_delta,completed,1787923970898483,178792343404851502,178792343404855502,6,,1787923970898394,1787923970898402,1787923970898483,,,"delta_len=80,sent_us=1787923970897952",,,,,81
server,peer_replication_get_delta,completed,1787923971075495,178792343404851502,178792343513165002,6,,1787923971075415,1787923971075418,1787923971075495,,,"delta_len=51,sent_us=1787923971061445",,,,,77
server,client_mutation,completed,1787923971126412,178792343404851502,,,,1787923971124168,1787923971124168,1787923971126412,,,http_data_plane,,,,,2244
server,peer_replication_pull_request,sent,1787923971493374,178792343404851502,,,,,,,,,connected_peers=24,,,,,
server,peer_replication_merge_delta,completed,1787923971517596,178792343404851502,,6,,1787923971512904,1787923971517556,1787923971517596,,,"delta_len=41,sent_us=1787923971508430",,,,,40
server,peer_replication_get_delta,completed,1787923971518696,178792343404851502,178792343513167002,6,,1787923971518620,1787923971518624,1787923971518696,,,"delta_len=65,sent_us=1787923971444731",,,,,72
server,client_mutation,completed,1787923971626267,178792343404851502,,,,1787923971624181,1787923971624182,1787923971626267,,,http_data_plane,,,,,2085
server,peer_replication_get_delta,completed,1787923971961479,178792343404851502,178792343266889002,6,,1787923971961410,1787923971961412,1787923971961479,,,"delta_len=41,sent_us=1787923971856432",,,,,67
server,client_mutation,completed,1787923972126403,178792343404851502,,,,1787923972124211,1787923972124212,1787923972126403,,,http_data_plane,,,,,2191
server,peer_replication_pull_request,sent,1787923972493363,178792343404851502,,,,,,,,,connected_peers=24,,,,,
server,peer_replication_merge_delta,completed,1787923972518440,178792343404851502,,6,,1787923972512955,1787923972518406,1787923972518440,,,"delta_len=51,sent_us=1787923972508413",,,,,34
server,client_mutation,completed,1787923972626295,178792343404851502,,,,1787923972624160,1787923972624161,1787923972626295,,,http_data_plane,,,,,2134
server,peer_replication_get_delta,completed,1787923972939443,178792343404851502,178792343404855502,6,,1787923972939374,1787923972939377,1787923972939443,,,"delta_len=30,sent_us=1787923972898152",,,,,66
server,client_mutation,completed,1787923973126300,178792343404851502,,,,1787923973124132,1787923973124133,1787923973126300,,,http_data_plane,,,,,2167
server,membership_directory_read,completed,1787923973145598,178792343404851502,,,,,1787923973078785,1787923973145598,,,poll:137 descriptors,,,,,66813
server,peer_replication_pull_request,sent,1787923973493233,178792343404851502,,,,,,,,,connected_peers=24,,,,,
server,client_mutation,completed,1787923973626111,178792343404851502,,,,1787923973624110,1787923973624111,1787923973626111,,,http_data_plane,,,,,2000
server,peer_replication_merge_delta,completed,1787923973665590,178792343404851502,,6,,1787923973661802,1787923973665564,1787923973665590,,,"delta_len=28,sent_us=1787923973598133",,,,,26
server,client_mutation,completed,1787923974126404,178792343404851502,,,,1787923974124190,1787923974124191,1787923974126404,,,http_data_plane,,,,,2213
server,peer_replication_pull_request,sent,1787923974493444,178792343404851502,,,,,,,,,connected_peers=24,,,,,
server,peer_replication_merge_delta,completed,1787923974559430,178792343404851502,,6,,1787923974554492,1787923974559388,1787923974559430,,,"delta_len=43,sent_us=1787923974550014",,,,,42
server,client_mutation,completed,1787923974626630,178792343404851502,,,,1787923974624464,1787923974624465,1787923974626630,,,http_data_plane,,,,,2165
server,peer_replication_get_delta,completed,1787923974926466,178792343404851502,178792343597983002,6,,1787923974926387,1787923974926391,1787923974926466,,,"delta_len=57,sent_us=1787923974855162",,,,,75
server,client_mutation,completed,1787923975126271,178792343404851502,,,,1787923975124162,1787923975124162,1787923975126271,,,http_data_plane,,,,,2109
server,peer_replication_pull_request,sent,1787923975493253,178792343404851502,,,,,,,,,connected_peers=24,,,,,
server,peer_replication_merge_delta,completed,1787923975517090,178792343404851502,,6,,1787923975512947,1787923975517062,1787923975517090,,,"delta_len=35,sent_us=1787923975508431",,,,,28
server,client_mutation,completed,1787923975626340,178792343404851502,,,,1787923975624201,1787923975624202,1787923975626340,,,http_data_plane,,,,,2138
server,peer_replication_get_delta,completed,1787923975961523,178792343404851502,178792343266889002,6,,1787923975961440,1787923975961442,1787923975961523,,,"delta_len=49,sent_us=1787923975855514",,,,,81
server,client_mutation,completed,1787923976126388,178792343404851502,,,,1787923976124128,1787923976124129,1787923976126388,,,http_data_plane,,,,,2259
server,peer_replication_get_delta,completed,1787923976263956,178792343404851502,178792343266886002,6,,1787923976263875,1787923976263879,1787923976263956,,,"delta_len=21,sent_us=1787923976200138",,,,,77
server,peer_replication_pull_request,sent,1787923976493418,178792343404851502,,,,,,,,,connected_peers=24,,,,,
server,peer_replication_merge_delta,completed,1787923976547005,178792343404851502,,6,,1787923976540136,1787923976546953,1787923976547005,,,"delta_len=77,sent_us=1787923976539491",,,,,52
server,client_mutation,completed,1787923976626247,178792343404851502,,,,1787923976624172,1787923976624173,1787923976626247,,,http_data_plane,,,,,2074
server,client_mutation,completed,1787923977126357,178792343404851502,,,,1787923977124251,1787923977124252,1787923977126357,,,http_data_plane,,,,,2105
server,peer_replication_pull_request,sent,1787923977493241,178792343404851502,,,,,,,,,connected_peers=24,,,,,
server,peer_replication_merge_delta,completed,1787923977584127,178792343404851502,,6,,1787923977578591,1787923977584090,1787923977584127,,,"delta_len=56,sent_us=1787923977557135",,,,,37
server,client_mutation,completed,1787923977626221,178792343404851502,,,,1787923977624102,1787923977624103,1787923977626221,,,http_data_plane,,,,,2118
server,client_mutation,completed,1787923978126343,178792343404851502,,,,1787923978124201,1787923978124202,1787923978126343,,,http_data_plane,,,,,2141
server,membership_directory_read,completed,1787923978147165,178792343404851502,,,,,1787923978078336,1787923978147165,,,poll:137 descriptors,,,,,68829
server,peer_replication_pull_request,sent,1787923978493768,178792343404851502,,,,,,,,,connected_peers=24,,,,,
server,peer_replication_merge_delta,completed,1787923978539592,178792343404851502,,6,,1787923978534136,1787923978539555,1787923978539592,,,"delta_len=36,sent_us=1787923978523961",,,,,37
server,client_mutation,completed,1787923978627930,178792343404851502,,,,1787923978624170,1787923978624170,1787923978627930,,,http_data_plane,,,,,3760
server,client_mutation,completed,1787923979126132,178792343404851502,,,,1787923979124187,1787923979124188,1787923979126132,,,http_data_plane,,,,,1944
server,peer_replication_get_delta,completed,1787923979389403,178792343404851502,178792343404854502,6,,1787923979389313,1787923979389317,1787923979389403,,,"delta_len=56,sent_us=1787923979348139",,,,,86
server,peer_replication_pull_request,sent,1787923979493749,178792343404851502,,,,,,,,,connected_peers=24,,,,,
server,peer_replication_merge_delta,completed,1787923979533986,178792343404851502,,6,,1787923979528513,1787923979533942,1787923979533986,,,"delta_len=54,sent_us=1787923979519646",,,,,44
server,client_mutation,completed,1787923979626133,178792343404851502,,,,1787923979624070,1787923979624071,1787923979626133,,,http_data_plane,,,,,2062
server,client_mutation,completed,1787923980127058,178792343404851502,,,,1787923980124179,1787923980124180,1787923980127058,,,http_data_plane,,,,,2878
server,peer_replication_get_delta,completed,1787923980459302,178792343404851502,178792343513167002,6,,1787923980459219,1787923980459223,1787923980459302,,,"delta_len=62,sent_us=1787923980445296",,,,,79
server,peer_replication_pull_request,sent,1787923980493526,178792343404851502,,,,,,,,,connected_peers=24,,,,,
server,peer_replication_merge_delta,completed,1787923980533151,178792343404851502,,6,,1787923980528295,1787923980533119,1787923980533151,,,"delta_len=39,sent_us=1787923980519462",,,,,32
server,client_mutation,completed,1787923980626255,178792343404851502,,,,1787923980624142,1787923980624142,1787923980626255,,,http_data_plane,,,,,2113
server,client_mutation,completed,1787923981126949,178792343404851502,,,,1787923981124808,1787923981124808,1787923981126949,,,http_data_plane,,,,,2141
server,peer_replication_pull_request,sent,1787923981492984,178792343404851502,,,,,,,,,connected_peers=24,,,,,
server,peer_replication_get_delta,completed,1787923981550817,178792343404851502,178792343597981002,6,,1787923981550738,1787923981550741,1787923981550817,,,"delta_len=26,sent_us=1787923981524737",,,,,76
server,peer_replication_merge_delta,completed,1787923981625871,178792343404851502,,6,,1787923981620204,1787923981625815,1787923981625871,,,"delta_len=58,sent_us=1787923981598711",,,,,56
server,client_mutation,completed,1787923981628129,178792343404851502,,,,1787923981624181,1787923981625921,1787923981628129,,,http_data_plane,,,,,2208
server,client_mutation,completed,1787923982126306,178792343404851502,,,,1787923982124186,1787923982124187,1787923982126306,,,http_data_plane,,,,,2119
server,peer_replication_pull_request,sent,1787923982493282,178792343404851502,,,,,,,,,connected_peers=24,,,,,
server,peer_replication_merge_delta,completed,1787923982624452,178792343404851502,,6,,1787923982619902,1787923982624422,1787923982624452,,,"delta_len=41,sent_us=1787923982598339",,,,,30
server,client_mutation,completed,1787923982626550,178792343404851502,,,,1787923982624113,1787923982624498,1787923982626550,,,http_data_plane,,,,,2052
server,client_mutation,completed,1787923983126324,178792343404851502,,,,1787923983124142,1787923983124143,1787923983126324,,,http_data_plane,,,,,2181
server,membership_directory_read,completed,1787923983146073,178792343404851502,,,,,1787923983078591,1787923983146073,,,poll:137 descriptors,,,,,67482
server,peer_replication_get_delta,completed,1787923983346365,178792343404851502,178792343597984002,6,,1787923983346289,1787923983346291,1787923983346365,,,"delta_len=31,sent_us=1787923983273693",,,,,74
server,peer_replication_pull_request,sent,1787923983493752,178792343404851502,,,,,,,,,connected_peers=24,,,,,
server,peer_replication_merge_delta,completed,1787923983502164,178792343404851502,,6,,1787923983494751,1787923983502091,1787923983502164,,,"delta_len=92,sent_us=1787923983494252",,,,,73
server,peer_replication_get_delta,completed,1787923983536866,178792343404851502,178792343513164002,6,,1787923983536778,1787923983536782,1787923983536866,,,"delta_len=78,sent_us=1787923983522844",,,,,84
server,client_mutation,completed,1787923983626191,178792343404851502,,,,1787923983624215,1787923983624215,1787923983626191,,,http_data_plane,,,,,1976
server,client_mutation,completed,1787923984126460,178792343404851502,,,,1787923984124199,1787923984124200,1787923984126460,,,http_data_plane,,,,,2260
server,peer_replication_get_delta,completed,1787923984456217,178792343404851502,178792343597985001,6,,1787923984456132,1787923984456137,1787923984456217,,,"delta_len=65,sent_us=1787923984430192",,,,,80
server,peer_replication_pull_request,sent,1787923984493538,178792343404851502,,,,,,,,,connected_peers=24,,,,,
server,peer_replication_merge_delta,completed,1787923984532535,178792343404851502,,6,,1787923984528257,1787923984532513,1787923984532535,,,"delta_len=29,sent_us=1787923984519451",,,,,22
server,peer_replication_get_delta,completed,1787923984578746,178792343404851502,178792343513164002,6,,1787923984578667,1787923984578670,1787923984578746,,,"delta_len=31,sent_us=1787923984524315",,,,,76
server,client_mutation,completed,1787923984626422,178792343404851502,,,,1787923984624143,1787923984624144,1787923984626422,,,http_data_plane,,,,,2278
server,client_mutation,completed,1787923985126401,178792343404851502,,,,1787923985124226,1787923985124227,1787923985126401,,,http_data_plane,,,,,2174
server,peer_replication_pull_request,sent,1787923985493400,178792343404851502,,,,,,,,,connected_peers=24,,,,,
server,peer_replication_merge_delta,completed,1787923985587306,178792343404851502,,6,,1787923985581886,1787923985587263,1787923985587306,,,"delta_len=48,sent_us=1787923985572998",,,,,43
server,client_mutation,completed,1787923985626381,178792343404851502,,,,1787923985624204,1787923985624205,1787923985626381,,,http_data_plane,,,,,2176
server,peer_replication_get_delta,completed,1787923986118739,178792343404851502,178792343513165002,6,,1787923986118653,1787923986118657,1787923986118739,,,"delta_len=83,sent_us=1787923986061548",,,,,82
server,client_mutation,completed,1787923986126417,178792343404851502,,,,1787923986124184,1787923986124185,1787923986126417,,,http_data_plane,,,,,2232
server,peer_replication_pull_request,sent,1787923986493231,178792343404851502,,,,,,,,,connected_peers=24,,,,,
server,peer_replication_get_delta,completed,1787923986539492,178792343404851502,178792343327017802,6,,1787923986539396,1787923986539400,1787923986539492,,,"delta_len=63,sent_us=1787923986509417",,,,,92
server,client_mutation,completed,1787923986626347,178792343404851502,,,,1787923986624174,1787923986624175,1787923986626347,,,http_data_plane,,,,,2172
server,client_mutation,completed,1787923987126376,178792343404851502,,,,1787923987124239,1787923987124240,1787923987126376,,,http_data_plane,,,,,2136
server,peer_replication_pull_request,sent,1787923987493332,178792343404851502,,,,,,,,,connected_peers=24,,,,,
server,client_mutation,completed,1787923987626209,178792343404851502,,,,1787923987624071,1787923987624072,1787923987626209,,,http_data_plane,,,,,2137
server,peer_replication_merge_delta,completed,1787923987670296,178792343404851502,,6,,1787923987665068,1787923987670235,1787923987670296,,,"delta_len=48,sent_us=1787923987600218",,,,,61
server,client_mutation,completed,1787923988126699,178792343404851502,,,,1787923988124161,1787923988124162,1787923988126699,,,http_data_plane,,,,,2537
server,membership_directory_read,completed,1787923988146463,178792343404851502,,,,,1787923988078676,1787923988146463,,,poll:137 descriptors,,,,,67787
server,peer_replication_get_delta,completed,1787923988184151,178792343404851502,178792343266890002,6,,1787923988184075,1787923988184078,1787923988184151,,,"delta_len=43,sent_us=1787923988076594",,,,,73
server,peer_replication_pull_request,sent,1787923988493691,178792343404851502,,,,,,,,,connected_peers=24,,,,,
server,peer_replication_merge_delta,completed,1787923988567894,178792343404851502,,6,,1787923988563960,1787923988567872,1787923988567894,,,"delta_len=24,sent_us=1787923988549961",,,,,22
server,client_mutation,completed,1787923988626396,178792343404851502,,,,1787923988624108,1787923988624109,1787923988626396,,,http_data_plane,,,,,2287
server,client_mutation,completed,1787923989126421,178792343404851502,,,,1787923989124168,1787923989124169,1787923989126421,,,http_data_plane,,,,,2252
server,peer_replication_pull_request,sent,1787923989493419,178792343404851502,,,,,,,,,connected_peers=24,,,,,
server,peer_replication_merge_delta,completed,1787923989583909,178792343404851502,,6,,1787923989576581,1787923989583756,1787923989583909,,,"delta_len=92,sent_us=1787923989566306",,,,,153
server,client_mutation,completed,1787923989626382,178792343404851502,,,,1787923989624205,1787923989624206,1787923989626382,,,http_data_plane,,,,,2176
server,client_mutation,completed,1787923990127421,178792343404851502,,,,1787923990125290,1787923990125292,1787923990127421,,,http_data_plane,,,,,2129
server,peer_replication_pull_request,sent,1787923990493654,178792343404851502,,,,,,,,,connected_peers=24,,,,,
server,peer_replication_merge_delta,completed,1787923990578304,178792343404851502,,6,,1787923990571980,1787923990578260,1787923990578304,,,"delta_len=64,sent_us=1787923990563009",,,,,44
server,peer_replication_get_delta,completed,1787923990589232,178792343404851502,178792343327017802,6,,1787923990589147,1787923990589150,1787923990589232,,,"delta_len=100,sent_us=1787923990509879",,,,,82
server,client_mutation,completed,1787923990626235,178792343404851502,,,,1787923990624172,1787923990624173,1787923990626235,,,http_data_plane,,,,,2062
server,client_mutation,completed,1787923991126372,178792343404851502,,,,1787923991124144,1787923991124145,1787923991126372,,,http_data_plane,,,,,2227
server,peer_replication_pull_request,sent,1787923991493330,178792343404851502,,,,,,,,,connected_peers=24,,,,,
server,peer_replication_merge_delta,completed,1787923991576333,178792343404851502,,6,,1787923991571880,1787923991576302,1787923991576333,,,"delta_len=36,sent_us=1787923991562985",,,,,31
server,client_mutation,completed,1787923991626200,178792343404851502,,,,1787923991624189,1787923991624190,1787923991626200,,,http_data_plane,,,,,2010
server,client_mutation,completed,1787923992126335,178792343404851502,,,,1787923992124198,1787923992124199,1787923992126335,,,http_data_plane,,,,,2136
server,peer_replication_pull_request,sent,1787923992493336,178792343404851502,,,,,,,,,connected_peers=24,,,,,
server,peer_replication_merge_delta,completed,1787923992591725,178792343404851502,,6,,1787923992589086,1787923992591718,1787923992591725,,,"delta_len=2,sent_us=1787923992563000",,,,,7
server,client_mutation,completed,1787923992626190,178792343404851502,,,,1787923992624102,1787923992624103,1787923992626190,,,http_data_plane,,,,,2087
server,peer_replication_get_delta,completed,1787923992665620,178792343404851502,178792343266888002,6,,1787923992665546,1787923992665550,1787923992665620,,,"delta_len=17,sent_us=1787923992601675",,,,,70
server,client_mutation,completed,1787923993126265,178792343404851502,,,,1787923993124132,1787923993124133,1787923993126265,,,http_data_plane,,,,,2132
server,membership_directory_read,completed,1787923993144402,178792343404851502,,,,,1787923993078298,1787923993144402,,,poll:137 descriptors,,,,,66104
server,peer_replication_pull_request,sent,1787923993493010,178792343404851502,,,,,,,,,connected_peers=24,,,,,
server,peer_replication_merge_delta,completed,1787923993584599,178792343404851502,,6,,1787923993576537,1787923993584549,1787923993584599,,,"delta_len=91,sent_us=1787923993566258",,,,,50
server,peer_replication_get_delta,completed,1787923993584705,178792343404851502,178792343513166002,6,,1787923993584639,1787923993584642,1787923993584705,,,"delta_len=60,sent_us=1787923993565293",,,,,63
server,client_mutation,completed,1787923993626188,178792343404851502,,,,1787923993624159,1787923993624160,1787923993626188,,,http_data_plane,,,,,2028
server,client_mutation,completed,1787923994126293,178792343404851502,,,,1787923994124134,1787923994124134,1787923994126293,,,http_data_plane,,,,,2159
server,peer_replication_get_delta,completed,1787923994264387,178792343404851502,178792343266886002,6,,1787923994264302,1787923994264306,1787923994264387,,,"delta_len=43,sent_us=1787923994200554",,,,,81
server,peer_replication_pull_request,sent,1787923994492975,178792343404851502,,,,,,,,,connected_peers=24,,,,,
server,peer_replication_merge_delta,completed,1787923994583059,178792343404851502,,6,,1787923994576047,1787923994583004,1787923994583059,,,"delta_len=87,sent_us=1787923994565965",,,,,55
server,client_mutation,completed,1787923994626316,178792343404851502,,,,1787923994624152,1787923994624153,1787923994626316,,,http_data_plane,,,,,2163
server,client_mutation,completed,1787923995126467,178792343404851502,,,,1787923995124257,1787923995124258,1787923995126467,,,http_data_plane,,,,,2209
server,peer_replication_pull_request,sent,1787923995493406,178792343404851502,,,,,,,,,connected_peers=24,,,,,
server,peer_replication_get_delta,completed,1787923995511743,178792343404851502,178792343266887002,6,,1787923995511659,1787923995511663,1787923995511743,,,"delta_len=32,sent_us=1787923995399231",,,,,80
server,peer_replication_merge_delta,completed,1787923995581259,178792343404851502,,6,,1787923995576506,1787923995581230,1787923995581259,,,"delta_len=34,sent_us=1787923995566272",,,,,29
server,client_mutation,completed,1787923995626323,178792343404851502,,,,1787923995624178,1787923995624179,1787923995626323,,,http_data_plane,,,,,2144
server,client_mutation,completed,1787923996126237,178792343404851502,,,,1787923996124198,1787923996124198,1787923996126237,,,http_data_plane,,,,,2039
server,peer_replication_pull_request,sent,1787923996493159,178792343404851502,,,,,,,,,connected_peers=24,,,,,
server,peer_replication_merge_delta,completed,1787923996537765,178792343404851502,,6,,1787923996533304,1787923996537738,1787923996537765,,,"delta_len=37,sent_us=1787923996523150",,,,,27
server,peer_replication_get_delta,completed,1787923996612561,178792343404851502,178792343404853502,6,,1787923996612476,1787923996612480,1787923996612561,,,"delta_len=52,sent_us=1787923996612006",,,,,81
server,client_mutation,completed,1787923996626275,178792343404851502,,,,1787923996624035,1787923996624036,1787923996626275,,,http_data_plane,,,,,2239
server,client_mutation,completed,1787923997126324,178792343404851502,,,,1787923997124183,1787923997124184,1787923997126324,,,http_data_plane,,,,,2140
server,peer_replication_get_delta,completed,1787923997348355,178792343404851502,178792343404854502,6,,1787923997348266,1787923997348270,1787923997348355,,,"delta_len=42,sent_us=1787923997347838",,,,,85
server,peer_replication_pull_request,sent,1787923997493744,178792343404851502,,,,,,,,,connected_peers=24,,,,,
server,peer_replication_merge_delta,completed,1787923997628440,178792343404851502,,6,,1787923997622525,1787923997628402,1787923997628440,,,"delta_len=60,sent_us=1787923997600349",,,,,38
server,client_mutation,completed,1787923997630484,178792343404851502,,,,1787923997624295,1787923997628475,1787923997630484,,,http_data_plane,,,,,2009
server,client_mutation,completed,1787923998126227,178792343404851502,,,,1787923998124102,1787923998124103,1787923998126227,,,http_data_plane,,,,,2124
server,membership_directory_read,completed,1787923998142860,178792343404851502,,,,,1787923998078109,1787923998142860,,,poll:137 descriptors,,,,,64751
server,peer_replication_pull_request,sent,1787923998493776,178792343404851502,,,,,,,,,connected_peers=24,,,,,
server,peer_replication_merge_delta,completed,1787923998581026,178792343404851502,,6,,1787923998575981,1787923998580994,1787923998581026,,,"delta_len=43,sent_us=1787923998565990",,,,,32
server,peer_replication_get_delta,completed,1787923998581136,178792343404851502,178792343513164002,6,,1787923998581053,1787923998581065,1787923998581136,,,"delta_len=73,sent_us=1787923998522614",,,,,71
server,client_mutation,completed,1787923998626287,178792343404851502,,,,1787923998624085,1787923998624087,1787923998626287,,,http_data_plane,,,,,2200
server,client_mutation,completed,1787923999126267,178792343404851502,,,,1787923999124170,1787923999124171,1787923999126267,,,http_data_plane,,,,,2096
server,peer_replication_pull_request,sent,1787923999493231,178792343404851502,,,,,,,,,connected_peers=24,,,,,
server,peer_replication_merge_delta,completed,1787923999582576,178792343404851502,,6,,1787923999576400,1787923999582537,1787923999582576,,,"delta_len=63,sent_us=1787923999566188",,,,,39
server,client_mutation,completed,1787923999626274,178792343404851502,,,,1787923999624176,1787923999624177,1787923999626274,,,http_data_plane,,,,,2097
server,client_mutation,completed,1787924000126320,178792343404851502,,,,1787924000124224,1787924000124225,1787924000126320,,,http_data_plane,,,,,2095
server,peer_replication_get_delta,completed,1787924000198491,178792343404851502,178792343327016802,6,,1787924000198412,1787924000198415,1787924000198491,,,"delta_len=42,sent_us=1787924000168373",,,,,76
server,peer_replication_get_delta,completed,1787924000462874,178792343404851502,178792343266887002,6,,1787924000462794,1787924000462797,1787924000462874,,,"delta_len=41,sent_us=1787924000399015",,,,,77
server,peer_replication_pull_request,sent,1787924000493198,178792343404851502,,,,,,,,,connected_peers=24,,,,,
server,peer_replication_get_delta,completed,1787924000589142,178792343404851502,178792343327017802,6,,1787924000589058,1787924000589063,1787924000589142,,,"delta_len=40,sent_us=1787924000509541",,,,,79
server,peer_replication_merge_delta,completed,1787924000592761,178792343404851502,,6,,1787924000589194,1787924000592733,1787924000592761,,,"delta_len=16,sent_us=1787924000563008",,,,,28
server,client_mutation,completed,1787924000626227,178792343404851502,,,,1787924000624162,1787924000624164,1787924000626227,,,http_data_plane,,,,,2063
server,peer_replication_get_delta,completed,1787924000961498,178792343404851502,178792343266889002,6,,1787924000961410,1787924000961414,1787924000961498,,,"delta_len=53,sent_us=1787924000856087",,,,,84
server,client_mutation,completed,1787924001126252,178792343404851502,,,,1787924001124135,1787924001124136,1787924001126252,,,http_data_plane,,,,,2116
server,peer_replication_pull_request,sent,1787924001493455,178792343404851502,,,,,,,,,connected_peers=24,,,,,
server,peer_replication_get_delta,completed,1787924001508807,178792343404851502,178792343513167002,6,,1787924001508728,1787924001508732,1787924001508807,,,"delta_len=30,sent_us=1787924001444898",,,,,75
server,peer_replication_merge_delta,completed,1787924001576937,178792343404851502,,6,,1787924001571848,1787924001576902,1787924001576937,,,"delta_len=50,sent_us=1787924001562981",,,,,35
server,client_mutation,completed,1787924001626247,178792343404851502,,,,1787924001624162,1787924001624163,1787924001626247,,,http_data_plane,,,,,2084
server,client_mutation,completed,1787924002126528,178792343404851502,,,,1787924002124253,1787924002124254,1787924002126528,,,http_data_plane,,,,,2274
server,peer_replication_pull_request,sent,1787924002493225,178792343404851502,,,,,,,,,connected_peers=24,,,,,
server,peer_replication_merge_delta,completed,1787924002592325,178792343404851502,,6,,1787924002586459,1787924002592282,1787924002592325,,,"delta_len=56,sent_us=1787924002576228",,,,,43
server,client_mutation,completed,1787924002626224,178792343404851502,,,,1787924002624109,1787924002624110,1787924002626224,,,http_data_plane,,,,,2114
server,client_mutation,completed,1787924003126544,178792343404851502,,,,1787924003124111,1787924003124112,1787924003126544,,,http_data_plane,,,,,2432
server,membership_directory_read,completed,1787924003145437,178792343404851502,,,,,1787924003078237,1787924003145437,,,poll:137 descriptors,,,,,67200
server,peer_replication_pull_request,sent,1787924003493095,178792343404851502,,,,,,,,,connected_peers=24,,,,,
server,peer_replication_merge_delta,completed,1787924003498977,178792343404851502,,6,,1787924003494237,1787924003498945,1787924003498977,,,"delta_len=38,sent_us=1787924003493706",,,,,32
server,client_mutation,completed,1787924003626810,178792343404851502,,,,1787924003624114,1787924003624115,1787924003626810,,,http_data_plane,,,,,2695
server,peer_replication_get_delta,completed,1787924003712119,178792343404851502,178792343266888002,6,,1787924003712021,1787924003712025,1787924003712119,,,"delta_len=69,sent_us=1787924003601717",,,,,94
server,peer_replication_get_delta,completed,1787924004049495,178792343404851502,178792343404852502,6,,1787924004049404,1787924004049408,1787924004049495,,,"delta_len=77,sent_us=1787924004001245",,,,,87
server,client_mutation,completed,1787924004126323,178792343404851502,,,,1787924004124213,1787924004124214,1787924004126323,,,http_data_plane,,,,,2109
server,peer_replication_get_delta,completed,1787924004199045,178792343404851502,178792343327016802,6,,1787924004198941,1787924004198945,1787924004199045,,,"delta_len=20,sent_us=1787924004168867",,,,,100
server,peer_replication_pull_request,sent,1787924004493518,178792343404851502,,,,,,,,,connected_peers=24,,,,,
server,peer_replication_merge_delta,completed,1787924004517903,178792343404851502,,6,,1787924004512969,1787924004517869,1787924004517903,,,"delta_len=47,sent_us=1787924004508510",,,,,34
server,client_mutation,completed,1787924004626261,178792343404851502,,,,1787924004624116,1787924004624117,1787924004626261,,,http_data_plane,,,,,2144
server,client_mutation,completed,1787924005126222,178792343404851502,,,,1787924005124194,1787924005124195,1787924005126222,,,http_data_plane,,,,,2027
server,peer_replication_pull_request,sent,1787924005493212,178792343404851502,,,,,,,,,connected_peers=24,,,,,
server,peer_replication_merge_delta,completed,1787924005578603,178792343404851502,,6,,1787924005571957,1787924005578555,1787924005578603,,,"delta_len=73,sent_us=1787924005563035",,,,,48
server,peer_replication_get_delta,completed,1787924005589218,178792343404851502,178792343327017802,6,,1787924005589126,1787924005589129,1787924005589218,,,"delta_len=111,sent_us=1787924005509604",,,,,89
server,client_mutation,completed,1787924005626567,178792343404851502,,,,1787924005624199,1787924005624200,1787924005626567,,,http_data_plane,,,,,2367
server,client_mutation,completed,1787924006126177,178792343404851502,,,,1787924006124116,1787924006124116,1787924006126177,,,http_data_plane,,,,,2061
server,peer_replication_get_delta,completed,1787924006158764,178792343404851502,178792343513168002,6,,1787924006158671,1787924006158674,1787924006158764,,,"delta_len=85,sent_us=1787924006102980",,,,,90
server,peer_replication_get_delta,completed,1787924006389466,178792343404851502,178792343404854502,6,,1787924006389385,1787924006389388,1787924006389466,,,"delta_len=23,sent_us=1787924006348101",,,,,78
server,peer_replication_get_delta,completed,1787924006438824,178792343404851502,178792343327013802,6,,1787924006438740,1787924006438743,1787924006438824,,,"delta_len=65,sent_us=1787924006367523",,,,,81
server,peer_replication_pull_request,sent,1787924006493130,178792343404851502,,,,,,,,,connected_peers=24,,,,,
server,peer_replication_merge_delta,completed,1787924006600438,178792343404851502,,6,,1787924006596459,1787924006600415,1787924006600438,,,"delta_len=27,sent_us=1787924006566267",,,,,23
server,client_mutation,completed,1787924006626252,178792343404851502,,,,1787924006624104,1787924006624105,1787924006626252,,,http_data_plane,,,,,2147
server,client_mutation,completed,1787924007126331,178792343404851502,,,,1787924007124239,1787924007124239,1787924007126331,,,http_data_plane,,,,,2092
server,peer_replication_get_delta,completed,1787924007321515,178792343404851502,178792343266886002,6,,1787924007321437,1787924007321441,1787924007321515,,,"delta_len=47,sent_us=1787924007201299",,,,,74
server,peer_replication_pull_request,sent,1787924007492907,178792343404851502,,,,,,,,,connected_peers=24,,,,,
server,peer_replication_merge_delta,completed,1787924007592818,178792343404851502,,6,,1787924007588947,1787924007592797,1787924007592818,,,"delta_len=25,sent_us=1787924007562981",,,,,21
server,client_mutation,completed,1787924007626250,178792343404851502,,,,1787924007624146,1787924007624147,1787924007626250,,,http_data_plane,,,,,2103
server,client_mutation,completed,1787924008126389,178792343404851502,,,,1787924008124133,1787924008124134,1787924008126389,,,http_data_plane,,,,,2255
server,membership_directory_read,completed,1787924008145013,178792343404851502,,,,,1787924008078284,1787924008145013,,,poll:137 descriptors,,,,,66729
server,peer_replication_pull_request,sent,1787924008493638,178792343404851502,,,,,,,,,connected_peers=24,,,,,
server,peer_replication_merge_delta,completed,1787924008545718,178792343404851502,,6,,1787924008540000,1787924008545682,1787924008545718,,,"delta_len=54,sent_us=1787924008539440",,,,,36
server,client_mutation,completed,1787924008626245,178792343404851502,,,,1787924008624157,1787924008624158,1787924008626245,,,http_data_plane,,,,,2087
server,client_mutation,completed,1787924009126263,178792343404851502,,,,1787924009124215,1787924009124216,1787924009126263,,,http_data_plane,,,,,2047
server,peer_replication_pull_request,sent,1787924009493219,178792343404851502,,,,,,,,,connected_peers=24,,,,,
server,peer_replication_merge_delta,completed,1787924009628884,178792343404851502,,6,,1787924009621788,1787924009628831,1787924009628884,,,"delta_len=76,sent_us=1787924009600222",,,,,53
server,client_mutation,completed,1787924009630915,178792343404851502,,,,1787924009624379,1787924009628924,1787924009630915,,,http_data_plane,,,,,1991
server,client_mutation,completed,1787924010126504,178792343404851502,,,,1787924010124262,1787924010124263,1787924010126504,,,http_data_plane,,,,,2241
server,peer_replication_get_delta,completed,1787924010438921,178792343404851502,178792343327013802,6,,1787924010438837,1787924010438840,1787924010438921,,,"delta_len=31,sent_us=1787924010367514",,,,,81
server,peer_replication_pull_request,sent,1787924010493207,178792343404851502,,,,,,,,,connected_peers=24,,,,,
server,peer_replication_merge_delta,completed,1787924010583377,178792343404851502,,6,,1787924010579146,1787924010583350,1787924010583377,,,"delta_len=32,sent_us=1787924010557603",,,,,27
server,client_mutation,completed,1787924010626334,178792343404851502,,,,1787924010624169,1787924010624170,1787924010626334,,,http_data_plane,,,,,2164
server,client_mutation,completed,1787924011126364,178792343404851502,,,,1787924011124177,1787924011124177,1787924011126364,,,http_data_plane,,,,,2187
server,peer_replication_pull_request,sent,1787924011493396,178792343404851502,,,,,,,,,connected_peers=24,,,,,
server,peer_replication_merge_delta,completed,1787924011538540,178792343404851502,,6,,1787924011533539,1787924011538493,1787924011538540,,,"delta_len=49,sent_us=1787924011523395",,,,,47
server,client_mutation,completed,1787924011626445,178792343404851502,,,,1787924011624162,1787924011624163,1787924011626445,,,http_data_plane,,,,,2282
server,client_mutation,completed,1787924012126522,178792343404851502,,,,1787924012124277,1787924012124278,1787924012126522,,,http_data_plane,,,,,2244
server,peer_replication_pull_request,sent,1787924012493487,178792343404851502,,,,,,,,,connected_peers=24,,,,,
server,peer_replication_merge_delta,completed,1787924012560832,178792343404851502,,6,,1787924012554437,1787924012560785,1787924012560832,,,"delta_len=72,sent_us=1787924012549884",,,,,47
server,client_mutation,completed,1787924012626264,178792343404851502,,,,1787924012624179,1787924012624180,1787924012626264,,,http_data_plane,,,,,2084
server,client_mutation,completed,1787924013126132,178792343404851502,,,,1787924013124203,1787924013124204,1787924013126132,,,http_data_plane,,,,,1928
server,membership_directory_read,completed,1787924013151178,178792343404851502,,,,,1787924013078332,1787924013151178,,,poll:137 descriptors,,,,,72846
server,peer_replication_pull_request,sent,1787924013493198,178792343404851502,,,,,,,,,connected_peers=24,,,,,
server,peer_replication_merge_delta,completed,1787924013499595,178792343404851502,,6,,1787924013494325,1787924013499565,1787924013499595,,,"delta_len=36,sent_us=1787924013493800",,,,,30
server,peer_replication_get_delta,completed,1787924013511639,178792343404851502,178792343266887002,6,,1787924013511555,1787924013511558,1787924013511639,,,"delta_len=70,sent_us=1787924013399325",,,,,81
server,client_mutation,completed,1787924013626441,178792343404851502,,,,1787924013624153,1787924013624154,1787924013626441,,,http_data_plane,,,,,2287
server,client_mutation,completed,1787924014126326,178792343404851502,,,,1787924014124152,1787924014124153,1787924014126326,,,http_data_plane,,,,,2173
server,peer_replication_get_delta,completed,1787924014389460,178792343404851502,178792343404854502,6,,1787924014389379,1787924014389382,1787924014389460,,,"delta_len=49,sent_us=1787924014347208",,,,,78
server,peer_replication_pull_request,sent,1787924014493819,178792343404851502,,,,,,,,,connected_peers=24,,,,,
server,peer_replication_merge_delta,completed,1787924014581659,178792343404851502,,6,,1787924014576383,1787924014581615,1787924014581659,,,"delta_len=52,sent_us=1787924014566183",,,,,44
server,client_mutation,completed,1787924014626298,178792343404851502,,,,1787924014624146,1787924014624147,1787924014626298,,,http_data_plane,,,,,2151
server,client_mutation,completed,1787924015126423,178792343404851502,,,,1787924015124189,1787924015124189,1787924015126423,,,http_data_plane,,,,,2234
server,peer_replication_pull_request,sent,1787924015493390,178792343404851502,,,,,,,,,connected_peers=24,,,,,
server,peer_replication_merge_delta,completed,1787924015545475,178792343404851502,,6,,1787924015540104,1787924015545435,1787924015545475,,,"delta_len=53,sent_us=1787924015539460",,,,,40
server,peer_replication_get_delta,completed,1787924015613030,178792343404851502,178792343404853502,6,,1787924015612911,1787924015612914,1787924015613030,,,"delta_len=61,sent_us=1787924015612341",,,,,116
server,client_mutation,completed,1787924015626291,178792343404851502,,,,1787924015624196,1787924015624197,1787924015626291,,,http_data_plane,,,,,2094
server,client_mutation,completed,1787924016126328,178792343404851502,,,,1787924016124182,1787924016124182,1787924016126328,,,http_data_plane,,,,,2146
server,peer_replication_pull_request,sent,1787924016493312,178792343404851502,,,,,,,,,connected_peers=24,,,,,
server,peer_replication_merge_delta,completed,1787924016584173,178792343404851502,,6,,1787924016578640,1787924016584131,1787924016584173,,,"delta_len=56,sent_us=1787924016557164",,,,,42
server,client_mutation,completed,1787924016626275,178792343404851502,,,,1787924016624115,1787924016624116,1787924016626275,,,http_data_plane,,,,,2159
server,client_mutation,completed,1787924017126233,178792343404851502,,,,1787924017124179,1787924017124180,1787924017126233,,,http_data_plane,,,,,2053
server,peer_replication_pull_request,sent,1787924017493188,178792343404851502,,,,,,,,,connected_peers=24,,,,,
server,peer_replication_merge_delta,completed,1787924017581269,178792343404851502,,6,,1787924017576438,1787924017581240,1787924017581269,,,"delta_len=38,sent_us=1787924017566273",,,,,29
server,client_mutation,completed,1787924017626224,178792343404851502,,,,1787924017624185,1787924017624186,1787924017626224,,,http_data_plane,,,,,2038
server,client_mutation,completed,1787924018126284,178792343404851502,,,,1787924018124149,1787924018124149,1787924018126284,,,http_data_plane,,,,,2135
server,membership_directory_read,completed,1787924018150479,178792343404851502,,,,,1787924018078279,1787924018150479,,,poll:137 descriptors,,,,,72200
server,peer_replication_get_delta,completed,1787924018389413,178792343404851502,178792343404854502,6,,1787924018389335,1787924018389338,1787924018389413,,,"delta_len=29,sent_us=1787924018347320",,,,,75
server,client_mutation,completed,1787924018626343,178792343404851502,,,,1787924018624143,1787924018624144,1787924018626343,,,http_data_plane,,,,,2199
server,client_mutation,completed,1787924019126296,178792343404851502,,,,1787924019124160,1787924019124161,1787924019126296,,,http_data_plane,,,,,2135
server,peer_replication_pull_request,sent,1787924019493287,178792343404851502,,,,,,,,,connected_peers=23,,,,,
server,peer_replication_merge_delta,completed,1787924019583683,178792343404851502,,6,,1787924019576123,1787924019583621,1787924019583683,,,"delta_len=92,sent_us=1787924019566044",,,,,62
server,client_mutation,completed,1787924019626365,178792343404851502,,,,1787924019624207,1787924019624208,1787924019626365,,,http_data_plane,,,,,2157
server,client_mutation,completed,1787924020126390,178792343404851502,,,,1787924020124274,1787924020124275,1787924020126390,,,http_data_plane,,,,,2115
server,peer_replication_pull_request,sent,1787924020493319,178792343404851502,,,,,,,,,connected_peers=23,,,,,
server,peer_replication_merge_delta,completed,1787924020577208,178792343404851502,,6,,1787924020571929,1787924020577176,1787924020577208,,,"delta_len=50,sent_us=1787924020563031",,,,,32
server,client_mutation,completed,1787924020626269,178792343404851502,,,,1787924020624158,1787924020624159,1787924020626269,,,http_data_plane,,,,,2110
server,peer_replication_get_delta,completed,1787924020711617,178792343404851502,178792343266888002,6,,1787924020711535,1787924020711539,1787924020711617,,,"delta_len=48,sent_us=1787924020602031",,,,,78
server,client_mutation,completed,1787924021126303,178792343404851502,,,,1787924021124177,1787924021124177,1787924021126303,,,http_data_plane,,,,,2126
server,peer_replication_get_delta,completed,1787924021158763,178792343404851502,178792343513168002,6,,1787924021158674,1787924021158676,1787924021158763,,,"delta_len=48,sent_us=1787924021102621",,,,,87
server,peer_replication_get_delta,completed,1787924021438756,178792343404851502,178792343327013802,6,,1787924021438673,1787924021438676,1787924021438756,,,"delta_len=51,sent_us=1787924021368383",,,,,80
server,peer_replication_pull_request,sent,1787924021493074,178792343404851502,,,,,,,,,connected_peers=23,,,,,
server,peer_replication_merge_delta,completed,1787924021525402,178792343404851502,,6,,1787924021522102,1787924021525386,1787924021525402,,,"delta_len=18,sent_us=1787924021508069",,,,,16
server,peer_replication_get_delta,completed,1787924021599165,178792343404851502,178792343327017802,6,,1787924021599082,1787924021599085,1787924021599165,,,"delta_len=43,sent_us=1787924021509658",,,,,80
server,client_mutation,completed,1787924021626306,178792343404851502,,,,1787924021624205,1787924021624206,1787924021626306,,,http_data_plane,,,,,2100
server,peer_replication_get_delta,completed,1787924021961586,178792343404851502,178792343266889002,6,,1787924021961494,1787924021961497,1787924021961586,,,"delta_len=20,sent_us=1787924021855716",,,,,89
server,client_mutation,completed,1787924022126240,178792343404851502,,,,1787924022124205,1787924022124206,1787924022126240,,,http_data_plane,,,,,2034
server,peer_replication_pull_request,sent,1787924022493220,178792343404851502,,,,,,,,,connected_peers=23,,,,,
server,peer_replication_merge_delta,completed,1787924022593024,178792343404851502,,6,,1787924022585936,1787924022592953,1787924022593024,,,"delta_len=79,sent_us=1787924022575931",,,,,71
server,client_mutation,completed,1787924022626283,178792343404851502,,,,1787924022624143,1787924022624144,1787924022626283,,,http_data_plane,,,,,2139
server,client_mutation,completed,1787924023126282,178792343404851502,,,,1787924023124130,1787924023124130,1787924023126282,,,http_data_plane,,,,,2152
server,membership_directory_read,completed,1787924023139555,178792343404851502,,,,,1787924023078238,1787924023139555,,,poll:137 descriptors,,,,,61317
server,peer_replication_pull_request,sent,1787924023493157,178792343404851502,,,,,,,,,connected_peers=23,,,,,
server,peer_replication_get_delta,completed,1787924023550671,178792343404851502,178792343597981002,6,,1787924023550584,1787924023550587,1787924023550671,,,"delta_len=59,sent_us=1787924023524678",,,,,84
server,peer_replication_merge_delta,completed,1787924023627304,178792343404851502,,6,,1787924023621599,1787924023627271,1787924023627304,,,"delta_len=44,sent_us=1787924023600074",,,,,33
server,client_mutation,completed,1787924023629674,178792343404851502,,,,1787924023624413,1787924023627349,1787924023629674,,,http_data_plane,,,,,2325
server,client_mutation,completed,1787924024126278,178792343404851502,,,,1787924024124207,1787924024124208,1787924024126278,,,http_data_plane,,,,,2070
server,peer_replication_pull_request,sent,1787924024493340,178792343404851502,,,,,,,,,connected_peers=23,,,,,
server,peer_replication_get_delta,completed,1787924024539640,178792343404851502,178792343327017802,6,,1787924024539561,1787924024539565,1787924024539640,,,"delta_len=10,sent_us=1787924024509574",,,,,75
server,peer_replication_merge_delta,completed,1787924024562717,178792343404851502,,6,,1787924024559698,1787924024562705,1787924024562717,,,"delta_len=10,sent_us=1787924024529723",,,,,12
server,peer_replication_get_delta,completed,1787924024596373,178792343404851502,178792343597981002,6,,1787924024596296,1787924024596299,1787924024596373,,,"delta_len=43,sent_us=1787924024524750",,,,,74
server,client_mutation,completed,1787924024626411,178792343404851502,,,,1787924024624219,1787924024624219,1787924024626411,,,http_data_plane,,,,,2192
server,client_mutation,completed,1787924025126795,178792343404851502,,,,1787924025124600,1787924025124601,1787924025126795,,,http_data_plane,,,,,2194
server,peer_replication_pull_request,sent,1787924025493808,178792343404851502,,,,,,,,,connected_peers=23,,,,,
server,peer_replication_merge_delta,completed,1787924025578933,178792343404851502,,6,,1787924025571967,1787924025578876,1787924025578933,,,"delta_len=77,sent_us=1787924025563026",,,,,57
server,client_mutation,completed,1787924025626295,178792343404851502,,,,1787924025624060,1787924025624060,1787924025626295,,,http_data_plane,,,,,2235
server,peer_replication_get_delta,completed,1787924025898374,178792343404851502,178792343404855502,6,,1787924025898278,1787924025898281,1787924025898374,,,"delta_len=76,sent_us=1787924025897815",,,,,93
server,client_mutation,completed,1787924026126915,178792343404851502,,,,1787924026124359,1787924026124360,1787924026126915,,,http_data_plane,,,,,2555
server,peer_replication_pull_request,sent,1787924026493150,178792343404851502,,,,,,,,,connected_peers=23,,,,,
server,peer_replication_merge_delta,completed,1787924026519120,178792343404851502,,6,,1787924026512925,1787924026519077,1787924026519120,,,"delta_len=62,sent_us=1787924026508321",,,,,43
server,peer_replication_get_delta,completed,1787924026589155,178792343404851502,178792343327017802,6,,1787924026589070,1787924026589074,1787924026589155,,,"delta_len=63,sent_us=1787924026509731",,,,,81
server,client_mutation,completed,1787924026626288,178792343404851502,,,,1787924026624184,1787924026624184,1787924026626288,,,http_data_plane,,,,,2104
server,peer_replication_get_delta,completed,1787924026628733,178792343404851502,178792343513166002,6,,1787924026628652,1787924026628655,1787924026628733,,,"delta_len=83,sent_us=1787924026565809",,,,,78
server,client_mutation,completed,1787924027126507,178792343404851502,,,,1787924027124279,1787924027124280,1787924027126507,,,http_data_plane,,,,,2227
server,peer_replication_pull_request,sent,1787924027493503,178792343404851502,,,,,,,,,connected_peers=23,,,,,
server,peer_replication_merge_delta,completed,1787924027627279,178792343404851502,,6,,1787924027621360,1787924027627238,1787924027627279,,,"delta_len=56,sent_us=1787924027599513",,,,,41
server,client_mutation,completed,1787924027629419,178792343404851502,,,,1787924027624394,1787924027627329,1787924027629419,,,http_data_plane,,,,,2090
server,peer_replication_get_delta,completed,1787924027962290,178792343404851502,178792343266889002,6,,1787924027962206,1787924027962210,1787924027962290,,,"delta_len=61,sent_us=1787924027857094",,,,,80
server,client_mutation,completed,1787924028126264,178792343404851502,,,,1787924028124102,1787924028124103,1787924028126264,,,http_data_plane,,,,,2161
server,membership_directory_read,completed,1787924028139954,178792343404851502,,,,,1787924028078859,1787924028139954,,,poll:138 descriptors,,,,,61095
server,peer_replication_pull_request,sent,1787924028493751,178792343404851502,,,,,,,,,connected_peers=23,,,,,
server,peer_replication_get_delta,completed,1787924028509136,178792343404851502,178792343513167002,6,,1787924028509056,1787924028509059,1787924028509136,,,"delta_len=37,sent_us=1787924028445500",,,,,77
server,peer_replication_merge_delta,completed,1787924028570275,178792343404851502,,6,,1787924028565316,1787924028570248,1787924028570275,,,"delta_len=41,sent_us=1787924028560799",,,,,27
server,peer_replication_get_delta,completed,1787924028578748,178792343404851502,178792343513164002,6,,1787924028578668,1787924028578672,1787924028578748,,,"delta_len=40,sent_us=1787924028523212",,,,,76
server,client_mutation,completed,1787924028626444,178792343404851502,,,,1787924028624309,1787924028624310,1787924028626444,,,http_data_plane,,,,,2134
server,peer_replication_get_delta,completed,1787924028756400,178792343404851502,178792343597983002,6,,1787924028756323,1787924028756327,1787924028756400,,,"delta_len=46,sent_us=1787924028681188",,,,,73
server,peer_replication_get_delta,completed,1787924029023291,178792343404851502,178792343327015802,6,,1787924029023213,1787924029023216,1787924029023291,,,"delta_len=34,sent_us=1787924028993189",,,,,75
server,client_mutation,completed,1787924029125843,178792343404851502,,,,1787924029124171,1787924029124172,1787924029125843,,,http_data_plane,,,,,1671
server,peer_replication_pull_request,sent,1787924029493814,178792343404851502,,,,,,,,,connected_peers=23,,,,,
server,client_mutation,completed,1787924029626114,178792343404851502,,,,1787924029624237,1787924029624238,1787924029626114,,,http_data_plane,,,,,1876
server,gc_init,start,1787924029636117,178792343404851502,,7,,,,,,,previous_gc_marker=6,,,,,
server,gc_membership_descriptor_write,completed,1787924029700671,178792343404851502,,7,,,,,,,"178792343404851502,52.17.146.22:19080,7",,,,,
server,membership_directory_read,completed,1787924029765664,178792343404851502,,7,,,1787924029700727,1787924029765664,,,gc_validation:143 descriptors,,,,,64937
server,gc_init,aborted,1787924029839709,178792343404851502,,7,,,,,,,membership_changed,,,,,
server,membership_directory_read,completed,1787924030046141,178792343404851502,,7,,,1787924029839924,1787924030046141,,,gc_abort_refresh:143 descriptors,,,,,206217
server,peer_replication_merge_delta,completed,1787924030052421,178792343404851502,,6,,1787924030046191,1787924030052388,1787924030052421,,,"delta_len=42,sent_us=1787924029708205",,,,,33
server,peer_replication_get_delta,completed,1787924030052549,178792343404851502,178792343513166002,6,,1787924030052454,1787924030052475,1787924030052549,,,"delta_len=37,sent_us=1787924029697210",,,,,74
server,peer_replication_get_delta,completed,1787924030052707,178792343404851502,178792343327015802,6,,1787924030052689,1787924030052691,1787924030052707,,,"delta_len=18,sent_us=1787924029778771",,,,,16
server,client_mutation,completed,1787924030125255,178792343404851502,,,,1787924030124308,1787924030124309,1787924030125255,,,http_data_plane,,,,,946
server,peer_replication_pull_request,sent,1787924030493292,178792343404851502,,,,,,,,,connected_peers=23,,,,,
server,peer_replication_merge_delta,completed,1787924030589101,178792343404851502,,6,,1787924030586385,1787924030589083,1787924030589101,,,"delta_len=15,sent_us=1787924030519078",,,,,18
server,client_mutation,completed,1787924030625826,178792343404851502,,,,1787924030624898,1787924030624899,1787924030625826,,,http_data_plane,,,,,927
server,peer_replication_get_delta,completed,1787924030809318,178792343404851502,178792343327015802,6,,1787924030809245,1787924030809248,1787924030809318,,,"delta_len=17,sent_us=1787924030779051",,,,,70
server,client_mutation,completed,1787924031125790,178792343404851502,,,,1787924031124198,1787924031124199,1787924031125790,,,http_data_plane,,,,,1591
server,peer_replication_pull_request,sent,1787924031493159,178792343404851502,,,,,,,,,connected_peers=23,,,,,
server,gc_observed,start,1787924031576072,178792343404851502,,7,,,,,,,,,,,,
server,gc_membership_descriptor_write,completed,1787924031818067,178792343404851502,,7,,,,,,,"178792343404851502,52.17.146.22:19080,7",,,,,
server,gc_observed,completed,1787924031818099,178792343404851502,,7,,,,,,,,,,,,
server,peer_replication_merge_delta,completed,1787924031823769,178792343404851502,,7,,1787924031576072,1787924031823733,1787924031823769,,,"delta_len=61,sent_us=1787924031566069",,,,,36
server,client_mutation,completed,1787924031626322,178792343404851502,,,,1787924031624391,1787924031624392,1787924031626322,,,http_data_plane,,,,,1930
server,peer_replication_get_delta,completed,1787924031823942,178792343404851502,178792343597981002,7,,1787924031823853,1787924031823870,1787924031823942,,,"delta_len=76,sent_us=1787924031524465",,,,,72
server,client_mutation,completed,1787924032126248,178792343404851502,,,,1787924032124190,1787924032124190,1787924032126248,,,http_data_plane,,,,,2058
server,peer_replication_pull_request,sent,1787924032493250,178792343404851502,,,,,,,,,connected_peers=23,,,,,
server,peer_replication_merge_delta,completed,1787924032567951,178792343404851502,,7,,1787924032564058,1787924032567921,1787924032567951,,,"delta_len=24,sent_us=1787924032549956",,,,,30
server,client_mutation,completed,1787924032626277,178792343404851502,,,,1787924032624203,1787924032624204,1787924032626277,,,http_data_plane,,,,,2073
server,client_mutation,completed,1787924033126182,178792343404851502,,,,1787924033124155,1787924033124156,1787924033126182,,,http_data_plane,,,,,2026
server,membership_directory_read,completed,1787924033144616,178792343404851502,,,,,1787924033078403,1787924033144616,,,poll:156 descriptors,,,,,66213
server,client_mutation,completed,1787924033626136,178792343404851502,,,,1787924033624096,1787924033624097,1787924033626136,,,http_data_plane,,,,,2039
server,peer_replication_get_delta,completed,1787924033886294,178792343404851502,178792343513166002,7,,1787924033886195,1787924033886202,1787924033886294,,,"delta_len=64,sent_us=1787924033564948",,,,,92
server,peer_replication_get_delta,completed,1787924033886332,178792343404851502,178792343404853502,7,,1787924033886316,1787924033886320,1787924033886332,,,"delta_len=13,sent_us=1787924033612639",,,,,12
server,peer_replication_pull_request,sent,1787924033886342,178792343404851502,,,,,,,,,connected_peers=20,,,,,
server,peer_replication_merge_delta,completed,1787924033969214,178792343404851502,,7,,1787924033961906,1787924033969135,1787924033969214,,,"delta_len=88,sent_us=1787924033953013",,,,,79
server,peer_replication_get_delta,completed,1787924034049602,178792343404851502,178792343404852502,7,,1787924034049521,1787924034049525,1787924034049602,,,"delta_len=54,sent_us=1787924034001379",,,,,77
server,client_mutation,completed,1787924034126272,178792343404851502,,,,1787924034124172,1787924034124172,1787924034126272,,,http_data_plane,,,,,2100
server,peer_replication_pull_request,sent,1787924034493165,178792343404851502,,,,,,,,,connected_peers=20,,,,,
server,peer_replication_merge_delta,completed,1787924034593129,178792343404851502,,7,,1787924034589037,1787924034593100,1787924034593129,,,"delta_len=29,sent_us=1787924034562895",,,,,29
server,client_mutation,completed,1787924034626366,178792343404851502,,,,1787924034624219,1787924034624219,1787924034626366,,,http_data_plane,,,,,2147
server,client_mutation,completed,1787924035126491,178792343404851502,,,,1787924035124386,1787924035124386,1787924035126491,,,http_data_plane,,,,,2105
server,peer_replication_pull_request,sent,1787924035493545,178792343404851502,,,,,,,,,connected_peers=20,,,,,
server,peer_replication_merge_delta,completed,1787924035576498,178792343404851502,,7,,1787924035571935,1787924035576447,1787924035576498,,,"delta_len=34,sent_us=1787924035563009",,,,,51
server,client_mutation,completed,1787924035626306,178792343404851502,,,,1787924035624199,1787924035624200,1787924035626306,,,http_data_plane,,,,,2106
server,client_mutation,completed,1787924036126262,178792343404851502,,,,1787924036124140,1787924036124140,1787924036126262,,,http_data_plane,,,,,2122
server,peer_replication_pull_request,sent,1787924036493221,178792343404851502,,,,,,,,,connected_peers=20,,,,,
server,peer_replication_merge_delta,completed,1787924036599655,178792343404851502,,7,,1787924036595827,1787924036599629,1787924036599655,,,"delta_len=23,sent_us=1787924036566073",,,,,26
server,client_mutation,completed,1787924036626203,178792343404851502,,,,1787924036624164,1787924036624165,1787924036626203,,,http_data_plane,,,,,2038
server,peer_replication_get_delta,completed,1787924036939491,178792343404851502,178792343404855502,7,,1787924036939386,1787924036939405,1787924036939491,,,"delta_len=69,sent_us=1787924036898340",,,,,86
server,client_mutation,completed,1787924037126300,178792343404851502,,,,1787924037124211,1787924037124212,1787924037126300,,,http_data_plane,,,,,2088
server,peer_replication_pull_request,sent,1787924037493269,178792343404851502,,,,,,,,,connected_peers=20,,,,,
server,peer_replication_merge_delta,completed,1787924037532847,178792343404851502,,7,,1787924037528084,1787924037532816,1787924037532847,,,"delta_len=40,sent_us=1787924037519219",,,,,31
server,client_mutation,completed,1787924037626227,178792343404851502,,,,1787924037624145,1787924037624146,1787924037626227,,,http_data_plane,,,,,2081
server,client_mutation,completed,1787924038126400,178792343404851502,,,,1787924038124122,1787924038124123,1787924038126400,,,http_data_plane,,,,,2277
server,membership_directory_read,completed,1787924038155002,178792343404851502,,,,,1787924038078287,1787924038155002,,,poll:158 descriptors,,,,,76715
server,peer_replication_pull_request,sent,1787924038493634,178792343404851502,,,,,,,,,connected_peers=20,,,,,
server,peer_replication_merge_delta,completed,1787924038599462,178792343404851502,,7,,1787924038595515,1787924038599443,1787924038599462,,,"delta_len=18,sent_us=1787924038566009",,,,,19
server,client_mutation,completed,1787924038626548,178792343404851502,,,,1787924038624196,1787924038624197,1787924038626548,,,http_data_plane,,,,,2351
server,client_mutation,completed,1787924039126433,178792343404851502,,,,1787924039124188,1787924039124189,1787924039126433,,,http_data_plane,,,,,2244
server,peer_replication_pull_request,sent,1787924039493519,178792343404851502,,,,,,,,,connected_peers=20,,,,,
server,peer_replication_merge_delta,completed,1787924039499599,178792343404851502,,7,,1787924039494576,1787924039499570,1787924039499599,,,"delta_len=41,sent_us=1787924039494079",,,,,29
server,client_mutation,completed,1787924039626164,178792343404851502,,,,1787924039624158,1787924039624158,1787924039626164,,,http_data_plane,,,,,2006
server,client_mutation,completed,1787924040126526,178792343404851502,,,,1787924040124223,1787924040124223,1787924040126526,,,http_data_plane,,,,,2303
server,peer_replication_pull_request,sent,1787924040493698,178792343404851502,,,,,,,,,connected_peers=20,,,,,
server,peer_replication_merge_delta,completed,1787924040518631,178792343404851502,,7,,1787924040513364,1787924040518598,1787924040518631,,,"delta_len=44,sent_us=1787924040508769",,,,,33
server,client_mutation,completed,1787924040626232,178792343404851502,,,,1787924040624191,1787924040624192,1787924040626232,,,http_data_plane,,,,,2040
server,client_mutation,completed,1787924041127152,178792343404851502,,,,1787924041124218,1787924041124218,1787924041127152,,,http_data_plane,,,,,2934
server,peer_replication_pull_request,sent,1787924041493434,178792343404851502,,,,,,,,,connected_peers=20,,,,,
server,peer_replication_get_delta,completed,1787924041508768,178792343404851502,178792343513167002,7,,1787924041508694,1787924041508698,1787924041508768,,,"delta_len=26,sent_us=1787924041444882",,,,,70
server,peer_replication_merge_delta,completed,1787924041581855,178792343404851502,,7,,1787924041576491,1787924041581812,1787924041581855,,,"delta_len=57,sent_us=1787924041566294",,,,,43
server,client_mutation,completed,1787924041626336,178792343404851502,,,,1787924041624243,1787924041624244,1787924041626336,,,http_data_plane,,,,,2092
server,client_mutation,completed,1787924042126346,178792343404851502,,,,1787924042124240,1787924042124241,1787924042126346,,,http_data_plane,,,,,2105
server,peer_replication_get_delta,completed,1787924042389460,178792343404851502,178792343404854502,7,,1787924042389376,1787924042389380,1787924042389460,,,"delta_len=49,sent_us=1787924042347330",,,,,80
server,peer_replication_pull_request,sent,1787924042493775,178792343404851502,,,,,,,,,connected_peers=20,,,,,
server,peer_replication_get_delta,completed,1787924042508810,178792343404851502,178792343513167002,7,,1787924042508733,1787924042508737,1787924042508810,,,"delta_len=47,sent_us=1787924042445104",,,,,73
server,peer_replication_merge_delta,completed,1787924042592420,178792343404851502,,7,,1787924042588914,1787924042592400,1787924042592420,,,"delta_len=14,sent_us=1787924042563017",,,,,20
server,client_mutation,completed,1787924042626208,178792343404851502,,,,1787924042624148,1787924042624149,1787924042626208,,,http_data_plane,,,,,2059
server,client_mutation,completed,1787924043126309,178792343404851502,,,,1787924043124216,1787924043124217,1787924043126309,,,http_data_plane,,,,,2092
server,membership_directory_read,completed,1787924043148559,178792343404851502,,,,,1787924043078218,1787924043148559,,,poll:158 descriptors,,,,,70341
server,peer_replication_get_delta,completed,1787924043198433,178792343404851502,178792343327016802,7,,1787924043198355,1787924043198358,1787924043198433,,,"delta_len=37,sent_us=1787924043168437",,,,,75
server,peer_replication_pull_request,sent,1787924043493101,178792343404851502,,,,,,,,,connected_peers=20,,,,,
server,peer_replication_merge_delta,completed,1787924043556344,178792343404851502,,7,,1787924043553036,1787924043556328,1787924043556344,,,"delta_len=17,sent_us=1787924043523082",,,,,16
server,client_mutation,completed,1787924043626337,178792343404851502,,,,1787924043624204,1787924043624205,1787924043626337,,,http_data_plane,,,,,2132
server,client_mutation,completed,1787924044126816,178792343404851502,,,,1787924044124381,1787924044124382,1787924044126816,,,http_data_plane,,,,,2434
server,peer_replication_pull_request,sent,1787924044493640,178792343404851502,,,,,,,,,connected_peers=20,,,,,
server,peer_replication_get_delta,completed,1787924044508818,178792343404851502,178792343513167002,7,,1787924044508739,1787924044508742,1787924044508818,,,"delta_len=29,sent_us=1787924044444932",,,,,76
server,peer_replication_merge_delta,completed,1787924044559120,178792343404851502,,7,,1787924044554452,1787924044559095,1787924044559120,,,"delta_len=38,sent_us=1787924044549986",,,,,25
server,client_mutation,completed,1787924044626266,178792343404851502,,,,1787924044624150,1787924044624151,1787924044626266,,,http_data_plane,,,,,2115
server,client_mutation,completed,1787924045126397,178792343404851502,,,,1787924045124222,1787924045124223,1787924045126397,,,http_data_plane,,,,,2174
server,peer_replication_pull_request,sent,1787924045493366,178792343404851502,,,,,,,,,connected_peers=20,,,,,
server,peer_replication_merge_delta,completed,1787924045604615,178792343404851502,,7,,1787924045596345,1787924045604555,1787924045604615,,,"delta_len=101,sent_us=1787924045566233",,,,,60
server,client_mutation,completed,1787924045626242,178792343404851502,,,,1787924045624139,1787924045624140,1787924045626242,,,http_data_plane,,,,,2102
server,client_mutation,completed,1787924046126220,178792343404851502,,,,1787924046124143,1787924046124144,1787924046126220,,,http_data_plane,,,,,2076
server,peer_replication_pull_request,sent,1787924046493241,178792343404851502,,,,,,,,,connected_peers=20,,,,,
server,client_mutation,completed,1787924046626171,178792343404851502,,,,1787924046624111,1787924046624112,1787924046626171,,,http_data_plane,,,,,2059
server,client_mutation,completed,1787924047126230,178792343404851502,,,,1787924047124129,1787924047124130,1787924047126230,,,http_data_plane,,,,,2100
server,peer_replication_get_delta,completed,1787924047198815,178792343404851502,178792343327016802,7,,1787924047198741,1787924047198744,1787924047198815,,,"delta_len=9,sent_us=1787924047168673",,,,,71
server,peer_replication_pull_request,sent,1787924047493349,178792343404851502,,,,,,,,,connected_peers=20,,,,,
server,peer_replication_merge_delta,completed,1787924047582602,178792343404851502,,7,,1787924047576038,1787924047582552,1787924047582602,,,"delta_len=74,sent_us=1787924047565971",,,,,50
server,client_mutation,completed,1787924047626248,178792343404851502,,,,1787924047624170,1787924047624171,1787924047626248,,,http_data_plane,,,,,2077
server,peer_replication_get_delta,completed,1787924048118763,178792343404851502,178792343513165002,7,,1787924048118673,1787924048118677,1787924048118763,,,"delta_len=57,sent_us=1787924048061096",,,,,86
server,client_mutation,completed,1787924048126304,178792343404851502,,,,1787924048124127,1787924048124127,1787924048126304,,,http_data_plane,,,,,2177
server,membership_directory_read,completed,1787924048145915,178792343404851502,,,,,1787924048078624,1787924048145915,,,poll:158 descriptors,,,,,67291
server,peer_replication_pull_request,sent,1787924048493573,178792343404851502,,,,,,,,,connected_peers=20,,,,,
server,peer_replication_merge_delta,completed,1787924048498757,178792343404851502,,7,,1787924048494504,1787924048498733,1787924048498757,,,"delta_len=31,sent_us=1787924048494073",,,,,24
server,peer_replication_get_delta,completed,1787924048578778,178792343404851502,178792343513164002,7,,1787924048578674,1787924048578677,1787924048578778,,,"delta_len=78,sent_us=1787924048523038",,,,,101
server,client_mutation,completed,1787924048626192,178792343404851502,,,,1787924048624122,1787924048624123,1787924048626192,,,http_data_plane,,,,,2069
server,client_mutation,completed,1787924049126466,178792343404851502,,,,1787924049124247,1787924049124248,1787924049126466,,,http_data_plane,,,,,2218
server,peer_replication_pull_request,sent,1787924049493359,178792343404851502,,,,,,,,,connected_peers=20,,,,,
server,peer_replication_get_delta,completed,1787924049589189,178792343404851502,178792343327017802,7,,1787924049589100,1787924049589104,1787924049589189,,,"delta_len=55,sent_us=1787924049509998",,,,,85
server,peer_replication_merge_delta,completed,1787924049598673,178792343404851502,,7,,1787924049595395,1787924049598654,1787924049598673,,,"delta_len=14,sent_us=1787924049565980",,,,,19
server,client_mutation,completed,1787924049626178,178792343404851502,,,,1787924049624183,1787924049624184,1787924049626178,,,http_data_plane,,,,,1994
server,client_mutation,completed,1787924050126285,178792343404851502,,,,1787924050124170,1787924050124171,1787924050126285,,,http_data_plane,,,,,2114
server,peer_replication_pull_request,sent,1787924050493560,178792343404851502,,,,,,,,,connected_peers=20,,,,,
server,peer_replication_get_delta,completed,1787924050518761,178792343404851502,178792343513167002,7,,1787924050518674,1787924050518678,1787924050518761,,,"delta_len=59,sent_us=1787924050444813",,,,,83
server,peer_replication_merge_delta,completed,1787924050525457,178792343404851502,,7,,1787924050522602,1787924050525450,1787924050525457,,,"delta_len=4,sent_us=1787924050508650",,,,,7
server,client_mutation,completed,1787924050626233,178792343404851502,,,,1787924050624141,1787924050624141,1787924050626233,,,http_data_plane,,,,,2092
server,client_mutation,completed,1787924051126286,178792343404851502,,,,1787924051124169,1787924051124170,1787924051126286,,,http_data_plane,,,,,2116
server,peer_replication_pull_request,sent,1787924051493281,178792343404851502,,,,,,,,,connected_peers=20,,,,,
server,client_mutation,completed,1787924051625317,178792343404851502,,,,1787924051624202,1787924051624203,1787924051625317,,,http_data_plane,,,,,1114
server,client_mutation,completed,1787924052125767,178792343404851502,,,,1787924052124106,1787924052124106,1787924052125767,,,http_data_plane,,,,,1661
server,peer_replication_pull_request,sent,1787924052493689,178792343404851502,,,,,,,,,connected_peers=20,,,,,
server,peer_replication_merge_delta,completed,1787924052520135,178792343404851502,,7,,1787924052513234,1787924052520089,1787924052520135,,,"delta_len=82,sent_us=1787924052508683",,,,,46
server,peer_replication_get_delta,completed,1787924052578916,178792343404851502,178792343513166002,7,,1787924052578827,1787924052578832,1787924052578916,,,"delta_len=54,sent_us=1787924052564911",,,,,84
server,peer_replication_get_delta,completed,1787924052612524,178792343404851502,178792343404853502,7,,1787924052612437,1787924052612440,1787924052612524,,,"delta_len=77,sent_us=1787924052611918",,,,,84
server,client_mutation,completed,1787924052626065,178792343404851502,,,,1787924052624144,1787924052624145,1787924052626065,,,http_data_plane,,,,,1920
server,client_mutation,completed,1787924053126326,178792343404851502,,,,1787924053124206,1787924053124207,1787924053126326,,,http_data_plane,,,,,2119
server,membership_directory_read,completed,1787924053146033,178792343404851502,,,,,1787924053078097,1787924053146033,,,poll:158 descriptors,,,,,67936
server,peer_replication_pull_request,sent,1787924053493537,178792343404851502,,,,,,,,,connected_peers=20,,,,,
server,peer_replication_get_delta,completed,1787924053518779,178792343404851502,178792343513167002,7,,1787924053518695,1787924053518699,1787924053518779,,,"delta_len=39,sent_us=1787924053444856",,,,,80
server,peer_replication_get_delta,completed,1787924053537581,178792343404851502,178792343513164002,7,,1787924053537492,1787924053537496,1787924053537581,,,"delta_len=54,sent_us=1787924053523591",,,,,85
server,peer_replication_merge_delta,completed,1787924053547206,178792343404851502,,7,,1787924053540034,1787924053547154,1787924053547206,,,"delta_len=87,sent_us=1787924053539432",,,,,52
server,client_mutation,completed,1787924053626244,178792343404851502,,,,1787924053624150,1787924053624151,1787924053626244,,,http_data_plane,,,,,2093
server,client_mutation,completed,1787924054126386,178792343404851502,,,,1787924054124255,1787924054124256,1787924054126386,,,http_data_plane,,,,,2130
server,peer_replication_get_delta,completed,1787924054397113,178792343404851502,178792343327013802,7,,1787924054397029,1787924054397033,1787924054397113,,,"delta_len=50,sent_us=1787924054367549",,,,,80
server,peer_replication_pull_request,sent,1787924054493442,178792343404851502,,,,,,,,,connected_peers=20,,,,,
server,peer_replication_merge_delta,completed,1787924054557305,178792343404851502,,7,,1787924054553622,1787924054557284,1787924054557305,,,"delta_len=23,sent_us=1787924054523442",,,,,21
server,client_mutation,completed,1787924054626206,178792343404851502,,,,1787924054624125,1787924054624126,1787924054626206,,,http_data_plane,,,,,2080
server,client_mutation,completed,1787924055127024,178792343404851502,,,,1787924055124416,1787924055124417,1787924055127024,,,http_data_plane,,,,,2607
server,peer_replication_pull_request,sent,1787924055493072,178792343404851502,,,,,,,,,connected_peers=20,,,,,
server,peer_replication_merge_delta,completed,1787924055576151,178792343404851502,,7,,1787924055571907,1787924055576128,1787924055576151,,,"delta_len=33,sent_us=1787924055563019",,,,,23
server,client_mutation,completed,1787924055626332,178792343404851502,,,,1787924055624165,1787924055624166,1787924055626332,,,http_data_plane,,,,,2166
server,client_mutation,completed,1787924056126168,178792343404851502,,,,1787924056124101,1787924056124101,1787924056126168,,,http_data_plane,,,,,2067
server,peer_replication_pull_request,sent,1787924056493193,178792343404851502,,,,,,,,,connected_peers=20,,,,,
server,peer_replication_merge_delta,completed,1787924056499264,178792343404851502,,7,,1787924056494333,1787924056499234,1787924056499264,,,"delta_len=43,sent_us=1787924056493744",,,,,30
server,peer_replication_get_delta,completed,1787924056578859,178792343404851502,178792343513164002,7,,1787924056578771,1787924056578774,1787924056578859,,,"delta_len=78,sent_us=1787924056522852",,,,,85
server,client_mutation,completed,1787924056626271,178792343404851502,,,,1787924056624216,1787924056624217,1787924056626271,,,http_data_plane,,,,,2054
server,client_mutation,completed,1787924057126284,178792343404851502,,,,1787924057124217,1787924057124217,1787924057126284,,,http_data_plane,,,,,2067
server,peer_replication_pull_request,sent,1787924057493248,178792343404851502,,,,,,,,,connected_peers=20,,,,,
server,peer_replication_merge_delta,completed,1787924057545582,178792343404851502,,7,,1787924057539970,1787924057545545,1787924057545582,,,"delta_len=53,sent_us=1787924057539440",,,,,37
server,client_mutation,completed,1787924057626381,178792343404851502,,,,1787924057624185,1787924057624186,1787924057626381,,,http_data_plane,,,,,2195
server,client_mutation,completed,1787924058126181,178792343404851502,,,,1787924058124080,1787924058124081,1787924058126181,,,http_data_plane,,,,,2100
server,membership_directory_read,completed,1787924058146545,178792343404851502,,,,,1787924058078449,1787924058146545,,,poll:158 descriptors,,,,,68096
server,peer_replication_pull_request,sent,1787924058493153,178792343404851502,,,,,,,,,connected_peers=20,,,,,
server,peer_replication_merge_delta,completed,1787924058518837,178792343404851502,,7,,1787924058512904,1787924058518795,1787924058518837,,,"delta_len=64,sent_us=1787924058508274",,,,,42
server,client_mutation,completed,1787924058626402,178792343404851502,,,,1787924058624188,1787924058624188,1787924058626402,,,http_data_plane,,,,,2214
server,peer_replication_get_delta,completed,1787924059117054,178792343404851502,178792343513168002,7,,1787924059116960,1787924059116964,1787924059117054,,,"delta_len=95,sent_us=1787924059102990",,,,,90
server,client_mutation,completed,1787924059126388,178792343404851502,,,,1787924059124212,1787924059124213,1787924059126388,,,http_data_plane,,,,,2175
server,peer_replication_pull_request,sent,1787924059493417,178792343404851502,,,,,,,,,connected_peers=20,,,,,
server,peer_replication_merge_delta,completed,1787924059576414,178792343404851502,,7,,1787924059571942,1787924059576386,1787924059576414,,,"delta_len=33,sent_us=1787924059563031",,,,,28
server,client_mutation,completed,1787924059626258,178792343404851502,,,,1787924059624235,1787924059624236,1787924059626258,,,http_data_plane,,,,,2022
server,client_mutation,completed,1787924060126280,178792343404851502,,,,1787924060124188,1787924060124189,1787924060126280,,,http_data_plane,,,,,2091
server,peer_replication_pull_request,sent,1787924060493222,178792343404851502,,,,,,,,,connected_peers=20,,,,,
server,client_mutation,completed,1787924060626293,178792343404851502,,,,1787924060624121,1787924060624122,1787924060626293,,,http_data_plane,,,,,2171
server,client_mutation,completed,1787924061126372,178792343404851502,,,,1787924061124168,1787924061124168,1787924061126372,,,http_data_plane,,,,,2204
server,peer_replication_pull_request,sent,1787924061493341,178792343404851502,,,,,,,,,connected_peers=20,,,,,
server,peer_replication_merge_delta,completed,1787924061592836,178792343404851502,,7,,1787924061589017,1787924061592813,1787924061592836,,,"delta_len=27,sent_us=1787924061562979",,,,,23
server,client_mutation,completed,1787924061626196,178792343404851502,,,,1787924061624126,1787924061624127,1787924061626196,,,http_data_plane,,,,,2069
server,peer_replication_get_delta,completed,1787924062075956,178792343404851502,178792343513165002,7,,1787924062075866,1787924062075870,1787924062075956,,,"delta_len=43,sent_us=1787924062061252",,,,,86
server,client_mutation,completed,1787924062126366,178792343404851502,,,,1787924062124136,1787924062124137,1787924062126366,,,http_data_plane,,,,,2229
server,peer_replication_get_delta,completed,1787924062158726,178792343404851502,178792343513168002,7,,1787924062158642,1787924062158645,1787924062158726,,,"delta_len=27,sent_us=1787924062102643",,,,,81
server,peer_replication_pull_request,sent,1787924062493303,178792343404851502,,,,,,,,,connected_peers=20,,,,,
server,client_mutation,completed,1787924062626229,178792343404851502,,,,1787924062624151,1787924062624151,1787924062626229,,,http_data_plane,,,,,2078
server,peer_replication_get_delta,completed,1787924062707740,178792343404851502,178792343597983002,7,,1787924062707656,1787924062707659,1787924062707740,,,"delta_len=55,sent_us=1787924062681614",,,,,81
server,client_mutation,completed,1787924063126340,178792343404851502,,,,1787924063124180,1787924063124180,1787924063126340,,,http_data_plane,,,,,2160
server,membership_directory_read,completed,1787924063150924,178792343404851502,,,,,1787924063078519,1787924063150924,,,poll:158 descriptors,,,,,72405
server,peer_replication_pull_request,sent,1787924063493527,178792343404851502,,,,,,,,,connected_peers=20,,,,,
server,peer_replication_merge_delta,completed,1787924063519724,178792343404851502,,7,,1787924063513102,1787924063519673,1787924063519724,,,"delta_len=81,sent_us=1787924063508584",,,,,51
server,client_mutation,completed,1787924063626238,178792343404851502,,,,1787924063624119,1787924063624120,1787924063626238,,,http_data_plane,,,,,2118
server,client_mutation,completed,1787924064126254,178792343404851502,,,,1787924064124222,1787924064124222,1787924064126254,,,http_data_plane,,,,,2032
server,peer_replication_get_delta,completed,1787924064239113,178792343404851502,178792343327016802,7,,1787924064239031,1787924064239035,1787924064239113,,,"delta_len=35,sent_us=1787924064168235",,,,,78
server,peer_replication_pull_request,sent,1787924064493604,178792343404851502,,,,,,,,,connected_peers=20,,,,,
server,peer_replication_merge_delta,completed,1787924064519232,178792343404851502,,7,,1787924064513197,1787924064519189,1787924064519232,,,"delta_len=66,sent_us=1787924064508670",,,,,43
server,client_mutation,completed,1787924064626361,178792343404851502,,,,1787924064624177,1787924064624178,1787924064626361,,,http_data_plane,,,,,2183
server,peer_replication_get_delta,completed,1787924065116629,178792343404851502,178792343597982002,7,,1787924065116547,1787924065116551,1787924065116629,,,"delta_len=31,sent_us=1787924065090586",,,,,78
server,client_mutation,completed,1787924065126319,178792343404851502,,,,1787924065124099,1787924065124100,1787924065126319,,,http_data_plane,,,,,2219
server,peer_replication_pull_request,sent,1787924065493329,178792343404851502,,,,,,,,,connected_peers=20,,,,,
server,peer_replication_merge_delta,completed,1787924065548664,178792343404851502,,7,,1787924065545222,1787924065548649,1787924065548664,,,"delta_len=17,sent_us=1787924065519265",,,,,15
server,client_mutation,completed,1787924065626278,178792343404851502,,,,1787924065624105,1787924065624105,1787924065626278,,,http_data_plane,,,,,2173
server,client_mutation,completed,1787924066126250,178792343404851502,,,,1787924066124227,1787924066124228,1787924066126250,,,http_data_plane,,,,,2022
server,peer_replication_get_delta,completed,1787924066348003,178792343404851502,178792343404854502,7,,1787924066347929,1787924066347933,1787924066348003,,,"delta_len=12,sent_us=1787924066347421",,,,,70
server,peer_replication_pull_request,sent,1787924066493346,178792343404851502,,,,,,,,,connected_peers=20,,,,,
server,peer_replication_merge_delta,completed,1787924066577538,178792343404851502,,7,,1787924066571976,1787924066577492,1787924066577538,,,"delta_len=48,sent_us=1787924066563068",,,,,46
server,client_mutation,completed,1787924066626309,178792343404851502,,,,1787924066624201,1787924066624202,1787924066626309,,,http_data_plane,,,,,2107
server,client_mutation,completed,1787924067126281,178792343404851502,,,,1787924067124207,1787924067124207,1787924067126281,,,http_data_plane,,,,,2074
server,peer_replication_pull_request,sent,1787924067493267,178792343404851502,,,,,,,,,connected_peers=20,,,,,
server,peer_replication_merge_delta,completed,1787924067580368,178792343404851502,,7,,1787924067576103,1787924067580340,1787924067580368,,,"delta_len=33,sent_us=1787924067566047",,,,,28
server,client_mutation,completed,1787924067626291,178792343404851502,,,,1787924067624132,1787924067624133,1787924067626291,,,http_data_plane,,,,,2158
server,peer_replication_get_delta,completed,1787924067628758,178792343404851502,178792343513166002,7,,1787924067628669,1787924067628672,1787924067628758,,,"delta_len=63,sent_us=1787924067565225",,,,,86
server,peer_replication_get_delta,completed,1787924067898079,178792343404851502,178792343404855502,7,,1787924067897998,1787924067898001,1787924067898079,,,"delta_len=14,sent_us=1787924067897433",,,,,78
server,client_mutation,completed,1787924068126238,178792343404851502,,,,1787924068124160,1787924068124161,1787924068126238,,,http_data_plane,,,,,2077
server,membership_directory_read,completed,1787924068146672,178792343404851502,,,,,1787924068078569,1787924068146672,,,poll:158 descriptors,,,,,68103
server,peer_replication_pull_request,sent,1787924068493306,178792343404851502,,,,,,,,,connected_peers=20,,,,,
server,peer_replication_merge_delta,completed,1787924068560328,178792343404851502,,7,,1787924068554573,1787924068560263,1787924068560328,,,"delta_len=55,sent_us=1787924068549967",,,,,65
server,peer_replication_get_delta,completed,1787924068578806,178792343404851502,178792343513164002,7,,1787924068578729,1787924068578733,1787924068578806,,,"delta_len=29,sent_us=1787924068523548",,,,,73
server,client_mutation,completed,1787924068626327,178792343404851502,,,,1787924068624194,1787924068624195,1787924068626327,,,http_data_plane,,,,,2132
server,client_mutation,completed,1787924069126310,178792343404851502,,,,1787924069124185,1787924069124185,1787924069126310,,,http_data_plane,,,,,2125
server,peer_replication_pull_request,sent,1787924069493310,178792343404851502,,,,,,,,,connected_peers=20,,,,,
server,peer_replication_merge_delta,completed,1787924069568875,178792343404851502,,7,,1787924069564418,1787924069568834,1787924069568875,,,"delta_len=33,sent_us=1787924069559903",,,,,41
server,client_mutation,completed,1787924069626279,178792343404851502,,,,1787924069624161,1787924069624161,1787924069626279,,,http_data_plane,,,,,2118
server,peer_replication_get_delta,completed,1787924069628768,178792343404851502,178792343513166002,7,,1787924069628686,1787924069628690,1787924069628768,,,"delta_len=58,sent_us=1787924069565433",,,,,78
server,peer_replication_get_delta,completed,1787924069849275,178792343404851502,178792343327015802,7,,1787924069849183,1787924069849187,1787924069849275,,,"delta_len=50,sent_us=1787924069778735",,,,,88
server,client_mutation,completed,1787924070126350,178792343404851502,,,,1787924070124152,1787924070124152,1787924070126350,,,http_data_plane,,,,,2198
server,peer_replication_pull_request,sent,1787924070493368,178792343404851502,,,,,,,,,connected_peers=20,,,,,
server,peer_replication_merge_delta,completed,1787924070497900,178792343404851502,,7,,1787924070494421,1787924070497875,1787924070497900,,,"delta_len=16,sent_us=1787924070493887",,,,,25
server,client_mutation,completed,1787924070626227,178792343404851502,,,,1787924070624154,1787924070624155,1787924070626227,,,http_data_plane,,,,,2072
server,client_mutation,completed,1787924071125995,178792343404851502,,,,1787924071124208,1787924071124208,1787924071125995,,,http_data_plane,,,,,1787
server,peer_replication_get_delta,completed,1787924071458844,178792343404851502,178792343513167002,7,,1787924071458766,1787924071458771,1787924071458844,,,"delta_len=35,sent_us=1787924071444800",,,,,73
server,peer_replication_pull_request,sent,1787924071493184,178792343404851502,,,,,,,,,connected_peers=20,,,,,
server,peer_replication_merge_delta,completed,1787924071578073,178792343404851502,,7,,1787924071571947,1787924071578027,1787924071578073,,,"delta_len=66,sent_us=1787924071562993",,,,,46
server,client_mutation,completed,1787924071626114,178792343404851502,,,,1787924071624137,1787924071624137,1787924071626114,,,http_data_plane,,,,,1977
server,peer_replication_get_delta,completed,1787924072049547,178792343404851502,178792343404852502,7,,1787924072049458,1787924072049462,1787924072049547,,,"delta_len=17,sent_us=1787924072001118",,,,,85
server,client_mutation,completed,1787924072126283,178792343404851502,,,,1787924072124183,1787924072124183,1787924072126283,,,http_data_plane,,,,,2100
server,peer_replication_pull_request,sent,1787924072493278,178792343404851502,,,,,,,,,connected_peers=20,,,,,
server,peer_replication_merge_delta,completed,1787924072498109,178792343404851502,,7,,1787924072494374,1787924072498089,1787924072498109,,,"delta_len=23,sent_us=1787924072493844",,,,,20
server,client_mutation,completed,1787924072626318,178792343404851502,,,,1787924072624176,1787924072624177,1787924072626318,,,http_data_plane,,,,,2141
server,peer_replication_get_delta,completed,1787924072638796,178792343404851502,178792343513166002,7,,1787924072638706,1787924072638709,1787924072638796,,,"delta_len=86,sent_us=1787924072565207",,,,,87
server,client_mutation,completed,1787924073126302,178792343404851502,,,,1787924073124121,1787924073124122,1787924073126302,,,http_data_plane,,,,,2180
server,membership_directory_read,completed,1787924073145146,178792343404851502,,,,,1787924073078501,1787924073145146,,,poll:158 descriptors,,,,,66645
server,peer_replication_pull_request,sent,1787924073493216,178792343404851502,,,,,,,,,connected_peers=20,,,,,
server,peer_replication_get_delta,completed,1787924073498757,178792343404851502,178792343513167002,7,,1787924073498674,1787924073498677,1787924073498757,,,"delta_len=5,sent_us=1787924073444607",,,,,80
server,peer_replication_merge_delta,completed,1787924073577064,178792343404851502,,7,,1787924073571871,1787924073577031,1787924073577064,,,"delta_len=42,sent_us=1787924073562978",,,,,33
server,peer_replication_get_delta,completed,1787924073612915,178792343404851502,178792343404853502,7,,1787924073612825,1787924073612827,1787924073612915,,,"delta_len=42,sent_us=1787924073612271",,,,,88
server,client_mutation,completed,1787924073626227,178792343404851502,,,,1787924073624148,1787924073624149,1787924073626227,,,http_data_plane,,,,,2078
server,peer_replication_get_delta,completed,1787924073898718,178792343404851502,178792343404855502,7,,1787924073898631,1787924073898633,1787924073898718,,,"delta_len=47,sent_us=1787924073898164",,,,,85
server,client_mutation,completed,1787924074126378,178792343404851502,,,,1787924074124153,1787924074124154,1787924074126378,,,http_data_plane,,,,,2224
server,peer_replication_get_delta,completed,1787924074439031,178792343404851502,178792343327013802,7,,1787924074438796,1787924074438800,1787924074439031,,,"delta_len=40,sent_us=1787924074368297",,,,,231
server,peer_replication_pull_request,sent,1787924074493386,178792343404851502,,,,,,,,,connected_peers=20,,,,,
server,peer_replication_merge_delta,completed,1787924074599611,178792343404851502,,7,,1787924074596229,1787924074599594,1787924074599611,,,"delta_len=16,sent_us=1787924074566199",,,,,17
server,client_mutation,completed,1787924074626208,178792343404851502,,,,1787924074624137,1787924074624138,1787924074626208,,,http_data_plane,,,,,2070
server,client_mutation,completed,1787924075126434,178792343404851502,,,,1787924075124223,1787924075124224,1787924075126434,,,http_data_plane,,,,,2210
server,peer_replication_pull_request,sent,1787924075493444,178792343404851502,,,,,,,,,connected_peers=20,,,,,
server,peer_replication_get_delta,completed,1787924075550742,178792343404851502,178792343597981002,7,,1787924075550658,1787924075550661,1787924075550742,,,"delta_len=38,sent_us=1787924075524727",,,,,81
server,peer_replication_merge_delta,completed,1787924075576729,178792343404851502,,7,,1787924075571829,1787924075576691,1787924075576729,,,"delta_len=43,sent_us=1787924075562938",,,,,38
server,client_mutation,completed,1787924075626361,178792343404851502,,,,1787924075624183,1787924075624184,1787924075626361,,,http_data_plane,,,,,2177
server,client_mutation,completed,1787924076126343,178792343404851502,,,,1787924076124191,1787924076124192,1787924076126343,,,http_data_plane,,,,,2151
server,peer_replication_pull_request,sent,1787924076493320,178792343404851502,,,,,,,,,connected_peers=20,,,,,
server,peer_replication_merge_delta,completed,1787924076544661,178792343404851502,,7,,1787924076539409,1787924076544626,1787924076544661,,,"delta_len=53,sent_us=1787924076493959",,,,,35
server,client_mutation,completed,1787924076626204,178792343404851502,,,,1787924076624117,1787924076624118,1787924076626204,,,http_data_plane,,,,,2086
server,peer_replication_get_delta,completed,1787924077075656,178792343404851502,178792343513165002,7,,1787924077075516,1787924077075520,1787924077075656,,,"delta_len=86,sent_us=1787924077061384",,,,,136
server,client_mutation,completed,1787924077126338,178792343404851502,,,,1787924077124137,1787924077124137,1787924077126338,,,http_data_plane,,,,,2201
server,peer_replication_pull_request,sent,1787924077493327,178792343404851502,,,,,,,,,connected_peers=20,,,,,
server,peer_replication_merge_delta,completed,1787924077499107,178792343404851502,,7,,1787924077494390,1787924077499077,1787924077499107,,,"delta_len=39,sent_us=1787924077493888",,,,,30
server,client_mutation,completed,1787924077626310,178792343404851502,,,,1787924077624129,1787924077624130,1787924077626310,,,http_data_plane,,,,,2180
server,client_mutation,completed,1787924078126256,178792343404851502,,,,1787924078124138,1787924078124138,1787924078126256,,,http_data_plane,,,,,2118
server,membership_directory_read,completed,1787924078154278,178792343404851502,,,,,1787924078078386,1787924078154278,,,poll:158 descriptors,,,,,75892
server,peer_replication_pull_request,sent,1787924078492921,178792343404851502,,,,,,,,,connected_peers=20,,,,,
server,peer_replication_merge_delta,completed,1787924078582187,178792343404851502,,7,,1787924078576396,1787924078582147,1787924078582187,,,"delta_len=62,sent_us=1787924078566164",,,,,40
server,peer_replication_get_delta,completed,1787924078596420,178792343404851502,178792343597981002,7,,1787924078596341,1787924078596344,1787924078596420,,,"delta_len=47,sent_us=1787924078524560",,,,,76
server,client_mutation,completed,1787924078626268,178792343404851502,,,,1787924078624155,1787924078624157,1787924078626268,,,http_data_plane,,,,,2111
server,client_mutation,completed,1787924079126343,178792343404851502,,,,1787924079124134,1787924079124135,1787924079126343,,,http_data_plane,,,,,2208
server,peer_replication_pull_request,sent,1787924079493340,178792343404851502,,,,,,,,,connected_peers=20,,,,,
server,peer_replication_merge_delta,completed,1787924079581927,178792343404851502,,7,,1787924079578685,1787924079581916,1787924079581927,,,"delta_len=9,sent_us=1787924079508387",,,,,11
server,client_mutation,completed,1787924079626306,178792343404851502,,,,1787924079624157,1787924079624158,1787924079626306,,,http_data_plane,,,,,2148
server,peer_replication_get_delta,completed,1787924080116392,178792343404851502,178792343597982002,7,,1787924080116296,1787924080116300,1787924080116392,,,"delta_len=46,sent_us=1787924080090305",,,,,92
server,client_mutation,completed,1787924080126929,178792343404851502,,,,1787924080124739,1787924080124740,1787924080126929,,,http_data_plane,,,,,2189
server,peer_replication_pull_request,sent,1787924080493082,178792343404851502,,,,,,,,,connected_peers=20,,,,,
server,peer_replication_merge_delta,completed,1787924080560387,178792343404851502,,7,,1787924080554814,1787924080560348,1787924080560387,,,"delta_len=55,sent_us=1787924080550283",,,,,39
server,client_mutation,completed,1787924080626312,178792343404851502,,,,1787924080624138,1787924080624139,1787924080626312,,,http_data_plane,,,,,2173
server,client_mutation,completed,1787924081126355,178792343404851502,,,,1787924081124192,1787924081124192,1787924081126355,,,http_data_plane,,,,,2163
server,peer_replication_pull_request,sent,1787924081493391,178792343404851502,,,,,,,,,connected_peers=20,,,,,
server,peer_replication_merge_delta,completed,1787924081525813,178792343404851502,,7,,1787924081522656,1787924081525798,1787924081525813,,,"delta_len=12,sent_us=1787924081508499",,,,,15
server,client_mutation,completed,1787924081626401,178792343404851502,,,,1787924081624133,1787924081624135,1787924081626401,,,http_data_plane,,,,,2266
server,client_mutation,completed,1787924082126325,178792343404851502,,,,1787924082124200,1787924082124201,1787924082126325,,,http_data_plane,,,,,2124
server,peer_replication_pull_request,sent,1787924082493263,178792343404851502,,,,,,,,,connected_peers=20,,,,,
server,peer_replication_merge_delta,completed,1787924082517511,178792343404851502,,7,,1787924082512796,1787924082517484,1787924082517511,,,"delta_len=39,sent_us=1787924082508295",,,,,27
server,client_mutation,completed,1787924082627490,178792343404851502,,,,1787924082624159,1787924082624160,1787924082627490,,,http_data_plane,,,,,3330
server,peer_replication_get_delta,completed,1787924083059594,178792343404851502,178792343404852502,7,,1787924083059497,1787924083059500,1787924083059594,,,"delta_len=46,sent_us=1787924083001158",,,,,94
server,client_mutation,completed,1787924083126572,178792343404851502,,,,1787924083124409,1787924083124410,1787924083126572,,,http_data_plane,,,,,2162
server,membership_directory_read,completed,1787924083150297,178792343404851502,,,,,1787924083078829,1787924083150297,,,poll:158 descriptors,,,,,71468
server,peer_replication_get_delta,completed,1787924083249122,178792343404851502,178792343327016802,7,,1787924083249038,1787924083249043,1787924083249122,,,"delta_len=37,sent_us=1787924083168434",,,,,79
server,peer_replication_pull_request,sent,1787924083493637,178792343404851502,,,,,,,,,connected_peers=20,,,,,
server,peer_replication_get_delta,completed,1787924083539259,178792343404851502,178792343327017802,7,,1787924083539183,1787924083539187,1787924083539259,,,"delta_len=25,sent_us=1787924083509177",,,,,72
server,peer_replication_merge_delta,completed,1787924083592011,178792343404851502,,7,,1787924083585904,1787924083591971,1787924083592011,,,"delta_len=63,sent_us=1787924083575910",,,,,40
server,client_mutation,completed,1787924083626301,178792343404851502,,,,1787924083624164,1787924083624164,1787924083626301,,,http_data_plane,,,,,2137
server,client_mutation,completed,1787924084126243,178792343404851502,,,,1787924084124207,1787924084124208,1787924084126243,,,http_data_plane,,,,,2035
server,peer_replication_pull_request,sent,1787924084493358,178792343404851502,,,,,,,,,connected_peers=20,,,,,
server,peer_replication_merge_delta,completed,1787924084498214,178792343404851502,,7,,1787924084494391,1787924084498199,1787924084498214,,,"delta_len=17,sent_us=1787924084493872",,,,,15
server,peer_replication_get_delta,completed,1787924084599360,178792343404851502,178792343327017802,7,,1787924084599254,1787924084599258,1787924084599360,,,"delta_len=67,sent_us=1787924084509908",,,,,102
server,client_mutation,completed,1787924084626238,178792343404851502,,,,1787924084624192,1787924084624192,1787924084626238,,,http_data_plane,,,,,2046
server,client_mutation,completed,1787924085126354,178792343404851502,,,,1787924085124192,1787924085124192,1787924085126354,,,http_data_plane,,,,,2162
server,peer_replication_pull_request,sent,1787924085493721,178792343404851502,,,,,,,,,connected_peers=20,,,,,
server,peer_replication_merge_delta,completed,1787924085544093,178792343404851502,,7,,1787924085540110,1787924085544060,1787924085544093,,,"delta_len=29,sent_us=1787924085539505",,,,,33
server,peer_replication_get_delta,completed,1787924085589112,178792343404851502,178792343327017802,7,,1787924085589032,1787924085589035,1787924085589112,,,"delta_len=19,sent_us=1787924085509547",,,,,77
server,peer_replication_get_delta,completed,1787924085613331,178792343404851502,178792343404853502,7,,1787924085613252,1787924085613256,1787924085613331,,,"delta_len=33,sent_us=1787924085612601",,,,,75
server,client_mutation,completed,1787924085626196,178792343404851502,,,,1787924085624117,1787924085624118,1787924085626196,,,http_data_plane,,,,,2078
server,client_mutation,completed,1787924086126326,178792343404851502,,,,1787924086124206,1787924086124207,1787924086126326,,,http_data_plane,,,,,2119
server,peer_replication_pull_request,sent,1787924086493276,178792343404851502,,,,,,,,,connected_peers=20,,,,,
server,peer_replication_merge_delta,completed,1787924086558898,178792343404851502,,7,,1787924086554486,1787924086558873,1787924086558898,,,"delta_len=35,sent_us=1787924086549962",,,,,25
server,client_mutation,completed,1787924086626275,178792343404851502,,,,1787924086624177,1787924086624178,1787924086626275,,,http_data_plane,,,,,2097
server,peer_replication_get_delta,completed,1787924086659496,178792343404851502,178792343404853502,7,,1787924086659420,1787924086659423,1787924086659496,,,"delta_len=38,sent_us=1787924086612147",,,,,73
server,client_mutation,completed,1787924087126933,178792343404851502,,,,1787924087124305,1787924087124306,1787924087126933,,,http_data_plane,,,,,2627
server,peer_replication_get_delta,completed,1787924087348624,178792343404851502,178792343404854502,7,,1787924087348547,1787924087348551,1787924087348624,,,"delta_len=34,sent_us=1787924087348090",,,,,73
server,peer_replication_pull_request,sent,1787924087492999,178792343404851502,,,,,,,,,connected_peers=20,,,,,
server,peer_replication_merge_delta,completed,1787924087560509,178792343404851502,,7,,1787924087554510,1787924087560439,1787924087560509,,,"delta_len=60,sent_us=1787924087549969",,,,,70
server,client_mutation,completed,1787924087626199,178792343404851502,,,,1787924087624102,1787924087624103,1787924087626199,,,http_data_plane,,,,,2096
server,client_mutation,completed,1787924088126318,178792343404851502,,,,1787924088124141,1787924088124142,1787924088126318,,,http_data_plane,,,,,2176
server,membership_directory_read,completed,1787924088154438,178792343404851502,,,,,1787924088078204,1787924088154438,,,poll:159 descriptors,,,,,76234
server,peer_replication_connection,established,1787924088239534,178792343404851502,178792343266886003,,,,,,,,,,,,,
server,peer_replication_connection,established,1787924088432632,178792343404851502,178792343266887003,,,,,,,,,,,,,
server,peer_replication_connection,established,1787924088485375,178792343404851502,178792343597985002,,,,,,,,,,,,,
server,peer_replication_pull_request,sent,1787924088493674,178792343404851502,,,,,,,,,connected_peers=23,,,,,
server,peer_replication_merge_delta,completed,1787924088602979,178792343404851502,,7,,1787924088598976,1787924088602960,1787924088602979,,,"delta_len=25,sent_us=1787924088573023",,,,,19
server,client_mutation,completed,1787924088626306,178792343404851502,,,,1787924088624167,1787924088624167,1787924088626306,,,http_data_plane,,,,,2139
server,peer_replication_connection,established,1787924088837917,178792343404851502,178792343266888003,,,,,,,,,,,,,
server,client_mutation,completed,1787924089126983,178792343404851502,,,,1787924089124540,1787924089124540,1787924089126983,,,http_data_plane,,,,,2443
server,peer_replication_connection,established,1787924089216843,178792343404851502,178792343266889003,,,,,,,,,,,,,
server,peer_replication_pull_request,sent,1787924089493335,178792343404851502,,,,,,,,,connected_peers=25,,,,,
server,peer_replication_connection,established,1787924089610131,178792343404851502,178792343266890003,,,,,,,,,,,,,
server,peer_replication_merge_delta,completed,1787924089623121,178792343404851502,,6,,1787924089620535,1787924089623113,1787924089623121,,,"delta_len=3,sent_us=1787924089556864",,,,,8
server,client_mutation,completed,1787924089626255,178792343404851502,,,,1787924089624174,1787924089624175,1787924089626255,,,http_data_plane,,,,,2080
server,peer_replication_get_delta,completed,1787924089659509,178792343404851502,178792343404853502,7,,1787924089659426,1787924089659430,1787924089659509,,,"delta_len=28,sent_us=1787924089612463",,,,,79
server,client_mutation,completed,1787924090126208,178792343404851502,,,,1787924090124178,1787924090124178,1787924090126208,,,http_data_plane,,,,,2030
server,peer_replication_get_delta,completed,1787924090300386,178792343404851502,178792343597984002,7,,1787924090300306,1787924090300309,1787924090300386,,,"delta_len=10,sent_us=1787924090274356",,,,,77
server,peer_replication_pull_request,sent,1787924090493819,178792343404851502,,,,,,,,,connected_peers=26,,,,,
server,peer_replication_merge_delta,completed,1787924090498902,178792343404851502,,7,,1787924090494996,1787924090498878,1787924090498902,,,"delta_len=26,sent_us=1787924090494379",,,,,24
server,client_mutation,completed,1787924090626336,178792343404851502,,,,1787924090624179,1787924090624180,1787924090626336,,,http_data_plane,,,,,2156
server,client_mutation,completed,1787924091126298,178792343404851502,,,,1787924091124176,1787924091124177,1787924091126298,,,http_data_plane,,,,,2121
server,peer_replication_pull_request,sent,1787924091493397,178792343404851502,,,,,,,,,connected_peers=26,,,,,
server,client_mutation,completed,1787924091626284,178792343404851502,,,,1787924091624153,1787924091624154,1787924091626284,,,http_data_plane,,,,,2130
server,client_mutation,completed,1787924092126326,178792343404851502,,,,1787924092124147,1787924092124148,1787924092126326,,,http_data_plane,,,,,2178
server,peer_replication_pull_request,sent,1787924092493304,178792343404851502,,,,,,,,,connected_peers=26,,,,,
server,client_mutation,completed,1787924092626275,178792343404851502,,,,1787924092624148,1787924092624149,1787924092626275,,,http_data_plane,,,,,2126
server,peer_replication_get_delta,completed,1787924092651558,178792343404851502,178792343266890003,7,,1787924092651482,1787924092651484,1787924092651558,,,"delta_len=6,sent_us=1787924092547145",,,,,74
server,peer_replication_merge_delta,completed,1787924092668305,178792343404851502,,7,,1787924092658693,1787924092668226,1787924092668305,,,"delta_len=125,sent_us=1787924092594723",,,,,79
server,client_mutation,completed,1787924093126254,178792343404851502,,,,1787924093124117,1787924093124118,1787924093126254,,,http_data_plane,,,,,2136
server,membership_directory_read,completed,1787924093151673,178792343404851502,,,,,1787924093078288,1787924093151673,,,poll:152 descriptors,,,,,73385
server,peer_replication_pull_request,sent,1787924093493328,178792343404851502,,,,,,,,,connected_peers=26,,,,,
server,peer_replication_merge_delta,completed,1787924093544242,178792343404851502,,7,,1787924093540085,1787924093544213,1787924093544242,,,"delta_len=30,sent_us=1787924093539511",,,,,29
server,peer_replication_get_delta,completed,1787924093589184,178792343404851502,178792343327017802,7,,1787924093589091,1787924093589095,1787924093589184,,,"delta_len=41,sent_us=1787924093509159",,,,,89
server,client_mutation,completed,1787924093626370,178792343404851502,,,,1787924093624181,1787924093624182,1787924093626370,,,http_data_plane,,,,,2188
server,peer_replication_get_delta,completed,1787924094049515,178792343404851502,178792343404852502,7,,1787924094049415,1787924094049419,1787924094049515,,,"delta_len=34,sent_us=1787924094001628",,,,,96
server,client_mutation,completed,1787924094126580,178792343404851502,,,,1787924094124183,1787924094124183,1787924094126580,,,http_data_plane,,,,,2397
server,peer_replication_pull_request,sent,1787924094493520,178792343404851502,,,,,,,,,connected_peers=26,,,,,
server,client_mutation,completed,1787924094628106,178792343404851502,,,,1787924094624182,1787924094624183,1787924094628106,,,http_data_plane,,,,,3923
server,client_mutation,completed,1787924095126339,178792343404851502,,,,1787924095124198,1787924095124199,1787924095126339,,,http_data_plane,,,,,2140
server,peer_replication_get_delta,completed,1787924095346349,178792343404851502,178792343597984002,7,,1787924095346269,1787924095346272,1787924095346349,,,"delta_len=22,sent_us=1787924095273919",,,,,77
server,peer_replication_pull_request,sent,1787924095493724,178792343404851502,,,,,,,,,connected_peers=26,,,,,
server,peer_replication_merge_delta,completed,1787924095606156,178792343404851502,,7,,1787924095595737,1787924095606073,1787924095606156,,,"delta_len=144,sent_us=1787924095566027",,,,,83
server,client_mutation,completed,1787924095626270,178792343404851502,,,,1787924095624101,1787924095624102,1787924095626270,,,http_data_plane,,,,,2168
server,client_mutation,completed,1787924096126357,178792343404851502,,,,1787924096124156,1787924096124157,1787924096126357,,,http_data_plane,,,,,2200
server,peer_replication_get_delta,completed,1787924096166403,178792343404851502,178792343597982002,7,,1787924096166314,1787924096166318,1787924096166403,,,"delta_len=96,sent_us=1787924096090459",,,,,85
server,peer_replication_pull_request,sent,1787924096493049,178792343404851502,,,,,,,,,connected_peers=26,,,,,
server,peer_replication_merge_delta,completed,1787924096543653,178792343404851502,,7,,1787924096539936,1787924096543635,1787924096543653,,,"delta_len=22,sent_us=1787924096539464",,,,,18
server,client_mutation,completed,1787924096626236,178792343404851502,,,,1787924096624123,1787924096624124,1787924096626236,,,http_data_plane,,,,,2112
server,client_mutation,completed,1787924097126270,178792343404851502,,,,1787924097124200,1787924097124200,1787924097126270,,,http_data_plane,,,,,2070
server,peer_replication_get_delta,completed,1787924097389412,178792343404851502,178792343404854502,7,,1787924097389329,1787924097389332,1787924097389412,,,"delta_len=22,sent_us=1787924097347241",,,,,80
server,peer_replication_pull_request,sent,1787924097493755,178792343404851502,,,,,,,,,connected_peers=26,,,,,
server,peer_replication_merge_delta,completed,1787924097576701,178792343404851502,,7,,1787924097571890,1787924097576665,1787924097576701,,,"delta_len=39,sent_us=1787924097562994",,,,,36
server,client_mutation,completed,1787924097626542,178792343404851502,,,,1787924097624310,1787924097624310,1787924097626542,,,http_data_plane,,,,,2232
server,client_mutation,completed,1787924098126304,178792343404851502,,,,1787924098124097,1787924098124098,1787924098126304,,,http_data_plane,,,,,2206
server,membership_directory_read,completed,1787924098144885,178792343404851502,,,,,1787924098078832,1787924098144885,,,poll:152 descriptors,,,,,66053
server,peer_replication_pull_request,sent,1787924098493222,178792343404851502,,,,,,,,,connected_peers=26,,,,,
server,peer_replication_merge_delta,completed,1787924098626427,178792343404851502,,7,,1787924098620223,1787924098626375,1787924098626427,,,"delta_len=59,sent_us=1787924098598250",,,,,52
server,client_mutation,completed,1787924098628381,178792343404851502,,,,1787924098624360,1787924098626466,1787924098628381,,,http_data_plane,,,,,1915
server,peer_replication_get_delta,completed,1787924098756367,178792343404851502,178792343597983002,7,,1787924098756280,1787924098756284,1787924098756367,,,"delta_len=35,sent_us=1787924098681122",,,,,83
server,client_mutation,completed,1787924099126277,178792343404851502,,,,1787924099124144,1787924099124144,1787924099126277,,,http_data_plane,,,,,2133
server,peer_replication_get_delta,completed,1787924099389487,178792343404851502,178792343404854502,7,,1787924099389396,1787924099389399,1787924099389487,,,"delta_len=64,sent_us=1787924099347411",,,,,88
server,peer_replication_pull_request,sent,1787924099493866,178792343404851502,,,,,,,,,connected_peers=26,,,,,
server,peer_replication_merge_delta,completed,1787924099539585,178792343404851502,,7,,1787924099534365,1787924099539543,1787924099539585,,,"delta_len=50,sent_us=1787924099524110",,,,,42
server,client_mutation,completed,1787924099626156,178792343404851502,,,,1787924099624096,1787924099624097,1787924099626156,,,http_data_plane,,,,,2059
server,client_mutation,completed,1787924100126742,178792343404851502,,,,1787924100124418,1787924100124418,1787924100126742,,,http_data_plane,,,,,2324
server,peer_replication_pull_request,sent,1787924100493030,178792343404851502,,,,,,,,,connected_peers=26,,,,,
server,peer_replication_merge_delta,completed,1787924100559564,178792343404851502,,7,,1787924100554576,1787924100559513,1787924100559564,,,"delta_len=45,sent_us=1787924100550012",,,,,51
server,client_mutation,completed,1787924100626471,178792343404851502,,,,1787924100624115,1787924100624116,1787924100626471,,,http_data_plane,,,,,2355
server,client_mutation,completed,1787924101126437,178792343404851502,,,,1787924101124154,1787924101124155,1787924101126437,,,http_data_plane,,,,,2282
server,peer_replication_get_delta,completed,1787924101217802,178792343404851502,178792343266889003,7,,1787924101217717,1787924101217720,1787924101217802,,,"delta_len=55,sent_us=1787924101153528",,,,,82
server,peer_replication_get_delta,completed,1787924101275193,178792343404851502,178792343266886003,7,,1787924101275113,1787924101275116,1787924101275193,,,"delta_len=12,sent_us=1787924101211119",,,,,77
server,peer_replication_get_delta,completed,1787924101389454,178792343404851502,178792343404854502,7,,1787924101389372,1787924101389376,1787924101389454,,,"delta_len=55,sent_us=1787924101347241",,,,,78
server,peer_replication_pull_request,sent,1787924101493828,178792343404851502,,,,,,,,,connected_peers=26,,,,,
server,peer_replication_merge_delta,completed,1787924101559068,178792343404851502,,7,,1787924101554461,1787924101558981,1787924101559068,,,"delta_len=37,sent_us=1787924101549967",,,,,87
server,client_mutation,completed,1787924101626273,178792343404851502,,,,1787924101624205,1787924101624206,1787924101626273,,,http_data_plane,,,,,2067
server,peer_replication_get_delta,completed,1787924101756488,178792343404851502,178792343597983002,7,,1787924101756398,1787924101756402,1787924101756488,,,"delta_len=67,sent_us=1787924101681875",,,,,86
server,client_mutation,completed,1787924102126367,178792343404851502,,,,1787924102124193,1787924102124194,1787924102126367,,,http_data_plane,,,,,2173
server,peer_replication_pull_request,sent,1787924102493377,178792343404851502,,,,,,,,,connected_peers=26,,,,,
server,peer_replication_merge_delta,completed,1787924102635910,178792343404851502,,7,,1787924102625128,1787924102635825,1787924102635910,,,"delta_len=107,sent_us=1787924102561031",,,,,85
server,client_mutation,completed,1787924102626491,178792343404851502,,,,1787924102624147,1787924102624147,1787924102626491,,,http_data_plane,,,,,2344
server,peer_replication_get_delta,completed,1787924103059559,178792343404851502,178792343404852502,7,,1787924103059475,1787924103059479,1787924103059559,,,"delta_len=31,sent_us=1787924103001148",,,,,80
server,client_mutation,completed,1787924103126382,178792343404851502,,,,1787924103124239,1787924103124240,1787924103126382,,,http_data_plane,,,,,2142
server,membership_directory_read,completed,1787924103145905,178792343404851502,,,,,1787924103078890,1787924103145905,,,poll:152 descriptors,,,,,67015
server,peer_replication_pull_request,sent,1787924103493278,178792343404851502,,,,,,,,,connected_peers=26,,,,,
server,peer_replication_get_delta,completed,1787924103526474,178792343404851502,178792343597985002,7,,1787924103526379,1787924103526381,1787924103526474,,,"delta_len=70,sent_us=1787924103459345",,,,,93
server,peer_replication_merge_delta,completed,1787924103584393,178792343404851502,,7,,1787924103579572,1787924103584368,1787924103584393,,,"delta_len=38,sent_us=1787924103557714",,,,,25
server,client_mutation,completed,1787924103626049,178792343404851502,,,,1787924103624086,1787924103624087,1787924103626049,,,http_data_plane,,,,,1962
server,client_mutation,completed,1787924104126361,178792343404851502,,,,1787924104124177,1787924104124178,1787924104126361,,,http_data_plane,,,,,2183
server,peer_replication_get_delta,completed,1787924104261884,178792343404851502,178792343266889003,7,,1787924104261793,1787924104261797,1787924104261884,,,"delta_len=47,sent_us=1787924104153974",,,,,87
server,peer_replication_get_delta,completed,1787924104322363,178792343404851502,178792343266886003,7,,1787924104322192,1787924104322196,1787924104322363,,,"delta_len=113,sent_us=1787924104210526",,,,,167
server,peer_replication_pull_request,sent,1787924104493833,178792343404851502,,,,,,,,,connected_peers=26,,,,,
server,peer_replication_get_delta,completed,1787924104579731,178792343404851502,178792343513166002,7,,1787924104579630,1787924104579634,1787924104579731,,,"delta_len=113,sent_us=1787924104565446",,,,,97
server,peer_replication_merge_delta,completed,1787924104600065,178792343404851502,,7,,1787924104596600,1787924104600046,1787924104600065,,,"delta_len=16,sent_us=1787924104566339",,,,,19
server,client_mutation,completed,1787924104626414,178792343404851502,,,,1787924104624126,1787924104624127,1787924104626414,,,http_data_plane,,,,,2287
server,client_mutation,completed,1787924105126407,178792343404851502,,,,1787924105124174,1787924105124175,1787924105126407,,,http_data_plane,,,,,2232
server,peer_replication_pull_request,sent,1787924105493357,178792343404851502,,,,,,,,,connected_peers=26,,,,,
server,peer_replication_merge_delta,completed,1787924105500232,178792343404851502,,7,,1787924105494504,1787924105500171,1787924105500232,,,"delta_len=55,sent_us=1787924105493981",,,,,61
server,client_mutation,completed,1787924105626228,178792343404851502,,,,1787924105624115,1787924105624116,1787924105626228,,,http_data_plane,,,,,2112
server,peer_replication_get_delta,completed,1787924106117742,178792343404851502,178792343513168002,7,,1787924106117658,1787924106117662,1787924106117742,,,"delta_len=36,sent_us=1787924106103349",,,,,80
server,client_mutation,completed,1787924106126182,178792343404851502,,,,1787924106124103,1787924106124104,1787924106126182,,,http_data_plane,,,,,2078
server,peer_replication_pull_request,sent,1787924106493132,178792343404851502,,,,,,,,,connected_peers=26,,,,,
server,peer_replication_merge_delta,completed,1787924106632986,178792343404851502,,7,,1787924106624842,1787924106632917,1787924106632986,,,"delta_len=62,sent_us=1787924106602402",,,,,69
server,client_mutation,completed,1787924106626246,178792343404851502,,,,1787924106624132,1787924106624133,1787924106626246,,,http_data_plane,,,,,2113
server,peer_replication_get_delta,completed,1787924106651756,178792343404851502,178792343266890003,7,,1787924106651659,1787924106651663,1787924106651756,,,"delta_len=64,sent_us=1787924106546654",,,,,93
server,client_mutation,completed,1787924107126361,178792343404851502,,,,1787924107124159,1787924107124160,1787924107126361,,,http_data_plane,,,,,2201
server,peer_replication_get_delta,completed,1787924107389488,178792343404851502,178792343404854502,7,,1787924107389404,1787924107389408,1787924107389488,,,"delta_len=21,sent_us=1787924107347365",,,,,80
server,client_mutation,completed,1787924107626415,178792343404851502,,,,1787924107624134,1787924107624136,1787924107626415,,,http_data_plane,,,,,2279
server,peer_replication_get_delta,completed,1787924107898738,178792343404851502,178792343404855502,7,,1787924107898648,1787924107898651,1787924107898738,,,"delta_len=35,sent_us=1787924107898115",,,,,87
server,client_mutation,completed,1787924108126228,178792343404851502,,,,1787924108124113,1787924108124114,1787924108126228,,,http_data_plane,,,,,2114
server,membership_directory_read,completed,1787924108151195,178792343404851502,,,,,1787924108078194,1787924108151195,,,poll:152 descriptors,,,,,73001
server,peer_replication_get_delta,completed,1787924108321674,178792343404851502,178792343266886003,7,,1787924108321587,1787924108321591,1787924108321674,,,"delta_len=22,sent_us=1787924108210192",,,,,83
server,peer_replication_get_delta,completed,1787924108389437,178792343404851502,178792343404854502,7,,1787924108389357,1787924108389361,1787924108389437,,,"delta_len=2,sent_us=1787924108347870",,,,,76
server,peer_replication_pull_request,sent,1787924108493813,178792343404851502,,,,,,,,,connected_peers=25,,,,,
server,peer_replication_merge_delta,completed,1787924108561773,178792343404851502,,7,,1787924108554670,1787924108561704,1787924108561773,,,"delta_len=82,sent_us=1787924108549959",,,,,69
server,client_mutation,completed,1787924108626370,178792343404851502,,,,1787924108624138,1787924108624139,1787924108626370,,,http_data_plane,,,,,2231
server,peer_replication_get_delta,completed,1787924108809102,178792343404851502,178792343327015802,7,,1787924108809012,1787924108809016,1787924108809102,,,"delta_len=59,sent_us=1787924108778831",,,,,86
server,client_mutation,completed,1787924109126373,178792343404851502,,,,1787924109124190,1787924109124191,1787924109126373,,,http_data_plane,,,,,2182
server,peer_replication_get_delta,completed,1787924109239125,178792343404851502,178792343327016802,7,,1787924109239026,1787924109239030,1787924109239125,,,"delta_len=51,sent_us=1787924109168545",,,,,95
server,peer_replication_pull_request,sent,1787924109493180,178792343404851502,,,,,,,,,connected_peers=25,,,,,
server,peer_replication_get_delta,completed,1787924109526473,178792343404851502,178792343597985002,7,,1787924109526220,1787924109526223,1787924109526473,,,"delta_len=12,sent_us=1787924109459281",,,,,250
server,peer_replication_merge_delta,completed,1787924109624596,178792343404851502,,7,,1787924109620085,1787924109624568,1787924109624596,,,"delta_len=39,sent_us=1787924109598595",,,,,28
server,client_mutation,completed,1787924109626942,178792343404851502,,,,1787924109624107,1787924109624628,1787924109626942,,,http_data_plane,,,,,2314
server,client_mutation,completed,1787924110126361,178792343404851502,,,,1787924110124246,1787924110124247,1787924110126361,,,http_data_plane,,,,,2114
server,peer_replication_pull_request,sent,1787924110493359,178792343404851502,,,,,,,,,connected_peers=25,,,,,
server,peer_replication_merge_delta,completed,1787924110560873,178792343404851502,,7,,1787924110554562,1787924110560818,1787924110560873,,,"delta_len=65,sent_us=1787924110549986",,,,,55
server,client_mutation,completed,1787924110626295,178792343404851502,,,,1787924110624160,1787924110624161,1787924110626295,,,http_data_plane,,,,,2134
server,client_mutation,completed,1787924111126364,178792343404851502,,,,1787924111124203,1787924111124204,1787924111126364,,,http_data_plane,,,,,2160
server,peer_replication_get_delta,completed,1787924111166416,178792343404851502,178792343597982002,7,,1787924111166322,1787924111166326,1787924111166416,,,"delta_len=46,sent_us=1787924111090806",,,,,90
server,peer_replication_pull_request,sent,1787924111493027,178792343404851502,,,,,,,,,connected_peers=25,,,,,
server,peer_replication_merge_delta,completed,1787924111592185,178792343404851502,,7,,1787924111589095,1787924111592169,1787924111592185,,,"delta_len=11,sent_us=1787924111563018",,,,,16
server,client_mutation,completed,1787924111626349,178792343404851502,,,,1787924111624181,1787924111624181,1787924111626349,,,http_data_plane,,,,,2168
server,client_mutation,completed,1787924112126356,178792343404851502,,,,1787924112124155,1787924112124156,1787924112126356,,,http_data_plane,,,,,2200
server,peer_replication_pull_request,sent,1787924112493342,178792343404851502,,,,,,,,,connected_peers=25,,,,,
server,peer_replication_merge_delta,completed,1787924112626598,178792343404851502,,7,,1787924112619832,1787924112626552,1787924112626598,,,"delta_len=73,sent_us=1787924112598257",,,,,46
server,client_mutation,completed,1787924112628657,178792343404851502,,,,1787924112624443,1787924112626638,1787924112628657,,,http_data_plane,,,,,2019
server,client_mutation,completed,1787924113126275,178792343404851502,,,,1787924113124140,1787924113124140,1787924113126275,,,http_data_plane,,,,,2135
server,membership_directory_read,completed,1787924113147094,178792343404851502,,,,,1787924113078782,1787924113147094,,,poll:152 descriptors,,,,,68312
server,peer_replication_get_delta,completed,1787924113156382,178792343404851502,178792343597982002,7,,1787924113156296,1787924113156300,1787924113156382,,,"delta_len=10,sent_us=1787924113090135",,,,,82
server,peer_replication_pull_request,sent,1787924113493026,178792343404851502,,,,,,,,,connected_peers=25,,,,,
server,peer_replication_merge_delta,completed,1787924113499322,178792343404851502,,7,,1787924113494584,1787924113499293,1787924113499322,,,"delta_len=39,sent_us=1787924113493751",,,,,29
server,client_mutation,completed,1787924113626217,178792343404851502,,,,1787924113624142,1787924113624143,1787924113626217,,,http_data_plane,,,,,2074
server,client_mutation,completed,1787924114126659,178792343404851502,,,,1787924114124200,1787924114124200,1787924114126659,,,http_data_plane,,,,,2459
server,peer_replication_get_delta,completed,1787924114481514,178792343404851502,178792343266887003,7,,1787924114481421,1787924114481424,1787924114481514,,,"delta_len=35,sent_us=1787924114369231",,,,,90
server,peer_replication_pull_request,sent,1787924114493725,178792343404851502,,,,,,,,,connected_peers=25,,,,,
server,peer_replication_get_delta,completed,1787924114508758,178792343404851502,178792343513167002,7,,1787924114508669,1787924114508673,1787924114508758,,,"delta_len=43,sent_us=1787924114444943",,,,,85
server,peer_replication_merge_delta,completed,1787924114625593,178792343404851502,,7,,1787924114619929,1787924114625556,1787924114625593,,,"delta_len=55,sent_us=1787924114598269",,,,,37
server,client_mutation,completed,1787924114627835,178792343404851502,,,,1787924114624073,1787924114625631,1787924114627835,,,http_data_plane,,,,,2204
server,client_mutation,completed,1787924115126447,178792343404851502,,,,1787924115124237,1787924115124237,1787924115126447,,,http_data_plane,,,,,2210
server,peer_replication_get_delta,completed,1787924115389467,178792343404851502,178792343404854502,7,,1787924115389377,1787924115389381,1787924115389467,,,"delta_len=38,sent_us=1787924115347572",,,,,86
server,peer_replication_pull_request,sent,1787924115493842,178792343404851502,,,,,,,,,connected_peers=25,,,,,
server,peer_replication_merge_delta,completed,1787924115534007,178792343404851502,,7,,1787924115528700,1787924115533968,1787924115534007,,,"delta_len=45,sent_us=1787924115519786",,,,,39
server,peer_replication_get_delta,completed,1787924115550721,178792343404851502,178792343597981002,7,,1787924115550576,1787924115550579,1787924115550721,,,"delta_len=29,sent_us=1787924115524735",,,,,142
server,client_mutation,completed,1787924115626288,178792343404851502,,,,1787924115624135,1787924115624135,1787924115626288,,,http_data_plane,,,,,2153
server,client_mutation,completed,1787924116126258,178792343404851502,,,,1787924116124160,1787924116124161,1787924116126258,,,http_data_plane,,,,,2097
server,peer_replication_pull_request,sent,1787924116493190,178792343404851502,,,,,,,,,connected_peers=25,,,,,
server,peer_replication_merge_delta,completed,1787924116582138,178792343404851502,,7,,1787924116576573,1787924116582106,1787924116582138,,,"delta_len=50,sent_us=1787924116566343",,,,,32
server,client_mutation,completed,1787924116626377,178792343404851502,,,,1787924116624143,1787924116624144,1787924116626377,,,http_data_plane,,,,,2233
server,client_mutation,completed,1787924117126242,178792343404851502,,,,1787924117124254,1787924117124255,1787924117126242,,,http_data_plane,,,,,1987
server,peer_replication_pull_request,sent,1787924117493361,178792343404851502,,,,,,,,,connected_peers=25,,,,,
server,peer_replication_merge_delta,completed,1787924117583893,178792343404851502,,7,,1787924117578669,1787924117583859,1787924117583893,,,"delta_len=52,sent_us=1787924117557167",,,,,34
server,peer_replication_get_delta,completed,1787924117612716,178792343404851502,178792343404853502,7,,1787924117612619,1787924117612622,1787924117612716,,,"delta_len=89,sent_us=1787924117612042",,,,,94
server,client_mutation,completed,1787924117626072,178792343404851502,,,,1787924117624085,1787924117624085,1787924117626072,,,http_data_plane,,,,,1987
server,client_mutation,completed,1787924118126257,178792343404851502,,,,1787924118124127,1787924118124128,1787924118126257,,,http_data_plane,,,,,2129
server,membership_directory_read,completed,1787924118144277,178792343404851502,,,,,1787924118078033,1787924118144277,,,poll:152 descriptors,,,,,66244
server,peer_replication_pull_request,sent,1787924118492997,178792343404851502,,,,,,,,,connected_peers=25,,,,,
server,peer_replication_merge_delta,completed,1787924118498286,178792343404851502,,7,,1787924118494099,1787924118498251,1787924118498286,,,"delta_len=29,sent_us=1787924118493564",,,,,35
server,client_mutation,completed,1787924118626318,178792343404851502,,,,1787924118624126,1787924118624127,1787924118626318,,,http_data_plane,,,,,2191
server,client_mutation,completed,1787924119126468,178792343404851502,,,,1787924119124171,1787924119124172,1787924119126468,,,http_data_plane,,,,,2296
server,peer_replication_get_delta,completed,1787924119239198,178792343404851502,178792343327016802,7,,1787924119239108,1787924119239113,1787924119239198,,,"delta_len=73,sent_us=1787924119168329",,,,,85
server,peer_replication_get_delta,completed,1787924119356360,178792343404851502,178792343597984002,7,,1787924119356274,1787924119356278,1787924119356360,,,"delta_len=43,sent_us=1787924119274520",,,,,82
server,peer_replication_pull_request,sent,1787924119493791,178792343404851502,,,,,,,,,connected_peers=25,,,,,
server,peer_replication_get_delta,completed,1787924119526354,178792343404851502,178792343597985002,7,,1787924119526261,1787924119526265,1787924119526354,,,"delta_len=34,sent_us=1787924119459768",,,,,89
server,peer_replication_merge_delta,completed,1787924119534466,178792343404851502,,7,,1787924119528624,1787924119534424,1787924119534466,,,"delta_len=60,sent_us=1787924119519751",,,,,42
server,client_mutation,completed,1787924119626254,178792343404851502,,,,1787924119624151,1787924119624152,1787924119626254,,,http_data_plane,,,,,2102
server,client_mutation,completed,1787924120126467,178792343404851502,,,,1787924120124212,1787924120124212,1787924120126467,,,http_data_plane,,,,,2255
server,peer_replication_pull_request,sent,1787924120493485,178792343404851502,,,,,,,,,connected_peers=25,,,,,
server,peer_replication_merge_delta,completed,1787924120576607,178792343404851502,,7,,1787924120571890,1787924120576578,1787924120576607,,,"delta_len=41,sent_us=1787924120563013",,,,,29
server,client_mutation,completed,1787924120626297,178792343404851502,,,,1787924120624133,1787924120624134,1787924120626297,,,http_data_plane,,,,,2163
server,client_mutation,completed,1787924121126283,178792343404851502,,,,1787924121124119,1787924121124120,1787924121126283,,,http_data_plane,,,,,2163
server,peer_replication_pull_request,sent,1787924121493378,178792343404851502,,,,,,,,,connected_peers=25,,,,,
server,peer_replication_merge_delta,completed,1787924121592500,178792343404851502,,7,,1787924121588975,1787924121592484,1787924121592500,,,"delta_len=15,sent_us=1787924121563019",,,,,16
server,client_mutation,completed,1787924121626237,178792343404851502,,,,1787924121624155,1787924121624156,1787924121626237,,,http_data_plane,,,,,2081
server,client_mutation,completed,1787924122126299,178792343404851502,,,,1787924122124182,1787924122124183,1787924122126299,,,http_data_plane,,,,,2116
server,peer_replication_get_delta,completed,1787924122491703,178792343404851502,178792343266887003,7,,1787924122491618,1787924122491622,1787924122491703,,,"delta_len=14,sent_us=1787924122369489",,,,,81
server,peer_replication_pull_request,sent,1787924122492876,178792343404851502,,,,,,,,,connected_peers=25,,,,,
server,peer_replication_merge_delta,completed,1787924122503028,178792343404851502,,7,,1787924122493912,1787924122502936,1787924122503028,,,"delta_len=115,sent_us=1787924122493341",,,,,92
server,client_mutation,completed,1787924122626239,178792343404851502,,,,1787924122624105,1787924122624106,1787924122626239,,,http_data_plane,,,,,2133
server,client_mutation,completed,1787924123126336,178792343404851502,,,,1787924123124182,1787924123124183,1787924123126336,,,http_data_plane,,,,,2153
server,membership_directory_read,completed,1787924123144496,178792343404851502,,,,,1787924123078385,1787924123144496,,,poll:152 descriptors,,,,,66111
server,peer_replication_pull_request,sent,1787924123493130,178792343404851502,,,,,,,,,connected_peers=25,,,,,
server,peer_replication_merge_delta,completed,1787924123558852,178792343404851502,,7,,1787924123554458,1787924123558816,1787924123558852,,,"delta_len=32,sent_us=1787924123549985",,,,,36
server,client_mutation,completed,1787924123626273,178792343404851502,,,,1787924123624151,1787924123624152,1787924123626273,,,http_data_plane,,,,,2121
server,peer_replication_get_delta,completed,1787924123897996,178792343404851502,178792343404855502,7,,1787924123897900,1787924123897903,1787924123897996,,,"delta_len=49,sent_us=1787924123897401",,,,,93
server,client_mutation,completed,1787924124126443,178792343404851502,,,,1787924124124234,1787924124124235,1787924124126443,,,http_data_plane,,,,,2208
server,client_mutation,completed,1787924124626371,178792343404851502,,,,1787924124624280,1787924124624280,1787924124626371,,,http_data_plane,,,,,2091
server,client_mutation,completed,1787924125126349,178792343404851502,,,,1787924125124188,1787924125124188,1787924125126349,,,http_data_plane,,,,,2161
server,peer_replication_pull_request,sent,1787924125493457,178792343404851502,,,,,,,,,connected_peers=24,,,,,
server,peer_replication_merge_delta,completed,1787924125627039,178792343404851502,,7,,1787924125619770,1787924125626988,1787924125627039,,,"delta_len=75,sent_us=1787924125598215",,,,,51
server,client_mutation,completed,1787924125629053,178792343404851502,,,,1787924125624438,1787924125627088,1787924125629053,,,http_data_plane,,,,,1965
server,client_mutation,completed,1787924126126539,178792343404851502,,,,1787924126124315,1787924126124316,1787924126126539,,,http_data_plane,,,,,2223
server,peer_replication_get_delta,completed,1787924126397924,178792343404851502,178792343327013802,7,,1787924126397827,1787924126397831,1787924126397924,,,"delta_len=57,sent_us=1787924126368365",,,,,93
server,peer_replication_pull_request,sent,1787924126493295,178792343404851502,,,,,,,,,connected_peers=24,,,,,
server,peer_replication_merge_delta,completed,1787924126560957,178792343404851502,,7,,1787924126554531,1787924126560913,1787924126560957,,,"delta_len=67,sent_us=1787924126549965",,,,,44
server,client_mutation,completed,1787924126626379,178792343404851502,,,,1787924126624141,1787924126624142,1787924126626379,,,http_data_plane,,,,,2237
server,peer_replication_get_delta,completed,1787924126756417,178792343404851502,178792343597983002,7,,1787924126756323,1787924126756327,1787924126756417,,,"delta_len=65,sent_us=1787924126681503",,,,,90
server,client_mutation,completed,1787924127126349,178792343404851502,,,,1787924127124191,1787924127124192,1787924127126349,,,http_data_plane,,,,,2157
server,peer_replication_pull_request,sent,1787924127493284,178792343404851502,,,,,,,,,connected_peers=24,,,,,
server,peer_replication_merge_delta,completed,1787924127539197,178792343404851502,,7,,1787924127533472,1787924127539158,1787924127539197,,,"delta_len=53,sent_us=1787924127523291",,,,,39
server,peer_replication_get_delta,completed,1787924127550760,178792343404851502,178792343597981002,7,,1787924127550672,1787924127550676,1787924127550760,,,"delta_len=83,sent_us=1787924127524879",,,,,84
server,client_mutation,completed,1787924127626423,178792343404851502,,,,1787924127624281,1787924127624282,1787924127626423,,,http_data_plane,,,,,2141
server,client_mutation,completed,1787924128126288,178792343404851502,,,,1787924128124137,1787924128124138,1787924128126288,,,http_data_plane,,,,,2150
server,membership_directory_read,completed,1787924128144017,178792343404851502,,,,,1787924128078423,1787924128144017,,,poll:152 descriptors,,,,,65594
server,peer_replication_pull_request,sent,1787924128493683,178792343404851502,,,,,,,,,connected_peers=24,,,,,
server,peer_replication_merge_delta,completed,1787924128567394,178792343404851502,,7,,1787924128564049,1787924128567375,1787924128567394,,,"delta_len=12,sent_us=1787924128549994",,,,,19
server,client_mutation,completed,1787924128626385,178792343404851502,,,,1787924128624221,1787924128624222,1787924128626385,,,http_data_plane,,,,,2163
server,client_mutation,completed,1787924129126750,178792343404851502,,,,1787924129124228,1787924129124229,1787924129126750,,,http_data_plane,,,,,2521
server,peer_replication_pull_request,sent,1787924129493741,178792343404851502,,,,,,,,,connected_peers=24,,,,,
server,peer_replication_get_delta,completed,1787924129537537,178792343404851502,178792343513164002,7,,1787924129537452,1787924129537455,1787924129537537,,,"delta_len=31,sent_us=1787924129523502",,,,,82
server,peer_replication_merge_delta,completed,1787924129562302,178792343404851502,,7,,1787924129554551,1787924129562248,1787924129562302,,,"delta_len=93,sent_us=1787924129549939",,,,,54
server,peer_replication_get_delta,completed,1787924129589205,178792343404851502,178792343327017802,7,,1787924129589110,1787924129589113,1787924129589205,,,"delta_len=76,sent_us=1787924129509594",,,,,92
server,client_mutation,completed,1787924129626447,178792343404851502,,,,1787924129624100,1787924129624101,1787924129626447,,,http_data_plane,,,,,2346
server,client_mutation,completed,1787924130126443,178792343404851502,,,,1787924130124194,1787924130124195,1787924130126443,,,http_data_plane,,,,,2248
server,peer_replication_pull_request,sent,1787924130493282,178792343404851502,,,,,,,,,connected_peers=24,,,,,
server,peer_replication_get_delta,completed,1787924130508792,178792343404851502,178792343513167002,7,,1787924130508711,1787924130508714,1787924130508792,,,"delta_len=8,sent_us=1787924130444675",,,,,78
server,peer_replication_get_delta,completed,1787924130526266,178792343404851502,178792343597985002,7,,1787924130526185,1787924130526189,1787924130526266,,,"delta_len=17,sent_us=1787924130459366",,,,,77
server,peer_replication_merge_delta,completed,1787924130559295,178792343404851502,,7,,1787924130554535,1787924130559260,1787924130559295,,,"delta_len=42,sent_us=1787924130550038",,,,,35
server,client_mutation,completed,1787924130626351,178792343404851502,,,,1787924130624178,1787924130624178,1787924130626351,,,http_data_plane,,,,,2173
server,client_mutation,completed,1787924131126357,178792343404851502,,,,1787924131124180,1787924131124180,1787924131126357,,,http_data_plane,,,,,2177
server,peer_replication_pull_request,sent,1787924131493377,178792343404851502,,,,,,,,,connected_peers=24,,,,,
server,peer_replication_merge_delta,completed,1787924131580872,178792343404851502,,7,,1787924131576018,1787924131580843,1787924131580872,,,"delta_len=39,sent_us=1787924131566061",,,,,29
server,client_mutation,completed,1787924131626366,178792343404851502,,,,1787924131624209,1787924131624210,1787924131626366,,,http_data_plane,,,,,2156
server,client_mutation,completed,1787924132126485,178792343404851502,,,,1787924132124417,1787924132124417,1787924132126485,,,http_data_plane,,,,,2068
server,peer_replication_pull_request,sent,1787924132493174,178792343404851502,,,,,,,,,connected_peers=24,,,,,
server,peer_replication_get_delta,completed,1787924132526331,178792343404851502,178792343597985002,7,,1787924132526242,1787924132526246,1787924132526331,,,"delta_len=42,sent_us=1787924132459233",,,,,85
server,peer_replication_merge_delta,completed,1787924132627930,178792343404851502,,7,,1787924132621297,1787924132627900,1787924132627930,,,"delta_len=40,sent_us=1787924132599740",,,,,30
server,client_mutation,completed,1787924132630997,178792343404851502,,,,1787924132624473,1787924132627981,1787924132630997,,,http_data_plane,,,,,3016
server,client_mutation,completed,1787924133126146,178792343404851502,,,,1787924133124189,1787924133124190,1787924133126146,,,http_data_plane,,,,,1956
server,membership_directory_read,completed,1787924133144920,178792343404851502,,,,,1787924133078050,1787924133144920,,,poll:152 descriptors,,,,,66870
server,peer_replication_pull_request,sent,1787924133493588,178792343404851502,,,,,,,,,connected_peers=24,,,,,
server,peer_replication_merge_delta,completed,1787924133583075,178792343404851502,,7,,1787924133575970,1787924133583023,1787924133583075,,,"delta_len=81,sent_us=1787924133565931",,,,,52
server,client_mutation,completed,1787924133626290,178792343404851502,,,,1787924133624125,1787924133624126,1787924133626290,,,http_data_plane,,,,,2164
server,client_mutation,completed,1787924134126505,178792343404851502,,,,1787924134124306,1787924134124307,1787924134126505,,,http_data_plane,,,,,2198
server,peer_replication_pull_request,sent,1787924134493475,178792343404851502,,,,,,,,,connected_peers=24,,,,,
server,peer_replication_get_delta,completed,1787924134579481,178792343404851502,178792343513166002,7,,1787924134579356,1787924134579359,1787924134579481,,,"delta_len=18,sent_us=1787924134565359",,,,,122
server,peer_replication_merge_delta,completed,1787924134628069,178792343404851502,,7,,1787924134623068,1787924134628040,1787924134628069,,,"delta_len=34,sent_us=1787924134601311",,,,,29
server,client_mutation,completed,1787924134630205,178792343404851502,,,,1787924134624417,1787924134628128,1787924134630205,,,http_data_plane,,,,,2077
server,peer_replication_get_delta,completed,1787924134939473,178792343404851502,178792343404855502,7,,1787924134939375,1787924134939379,1787924134939473,,,"delta_len=58,sent_us=1787924134898159",,,,,94
server,client_mutation,completed,1787924135126557,178792343404851502,,,,1787924135124316,1787924135124316,1787924135126557,,,http_data_plane,,,,,2241
server,peer_replication_pull_request,sent,1787924135493171,178792343404851502,,,,,,,,,connected_peers=24,,,,,
server,peer_replication_merge_delta,completed,1787924135559634,178792343404851502,,7,,1787924135554640,1787924135559606,1787924135559634,,,"delta_len=33,sent_us=1787924135550095",,,,,28
server,client_mutation,completed,1787924135626226,178792343404851502,,,,1787924135624138,1787924135624139,1787924135626226,,,http_data_plane,,,,,2087
server,client_mutation,completed,1787924136126350,178792343404851502,,,,1787924136124292,1787924136124293,1787924136126350,,,http_data_plane,,,,,2057
server,peer_replication_pull_request,sent,1787924136493461,178792343404851502,,,,,,,,,connected_peers=24,,,,,
server,peer_replication_merge_delta,completed,1787924136535197,178792343404851502,,7,,1787924136528255,1787924136535140,1787924136535197,,,"delta_len=78,sent_us=1787924136519328",,,,,57
server,client_mutation,completed,1787924136626475,178792343404851502,,,,1787924136624152,1787924136624153,1787924136626475,,,http_data_plane,,,,,2322
server,client_mutation,completed,1787924137126665,178792343404851502,,,,1787924137124375,1787924137124376,1787924137126665,,,http_data_plane,,,,,2289
server,peer_replication_pull_request,sent,1787924137493807,178792343404851502,,,,,,,,,connected_peers=24,,,,,
server,peer_replication_merge_delta,completed,1787924137559328,178792343404851502,,7,,1787924137554411,1787924137559297,1787924137559328,,,"delta_len=36,sent_us=1787924137549942",,,,,31
server,peer_replication_get_delta,completed,1787924137611028,178792343404851502,178792343266890003,7,,1787924137610894,1787924137610897,1787924137611028,,,"delta_len=54,sent_us=1787924137546858",,,,,131
server,client_mutation,completed,1787924137626313,178792343404851502,,,,1787924137624278,1787924137624279,1787924137626313,,,http_data_plane,,,,,2034
server,client_mutation,completed,1787924138126331,178792343404851502,,,,1787924138124181,1787924138124182,1787924138126331,,,http_data_plane,,,,,2149
server,membership_directory_read,completed,1787924138148060,178792343404851502,,,,,1787924138078458,1787924138148060,,,poll:152 descriptors,,,,,69602
server,peer_replication_pull_request,sent,1787924138493692,178792343404851502,,,,,,,,,connected_peers=24,,,,,
server,peer_replication_get_delta,completed,1787924138596349,178792343404851502,178792343597981002,7,,1787924138596243,1787924138596247,1787924138596349,,,"delta_len=22,sent_us=1787924138524675",,,,,102
server,peer_replication_get_delta,completed,1787924138613032,178792343404851502,178792343404853502,7,,1787924138612944,1787924138612947,1787924138613032,,,"delta_len=12,sent_us=1787924138612401",,,,,85
server,client_mutation,completed,1787924138626168,178792343404851502,,,,1787924138624112,1787924138624113,1787924138626168,,,http_data_plane,,,,,2055
server,peer_replication_merge_delta,completed,1787924138665865,178792343404851502,,7,,1787924138662350,1787924138665848,1787924138665865,,,"delta_len=18,sent_us=1787924138598338",,,,,17
server,peer_replication_get_delta,completed,1787924138838707,178792343404851502,178792343266888003,7,,1787924138838586,1787924138838590,1787924138838707,,,"delta_len=26,sent_us=1787924138774763",,,,,117
server,client_mutation,completed,1787924139126384,178792343404851502,,,,1787924139124234,1787924139124234,1787924139126384,,,http_data_plane,,,,,2150
server,peer_replication_pull_request,sent,1787924139493415,178792343404851502,,,,,,,,,connected_peers=24,,,,,
server,peer_replication_merge_delta,completed,1787924139570584,178792343404851502,,7,,1787924139564142,1787924139570538,1787924139570584,,,"delta_len=66,sent_us=1787924139550075",,,,,46
server,client_mutation,completed,1787924139626358,178792343404851502,,,,1787924139624196,1787924139624197,1787924139626358,,,http_data_plane,,,,,2161
server,client_mutation,completed,1787924140126306,178792343404851502,,,,1787924140124160,1787924140124161,1787924140126306,,,http_data_plane,,,,,2145
server,peer_replication_pull_request,sent,1787924140493349,178792343404851502,,,,,,,,,connected_peers=24,,,,,
server,peer_replication_merge_delta,completed,1787924140577068,178792343404851502,,7,,1787924140572068,1787924140577041,1787924140577068,,,"delta_len=34,sent_us=1787924140563033",,,,,27
server,client_mutation,completed,1787924140627166,178792343404851502,,,,1787924140624645,1787924140624646,1787924140627166,,,http_data_plane,,,,,2520
server,client_mutation,completed,1787924141126460,178792343404851502,,,,1787924141124378,1787924141124379,1787924141126460,,,http_data_plane,,,,,2081
server,peer_replication_pull_request,sent,1787924141493498,178792343404851502,,,,,,,,,connected_peers=24,,,,,
server,peer_replication_merge_delta,completed,1787924141560713,178792343404851502,,7,,1787924141554750,1787924141560670,1787924141560713,,,"delta_len=59,sent_us=1787924141550214",,,,,43
server,client_mutation,completed,1787924141626261,178792343404851502,,,,1787924141624203,1787924141624204,1787924141626261,,,http_data_plane,,,,,2057
server,client_mutation,completed,1787924142126299,178792343404851502,,,,1787924142124205,1787924142124205,1787924142126299,,,http_data_plane,,,,,2094
server,peer_replication_pull_request,sent,1787924142493290,178792343404851502,,,,,,,,,connected_peers=24,,,,,
server,peer_replication_merge_delta,completed,1787924142533140,178792343404851502,,7,,1787924142528091,1787924142533109,1787924142533140,,,"delta_len=46,sent_us=1787924142519248",,,,,31
server,client_mutation,completed,1787924142626278,178792343404851502,,,,1787924142624177,1787924142624177,1787924142626278,,,http_data_plane,,,,,2101
server,client_mutation,completed,1787924143126351,178792343404851502,,,,1787924143124211,1787924143124211,1787924143126351,,,http_data_plane,,,,,2140
server,membership_directory_read,completed,1787924143147024,178792343404851502,,,,,1787924143078404,1787924143147024,,,poll:152 descriptors,,,,,68620
server,peer_replication_pull_request,sent,1787924143493636,178792343404851502,,,,,,,,,connected_peers=24,,,,,
server,peer_replication_merge_delta,completed,1787924143545111,178792343404851502,,7,,1787924143540042,1787924143545077,1787924143545111,,,"delta_len=49,sent_us=1787924143539465",,,,,34
server,client_mutation,completed,1787924143626261,178792343404851502,,,,1787924143624163,1787924143624163,1787924143626261,,,http_data_plane,,,,,2098
server,peer_replication_get_delta,completed,1787924143756407,178792343404851502,178792343597983002,7,,1787924143756317,1787924143756320,1787924143756407,,,"delta_len=78,sent_us=1787924143681113",,,,,87
server,client_mutation,completed,1787924144126272,178792343404851502,,,,1787924144124150,1787924144124151,1787924144126272,,,http_data_plane,,,,,2121
server,peer_replication_get_delta,completed,1787924144481560,178792343404851502,178792343266887003,7,,1787924144481465,1787924144481469,1787924144481560,,,"delta_len=55,sent_us=1787924144370005",,,,,91
server,peer_replication_pull_request,sent,1787924144493777,178792343404851502,,,,,,,,,connected_peers=24,,,,,
server,peer_replication_merge_delta,completed,1787924144626044,178792343404851502,,7,,1787924144619879,1787924144625989,1787924144626044,,,"delta_len=61,sent_us=1787924144598284",,,,,55
server,client_mutation,completed,1787924144628191,178792343404851502,,,,1787924144624155,1787924144626099,1787924144628191,,,http_data_plane,,,,,2092
server,client_mutation,completed,1787924145126817,178792343404851502,,,,1787924145124426,1787924145124426,1787924145126817,,,http_data_plane,,,,,2391
server,peer_replication_pull_request,sent,1787924145493167,178792343404851502,,,,,,,,,connected_peers=24,,,,,
server,peer_replication_merge_delta,completed,1787924145534275,178792343404851502,,7,,1787924145528186,1787924145534228,1787924145534275,,,"delta_len=62,sent_us=1787924145519191",,,,,47
server,client_mutation,completed,1787924145626426,178792343404851502,,,,1787924145624163,1787924145624164,1787924145626426,,,http_data_plane,,,,,2262
server,peer_replication_get_delta,completed,1787924145939515,178792343404851502,178792343404855502,7,,1787924145939418,1787924145939423,1787924145939515,,,"delta_len=74,sent_us=1787924145898335",,,,,92
server,client_mutation,completed,1787924146126291,178792343404851502,,,,1787924146124147,1787924146124147,1787924146126291,,,http_data_plane,,,,,2144
server,peer_replication_pull_request,sent,1787924146493042,178792343404851502,,,,,,,,,connected_peers=24,,,,,
server,peer_replication_merge_delta,completed,1787924146599499,178792343404851502,,7,,1787924146595547,1787924146599477,1787924146599499,,,"delta_len=25,sent_us=1787924146566010",,,,,22
server,client_mutation,completed,1787924146626333,178792343404851502,,,,1787924146624159,1787924146624160,1787924146626333,,,http_data_plane,,,,,2173
server,client_mutation,completed,1787924147126406,178792343404851502,,,,1787924147124264,1787924147124265,1787924147126406,,,http_data_plane,,,,,2141
server,peer_replication_get_delta,completed,1787924147261567,178792343404851502,178792343266889003,7,,1787924147261483,1787924147261486,1787924147261567,,,"delta_len=26,sent_us=1787924147153343",,,,,81
server,peer_replication_pull_request,sent,1787924147493070,178792343404851502,,,,,,,,,connected_peers=24,,,,,
server,peer_replication_merge_delta,completed,1787924147580444,178792343404851502,,7,,1787924147575949,1787924147580415,1787924147580444,,,"delta_len=37,sent_us=1787924147565975",,,,,29
server,client_mutation,completed,1787924147626385,178792343404851502,,,,1787924147624164,1787924147624165,1787924147626385,,,http_data_plane,,,,,2220
